timestamp,AF3,T7,Pz,T8,AF4,AF3_theta,AF3_alpha,AF3_beta,T7_theta,T7_mu,T7_beta,Pz_alpha,Pz_beta,T8_theta,T8_mu,T8_beta,AF4_theta,AF4_alpha,AF4_beta
0.0,4219.487,4267.179,4168.718,4160.513,4186.154,0.18360093069568598,0.12984348594456027,0.18061962280142027,0.146726428115896,0.20581699743112006,0.16769990658720976,0.196563669020125,0.2404146893893222,0.10093133282275316,0.2000857281572889,0.2035046861083844,0.12035851885285964,0.0790792008987765,0.12609373132147064
7.8125,4220.0,4260.513,4178.462,4162.564,4181.538,0.18360093069568598,0.12984348594456027,0.18061962280142027,0.146726428115896,0.20581699743112006,0.16769990658720976,0.196563669020125,0.2404146893893222,0.10093133282275316,0.2000857281572889,0.2035046861083844,0.12035851885285964,0.0790792008987765,0.12609373132147064
15.625,4204.615,4241.026,4166.154,4152.308,4166.154,0.18360093069568598,0.12984348594456027,0.18061962280142027,0.146726428115896,0.20581699743112006,0.16769990658720976,0.196563669020125,0.2404146893893222,0.10093133282275316,0.2000857281572889,0.2035046861083844,0.12035851885285964,0.0790792008987765,0.12609373132147064
23.4375,4200.0,4240.0,4157.949,4140.513,4167.179,0.18360093069568598,0.12984348594456027,0.18061962280142027,0.146726428115896,0.20581699743112006,0.16769990658720976,0.196563669020125,0.2404146893893222,0.10093133282275316,0.2000857281572889,0.2035046861083844,0.12035851885285964,0.0790792008987765,0.12609373132147064
31.25,4205.641,4256.41,4166.154,4145.641,4170.256,0.18360093069568598,0.12984348594456027,0.18061962280142027,0.146726428115896,0.20581699743112006,0.16769990658720976,0.196563669020125,0.2404146893893222,0.10093133282275316,0.2000857281572889,0.2035046861083844,0.12035851885285964,0.0790792008987765,0.12609373132147064
39.0625,4197.949,4246.154,4158.462,4150.769,4148.718,0.18360093069568598,0.12984348594456027,0.18061962280142027,0.146726428115896,0.20581699743112006,0.16769990658720976,0.196563669020125,0.2404146893893222,0.10093133282275316,0.2000857281572889,0.2035046861083844,0.12035851885285964,0.0790792008987765,0.12609373132147064
46.875,4186.667,4223.59,4140.0,4139.487,4134.872,0.18360093069568598,0.12984348594456027,0.18061962280142027,0.146726428115896,0.20581699743112006,0.16769990658720976,0.196563669020125,0.2404146893893222,0.10093133282275316,0.2000857281572889,0.2035046861083844,0.12035851885285964,0.0790792008987765,0.12609373132147064
54.6875,4184.615,4228.205,4139.487,4129.231,4144.615,0.18360093069568598,0.12984348594456027,0.18061962280142027,0.146726428115896,0.20581699743112006,0.16769990658720976,0.196563669020125,0.2404146893893222,0.10093133282275316,0.2000857281572889,0.2035046861083844,0.12035851885285964,0.0790792008987765,0.12609373132147064
62.5,4189.231,4235.897,4144.615,4135.385,4152.308,0.18360093069568598,0.12984348594456027,0.18061962280142027,0.146726428115896,0.20581699743112006,0.16769990658720976,0.196563669020125,0.2404146893893222,0.10093133282275316,0.2000857281572889,0.2035046861083844,0.12035851885285964,0.0790792008987765,0.12609373132147064
70.3125,4205.641,4232.308,4151.795,4154.872,4158.974,0.18360093069568598,0.12984348594456027,0.18061962280142027,0.146726428115896,0.20581699743112006,0.16769990658720976,0.196563669020125,0.2404146893893222,0.10093133282275316,0.2000857281572889,0.2035046861083844,0.12035851885285964,0.0790792008987765,0.12609373132147064
78.125,4217.949,4239.487,4159.487,4167.692,4174.359,0.18360093069568598,0.12984348594456027,0.18061962280142027,0.146726428115896,0.20581699743112006,0.16769990658720976,0.196563669020125,0.2404146893893222,0.10093133282275316,0.2000857281572889,0.2035046861083844,0.12035851885285964,0.0790792008987765,0.12609373132147064
85.9375,4212.821,4245.128,4153.846,4166.154,4180.513,0.18360093069568598,0.12984348594456027,0.18061962280142027,0.146726428115896,0.20581699743112006,0.16769990658720976,0.196563669020125,0.2404146893893222,0.10093133282275316,0.2000857281572889,0.2035046861083844,0.12035851885285964,0.0790792008987765,0.12609373132147064
93.75,4215.385,4243.077,4156.923,4175.897,4177.949,0.18360093069568598,0.12984348594456027,0.18061962280142027,0.146726428115896,0.20581699743112006,0.16769990658720976,0.196563669020125,0.2404146893893222,0.10093133282275316,0.2000857281572889,0.2035046861083844,0.12035851885285964,0.0790792008987765,0.12609373132147064
101.5625,4230.769,4256.923,4182.564,4196.923,4189.231,0.18360093069568598,0.12984348594456027,0.18061962280142027,0.146726428115896,0.20581699743112006,0.16769990658720976,0.196563669020125,0.2404146893893222,0.10093133282275316,0.2000857281572889,0.2035046861083844,0.12035851885285964,0.0790792008987765,0.12609373132147064
109.375,4234.872,4266.667,4187.692,4197.436,4200.513,0.18360093069568598,0.12984348594456027,0.18061962280142027,0.146726428115896,0.20581699743112006,0.16769990658720976,0.196563669020125,0.2404146893893222,0.10093133282275316,0.2000857281572889,0.2035046861083844,0.12035851885285964,0.0790792008987765,0.12609373132147064
117.1875,4222.051,4244.615,4158.974,4173.333,4180.513,0.18360093069568598,0.12984348594456027,0.18061962280142027,0.146726428115896,0.20581699743112006,0.16769990658720976,0.196563669020125,0.2404146893893222,0.10093133282275316,0.2000857281572889,0.2035046861083844,0.12035851885285964,0.0790792008987765,0.12609373132147064
125.0,4201.538,4225.128,4134.359,4148.205,4154.359,0.18360093069568598,0.12984348594456027,0.18061962280142027,0.146726428115896,0.20581699743112006,0.16769990658720976,0.196563669020125,0.2404146893893222,0.10093133282275316,0.2000857281572889,0.2035046861083844,0.12035851885285964,0.0790792008987765,0.12609373132147064
132.8125,4195.385,4229.744,4131.795,4142.564,4161.538,0.18360093069568598,0.12984348594456027,0.18061962280142027,0.146726428115896,0.20581699743112006,0.16769990658720976,0.196563669020125,0.2404146893893222,0.10093133282275316,0.2000857281572889,0.2035046861083844,0.12035851885285964,0.0790792008987765,0.12609373132147064
140.625,4209.744,4238.462,4147.692,4151.795,4183.077,0.18360093069568598,0.12984348594456027,0.18061962280142027,0.146726428115896,0.20581699743112006,0.16769990658720976,0.196563669020125,0.2404146893893222,0.10093133282275316,0.2000857281572889,0.2035046861083844,0.12035851885285964,0.0790792008987765,0.12609373132147064
148.4375,4226.154,4240.0,4164.615,4162.051,4191.795,0.18360093069568598,0.12984348594456027,0.18061962280142027,0.146726428115896,0.20581699743112006,0.16769990658720976,0.196563669020125,0.2404146893893222,0.10093133282275316,0.2000857281572889,0.2035046861083844,0.12035851885285964,0.0790792008987765,0.12609373132147064
156.25,4234.359,4235.897,4163.59,4167.179,4186.667,0.18360093069568598,0.12984348594456027,0.18061962280142027,0.146726428115896,0.20581699743112006,0.16769990658720976,0.196563669020125,0.2404146893893222,0.10093133282275316,0.2000857281572889,0.2035046861083844,0.12035851885285964,0.0790792008987765,0.12609373132147064
164.0625,4233.333,4238.462,4148.718,4169.231,4182.051,0.18360093069568598,0.12984348594456027,0.18061962280142027,0.146726428115896,0.20581699743112006,0.16769990658720976,0.196563669020125,0.2404146893893222,0.10093133282275316,0.2000857281572889,0.2035046861083844,0.12035851885285964,0.0790792008987765,0.12609373132147064
171.875,4228.205,4248.718,4145.128,4165.641,4181.026,0.18360093069568598,0.12984348594456027,0.18061962280142027,0.146726428115896,0.20581699743112006,0.16769990658720976,0.196563669020125,0.2404146893893222,0.10093133282275316,0.2000857281572889,0.2035046861083844,0.12035851885285964,0.0790792008987765,0.12609373132147064
179.6875,4216.923,4255.385,4152.308,4160.513,4176.923,0.18360093069568598,0.12984348594456027,0.18061962280142027,0.146726428115896,0.20581699743112006,0.16769990658720976,0.196563669020125,0.2404146893893222,0.10093133282275316,0.2000857281572889,0.2035046861083844,0.12035851885285964,0.0790792008987765,0.12609373132147064
187.5,4207.179,4249.744,4149.744,4158.974,4164.103,0.18360093069568598,0.12984348594456027,0.18061962280142027,0.146726428115896,0.20581699743112006,0.16769990658720976,0.196563669020125,0.2404146893893222,0.10093133282275316,0.2000857281572889,0.2035046861083844,0.12035851885285964,0.0790792008987765,0.12609373132147064
195.3125,4206.667,4238.974,4149.744,4155.385,4156.41,0.18360093069568598,0.12984348594456027,0.18061962280142027,0.146726428115896,0.20581699743112006,0.16769990658720976,0.196563669020125,0.2404146893893222,0.10093133282275316,0.2000857281572889,0.2035046861083844,0.12035851885285964,0.0790792008987765,0.12609373132147064
203.125,4214.359,4244.103,4155.385,4162.051,4170.256,0.18360093069568598,0.12984348594456027,0.18061962280142027,0.146726428115896,0.20581699743112006,0.16769990658720976,0.196563669020125,0.2404146893893222,0.10093133282275316,0.2000857281572889,0.2035046861083844,0.12035851885285964,0.0790792008987765,0.12609373132147064
210.9375,4216.41,4248.718,4149.231,4169.231,4175.897,0.18360093069568598,0.12984348594456027,0.18061962280142027,0.146726428115896,0.20581699743112006,0.16769990658720976,0.196563669020125,0.2404146893893222,0.10093133282275316,0.2000857281572889,0.2035046861083844,0.12035851885285964,0.0790792008987765,0.12609373132147064
218.75,4209.744,4245.128,4136.41,4161.026,4164.615,0.18360093069568598,0.12984348594456027,0.18061962280142027,0.146726428115896,0.20581699743112006,0.16769990658720976,0.196563669020125,0.2404146893893222,0.10093133282275316,0.2000857281572889,0.2035046861083844,0.12035851885285964,0.0790792008987765,0.12609373132147064
226.5625,4212.821,4248.205,4143.59,4160.513,4170.256,0.18360093069568598,0.12984348594456027,0.18061962280142027,0.146726428115896,0.20581699743112006,0.16769990658720976,0.196563669020125,0.2404146893893222,0.10093133282275316,0.2000857281572889,0.2035046861083844,0.12035851885285964,0.0790792008987765,0.12609373132147064
234.375,4213.333,4251.795,4158.462,4165.641,4185.128,0.18360093069568598,0.12984348594456027,0.18061962280142027,0.146726428115896,0.20581699743112006,0.16769990658720976,0.196563669020125,0.2404146893893222,0.10093133282275316,0.2000857281572889,0.2035046861083844,0.12035851885285964,0.0790792008987765,0.12609373132147064
242.1875,4200.0,4243.59,4152.308,4155.897,4183.59,0.18360093069568598,0.12984348594456027,0.18061962280142027,0.146726428115896,0.20581699743112006,0.16769990658720976,0.196563669020125,0.2404146893893222,0.10093133282275316,0.2000857281572889,0.2035046861083844,0.12035851885285964,0.0790792008987765,0.12609373132147064
250.0,4211.282,4241.538,4155.897,4149.231,4181.538,0.18360093069568598,0.12984348594456027,0.18061962280142027,0.146726428115896,0.20581699743112006,0.16769990658720976,0.196563669020125,0.2404146893893222,0.10093133282275316,0.2000857281572889,0.2035046861083844,0.12035851885285964,0.0790792008987765,0.12609373132147064
257.8125,4260.0,4257.949,4172.308,4175.897,4207.179,0.18360093069568598,0.12984348594456027,0.18061962280142027,0.146726428115896,0.20581699743112006,0.16769990658720976,0.196563669020125,0.2404146893893222,0.10093133282275316,0.2000857281572889,0.2035046861083844,0.12035851885285964,0.0790792008987765,0.12609373132147064
265.625,4289.744,4277.949,4171.282,4195.897,4242.051,0.18360093069568598,0.12984348594456027,0.18061962280142027,0.146726428115896,0.20581699743112006,0.16769990658720976,0.196563669020125,0.2404146893893222,0.10093133282275316,0.2000857281572889,0.2035046861083844,0.12035851885285964,0.0790792008987765,0.12609373132147064
273.4375,4311.795,4279.487,4173.333,4180.0,4262.051,0.18360093069568598,0.12984348594456027,0.18061962280142027,0.146726428115896,0.20581699743112006,0.16769990658720976,0.196563669020125,0.2404146893893222,0.10093133282275316,0.2000857281572889,0.2035046861083844,0.12035851885285964,0.0790792008987765,0.12609373132147064
281.25,4369.231,4264.103,4180.0,4177.436,4290.256,0.18360093069568598,0.12984348594456027,0.18061962280142027,0.146726428115896,0.20581699743112006,0.16769990658720976,0.196563669020125,0.2404146893893222,0.10093133282275316,0.2000857281572889,0.2035046861083844,0.12035851885285964,0.0790792008987765,0.12609373132147064
289.0625,4402.051,4264.103,4158.462,4178.974,4323.59,0.18360093069568598,0.12984348594456027,0.18061962280142027,0.146726428115896,0.20581699743112006,0.16769990658720976,0.196563669020125,0.2404146893893222,0.10093133282275316,0.2000857281572889,0.2035046861083844,0.12035851885285964,0.0790792008987765,0.12609373132147064
296.875,4396.923,4280.0,4148.205,4142.564,4325.128,0.18360093069568598,0.12984348594456027,0.18061962280142027,0.146726428115896,0.20581699743112006,0.16769990658720976,0.196563669020125,0.2404146893893222,0.10093133282275316,0.2000857281572889,0.2035046861083844,0.12035851885285964,0.0790792008987765,0.12609373132147064
304.6875,4431.282,4275.897,4182.564,4121.026,4319.487,0.18360093069568598,0.12984348594456027,0.18061962280142027,0.146726428115896,0.20581699743112006,0.16769990658720976,0.196563669020125,0.2404146893893222,0.10093133282275316,0.2000857281572889,0.2035046861083844,0.12035851885285964,0.0790792008987765,0.12609373132147064
312.5,4477.436,4251.282,4184.615,4153.846,4348.718,0.18360093069568598,0.12984348594456027,0.18061962280142027,0.146726428115896,0.20581699743112006,0.16769990658720976,0.196563669020125,0.2404146893893222,0.10093133282275316,0.2000857281572889,0.2035046861083844,0.12035851885285964,0.0790792008987765,0.12609373132147064
320.3125,4465.128,4257.436,4132.308,4172.821,4379.487,0.18360093069568598,0.12984348594456027,0.18061962280142027,0.146726428115896,0.20581699743112006,0.16769990658720976,0.196563669020125,0.2404146893893222,0.10093133282275316,0.2000857281572889,0.2035046861083844,0.12035851885285964,0.0790792008987765,0.12609373132147064
328.125,4434.872,4294.359,4109.744,4151.282,4377.949,0.18360093069568598,0.12984348594456027,0.18061962280142027,0.146726428115896,0.20581699743112006,0.16769990658720976,0.196563669020125,0.2404146893893222,0.10093133282275316,0.2000857281572889,0.2035046861083844,0.12035851885285964,0.0790792008987765,0.12609373132147064
335.9375,4426.154,4300.0,4152.821,4138.462,4357.436,0.18360093069568598,0.12984348594456027,0.18061962280142027,0.146726428115896,0.20581699743112006,0.16769990658720976,0.196563669020125,0.2404146893893222,0.10093133282275316,0.2000857281572889,0.2035046861083844,0.12035851885285964,0.0790792008987765,0.12609373132147064
343.75,4424.103,4262.564,4192.308,4146.667,4332.821,0.18360093069568598,0.12984348594456027,0.18061962280142027,0.146726428115896,0.20581699743112006,0.16769990658720976,0.196563669020125,0.2404146893893222,0.10093133282275316,0.2000857281572889,0.2035046861083844,0.12035851885285964,0.0790792008987765,0.12609373132147064
351.5625,4412.821,4258.462,4162.564,4167.692,4328.205,0.18360093069568598,0.12984348594456027,0.18061962280142027,0.146726428115896,0.20581699743112006,0.16769990658720976,0.196563669020125,0.2404146893893222,0.10093133282275316,0.2000857281572889,0.2035046861083844,0.12035851885285964,0.0790792008987765,0.12609373132147064
359.375,4380.0,4294.872,4134.359,4168.718,4326.667,0.18360093069568598,0.12984348594456027,0.18061962280142027,0.146726428115896,0.20581699743112006,0.16769990658720976,0.196563669020125,0.2404146893893222,0.10093133282275316,0.2000857281572889,0.2035046861083844,0.12035851885285964,0.0790792008987765,0.12609373132147064
367.1875,4357.949,4289.744,4160.0,4149.744,4299.487,0.18360093069568598,0.12984348594456027,0.18061962280142027,0.146726428115896,0.20581699743112006,0.16769990658720976,0.196563669020125,0.2404146893893222,0.10093133282275316,0.2000857281572889,0.2035046861083844,0.12035851885285964,0.0790792008987765,0.12609373132147064
375.0,4354.872,4274.359,4174.359,4151.795,4286.154,0.18360093069568598,0.12984348594456027,0.18061962280142027,0.146726428115896,0.20581699743112006,0.16769990658720976,0.196563669020125,0.2404146893893222,0.10093133282275316,0.2000857281572889,0.2035046861083844,0.12035851885285964,0.0790792008987765,0.12609373132147064
382.8125,4334.872,4286.667,4163.59,4162.564,4284.615,0.18360093069568598,0.12984348594456027,0.18061962280142027,0.146726428115896,0.20581699743112006,0.16769990658720976,0.196563669020125,0.2404146893893222,0.10093133282275316,0.2000857281572889,0.2035046861083844,0.12035851885285964,0.0790792008987765,0.12609373132147064
390.625,4310.256,4291.795,4168.205,4163.59,4268.205,0.18360093069568598,0.12984348594456027,0.18061962280142027,0.146726428115896,0.20581699743112006,0.16769990658720976,0.196563669020125,0.2404146893893222,0.10093133282275316,0.2000857281572889,0.2035046861083844,0.12035851885285964,0.0790792008987765,0.12609373132147064
398.4375,4301.538,4286.154,4171.282,4162.051,4255.385,0.18360093069568598,0.12984348594456027,0.18061962280142027,0.146726428115896,0.20581699743112006,0.16769990658720976,0.196563669020125,0.2404146893893222,0.10093133282275316,0.2000857281572889,0.2035046861083844,0.12035851885285964,0.0790792008987765,0.12609373132147064
406.25,4282.564,4274.872,4156.41,4151.282,4247.179,0.18360093069568598,0.12984348594456027,0.18061962280142027,0.146726428115896,0.20581699743112006,0.16769990658720976,0.196563669020125,0.2404146893893222,0.10093133282275316,0.2000857281572889,0.2035046861083844,0.12035851885285964,0.0790792008987765,0.12609373132147064
414.0625,4265.128,4253.333,4163.59,4144.103,4233.846,0.18360093069568598,0.12984348594456027,0.18061962280142027,0.146726428115896,0.20581699743112006,0.16769990658720976,0.196563669020125,0.2404146893893222,0.10093133282275316,0.2000857281572889,0.2035046861083844,0.12035851885285964,0.0790792008987765,0.12609373132147064
421.875,4271.795,4252.821,4180.0,4161.026,4230.769,0.18360093069568598,0.12984348594456027,0.18061962280142027,0.146726428115896,0.20581699743112006,0.16769990658720976,0.196563669020125,0.2404146893893222,0.10093133282275316,0.2000857281572889,0.2035046861083844,0.12035851885285964,0.0790792008987765,0.12609373132147064
429.6875,4271.282,4270.769,4179.487,4171.282,4228.718,0.18360093069568598,0.12984348594456027,0.18061962280142027,0.146726428115896,0.20581699743112006,0.16769990658720976,0.196563669020125,0.2404146893893222,0.10093133282275316,0.2000857281572889,0.2035046861083844,0.12035851885285964,0.0790792008987765,0.12609373132147064
437.5,4253.846,4264.103,4166.154,4155.385,4207.692,0.18360093069568598,0.12984348594456027,0.18061962280142027,0.146726428115896,0.20581699743112006,0.16769990658720976,0.196563669020125,0.2404146893893222,0.10093133282275316,0.2000857281572889,0.2035046861083844,0.12035851885285964,0.0790792008987765,0.12609373132147064
445.3125,4245.641,4260.513,4158.462,4145.641,4201.026,0.18360093069568598,0.12984348594456027,0.18061962280142027,0.146726428115896,0.20581699743112006,0.16769990658720976,0.196563669020125,0.2404146893893222,0.10093133282275316,0.2000857281572889,0.2035046861083844,0.12035851885285964,0.0790792008987765,0.12609373132147064
453.125,4246.154,4285.128,4169.744,4151.282,4209.744,0.18360093069568598,0.12984348594456027,0.18061962280142027,0.146726428115896,0.20581699743112006,0.16769990658720976,0.196563669020125,0.2404146893893222,0.10093133282275316,0.2000857281572889,0.2035046861083844,0.12035851885285964,0.0790792008987765,0.12609373132147064
460.9375,4233.846,4288.718,4173.333,4147.692,4198.462,0.18360093069568598,0.12984348594456027,0.18061962280142027,0.146726428115896,0.20581699743112006,0.16769990658720976,0.196563669020125,0.2404146893893222,0.10093133282275316,0.2000857281572889,0.2035046861083844,0.12035851885285964,0.0790792008987765,0.12609373132147064
468.75,4216.41,4265.128,4161.538,4135.385,4178.974,0.18360093069568598,0.12984348594456027,0.18061962280142027,0.146726428115896,0.20581699743112006,0.16769990658720976,0.196563669020125,0.2404146893893222,0.10093133282275316,0.2000857281572889,0.2035046861083844,0.12035851885285964,0.0790792008987765,0.12609373132147064
476.5625,4220.513,4252.308,4160.513,4138.974,4176.41,0.18360093069568598,0.12984348594456027,0.18061962280142027,0.146726428115896,0.20581699743112006,0.16769990658720976,0.196563669020125,0.2404146893893222,0.10093133282275316,0.2000857281572889,0.2035046861083844,0.12035851885285964,0.0790792008987765,0.12609373132147064
484.375,4232.821,4264.103,4172.821,4155.897,4189.744,0.18360093069568598,0.12984348594456027,0.18061962280142027,0.146726428115896,0.20581699743112006,0.16769990658720976,0.196563669020125,0.2404146893893222,0.10093133282275316,0.2000857281572889,0.2035046861083844,0.12035851885285964,0.0790792008987765,0.12609373132147064
492.1875,4238.462,4270.769,4182.051,4167.179,4202.051,0.18360093069568598,0.12984348594456027,0.18061962280142027,0.146726428115896,0.20581699743112006,0.16769990658720976,0.196563669020125,0.2404146893893222,0.10093133282275316,0.2000857281572889,0.2035046861083844,0.12035851885285964,0.0790792008987765,0.12609373132147064
500.0,4229.231,4259.487,4175.897,4162.051,4198.462,0.18360093069568598,0.12984348594456027,0.18061962280142027,0.146726428115896,0.20581699743112006,0.16769990658720976,0.196563669020125,0.2404146893893222,0.10093133282275316,0.2000857281572889,0.2035046861083844,0.12035851885285964,0.0790792008987765,0.12609373132147064
507.8125,4216.41,4254.359,4166.667,4151.282,4181.538,0.18360093069568598,0.12984348594456027,0.18061962280142027,0.146726428115896,0.20581699743112006,0.16769990658720976,0.196563669020125,0.2404146893893222,0.10093133282275316,0.2000857281572889,0.2035046861083844,0.12035851885285964,0.0790792008987765,0.12609373132147064
515.625,4215.385,4264.615,4170.256,4148.205,4179.487,0.18360093069568598,0.12984348594456027,0.18061962280142027,0.146726428115896,0.20581699743112006,0.16769990658720976,0.196563669020125,0.2404146893893222,0.10093133282275316,0.2000857281572889,0.2035046861083844,0.12035851885285964,0.0790792008987765,0.12609373132147064
523.4375,4225.128,4271.795,4181.026,4152.308,4194.872,0.18360093069568598,0.12984348594456027,0.18061962280142027,0.146726428115896,0.20581699743112006,0.16769990658720976,0.196563669020125,0.2404146893893222,0.10093133282275316,0.2000857281572889,0.2035046861083844,0.12035851885285964,0.0790792008987765,0.12609373132147064
531.25,4231.795,4264.103,4181.538,4154.872,4192.821,0.18360093069568598,0.12984348594456027,0.18061962280142027,0.146726428115896,0.20581699743112006,0.16769990658720976,0.196563669020125,0.2404146893893222,0.10093133282275316,0.2000857281572889,0.2035046861083844,0.12035851885285964,0.0790792008987765,0.12609373132147064
539.0625,4221.538,4262.564,4172.821,4155.897,4178.462,0.18360093069568598,0.12984348594456027,0.18061962280142027,0.146726428115896,0.20581699743112006,0.16769990658720976,0.196563669020125,0.2404146893893222,0.10093133282275316,0.2000857281572889,0.2035046861083844,0.12035851885285964,0.0790792008987765,0.12609373132147064
546.875,4201.026,4263.077,4161.026,4158.974,4168.718,0.18360093069568598,0.12984348594456027,0.18061962280142027,0.146726428115896,0.20581699743112006,0.16769990658720976,0.196563669020125,0.2404146893893222,0.10093133282275316,0.2000857281572889,0.2035046861083844,0.12035851885285964,0.0790792008987765,0.12609373132147064
554.6875,4188.718,4246.667,4154.872,4149.231,4155.385,0.18360093069568598,0.12984348594456027,0.18061962280142027,0.146726428115896,0.20581699743112006,0.16769990658720976,0.196563669020125,0.2404146893893222,0.10093133282275316,0.2000857281572889,0.2035046861083844,0.12035851885285964,0.0790792008987765,0.12609373132147064
562.5,4196.923,4238.462,4155.385,4150.256,4158.462,0.18360093069568598,0.12984348594456027,0.18061962280142027,0.146726428115896,0.20581699743112006,0.16769990658720976,0.196563669020125,0.2404146893893222,0.10093133282275316,0.2000857281572889,0.2035046861083844,0.12035851885285964,0.0790792008987765,0.12609373132147064
570.3125,4208.205,4248.718,4155.385,4172.308,4180.0,0.18360093069568598,0.12984348594456027,0.18061962280142027,0.146726428115896,0.20581699743112006,0.16769990658720976,0.196563669020125,0.2404146893893222,0.10093133282275316,0.2000857281572889,0.2035046861083844,0.12035851885285964,0.0790792008987765,0.12609373132147064
578.125,4200.513,4248.205,4155.385,4169.744,4175.897,0.18360093069568598,0.12984348594456027,0.18061962280142027,0.146726428115896,0.20581699743112006,0.16769990658720976,0.196563669020125,0.2404146893893222,0.10093133282275316,0.2000857281572889,0.2035046861083844,0.12035851885285964,0.0790792008987765,0.12609373132147064
585.9375,4187.179,4243.59,4161.026,4147.692,4162.564,0.18360093069568598,0.12984348594456027,0.18061962280142027,0.146726428115896,0.20581699743112006,0.16769990658720976,0.196563669020125,0.2404146893893222,0.10093133282275316,0.2000857281572889,0.2035046861083844,0.12035851885285964,0.0790792008987765,0.12609373132147064
593.75,4169.744,4233.333,4154.872,4137.949,4159.487,0.18360093069568598,0.12984348594456027,0.18061962280142027,0.146726428115896,0.20581699743112006,0.16769990658720976,0.196563669020125,0.2404146893893222,0.10093133282275316,0.2000857281572889,0.2035046861083844,0.12035851885285964,0.0790792008987765,0.12609373132147064
601.5625,4153.846,4212.821,4136.923,4126.667,4144.615,0.18360093069568598,0.12984348594456027,0.18061962280142027,0.146726428115896,0.20581699743112006,0.16769990658720976,0.196563669020125,0.2404146893893222,0.10093133282275316,0.2000857281572889,0.2035046861083844,0.12035851885285964,0.0790792008987765,0.12609373132147064
609.375,4170.769,4224.103,4135.897,4124.615,4149.744,0.18360093069568598,0.12984348594456027,0.18061962280142027,0.146726428115896,0.20581699743112006,0.16769990658720976,0.196563669020125,0.2404146893893222,0.10093133282275316,0.2000857281572889,0.2035046861083844,0.12035851885285964,0.0790792008987765,0.12609373132147064
617.1875,4200.0,4247.179,4148.718,4142.051,4180.513,0.18360093069568598,0.12984348594456027,0.18061962280142027,0.146726428115896,0.20581699743112006,0.16769990658720976,0.196563669020125,0.2404146893893222,0.10093133282275316,0.2000857281572889,0.2035046861083844,0.12035851885285964,0.0790792008987765,0.12609373132147064
625.0,4196.41,4236.923,4152.821,4144.615,4182.564,0.18360093069568598,0.12984348594456027,0.18061962280142027,0.146726428115896,0.20581699743112006,0.16769990658720976,0.196563669020125,0.2404146893893222,0.10093133282275316,0.2000857281572889,0.2035046861083844,0.12035851885285964,0.0790792008987765,0.12609373132147064
632.8125,4195.897,4231.282,4151.795,4141.026,4173.846,0.18360093069568598,0.12984348594456027,0.18061962280142027,0.146726428115896,0.20581699743112006,0.16769990658720976,0.196563669020125,0.2404146893893222,0.10093133282275316,0.2000857281572889,0.2035046861083844,0.12035851885285964,0.0790792008987765,0.12609373132147064
640.625,4215.897,4245.641,4153.333,4147.692,4186.667,0.18360093069568598,0.12984348594456027,0.18061962280142027,0.146726428115896,0.20581699743112006,0.16769990658720976,0.196563669020125,0.2404146893893222,0.10093133282275316,0.2000857281572889,0.2035046861083844,0.12035851885285964,0.0790792008987765,0.12609373132147064
648.4375,4210.256,4245.128,4149.744,4145.128,4193.333,0.18360093069568598,0.12984348594456027,0.18061962280142027,0.146726428115896,0.20581699743112006,0.16769990658720976,0.196563669020125,0.2404146893893222,0.10093133282275316,0.2000857281572889,0.2035046861083844,0.12035851885285964,0.0790792008987765,0.12609373132147064
656.25,4193.846,4233.333,4146.667,4137.436,4181.538,0.18360093069568598,0.12984348594456027,0.18061962280142027,0.146726428115896,0.20581699743112006,0.16769990658720976,0.196563669020125,0.2404146893893222,0.10093133282275316,0.2000857281572889,0.2035046861083844,0.12035851885285964,0.0790792008987765,0.12609373132147064
664.0625,4193.846,4230.256,4143.59,4136.923,4177.436,0.18360093069568598,0.12984348594456027,0.18061962280142027,0.146726428115896,0.20581699743112006,0.16769990658720976,0.196563669020125,0.2404146893893222,0.10093133282275316,0.2000857281572889,0.2035046861083844,0.12035851885285964,0.0790792008987765,0.12609373132147064
671.875,4193.846,4230.256,4132.308,4134.872,4187.692,0.18360093069568598,0.12984348594456027,0.18061962280142027,0.146726428115896,0.20581699743112006,0.16769990658720976,0.196563669020125,0.2404146893893222,0.10093133282275316,0.2000857281572889,0.2035046861083844,0.12035851885285964,0.0790792008987765,0.12609373132147064
679.6875,4187.179,4225.641,4128.718,4125.128,4188.718,0.18360093069568598,0.12984348594456027,0.18061962280142027,0.146726428115896,0.20581699743112006,0.16769990658720976,0.196563669020125,0.2404146893893222,0.10093133282275316,0.2000857281572889,0.2035046861083844,0.12035851885285964,0.0790792008987765,0.12609373132147064
687.5,4181.538,4220.513,4133.333,4114.359,4172.821,0.18360093069568598,0.12984348594456027,0.18061962280142027,0.146726428115896,0.20581699743112006,0.16769990658720976,0.196563669020125,0.2404146893893222,0.10093133282275316,0.2000857281572889,0.2035046861083844,0.12035851885285964,0.0790792008987765,0.12609373132147064
695.3125,4179.487,4217.436,4124.615,4116.41,4164.615,0.18360093069568598,0.12984348594456027,0.18061962280142027,0.146726428115896,0.20581699743112006,0.16769990658720976,0.196563669020125,0.2404146893893222,0.10093133282275316,0.2000857281572889,0.2035046861083844,0.12035851885285964,0.0790792008987765,0.12609373132147064
703.125,4184.103,4209.231,4119.487,4128.205,4165.128,0.18360093069568598,0.12984348594456027,0.18061962280142027,0.146726428115896,0.20581699743112006,0.16769990658720976,0.196563669020125,0.2404146893893222,0.10093133282275316,0.2000857281572889,0.2035046861083844,0.12035851885285964,0.0790792008987765,0.12609373132147064
710.9375,4184.615,4207.179,4136.41,4124.103,4162.051,0.18360093069568598,0.12984348594456027,0.18061962280142027,0.146726428115896,0.20581699743112006,0.16769990658720976,0.196563669020125,0.2404146893893222,0.10093133282275316,0.2000857281572889,0.2035046861083844,0.12035851885285964,0.0790792008987765,0.12609373132147064
718.75,4173.333,4213.846,4131.282,4114.359,4164.103,0.18360093069568598,0.12984348594456027,0.18061962280142027,0.146726428115896,0.20581699743112006,0.16769990658720976,0.196563669020125,0.2404146893893222,0.10093133282275316,0.2000857281572889,0.2035046861083844,0.12035851885285964,0.0790792008987765,0.12609373132147064
726.5625,4164.103,4200.0,4098.462,4112.821,4163.59,0.18360093069568598,0.12984348594456027,0.18061962280142027,0.146726428115896,0.20581699743112006,0.16769990658720976,0.196563669020125,0.2404146893893222,0.10093133282275316,0.2000857281572889,0.2035046861083844,0.12035851885285964,0.0790792008987765,0.12609373132147064
734.375,4169.744,4187.692,4102.564,4109.744,4163.077,0.18360093069568598,0.12984348594456027,0.18061962280142027,0.146726428115896,0.20581699743112006,0.16769990658720976,0.196563669020125,0.2404146893893222,0.10093133282275316,0.2000857281572889,0.2035046861083844,0.12035851885285964,0.0790792008987765,0.12609373132147064
742.1875,4184.615,4213.333,4133.333,4116.41,4181.026,0.18360093069568598,0.12984348594456027,0.18061962280142027,0.146726428115896,0.20581699743112006,0.16769990658720976,0.196563669020125,0.2404146893893222,0.10093133282275316,0.2000857281572889,0.2035046861083844,0.12035851885285964,0.0790792008987765,0.12609373132147064
750.0,4188.205,4233.846,4131.795,4125.128,4189.231,0.18360093069568598,0.12984348594456027,0.18061962280142027,0.146726428115896,0.20581699743112006,0.16769990658720976,0.196563669020125,0.2404146893893222,0.10093133282275316,0.2000857281572889,0.2035046861083844,0.12035851885285964,0.0790792008987765,0.12609373132147064
757.8125,4183.59,4221.538,4125.641,4121.538,4172.821,0.18360093069568598,0.12984348594456027,0.18061962280142027,0.146726428115896,0.20581699743112006,0.16769990658720976,0.196563669020125,0.2404146893893222,0.10093133282275316,0.2000857281572889,0.2035046861083844,0.12035851885285964,0.0790792008987765,0.12609373132147064
765.625,4187.692,4219.487,4143.59,4118.462,4173.333,0.18360093069568598,0.12984348594456027,0.18061962280142027,0.146726428115896,0.20581699743112006,0.16769990658720976,0.196563669020125,0.2404146893893222,0.10093133282275316,0.2000857281572889,0.2035046861083844,0.12035851885285964,0.0790792008987765,0.12609373132147064
773.4375,4201.026,4232.308,4145.128,4123.59,4198.974,0.18360093069568598,0.12984348594456027,0.18061962280142027,0.146726428115896,0.20581699743112006,0.16769990658720976,0.196563669020125,0.2404146893893222,0.10093133282275316,0.2000857281572889,0.2035046861083844,0.12035851885285964,0.0790792008987765,0.12609373132147064
781.25,4204.615,4232.308,4131.795,4121.538,4198.462,0.18360093069568598,0.12984348594456027,0.18061962280142027,0.146726428115896,0.20581699743112006,0.16769990658720976,0.196563669020125,0.2404146893893222,0.10093133282275316,0.2000857281572889,0.2035046861083844,0.12035851885285964,0.0790792008987765,0.12609373132147064
789.0625,4193.846,4229.744,4133.333,4110.769,4173.846,0.18360093069568598,0.12984348594456027,0.18061962280142027,0.146726428115896,0.20581699743112006,0.16769990658720976,0.196563669020125,0.2404146893893222,0.10093133282275316,0.2000857281572889,0.2035046861083844,0.12035851885285964,0.0790792008987765,0.12609373132147064
796.875,4186.667,4226.154,4134.359,4107.692,4169.744,0.18360093069568598,0.12984348594456027,0.18061962280142027,0.146726428115896,0.20581699743112006,0.16769990658720976,0.196563669020125,0.2404146893893222,0.10093133282275316,0.2000857281572889,0.2035046861083844,0.12035851885285964,0.0790792008987765,0.12609373132147064
804.6875,4179.487,4217.436,4128.718,4102.051,4172.821,0.18360093069568598,0.12984348594456027,0.18061962280142027,0.146726428115896,0.20581699743112006,0.16769990658720976,0.196563669020125,0.2404146893893222,0.10093133282275316,0.2000857281572889,0.2035046861083844,0.12035851885285964,0.0790792008987765,0.12609373132147064
812.5,4169.744,4227.179,4136.41,4100.0,4172.308,0.18360093069568598,0.12984348594456027,0.18061962280142027,0.146726428115896,0.20581699743112006,0.16769990658720976,0.196563669020125,0.2404146893893222,0.10093133282275316,0.2000857281572889,0.2035046861083844,0.12035851885285964,0.0790792008987765,0.12609373132147064
820.3125,4176.923,4241.538,4144.615,4111.795,4177.436,0.18360093069568598,0.12984348594456027,0.18061962280142027,0.146726428115896,0.20581699743112006,0.16769990658720976,0.196563669020125,0.2404146893893222,0.10093133282275316,0.2000857281572889,0.2035046861083844,0.12035851885285964,0.0790792008987765,0.12609373132147064
828.125,4186.154,4220.0,4132.821,4107.179,4167.179,0.18360093069568598,0.12984348594456027,0.18061962280142027,0.146726428115896,0.20581699743112006,0.16769990658720976,0.196563669020125,0.2404146893893222,0.10093133282275316,0.2000857281572889,0.2035046861083844,0.12035851885285964,0.0790792008987765,0.12609373132147064
835.9375,4178.974,4210.256,4112.308,4095.897,4163.59,0.18360093069568598,0.12984348594456027,0.18061962280142027,0.146726428115896,0.20581699743112006,0.16769990658720976,0.196563669020125,0.2404146893893222,0.10093133282275316,0.2000857281572889,0.2035046861083844,0.12035851885285964,0.0790792008987765,0.12609373132147064
843.75,4182.564,4227.692,4103.59,4106.667,4187.692,0.18360093069568598,0.12984348594456027,0.18061962280142027,0.146726428115896,0.20581699743112006,0.16769990658720976,0.196563669020125,0.2404146893893222,0.10093133282275316,0.2000857281572889,0.2035046861083844,0.12035851885285964,0.0790792008987765,0.12609373132147064
851.5625,4195.897,4222.051,4107.179,4106.667,4187.692,0.18360093069568598,0.12984348594456027,0.18061962280142027,0.146726428115896,0.20581699743112006,0.16769990658720976,0.196563669020125,0.2404146893893222,0.10093133282275316,0.2000857281572889,0.2035046861083844,0.12035851885285964,0.0790792008987765,0.12609373132147064
859.375,4194.872,4217.949,4106.667,4094.359,4175.897,0.18360093069568598,0.12984348594456027,0.18061962280142027,0.146726428115896,0.20581699743112006,0.16769990658720976,0.196563669020125,0.2404146893893222,0.10093133282275316,0.2000857281572889,0.2035046861083844,0.12035851885285964,0.0790792008987765,0.12609373132147064
867.1875,4192.821,4229.744,4113.846,4103.59,4193.846,0.18360093069568598,0.12984348594456027,0.18061962280142027,0.146726428115896,0.20581699743112006,0.16769990658720976,0.196563669020125,0.2404146893893222,0.10093133282275316,0.2000857281572889,0.2035046861083844,0.12035851885285964,0.0790792008987765,0.12609373132147064
875.0,4183.077,4222.051,4136.923,4102.051,4189.744,0.18360093069568598,0.12984348594456027,0.18061962280142027,0.146726428115896,0.20581699743112006,0.16769990658720976,0.196563669020125,0.2404146893893222,0.10093133282275316,0.2000857281572889,0.2035046861083844,0.12035851885285964,0.0790792008987765,0.12609373132147064
882.8125,4167.179,4212.308,4142.564,4082.051,4163.077,0.18360093069568598,0.12984348594456027,0.18061962280142027,0.146726428115896,0.20581699743112006,0.16769990658720976,0.196563669020125,0.2404146893893222,0.10093133282275316,0.2000857281572889,0.2035046861083844,0.12035851885285964,0.0790792008987765,0.12609373132147064
890.625,4179.487,4228.718,4131.795,4094.872,4180.0,0.18360093069568598,0.12984348594456027,0.18061962280142027,0.146726428115896,0.20581699743112006,0.16769990658720976,0.196563669020125,0.2404146893893222,0.10093133282275316,0.2000857281572889,0.2035046861083844,0.12035851885285964,0.0790792008987765,0.12609373132147064
898.4375,4207.692,4248.205,4140.0,4135.385,4218.974,0.18360093069568598,0.12984348594456027,0.18061962280142027,0.146726428115896,0.20581699743112006,0.16769990658720976,0.196563669020125,0.2404146893893222,0.10093133282275316,0.2000857281572889,0.2035046861083844,0.12035851885285964,0.0790792008987765,0.12609373132147064
906.25,4212.308,4252.308,4150.256,4151.282,4222.564,0.18360093069568598,0.12984348594456027,0.18061962280142027,0.146726428115896,0.20581699743112006,0.16769990658720976,0.196563669020125,0.2404146893893222,0.10093133282275316,0.2000857281572889,0.2035046861083844,0.12035851885285964,0.0790792008987765,0.12609373132147064
914.0625,4203.077,4241.538,4142.051,4138.974,4209.231,0.18360093069568598,0.12984348594456027,0.18061962280142027,0.146726428115896,0.20581699743112006,0.16769990658720976,0.196563669020125,0.2404146893893222,0.10093133282275316,0.2000857281572889,0.2035046861083844,0.12035851885285964,0.0790792008987765,0.12609373132147064
921.875,4211.282,4234.872,4142.564,4134.872,4217.436,0.18360093069568598,0.12984348594456027,0.18061962280142027,0.146726428115896,0.20581699743112006,0.16769990658720976,0.196563669020125,0.2404146893893222,0.10093133282275316,0.2000857281572889,0.2035046861083844,0.12035851885285964,0.0790792008987765,0.12609373132147064
929.6875,4226.154,4244.615,4154.872,4147.179,4229.231,0.18360093069568598,0.12984348594456027,0.18061962280142027,0.146726428115896,0.20581699743112006,0.16769990658720976,0.196563669020125,0.2404146893893222,0.10093133282275316,0.2000857281572889,0.2035046861083844,0.12035851885285964,0.0790792008987765,0.12609373132147064
937.5,4227.692,4252.821,4151.795,4144.103,4217.949,0.18360093069568598,0.12984348594456027,0.18061962280142027,0.146726428115896,0.20581699743112006,0.16769990658720976,0.196563669020125,0.2404146893893222,0.10093133282275316,0.2000857281572889,0.2035046861083844,0.12035851885285964,0.0790792008987765,0.12609373132147064
945.3125,4225.641,4250.769,4150.769,4127.692,4204.103,0.18360093069568598,0.12984348594456027,0.18061962280142027,0.146726428115896,0.20581699743112006,0.16769990658720976,0.196563669020125,0.2404146893893222,0.10093133282275316,0.2000857281572889,0.2035046861083844,0.12035851885285964,0.0790792008987765,0.12609373132147064
953.125,4220.0,4248.718,4159.487,4123.077,4207.692,0.18360093069568598,0.12984348594456027,0.18061962280142027,0.146726428115896,0.20581699743112006,0.16769990658720976,0.196563669020125,0.2404146893893222,0.10093133282275316,0.2000857281572889,0.2035046861083844,0.12035851885285964,0.0790792008987765,0.12609373132147064
960.9375,4206.154,4240.513,4154.872,4125.641,4201.538,0.18360093069568598,0.12984348594456027,0.18061962280142027,0.146726428115896,0.20581699743112006,0.16769990658720976,0.196563669020125,0.2404146893893222,0.10093133282275316,0.2000857281572889,0.2035046861083844,0.12035851885285964,0.0790792008987765,0.12609373132147064
968.75,4201.026,4231.795,4149.231,4122.564,4182.051,0.18360093069568598,0.12984348594456027,0.18061962280142027,0.146726428115896,0.20581699743112006,0.16769990658720976,0.196563669020125,0.2404146893893222,0.10093133282275316,0.2000857281572889,0.2035046861083844,0.12035851885285964,0.0790792008987765,0.12609373132147064
976.5625,4225.641,4238.974,4156.41,4132.308,4196.923,0.18360093069568598,0.12984348594456027,0.18061962280142027,0.146726428115896,0.20581699743112006,0.16769990658720976,0.196563669020125,0.2404146893893222,0.10093133282275316,0.2000857281572889,0.2035046861083844,0.12035851885285964,0.0790792008987765,0.12609373132147064
984.375,4242.051,4244.103,4156.41,4143.59,4228.205,0.18360093069568598,0.12984348594456027,0.18061962280142027,0.146726428115896,0.20581699743112006,0.16769990658720976,0.196563669020125,0.2404146893893222,0.10093133282275316,0.2000857281572889,0.2035046861083844,0.12035851885285964,0.0790792008987765,0.12609373132147064
992.1875,4226.667,4235.897,4143.077,4136.41,4224.103,0.18360093069568598,0.12984348594456027,0.18061962280142027,0.146726428115896,0.20581699743112006,0.16769990658720976,0.196563669020125,0.2404146893893222,0.10093133282275316,0.2000857281572889,0.2035046861083844,0.12035851885285964,0.0790792008987765,0.12609373132147064
1000.0,4215.897,4226.667,4139.487,4126.154,4205.128,0.18360093069568598,0.12984348594456027,0.18061962280142027,0.146726428115896,0.20581699743112006,0.16769990658720976,0.196563669020125,0.2404146893893222,0.10093133282275316,0.2000857281572889,0.2035046861083844,0.12035851885285964,0.0790792008987765,0.12609373132147064
1007.8125,4220.513,4233.846,4147.179,4128.718,4209.231,0.18360093069568598,0.12984348594456027,0.18061962280142027,0.146726428115896,0.20581699743112006,0.16769990658720976,0.196563669020125,0.2404146893893222,0.10093133282275316,0.2000857281572889,0.2035046861083844,0.12035851885285964,0.0790792008987765,0.12609373132147064
1015.625,4230.256,4243.077,4156.41,4147.179,4219.487,0.18360093069568598,0.12984348594456027,0.18061962280142027,0.146726428115896,0.20581699743112006,0.16769990658720976,0.196563669020125,0.2404146893893222,0.10093133282275316,0.2000857281572889,0.2035046861083844,0.12035851885285964,0.0790792008987765,0.12609373132147064
1023.4375,4226.667,4233.846,4157.436,4154.359,4215.897,0.18360093069568598,0.12984348594456027,0.18061962280142027,0.146726428115896,0.20581699743112006,0.16769990658720976,0.196563669020125,0.2404146893893222,0.10093133282275316,0.2000857281572889,0.2035046861083844,0.12035851885285964,0.0790792008987765,0.12609373132147064
1031.25,4207.692,4224.615,4146.667,4141.538,4203.077,0.18360093069568598,0.12984348594456027,0.18061962280142027,0.146726428115896,0.20581699743112006,0.16769990658720976,0.196563669020125,0.2404146893893222,0.10093133282275316,0.2000857281572889,0.2035046861083844,0.12035851885285964,0.0790792008987765,0.12609373132147064
1039.0625,4194.872,4217.436,4138.974,4129.231,4181.026,0.18360093069568598,0.12984348594456027,0.18061962280142027,0.146726428115896,0.20581699743112006,0.16769990658720976,0.196563669020125,0.2404146893893222,0.10093133282275316,0.2000857281572889,0.2035046861083844,0.12035851885285964,0.0790792008987765,0.12609373132147064
1046.875,4197.949,4210.769,4129.744,4124.615,4176.923,0.18360093069568598,0.12984348594456027,0.18061962280142027,0.146726428115896,0.20581699743112006,0.16769990658720976,0.196563669020125,0.2404146893893222,0.10093133282275316,0.2000857281572889,0.2035046861083844,0.12035851885285964,0.0790792008987765,0.12609373132147064
1054.6875,4205.641,4209.231,4123.077,4126.154,4194.359,0.18360093069568598,0.12984348594456027,0.18061962280142027,0.146726428115896,0.20581699743112006,0.16769990658720976,0.196563669020125,0.2404146893893222,0.10093133282275316,0.2000857281572889,0.2035046861083844,0.12035851885285964,0.0790792008987765,0.12609373132147064
1062.5,4194.872,4210.769,4128.718,4117.436,4187.179,0.18360093069568598,0.12984348594456027,0.18061962280142027,0.146726428115896,0.20581699743112006,0.16769990658720976,0.196563669020125,0.2404146893893222,0.10093133282275316,0.2000857281572889,0.2035046861083844,0.12035851885285964,0.0790792008987765,0.12609373132147064
1070.3125,4178.974,4220.0,4130.769,4096.41,4161.026,0.18360093069568598,0.12984348594456027,0.18061962280142027,0.146726428115896,0.20581699743112006,0.16769990658720976,0.196563669020125,0.2404146893893222,0.10093133282275316,0.2000857281572889,0.2035046861083844,0.12035851885285964,0.0790792008987765,0.12609373132147064
1078.125,4179.487,4226.154,4127.692,4086.667,4154.872,0.18360093069568598,0.12984348594456027,0.18061962280142027,0.146726428115896,0.20581699743112006,0.16769990658720976,0.196563669020125,0.2404146893893222,0.10093133282275316,0.2000857281572889,0.2035046861083844,0.12035851885285964,0.0790792008987765,0.12609373132147064
1085.9375,4198.974,4227.692,4141.026,4105.128,4163.59,0.18360093069568598,0.12984348594456027,0.18061962280142027,0.146726428115896,0.20581699743112006,0.16769990658720976,0.196563669020125,0.2404146893893222,0.10093133282275316,0.2000857281572889,0.2035046861083844,0.12035851885285964,0.0790792008987765,0.12609373132147064
1093.75,4213.333,4225.641,4146.667,4127.179,4166.154,0.18360093069568598,0.12984348594456027,0.18061962280142027,0.146726428115896,0.20581699743112006,0.16769990658720976,0.196563669020125,0.2404146893893222,0.10093133282275316,0.2000857281572889,0.2035046861083844,0.12035851885285964,0.0790792008987765,0.12609373132147064
1101.5625,4208.205,4228.205,4127.692,4127.179,4169.231,0.18360093069568598,0.12984348594456027,0.18061962280142027,0.146726428115896,0.20581699743112006,0.16769990658720976,0.196563669020125,0.2404146893893222,0.10093133282275316,0.2000857281572889,0.2035046861083844,0.12035851885285964,0.0790792008987765,0.12609373132147064
1109.375,4207.692,4235.897,4117.949,4125.128,4180.513,0.18360093069568598,0.12984348594456027,0.18061962280142027,0.146726428115896,0.20581699743112006,0.16769990658720976,0.196563669020125,0.2404146893893222,0.10093133282275316,0.2000857281572889,0.2035046861083844,0.12035851885285964,0.0790792008987765,0.12609373132147064
1117.1875,4215.385,4226.667,4115.385,4120.513,4180.513,0.18360093069568598,0.12984348594456027,0.18061962280142027,0.146726428115896,0.20581699743112006,0.16769990658720976,0.196563669020125,0.2404146893893222,0.10093133282275316,0.2000857281572889,0.2035046861083844,0.12035851885285964,0.0790792008987765,0.12609373132147064
1125.0,4218.974,4210.769,4107.179,4114.359,4173.333,0.18360093069568598,0.12984348594456027,0.18061962280142027,0.146726428115896,0.20581699743112006,0.16769990658720976,0.196563669020125,0.2404146893893222,0.10093133282275316,0.2000857281572889,0.2035046861083844,0.12035851885285964,0.0790792008987765,0.12609373132147064
1132.8125,4230.256,4209.231,4113.333,4123.077,4185.128,0.18360093069568598,0.12984348594456027,0.18061962280142027,0.146726428115896,0.20581699743112006,0.16769990658720976,0.196563669020125,0.2404146893893222,0.10093133282275316,0.2000857281572889,0.2035046861083844,0.12035851885285964,0.0790792008987765,0.12609373132147064
1140.625,4231.282,4210.256,4122.564,4120.513,4189.231,0.18360093069568598,0.12984348594456027,0.18061962280142027,0.146726428115896,0.20581699743112006,0.16769990658720976,0.196563669020125,0.2404146893893222,0.10093133282275316,0.2000857281572889,0.2035046861083844,0.12035851885285964,0.0790792008987765,0.12609373132147064
1148.4375,4195.897,4196.923,4107.179,4090.769,4160.0,0.18360093069568598,0.12984348594456027,0.18061962280142027,0.146726428115896,0.20581699743112006,0.16769990658720976,0.196563669020125,0.2404146893893222,0.10093133282275316,0.2000857281572889,0.2035046861083844,0.12035851885285964,0.0790792008987765,0.12609373132147064
1156.25,4158.462,4178.974,4083.59,4061.026,4124.103,0.18360093069568598,0.12984348594456027,0.18061962280142027,0.146726428115896,0.20581699743112006,0.16769990658720976,0.196563669020125,0.2404146893893222,0.10093133282275316,0.2000857281572889,0.2035046861083844,0.12035851885285964,0.0790792008987765,0.12609373132147064
1164.0625,4147.179,4158.462,4073.333,4043.077,4105.128,0.18360093069568598,0.12984348594456027,0.18061962280142027,0.146726428115896,0.20581699743112006,0.16769990658720976,0.196563669020125,0.2404146893893222,0.10093133282275316,0.2000857281572889,0.2035046861083844,0.12035851885285964,0.0790792008987765,0.12609373132147064
1171.875,4150.769,4156.41,4083.59,4038.974,4116.41,0.18360093069568598,0.12984348594456027,0.18061962280142027,0.146726428115896,0.20581699743112006,0.16769990658720976,0.196563669020125,0.2404146893893222,0.10093133282275316,0.2000857281572889,0.2035046861083844,0.12035851885285964,0.0790792008987765,0.12609373132147064
1179.6875,4179.487,4189.231,4115.385,4067.179,4153.846,0.18360093069568598,0.12984348594456027,0.18061962280142027,0.146726428115896,0.20581699743112006,0.16769990658720976,0.196563669020125,0.2404146893893222,0.10093133282275316,0.2000857281572889,0.2035046861083844,0.12035851885285964,0.0790792008987765,0.12609373132147064
1187.5,4223.077,4223.59,4144.615,4105.128,4177.949,0.18360093069568598,0.12984348594456027,0.18061962280142027,0.146726428115896,0.20581699743112006,0.16769990658720976,0.196563669020125,0.2404146893893222,0.10093133282275316,0.2000857281572889,0.2035046861083844,0.12035851885285964,0.0790792008987765,0.12609373132147064
1195.3125,4226.667,4231.282,4145.128,4117.949,4180.513,0.18360093069568598,0.12984348594456027,0.18061962280142027,0.146726428115896,0.20581699743112006,0.16769990658720976,0.196563669020125,0.2404146893893222,0.10093133282275316,0.2000857281572889,0.2035046861083844,0.12035851885285964,0.0790792008987765,0.12609373132147064
1203.125,4203.59,4219.487,4128.205,4119.487,4185.128,0.18360093069568598,0.12984348594456027,0.18061962280142027,0.146726428115896,0.20581699743112006,0.16769990658720976,0.196563669020125,0.2404146893893222,0.10093133282275316,0.2000857281572889,0.2035046861083844,0.12035851885285964,0.0790792008987765,0.12609373132147064
1210.9375,4212.308,4215.385,4123.077,4128.205,4191.795,0.18360093069568598,0.12984348594456027,0.18061962280142027,0.146726428115896,0.20581699743112006,0.16769990658720976,0.196563669020125,0.2404146893893222,0.10093133282275316,0.2000857281572889,0.2035046861083844,0.12035851885285964,0.0790792008987765,0.12609373132147064
1218.75,4239.487,4232.308,4138.462,4142.564,4198.462,0.18360093069568598,0.12984348594456027,0.18061962280142027,0.146726428115896,0.20581699743112006,0.16769990658720976,0.196563669020125,0.2404146893893222,0.10093133282275316,0.2000857281572889,0.2035046861083844,0.12035851885285964,0.0790792008987765,0.12609373132147064
1226.5625,4234.359,4232.308,4143.077,4145.641,4198.974,0.18360093069568598,0.12984348594456027,0.18061962280142027,0.146726428115896,0.20581699743112006,0.16769990658720976,0.196563669020125,0.2404146893893222,0.10093133282275316,0.2000857281572889,0.2035046861083844,0.12035851885285964,0.0790792008987765,0.12609373132147064
1234.375,4210.256,4210.769,4119.487,4130.256,4183.077,0.18360093069568598,0.12984348594456027,0.18061962280142027,0.146726428115896,0.20581699743112006,0.16769990658720976,0.196563669020125,0.2404146893893222,0.10093133282275316,0.2000857281572889,0.2035046861083844,0.12035851885285964,0.0790792008987765,0.12609373132147064
1242.1875,4209.744,4209.744,4098.974,4113.333,4181.538,0.18360093069568598,0.12984348594456027,0.18061962280142027,0.146726428115896,0.20581699743112006,0.16769990658720976,0.196563669020125,0.2404146893893222,0.10093133282275316,0.2000857281572889,0.2035046861083844,0.12035851885285964,0.0790792008987765,0.12609373132147064
1250.0,4223.59,4216.923,4098.462,4111.795,4194.872,0.18360093069568598,0.12984348594456027,0.18061962280142027,0.146726428115896,0.20581699743112006,0.16769990658720976,0.196563669020125,0.2404146893893222,0.10093133282275316,0.2000857281572889,0.2035046861083844,0.12035851885285964,0.0790792008987765,0.12609373132147064
1257.8125,4231.282,4217.949,4116.923,4119.487,4200.513,0.18360093069568598,0.12984348594456027,0.18061962280142027,0.146726428115896,0.20581699743112006,0.16769990658720976,0.196563669020125,0.2404146893893222,0.10093133282275316,0.2000857281572889,0.2035046861083844,0.12035851885285964,0.0790792008987765,0.12609373132147064
1265.625,4243.077,4229.744,4143.59,4128.718,4206.667,0.18360093069568598,0.12984348594456027,0.18061962280142027,0.146726428115896,0.20581699743112006,0.16769990658720976,0.196563669020125,0.2404146893893222,0.10093133282275316,0.2000857281572889,0.2035046861083844,0.12035851885285964,0.0790792008987765,0.12609373132147064
1273.4375,4247.179,4233.846,4152.308,4125.641,4200.513,0.18360093069568598,0.12984348594456027,0.18061962280142027,0.146726428115896,0.20581699743112006,0.16769990658720976,0.196563669020125,0.2404146893893222,0.10093133282275316,0.2000857281572889,0.2035046861083844,0.12035851885285964,0.0790792008987765,0.12609373132147064
1281.25,4237.436,4228.718,4138.974,4117.436,4191.282,0.18360093069568598,0.12984348594456027,0.18061962280142027,0.146726428115896,0.20581699743112006,0.16769990658720976,0.196563669020125,0.2404146893893222,0.10093133282275316,0.2000857281572889,0.2035046861083844,0.12035851885285964,0.0790792008987765,0.12609373132147064
1289.0625,4237.949,4233.333,4136.923,4123.59,4202.564,0.18360093069568598,0.12984348594456027,0.18061962280142027,0.146726428115896,0.20581699743112006,0.16769990658720976,0.196563669020125,0.2404146893893222,0.10093133282275316,0.2000857281572889,0.2035046861083844,0.12035851885285964,0.0790792008987765,0.12609373132147064
1296.875,4240.513,4236.923,4145.641,4131.282,4215.385,0.18360093069568598,0.12984348594456027,0.18061962280142027,0.146726428115896,0.20581699743112006,0.16769990658720976,0.196563669020125,0.2404146893893222,0.10093133282275316,0.2000857281572889,0.2035046861083844,0.12035851885285964,0.0790792008987765,0.12609373132147064
1304.6875,4229.744,4225.641,4140.513,4128.718,4205.641,0.18360093069568598,0.12984348594456027,0.18061962280142027,0.146726428115896,0.20581699743112006,0.16769990658720976,0.196563669020125,0.2404146893893222,0.10093133282275316,0.2000857281572889,0.2035046861083844,0.12035851885285964,0.0790792008987765,0.12609373132147064
1312.5,4225.641,4225.641,4142.051,4133.846,4202.051,0.18360093069568598,0.12984348594456027,0.18061962280142027,0.146726428115896,0.20581699743112006,0.16769990658720976,0.196563669020125,0.2404146893893222,0.10093133282275316,0.2000857281572889,0.2035046861083844,0.12035851885285964,0.0790792008987765,0.12609373132147064
1320.3125,4236.41,4241.026,4157.949,4147.692,4214.359,0.18360093069568598,0.12984348594456027,0.18061962280142027,0.146726428115896,0.20581699743112006,0.16769990658720976,0.196563669020125,0.2404146893893222,0.10093133282275316,0.2000857281572889,0.2035046861083844,0.12035851885285964,0.0790792008987765,0.12609373132147064
1328.125,4238.974,4243.59,4162.564,4151.795,4220.513,0.18360093069568598,0.12984348594456027,0.18061962280142027,0.146726428115896,0.20581699743112006,0.16769990658720976,0.196563669020125,0.2404146893893222,0.10093133282275316,0.2000857281572889,0.2035046861083844,0.12035851885285964,0.0790792008987765,0.12609373132147064
1335.9375,4228.205,4230.256,4145.128,4151.795,4214.872,0.18360093069568598,0.12984348594456027,0.18061962280142027,0.146726428115896,0.20581699743112006,0.16769990658720976,0.196563669020125,0.2404146893893222,0.10093133282275316,0.2000857281572889,0.2035046861083844,0.12035851885285964,0.0790792008987765,0.12609373132147064
1343.75,4225.128,4227.692,4133.333,4154.359,4208.205,0.18360093069568598,0.12984348594456027,0.18061962280142027,0.146726428115896,0.20581699743112006,0.16769990658720976,0.196563669020125,0.2404146893893222,0.10093133282275316,0.2000857281572889,0.2035046861083844,0.12035851885285964,0.0790792008987765,0.12609373132147064
1351.5625,4225.641,4233.846,4127.179,4144.615,4210.256,0.18360093069568598,0.12984348594456027,0.18061962280142027,0.146726428115896,0.20581699743112006,0.16769990658720976,0.196563669020125,0.2404146893893222,0.10093133282275316,0.2000857281572889,0.2035046861083844,0.12035851885285964,0.0790792008987765,0.12609373132147064
1359.375,4213.333,4214.359,4112.308,4118.974,4198.974,0.18360093069568598,0.12984348594456027,0.18061962280142027,0.146726428115896,0.20581699743112006,0.16769990658720976,0.196563669020125,0.2404146893893222,0.10093133282275316,0.2000857281572889,0.2035046861083844,0.12035851885285964,0.0790792008987765,0.12609373132147064
1367.1875,4202.564,4201.538,4112.308,4103.59,4186.154,0.18360093069568598,0.12984348594456027,0.18061962280142027,0.146726428115896,0.20581699743112006,0.16769990658720976,0.196563669020125,0.2404146893893222,0.10093133282275316,0.2000857281572889,0.2035046861083844,0.12035851885285964,0.0790792008987765,0.12609373132147064
1375.0,4210.769,4219.487,4120.0,4104.615,4207.692,0.18360093069568598,0.12984348594456027,0.18061962280142027,0.146726428115896,0.20581699743112006,0.16769990658720976,0.196563669020125,0.2404146893893222,0.10093133282275316,0.2000857281572889,0.2035046861083844,0.12035851885285964,0.0790792008987765,0.12609373132147064
1382.8125,4219.487,4220.513,4120.0,4100.0,4226.154,0.18360093069568598,0.12984348594456027,0.18061962280142027,0.146726428115896,0.20581699743112006,0.16769990658720976,0.196563669020125,0.2404146893893222,0.10093133282275316,0.2000857281572889,0.2035046861083844,0.12035851885285964,0.0790792008987765,0.12609373132147064
1390.625,4220.0,4207.692,4129.744,4097.436,4216.923,0.18360093069568598,0.12984348594456027,0.18061962280142027,0.146726428115896,0.20581699743112006,0.16769990658720976,0.196563669020125,0.2404146893893222,0.10093133282275316,0.2000857281572889,0.2035046861083844,0.12035851885285964,0.0790792008987765,0.12609373132147064
1398.4375,4228.205,4216.41,4146.667,4120.0,4220.513,0.18360093069568598,0.12984348594456027,0.18061962280142027,0.146726428115896,0.20581699743112006,0.16769990658720976,0.196563669020125,0.2404146893893222,0.10093133282275316,0.2000857281572889,0.2035046861083844,0.12035851885285964,0.0790792008987765,0.12609373132147064
1406.25,4237.436,4225.641,4151.282,4148.205,4237.949,0.18360093069568598,0.12984348594456027,0.18061962280142027,0.146726428115896,0.20581699743112006,0.16769990658720976,0.196563669020125,0.2404146893893222,0.10093133282275316,0.2000857281572889,0.2035046861083844,0.12035851885285964,0.0790792008987765,0.12609373132147064
1414.0625,4236.41,4229.231,4147.179,4156.923,4240.513,0.18360093069568598,0.12984348594456027,0.18061962280142027,0.146726428115896,0.20581699743112006,0.16769990658720976,0.196563669020125,0.2404146893893222,0.10093133282275316,0.2000857281572889,0.2035046861083844,0.12035851885285964,0.0790792008987765,0.12609373132147064
1421.875,4237.436,4247.179,4157.436,4158.462,4235.897,0.18360093069568598,0.12984348594456027,0.18061962280142027,0.146726428115896,0.20581699743112006,0.16769990658720976,0.196563669020125,0.2404146893893222,0.10093133282275316,0.2000857281572889,0.2035046861083844,0.12035851885285964,0.0790792008987765,0.12609373132147064
1429.6875,4246.667,4254.872,4175.385,4163.077,4237.436,0.18360093069568598,0.12984348594456027,0.18061962280142027,0.146726428115896,0.20581699743112006,0.16769990658720976,0.196563669020125,0.2404146893893222,0.10093133282275316,0.2000857281572889,0.2035046861083844,0.12035851885285964,0.0790792008987765,0.12609373132147064
1437.5,4240.0,4242.051,4178.974,4155.385,4229.744,0.18360093069568598,0.12984348594456027,0.18061962280142027,0.146726428115896,0.20581699743112006,0.16769990658720976,0.196563669020125,0.2404146893893222,0.10093133282275316,0.2000857281572889,0.2035046861083844,0.12035851885285964,0.0790792008987765,0.12609373132147064
1445.3125,4224.103,4236.923,4170.256,4140.513,4213.846,0.18360093069568598,0.12984348594456027,0.18061962280142027,0.146726428115896,0.20581699743112006,0.16769990658720976,0.196563669020125,0.2404146893893222,0.10093133282275316,0.2000857281572889,0.2035046861083844,0.12035851885285964,0.0790792008987765,0.12609373132147064
1453.125,4228.205,4237.949,4163.077,4140.0,4210.769,0.18360093069568598,0.12984348594456027,0.18061962280142027,0.146726428115896,0.20581699743112006,0.16769990658720976,0.196563669020125,0.2404146893893222,0.10093133282275316,0.2000857281572889,0.2035046861083844,0.12035851885285964,0.0790792008987765,0.12609373132147064
1460.9375,4241.538,4234.872,4160.513,4150.769,4224.615,0.18360093069568598,0.12984348594456027,0.18061962280142027,0.146726428115896,0.20581699743112006,0.16769990658720976,0.196563669020125,0.2404146893893222,0.10093133282275316,0.2000857281572889,0.2035046861083844,0.12035851885285964,0.0790792008987765,0.12609373132147064
1468.75,4240.0,4232.821,4157.949,4156.923,4230.256,0.18360093069568598,0.12984348594456027,0.18061962280142027,0.146726428115896,0.20581699743112006,0.16769990658720976,0.196563669020125,0.2404146893893222,0.10093133282275316,0.2000857281572889,0.2035046861083844,0.12035851885285964,0.0790792008987765,0.12609373132147064
1476.5625,4234.872,4220.0,4155.897,4151.795,4216.923,0.18360093069568598,0.12984348594456027,0.18061962280142027,0.146726428115896,0.20581699743112006,0.16769990658720976,0.196563669020125,0.2404146893893222,0.10093133282275316,0.2000857281572889,0.2035046861083844,0.12035851885285964,0.0790792008987765,0.12609373132147064
1484.375,4232.821,4206.154,4148.718,4141.538,4213.846,0.18360093069568598,0.12984348594456027,0.18061962280142027,0.146726428115896,0.20581699743112006,0.16769990658720976,0.196563669020125,0.2404146893893222,0.10093133282275316,0.2000857281572889,0.2035046861083844,0.12035851885285964,0.0790792008987765,0.12609373132147064
1492.1875,4227.692,4210.769,4134.872,4135.385,4228.718,0.18360093069568598,0.12984348594456027,0.18061962280142027,0.146726428115896,0.20581699743112006,0.16769990658720976,0.196563669020125,0.2404146893893222,0.10093133282275316,0.2000857281572889,0.2035046861083844,0.12035851885285964,0.0790792008987765,0.12609373132147064
1500.0,4223.59,4224.103,4129.231,4130.256,4230.769,0.18360093069568598,0.12984348594456027,0.18061962280142027,0.146726428115896,0.20581699743112006,0.16769990658720976,0.196563669020125,0.2404146893893222,0.10093133282275316,0.2000857281572889,0.2035046861083844,0.12035851885285964,0.0790792008987765,0.12609373132147064
1507.8125,4218.462,4220.0,4130.769,4119.487,4217.949,0.18360093069568598,0.12984348594456027,0.18061962280142027,0.146726428115896,0.20581699743112006,0.16769990658720976,0.196563669020125,0.2404146893893222,0.10093133282275316,0.2000857281572889,0.2035046861083844,0.12035851885285964,0.0790792008987765,0.12609373132147064
1515.625,4209.744,4202.564,4131.795,4116.41,4206.154,0.18360093069568598,0.12984348594456027,0.18061962280142027,0.146726428115896,0.20581699743112006,0.16769990658720976,0.196563669020125,0.2404146893893222,0.10093133282275316,0.2000857281572889,0.2035046861083844,0.12035851885285964,0.0790792008987765,0.12609373132147064
1523.4375,4207.179,4199.487,4136.923,4128.718,4200.513,0.18360093069568598,0.12984348594456027,0.18061962280142027,0.146726428115896,0.20581699743112006,0.16769990658720976,0.196563669020125,0.2404146893893222,0.10093133282275316,0.2000857281572889,0.2035046861083844,0.12035851885285964,0.0790792008987765,0.12609373132147064
1531.25,4194.872,4200.513,4128.205,4131.282,4186.667,0.18360093069568598,0.12984348594456027,0.18061962280142027,0.146726428115896,0.20581699743112006,0.16769990658720976,0.196563669020125,0.2404146893893222,0.10093133282275316,0.2000857281572889,0.2035046861083844,0.12035851885285964,0.0790792008987765,0.12609373132147064
1539.0625,4180.513,4192.821,4111.795,4122.051,4170.769,0.18360093069568598,0.12984348594456027,0.18061962280142027,0.146726428115896,0.20581699743112006,0.16769990658720976,0.196563669020125,0.2404146893893222,0.10093133282275316,0.2000857281572889,0.2035046861083844,0.12035851885285964,0.0790792008987765,0.12609373132147064
1546.875,4196.923,4194.359,4129.744,4128.718,4176.923,0.18360093069568598,0.12984348594456027,0.18061962280142027,0.146726428115896,0.20581699743112006,0.16769990658720976,0.196563669020125,0.2404146893893222,0.10093133282275316,0.2000857281572889,0.2035046861083844,0.12035851885285964,0.0790792008987765,0.12609373132147064
1554.6875,4213.333,4208.205,4155.385,4141.026,4197.949,0.18360093069568598,0.12984348594456027,0.18061962280142027,0.146726428115896,0.20581699743112006,0.16769990658720976,0.196563669020125,0.2404146893893222,0.10093133282275316,0.2000857281572889,0.2035046861083844,0.12035851885285964,0.0790792008987765,0.12609373132147064
1562.5,4205.128,4206.667,4141.538,4130.769,4197.436,0.18360093069568598,0.12984348594456027,0.18061962280142027,0.146726428115896,0.20581699743112006,0.16769990658720976,0.196563669020125,0.2404146893893222,0.10093133282275316,0.2000857281572889,0.2035046861083844,0.12035851885285964,0.0790792008987765,0.12609373132147064
1570.3125,4202.564,4191.282,4128.718,4110.769,4181.026,0.18360093069568598,0.12984348594456027,0.18061962280142027,0.146726428115896,0.20581699743112006,0.16769990658720976,0.196563669020125,0.2404146893893222,0.10093133282275316,0.2000857281572889,0.2035046861083844,0.12035851885285964,0.0790792008987765,0.12609373132147064
1578.125,4212.308,4192.308,4138.462,4121.538,4190.256,0.18360093069568598,0.12984348594456027,0.18061962280142027,0.146726428115896,0.20581699743112006,0.16769990658720976,0.196563669020125,0.2404146893893222,0.10093133282275316,0.2000857281572889,0.2035046861083844,0.12035851885285964,0.0790792008987765,0.12609373132147064
1585.9375,4214.359,4203.077,4136.41,4140.513,4205.641,0.18360093069568598,0.12984348594456027,0.18061962280142027,0.146726428115896,0.20581699743112006,0.16769990658720976,0.196563669020125,0.2404146893893222,0.10093133282275316,0.2000857281572889,0.2035046861083844,0.12035851885285964,0.0790792008987765,0.12609373132147064
1593.75,4206.667,4209.231,4127.179,4131.795,4197.436,0.18360093069568598,0.12984348594456027,0.18061962280142027,0.146726428115896,0.20581699743112006,0.16769990658720976,0.196563669020125,0.2404146893893222,0.10093133282275316,0.2000857281572889,0.2035046861083844,0.12035851885285964,0.0790792008987765,0.12609373132147064
1601.5625,4206.667,4208.205,4129.231,4122.564,4191.282,0.18360093069568598,0.12984348594456027,0.18061962280142027,0.146726428115896,0.20581699743112006,0.16769990658720976,0.196563669020125,0.2404146893893222,0.10093133282275316,0.2000857281572889,0.2035046861083844,0.12035851885285964,0.0790792008987765,0.12609373132147064
1609.375,4211.282,4205.641,4130.256,4127.692,4191.795,0.18360093069568598,0.12984348594456027,0.18061962280142027,0.146726428115896,0.20581699743112006,0.16769990658720976,0.196563669020125,0.2404146893893222,0.10093133282275316,0.2000857281572889,0.2035046861083844,0.12035851885285964,0.0790792008987765,0.12609373132147064
1617.1875,4208.205,4213.846,4127.179,4125.128,4193.333,0.18360093069568598,0.12984348594456027,0.18061962280142027,0.146726428115896,0.20581699743112006,0.16769990658720976,0.196563669020125,0.2404146893893222,0.10093133282275316,0.2000857281572889,0.2035046861083844,0.12035851885285964,0.0790792008987765,0.12609373132147064
1625.0,4210.256,4219.487,4130.769,4123.59,4217.436,0.18360093069568598,0.12984348594456027,0.18061962280142027,0.146726428115896,0.20581699743112006,0.16769990658720976,0.196563669020125,0.2404146893893222,0.10093133282275316,0.2000857281572889,0.2035046861083844,0.12035851885285964,0.0790792008987765,0.12609373132147064
1632.8125,4227.179,4218.974,4147.179,4137.949,4253.333,0.18360093069568598,0.12984348594456027,0.18061962280142027,0.146726428115896,0.20581699743112006,0.16769990658720976,0.196563669020125,0.2404146893893222,0.10093133282275316,0.2000857281572889,0.2035046861083844,0.12035851885285964,0.0790792008987765,0.12609373132147064
1640.625,4241.026,4219.487,4171.282,4147.179,4262.051,0.18360093069568598,0.12984348594456027,0.18061962280142027,0.146726428115896,0.20581699743112006,0.16769990658720976,0.196563669020125,0.2404146893893222,0.10093133282275316,0.2000857281572889,0.2035046861083844,0.12035851885285964,0.0790792008987765,0.12609373132147064
1648.4375,4238.974,4216.41,4179.487,4148.205,4257.949,0.18360093069568598,0.12984348594456027,0.18061962280142027,0.146726428115896,0.20581699743112006,0.16769990658720976,0.196563669020125,0.2404146893893222,0.10093133282275316,0.2000857281572889,0.2035046861083844,0.12035851885285964,0.0790792008987765,0.12609373132147064
1656.25,4235.385,4198.974,4167.179,4157.436,4266.667,0.18360093069568598,0.12984348594456027,0.18061962280142027,0.146726428115896,0.20581699743112006,0.16769990658720976,0.196563669020125,0.2404146893893222,0.10093133282275316,0.2000857281572889,0.2035046861083844,0.12035851885285964,0.0790792008987765,0.12609373132147064
1664.0625,4225.128,4182.051,4139.487,4157.949,4265.641,0.18360093069568598,0.12984348594456027,0.18061962280142027,0.146726428115896,0.20581699743112006,0.16769990658720976,0.196563669020125,0.2404146893893222,0.10093133282275316,0.2000857281572889,0.2035046861083844,0.12035851885285964,0.0790792008987765,0.12609373132147064
1671.875,4207.692,4173.846,4107.179,4141.026,4242.564,0.18360093069568598,0.12984348594456027,0.18061962280142027,0.146726428115896,0.20581699743112006,0.16769990658720976,0.196563669020125,0.2404146893893222,0.10093133282275316,0.2000857281572889,0.2035046861083844,0.12035851885285964,0.0790792008987765,0.12609373132147064
1679.6875,4195.385,4168.718,4095.385,4123.077,4221.026,0.18360093069568598,0.12984348594456027,0.18061962280142027,0.146726428115896,0.20581699743112006,0.16769990658720976,0.196563669020125,0.2404146893893222,0.10093133282275316,0.2000857281572889,0.2035046861083844,0.12035851885285964,0.0790792008987765,0.12609373132147064
1687.5,4196.923,4176.41,4106.667,4129.744,4226.154,0.18360093069568598,0.12984348594456027,0.18061962280142027,0.146726428115896,0.20581699743112006,0.16769990658720976,0.196563669020125,0.2404146893893222,0.10093133282275316,0.2000857281572889,0.2035046861083844,0.12035851885285964,0.0790792008987765,0.12609373132147064
1695.3125,4217.436,4194.872,4126.667,4156.41,4240.513,0.18360093069568598,0.12984348594456027,0.18061962280142027,0.146726428115896,0.20581699743112006,0.16769990658720976,0.196563669020125,0.2404146893893222,0.10093133282275316,0.2000857281572889,0.2035046861083844,0.12035851885285964,0.0790792008987765,0.12609373132147064
1703.125,4234.359,4200.0,4141.026,4171.282,4245.128,0.18360093069568598,0.12984348594456027,0.18061962280142027,0.146726428115896,0.20581699743112006,0.16769990658720976,0.196563669020125,0.2404146893893222,0.10093133282275316,0.2000857281572889,0.2035046861083844,0.12035851885285964,0.0790792008987765,0.12609373132147064
1710.9375,4242.051,4196.41,4152.308,4181.538,4262.564,0.18360093069568598,0.12984348594456027,0.18061962280142027,0.146726428115896,0.20581699743112006,0.16769990658720976,0.196563669020125,0.2404146893893222,0.10093133282275316,0.2000857281572889,0.2035046861083844,0.12035851885285964,0.0790792008987765,0.12609373132147064
1718.75,4250.256,4210.769,4162.051,4192.821,4291.282,0.18360093069568598,0.12984348594456027,0.18061962280142027,0.146726428115896,0.20581699743112006,0.16769990658720976,0.196563669020125,0.2404146893893222,0.10093133282275316,0.2000857281572889,0.2035046861083844,0.12035851885285964,0.0790792008987765,0.12609373132147064
1726.5625,4256.41,4222.564,4168.718,4185.641,4298.974,0.18360093069568598,0.12984348594456027,0.18061962280142027,0.146726428115896,0.20581699743112006,0.16769990658720976,0.196563669020125,0.2404146893893222,0.10093133282275316,0.2000857281572889,0.2035046861083844,0.12035851885285964,0.0790792008987765,0.12609373132147064
1734.375,4256.41,4216.41,4165.641,4167.179,4279.487,0.18360093069568598,0.12984348594456027,0.18061962280142027,0.146726428115896,0.20581699743112006,0.16769990658720976,0.196563669020125,0.2404146893893222,0.10093133282275316,0.2000857281572889,0.2035046861083844,0.12035851885285964,0.0790792008987765,0.12609373132147064
1742.1875,4251.282,4211.795,4153.846,4154.872,4257.949,0.18360093069568598,0.12984348594456027,0.18061962280142027,0.146726428115896,0.20581699743112006,0.16769990658720976,0.196563669020125,0.2404146893893222,0.10093133282275316,0.2000857281572889,0.2035046861083844,0.12035851885285964,0.0790792008987765,0.12609373132147064
1750.0,4236.923,4204.615,4143.077,4146.154,4245.641,0.18360093069568598,0.12984348594456027,0.18061962280142027,0.146726428115896,0.20581699743112006,0.16769990658720976,0.196563669020125,0.2404146893893222,0.10093133282275316,0.2000857281572889,0.2035046861083844,0.12035851885285964,0.0790792008987765,0.12609373132147064
1757.8125,4227.692,4192.821,4135.897,4145.128,4241.026,0.18360093069568598,0.12984348594456027,0.18061962280142027,0.146726428115896,0.20581699743112006,0.16769990658720976,0.196563669020125,0.2404146893893222,0.10093133282275316,0.2000857281572889,0.2035046861083844,0.12035851885285964,0.0790792008987765,0.12609373132147064
1765.625,4235.897,4190.769,4138.974,4158.974,4242.564,0.18360093069568598,0.12984348594456027,0.18061962280142027,0.146726428115896,0.20581699743112006,0.16769990658720976,0.196563669020125,0.2404146893893222,0.10093133282275316,0.2000857281572889,0.2035046861083844,0.12035851885285964,0.0790792008987765,0.12609373132147064
1773.4375,4240.513,4200.513,4143.59,4175.897,4251.795,0.18360093069568598,0.12984348594456027,0.18061962280142027,0.146726428115896,0.20581699743112006,0.16769990658720976,0.196563669020125,0.2404146893893222,0.10093133282275316,0.2000857281572889,0.2035046861083844,0.12035851885285964,0.0790792008987765,0.12609373132147064
1781.25,4241.026,4202.051,4145.641,4183.59,4263.59,0.18360093069568598,0.12984348594456027,0.18061962280142027,0.146726428115896,0.20581699743112006,0.16769990658720976,0.196563669020125,0.2404146893893222,0.10093133282275316,0.2000857281572889,0.2035046861083844,0.12035851885285964,0.0790792008987765,0.12609373132147064
1789.0625,4251.282,4196.41,4158.974,4193.333,4281.026,0.18360093069568598,0.12984348594456027,0.18061962280142027,0.146726428115896,0.20581699743112006,0.16769990658720976,0.196563669020125,0.2404146893893222,0.10093133282275316,0.2000857281572889,0.2035046861083844,0.12035851885285964,0.0790792008987765,0.12609373132147064
1796.875,4256.41,4194.359,4177.949,4201.026,4291.282,0.18360093069568598,0.12984348594456027,0.18061962280142027,0.146726428115896,0.20581699743112006,0.16769990658720976,0.196563669020125,0.2404146893893222,0.10093133282275316,0.2000857281572889,0.2035046861083844,0.12035851885285964,0.0790792008987765,0.12609373132147064
1804.6875,4255.385,4206.667,4179.487,4187.692,4281.538,0.18360093069568598,0.12984348594456027,0.18061962280142027,0.146726428115896,0.20581699743112006,0.16769990658720976,0.196563669020125,0.2404146893893222,0.10093133282275316,0.2000857281572889,0.2035046861083844,0.12035851885285964,0.0790792008987765,0.12609373132147064
1812.5,4269.744,4223.59,4179.487,4164.615,4264.615,0.18360093069568598,0.12984348594456027,0.18061962280142027,0.146726428115896,0.20581699743112006,0.16769990658720976,0.196563669020125,0.2404146893893222,0.10093133282275316,0.2000857281572889,0.2035046861083844,0.12035851885285964,0.0790792008987765,0.12609373132147064
1820.3125,4286.667,4229.231,4182.051,4156.41,4256.923,0.18360093069568598,0.12984348594456027,0.18061962280142027,0.146726428115896,0.20581699743112006,0.16769990658720976,0.196563669020125,0.2404146893893222,0.10093133282275316,0.2000857281572889,0.2035046861083844,0.12035851885285964,0.0790792008987765,0.12609373132147064
1828.125,4289.231,4235.385,4176.923,4145.641,4245.641,0.18360093069568598,0.12984348594456027,0.18061962280142027,0.146726428115896,0.20581699743112006,0.16769990658720976,0.196563669020125,0.2404146893893222,0.10093133282275316,0.2000857281572889,0.2035046861083844,0.12035851885285964,0.0790792008987765,0.12609373132147064
1835.9375,4287.179,4237.949,4172.308,4131.795,4226.154,0.18360093069568598,0.12984348594456027,0.18061962280142027,0.146726428115896,0.20581699743112006,0.16769990658720976,0.196563669020125,0.2404146893893222,0.10093133282275316,0.2000857281572889,0.2035046861083844,0.12035851885285964,0.0790792008987765,0.12609373132147064
1843.75,4268.718,4225.641,4161.538,4130.769,4214.359,0.18360093069568598,0.12984348594456027,0.18061962280142027,0.146726428115896,0.20581699743112006,0.16769990658720976,0.196563669020125,0.2404146893893222,0.10093133282275316,0.2000857281572889,0.2035046861083844,0.12035851885285964,0.0790792008987765,0.12609373132147064
1851.5625,4241.026,4212.308,4145.128,4126.154,4205.641,0.18360093069568598,0.12984348594456027,0.18061962280142027,0.146726428115896,0.20581699743112006,0.16769990658720976,0.196563669020125,0.2404146893893222,0.10093133282275316,0.2000857281572889,0.2035046861083844,0.12035851885285964,0.0790792008987765,0.12609373132147064
1859.375,4231.282,4213.333,4137.949,4112.821,4196.923,0.18360093069568598,0.12984348594456027,0.18061962280142027,0.146726428115896,0.20581699743112006,0.16769990658720976,0.196563669020125,0.2404146893893222,0.10093133282275316,0.2000857281572889,0.2035046861083844,0.12035851885285964,0.0790792008987765,0.12609373132147064
1867.1875,4236.41,4220.0,4140.0,4119.487,4199.487,0.18360093069568598,0.12984348594456027,0.18061962280142027,0.146726428115896,0.20581699743112006,0.16769990658720976,0.196563669020125,0.2404146893893222,0.10093133282275316,0.2000857281572889,0.2035046861083844,0.12035851885285964,0.0790792008987765,0.12609373132147064
1875.0,4237.436,4214.359,4135.897,4136.923,4203.077,0.18360093069568598,0.12984348594456027,0.18061962280142027,0.146726428115896,0.20581699743112006,0.16769990658720976,0.196563669020125,0.2404146893893222,0.10093133282275316,0.2000857281572889,0.2035046861083844,0.12035851885285964,0.0790792008987765,0.12609373132147064
1882.8125,4241.538,4210.256,4136.41,4145.128,4207.179,0.18360093069568598,0.12984348594456027,0.18061962280142027,0.146726428115896,0.20581699743112006,0.16769990658720976,0.196563669020125,0.2404146893893222,0.10093133282275316,0.2000857281572889,0.2035046861083844,0.12035851885285964,0.0790792008987765,0.12609373132147064
1890.625,4258.974,4218.974,4157.436,4151.282,4212.308,0.18360093069568598,0.12984348594456027,0.18061962280142027,0.146726428115896,0.20581699743112006,0.16769990658720976,0.196563669020125,0.2404146893893222,0.10093133282275316,0.2000857281572889,0.2035046861083844,0.12035851885285964,0.0790792008987765,0.12609373132147064
1898.4375,4244.103,4211.795,4152.308,4130.769,4191.795,0.18360093069568598,0.12984348594456027,0.18061962280142027,0.146726428115896,0.20581699743112006,0.16769990658720976,0.196563669020125,0.2404146893893222,0.10093133282275316,0.2000857281572889,0.2035046861083844,0.12035851885285964,0.0790792008987765,0.12609373132147064
1906.25,4197.436,4175.897,4113.333,4087.692,4158.462,0.18360093069568598,0.12984348594456027,0.18061962280142027,0.146726428115896,0.20581699743112006,0.16769990658720976,0.196563669020125,0.2404146893893222,0.10093133282275316,0.2000857281572889,0.2035046861083844,0.12035851885285964,0.0790792008987765,0.12609373132147064
1914.0625,4205.128,4173.846,4124.615,4089.744,4173.333,0.18360093069568598,0.12984348594456027,0.18061962280142027,0.146726428115896,0.20581699743112006,0.16769990658720976,0.196563669020125,0.2404146893893222,0.10093133282275316,0.2000857281572889,0.2035046861083844,0.12035851885285964,0.0790792008987765,0.12609373132147064
1921.875,4268.718,4218.462,4184.615,4141.538,4221.538,0.18360093069568598,0.12984348594456027,0.18061962280142027,0.146726428115896,0.20581699743112006,0.16769990658720976,0.196563669020125,0.2404146893893222,0.10093133282275316,0.2000857281572889,0.2035046861083844,0.12035851885285964,0.0790792008987765,0.12609373132147064
1929.6875,4291.795,4241.026,4203.077,4167.692,4242.564,0.18360093069568598,0.12984348594456027,0.18061962280142027,0.146726428115896,0.20581699743112006,0.16769990658720976,0.196563669020125,0.2404146893893222,0.10093133282275316,0.2000857281572889,0.2035046861083844,0.12035851885285964,0.0790792008987765,0.12609373132147064
1937.5,4276.41,4229.744,4184.615,4160.513,4244.615,0.18360093069568598,0.12984348594456027,0.18061962280142027,0.146726428115896,0.20581699743112006,0.16769990658720976,0.196563669020125,0.2404146893893222,0.10093133282275316,0.2000857281572889,0.2035046861083844,0.12035851885285964,0.0790792008987765,0.12609373132147064
1945.3125,4272.821,4227.179,4171.282,4156.41,4244.103,0.18360093069568598,0.12984348594456027,0.18061962280142027,0.146726428115896,0.20581699743112006,0.16769990658720976,0.196563669020125,0.2404146893893222,0.10093133282275316,0.2000857281572889,0.2035046861083844,0.12035851885285964,0.0790792008987765,0.12609373132147064
1953.125,4255.897,4235.897,4152.821,4143.077,4223.077,0.18360093069568598,0.12984348594456027,0.18061962280142027,0.146726428115896,0.20581699743112006,0.16769990658720976,0.196563669020125,0.2404146893893222,0.10093133282275316,0.2000857281572889,0.2035046861083844,0.12035851885285964,0.0790792008987765,0.12609373132147064
1960.9375,4235.385,4235.897,4148.205,4131.282,4211.795,0.18360093069568598,0.12984348594456027,0.18061962280142027,0.146726428115896,0.20581699743112006,0.16769990658720976,0.196563669020125,0.2404146893893222,0.10093133282275316,0.2000857281572889,0.2035046861083844,0.12035851885285964,0.0790792008987765,0.12609373132147064
1968.75,4245.128,4231.282,4166.667,4147.179,4234.872,0.18360093069568598,0.12984348594456027,0.18061962280142027,0.146726428115896,0.20581699743112006,0.16769990658720976,0.196563669020125,0.2404146893893222,0.10093133282275316,0.2000857281572889,0.2035046861083844,0.12035851885285964,0.0790792008987765,0.12609373132147064
1976.5625,4262.051,4228.718,4173.333,4170.256,4261.538,0.18360093069568598,0.12984348594456027,0.18061962280142027,0.146726428115896,0.20581699743112006,0.16769990658720976,0.196563669020125,0.2404146893893222,0.10093133282275316,0.2000857281572889,0.2035046861083844,0.12035851885285964,0.0790792008987765,0.12609373132147064
1984.375,4262.564,4222.051,4170.769,4177.949,4282.051,0.18360093069568598,0.12984348594456027,0.18061962280142027,0.146726428115896,0.20581699743112006,0.16769990658720976,0.196563669020125,0.2404146893893222,0.10093133282275316,0.2000857281572889,0.2035046861083844,0.12035851885285964,0.0790792008987765,0.12609373132147064
1992.1875,4261.026,4205.641,4172.821,4176.41,4296.923,0.18360093069568598,0.12984348594456027,0.18061962280142027,0.146726428115896,0.20581699743112006,0.16769990658720976,0.196563669020125,0.2404146893893222,0.10093133282275316,0.2000857281572889,0.2035046861083844,0.12035851885285964,0.0790792008987765,0.12609373132147064
2000.0,4270.256,4205.128,4175.897,4186.154,4311.795,0.18360093069568598,0.12984348594456027,0.18061962280142027,0.146726428115896,0.20581699743112006,0.16769990658720976,0.196563669020125,0.2404146893893222,0.10093133282275316,0.2000857281572889,0.2035046861083844,0.12035851885285964,0.0790792008987765,0.12609373132147064
2007.8125,4283.077,4218.974,4188.718,4202.564,4327.179,0.18360093069568598,0.12984348594456027,0.18061962280142027,0.146726428115896,0.20581699743112006,0.16769990658720976,0.196563669020125,0.2404146893893222,0.10093133282275316,0.2000857281572889,0.2035046861083844,0.12035851885285964,0.0790792008987765,0.12609373132147064
2015.625,4281.538,4216.923,4196.923,4206.667,4330.256,0.18360093069568598,0.12984348594456027,0.18061962280142027,0.146726428115896,0.20581699743112006,0.16769990658720976,0.196563669020125,0.2404146893893222,0.10093133282275316,0.2000857281572889,0.2035046861083844,0.12035851885285964,0.0790792008987765,0.12609373132147064
2023.4375,4272.308,4210.769,4196.923,4202.564,4323.59,0.18360093069568598,0.12984348594456027,0.18061962280142027,0.146726428115896,0.20581699743112006,0.16769990658720976,0.196563669020125,0.2404146893893222,0.10093133282275316,0.2000857281572889,0.2035046861083844,0.12035851885285964,0.0790792008987765,0.12609373132147064
2031.25,4274.872,4221.538,4202.051,4204.615,4322.564,0.18360093069568598,0.12984348594456027,0.18061962280142027,0.146726428115896,0.20581699743112006,0.16769990658720976,0.196563669020125,0.2404146893893222,0.10093133282275316,0.2000857281572889,0.2035046861083844,0.12035851885285964,0.0790792008987765,0.12609373132147064
2039.0625,4264.103,4222.051,4197.949,4191.795,4315.897,0.18360093069568598,0.12984348594456027,0.18061962280142027,0.146726428115896,0.20581699743112006,0.16769990658720976,0.196563669020125,0.2404146893893222,0.10093133282275316,0.2000857281572889,0.2035046861083844,0.12035851885285964,0.0790792008987765,0.12609373132147064
2046.875,4240.0,4208.718,4185.641,4176.41,4297.949,0.18360093069568598,0.12984348594456027,0.18061962280142027,0.146726428115896,0.20581699743112006,0.16769990658720976,0.196563669020125,0.2404146893893222,0.10093133282275316,0.2000857281572889,0.2035046861083844,0.12035851885285964,0.0790792008987765,0.12609373132147064
2054.6875,4234.872,4207.179,4177.949,4173.333,4287.692,0.18360093069568598,0.12984348594456027,0.18061962280142027,0.146726428115896,0.20581699743112006,0.16769990658720976,0.196563669020125,0.2404146893893222,0.10093133282275316,0.2000857281572889,0.2035046861083844,0.12035851885285964,0.0790792008987765,0.12609373132147064
2062.5,4234.359,4205.641,4172.308,4168.205,4286.154,0.18360093069568598,0.12984348594456027,0.18061962280142027,0.146726428115896,0.20581699743112006,0.16769990658720976,0.196563669020125,0.2404146893893222,0.10093133282275316,0.2000857281572889,0.2035046861083844,0.12035851885285964,0.0790792008987765,0.12609373132147064
2070.3125,4227.692,4196.923,4165.641,4167.692,4286.667,0.18360093069568598,0.12984348594456027,0.18061962280142027,0.146726428115896,0.20581699743112006,0.16769990658720976,0.196563669020125,0.2404146893893222,0.10093133282275316,0.2000857281572889,0.2035046861083844,0.12035851885285964,0.0790792008987765,0.12609373132147064
2078.125,4230.256,4192.308,4163.077,4174.872,4286.154,0.18360093069568598,0.12984348594456027,0.18061962280142027,0.146726428115896,0.20581699743112006,0.16769990658720976,0.196563669020125,0.2404146893893222,0.10093133282275316,0.2000857281572889,0.2035046861083844,0.12035851885285964,0.0790792008987765,0.12609373132147064
2085.9375,4235.385,4193.333,4166.154,4170.769,4276.41,0.18360093069568598,0.12984348594456027,0.18061962280142027,0.146726428115896,0.20581699743112006,0.16769990658720976,0.196563669020125,0.2404146893893222,0.10093133282275316,0.2000857281572889,0.2035046861083844,0.12035851885285964,0.0790792008987765,0.12609373132147064
2093.75,4229.231,4201.538,4164.615,4167.692,4272.308,0.18360093069568598,0.12984348594456027,0.18061962280142027,0.146726428115896,0.20581699743112006,0.16769990658720976,0.196563669020125,0.2404146893893222,0.10093133282275316,0.2000857281572889,0.2035046861083844,0.12035851885285964,0.0790792008987765,0.12609373132147064
2101.5625,4229.744,4211.795,4172.308,4182.051,4276.41,0.18360093069568598,0.12984348594456027,0.18061962280142027,0.146726428115896,0.20581699743112006,0.16769990658720976,0.196563669020125,0.2404146893893222,0.10093133282275316,0.2000857281572889,0.2035046861083844,0.12035851885285964,0.0790792008987765,0.12609373132147064
2109.375,4241.538,4217.436,4183.077,4196.41,4287.179,0.18360093069568598,0.12984348594456027,0.18061962280142027,0.146726428115896,0.20581699743112006,0.16769990658720976,0.196563669020125,0.2404146893893222,0.10093133282275316,0.2000857281572889,0.2035046861083844,0.12035851885285964,0.0790792008987765,0.12609373132147064
2117.1875,4243.59,4214.872,4180.513,4193.846,4289.744,0.18360093069568598,0.12984348594456027,0.18061962280142027,0.146726428115896,0.20581699743112006,0.16769990658720976,0.196563669020125,0.2404146893893222,0.10093133282275316,0.2000857281572889,0.2035046861083844,0.12035851885285964,0.0790792008987765,0.12609373132147064
2125.0,4244.615,4210.769,4168.205,4190.256,4286.154,0.18360093069568598,0.12984348594456027,0.18061962280142027,0.146726428115896,0.20581699743112006,0.16769990658720976,0.196563669020125,0.2404146893893222,0.10093133282275316,0.2000857281572889,0.2035046861083844,0.12035851885285964,0.0790792008987765,0.12609373132147064
2132.8125,4258.462,4213.333,4174.872,4194.359,4298.974,0.18360093069568598,0.12984348594456027,0.18061962280142027,0.146726428115896,0.20581699743112006,0.16769990658720976,0.196563669020125,0.2404146893893222,0.10093133282275316,0.2000857281572889,0.2035046861083844,0.12035851885285964,0.0790792008987765,0.12609373132147064
2140.625,4267.179,4211.282,4187.692,4192.821,4306.154,0.18360093069568598,0.12984348594456027,0.18061962280142027,0.146726428115896,0.20581699743112006,0.16769990658720976,0.196563669020125,0.2404146893893222,0.10093133282275316,0.2000857281572889,0.2035046861083844,0.12035851885285964,0.0790792008987765,0.12609373132147064
2148.4375,4254.872,4202.051,4174.872,4173.333,4283.59,0.18360093069568598,0.12984348594456027,0.18061962280142027,0.146726428115896,0.20581699743112006,0.16769990658720976,0.196563669020125,0.2404146893893222,0.10093133282275316,0.2000857281572889,0.2035046861083844,0.12035851885285964,0.0790792008987765,0.12609373132147064
2156.25,4251.282,4204.615,4160.513,4162.051,4274.359,0.18360093069568598,0.12984348594456027,0.18061962280142027,0.146726428115896,0.20581699743112006,0.16769990658720976,0.196563669020125,0.2404146893893222,0.10093133282275316,0.2000857281572889,0.2035046861083844,0.12035851885285964,0.0790792008987765,0.12609373132147064
2164.0625,4255.897,4215.897,4163.59,4166.667,4287.692,0.18360093069568598,0.12984348594456027,0.18061962280142027,0.146726428115896,0.20581699743112006,0.16769990658720976,0.196563669020125,0.2404146893893222,0.10093133282275316,0.2000857281572889,0.2035046861083844,0.12035851885285964,0.0790792008987765,0.12609373132147064
2171.875,4250.769,4214.872,4162.564,4170.769,4285.128,0.18360093069568598,0.12984348594456027,0.18061962280142027,0.146726428115896,0.20581699743112006,0.16769990658720976,0.196563669020125,0.2404146893893222,0.10093133282275316,0.2000857281572889,0.2035046861083844,0.12035851885285964,0.0790792008987765,0.12609373132147064
2179.6875,4244.615,4214.872,4161.026,4172.308,4280.0,0.18360093069568598,0.12984348594456027,0.18061962280142027,0.146726428115896,0.20581699743112006,0.16769990658720976,0.196563669020125,0.2404146893893222,0.10093133282275316,0.2000857281572889,0.2035046861083844,0.12035851885285964,0.0790792008987765,0.12609373132147064
2187.5,4240.0,4216.41,4168.205,4173.846,4278.462,0.18360093069568598,0.12984348594456027,0.18061962280142027,0.146726428115896,0.20581699743112006,0.16769990658720976,0.196563669020125,0.2404146893893222,0.10093133282275316,0.2000857281572889,0.2035046861083844,0.12035851885285964,0.0790792008987765,0.12609373132147064
2195.3125,4230.769,4207.179,4171.282,4168.718,4262.051,0.18360093069568598,0.12984348594456027,0.18061962280142027,0.146726428115896,0.20581699743112006,0.16769990658720976,0.196563669020125,0.2404146893893222,0.10093133282275316,0.2000857281572889,0.2035046861083844,0.12035851885285964,0.0790792008987765,0.12609373132147064
2203.125,4221.026,4199.487,4164.103,4162.051,4248.205,0.18360093069568598,0.12984348594456027,0.18061962280142027,0.146726428115896,0.20581699743112006,0.16769990658720976,0.196563669020125,0.2404146893893222,0.10093133282275316,0.2000857281572889,0.2035046861083844,0.12035851885285964,0.0790792008987765,0.12609373132147064
2210.9375,4215.385,4189.231,4153.333,4159.487,4243.59,0.18360093069568598,0.12984348594456027,0.18061962280142027,0.146726428115896,0.20581699743112006,0.16769990658720976,0.196563669020125,0.2404146893893222,0.10093133282275316,0.2000857281572889,0.2035046861083844,0.12035851885285964,0.0790792008987765,0.12609373132147064
2218.75,4208.718,4178.974,4140.0,4151.795,4238.462,0.18360093069568598,0.12984348594456027,0.18061962280142027,0.146726428115896,0.20581699743112006,0.16769990658720976,0.196563669020125,0.2404146893893222,0.10093133282275316,0.2000857281572889,0.2035046861083844,0.12035851885285964,0.0790792008987765,0.12609373132147064
2226.5625,4199.487,4174.872,4136.923,4137.436,4236.923,0.18360093069568598,0.12984348594456027,0.18061962280142027,0.146726428115896,0.20581699743112006,0.16769990658720976,0.196563669020125,0.2404146893893222,0.10093133282275316,0.2000857281572889,0.2035046861083844,0.12035851885285964,0.0790792008987765,0.12609373132147064
2234.375,4185.128,4168.205,4137.436,4121.026,4227.692,0.18360093069568598,0.12984348594456027,0.18061962280142027,0.146726428115896,0.20581699743112006,0.16769990658720976,0.196563669020125,0.2404146893893222,0.10093133282275316,0.2000857281572889,0.2035046861083844,0.12035851885285964,0.0790792008987765,0.12609373132147064
2242.1875,4171.795,4162.564,4127.179,4108.718,4212.821,0.18360093069568598,0.12984348594456027,0.18061962280142027,0.146726428115896,0.20581699743112006,0.16769990658720976,0.196563669020125,0.2404146893893222,0.10093133282275316,0.2000857281572889,0.2035046861083844,0.12035851885285964,0.0790792008987765,0.12609373132147064
2250.0,4189.744,4173.333,4129.744,4123.59,4228.205,0.18360093069568598,0.12984348594456027,0.18061962280142027,0.146726428115896,0.20581699743112006,0.16769990658720976,0.196563669020125,0.2404146893893222,0.10093133282275316,0.2000857281572889,0.2035046861083844,0.12035851885285964,0.0790792008987765,0.12609373132147064
2257.8125,4220.0,4195.385,4150.256,4149.744,4256.41,0.18360093069568598,0.12984348594456027,0.18061962280142027,0.146726428115896,0.20581699743112006,0.16769990658720976,0.196563669020125,0.2404146893893222,0.10093133282275316,0.2000857281572889,0.2035046861083844,0.12035851885285964,0.0790792008987765,0.12609373132147064
2265.625,4224.103,4206.667,4155.385,4154.359,4257.436,0.18360093069568598,0.12984348594456027,0.18061962280142027,0.146726428115896,0.20581699743112006,0.16769990658720976,0.196563669020125,0.2404146893893222,0.10093133282275316,0.2000857281572889,0.2035046861083844,0.12035851885285964,0.0790792008987765,0.12609373132147064
2273.4375,4217.436,4204.103,4150.769,4146.154,4252.308,0.18360093069568598,0.12984348594456027,0.18061962280142027,0.146726428115896,0.20581699743112006,0.16769990658720976,0.196563669020125,0.2404146893893222,0.10093133282275316,0.2000857281572889,0.2035046861083844,0.12035851885285964,0.0790792008987765,0.12609373132147064
2281.25,4233.846,4201.026,4156.41,4157.436,4267.179,0.18360093069568598,0.12984348594456027,0.18061962280142027,0.146726428115896,0.20581699743112006,0.16769990658720976,0.196563669020125,0.2404146893893222,0.10093133282275316,0.2000857281572889,0.2035046861083844,0.12035851885285964,0.0790792008987765,0.12609373132147064
2289.0625,4236.41,4206.154,4151.282,4163.077,4261.538,0.18360093069568598,0.12984348594456027,0.18061962280142027,0.146726428115896,0.20581699743112006,0.16769990658720976,0.196563669020125,0.2404146893893222,0.10093133282275316,0.2000857281572889,0.2035046861083844,0.12035851885285964,0.0790792008987765,0.12609373132147064
2296.875,4209.231,4207.179,4135.385,4149.231,4239.487,0.18360093069568598,0.12984348594456027,0.18061962280142027,0.146726428115896,0.20581699743112006,0.16769990658720976,0.196563669020125,0.2404146893893222,0.10093133282275316,0.2000857281572889,0.2035046861083844,0.12035851885285964,0.0790792008987765,0.12609373132147064
2304.6875,4211.795,4198.462,4141.026,4151.282,4252.821,0.18360093069568598,0.12984348594456027,0.18061962280142027,0.146726428115896,0.20581699743112006,0.16769990658720976,0.196563669020125,0.2404146893893222,0.10093133282275316,0.2000857281572889,0.2035046861083844,0.12035851885285964,0.0790792008987765,0.12609373132147064
2312.5,4236.923,4198.974,4151.795,4160.0,4277.949,0.18360093069568598,0.12984348594456027,0.18061962280142027,0.146726428115896,0.20581699743112006,0.16769990658720976,0.196563669020125,0.2404146893893222,0.10093133282275316,0.2000857281572889,0.2035046861083844,0.12035851885285964,0.0790792008987765,0.12609373132147064
2320.3125,4244.615,4196.41,4145.128,4156.41,4282.051,0.18360093069568598,0.12984348594456027,0.18061962280142027,0.146726428115896,0.20581699743112006,0.16769990658720976,0.196563669020125,0.2404146893893222,0.10093133282275316,0.2000857281572889,0.2035046861083844,0.12035851885285964,0.0790792008987765,0.12609373132147064
2328.125,4243.59,4184.103,4137.436,4152.821,4286.667,0.18360093069568598,0.12984348594456027,0.18061962280142027,0.146726428115896,0.20581699743112006,0.16769990658720976,0.196563669020125,0.2404146893893222,0.10093133282275316,0.2000857281572889,0.2035046861083844,0.12035851885285964,0.0790792008987765,0.12609373132147064
2335.9375,4246.667,4180.513,4134.359,4151.795,4296.923,0.18360093069568598,0.12984348594456027,0.18061962280142027,0.146726428115896,0.20581699743112006,0.16769990658720976,0.196563669020125,0.2404146893893222,0.10093133282275316,0.2000857281572889,0.2035046861083844,0.12035851885285964,0.0790792008987765,0.12609373132147064
2343.75,4241.026,4186.154,4134.359,4142.564,4291.282,0.18360093069568598,0.12984348594456027,0.18061962280142027,0.146726428115896,0.20581699743112006,0.16769990658720976,0.196563669020125,0.2404146893893222,0.10093133282275316,0.2000857281572889,0.2035046861083844,0.12035851885285964,0.0790792008987765,0.12609373132147064
2351.5625,4241.026,4192.308,4138.974,4144.103,4293.846,0.18360093069568598,0.12984348594456027,0.18061962280142027,0.146726428115896,0.20581699743112006,0.16769990658720976,0.196563669020125,0.2404146893893222,0.10093133282275316,0.2000857281572889,0.2035046861083844,0.12035851885285964,0.0790792008987765,0.12609373132147064
2359.375,4250.256,4200.513,4145.641,4154.872,4309.744,0.18360093069568598,0.12984348594456027,0.18061962280142027,0.146726428115896,0.20581699743112006,0.16769990658720976,0.196563669020125,0.2404146893893222,0.10093133282275316,0.2000857281572889,0.2035046861083844,0.12035851885285964,0.0790792008987765,0.12609373132147064
2367.1875,4240.0,4196.41,4141.538,4146.667,4295.897,0.18360093069568598,0.12984348594456027,0.18061962280142027,0.146726428115896,0.20581699743112006,0.16769990658720976,0.196563669020125,0.2404146893893222,0.10093133282275316,0.2000857281572889,0.2035046861083844,0.12035851885285964,0.0790792008987765,0.12609373132147064
2375.0,4225.641,4180.513,4137.949,4138.462,4266.667,0.18360093069568598,0.12984348594456027,0.18061962280142027,0.146726428115896,0.20581699743112006,0.16769990658720976,0.196563669020125,0.2404146893893222,0.10093133282275316,0.2000857281572889,0.2035046861083844,0.12035851885285964,0.0790792008987765,0.12609373132147064
2382.8125,4225.641,4178.974,4146.667,4151.795,4261.026,0.18360093069568598,0.12984348594456027,0.18061962280142027,0.146726428115896,0.20581699743112006,0.16769990658720976,0.196563669020125,0.2404146893893222,0.10093133282275316,0.2000857281572889,0.2035046861083844,0.12035851885285964,0.0790792008987765,0.12609373132147064
2390.625,4232.821,4189.231,4151.795,4166.667,4273.846,0.18360093069568598,0.12984348594456027,0.18061962280142027,0.146726428115896,0.20581699743112006,0.16769990658720976,0.196563669020125,0.2404146893893222,0.10093133282275316,0.2000857281572889,0.2035046861083844,0.12035851885285964,0.0790792008987765,0.12609373132147064
2398.4375,4237.436,4197.436,4143.077,4168.718,4282.051,0.18360093069568598,0.12984348594456027,0.18061962280142027,0.146726428115896,0.20581699743112006,0.16769990658720976,0.196563669020125,0.2404146893893222,0.10093133282275316,0.2000857281572889,0.2035046861083844,0.12035851885285964,0.0790792008987765,0.12609373132147064
2406.25,4236.923,4196.923,4137.436,4161.026,4280.0,0.18360093069568598,0.12984348594456027,0.18061962280142027,0.146726428115896,0.20581699743112006,0.16769990658720976,0.196563669020125,0.2404146893893222,0.10093133282275316,0.2000857281572889,0.2035046861083844,0.12035851885285964,0.0790792008987765,0.12609373132147064
2414.0625,4231.795,4193.333,4145.128,4150.256,4280.513,0.18360093069568598,0.12984348594456027,0.18061962280142027,0.146726428115896,0.20581699743112006,0.16769990658720976,0.196563669020125,0.2404146893893222,0.10093133282275316,0.2000857281572889,0.2035046861083844,0.12035851885285964,0.0790792008987765,0.12609373132147064
2421.875,4228.718,4195.385,4145.641,4148.718,4276.923,0.18360093069568598,0.12984348594456027,0.18061962280142027,0.146726428115896,0.20581699743112006,0.16769990658720976,0.196563669020125,0.2404146893893222,0.10093133282275316,0.2000857281572889,0.2035046861083844,0.12035851885285964,0.0790792008987765,0.12609373132147064
2429.6875,4236.41,4200.0,4138.974,4155.897,4265.641,0.18360093069568598,0.12984348594456027,0.18061962280142027,0.146726428115896,0.20581699743112006,0.16769990658720976,0.196563669020125,0.2404146893893222,0.10093133282275316,0.2000857281572889,0.2035046861083844,0.12035851885285964,0.0790792008987765,0.12609373132147064
2437.5,4246.667,4204.103,4137.949,4162.051,4267.692,0.18360093069568598,0.12984348594456027,0.18061962280142027,0.146726428115896,0.20581699743112006,0.16769990658720976,0.196563669020125,0.2404146893893222,0.10093133282275316,0.2000857281572889,0.2035046861083844,0.12035851885285964,0.0790792008987765,0.12609373132147064
2445.3125,4246.154,4197.949,4136.41,4157.436,4277.436,0.18360093069568598,0.12984348594456027,0.18061962280142027,0.146726428115896,0.20581699743112006,0.16769990658720976,0.196563669020125,0.2404146893893222,0.10093133282275316,0.2000857281572889,0.2035046861083844,0.12035851885285964,0.0790792008987765,0.12609373132147064
2453.125,4229.744,4186.154,4127.179,4142.564,4268.718,0.18360093069568598,0.12984348594456027,0.18061962280142027,0.146726428115896,0.20581699743112006,0.16769990658720976,0.196563669020125,0.2404146893893222,0.10093133282275316,0.2000857281572889,0.2035046861083844,0.12035851885285964,0.0790792008987765,0.12609373132147064
2460.9375,4219.487,4182.564,4127.179,4134.359,4251.282,0.18360093069568598,0.12984348594456027,0.18061962280142027,0.146726428115896,0.20581699743112006,0.16769990658720976,0.196563669020125,0.2404146893893222,0.10093133282275316,0.2000857281572889,0.2035046861083844,0.12035851885285964,0.0790792008987765,0.12609373132147064
2468.75,4226.667,4191.795,4137.436,4135.385,4248.718,0.18360093069568598,0.12984348594456027,0.18061962280142027,0.146726428115896,0.20581699743112006,0.16769990658720976,0.196563669020125,0.2404146893893222,0.10093133282275316,0.2000857281572889,0.2035046861083844,0.12035851885285964,0.0790792008987765,0.12609373132147064
2476.5625,4231.795,4203.59,4138.462,4141.026,4260.0,0.18360093069568598,0.12984348594456027,0.18061962280142027,0.146726428115896,0.20581699743112006,0.16769990658720976,0.196563669020125,0.2404146893893222,0.10093133282275316,0.2000857281572889,0.2035046861083844,0.12035851885285964,0.0790792008987765,0.12609373132147064
2484.375,4244.103,4223.077,4147.692,4155.897,4280.513,0.18360093069568598,0.12984348594456027,0.18061962280142027,0.146726428115896,0.20581699743112006,0.16769990658720976,0.196563669020125,0.2404146893893222,0.10093133282275316,0.2000857281572889,0.2035046861083844,0.12035851885285964,0.0790792008987765,0.12609373132147064
2492.1875,4254.872,4238.462,4154.872,4160.513,4286.667,0.18360093069568598,0.12984348594456027,0.18061962280142027,0.146726428115896,0.20581699743112006,0.16769990658720976,0.196563669020125,0.2404146893893222,0.10093133282275316,0.2000857281572889,0.2035046861083844,0.12035851885285964,0.0790792008987765,0.12609373132147064
2500.0,4244.615,4225.128,4143.59,4138.462,4267.692,0.18360093069568598,0.12984348594456027,0.18061962280142027,0.146726428115896,0.20581699743112006,0.16769990658720976,0.196563669020125,0.2404146893893222,0.10093133282275316,0.2000857281572889,0.2035046861083844,0.12035851885285964,0.0790792008987765,0.12609373132147064
2507.8125,4235.385,4215.897,4147.692,4126.667,4256.41,0.18360093069568598,0.12984348594456027,0.18061962280142027,0.146726428115896,0.20581699743112006,0.16769990658720976,0.196563669020125,0.2404146893893222,0.10093133282275316,0.2000857281572889,0.2035046861083844,0.12035851885285964,0.0790792008987765,0.12609373132147064
2515.625,4241.026,4222.564,4156.41,4141.026,4260.513,0.18360093069568598,0.12984348594456027,0.18061962280142027,0.146726428115896,0.20581699743112006,0.16769990658720976,0.196563669020125,0.2404146893893222,0.10093133282275316,0.2000857281572889,0.2035046861083844,0.12035851885285964,0.0790792008987765,0.12609373132147064
2523.4375,4235.385,4219.487,4144.103,4149.744,4255.385,0.18360093069568598,0.12984348594456027,0.18061962280142027,0.146726428115896,0.20581699743112006,0.16769990658720976,0.196563669020125,0.2404146893893222,0.10093133282275316,0.2000857281572889,0.2035046861083844,0.12035851885285964,0.0790792008987765,0.12609373132147064
2531.25,4216.41,4209.744,4138.974,4143.077,4243.59,0.18360093069568598,0.12984348594456027,0.18061962280142027,0.146726428115896,0.20581699743112006,0.16769990658720976,0.196563669020125,0.2404146893893222,0.10093133282275316,0.2000857281572889,0.2035046861083844,0.12035851885285964,0.0790792008987765,0.12609373132147064
2539.0625,4215.897,4207.179,4154.359,4142.564,4242.051,0.18360093069568598,0.12984348594456027,0.18061962280142027,0.146726428115896,0.20581699743112006,0.16769990658720976,0.196563669020125,0.2404146893893222,0.10093133282275316,0.2000857281572889,0.2035046861083844,0.12035851885285964,0.0790792008987765,0.12609373132147064
2546.875,4231.795,4208.718,4163.59,4149.231,4252.821,0.18360093069568598,0.12984348594456027,0.18061962280142027,0.146726428115896,0.20581699743112006,0.16769990658720976,0.196563669020125,0.2404146893893222,0.10093133282275316,0.2000857281572889,0.2035046861083844,0.12035851885285964,0.0790792008987765,0.12609373132147064
2554.6875,4232.821,4210.769,4156.923,4142.564,4265.128,0.18360093069568598,0.12984348594456027,0.18061962280142027,0.146726428115896,0.20581699743112006,0.16769990658720976,0.196563669020125,0.2404146893893222,0.10093133282275316,0.2000857281572889,0.2035046861083844,0.12035851885285964,0.0790792008987765,0.12609373132147064
2562.5,4213.333,4208.205,4143.077,4124.103,4256.41,0.18360093069568598,0.12984348594456027,0.18061962280142027,0.146726428115896,0.20581699743112006,0.16769990658720976,0.196563669020125,0.2404146893893222,0.10093133282275316,0.2000857281572889,0.2035046861083844,0.12035851885285964,0.0790792008987765,0.12609373132147064
2570.3125,4206.667,4206.154,4143.59,4120.0,4233.333,0.18360093069568598,0.12984348594456027,0.18061962280142027,0.146726428115896,0.20581699743112006,0.16769990658720976,0.196563669020125,0.2404146893893222,0.10093133282275316,0.2000857281572889,0.2035046861083844,0.12035851885285964,0.0790792008987765,0.12609373132147064
2578.125,4213.333,4213.846,4144.615,4129.231,4231.795,0.18360093069568598,0.12984348594456027,0.18061962280142027,0.146726428115896,0.20581699743112006,0.16769990658720976,0.196563669020125,0.2404146893893222,0.10093133282275316,0.2000857281572889,0.2035046861083844,0.12035851885285964,0.0790792008987765,0.12609373132147064
2585.9375,4204.615,4209.744,4115.897,4127.179,4236.923,0.18360093069568598,0.12984348594456027,0.18061962280142027,0.146726428115896,0.20581699743112006,0.16769990658720976,0.196563669020125,0.2404146893893222,0.10093133282275316,0.2000857281572889,0.2035046861083844,0.12035851885285964,0.0790792008987765,0.12609373132147064
2593.75,4204.615,4201.026,4108.205,4130.769,4238.974,0.18360093069568598,0.12984348594456027,0.18061962280142027,0.146726428115896,0.20581699743112006,0.16769990658720976,0.196563669020125,0.2404146893893222,0.10093133282275316,0.2000857281572889,0.2035046861083844,0.12035851885285964,0.0790792008987765,0.12609373132147064
2601.5625,4228.718,4212.821,4138.974,4156.41,4259.487,0.18360093069568598,0.12984348594456027,0.18061962280142027,0.146726428115896,0.20581699743112006,0.16769990658720976,0.196563669020125,0.2404146893893222,0.10093133282275316,0.2000857281572889,0.2035046861083844,0.12035851885285964,0.0790792008987765,0.12609373132147064
2609.375,4237.436,4218.974,4137.949,4167.692,4275.385,0.18360093069568598,0.12984348594456027,0.18061962280142027,0.146726428115896,0.20581699743112006,0.16769990658720976,0.196563669020125,0.2404146893893222,0.10093133282275316,0.2000857281572889,0.2035046861083844,0.12035851885285964,0.0790792008987765,0.12609373132147064
2617.1875,4224.615,4207.179,4116.41,4151.282,4261.538,0.18360093069568598,0.12984348594456027,0.18061962280142027,0.146726428115896,0.20581699743112006,0.16769990658720976,0.196563669020125,0.2404146893893222,0.10093133282275316,0.2000857281572889,0.2035046861083844,0.12035851885285964,0.0790792008987765,0.12609373132147064
2625.0,4216.41,4195.897,4116.41,4133.333,4245.641,0.18360093069568598,0.12984348594456027,0.18061962280142027,0.146726428115896,0.20581699743112006,0.16769990658720976,0.196563669020125,0.2404146893893222,0.10093133282275316,0.2000857281572889,0.2035046861083844,0.12035851885285964,0.0790792008987765,0.12609373132147064
2632.8125,4216.923,4186.667,4115.385,4125.641,4247.692,0.18360093069568598,0.12984348594456027,0.18061962280142027,0.146726428115896,0.20581699743112006,0.16769990658720976,0.196563669020125,0.2404146893893222,0.10093133282275316,0.2000857281572889,0.2035046861083844,0.12035851885285964,0.0790792008987765,0.12609373132147064
2640.625,4223.59,4181.026,4111.282,4124.103,4250.256,0.18360093069568598,0.12984348594456027,0.18061962280142027,0.146726428115896,0.20581699743112006,0.16769990658720976,0.196563669020125,0.2404146893893222,0.10093133282275316,0.2000857281572889,0.2035046861083844,0.12035851885285964,0.0790792008987765,0.12609373132147064
2648.4375,4223.077,4180.0,4116.41,4123.077,4232.308,0.18360093069568598,0.12984348594456027,0.18061962280142027,0.146726428115896,0.20581699743112006,0.16769990658720976,0.196563669020125,0.2404146893893222,0.10093133282275316,0.2000857281572889,0.2035046861083844,0.12035851885285964,0.0790792008987765,0.12609373132147064
2656.25,4203.077,4180.513,4115.897,4113.846,4208.718,0.18360093069568598,0.12984348594456027,0.18061962280142027,0.146726428115896,0.20581699743112006,0.16769990658720976,0.196563669020125,0.2404146893893222,0.10093133282275316,0.2000857281572889,0.2035046861083844,0.12035851885285964,0.0790792008987765,0.12609373132147064
2664.0625,4197.949,4189.744,4115.385,4109.231,4211.795,0.18360093069568598,0.12984348594456027,0.18061962280142027,0.146726428115896,0.20581699743112006,0.16769990658720976,0.196563669020125,0.2404146893893222,0.10093133282275316,0.2000857281572889,0.2035046861083844,0.12035851885285964,0.0790792008987765,0.12609373132147064
2671.875,4221.538,4213.333,4130.256,4126.667,4241.538,0.18360093069568598,0.12984348594456027,0.18061962280142027,0.146726428115896,0.20581699743112006,0.16769990658720976,0.196563669020125,0.2404146893893222,0.10093133282275316,0.2000857281572889,0.2035046861083844,0.12035851885285964,0.0790792008987765,0.12609373132147064
2679.6875,4237.436,4223.077,4146.154,4150.256,4264.103,0.18360093069568598,0.12984348594456027,0.18061962280142027,0.146726428115896,0.20581699743112006,0.16769990658720976,0.196563669020125,0.2404146893893222,0.10093133282275316,0.2000857281572889,0.2035046861083844,0.12035851885285964,0.0790792008987765,0.12609373132147064
2687.5,4230.769,4213.846,4140.0,4155.897,4265.128,0.18360093069568598,0.12984348594456027,0.18061962280142027,0.146726428115896,0.20581699743112006,0.16769990658720976,0.196563669020125,0.2404146893893222,0.10093133282275316,0.2000857281572889,0.2035046861083844,0.12035851885285964,0.0790792008987765,0.12609373132147064
2695.3125,4223.077,4213.333,4124.615,4151.795,4261.026,0.18360093069568598,0.12984348594456027,0.18061962280142027,0.146726428115896,0.20581699743112006,0.16769990658720976,0.196563669020125,0.2404146893893222,0.10093133282275316,0.2000857281572889,0.2035046861083844,0.12035851885285964,0.0790792008987765,0.12609373132147064
2703.125,4227.692,4223.077,4135.385,4155.897,4268.718,0.18360093069568598,0.12984348594456027,0.18061962280142027,0.146726428115896,0.20581699743112006,0.16769990658720976,0.196563669020125,0.2404146893893222,0.10093133282275316,0.2000857281572889,0.2035046861083844,0.12035851885285964,0.0790792008987765,0.12609373132147064
2710.9375,4233.846,4227.179,4156.923,4166.667,4281.538,0.18360093069568598,0.12984348594456027,0.18061962280142027,0.146726428115896,0.20581699743112006,0.16769990658720976,0.196563669020125,0.2404146893893222,0.10093133282275316,0.2000857281572889,0.2035046861083844,0.12035851885285964,0.0790792008987765,0.12609373132147064
2718.75,4223.59,4211.795,4150.256,4164.615,4271.282,0.18360093069568598,0.12984348594456027,0.18061962280142027,0.146726428115896,0.20581699743112006,0.16769990658720976,0.196563669020125,0.2404146893893222,0.10093133282275316,0.2000857281572889,0.2035046861083844,0.12035851885285964,0.0790792008987765,0.12609373132147064
2726.5625,4197.436,4184.103,4124.615,4144.615,4245.128,0.18360093069568598,0.12984348594456027,0.18061962280142027,0.146726428115896,0.20581699743112006,0.16769990658720976,0.196563669020125,0.2404146893893222,0.10093133282275316,0.2000857281572889,0.2035046861083844,0.12035851885285964,0.0790792008987765,0.12609373132147064
2734.375,4190.769,4175.897,4114.872,4134.359,4239.487,0.18360093069568598,0.12984348594456027,0.18061962280142027,0.146726428115896,0.20581699743112006,0.16769990658720976,0.196563669020125,0.2404146893893222,0.10093133282275316,0.2000857281572889,0.2035046861083844,0.12035851885285964,0.0790792008987765,0.12609373132147064
2742.1875,4212.308,4200.513,4135.897,4141.538,4256.923,0.18360093069568598,0.12984348594456027,0.18061962280142027,0.146726428115896,0.20581699743112006,0.16769990658720976,0.196563669020125,0.2404146893893222,0.10093133282275316,0.2000857281572889,0.2035046861083844,0.12035851885285964,0.0790792008987765,0.12609373132147064
2750.0,4231.795,4212.308,4157.436,4149.744,4271.282,0.18360093069568598,0.12984348594456027,0.18061962280142027,0.146726428115896,0.20581699743112006,0.16769990658720976,0.196563669020125,0.2404146893893222,0.10093133282275316,0.2000857281572889,0.2035046861083844,0.12035851885285964,0.0790792008987765,0.12609373132147064
2757.8125,4229.744,4190.256,4145.641,4146.667,4256.41,0.18360093069568598,0.12984348594456027,0.18061962280142027,0.146726428115896,0.20581699743112006,0.16769990658720976,0.196563669020125,0.2404146893893222,0.10093133282275316,0.2000857281572889,0.2035046861083844,0.12035851885285964,0.0790792008987765,0.12609373132147064
2765.625,4223.077,4184.103,4134.359,4150.769,4248.718,0.18360093069568598,0.12984348594456027,0.18061962280142027,0.146726428115896,0.20581699743112006,0.16769990658720976,0.196563669020125,0.2404146893893222,0.10093133282275316,0.2000857281572889,0.2035046861083844,0.12035851885285964,0.0790792008987765,0.12609373132147064
2773.4375,4242.564,4206.667,4154.872,4180.0,4283.077,0.18360093069568598,0.12984348594456027,0.18061962280142027,0.146726428115896,0.20581699743112006,0.16769990658720976,0.196563669020125,0.2404146893893222,0.10093133282275316,0.2000857281572889,0.2035046861083844,0.12035851885285964,0.0790792008987765,0.12609373132147064
2781.25,4260.0,4227.692,4167.179,4198.974,4307.692,0.18360093069568598,0.12984348594456027,0.18061962280142027,0.146726428115896,0.20581699743112006,0.16769990658720976,0.196563669020125,0.2404146893893222,0.10093133282275316,0.2000857281572889,0.2035046861083844,0.12035851885285964,0.0790792008987765,0.12609373132147064
2789.0625,4249.744,4230.769,4149.744,4184.103,4291.282,0.18360093069568598,0.12984348594456027,0.18061962280142027,0.146726428115896,0.20581699743112006,0.16769990658720976,0.196563669020125,0.2404146893893222,0.10093133282275316,0.2000857281572889,0.2035046861083844,0.12035851885285964,0.0790792008987765,0.12609373132147064
2796.875,4235.897,4219.487,4141.026,4162.564,4273.333,0.18360093069568598,0.12984348594456027,0.18061962280142027,0.146726428115896,0.20581699743112006,0.16769990658720976,0.196563669020125,0.2404146893893222,0.10093133282275316,0.2000857281572889,0.2035046861083844,0.12035851885285964,0.0790792008987765,0.12609373132147064
2804.6875,4234.872,4218.974,4148.718,4162.051,4276.41,0.18360093069568598,0.12984348594456027,0.18061962280142027,0.146726428115896,0.20581699743112006,0.16769990658720976,0.196563669020125,0.2404146893893222,0.10093133282275316,0.2000857281572889,0.2035046861083844,0.12035851885285964,0.0790792008987765,0.12609373132147064
2812.5,4237.949,4227.692,4148.718,4163.077,4267.179,0.18360093069568598,0.12984348594456027,0.18061962280142027,0.146726428115896,0.20581699743112006,0.16769990658720976,0.196563669020125,0.2404146893893222,0.10093133282275316,0.2000857281572889,0.2035046861083844,0.12035851885285964,0.0790792008987765,0.12609373132147064
2820.3125,4234.359,4226.667,4138.462,4157.949,4251.282,0.18360093069568598,0.12984348594456027,0.18061962280142027,0.146726428115896,0.20581699743112006,0.16769990658720976,0.196563669020125,0.2404146893893222,0.10093133282275316,0.2000857281572889,0.2035046861083844,0.12035851885285964,0.0790792008987765,0.12609373132147064
2828.125,4229.231,4218.462,4134.359,4158.462,4253.333,0.18360093069568598,0.12984348594456027,0.18061962280142027,0.146726428115896,0.20581699743112006,0.16769990658720976,0.196563669020125,0.2404146893893222,0.10093133282275316,0.2000857281572889,0.2035046861083844,0.12035851885285964,0.0790792008987765,0.12609373132147064
2835.9375,4226.667,4219.487,4138.462,4157.949,4260.0,0.18360093069568598,0.12984348594456027,0.18061962280142027,0.146726428115896,0.20581699743112006,0.16769990658720976,0.196563669020125,0.2404146893893222,0.10093133282275316,0.2000857281572889,0.2035046861083844,0.12035851885285964,0.0790792008987765,0.12609373132147064
2843.75,4229.744,4217.949,4144.615,4157.436,4256.923,0.18360093069568598,0.12984348594456027,0.18061962280142027,0.146726428115896,0.20581699743112006,0.16769990658720976,0.196563669020125,0.2404146893893222,0.10093133282275316,0.2000857281572889,0.2035046861083844,0.12035851885285964,0.0790792008987765,0.12609373132147064
2851.5625,4233.846,4209.744,4154.359,4162.564,4253.846,0.18360093069568598,0.12984348594456027,0.18061962280142027,0.146726428115896,0.20581699743112006,0.16769990658720976,0.196563669020125,0.2404146893893222,0.10093133282275316,0.2000857281572889,0.2035046861083844,0.12035851885285964,0.0790792008987765,0.12609373132147064
2859.375,4244.103,4210.769,4160.0,4164.103,4258.974,0.18360093069568598,0.12984348594456027,0.18061962280142027,0.146726428115896,0.20581699743112006,0.16769990658720976,0.196563669020125,0.2404146893893222,0.10093133282275316,0.2000857281572889,0.2035046861083844,0.12035851885285964,0.0790792008987765,0.12609373132147064
2867.1875,4248.205,4215.385,4158.462,4168.205,4267.692,0.18360093069568598,0.12984348594456027,0.18061962280142027,0.146726428115896,0.20581699743112006,0.16769990658720976,0.196563669020125,0.2404146893893222,0.10093133282275316,0.2000857281572889,0.2035046861083844,0.12035851885285964,0.0790792008987765,0.12609373132147064
2875.0,4243.59,4218.462,4165.641,4186.667,4277.949,0.18360093069568598,0.12984348594456027,0.18061962280142027,0.146726428115896,0.20581699743112006,0.16769990658720976,0.196563669020125,0.2404146893893222,0.10093133282275316,0.2000857281572889,0.2035046861083844,0.12035851885285964,0.0790792008987765,0.12609373132147064
2882.8125,4257.436,4225.128,4174.359,4193.846,4284.615,0.18360093069568598,0.12984348594456027,0.18061962280142027,0.146726428115896,0.20581699743112006,0.16769990658720976,0.196563669020125,0.2404146893893222,0.10093133282275316,0.2000857281572889,0.2035046861083844,0.12035851885285964,0.0790792008987765,0.12609373132147064
2890.625,4280.0,4231.795,4161.026,4172.308,4277.949,0.18360093069568598,0.12984348594456027,0.18061962280142027,0.146726428115896,0.20581699743112006,0.16769990658720976,0.196563669020125,0.2404146893893222,0.10093133282275316,0.2000857281572889,0.2035046861083844,0.12035851885285964,0.0790792008987765,0.12609373132147064
2898.4375,4276.923,4228.718,4137.949,4138.462,4262.051,0.18360093069568598,0.12984348594456027,0.18061962280142027,0.146726428115896,0.20581699743112006,0.16769990658720976,0.196563669020125,0.2404146893893222,0.10093133282275316,0.2000857281572889,0.2035046861083844,0.12035851885285964,0.0790792008987765,0.12609373132147064
2906.25,4268.205,4225.128,4139.487,4123.59,4249.744,0.18360093069568598,0.12984348594456027,0.18061962280142027,0.146726428115896,0.20581699743112006,0.16769990658720976,0.196563669020125,0.2404146893893222,0.10093133282275316,0.2000857281572889,0.2035046861083844,0.12035851885285964,0.0790792008987765,0.12609373132147064
2914.0625,4274.872,4231.282,4147.692,4133.333,4249.744,0.18360093069568598,0.12984348594456027,0.18061962280142027,0.146726428115896,0.20581699743112006,0.16769990658720976,0.196563669020125,0.2404146893893222,0.10093133282275316,0.2000857281572889,0.2035046861083844,0.12035851885285964,0.0790792008987765,0.12609373132147064
2921.875,4263.077,4225.128,4133.333,4134.872,4238.974,0.18360093069568598,0.12984348594456027,0.18061962280142027,0.146726428115896,0.20581699743112006,0.16769990658720976,0.196563669020125,0.2404146893893222,0.10093133282275316,0.2000857281572889,0.2035046861083844,0.12035851885285964,0.0790792008987765,0.12609373132147064
2929.6875,4240.0,4215.385,4123.077,4125.641,4215.385,0.18360093069568598,0.12984348594456027,0.18061962280142027,0.146726428115896,0.20581699743112006,0.16769990658720976,0.196563669020125,0.2404146893893222,0.10093133282275316,0.2000857281572889,0.2035046861083844,0.12035851885285964,0.0790792008987765,0.12609373132147064
2937.5,4245.128,4218.974,4135.385,4133.333,4214.872,0.18360093069568598,0.12984348594456027,0.18061962280142027,0.146726428115896,0.20581699743112006,0.16769990658720976,0.196563669020125,0.2404146893893222,0.10093133282275316,0.2000857281572889,0.2035046861083844,0.12035851885285964,0.0790792008987765,0.12609373132147064
2945.3125,4259.487,4226.154,4145.641,4143.077,4235.897,0.18360093069568598,0.12984348594456027,0.18061962280142027,0.146726428115896,0.20581699743112006,0.16769990658720976,0.196563669020125,0.2404146893893222,0.10093133282275316,0.2000857281572889,0.2035046861083844,0.12035851885285964,0.0790792008987765,0.12609373132147064
2953.125,4256.41,4226.667,4146.154,4136.923,4243.077,0.18360093069568598,0.12984348594456027,0.18061962280142027,0.146726428115896,0.20581699743112006,0.16769990658720976,0.196563669020125,0.2404146893893222,0.10093133282275316,0.2000857281572889,0.2035046861083844,0.12035851885285964,0.0790792008987765,0.12609373132147064
2960.9375,4251.795,4219.487,4153.846,4139.487,4236.923,0.18360093069568598,0.12984348594456027,0.18061962280142027,0.146726428115896,0.20581699743112006,0.16769990658720976,0.196563669020125,0.2404146893893222,0.10093133282275316,0.2000857281572889,0.2035046861083844,0.12035851885285964,0.0790792008987765,0.12609373132147064
2968.75,4253.333,4213.333,4154.359,4148.718,4240.0,0.18360093069568598,0.12984348594456027,0.18061962280142027,0.146726428115896,0.20581699743112006,0.16769990658720976,0.196563669020125,0.2404146893893222,0.10093133282275316,0.2000857281572889,0.2035046861083844,0.12035851885285964,0.0790792008987765,0.12609373132147064
2976.5625,4247.179,4207.179,4143.59,4137.949,4238.974,0.18360093069568598,0.12984348594456027,0.18061962280142027,0.146726428115896,0.20581699743112006,0.16769990658720976,0.196563669020125,0.2404146893893222,0.10093133282275316,0.2000857281572889,0.2035046861083844,0.12035851885285964,0.0790792008987765,0.12609373132147064
2984.375,4244.615,4210.769,4144.103,4129.744,4240.0,0.18360093069568598,0.12984348594456027,0.18061962280142027,0.146726428115896,0.20581699743112006,0.16769990658720976,0.196563669020125,0.2404146893893222,0.10093133282275316,0.2000857281572889,0.2035046861083844,0.12035851885285964,0.0790792008987765,0.12609373132147064
2992.1875,4246.154,4211.282,4148.205,4129.744,4246.154,0.18360093069568598,0.12984348594456027,0.18061962280142027,0.146726428115896,0.20581699743112006,0.16769990658720976,0.196563669020125,0.2404146893893222,0.10093133282275316,0.2000857281572889,0.2035046861083844,0.12035851885285964,0.0790792008987765,0.12609373132147064
