timestamp,AF3,T7,Pz,T8,AF4,AF3_theta,AF3_alpha,AF3_beta,T7_theta,T7_mu,T7_beta,Pz_alpha,Pz_beta,T8_theta,T8_mu,T8_beta,AF4_theta,AF4_alpha,AF4_beta
0.0,4338.462,4350.256,4291.282,4221.026,4317.436,0.14049347966345122,0.20996901123752704,0.2568226116032311,0.07302305636192329,0.15167118388934475,0.3809003821292282,0.2610287313718361,0.3022117125574256,0.1383014655194201,0.1913117895358914,0.3261626801108116,0.10529357198752186,0.18608874467418027,0.29077281667105126
7.8125,4302.051,4351.795,4265.128,4184.103,4284.103,0.14049347966345122,0.20996901123752704,0.2568226116032311,0.07302305636192329,0.15167118388934475,0.3809003821292282,0.2610287313718361,0.3022117125574256,0.1383014655194201,0.1913117895358914,0.3261626801108116,0.10529357198752186,0.18608874467418027,0.29077281667105126
15.625,4283.077,4381.538,4232.308,4187.692,4276.923,0.14049347966345122,0.20996901123752704,0.2568226116032311,0.07302305636192329,0.15167118388934475,0.3809003821292282,0.2610287313718361,0.3022117125574256,0.1383014655194201,0.1913117895358914,0.3261626801108116,0.10529357198752186,0.18608874467418027,0.29077281667105126
23.4375,4303.077,4351.282,4214.359,4212.821,4288.205,0.14049347966345122,0.20996901123752704,0.2568226116032311,0.07302305636192329,0.15167118388934475,0.3809003821292282,0.2610287313718361,0.3022117125574256,0.1383014655194201,0.1913117895358914,0.3261626801108116,0.10529357198752186,0.18608874467418027,0.29077281667105126
31.25,4301.026,4311.282,4213.846,4197.436,4272.821,0.14049347966345122,0.20996901123752704,0.2568226116032311,0.07302305636192329,0.15167118388934475,0.3809003821292282,0.2610287313718361,0.3022117125574256,0.1383014655194201,0.1913117895358914,0.3261626801108116,0.10529357198752186,0.18608874467418027,0.29077281667105126
39.0625,4277.949,4340.0,4210.256,4166.667,4253.333,0.14049347966345122,0.20996901123752704,0.2568226116032311,0.07302305636192329,0.15167118388934475,0.3809003821292282,0.2610287313718361,0.3022117125574256,0.1383014655194201,0.1913117895358914,0.3261626801108116,0.10529357198752186,0.18608874467418027,0.29077281667105126
46.875,4290.256,4377.949,4206.154,4184.103,4272.821,0.14049347966345122,0.20996901123752704,0.2568226116032311,0.07302305636192329,0.15167118388934475,0.3809003821292282,0.2610287313718361,0.3022117125574256,0.1383014655194201,0.1913117895358914,0.3261626801108116,0.10529357198752186,0.18608874467418027,0.29077281667105126
54.6875,4320.0,4365.641,4227.692,4220.0,4295.897,0.14049347966345122,0.20996901123752704,0.2568226116032311,0.07302305636192329,0.15167118388934475,0.3809003821292282,0.2610287313718361,0.3022117125574256,0.1383014655194201,0.1913117895358914,0.3261626801108116,0.10529357198752186,0.18608874467418027,0.29077281667105126
62.5,4322.051,4350.769,4248.718,4221.538,4291.795,0.14049347966345122,0.20996901123752704,0.2568226116032311,0.07302305636192329,0.15167118388934475,0.3809003821292282,0.2610287313718361,0.3022117125574256,0.1383014655194201,0.1913117895358914,0.3261626801108116,0.10529357198752186,0.18608874467418027,0.29077281667105126
70.3125,4311.282,4370.769,4237.949,4214.872,4291.282,0.14049347966345122,0.20996901123752704,0.2568226116032311,0.07302305636192329,0.15167118388934475,0.3809003821292282,0.2610287313718361,0.3022117125574256,0.1383014655194201,0.1913117895358914,0.3261626801108116,0.10529357198752186,0.18608874467418027,0.29077281667105126
78.125,4315.385,4401.538,4231.795,4222.051,4303.077,0.14049347966345122,0.20996901123752704,0.2568226116032311,0.07302305636192329,0.15167118388934475,0.3809003821292282,0.2610287313718361,0.3022117125574256,0.1383014655194201,0.1913117895358914,0.3261626801108116,0.10529357198752186,0.18608874467418027,0.29077281667105126
85.9375,4310.769,4387.692,4250.769,4208.718,4294.359,0.14049347966345122,0.20996901123752704,0.2568226116032311,0.07302305636192329,0.15167118388934475,0.3809003821292282,0.2610287313718361,0.3022117125574256,0.1383014655194201,0.1913117895358914,0.3261626801108116,0.10529357198752186,0.18608874467418027,0.29077281667105126
93.75,4296.41,4358.974,4253.333,4201.026,4283.077,0.14049347966345122,0.20996901123752704,0.2568226116032311,0.07302305636192329,0.15167118388934475,0.3809003821292282,0.2610287313718361,0.3022117125574256,0.1383014655194201,0.1913117895358914,0.3261626801108116,0.10529357198752186,0.18608874467418027,0.29077281667105126
101.5625,4303.077,4367.692,4232.821,4221.026,4294.872,0.14049347966345122,0.20996901123752704,0.2568226116032311,0.07302305636192329,0.15167118388934475,0.3809003821292282,0.2610287313718361,0.3022117125574256,0.1383014655194201,0.1913117895358914,0.3261626801108116,0.10529357198752186,0.18608874467418027,0.29077281667105126
109.375,4313.333,4368.718,4227.692,4215.897,4294.359,0.14049347966345122,0.20996901123752704,0.2568226116032311,0.07302305636192329,0.15167118388934475,0.3809003821292282,0.2610287313718361,0.3022117125574256,0.1383014655194201,0.1913117895358914,0.3261626801108116,0.10529357198752186,0.18608874467418027,0.29077281667105126
117.1875,4328.205,4369.744,4244.615,4211.282,4302.051,0.14049347966345122,0.20996901123752704,0.2568226116032311,0.07302305636192329,0.15167118388934475,0.3809003821292282,0.2610287313718361,0.3022117125574256,0.1383014655194201,0.1913117895358914,0.3261626801108116,0.10529357198752186,0.18608874467418027,0.29077281667105126
125.0,4367.179,4403.077,4264.615,4249.744,4342.564,0.14049347966345122,0.20996901123752704,0.2568226116032311,0.07302305636192329,0.15167118388934475,0.3809003821292282,0.2610287313718361,0.3022117125574256,0.1383014655194201,0.1913117895358914,0.3261626801108116,0.10529357198752186,0.18608874467418027,0.29077281667105126
132.8125,4365.641,4420.0,4265.128,4249.744,4340.513,0.14049347966345122,0.20996901123752704,0.2568226116032311,0.07302305636192329,0.15167118388934475,0.3809003821292282,0.2610287313718361,0.3022117125574256,0.1383014655194201,0.1913117895358914,0.3261626801108116,0.10529357198752186,0.18608874467418027,0.29077281667105126
140.625,4311.795,4406.154,4240.0,4203.077,4289.744,0.14049347966345122,0.20996901123752704,0.2568226116032311,0.07302305636192329,0.15167118388934475,0.3809003821292282,0.2610287313718361,0.3022117125574256,0.1383014655194201,0.1913117895358914,0.3261626801108116,0.10529357198752186,0.18608874467418027,0.29077281667105126
148.4375,4301.538,4414.359,4228.718,4204.615,4285.128,0.14049347966345122,0.20996901123752704,0.2568226116032311,0.07302305636192329,0.15167118388934475,0.3809003821292282,0.2610287313718361,0.3022117125574256,0.1383014655194201,0.1913117895358914,0.3261626801108116,0.10529357198752186,0.18608874467418027,0.29077281667105126
156.25,4333.846,4444.615,4251.282,4235.897,4320.0,0.14049347966345122,0.20996901123752704,0.2568226116032311,0.07302305636192329,0.15167118388934475,0.3809003821292282,0.2610287313718361,0.3022117125574256,0.1383014655194201,0.1913117895358914,0.3261626801108116,0.10529357198752186,0.18608874467418027,0.29077281667105126
164.0625,4335.385,4480.513,4270.256,4233.333,4330.256,0.14049347966345122,0.20996901123752704,0.2568226116032311,0.07302305636192329,0.15167118388934475,0.3809003821292282,0.2610287313718361,0.3022117125574256,0.1383014655194201,0.1913117895358914,0.3261626801108116,0.10529357198752186,0.18608874467418027,0.29077281667105126
171.875,4311.795,4475.897,4245.128,4218.462,4309.231,0.14049347966345122,0.20996901123752704,0.2568226116032311,0.07302305636192329,0.15167118388934475,0.3809003821292282,0.2610287313718361,0.3022117125574256,0.1383014655194201,0.1913117895358914,0.3261626801108116,0.10529357198752186,0.18608874467418027,0.29077281667105126
179.6875,4296.41,4419.487,4215.897,4206.154,4280.0,0.14049347966345122,0.20996901123752704,0.2568226116032311,0.07302305636192329,0.15167118388934475,0.3809003821292282,0.2610287313718361,0.3022117125574256,0.1383014655194201,0.1913117895358914,0.3261626801108116,0.10529357198752186,0.18608874467418027,0.29077281667105126
187.5,4301.026,4429.231,4223.077,4190.256,4280.0,0.14049347966345122,0.20996901123752704,0.2568226116032311,0.07302305636192329,0.15167118388934475,0.3809003821292282,0.2610287313718361,0.3022117125574256,0.1383014655194201,0.1913117895358914,0.3261626801108116,0.10529357198752186,0.18608874467418027,0.29077281667105126
195.3125,4311.282,4481.538,4222.564,4186.154,4294.359,0.14049347966345122,0.20996901123752704,0.2568226116032311,0.07302305636192329,0.15167118388934475,0.3809003821292282,0.2610287313718361,0.3022117125574256,0.1383014655194201,0.1913117895358914,0.3261626801108116,0.10529357198752186,0.18608874467418027,0.29077281667105126
203.125,4303.077,4434.872,4185.128,4182.564,4272.821,0.14049347966345122,0.20996901123752704,0.2568226116032311,0.07302305636192329,0.15167118388934475,0.3809003821292282,0.2610287313718361,0.3022117125574256,0.1383014655194201,0.1913117895358914,0.3261626801108116,0.10529357198752186,0.18608874467418027,0.29077281667105126
210.9375,4300.0,4386.154,4173.846,4177.949,4257.949,0.14049347966345122,0.20996901123752704,0.2568226116032311,0.07302305636192329,0.15167118388934475,0.3809003821292282,0.2610287313718361,0.3022117125574256,0.1383014655194201,0.1913117895358914,0.3261626801108116,0.10529357198752186,0.18608874467418027,0.29077281667105126
218.75,4332.308,4430.769,4223.077,4193.333,4294.872,0.14049347966345122,0.20996901123752704,0.2568226116032311,0.07302305636192329,0.15167118388934475,0.3809003821292282,0.2610287313718361,0.3022117125574256,0.1383014655194201,0.1913117895358914,0.3261626801108116,0.10529357198752186,0.18608874467418027,0.29077281667105126
226.5625,4315.385,4428.205,4214.872,4182.564,4283.59,0.14049347966345122,0.20996901123752704,0.2568226116032311,0.07302305636192329,0.15167118388934475,0.3809003821292282,0.2610287313718361,0.3022117125574256,0.1383014655194201,0.1913117895358914,0.3261626801108116,0.10529357198752186,0.18608874467418027,0.29077281667105126
234.375,4228.205,4342.051,4116.923,4119.487,4193.333,0.14049347966345122,0.20996901123752704,0.2568226116032311,0.07302305636192329,0.15167118388934475,0.3809003821292282,0.2610287313718361,0.3022117125574256,0.1383014655194201,0.1913117895358914,0.3261626801108116,0.10529357198752186,0.18608874467418027,0.29077281667105126
242.1875,4193.846,4285.128,4081.026,4077.436,4143.077,0.14049347966345122,0.20996901123752704,0.2568226116032311,0.07302305636192329,0.15167118388934475,0.3809003821292282,0.2610287313718361,0.3022117125574256,0.1383014655194201,0.1913117895358914,0.3261626801108116,0.10529357198752186,0.18608874467418027,0.29077281667105126
250.0,4200.513,4285.128,4108.205,4074.872,4150.256,0.14049347966345122,0.20996901123752704,0.2568226116032311,0.07302305636192329,0.15167118388934475,0.3809003821292282,0.2610287313718361,0.3022117125574256,0.1383014655194201,0.1913117895358914,0.3261626801108116,0.10529357198752186,0.18608874467418027,0.29077281667105126
257.8125,4170.256,4307.179,4094.359,4070.256,4145.128,0.14049347966345122,0.20996901123752704,0.2568226116032311,0.07302305636192329,0.15167118388934475,0.3809003821292282,0.2610287313718361,0.3022117125574256,0.1383014655194201,0.1913117895358914,0.3261626801108116,0.10529357198752186,0.18608874467418027,0.29077281667105126
265.625,4181.026,4330.769,4093.846,4089.744,4153.846,0.14049347966345122,0.20996901123752704,0.2568226116032311,0.07302305636192329,0.15167118388934475,0.3809003821292282,0.2610287313718361,0.3022117125574256,0.1383014655194201,0.1913117895358914,0.3261626801108116,0.10529357198752186,0.18608874467418027,0.29077281667105126
273.4375,4236.41,4324.103,4136.41,4122.564,4183.59,0.14049347966345122,0.20996901123752704,0.2568226116032311,0.07302305636192329,0.15167118388934475,0.3809003821292282,0.2610287313718361,0.3022117125574256,0.1383014655194201,0.1913117895358914,0.3261626801108116,0.10529357198752186,0.18608874467418027,0.29077281667105126
281.25,4250.256,4326.154,4154.872,4139.487,4204.615,0.14049347966345122,0.20996901123752704,0.2568226116032311,0.07302305636192329,0.15167118388934475,0.3809003821292282,0.2610287313718361,0.3022117125574256,0.1383014655194201,0.1913117895358914,0.3261626801108116,0.10529357198752186,0.18608874467418027,0.29077281667105126
289.0625,4267.692,4393.846,4174.359,4183.59,4249.231,0.14049347966345122,0.20996901123752704,0.2568226116032311,0.07302305636192329,0.15167118388934475,0.3809003821292282,0.2610287313718361,0.3022117125574256,0.1383014655194201,0.1913117895358914,0.3261626801108116,0.10529357198752186,0.18608874467418027,0.29077281667105126
296.875,4312.821,4436.923,4219.487,4224.615,4295.897,0.14049347966345122,0.20996901123752704,0.2568226116032311,0.07302305636192329,0.15167118388934475,0.3809003821292282,0.2610287313718361,0.3022117125574256,0.1383014655194201,0.1913117895358914,0.3261626801108116,0.10529357198752186,0.18608874467418027,0.29077281667105126
304.6875,4314.872,4384.103,4240.0,4213.333,4280.513,0.14049347966345122,0.20996901123752704,0.2568226116032311,0.07302305636192329,0.15167118388934475,0.3809003821292282,0.2610287313718361,0.3022117125574256,0.1383014655194201,0.1913117895358914,0.3261626801108116,0.10529357198752186,0.18608874467418027,0.29077281667105126
312.5,4282.564,4355.385,4220.513,4190.769,4246.667,0.14049347966345122,0.20996901123752704,0.2568226116032311,0.07302305636192329,0.15167118388934475,0.3809003821292282,0.2610287313718361,0.3022117125574256,0.1383014655194201,0.1913117895358914,0.3261626801108116,0.10529357198752186,0.18608874467418027,0.29077281667105126
320.3125,4275.385,4416.923,4199.487,4185.641,4252.821,0.14049347966345122,0.20996901123752704,0.2568226116032311,0.07302305636192329,0.15167118388934475,0.3809003821292282,0.2610287313718361,0.3022117125574256,0.1383014655194201,0.1913117895358914,0.3261626801108116,0.10529357198752186,0.18608874467418027,0.29077281667105126
328.125,4296.923,4432.308,4200.0,4193.333,4270.256,0.14049347966345122,0.20996901123752704,0.2568226116032311,0.07302305636192329,0.15167118388934475,0.3809003821292282,0.2610287313718361,0.3022117125574256,0.1383014655194201,0.1913117895358914,0.3261626801108116,0.10529357198752186,0.18608874467418027,0.29077281667105126
335.9375,4297.436,4369.231,4198.462,4184.103,4254.359,0.14049347966345122,0.20996901123752704,0.2568226116032311,0.07302305636192329,0.15167118388934475,0.3809003821292282,0.2610287313718361,0.3022117125574256,0.1383014655194201,0.1913117895358914,0.3261626801108116,0.10529357198752186,0.18608874467418027,0.29077281667105126
343.75,4273.333,4378.462,4194.359,4168.205,4239.487,0.14049347966345122,0.20996901123752704,0.2568226116032311,0.07302305636192329,0.15167118388934475,0.3809003821292282,0.2610287313718361,0.3022117125574256,0.1383014655194201,0.1913117895358914,0.3261626801108116,0.10529357198752186,0.18608874467418027,0.29077281667105126
351.5625,4286.667,4457.949,4221.026,4197.436,4263.59,0.14049347966345122,0.20996901123752704,0.2568226116032311,0.07302305636192329,0.15167118388934475,0.3809003821292282,0.2610287313718361,0.3022117125574256,0.1383014655194201,0.1913117895358914,0.3261626801108116,0.10529357198752186,0.18608874467418027,0.29077281667105126
359.375,4317.949,4454.872,4241.538,4225.641,4283.59,0.14049347966345122,0.20996901123752704,0.2568226116032311,0.07302305636192329,0.15167118388934475,0.3809003821292282,0.2610287313718361,0.3022117125574256,0.1383014655194201,0.1913117895358914,0.3261626801108116,0.10529357198752186,0.18608874467418027,0.29077281667105126
367.1875,4292.308,4370.769,4213.333,4184.103,4251.282,0.14049347966345122,0.20996901123752704,0.2568226116032311,0.07302305636192329,0.15167118388934475,0.3809003821292282,0.2610287313718361,0.3022117125574256,0.1383014655194201,0.1913117895358914,0.3261626801108116,0.10529357198752186,0.18608874467418027,0.29077281667105126
375.0,4261.026,4365.128,4190.769,4162.564,4227.179,0.14049347966345122,0.20996901123752704,0.2568226116032311,0.07302305636192329,0.15167118388934475,0.3809003821292282,0.2610287313718361,0.3022117125574256,0.1383014655194201,0.1913117895358914,0.3261626801108116,0.10529357198752186,0.18608874467418027,0.29077281667105126
382.8125,4295.385,4449.744,4208.205,4217.949,4269.744,0.14049347966345122,0.20996901123752704,0.2568226116032311,0.07302305636192329,0.15167118388934475,0.3809003821292282,0.2610287313718361,0.3022117125574256,0.1383014655194201,0.1913117895358914,0.3261626801108116,0.10529357198752186,0.18608874467418027,0.29077281667105126
390.625,4315.897,4460.513,4206.667,4235.385,4287.692,0.14049347966345122,0.20996901123752704,0.2568226116032311,0.07302305636192329,0.15167118388934475,0.3809003821292282,0.2610287313718361,0.3022117125574256,0.1383014655194201,0.1913117895358914,0.3261626801108116,0.10529357198752186,0.18608874467418027,0.29077281667105126
398.4375,4271.282,4381.026,4178.462,4176.41,4230.769,0.14049347966345122,0.20996901123752704,0.2568226116032311,0.07302305636192329,0.15167118388934475,0.3809003821292282,0.2610287313718361,0.3022117125574256,0.1383014655194201,0.1913117895358914,0.3261626801108116,0.10529357198752186,0.18608874467418027,0.29077281667105126
406.25,4249.744,4386.667,4185.641,4155.385,4213.333,0.14049347966345122,0.20996901123752704,0.2568226116032311,0.07302305636192329,0.15167118388934475,0.3809003821292282,0.2610287313718361,0.3022117125574256,0.1383014655194201,0.1913117895358914,0.3261626801108116,0.10529357198752186,0.18608874467418027,0.29077281667105126
414.0625,4295.897,4457.436,4220.0,4205.641,4270.769,0.14049347966345122,0.20996901123752704,0.2568226116032311,0.07302305636192329,0.15167118388934475,0.3809003821292282,0.2610287313718361,0.3022117125574256,0.1383014655194201,0.1913117895358914,0.3261626801108116,0.10529357198752186,0.18608874467418027,0.29077281667105126
421.875,4312.821,4433.846,4212.308,4219.487,4278.974,0.14049347966345122,0.20996901123752704,0.2568226116032311,0.07302305636192329,0.15167118388934475,0.3809003821292282,0.2610287313718361,0.3022117125574256,0.1383014655194201,0.1913117895358914,0.3261626801108116,0.10529357198752186,0.18608874467418027,0.29077281667105126
429.6875,4275.385,4368.205,4184.615,4180.513,4235.897,0.14049347966345122,0.20996901123752704,0.2568226116032311,0.07302305636192329,0.15167118388934475,0.3809003821292282,0.2610287313718361,0.3022117125574256,0.1383014655194201,0.1913117895358914,0.3261626801108116,0.10529357198752186,0.18608874467418027,0.29077281667105126
437.5,4262.051,4373.333,4188.205,4171.282,4236.41,0.14049347966345122,0.20996901123752704,0.2568226116032311,0.07302305636192329,0.15167118388934475,0.3809003821292282,0.2610287313718361,0.3022117125574256,0.1383014655194201,0.1913117895358914,0.3261626801108116,0.10529357198752186,0.18608874467418027,0.29077281667105126
445.3125,4274.359,4425.128,4184.103,4181.538,4260.513,0.14049347966345122,0.20996901123752704,0.2568226116032311,0.07302305636192329,0.15167118388934475,0.3809003821292282,0.2610287313718361,0.3022117125574256,0.1383014655194201,0.1913117895358914,0.3261626801108116,0.10529357198752186,0.18608874467418027,0.29077281667105126
453.125,4287.692,4428.205,4187.179,4193.846,4262.564,0.14049347966345122,0.20996901123752704,0.2568226116032311,0.07302305636192329,0.15167118388934475,0.3809003821292282,0.2610287313718361,0.3022117125574256,0.1383014655194201,0.1913117895358914,0.3261626801108116,0.10529357198752186,0.18608874467418027,0.29077281667105126
460.9375,4290.769,4370.256,4201.538,4191.795,4248.718,0.14049347966345122,0.20996901123752704,0.2568226116032311,0.07302305636192329,0.15167118388934475,0.3809003821292282,0.2610287313718361,0.3022117125574256,0.1383014655194201,0.1913117895358914,0.3261626801108116,0.10529357198752186,0.18608874467418027,0.29077281667105126
468.75,4269.744,4354.872,4182.051,4158.974,4231.795,0.14049347966345122,0.20996901123752704,0.2568226116032311,0.07302305636192329,0.15167118388934475,0.3809003821292282,0.2610287313718361,0.3022117125574256,0.1383014655194201,0.1913117895358914,0.3261626801108116,0.10529357198752186,0.18608874467418027,0.29077281667105126
476.5625,4269.231,4416.41,4188.205,4167.179,4248.205,0.14049347966345122,0.20996901123752704,0.2568226116032311,0.07302305636192329,0.15167118388934475,0.3809003821292282,0.2610287313718361,0.3022117125574256,0.1383014655194201,0.1913117895358914,0.3261626801108116,0.10529357198752186,0.18608874467418027,0.29077281667105126
484.375,4307.179,4439.487,4239.487,4219.487,4281.026,0.14049347966345122,0.20996901123752704,0.2568226116032311,0.07302305636192329,0.15167118388934475,0.3809003821292282,0.2610287313718361,0.3022117125574256,0.1383014655194201,0.1913117895358914,0.3261626801108116,0.10529357198752186,0.18608874467418027,0.29077281667105126
492.1875,4312.308,4396.41,4250.256,4209.744,4267.692,0.14049347966345122,0.20996901123752704,0.2568226116032311,0.07302305636192329,0.15167118388934475,0.3809003821292282,0.2610287313718361,0.3022117125574256,0.1383014655194201,0.1913117895358914,0.3261626801108116,0.10529357198752186,0.18608874467418027,0.29077281667105126
500.0,4281.538,4393.333,4222.051,4171.795,4243.59,0.14049347966345122,0.20996901123752704,0.2568226116032311,0.07302305636192329,0.15167118388934475,0.3809003821292282,0.2610287313718361,0.3022117125574256,0.1383014655194201,0.1913117895358914,0.3261626801108116,0.10529357198752186,0.18608874467418027,0.29077281667105126
507.8125,4279.487,4411.282,4209.744,4180.0,4252.308,0.14049347966345122,0.20996901123752704,0.2568226116032311,0.07302305636192329,0.15167118388934475,0.3809003821292282,0.2610287313718361,0.3022117125574256,0.1383014655194201,0.1913117895358914,0.3261626801108116,0.10529357198752186,0.18608874467418027,0.29077281667105126
515.625,4291.282,4393.846,4213.333,4182.564,4253.846,0.14049347966345122,0.20996901123752704,0.2568226116032311,0.07302305636192329,0.15167118388934475,0.3809003821292282,0.2610287313718361,0.3022117125574256,0.1383014655194201,0.1913117895358914,0.3261626801108116,0.10529357198752186,0.18608874467418027,0.29077281667105126
523.4375,4286.154,4376.41,4229.231,4176.923,4242.564,0.14049347966345122,0.20996901123752704,0.2568226116032311,0.07302305636192329,0.15167118388934475,0.3809003821292282,0.2610287313718361,0.3022117125574256,0.1383014655194201,0.1913117895358914,0.3261626801108116,0.10529357198752186,0.18608874467418027,0.29077281667105126
531.25,4273.846,4391.282,4237.436,4186.667,4244.103,0.14049347966345122,0.20996901123752704,0.2568226116032311,0.07302305636192329,0.15167118388934475,0.3809003821292282,0.2610287313718361,0.3022117125574256,0.1383014655194201,0.1913117895358914,0.3261626801108116,0.10529357198752186,0.18608874467418027,0.29077281667105126
539.0625,4269.231,4422.051,4221.538,4189.744,4252.308,0.14049347966345122,0.20996901123752704,0.2568226116032311,0.07302305636192329,0.15167118388934475,0.3809003821292282,0.2610287313718361,0.3022117125574256,0.1383014655194201,0.1913117895358914,0.3261626801108116,0.10529357198752186,0.18608874467418027,0.29077281667105126
546.875,4284.103,4407.692,4221.538,4194.872,4253.333,0.14049347966345122,0.20996901123752704,0.2568226116032311,0.07302305636192329,0.15167118388934475,0.3809003821292282,0.2610287313718361,0.3022117125574256,0.1383014655194201,0.1913117895358914,0.3261626801108116,0.10529357198752186,0.18608874467418027,0.29077281667105126
554.6875,4282.051,4357.436,4216.41,4180.513,4238.974,0.14049347966345122,0.20996901123752704,0.2568226116032311,0.07302305636192329,0.15167118388934475,0.3809003821292282,0.2610287313718361,0.3022117125574256,0.1383014655194201,0.1913117895358914,0.3261626801108116,0.10529357198752186,0.18608874467418027,0.29077281667105126
562.5,4254.359,4352.308,4188.205,4152.821,4219.487,0.14049347966345122,0.20996901123752704,0.2568226116032311,0.07302305636192329,0.15167118388934475,0.3809003821292282,0.2610287313718361,0.3022117125574256,0.1383014655194201,0.1913117895358914,0.3261626801108116,0.10529357198752186,0.18608874467418027,0.29077281667105126
570.3125,4240.0,4407.179,4186.154,4163.077,4217.949,0.14049347966345122,0.20996901123752704,0.2568226116032311,0.07302305636192329,0.15167118388934475,0.3809003821292282,0.2610287313718361,0.3022117125574256,0.1383014655194201,0.1913117895358914,0.3261626801108116,0.10529357198752186,0.18608874467418027,0.29077281667105126
578.125,4242.051,4428.205,4191.282,4190.256,4221.026,0.14049347966345122,0.20996901123752704,0.2568226116032311,0.07302305636192329,0.15167118388934475,0.3809003821292282,0.2610287313718361,0.3022117125574256,0.1383014655194201,0.1913117895358914,0.3261626801108116,0.10529357198752186,0.18608874467418027,0.29077281667105126
585.9375,4260.0,4377.949,4189.744,4195.385,4218.462,0.14049347966345122,0.20996901123752704,0.2568226116032311,0.07302305636192329,0.15167118388934475,0.3809003821292282,0.2610287313718361,0.3022117125574256,0.1383014655194201,0.1913117895358914,0.3261626801108116,0.10529357198752186,0.18608874467418027,0.29077281667105126
593.75,4290.769,4366.667,4216.923,4201.026,4236.41,0.14049347966345122,0.20996901123752704,0.2568226116032311,0.07302305636192329,0.15167118388934475,0.3809003821292282,0.2610287313718361,0.3022117125574256,0.1383014655194201,0.1913117895358914,0.3261626801108116,0.10529357198752186,0.18608874467418027,0.29077281667105126
601.5625,4293.846,4420.0,4229.231,4206.667,4255.385,0.14049347966345122,0.20996901123752704,0.2568226116032311,0.07302305636192329,0.15167118388934475,0.3809003821292282,0.2610287313718361,0.3022117125574256,0.1383014655194201,0.1913117895358914,0.3261626801108116,0.10529357198752186,0.18608874467418027,0.29077281667105126
609.375,4275.897,4436.41,4193.846,4195.897,4247.179,0.14049347966345122,0.20996901123752704,0.2568226116032311,0.07302305636192329,0.15167118388934475,0.3809003821292282,0.2610287313718361,0.3022117125574256,0.1383014655194201,0.1913117895358914,0.3261626801108116,0.10529357198752186,0.18608874467418027,0.29077281667105126
617.1875,4275.897,4398.974,4180.0,4194.359,4237.436,0.14049347966345122,0.20996901123752704,0.2568226116032311,0.07302305636192329,0.15167118388934475,0.3809003821292282,0.2610287313718361,0.3022117125574256,0.1383014655194201,0.1913117895358914,0.3261626801108116,0.10529357198752186,0.18608874467418027,0.29077281667105126
625.0,4276.923,4384.615,4210.769,4195.897,4231.795,0.14049347966345122,0.20996901123752704,0.2568226116032311,0.07302305636192329,0.15167118388934475,0.3809003821292282,0.2610287313718361,0.3022117125574256,0.1383014655194201,0.1913117895358914,0.3261626801108116,0.10529357198752186,0.18608874467418027,0.29077281667105126
632.8125,4255.897,4407.692,4214.359,4176.923,4212.821,0.14049347966345122,0.20996901123752704,0.2568226116032311,0.07302305636192329,0.15167118388934475,0.3809003821292282,0.2610287313718361,0.3022117125574256,0.1383014655194201,0.1913117895358914,0.3261626801108116,0.10529357198752186,0.18608874467418027,0.29077281667105126
640.625,4249.744,4413.333,4187.692,4170.769,4207.692,0.14049347966345122,0.20996901123752704,0.2568226116032311,0.07302305636192329,0.15167118388934475,0.3809003821292282,0.2610287313718361,0.3022117125574256,0.1383014655194201,0.1913117895358914,0.3261626801108116,0.10529357198752186,0.18608874467418027,0.29077281667105126
648.4375,4267.179,4399.487,4182.564,4202.564,4226.154,0.14049347966345122,0.20996901123752704,0.2568226116032311,0.07302305636192329,0.15167118388934475,0.3809003821292282,0.2610287313718361,0.3022117125574256,0.1383014655194201,0.1913117895358914,0.3261626801108116,0.10529357198752186,0.18608874467418027,0.29077281667105126
656.25,4265.641,4389.231,4192.308,4214.359,4218.974,0.14049347966345122,0.20996901123752704,0.2568226116032311,0.07302305636192329,0.15167118388934475,0.3809003821292282,0.2610287313718361,0.3022117125574256,0.1383014655194201,0.1913117895358914,0.3261626801108116,0.10529357198752186,0.18608874467418027,0.29077281667105126
664.0625,4256.923,4395.385,4205.128,4185.641,4203.59,0.14049347966345122,0.20996901123752704,0.2568226116032311,0.07302305636192329,0.15167118388934475,0.3809003821292282,0.2610287313718361,0.3022117125574256,0.1383014655194201,0.1913117895358914,0.3261626801108116,0.10529357198752186,0.18608874467418027,0.29077281667105126
671.875,4265.641,4418.462,4222.051,4184.615,4222.051,0.14049347966345122,0.20996901123752704,0.2568226116032311,0.07302305636192329,0.15167118388934475,0.3809003821292282,0.2610287313718361,0.3022117125574256,0.1383014655194201,0.1913117895358914,0.3261626801108116,0.10529357198752186,0.18608874467418027,0.29077281667105126
679.6875,4273.846,4422.564,4222.051,4211.795,4245.128,0.14049347966345122,0.20996901123752704,0.2568226116032311,0.07302305636192329,0.15167118388934475,0.3809003821292282,0.2610287313718361,0.3022117125574256,0.1383014655194201,0.1913117895358914,0.3261626801108116,0.10529357198752186,0.18608874467418027,0.29077281667105126
687.5,4282.564,4406.667,4208.205,4224.103,4247.179,0.14049347966345122,0.20996901123752704,0.2568226116032311,0.07302305636192329,0.15167118388934475,0.3809003821292282,0.2610287313718361,0.3022117125574256,0.1383014655194201,0.1913117895358914,0.3261626801108116,0.10529357198752186,0.18608874467418027,0.29077281667105126
695.3125,4281.538,4390.769,4198.974,4212.308,4228.205,0.14049347966345122,0.20996901123752704,0.2568226116032311,0.07302305636192329,0.15167118388934475,0.3809003821292282,0.2610287313718361,0.3022117125574256,0.1383014655194201,0.1913117895358914,0.3261626801108116,0.10529357198752186,0.18608874467418027,0.29077281667105126
703.125,4272.308,4390.769,4206.154,4190.769,4220.513,0.14049347966345122,0.20996901123752704,0.2568226116032311,0.07302305636192329,0.15167118388934475,0.3809003821292282,0.2610287313718361,0.3022117125574256,0.1383014655194201,0.1913117895358914,0.3261626801108116,0.10529357198752186,0.18608874467418027,0.29077281667105126
710.9375,4278.974,4410.256,4214.359,4195.385,4243.59,0.14049347966345122,0.20996901123752704,0.2568226116032311,0.07302305636192329,0.15167118388934475,0.3809003821292282,0.2610287313718361,0.3022117125574256,0.1383014655194201,0.1913117895358914,0.3261626801108116,0.10529357198752186,0.18608874467418027,0.29077281667105126
718.75,4276.923,4407.179,4200.513,4204.615,4246.154,0.14049347966345122,0.20996901123752704,0.2568226116032311,0.07302305636192329,0.15167118388934475,0.3809003821292282,0.2610287313718361,0.3022117125574256,0.1383014655194201,0.1913117895358914,0.3261626801108116,0.10529357198752186,0.18608874467418027,0.29077281667105126
726.5625,4250.256,4370.769,4172.821,4183.077,4206.667,0.14049347966345122,0.20996901123752704,0.2568226116032311,0.07302305636192329,0.15167118388934475,0.3809003821292282,0.2610287313718361,0.3022117125574256,0.1383014655194201,0.1913117895358914,0.3261626801108116,0.10529357198752186,0.18608874467418027,0.29077281667105126
734.375,4243.59,4347.692,4179.487,4164.615,4187.692,0.14049347966345122,0.20996901123752704,0.2568226116032311,0.07302305636192329,0.15167118388934475,0.3809003821292282,0.2610287313718361,0.3022117125574256,0.1383014655194201,0.1913117895358914,0.3261626801108116,0.10529357198752186,0.18608874467418027,0.29077281667105126
742.1875,4264.103,4371.795,4210.256,4174.359,4213.846,0.14049347966345122,0.20996901123752704,0.2568226116032311,0.07302305636192329,0.15167118388934475,0.3809003821292282,0.2610287313718361,0.3022117125574256,0.1383014655194201,0.1913117895358914,0.3261626801108116,0.10529357198752186,0.18608874467418027,0.29077281667105126
750.0,4270.769,4405.641,4207.179,4184.103,4234.872,0.14049347966345122,0.20996901123752704,0.2568226116032311,0.07302305636192329,0.15167118388934475,0.3809003821292282,0.2610287313718361,0.3022117125574256,0.1383014655194201,0.1913117895358914,0.3261626801108116,0.10529357198752186,0.18608874467418027,0.29077281667105126
757.8125,4271.282,4414.359,4196.923,4194.359,4237.949,0.14049347966345122,0.20996901123752704,0.2568226116032311,0.07302305636192329,0.15167118388934475,0.3809003821292282,0.2610287313718361,0.3022117125574256,0.1383014655194201,0.1913117895358914,0.3261626801108116,0.10529357198752186,0.18608874467418027,0.29077281667105126
765.625,4282.051,4401.026,4213.333,4205.641,4236.923,0.14049347966345122,0.20996901123752704,0.2568226116032311,0.07302305636192329,0.15167118388934475,0.3809003821292282,0.2610287313718361,0.3022117125574256,0.1383014655194201,0.1913117895358914,0.3261626801108116,0.10529357198752186,0.18608874467418027,0.29077281667105126
773.4375,4280.0,4386.154,4226.667,4194.872,4229.231,0.14049347966345122,0.20996901123752704,0.2568226116032311,0.07302305636192329,0.15167118388934475,0.3809003821292282,0.2610287313718361,0.3022117125574256,0.1383014655194201,0.1913117895358914,0.3261626801108116,0.10529357198752186,0.18608874467418027,0.29077281667105126
781.25,4265.128,4404.615,4214.359,4177.436,4222.564,0.14049347966345122,0.20996901123752704,0.2568226116032311,0.07302305636192329,0.15167118388934475,0.3809003821292282,0.2610287313718361,0.3022117125574256,0.1383014655194201,0.1913117895358914,0.3261626801108116,0.10529357198752186,0.18608874467418027,0.29077281667105126
789.0625,4268.205,4434.872,4203.59,4182.051,4234.359,0.14049347966345122,0.20996901123752704,0.2568226116032311,0.07302305636192329,0.15167118388934475,0.3809003821292282,0.2610287313718361,0.3022117125574256,0.1383014655194201,0.1913117895358914,0.3261626801108116,0.10529357198752186,0.18608874467418027,0.29077281667105126
796.875,4290.256,4440.513,4224.103,4193.333,4247.179,0.14049347966345122,0.20996901123752704,0.2568226116032311,0.07302305636192329,0.15167118388934475,0.3809003821292282,0.2610287313718361,0.3022117125574256,0.1383014655194201,0.1913117895358914,0.3261626801108116,0.10529357198752186,0.18608874467418027,0.29077281667105126
804.6875,4294.872,4432.308,4252.308,4197.949,4241.026,0.14049347966345122,0.20996901123752704,0.2568226116032311,0.07302305636192329,0.15167118388934475,0.3809003821292282,0.2610287313718361,0.3022117125574256,0.1383014655194201,0.1913117895358914,0.3261626801108116,0.10529357198752186,0.18608874467418027,0.29077281667105126
812.5,4288.718,4432.308,4255.385,4204.103,4243.59,0.14049347966345122,0.20996901123752704,0.2568226116032311,0.07302305636192329,0.15167118388934475,0.3809003821292282,0.2610287313718361,0.3022117125574256,0.1383014655194201,0.1913117895358914,0.3261626801108116,0.10529357198752186,0.18608874467418027,0.29077281667105126
820.3125,4290.256,4438.462,4235.385,4197.949,4254.872,0.14049347966345122,0.20996901123752704,0.2568226116032311,0.07302305636192329,0.15167118388934475,0.3809003821292282,0.2610287313718361,0.3022117125574256,0.1383014655194201,0.1913117895358914,0.3261626801108116,0.10529357198752186,0.18608874467418027,0.29077281667105126
828.125,4286.667,4426.667,4229.744,4182.564,4240.0,0.14049347966345122,0.20996901123752704,0.2568226116032311,0.07302305636192329,0.15167118388934475,0.3809003821292282,0.2610287313718361,0.3022117125574256,0.1383014655194201,0.1913117895358914,0.3261626801108116,0.10529357198752186,0.18608874467418027,0.29077281667105126
835.9375,4281.538,4416.923,4236.41,4185.641,4229.744,0.14049347966345122,0.20996901123752704,0.2568226116032311,0.07302305636192329,0.15167118388934475,0.3809003821292282,0.2610287313718361,0.3022117125574256,0.1383014655194201,0.1913117895358914,0.3261626801108116,0.10529357198752186,0.18608874467418027,0.29077281667105126
843.75,4283.59,4437.949,4224.103,4204.615,4257.949,0.14049347966345122,0.20996901123752704,0.2568226116032311,0.07302305636192329,0.15167118388934475,0.3809003821292282,0.2610287313718361,0.3022117125574256,0.1383014655194201,0.1913117895358914,0.3261626801108116,0.10529357198752186,0.18608874467418027,0.29077281667105126
851.5625,4276.923,4455.385,4197.436,4207.179,4265.641,0.14049347966345122,0.20996901123752704,0.2568226116032311,0.07302305636192329,0.15167118388934475,0.3809003821292282,0.2610287313718361,0.3022117125574256,0.1383014655194201,0.1913117895358914,0.3261626801108116,0.10529357198752186,0.18608874467418027,0.29077281667105126
859.375,4260.0,4418.462,4186.667,4187.692,4226.154,0.14049347966345122,0.20996901123752704,0.2568226116032311,0.07302305636192329,0.15167118388934475,0.3809003821292282,0.2610287313718361,0.3022117125574256,0.1383014655194201,0.1913117895358914,0.3261626801108116,0.10529357198752186,0.18608874467418027,0.29077281667105126
867.1875,4247.692,4377.436,4197.436,4165.641,4201.538,0.14049347966345122,0.20996901123752704,0.2568226116032311,0.07302305636192329,0.15167118388934475,0.3809003821292282,0.2610287313718361,0.3022117125574256,0.1383014655194201,0.1913117895358914,0.3261626801108116,0.10529357198752186,0.18608874467418027,0.29077281667105126
875.0,4241.026,4398.974,4200.0,4164.615,4210.769,0.14049347966345122,0.20996901123752704,0.2568226116032311,0.07302305636192329,0.15167118388934475,0.3809003821292282,0.2610287313718361,0.3022117125574256,0.1383014655194201,0.1913117895358914,0.3261626801108116,0.10529357198752186,0.18608874467418027,0.29077281667105126
882.8125,4249.231,4450.256,4194.872,4186.154,4223.59,0.14049347966345122,0.20996901123752704,0.2568226116032311,0.07302305636192329,0.15167118388934475,0.3809003821292282,0.2610287313718361,0.3022117125574256,0.1383014655194201,0.1913117895358914,0.3261626801108116,0.10529357198752186,0.18608874467418027,0.29077281667105126
890.625,4275.897,4458.974,4206.154,4205.641,4236.41,0.14049347966345122,0.20996901123752704,0.2568226116032311,0.07302305636192329,0.15167118388934475,0.3809003821292282,0.2610287313718361,0.3022117125574256,0.1383014655194201,0.1913117895358914,0.3261626801108116,0.10529357198752186,0.18608874467418027,0.29077281667105126
898.4375,4287.179,4418.462,4223.077,4204.615,4243.077,0.14049347966345122,0.20996901123752704,0.2568226116032311,0.07302305636192329,0.15167118388934475,0.3809003821292282,0.2610287313718361,0.3022117125574256,0.1383014655194201,0.1913117895358914,0.3261626801108116,0.10529357198752186,0.18608874467418027,0.29077281667105126
906.25,4267.692,4393.333,4220.0,4187.692,4225.641,0.14049347966345122,0.20996901123752704,0.2568226116032311,0.07302305636192329,0.15167118388934475,0.3809003821292282,0.2610287313718361,0.3022117125574256,0.1383014655194201,0.1913117895358914,0.3261626801108116,0.10529357198752186,0.18608874467418027,0.29077281667105126
914.0625,4236.923,4420.0,4192.308,4156.923,4196.923,0.14049347966345122,0.20996901123752704,0.2568226116032311,0.07302305636192329,0.15167118388934475,0.3809003821292282,0.2610287313718361,0.3022117125574256,0.1383014655194201,0.1913117895358914,0.3261626801108116,0.10529357198752186,0.18608874467418027,0.29077281667105126
921.875,4222.051,4445.128,4163.59,4136.923,4191.795,0.14049347966345122,0.20996901123752704,0.2568226116032311,0.07302305636192329,0.15167118388934475,0.3809003821292282,0.2610287313718361,0.3022117125574256,0.1383014655194201,0.1913117895358914,0.3261626801108116,0.10529357198752186,0.18608874467418027,0.29077281667105126
929.6875,4220.0,4408.718,4159.487,4142.564,4195.897,0.14049347966345122,0.20996901123752704,0.2568226116032311,0.07302305636192329,0.15167118388934475,0.3809003821292282,0.2610287313718361,0.3022117125574256,0.1383014655194201,0.1913117895358914,0.3261626801108116,0.10529357198752186,0.18608874467418027,0.29077281667105126
937.5,4209.231,4356.923,4154.359,4138.974,4177.949,0.14049347966345122,0.20996901123752704,0.2568226116032311,0.07302305636192329,0.15167118388934475,0.3809003821292282,0.2610287313718361,0.3022117125574256,0.1383014655194201,0.1913117895358914,0.3261626801108116,0.10529357198752186,0.18608874467418027,0.29077281667105126
945.3125,4183.59,4356.923,4113.333,4111.795,4149.744,0.14049347966345122,0.20996901123752704,0.2568226116032311,0.07302305636192329,0.15167118388934475,0.3809003821292282,0.2610287313718361,0.3022117125574256,0.1383014655194201,0.1913117895358914,0.3261626801108116,0.10529357198752186,0.18608874467418027,0.29077281667105126
953.125,4183.59,4376.41,4102.051,4115.385,4153.846,0.14049347966345122,0.20996901123752704,0.2568226116032311,0.07302305636192329,0.15167118388934475,0.3809003821292282,0.2610287313718361,0.3022117125574256,0.1383014655194201,0.1913117895358914,0.3261626801108116,0.10529357198752186,0.18608874467418027,0.29077281667105126
960.9375,4248.205,4392.308,4182.564,4175.897,4214.359,0.14049347966345122,0.20996901123752704,0.2568226116032311,0.07302305636192329,0.15167118388934475,0.3809003821292282,0.2610287313718361,0.3022117125574256,0.1383014655194201,0.1913117895358914,0.3261626801108116,0.10529357198752186,0.18608874467418027,0.29077281667105126
968.75,4303.077,4427.179,4253.846,4218.974,4264.615,0.14049347966345122,0.20996901123752704,0.2568226116032311,0.07302305636192329,0.15167118388934475,0.3809003821292282,0.2610287313718361,0.3022117125574256,0.1383014655194201,0.1913117895358914,0.3261626801108116,0.10529357198752186,0.18608874467418027,0.29077281667105126
976.5625,4280.0,4443.59,4235.385,4194.872,4243.59,0.14049347966345122,0.20996901123752704,0.2568226116032311,0.07302305636192329,0.15167118388934475,0.3809003821292282,0.2610287313718361,0.3022117125574256,0.1383014655194201,0.1913117895358914,0.3261626801108116,0.10529357198752186,0.18608874467418027,0.29077281667105126
984.375,4250.256,4438.974,4201.538,4173.846,4224.103,0.14049347966345122,0.20996901123752704,0.2568226116032311,0.07302305636192329,0.15167118388934475,0.3809003821292282,0.2610287313718361,0.3022117125574256,0.1383014655194201,0.1913117895358914,0.3261626801108116,0.10529357198752186,0.18608874467418027,0.29077281667105126
992.1875,4263.59,4438.974,4197.436,4187.692,4242.564,0.14049347966345122,0.20996901123752704,0.2568226116032311,0.07302305636192329,0.15167118388934475,0.3809003821292282,0.2610287313718361,0.3022117125574256,0.1383014655194201,0.1913117895358914,0.3261626801108116,0.10529357198752186,0.18608874467418027,0.29077281667105126
1000.0,4275.897,4415.897,4200.0,4193.333,4246.667,0.14049347966345122,0.20996901123752704,0.2568226116032311,0.07302305636192329,0.15167118388934475,0.3809003821292282,0.2610287313718361,0.3022117125574256,0.1383014655194201,0.1913117895358914,0.3261626801108116,0.10529357198752186,0.18608874467418027,0.29077281667105126
1007.8125,4264.103,4394.872,4202.564,4175.897,4229.231,0.14049347966345122,0.20996901123752704,0.2568226116032311,0.07302305636192329,0.15167118388934475,0.3809003821292282,0.2610287313718361,0.3022117125574256,0.1383014655194201,0.1913117895358914,0.3261626801108116,0.10529357198752186,0.18608874467418027,0.29077281667105126
1015.625,4255.897,4411.795,4197.436,4166.667,4225.641,0.14049347966345122,0.20996901123752704,0.2568226116032311,0.07302305636192329,0.15167118388934475,0.3809003821292282,0.2610287313718361,0.3022117125574256,0.1383014655194201,0.1913117895358914,0.3261626801108116,0.10529357198752186,0.18608874467418027,0.29077281667105126
1023.4375,4266.667,4451.282,4189.744,4188.205,4246.667,0.14049347966345122,0.20996901123752704,0.2568226116032311,0.07302305636192329,0.15167118388934475,0.3809003821292282,0.2610287313718361,0.3022117125574256,0.1383014655194201,0.1913117895358914,0.3261626801108116,0.10529357198752186,0.18608874467418027,0.29077281667105126
1031.25,4268.718,4447.692,4180.513,4200.513,4251.282,0.14049347966345122,0.20996901123752704,0.2568226116032311,0.07302305636192329,0.15167118388934475,0.3809003821292282,0.2610287313718361,0.3022117125574256,0.1383014655194201,0.1913117895358914,0.3261626801108116,0.10529357198752186,0.18608874467418027,0.29077281667105126
1039.0625,4249.744,4392.308,4166.154,4174.359,4222.564,0.14049347966345122,0.20996901123752704,0.2568226116032311,0.07302305636192329,0.15167118388934475,0.3809003821292282,0.2610287313718361,0.3022117125574256,0.1383014655194201,0.1913117895358914,0.3261626801108116,0.10529357198752186,0.18608874467418027,0.29077281667105126
1046.875,4255.385,4383.59,4176.41,4168.718,4216.41,0.14049347966345122,0.20996901123752704,0.2568226116032311,0.07302305636192329,0.15167118388934475,0.3809003821292282,0.2610287313718361,0.3022117125574256,0.1383014655194201,0.1913117895358914,0.3261626801108116,0.10529357198752186,0.18608874467418027,0.29077281667105126
1054.6875,4261.026,4418.974,4184.615,4174.872,4231.282,0.14049347966345122,0.20996901123752704,0.2568226116032311,0.07302305636192329,0.15167118388934475,0.3809003821292282,0.2610287313718361,0.3022117125574256,0.1383014655194201,0.1913117895358914,0.3261626801108116,0.10529357198752186,0.18608874467418027,0.29077281667105126
1062.5,4238.974,4415.897,4158.974,4162.564,4229.231,0.14049347966345122,0.20996901123752704,0.2568226116032311,0.07302305636192329,0.15167118388934475,0.3809003821292282,0.2610287313718361,0.3022117125574256,0.1383014655194201,0.1913117895358914,0.3261626801108116,0.10529357198752186,0.18608874467418027,0.29077281667105126
1070.3125,4258.974,4409.744,4167.692,4187.692,4238.974,0.14049347966345122,0.20996901123752704,0.2568226116032311,0.07302305636192329,0.15167118388934475,0.3809003821292282,0.2610287313718361,0.3022117125574256,0.1383014655194201,0.1913117895358914,0.3261626801108116,0.10529357198752186,0.18608874467418027,0.29077281667105126
1078.125,4298.462,4438.462,4208.205,4218.462,4258.462,0.14049347966345122,0.20996901123752704,0.2568226116032311,0.07302305636192329,0.15167118388934475,0.3809003821292282,0.2610287313718361,0.3022117125574256,0.1383014655194201,0.1913117895358914,0.3261626801108116,0.10529357198752186,0.18608874467418027,0.29077281667105126
1085.9375,4291.282,4453.333,4213.846,4204.615,4268.718,0.14049347966345122,0.20996901123752704,0.2568226116032311,0.07302305636192329,0.15167118388934475,0.3809003821292282,0.2610287313718361,0.3022117125574256,0.1383014655194201,0.1913117895358914,0.3261626801108116,0.10529357198752186,0.18608874467418027,0.29077281667105126
1093.75,4296.923,4445.128,4218.462,4213.846,4287.179,0.14049347966345122,0.20996901123752704,0.2568226116032311,0.07302305636192329,0.15167118388934475,0.3809003821292282,0.2610287313718361,0.3022117125574256,0.1383014655194201,0.1913117895358914,0.3261626801108116,0.10529357198752186,0.18608874467418027,0.29077281667105126
1101.5625,4328.718,4451.795,4244.103,4246.154,4293.846,0.14049347966345122,0.20996901123752704,0.2568226116032311,0.07302305636192329,0.15167118388934475,0.3809003821292282,0.2610287313718361,0.3022117125574256,0.1383014655194201,0.1913117895358914,0.3261626801108116,0.10529357198752186,0.18608874467418027,0.29077281667105126
1109.375,4320.513,4464.615,4238.462,4228.718,4277.949,0.14049347966345122,0.20996901123752704,0.2568226116032311,0.07302305636192329,0.15167118388934475,0.3809003821292282,0.2610287313718361,0.3022117125574256,0.1383014655194201,0.1913117895358914,0.3261626801108116,0.10529357198752186,0.18608874467418027,0.29077281667105126
1117.1875,4303.077,4452.308,4227.692,4212.308,4278.462,0.14049347966345122,0.20996901123752704,0.2568226116032311,0.07302305636192329,0.15167118388934475,0.3809003821292282,0.2610287313718361,0.3022117125574256,0.1383014655194201,0.1913117895358914,0.3261626801108116,0.10529357198752186,0.18608874467418027,0.29077281667105126
1125.0,4304.615,4412.308,4241.538,4220.513,4276.923,0.14049347966345122,0.20996901123752704,0.2568226116032311,0.07302305636192329,0.15167118388934475,0.3809003821292282,0.2610287313718361,0.3022117125574256,0.1383014655194201,0.1913117895358914,0.3261626801108116,0.10529357198752186,0.18608874467418027,0.29077281667105126
1132.8125,4290.769,4418.974,4231.795,4202.564,4261.538,0.14049347966345122,0.20996901123752704,0.2568226116032311,0.07302305636192329,0.15167118388934475,0.3809003821292282,0.2610287313718361,0.3022117125574256,0.1383014655194201,0.1913117895358914,0.3261626801108116,0.10529357198752186,0.18608874467418027,0.29077281667105126
1140.625,4290.256,4461.538,4211.282,4194.872,4276.923,0.14049347966345122,0.20996901123752704,0.2568226116032311,0.07302305636192329,0.15167118388934475,0.3809003821292282,0.2610287313718361,0.3022117125574256,0.1383014655194201,0.1913117895358914,0.3261626801108116,0.10529357198752186,0.18608874467418027,0.29077281667105126
1148.4375,4310.769,4431.795,4210.769,4210.256,4289.744,0.14049347966345122,0.20996901123752704,0.2568226116032311,0.07302305636192329,0.15167118388934475,0.3809003821292282,0.2610287313718361,0.3022117125574256,0.1383014655194201,0.1913117895358914,0.3261626801108116,0.10529357198752186,0.18608874467418027,0.29077281667105126
1156.25,4290.256,4390.256,4195.897,4184.615,4257.949,0.14049347966345122,0.20996901123752704,0.2568226116032311,0.07302305636192329,0.15167118388934475,0.3809003821292282,0.2610287313718361,0.3022117125574256,0.1383014655194201,0.1913117895358914,0.3261626801108116,0.10529357198752186,0.18608874467418027,0.29077281667105126
1164.0625,4246.667,4418.974,4167.179,4147.692,4232.308,0.14049347966345122,0.20996901123752704,0.2568226116032311,0.07302305636192329,0.15167118388934475,0.3809003821292282,0.2610287313718361,0.3022117125574256,0.1383014655194201,0.1913117895358914,0.3261626801108116,0.10529357198752186,0.18608874467418027,0.29077281667105126
1171.875,4242.564,4440.0,4165.641,4164.103,4245.128,0.14049347966345122,0.20996901123752704,0.2568226116032311,0.07302305636192329,0.15167118388934475,0.3809003821292282,0.2610287313718361,0.3022117125574256,0.1383014655194201,0.1913117895358914,0.3261626801108116,0.10529357198752186,0.18608874467418027,0.29077281667105126
1179.6875,4266.154,4407.179,4184.103,4191.795,4262.564,0.14049347966345122,0.20996901123752704,0.2568226116032311,0.07302305636192329,0.15167118388934475,0.3809003821292282,0.2610287313718361,0.3022117125574256,0.1383014655194201,0.1913117895358914,0.3261626801108116,0.10529357198752186,0.18608874467418027,0.29077281667105126
1187.5,4275.385,4381.538,4194.872,4177.949,4253.846,0.14049347966345122,0.20996901123752704,0.2568226116032311,0.07302305636192329,0.15167118388934475,0.3809003821292282,0.2610287313718361,0.3022117125574256,0.1383014655194201,0.1913117895358914,0.3261626801108116,0.10529357198752186,0.18608874467418027,0.29077281667105126
1195.3125,4277.949,4414.359,4210.256,4174.359,4253.846,0.14049347966345122,0.20996901123752704,0.2568226116032311,0.07302305636192329,0.15167118388934475,0.3809003821292282,0.2610287313718361,0.3022117125574256,0.1383014655194201,0.1913117895358914,0.3261626801108116,0.10529357198752186,0.18608874467418027,0.29077281667105126
1203.125,4282.051,4463.59,4218.462,4199.487,4274.359,0.14049347966345122,0.20996901123752704,0.2568226116032311,0.07302305636192329,0.15167118388934475,0.3809003821292282,0.2610287313718361,0.3022117125574256,0.1383014655194201,0.1913117895358914,0.3261626801108116,0.10529357198752186,0.18608874467418027,0.29077281667105126
1210.9375,4286.667,4448.718,4211.282,4198.462,4275.385,0.14049347966345122,0.20996901123752704,0.2568226116032311,0.07302305636192329,0.15167118388934475,0.3809003821292282,0.2610287313718361,0.3022117125574256,0.1383014655194201,0.1913117895358914,0.3261626801108116,0.10529357198752186,0.18608874467418027,0.29077281667105126
1218.75,4302.564,4397.949,4227.179,4195.897,4274.359,0.14049347966345122,0.20996901123752704,0.2568226116032311,0.07302305636192329,0.15167118388934475,0.3809003821292282,0.2610287313718361,0.3022117125574256,0.1383014655194201,0.1913117895358914,0.3261626801108116,0.10529357198752186,0.18608874467418027,0.29077281667105126
1226.5625,4321.026,4421.026,4244.615,4233.333,4309.231,0.14049347966345122,0.20996901123752704,0.2568226116032311,0.07302305636192329,0.15167118388934475,0.3809003821292282,0.2610287313718361,0.3022117125574256,0.1383014655194201,0.1913117895358914,0.3261626801108116,0.10529357198752186,0.18608874467418027,0.29077281667105126
1234.375,4313.333,4431.795,4217.949,4232.821,4310.769,0.14049347966345122,0.20996901123752704,0.2568226116032311,0.07302305636192329,0.15167118388934475,0.3809003821292282,0.2610287313718361,0.3022117125574256,0.1383014655194201,0.1913117895358914,0.3261626801108116,0.10529357198752186,0.18608874467418027,0.29077281667105126
1242.1875,4295.385,4351.282,4192.308,4186.154,4262.051,0.14049347966345122,0.20996901123752704,0.2568226116032311,0.07302305636192329,0.15167118388934475,0.3809003821292282,0.2610287313718361,0.3022117125574256,0.1383014655194201,0.1913117895358914,0.3261626801108116,0.10529357198752186,0.18608874467418027,0.29077281667105126
1250.0,4289.231,4318.974,4211.282,4181.026,4249.231,0.14049347966345122,0.20996901123752704,0.2568226116032311,0.07302305636192329,0.15167118388934475,0.3809003821292282,0.2610287313718361,0.3022117125574256,0.1383014655194201,0.1913117895358914,0.3261626801108116,0.10529357198752186,0.18608874467418027,0.29077281667105126
1257.8125,4280.0,4368.205,4217.436,4195.897,4260.513,0.14049347966345122,0.20996901123752704,0.2568226116032311,0.07302305636192329,0.15167118388934475,0.3809003821292282,0.2610287313718361,0.3022117125574256,0.1383014655194201,0.1913117895358914,0.3261626801108116,0.10529357198752186,0.18608874467418027,0.29077281667105126
1265.625,4285.641,4383.077,4193.333,4205.641,4264.103,0.14049347966345122,0.20996901123752704,0.2568226116032311,0.07302305636192329,0.15167118388934475,0.3809003821292282,0.2610287313718361,0.3022117125574256,0.1383014655194201,0.1913117895358914,0.3261626801108116,0.10529357198752186,0.18608874467418027,0.29077281667105126
1273.4375,4297.949,4343.077,4192.308,4207.692,4263.59,0.14049347966345122,0.20996901123752704,0.2568226116032311,0.07302305636192329,0.15167118388934475,0.3809003821292282,0.2610287313718361,0.3022117125574256,0.1383014655194201,0.1913117895358914,0.3261626801108116,0.10529357198752186,0.18608874467418027,0.29077281667105126
1281.25,4275.385,4332.821,4197.949,4178.974,4251.282,0.14049347966345122,0.20996901123752704,0.2568226116032311,0.07302305636192329,0.15167118388934475,0.3809003821292282,0.2610287313718361,0.3022117125574256,0.1383014655194201,0.1913117895358914,0.3261626801108116,0.10529357198752186,0.18608874467418027,0.29077281667105126
1289.0625,4253.333,4362.051,4182.564,4165.128,4245.128,0.14049347966345122,0.20996901123752704,0.2568226116032311,0.07302305636192329,0.15167118388934475,0.3809003821292282,0.2610287313718361,0.3022117125574256,0.1383014655194201,0.1913117895358914,0.3261626801108116,0.10529357198752186,0.18608874467418027,0.29077281667105126
1296.875,4268.718,4387.692,4189.744,4192.308,4258.462,0.14049347966345122,0.20996901123752704,0.2568226116032311,0.07302305636192329,0.15167118388934475,0.3809003821292282,0.2610287313718361,0.3022117125574256,0.1383014655194201,0.1913117895358914,0.3261626801108116,0.10529357198752186,0.18608874467418027,0.29077281667105126
1304.6875,4307.692,4393.846,4234.359,4217.436,4284.615,0.14049347966345122,0.20996901123752704,0.2568226116032311,0.07302305636192329,0.15167118388934475,0.3809003821292282,0.2610287313718361,0.3022117125574256,0.1383014655194201,0.1913117895358914,0.3261626801108116,0.10529357198752186,0.18608874467418027,0.29077281667105126
1312.5,4329.744,4406.154,4263.077,4222.051,4305.128,0.14049347966345122,0.20996901123752704,0.2568226116032311,0.07302305636192329,0.15167118388934475,0.3809003821292282,0.2610287313718361,0.3022117125574256,0.1383014655194201,0.1913117895358914,0.3261626801108116,0.10529357198752186,0.18608874467418027,0.29077281667105126
1320.3125,4323.077,4449.231,4255.897,4225.641,4308.205,0.14049347966345122,0.20996901123752704,0.2568226116032311,0.07302305636192329,0.15167118388934475,0.3809003821292282,0.2610287313718361,0.3022117125574256,0.1383014655194201,0.1913117895358914,0.3261626801108116,0.10529357198752186,0.18608874467418027,0.29077281667105126
1328.125,4310.256,4457.949,4240.0,4219.487,4295.897,0.14049347966345122,0.20996901123752704,0.2568226116032311,0.07302305636192329,0.15167118388934475,0.3809003821292282,0.2610287313718361,0.3022117125574256,0.1383014655194201,0.1913117895358914,0.3261626801108116,0.10529357198752186,0.18608874467418027,0.29077281667105126
1335.9375,4289.231,4402.564,4217.949,4196.923,4266.667,0.14049347966345122,0.20996901123752704,0.2568226116032311,0.07302305636192329,0.15167118388934475,0.3809003821292282,0.2610287313718361,0.3022117125574256,0.1383014655194201,0.1913117895358914,0.3261626801108116,0.10529357198752186,0.18608874467418027,0.29077281667105126
1343.75,4255.897,4353.846,4191.795,4174.359,4224.615,0.14049347966345122,0.20996901123752704,0.2568226116032311,0.07302305636192329,0.15167118388934475,0.3809003821292282,0.2610287313718361,0.3022117125574256,0.1383014655194201,0.1913117895358914,0.3261626801108116,0.10529357198752186,0.18608874467418027,0.29077281667105126
1351.5625,4234.872,4354.359,4174.359,4140.0,4200.513,0.14049347966345122,0.20996901123752704,0.2568226116032311,0.07302305636192329,0.15167118388934475,0.3809003821292282,0.2610287313718361,0.3022117125574256,0.1383014655194201,0.1913117895358914,0.3261626801108116,0.10529357198752186,0.18608874467418027,0.29077281667105126
1359.375,4240.0,4375.385,4168.718,4127.179,4218.462,0.14049347966345122,0.20996901123752704,0.2568226116032311,0.07302305636192329,0.15167118388934475,0.3809003821292282,0.2610287313718361,0.3022117125574256,0.1383014655194201,0.1913117895358914,0.3261626801108116,0.10529357198752186,0.18608874467418027,0.29077281667105126
1367.1875,4253.333,4386.154,4177.436,4167.179,4244.615,0.14049347966345122,0.20996901123752704,0.2568226116032311,0.07302305636192329,0.15167118388934475,0.3809003821292282,0.2610287313718361,0.3022117125574256,0.1383014655194201,0.1913117895358914,0.3261626801108116,0.10529357198752186,0.18608874467418027,0.29077281667105126
1375.0,4264.615,4374.359,4193.846,4193.333,4244.103,0.14049347966345122,0.20996901123752704,0.2568226116032311,0.07302305636192329,0.15167118388934475,0.3809003821292282,0.2610287313718361,0.3022117125574256,0.1383014655194201,0.1913117895358914,0.3261626801108116,0.10529357198752186,0.18608874467418027,0.29077281667105126
1382.8125,4265.641,4359.487,4196.41,4163.077,4227.692,0.14049347966345122,0.20996901123752704,0.2568226116032311,0.07302305636192329,0.15167118388934475,0.3809003821292282,0.2610287313718361,0.3022117125574256,0.1383014655194201,0.1913117895358914,0.3261626801108116,0.10529357198752186,0.18608874467418027,0.29077281667105126
1390.625,4258.974,4356.41,4190.256,4147.179,4221.538,0.14049347966345122,0.20996901123752704,0.2568226116032311,0.07302305636192329,0.15167118388934475,0.3809003821292282,0.2610287313718361,0.3022117125574256,0.1383014655194201,0.1913117895358914,0.3261626801108116,0.10529357198752186,0.18608874467418027,0.29077281667105126
1398.4375,4251.795,4352.821,4179.487,4160.0,4221.538,0.14049347966345122,0.20996901123752704,0.2568226116032311,0.07302305636192329,0.15167118388934475,0.3809003821292282,0.2610287313718361,0.3022117125574256,0.1383014655194201,0.1913117895358914,0.3261626801108116,0.10529357198752186,0.18608874467418027,0.29077281667105126
1406.25,4250.769,4385.641,4168.205,4165.641,4229.744,0.14049347966345122,0.20996901123752704,0.2568226116032311,0.07302305636192329,0.15167118388934475,0.3809003821292282,0.2610287313718361,0.3022117125574256,0.1383014655194201,0.1913117895358914,0.3261626801108116,0.10529357198752186,0.18608874467418027,0.29077281667105126
1414.0625,4277.949,4434.359,4193.846,4187.179,4256.41,0.14049347966345122,0.20996901123752704,0.2568226116032311,0.07302305636192329,0.15167118388934475,0.3809003821292282,0.2610287313718361,0.3022117125574256,0.1383014655194201,0.1913117895358914,0.3261626801108116,0.10529357198752186,0.18608874467418027,0.29077281667105126
1421.875,4308.205,4412.308,4232.821,4210.256,4272.308,0.14049347966345122,0.20996901123752704,0.2568226116032311,0.07302305636192329,0.15167118388934475,0.3809003821292282,0.2610287313718361,0.3022117125574256,0.1383014655194201,0.1913117895358914,0.3261626801108116,0.10529357198752186,0.18608874467418027,0.29077281667105126
1429.6875,4306.667,4387.179,4241.026,4214.359,4265.641,0.14049347966345122,0.20996901123752704,0.2568226116032311,0.07302305636192329,0.15167118388934475,0.3809003821292282,0.2610287313718361,0.3022117125574256,0.1383014655194201,0.1913117895358914,0.3261626801108116,0.10529357198752186,0.18608874467418027,0.29077281667105126
1437.5,4290.769,4414.872,4224.103,4207.179,4264.103,0.14049347966345122,0.20996901123752704,0.2568226116032311,0.07302305636192329,0.15167118388934475,0.3809003821292282,0.2610287313718361,0.3022117125574256,0.1383014655194201,0.1913117895358914,0.3261626801108116,0.10529357198752186,0.18608874467418027,0.29077281667105126
1445.3125,4285.641,4410.769,4201.538,4183.59,4254.359,0.14049347966345122,0.20996901123752704,0.2568226116032311,0.07302305636192329,0.15167118388934475,0.3809003821292282,0.2610287313718361,0.3022117125574256,0.1383014655194201,0.1913117895358914,0.3261626801108116,0.10529357198752186,0.18608874467418027,0.29077281667105126
1453.125,4281.026,4371.282,4197.949,4169.231,4230.769,0.14049347966345122,0.20996901123752704,0.2568226116032311,0.07302305636192329,0.15167118388934475,0.3809003821292282,0.2610287313718361,0.3022117125574256,0.1383014655194201,0.1913117895358914,0.3261626801108116,0.10529357198752186,0.18608874467418027,0.29077281667105126
1460.9375,4268.205,4375.897,4205.641,4167.692,4225.128,0.14049347966345122,0.20996901123752704,0.2568226116032311,0.07302305636192329,0.15167118388934475,0.3809003821292282,0.2610287313718361,0.3022117125574256,0.1383014655194201,0.1913117895358914,0.3261626801108116,0.10529357198752186,0.18608874467418027,0.29077281667105126
1468.75,4247.692,4377.949,4180.513,4157.436,4222.564,0.14049347966345122,0.20996901123752704,0.2568226116032311,0.07302305636192329,0.15167118388934475,0.3809003821292282,0.2610287313718361,0.3022117125574256,0.1383014655194201,0.1913117895358914,0.3261626801108116,0.10529357198752186,0.18608874467418027,0.29077281667105126
1476.5625,4224.103,4353.846,4135.897,4144.103,4195.897,0.14049347966345122,0.20996901123752704,0.2568226116032311,0.07302305636192329,0.15167118388934475,0.3809003821292282,0.2610287313718361,0.3022117125574256,0.1383014655194201,0.1913117895358914,0.3261626801108116,0.10529357198752186,0.18608874467418027,0.29077281667105126
1484.375,4232.308,4383.077,4144.615,4157.436,4198.462,0.14049347966345122,0.20996901123752704,0.2568226116032311,0.07302305636192329,0.15167118388934475,0.3809003821292282,0.2610287313718361,0.3022117125574256,0.1383014655194201,0.1913117895358914,0.3261626801108116,0.10529357198752186,0.18608874467418027,0.29077281667105126
1492.1875,4262.051,4411.795,4187.692,4179.487,4231.795,0.14049347966345122,0.20996901123752704,0.2568226116032311,0.07302305636192329,0.15167118388934475,0.3809003821292282,0.2610287313718361,0.3022117125574256,0.1383014655194201,0.1913117895358914,0.3261626801108116,0.10529357198752186,0.18608874467418027,0.29077281667105126
1500.0,4272.308,4377.949,4207.179,4189.231,4238.974,0.14049347966345122,0.20996901123752704,0.2568226116032311,0.07302305636192329,0.15167118388934475,0.3809003821292282,0.2610287313718361,0.3022117125574256,0.1383014655194201,0.1913117895358914,0.3261626801108116,0.10529357198752186,0.18608874467418027,0.29077281667105126
1507.8125,4270.256,4383.59,4210.256,4194.359,4237.436,0.14049347966345122,0.20996901123752704,0.2568226116032311,0.07302305636192329,0.15167118388934475,0.3809003821292282,0.2610287313718361,0.3022117125574256,0.1383014655194201,0.1913117895358914,0.3261626801108116,0.10529357198752186,0.18608874467418027,0.29077281667105126
1515.625,4276.41,4412.821,4197.949,4194.872,4248.718,0.14049347966345122,0.20996901123752704,0.2568226116032311,0.07302305636192329,0.15167118388934475,0.3809003821292282,0.2610287313718361,0.3022117125574256,0.1383014655194201,0.1913117895358914,0.3261626801108116,0.10529357198752186,0.18608874467418027,0.29077281667105126
1523.4375,4278.974,4387.692,4178.462,4186.667,4246.667,0.14049347966345122,0.20996901123752704,0.2568226116032311,0.07302305636192329,0.15167118388934475,0.3809003821292282,0.2610287313718361,0.3022117125574256,0.1383014655194201,0.1913117895358914,0.3261626801108116,0.10529357198752186,0.18608874467418027,0.29077281667105126
1531.25,4270.256,4368.205,4173.333,4181.026,4231.282,0.14049347966345122,0.20996901123752704,0.2568226116032311,0.07302305636192329,0.15167118388934475,0.3809003821292282,0.2610287313718361,0.3022117125574256,0.1383014655194201,0.1913117895358914,0.3261626801108116,0.10529357198752186,0.18608874467418027,0.29077281667105126
1539.0625,4257.949,4373.846,4179.487,4182.051,4224.103,0.14049347966345122,0.20996901123752704,0.2568226116032311,0.07302305636192329,0.15167118388934475,0.3809003821292282,0.2610287313718361,0.3022117125574256,0.1383014655194201,0.1913117895358914,0.3261626801108116,0.10529357198752186,0.18608874467418027,0.29077281667105126
1546.875,4238.974,4363.077,4183.077,4167.692,4214.359,0.14049347966345122,0.20996901123752704,0.2568226116032311,0.07302305636192329,0.15167118388934475,0.3809003821292282,0.2610287313718361,0.3022117125574256,0.1383014655194201,0.1913117895358914,0.3261626801108116,0.10529357198752186,0.18608874467418027,0.29077281667105126
1554.6875,4235.385,4391.282,4181.538,4171.282,4216.41,0.14049347966345122,0.20996901123752704,0.2568226116032311,0.07302305636192329,0.15167118388934475,0.3809003821292282,0.2610287313718361,0.3022117125574256,0.1383014655194201,0.1913117895358914,0.3261626801108116,0.10529357198752186,0.18608874467418027,0.29077281667105126
1562.5,4253.333,4415.897,4185.128,4200.513,4237.436,0.14049347966345122,0.20996901123752704,0.2568226116032311,0.07302305636192329,0.15167118388934475,0.3809003821292282,0.2610287313718361,0.3022117125574256,0.1383014655194201,0.1913117895358914,0.3261626801108116,0.10529357198752186,0.18608874467418027,0.29077281667105126
1570.3125,4258.974,4374.872,4188.205,4193.846,4236.41,0.14049347966345122,0.20996901123752704,0.2568226116032311,0.07302305636192329,0.15167118388934475,0.3809003821292282,0.2610287313718361,0.3022117125574256,0.1383014655194201,0.1913117895358914,0.3261626801108116,0.10529357198752186,0.18608874467418027,0.29077281667105126
1578.125,4261.538,4368.718,4196.41,4179.487,4235.897,0.14049347966345122,0.20996901123752704,0.2568226116032311,0.07302305636192329,0.15167118388934475,0.3809003821292282,0.2610287313718361,0.3022117125574256,0.1383014655194201,0.1913117895358914,0.3261626801108116,0.10529357198752186,0.18608874467418027,0.29077281667105126
1585.9375,4278.974,4375.897,4207.179,4190.256,4249.744,0.14049347966345122,0.20996901123752704,0.2568226116032311,0.07302305636192329,0.15167118388934475,0.3809003821292282,0.2610287313718361,0.3022117125574256,0.1383014655194201,0.1913117895358914,0.3261626801108116,0.10529357198752186,0.18608874467418027,0.29077281667105126
1593.75,4277.949,4354.359,4199.487,4190.256,4248.718,0.14049347966345122,0.20996901123752704,0.2568226116032311,0.07302305636192329,0.15167118388934475,0.3809003821292282,0.2610287313718361,0.3022117125574256,0.1383014655194201,0.1913117895358914,0.3261626801108116,0.10529357198752186,0.18608874467418027,0.29077281667105126
1601.5625,4263.59,4385.128,4188.718,4192.308,4247.692,0.14049347966345122,0.20996901123752704,0.2568226116032311,0.07302305636192329,0.15167118388934475,0.3809003821292282,0.2610287313718361,0.3022117125574256,0.1383014655194201,0.1913117895358914,0.3261626801108116,0.10529357198752186,0.18608874467418027,0.29077281667105126
1609.375,4262.051,4403.077,4188.205,4208.205,4247.692,0.14049347966345122,0.20996901123752704,0.2568226116032311,0.07302305636192329,0.15167118388934475,0.3809003821292282,0.2610287313718361,0.3022117125574256,0.1383014655194201,0.1913117895358914,0.3261626801108116,0.10529357198752186,0.18608874467418027,0.29077281667105126
1617.1875,4263.077,4361.538,4190.769,4207.692,4237.949,0.14049347966345122,0.20996901123752704,0.2568226116032311,0.07302305636192329,0.15167118388934475,0.3809003821292282,0.2610287313718361,0.3022117125574256,0.1383014655194201,0.1913117895358914,0.3261626801108116,0.10529357198752186,0.18608874467418027,0.29077281667105126
1625.0,4265.128,4360.513,4198.974,4193.333,4234.359,0.14049347966345122,0.20996901123752704,0.2568226116032311,0.07302305636192329,0.15167118388934475,0.3809003821292282,0.2610287313718361,0.3022117125574256,0.1383014655194201,0.1913117895358914,0.3261626801108116,0.10529357198752186,0.18608874467418027,0.29077281667105126
1632.8125,4255.897,4402.051,4184.615,4169.231,4227.692,0.14049347966345122,0.20996901123752704,0.2568226116032311,0.07302305636192329,0.15167118388934475,0.3809003821292282,0.2610287313718361,0.3022117125574256,0.1383014655194201,0.1913117895358914,0.3261626801108116,0.10529357198752186,0.18608874467418027,0.29077281667105126
1640.625,4249.744,4403.077,4155.385,4164.103,4223.59,0.14049347966345122,0.20996901123752704,0.2568226116032311,0.07302305636192329,0.15167118388934475,0.3809003821292282,0.2610287313718361,0.3022117125574256,0.1383014655194201,0.1913117895358914,0.3261626801108116,0.10529357198752186,0.18608874467418027,0.29077281667105126
1648.4375,4283.59,4380.0,4182.051,4197.949,4250.256,0.14049347966345122,0.20996901123752704,0.2568226116032311,0.07302305636192329,0.15167118388934475,0.3809003821292282,0.2610287313718361,0.3022117125574256,0.1383014655194201,0.1913117895358914,0.3261626801108116,0.10529357198752186,0.18608874467418027,0.29077281667105126
1656.25,4311.795,4374.359,4235.385,4218.974,4268.718,0.14049347966345122,0.20996901123752704,0.2568226116032311,0.07302305636192329,0.15167118388934475,0.3809003821292282,0.2610287313718361,0.3022117125574256,0.1383014655194201,0.1913117895358914,0.3261626801108116,0.10529357198752186,0.18608874467418027,0.29077281667105126
1664.0625,4295.385,4416.923,4246.154,4215.897,4262.564,0.14049347966345122,0.20996901123752704,0.2568226116032311,0.07302305636192329,0.15167118388934475,0.3809003821292282,0.2610287313718361,0.3022117125574256,0.1383014655194201,0.1913117895358914,0.3261626801108116,0.10529357198752186,0.18608874467418027,0.29077281667105126
1671.875,4292.308,4447.179,4234.359,4222.564,4267.692,0.14049347966345122,0.20996901123752704,0.2568226116032311,0.07302305636192329,0.15167118388934475,0.3809003821292282,0.2610287313718361,0.3022117125574256,0.1383014655194201,0.1913117895358914,0.3261626801108116,0.10529357198752186,0.18608874467418027,0.29077281667105126
1679.6875,4309.744,4398.462,4235.897,4221.026,4264.615,0.14049347966345122,0.20996901123752704,0.2568226116032311,0.07302305636192329,0.15167118388934475,0.3809003821292282,0.2610287313718361,0.3022117125574256,0.1383014655194201,0.1913117895358914,0.3261626801108116,0.10529357198752186,0.18608874467418027,0.29077281667105126
1687.5,4293.333,4363.077,4232.821,4197.436,4245.128,0.14049347966345122,0.20996901123752704,0.2568226116032311,0.07302305636192329,0.15167118388934475,0.3809003821292282,0.2610287313718361,0.3022117125574256,0.1383014655194201,0.1913117895358914,0.3261626801108116,0.10529357198752186,0.18608874467418027,0.29077281667105126
1695.3125,4266.667,4385.128,4204.103,4186.154,4236.923,0.14049347966345122,0.20996901123752704,0.2568226116032311,0.07302305636192329,0.15167118388934475,0.3809003821292282,0.2610287313718361,0.3022117125574256,0.1383014655194201,0.1913117895358914,0.3261626801108116,0.10529357198752186,0.18608874467418027,0.29077281667105126
1703.125,4283.59,4403.077,4186.154,4212.821,4256.41,0.14049347966345122,0.20996901123752704,0.2568226116032311,0.07302305636192329,0.15167118388934475,0.3809003821292282,0.2610287313718361,0.3022117125574256,0.1383014655194201,0.1913117895358914,0.3261626801108116,0.10529357198752186,0.18608874467418027,0.29077281667105126
1710.9375,4312.308,4390.769,4213.333,4235.385,4276.41,0.14049347966345122,0.20996901123752704,0.2568226116032311,0.07302305636192329,0.15167118388934475,0.3809003821292282,0.2610287313718361,0.3022117125574256,0.1383014655194201,0.1913117895358914,0.3261626801108116,0.10529357198752186,0.18608874467418027,0.29077281667105126
1718.75,4282.564,4358.462,4213.846,4188.718,4246.154,0.14049347966345122,0.20996901123752704,0.2568226116032311,0.07302305636192329,0.15167118388934475,0.3809003821292282,0.2610287313718361,0.3022117125574256,0.1383014655194201,0.1913117895358914,0.3261626801108116,0.10529357198752186,0.18608874467418027,0.29077281667105126
1726.5625,4231.282,4343.077,4170.256,4134.872,4197.949,0.14049347966345122,0.20996901123752704,0.2568226116032311,0.07302305636192329,0.15167118388934475,0.3809003821292282,0.2610287313718361,0.3022117125574256,0.1383014655194201,0.1913117895358914,0.3261626801108116,0.10529357198752186,0.18608874467418027,0.29077281667105126
1734.375,4229.231,4378.462,4166.667,4157.436,4204.103,0.14049347966345122,0.20996901123752704,0.2568226116032311,0.07302305636192329,0.15167118388934475,0.3809003821292282,0.2610287313718361,0.3022117125574256,0.1383014655194201,0.1913117895358914,0.3261626801108116,0.10529357198752186,0.18608874467418027,0.29077281667105126
1742.1875,4247.179,4400.0,4187.692,4191.795,4228.205,0.14049347966345122,0.20996901123752704,0.2568226116032311,0.07302305636192329,0.15167118388934475,0.3809003821292282,0.2610287313718361,0.3022117125574256,0.1383014655194201,0.1913117895358914,0.3261626801108116,0.10529357198752186,0.18608874467418027,0.29077281667105126
1750.0,4241.026,4372.821,4171.282,4178.974,4217.949,0.14049347966345122,0.20996901123752704,0.2568226116032311,0.07302305636192329,0.15167118388934475,0.3809003821292282,0.2610287313718361,0.3022117125574256,0.1383014655194201,0.1913117895358914,0.3261626801108116,0.10529357198752186,0.18608874467418027,0.29077281667105126
1757.8125,4231.795,4363.077,4161.026,4151.795,4207.179,0.14049347966345122,0.20996901123752704,0.2568226116032311,0.07302305636192329,0.15167118388934475,0.3809003821292282,0.2610287313718361,0.3022117125574256,0.1383014655194201,0.1913117895358914,0.3261626801108116,0.10529357198752186,0.18608874467418027,0.29077281667105126
1765.625,4248.205,4362.564,4184.615,4149.231,4215.385,0.14049347966345122,0.20996901123752704,0.2568226116032311,0.07302305636192329,0.15167118388934475,0.3809003821292282,0.2610287313718361,0.3022117125574256,0.1383014655194201,0.1913117895358914,0.3261626801108116,0.10529357198752186,0.18608874467418027,0.29077281667105126
1773.4375,4260.513,4348.718,4202.564,4174.359,4217.436,0.14049347966345122,0.20996901123752704,0.2568226116032311,0.07302305636192329,0.15167118388934475,0.3809003821292282,0.2610287313718361,0.3022117125574256,0.1383014655194201,0.1913117895358914,0.3261626801108116,0.10529357198752186,0.18608874467418027,0.29077281667105126
1781.25,4258.974,4362.564,4209.744,4190.256,4225.641,0.14049347966345122,0.20996901123752704,0.2568226116032311,0.07302305636192329,0.15167118388934475,0.3809003821292282,0.2610287313718361,0.3022117125574256,0.1383014655194201,0.1913117895358914,0.3261626801108116,0.10529357198752186,0.18608874467418027,0.29077281667105126
1789.0625,4268.205,4407.692,4209.231,4184.615,4248.205,0.14049347966345122,0.20996901123752704,0.2568226116032311,0.07302305636192329,0.15167118388934475,0.3809003821292282,0.2610287313718361,0.3022117125574256,0.1383014655194201,0.1913117895358914,0.3261626801108116,0.10529357198752186,0.18608874467418027,0.29077281667105126
1796.875,4272.821,4398.462,4194.872,4170.769,4244.615,0.14049347966345122,0.20996901123752704,0.2568226116032311,0.07302305636192329,0.15167118388934475,0.3809003821292282,0.2610287313718361,0.3022117125574256,0.1383014655194201,0.1913117895358914,0.3261626801108116,0.10529357198752186,0.18608874467418027,0.29077281667105126
1804.6875,4267.179,4337.436,4197.436,4168.718,4221.026,0.14049347966345122,0.20996901123752704,0.2568226116032311,0.07302305636192329,0.15167118388934475,0.3809003821292282,0.2610287313718361,0.3022117125574256,0.1383014655194201,0.1913117895358914,0.3261626801108116,0.10529357198752186,0.18608874467418027,0.29077281667105126
1812.5,4261.026,4327.179,4206.154,4177.949,4210.769,0.14049347966345122,0.20996901123752704,0.2568226116032311,0.07302305636192329,0.15167118388934475,0.3809003821292282,0.2610287313718361,0.3022117125574256,0.1383014655194201,0.1913117895358914,0.3261626801108116,0.10529357198752186,0.18608874467418027,0.29077281667105126
1820.3125,4257.949,4378.462,4184.615,4180.513,4217.949,0.14049347966345122,0.20996901123752704,0.2568226116032311,0.07302305636192329,0.15167118388934475,0.3809003821292282,0.2610287313718361,0.3022117125574256,0.1383014655194201,0.1913117895358914,0.3261626801108116,0.10529357198752186,0.18608874467418027,0.29077281667105126
1828.125,4254.359,4414.872,4158.462,4176.923,4225.641,0.14049347966345122,0.20996901123752704,0.2568226116032311,0.07302305636192329,0.15167118388934475,0.3809003821292282,0.2610287313718361,0.3022117125574256,0.1383014655194201,0.1913117895358914,0.3261626801108116,0.10529357198752186,0.18608874467418027,0.29077281667105126
1835.9375,4249.744,4373.846,4172.821,4172.308,4216.41,0.14049347966345122,0.20996901123752704,0.2568226116032311,0.07302305636192329,0.15167118388934475,0.3809003821292282,0.2610287313718361,0.3022117125574256,0.1383014655194201,0.1913117895358914,0.3261626801108116,0.10529357198752186,0.18608874467418027,0.29077281667105126
1843.75,4246.667,4328.205,4186.667,4175.385,4205.128,0.14049347966345122,0.20996901123752704,0.2568226116032311,0.07302305636192329,0.15167118388934475,0.3809003821292282,0.2610287313718361,0.3022117125574256,0.1383014655194201,0.1913117895358914,0.3261626801108116,0.10529357198752186,0.18608874467418027,0.29077281667105126
1851.5625,4247.692,4347.179,4185.128,4178.974,4206.154,0.14049347966345122,0.20996901123752704,0.2568226116032311,0.07302305636192329,0.15167118388934475,0.3809003821292282,0.2610287313718361,0.3022117125574256,0.1383014655194201,0.1913117895358914,0.3261626801108116,0.10529357198752186,0.18608874467418027,0.29077281667105126
1859.375,4251.795,4378.462,4204.103,4179.487,4214.872,0.14049347966345122,0.20996901123752704,0.2568226116032311,0.07302305636192329,0.15167118388934475,0.3809003821292282,0.2610287313718361,0.3022117125574256,0.1383014655194201,0.1913117895358914,0.3261626801108116,0.10529357198752186,0.18608874467418027,0.29077281667105126
1867.1875,4245.641,4387.692,4206.154,4171.282,4218.462,0.14049347966345122,0.20996901123752704,0.2568226116032311,0.07302305636192329,0.15167118388934475,0.3809003821292282,0.2610287313718361,0.3022117125574256,0.1383014655194201,0.1913117895358914,0.3261626801108116,0.10529357198752186,0.18608874467418027,0.29077281667105126
1875.0,4235.897,4387.692,4168.718,4161.026,4214.872,0.14049347966345122,0.20996901123752704,0.2568226116032311,0.07302305636192329,0.15167118388934475,0.3809003821292282,0.2610287313718361,0.3022117125574256,0.1383014655194201,0.1913117895358914,0.3261626801108116,0.10529357198752186,0.18608874467418027,0.29077281667105126
1882.8125,4240.513,4375.897,4151.282,4169.744,4214.872,0.14049347966345122,0.20996901123752704,0.2568226116032311,0.07302305636192329,0.15167118388934475,0.3809003821292282,0.2610287313718361,0.3022117125574256,0.1383014655194201,0.1913117895358914,0.3261626801108116,0.10529357198752186,0.18608874467418027,0.29077281667105126
1890.625,4242.564,4361.538,4163.077,4174.872,4215.897,0.14049347966345122,0.20996901123752704,0.2568226116032311,0.07302305636192329,0.15167118388934475,0.3809003821292282,0.2610287313718361,0.3022117125574256,0.1383014655194201,0.1913117895358914,0.3261626801108116,0.10529357198752186,0.18608874467418027,0.29077281667105126
1898.4375,4229.231,4362.051,4162.051,4158.974,4204.103,0.14049347966345122,0.20996901123752704,0.2568226116032311,0.07302305636192329,0.15167118388934475,0.3809003821292282,0.2610287313718361,0.3022117125574256,0.1383014655194201,0.1913117895358914,0.3261626801108116,0.10529357198752186,0.18608874467418027,0.29077281667105126
1906.25,4227.692,4351.795,4165.641,4147.179,4189.231,0.14049347966345122,0.20996901123752704,0.2568226116032311,0.07302305636192329,0.15167118388934475,0.3809003821292282,0.2610287313718361,0.3022117125574256,0.1383014655194201,0.1913117895358914,0.3261626801108116,0.10529357198752186,0.18608874467418027,0.29077281667105126
1914.0625,4230.769,4340.513,4169.231,4136.923,4182.564,0.14049347966345122,0.20996901123752704,0.2568226116032311,0.07302305636192329,0.15167118388934475,0.3809003821292282,0.2610287313718361,0.3022117125574256,0.1383014655194201,0.1913117895358914,0.3261626801108116,0.10529357198752186,0.18608874467418027,0.29077281667105126
1921.875,4217.949,4360.0,4146.154,4128.718,4183.077,0.14049347966345122,0.20996901123752704,0.2568226116032311,0.07302305636192329,0.15167118388934475,0.3809003821292282,0.2610287313718361,0.3022117125574256,0.1383014655194201,0.1913117895358914,0.3261626801108116,0.10529357198752186,0.18608874467418027,0.29077281667105126
1929.6875,4217.436,4357.949,4137.949,4152.821,4187.179,0.14049347966345122,0.20996901123752704,0.2568226116032311,0.07302305636192329,0.15167118388934475,0.3809003821292282,0.2610287313718361,0.3022117125574256,0.1383014655194201,0.1913117895358914,0.3261626801108116,0.10529357198752186,0.18608874467418027,0.29077281667105126
1937.5,4219.487,4328.205,4138.974,4158.974,4183.077,0.14049347966345122,0.20996901123752704,0.2568226116032311,0.07302305636192329,0.15167118388934475,0.3809003821292282,0.2610287313718361,0.3022117125574256,0.1383014655194201,0.1913117895358914,0.3261626801108116,0.10529357198752186,0.18608874467418027,0.29077281667105126
1945.3125,4202.564,4344.615,4123.59,4123.59,4176.41,0.14049347966345122,0.20996901123752704,0.2568226116032311,0.07302305636192329,0.15167118388934475,0.3809003821292282,0.2610287313718361,0.3022117125574256,0.1383014655194201,0.1913117895358914,0.3261626801108116,0.10529357198752186,0.18608874467418027,0.29077281667105126
1953.125,4199.487,4381.026,4119.487,4127.692,4182.564,0.14049347966345122,0.20996901123752704,0.2568226116032311,0.07302305636192329,0.15167118388934475,0.3809003821292282,0.2610287313718361,0.3022117125574256,0.1383014655194201,0.1913117895358914,0.3261626801108116,0.10529357198752186,0.18608874467418027,0.29077281667105126
1960.9375,4224.615,4351.795,4153.333,4169.744,4196.41,0.14049347966345122,0.20996901123752704,0.2568226116032311,0.07302305636192329,0.15167118388934475,0.3809003821292282,0.2610287313718361,0.3022117125574256,0.1383014655194201,0.1913117895358914,0.3261626801108116,0.10529357198752186,0.18608874467418027,0.29077281667105126
1968.75,4231.282,4307.179,4168.718,4163.077,4193.846,0.14049347966345122,0.20996901123752704,0.2568226116032311,0.07302305636192329,0.15167118388934475,0.3809003821292282,0.2610287313718361,0.3022117125574256,0.1383014655194201,0.1913117895358914,0.3261626801108116,0.10529357198752186,0.18608874467418027,0.29077281667105126
1976.5625,4204.103,4313.846,4134.872,4122.564,4173.846,0.14049347966345122,0.20996901123752704,0.2568226116032311,0.07302305636192329,0.15167118388934475,0.3809003821292282,0.2610287313718361,0.3022117125574256,0.1383014655194201,0.1913117895358914,0.3261626801108116,0.10529357198752186,0.18608874467418027,0.29077281667105126
1984.375,4214.359,4330.256,4138.462,4138.462,4181.538,0.14049347966345122,0.20996901123752704,0.2568226116032311,0.07302305636192329,0.15167118388934475,0.3809003821292282,0.2610287313718361,0.3022117125574256,0.1383014655194201,0.1913117895358914,0.3261626801108116,0.10529357198752186,0.18608874467418027,0.29077281667105126
1992.1875,4259.487,4330.769,4205.641,4191.282,4222.051,0.14049347966345122,0.20996901123752704,0.2568226116032311,0.07302305636192329,0.15167118388934475,0.3809003821292282,0.2610287313718361,0.3022117125574256,0.1383014655194201,0.1913117895358914,0.3261626801108116,0.10529357198752186,0.18608874467418027,0.29077281667105126
2000.0,4268.205,4352.308,4226.667,4195.897,4246.154,0.14049347966345122,0.20996901123752704,0.2568226116032311,0.07302305636192329,0.15167118388934475,0.3809003821292282,0.2610287313718361,0.3022117125574256,0.1383014655194201,0.1913117895358914,0.3261626801108116,0.10529357198752186,0.18608874467418027,0.29077281667105126
2007.8125,4254.872,4393.846,4183.077,4180.0,4242.564,0.14049347966345122,0.20996901123752704,0.2568226116032311,0.07302305636192329,0.15167118388934475,0.3809003821292282,0.2610287313718361,0.3022117125574256,0.1383014655194201,0.1913117895358914,0.3261626801108116,0.10529357198752186,0.18608874467418027,0.29077281667105126
2015.625,4258.462,4387.692,4175.385,4193.846,4235.385,0.14049347966345122,0.20996901123752704,0.2568226116032311,0.07302305636192329,0.15167118388934475,0.3809003821292282,0.2610287313718361,0.3022117125574256,0.1383014655194201,0.1913117895358914,0.3261626801108116,0.10529357198752186,0.18608874467418027,0.29077281667105126
2023.4375,4248.205,4341.026,4186.667,4188.205,4215.897,0.14049347966345122,0.20996901123752704,0.2568226116032311,0.07302305636192329,0.15167118388934475,0.3809003821292282,0.2610287313718361,0.3022117125574256,0.1383014655194201,0.1913117895358914,0.3261626801108116,0.10529357198752186,0.18608874467418027,0.29077281667105126
2031.25,4221.538,4317.949,4150.769,4154.872,4189.231,0.14049347966345122,0.20996901123752704,0.2568226116032311,0.07302305636192329,0.15167118388934475,0.3809003821292282,0.2610287313718361,0.3022117125574256,0.1383014655194201,0.1913117895358914,0.3261626801108116,0.10529357198752186,0.18608874467418027,0.29077281667105126
2039.0625,4222.564,4331.282,4132.821,4146.154,4187.692,0.14049347966345122,0.20996901123752704,0.2568226116032311,0.07302305636192329,0.15167118388934475,0.3809003821292282,0.2610287313718361,0.3022117125574256,0.1383014655194201,0.1913117895358914,0.3261626801108116,0.10529357198752186,0.18608874467418027,0.29077281667105126
2046.875,4232.308,4366.667,4157.949,4154.872,4206.154,0.14049347966345122,0.20996901123752704,0.2568226116032311,0.07302305636192329,0.15167118388934475,0.3809003821292282,0.2610287313718361,0.3022117125574256,0.1383014655194201,0.1913117895358914,0.3261626801108116,0.10529357198752186,0.18608874467418027,0.29077281667105126
2054.6875,4243.077,4392.821,4182.564,4174.359,4229.231,0.14049347966345122,0.20996901123752704,0.2568226116032311,0.07302305636192329,0.15167118388934475,0.3809003821292282,0.2610287313718361,0.3022117125574256,0.1383014655194201,0.1913117895358914,0.3261626801108116,0.10529357198752186,0.18608874467418027,0.29077281667105126
2062.5,4262.051,4385.128,4190.769,4196.41,4246.667,0.14049347966345122,0.20996901123752704,0.2568226116032311,0.07302305636192329,0.15167118388934475,0.3809003821292282,0.2610287313718361,0.3022117125574256,0.1383014655194201,0.1913117895358914,0.3261626801108116,0.10529357198752186,0.18608874467418027,0.29077281667105126
2070.3125,4259.487,4367.692,4177.436,4180.513,4233.333,0.14049347966345122,0.20996901123752704,0.2568226116032311,0.07302305636192329,0.15167118388934475,0.3809003821292282,0.2610287313718361,0.3022117125574256,0.1383014655194201,0.1913117895358914,0.3261626801108116,0.10529357198752186,0.18608874467418027,0.29077281667105126
2078.125,4242.051,4365.128,4163.077,4156.41,4209.231,0.14049347966345122,0.20996901123752704,0.2568226116032311,0.07302305636192329,0.15167118388934475,0.3809003821292282,0.2610287313718361,0.3022117125574256,0.1383014655194201,0.1913117895358914,0.3261626801108116,0.10529357198752186,0.18608874467418027,0.29077281667105126
2085.9375,4233.846,4358.462,4168.718,4168.718,4207.692,0.14049347966345122,0.20996901123752704,0.2568226116032311,0.07302305636192329,0.15167118388934475,0.3809003821292282,0.2610287313718361,0.3022117125574256,0.1383014655194201,0.1913117895358914,0.3261626801108116,0.10529357198752186,0.18608874467418027,0.29077281667105126
2093.75,4232.308,4364.103,4169.231,4177.436,4217.949,0.14049347966345122,0.20996901123752704,0.2568226116032311,0.07302305636192329,0.15167118388934475,0.3809003821292282,0.2610287313718361,0.3022117125574256,0.1383014655194201,0.1913117895358914,0.3261626801108116,0.10529357198752186,0.18608874467418027,0.29077281667105126
2101.5625,4243.077,4402.564,4167.692,4171.282,4234.359,0.14049347966345122,0.20996901123752704,0.2568226116032311,0.07302305636192329,0.15167118388934475,0.3809003821292282,0.2610287313718361,0.3022117125574256,0.1383014655194201,0.1913117895358914,0.3261626801108116,0.10529357198752186,0.18608874467418027,0.29077281667105126
2109.375,4262.564,4409.231,4179.487,4184.103,4244.103,0.14049347966345122,0.20996901123752704,0.2568226116032311,0.07302305636192329,0.15167118388934475,0.3809003821292282,0.2610287313718361,0.3022117125574256,0.1383014655194201,0.1913117895358914,0.3261626801108116,0.10529357198752186,0.18608874467418027,0.29077281667105126
2117.1875,4258.974,4382.564,4182.051,4191.282,4232.821,0.14049347966345122,0.20996901123752704,0.2568226116032311,0.07302305636192329,0.15167118388934475,0.3809003821292282,0.2610287313718361,0.3022117125574256,0.1383014655194201,0.1913117895358914,0.3261626801108116,0.10529357198752186,0.18608874467418027,0.29077281667105126
2125.0,4248.718,4372.308,4188.205,4173.846,4225.128,0.14049347966345122,0.20996901123752704,0.2568226116032311,0.07302305636192329,0.15167118388934475,0.3809003821292282,0.2610287313718361,0.3022117125574256,0.1383014655194201,0.1913117895358914,0.3261626801108116,0.10529357198752186,0.18608874467418027,0.29077281667105126
2132.8125,4253.333,4404.103,4196.41,4170.256,4236.41,0.14049347966345122,0.20996901123752704,0.2568226116032311,0.07302305636192329,0.15167118388934475,0.3809003821292282,0.2610287313718361,0.3022117125574256,0.1383014655194201,0.1913117895358914,0.3261626801108116,0.10529357198752186,0.18608874467418027,0.29077281667105126
2140.625,4257.949,4425.128,4176.41,4183.59,4243.077,0.14049347966345122,0.20996901123752704,0.2568226116032311,0.07302305636192329,0.15167118388934475,0.3809003821292282,0.2610287313718361,0.3022117125574256,0.1383014655194201,0.1913117895358914,0.3261626801108116,0.10529357198752186,0.18608874467418027,0.29077281667105126
2148.4375,4260.513,4384.103,4157.436,4180.0,4234.359,0.14049347966345122,0.20996901123752704,0.2568226116032311,0.07302305636192329,0.15167118388934475,0.3809003821292282,0.2610287313718361,0.3022117125574256,0.1383014655194201,0.1913117895358914,0.3261626801108116,0.10529357198752186,0.18608874467418027,0.29077281667105126
2156.25,4256.41,4345.128,4163.077,4162.564,4220.0,0.14049347966345122,0.20996901123752704,0.2568226116032311,0.07302305636192329,0.15167118388934475,0.3809003821292282,0.2610287313718361,0.3022117125574256,0.1383014655194201,0.1913117895358914,0.3261626801108116,0.10529357198752186,0.18608874467418027,0.29077281667105126
2164.0625,4255.897,4364.615,4180.513,4161.026,4217.949,0.14049347966345122,0.20996901123752704,0.2568226116032311,0.07302305636192329,0.15167118388934475,0.3809003821292282,0.2610287313718361,0.3022117125574256,0.1383014655194201,0.1913117895358914,0.3261626801108116,0.10529357198752186,0.18608874467418027,0.29077281667105126
2171.875,4268.205,4398.974,4191.795,4169.744,4237.949,0.14049347966345122,0.20996901123752704,0.2568226116032311,0.07302305636192329,0.15167118388934475,0.3809003821292282,0.2610287313718361,0.3022117125574256,0.1383014655194201,0.1913117895358914,0.3261626801108116,0.10529357198752186,0.18608874467418027,0.29077281667105126
2179.6875,4272.308,4395.897,4182.051,4180.513,4245.641,0.14049347966345122,0.20996901123752704,0.2568226116032311,0.07302305636192329,0.15167118388934475,0.3809003821292282,0.2610287313718361,0.3022117125574256,0.1383014655194201,0.1913117895358914,0.3261626801108116,0.10529357198752186,0.18608874467418027,0.29077281667105126
2187.5,4273.333,4377.949,4183.077,4198.462,4237.436,0.14049347966345122,0.20996901123752704,0.2568226116032311,0.07302305636192329,0.15167118388934475,0.3809003821292282,0.2610287313718361,0.3022117125574256,0.1383014655194201,0.1913117895358914,0.3261626801108116,0.10529357198752186,0.18608874467418027,0.29077281667105126
2195.3125,4283.59,4385.128,4208.205,4202.051,4245.128,0.14049347966345122,0.20996901123752704,0.2568226116032311,0.07302305636192329,0.15167118388934475,0.3809003821292282,0.2610287313718361,0.3022117125574256,0.1383014655194201,0.1913117895358914,0.3261626801108116,0.10529357198752186,0.18608874467418027,0.29077281667105126
2203.125,4282.564,4407.179,4207.179,4182.051,4257.949,0.14049347966345122,0.20996901123752704,0.2568226116032311,0.07302305636192329,0.15167118388934475,0.3809003821292282,0.2610287313718361,0.3022117125574256,0.1383014655194201,0.1913117895358914,0.3261626801108116,0.10529357198752186,0.18608874467418027,0.29077281667105126
2210.9375,4262.051,4410.769,4176.41,4170.256,4246.154,0.14049347966345122,0.20996901123752704,0.2568226116032311,0.07302305636192329,0.15167118388934475,0.3809003821292282,0.2610287313718361,0.3022117125574256,0.1383014655194201,0.1913117895358914,0.3261626801108116,0.10529357198752186,0.18608874467418027,0.29077281667105126
2218.75,4257.949,4380.513,4168.718,4180.0,4231.282,0.14049347966345122,0.20996901123752704,0.2568226116032311,0.07302305636192329,0.15167118388934475,0.3809003821292282,0.2610287313718361,0.3022117125574256,0.1383014655194201,0.1913117895358914,0.3261626801108116,0.10529357198752186,0.18608874467418027,0.29077281667105126
2226.5625,4274.359,4361.538,4183.59,4186.667,4234.872,0.14049347966345122,0.20996901123752704,0.2568226116032311,0.07302305636192329,0.15167118388934475,0.3809003821292282,0.2610287313718361,0.3022117125574256,0.1383014655194201,0.1913117895358914,0.3261626801108116,0.10529357198752186,0.18608874467418027,0.29077281667105126
2234.375,4276.923,4376.41,4192.821,4193.846,4236.923,0.14049347966345122,0.20996901123752704,0.2568226116032311,0.07302305636192329,0.15167118388934475,0.3809003821292282,0.2610287313718361,0.3022117125574256,0.1383014655194201,0.1913117895358914,0.3261626801108116,0.10529357198752186,0.18608874467418027,0.29077281667105126
2242.1875,4279.487,4398.462,4203.077,4213.333,4252.308,0.14049347966345122,0.20996901123752704,0.2568226116032311,0.07302305636192329,0.15167118388934475,0.3809003821292282,0.2610287313718361,0.3022117125574256,0.1383014655194201,0.1913117895358914,0.3261626801108116,0.10529357198752186,0.18608874467418027,0.29077281667105126
2250.0,4289.231,4405.128,4204.103,4211.795,4273.846,0.14049347966345122,0.20996901123752704,0.2568226116032311,0.07302305636192329,0.15167118388934475,0.3809003821292282,0.2610287313718361,0.3022117125574256,0.1383014655194201,0.1913117895358914,0.3261626801108116,0.10529357198752186,0.18608874467418027,0.29077281667105126
2257.8125,4268.205,4383.077,4175.897,4169.744,4243.59,0.14049347966345122,0.20996901123752704,0.2568226116032311,0.07302305636192329,0.15167118388934475,0.3809003821292282,0.2610287313718361,0.3022117125574256,0.1383014655194201,0.1913117895358914,0.3261626801108116,0.10529357198752186,0.18608874467418027,0.29077281667105126
2265.625,4238.974,4348.205,4152.821,4143.077,4194.872,0.14049347966345122,0.20996901123752704,0.2568226116032311,0.07302305636192329,0.15167118388934475,0.3809003821292282,0.2610287313718361,0.3022117125574256,0.1383014655194201,0.1913117895358914,0.3261626801108116,0.10529357198752186,0.18608874467418027,0.29077281667105126
2273.4375,4235.897,4326.667,4167.179,4152.821,4186.667,0.14049347966345122,0.20996901123752704,0.2568226116032311,0.07302305636192329,0.15167118388934475,0.3809003821292282,0.2610287313718361,0.3022117125574256,0.1383014655194201,0.1913117895358914,0.3261626801108116,0.10529357198752186,0.18608874467418027,0.29077281667105126
2281.25,4230.256,4334.359,4186.154,4165.641,4200.513,0.14049347966345122,0.20996901123752704,0.2568226116032311,0.07302305636192329,0.15167118388934475,0.3809003821292282,0.2610287313718361,0.3022117125574256,0.1383014655194201,0.1913117895358914,0.3261626801108116,0.10529357198752186,0.18608874467418027,0.29077281667105126
2289.0625,4234.359,4380.513,4191.795,4187.692,4225.641,0.14049347966345122,0.20996901123752704,0.2568226116032311,0.07302305636192329,0.15167118388934475,0.3809003821292282,0.2610287313718361,0.3022117125574256,0.1383014655194201,0.1913117895358914,0.3261626801108116,0.10529357198752186,0.18608874467418027,0.29077281667105126
2296.875,4267.179,4401.026,4203.59,4208.205,4253.846,0.14049347966345122,0.20996901123752704,0.2568226116032311,0.07302305636192329,0.15167118388934475,0.3809003821292282,0.2610287313718361,0.3022117125574256,0.1383014655194201,0.1913117895358914,0.3261626801108116,0.10529357198752186,0.18608874467418027,0.29077281667105126
2304.6875,4297.436,4358.974,4217.949,4207.692,4258.462,0.14049347966345122,0.20996901123752704,0.2568226116032311,0.07302305636192329,0.15167118388934475,0.3809003821292282,0.2610287313718361,0.3022117125574256,0.1383014655194201,0.1913117895358914,0.3261626801108116,0.10529357198752186,0.18608874467418027,0.29077281667105126
2312.5,4298.974,4352.308,4214.872,4204.103,4254.872,0.14049347966345122,0.20996901123752704,0.2568226116032311,0.07302305636192329,0.15167118388934475,0.3809003821292282,0.2610287313718361,0.3022117125574256,0.1383014655194201,0.1913117895358914,0.3261626801108116,0.10529357198752186,0.18608874467418027,0.29077281667105126
2320.3125,4285.128,4412.821,4194.872,4212.308,4262.051,0.14049347966345122,0.20996901123752704,0.2568226116032311,0.07302305636192329,0.15167118388934475,0.3809003821292282,0.2610287313718361,0.3022117125574256,0.1383014655194201,0.1913117895358914,0.3261626801108116,0.10529357198752186,0.18608874467418027,0.29077281667105126
2328.125,4280.0,4418.974,4177.436,4215.385,4262.564,0.14049347966345122,0.20996901123752704,0.2568226116032311,0.07302305636192329,0.15167118388934475,0.3809003821292282,0.2610287313718361,0.3022117125574256,0.1383014655194201,0.1913117895358914,0.3261626801108116,0.10529357198752186,0.18608874467418027,0.29077281667105126
2335.9375,4283.077,4360.0,4182.051,4197.949,4250.256,0.14049347966345122,0.20996901123752704,0.2568226116032311,0.07302305636192329,0.15167118388934475,0.3809003821292282,0.2610287313718361,0.3022117125574256,0.1383014655194201,0.1913117895358914,0.3261626801108116,0.10529357198752186,0.18608874467418027,0.29077281667105126
2343.75,4284.615,4362.051,4212.308,4188.718,4251.282,0.14049347966345122,0.20996901123752704,0.2568226116032311,0.07302305636192329,0.15167118388934475,0.3809003821292282,0.2610287313718361,0.3022117125574256,0.1383014655194201,0.1913117895358914,0.3261626801108116,0.10529357198752186,0.18608874467418027,0.29077281667105126
2351.5625,4280.513,4423.077,4232.821,4205.128,4260.0,0.14049347966345122,0.20996901123752704,0.2568226116032311,0.07302305636192329,0.15167118388934475,0.3809003821292282,0.2610287313718361,0.3022117125574256,0.1383014655194201,0.1913117895358914,0.3261626801108116,0.10529357198752186,0.18608874467418027,0.29077281667105126
2359.375,4282.564,4435.385,4224.615,4223.077,4265.128,0.14049347966345122,0.20996901123752704,0.2568226116032311,0.07302305636192329,0.15167118388934475,0.3809003821292282,0.2610287313718361,0.3022117125574256,0.1383014655194201,0.1913117895358914,0.3261626801108116,0.10529357198752186,0.18608874467418027,0.29077281667105126
2367.1875,4283.59,4376.923,4216.41,4209.744,4256.923,0.14049347966345122,0.20996901123752704,0.2568226116032311,0.07302305636192329,0.15167118388934475,0.3809003821292282,0.2610287313718361,0.3022117125574256,0.1383014655194201,0.1913117895358914,0.3261626801108116,0.10529357198752186,0.18608874467418027,0.29077281667105126
2375.0,4275.897,4349.231,4215.897,4180.513,4243.077,0.14049347966345122,0.20996901123752704,0.2568226116032311,0.07302305636192329,0.15167118388934475,0.3809003821292282,0.2610287313718361,0.3022117125574256,0.1383014655194201,0.1913117895358914,0.3261626801108116,0.10529357198752186,0.18608874467418027,0.29077281667105126
2382.8125,4267.692,4407.692,4207.179,4181.538,4244.615,0.14049347966345122,0.20996901123752704,0.2568226116032311,0.07302305636192329,0.15167118388934475,0.3809003821292282,0.2610287313718361,0.3022117125574256,0.1383014655194201,0.1913117895358914,0.3261626801108116,0.10529357198752186,0.18608874467418027,0.29077281667105126
2390.625,4260.0,4429.231,4185.641,4192.308,4242.051,0.14049347966345122,0.20996901123752704,0.2568226116032311,0.07302305636192329,0.15167118388934475,0.3809003821292282,0.2610287313718361,0.3022117125574256,0.1383014655194201,0.1913117895358914,0.3261626801108116,0.10529357198752186,0.18608874467418027,0.29077281667105126
2398.4375,4266.667,4367.692,4189.231,4183.077,4233.333,0.14049347966345122,0.20996901123752704,0.2568226116032311,0.07302305636192329,0.15167118388934475,0.3809003821292282,0.2610287313718361,0.3022117125574256,0.1383014655194201,0.1913117895358914,0.3261626801108116,0.10529357198752186,0.18608874467418027,0.29077281667105126
2406.25,4274.872,4350.256,4214.359,4172.308,4233.333,0.14049347966345122,0.20996901123752704,0.2568226116032311,0.07302305636192329,0.15167118388934475,0.3809003821292282,0.2610287313718361,0.3022117125574256,0.1383014655194201,0.1913117895358914,0.3261626801108116,0.10529357198752186,0.18608874467418027,0.29077281667105126
2414.0625,4255.385,4406.667,4205.128,4171.282,4226.154,0.14049347966345122,0.20996901123752704,0.2568226116032311,0.07302305636192329,0.15167118388934475,0.3809003821292282,0.2610287313718361,0.3022117125574256,0.1383014655194201,0.1913117895358914,0.3261626801108116,0.10529357198752186,0.18608874467418027,0.29077281667105126
2421.875,4232.821,4418.462,4166.154,4166.667,4213.333,0.14049347966345122,0.20996901123752704,0.2568226116032311,0.07302305636192329,0.15167118388934475,0.3809003821292282,0.2610287313718361,0.3022117125574256,0.1383014655194201,0.1913117895358914,0.3261626801108116,0.10529357198752186,0.18608874467418027,0.29077281667105126
2429.6875,4234.872,4371.282,4155.385,4167.692,4213.846,0.14049347966345122,0.20996901123752704,0.2568226116032311,0.07302305636192329,0.15167118388934475,0.3809003821292282,0.2610287313718361,0.3022117125574256,0.1383014655194201,0.1913117895358914,0.3261626801108116,0.10529357198752186,0.18608874467418027,0.29077281667105126
2437.5,4251.282,4354.359,4191.282,4188.205,4224.615,0.14049347966345122,0.20996901123752704,0.2568226116032311,0.07302305636192329,0.15167118388934475,0.3809003821292282,0.2610287313718361,0.3022117125574256,0.1383014655194201,0.1913117895358914,0.3261626801108116,0.10529357198752186,0.18608874467418027,0.29077281667105126
2445.3125,4258.462,4362.051,4215.897,4191.282,4223.59,0.14049347966345122,0.20996901123752704,0.2568226116032311,0.07302305636192329,0.15167118388934475,0.3809003821292282,0.2610287313718361,0.3022117125574256,0.1383014655194201,0.1913117895358914,0.3261626801108116,0.10529357198752186,0.18608874467418027,0.29077281667105126
2453.125,4244.103,4352.821,4198.462,4161.026,4208.205,0.14049347966345122,0.20996901123752704,0.2568226116032311,0.07302305636192329,0.15167118388934475,0.3809003821292282,0.2610287313718361,0.3022117125574256,0.1383014655194201,0.1913117895358914,0.3261626801108116,0.10529357198752186,0.18608874467418027,0.29077281667105126
2460.9375,4246.154,4365.128,4192.821,4153.333,4218.462,0.14049347966345122,0.20996901123752704,0.2568226116032311,0.07302305636192329,0.15167118388934475,0.3809003821292282,0.2610287313718361,0.3022117125574256,0.1383014655194201,0.1913117895358914,0.3261626801108116,0.10529357198752186,0.18608874467418027,0.29077281667105126
2468.75,4291.282,4406.154,4217.949,4187.179,4264.615,0.14049347966345122,0.20996901123752704,0.2568226116032311,0.07302305636192329,0.15167118388934475,0.3809003821292282,0.2610287313718361,0.3022117125574256,0.1383014655194201,0.1913117895358914,0.3261626801108116,0.10529357198752186,0.18608874467418027,0.29077281667105126
2476.5625,4308.718,4408.205,4219.487,4198.974,4274.359,0.14049347966345122,0.20996901123752704,0.2568226116032311,0.07302305636192329,0.15167118388934475,0.3809003821292282,0.2610287313718361,0.3022117125574256,0.1383014655194201,0.1913117895358914,0.3261626801108116,0.10529357198752186,0.18608874467418027,0.29077281667105126
2484.375,4279.487,4387.692,4215.897,4182.051,4248.718,0.14049347966345122,0.20996901123752704,0.2568226116032311,0.07302305636192329,0.15167118388934475,0.3809003821292282,0.2610287313718361,0.3022117125574256,0.1383014655194201,0.1913117895358914,0.3261626801108116,0.10529357198752186,0.18608874467418027,0.29077281667105126
2492.1875,4268.718,4396.923,4231.282,4184.615,4250.256,0.14049347966345122,0.20996901123752704,0.2568226116032311,0.07302305636192329,0.15167118388934475,0.3809003821292282,0.2610287313718361,0.3022117125574256,0.1383014655194201,0.1913117895358914,0.3261626801108116,0.10529357198752186,0.18608874467418027,0.29077281667105126
2500.0,4271.282,4390.256,4210.256,4189.744,4249.744,0.14049347966345122,0.20996901123752704,0.2568226116032311,0.07302305636192329,0.15167118388934475,0.3809003821292282,0.2610287313718361,0.3022117125574256,0.1383014655194201,0.1913117895358914,0.3261626801108116,0.10529357198752186,0.18608874467418027,0.29077281667105126
2507.8125,4265.128,4354.872,4185.128,4187.692,4225.641,0.14049347966345122,0.20996901123752704,0.2568226116032311,0.07302305636192329,0.15167118388934475,0.3809003821292282,0.2610287313718361,0.3022117125574256,0.1383014655194201,0.1913117895358914,0.3261626801108116,0.10529357198752186,0.18608874467418027,0.29077281667105126
2515.625,4267.179,4371.795,4211.282,4196.41,4227.692,0.14049347966345122,0.20996901123752704,0.2568226116032311,0.07302305636192329,0.15167118388934475,0.3809003821292282,0.2610287313718361,0.3022117125574256,0.1383014655194201,0.1913117895358914,0.3261626801108116,0.10529357198752186,0.18608874467418027,0.29077281667105126
2523.4375,4262.564,4418.974,4233.846,4201.026,4243.59,0.14049347966345122,0.20996901123752704,0.2568226116032311,0.07302305636192329,0.15167118388934475,0.3809003821292282,0.2610287313718361,0.3022117125574256,0.1383014655194201,0.1913117895358914,0.3261626801108116,0.10529357198752186,0.18608874467418027,0.29077281667105126
2531.25,4246.667,4396.41,4220.0,4197.949,4237.949,0.14049347966345122,0.20996901123752704,0.2568226116032311,0.07302305636192329,0.15167118388934475,0.3809003821292282,0.2610287313718361,0.3022117125574256,0.1383014655194201,0.1913117895358914,0.3261626801108116,0.10529357198752186,0.18608874467418027,0.29077281667105126
2539.0625,4257.949,4360.0,4215.897,4198.462,4234.872,0.14049347966345122,0.20996901123752704,0.2568226116032311,0.07302305636192329,0.15167118388934475,0.3809003821292282,0.2610287313718361,0.3022117125574256,0.1383014655194201,0.1913117895358914,0.3261626801108116,0.10529357198752186,0.18608874467418027,0.29077281667105126
2546.875,4280.513,4371.795,4228.205,4194.872,4238.462,0.14049347966345122,0.20996901123752704,0.2568226116032311,0.07302305636192329,0.15167118388934475,0.3809003821292282,0.2610287313718361,0.3022117125574256,0.1383014655194201,0.1913117895358914,0.3261626801108116,0.10529357198752186,0.18608874467418027,0.29077281667105126
2554.6875,4274.872,4367.179,4231.282,4177.949,4231.282,0.14049347966345122,0.20996901123752704,0.2568226116032311,0.07302305636192329,0.15167118388934475,0.3809003821292282,0.2610287313718361,0.3022117125574256,0.1383014655194201,0.1913117895358914,0.3261626801108116,0.10529357198752186,0.18608874467418027,0.29077281667105126
2562.5,4264.615,4358.462,4227.692,4171.282,4235.385,0.14049347966345122,0.20996901123752704,0.2568226116032311,0.07302305636192329,0.15167118388934475,0.3809003821292282,0.2610287313718361,0.3022117125574256,0.1383014655194201,0.1913117895358914,0.3261626801108116,0.10529357198752186,0.18608874467418027,0.29077281667105126
2570.3125,4259.487,4401.026,4212.308,4176.41,4243.59,0.14049347966345122,0.20996901123752704,0.2568226116032311,0.07302305636192329,0.15167118388934475,0.3809003821292282,0.2610287313718361,0.3022117125574256,0.1383014655194201,0.1913117895358914,0.3261626801108116,0.10529357198752186,0.18608874467418027,0.29077281667105126
2578.125,4248.718,4407.179,4184.103,4166.154,4233.846,0.14049347966345122,0.20996901123752704,0.2568226116032311,0.07302305636192329,0.15167118388934475,0.3809003821292282,0.2610287313718361,0.3022117125574256,0.1383014655194201,0.1913117895358914,0.3261626801108116,0.10529357198752186,0.18608874467418027,0.29077281667105126
2585.9375,4252.308,4350.256,4174.359,4164.103,4221.538,0.14049347966345122,0.20996901123752704,0.2568226116032311,0.07302305636192329,0.15167118388934475,0.3809003821292282,0.2610287313718361,0.3022117125574256,0.1383014655194201,0.1913117895358914,0.3261626801108116,0.10529357198752186,0.18608874467418027,0.29077281667105126
2593.75,4266.667,4342.051,4197.949,4181.538,4214.872,0.14049347966345122,0.20996901123752704,0.2568226116032311,0.07302305636192329,0.15167118388934475,0.3809003821292282,0.2610287313718361,0.3022117125574256,0.1383014655194201,0.1913117895358914,0.3261626801108116,0.10529357198752186,0.18608874467418027,0.29077281667105126
2601.5625,4260.513,4392.821,4215.897,4181.538,4214.872,0.14049347966345122,0.20996901123752704,0.2568226116032311,0.07302305636192329,0.15167118388934475,0.3809003821292282,0.2610287313718361,0.3022117125574256,0.1383014655194201,0.1913117895358914,0.3261626801108116,0.10529357198752186,0.18608874467418027,0.29077281667105126
2609.375,4253.846,4414.359,4214.359,4175.897,4235.385,0.14049347966345122,0.20996901123752704,0.2568226116032311,0.07302305636192329,0.15167118388934475,0.3809003821292282,0.2610287313718361,0.3022117125574256,0.1383014655194201,0.1913117895358914,0.3261626801108116,0.10529357198752186,0.18608874467418027,0.29077281667105126
2617.1875,4263.077,4373.333,4215.897,4188.205,4247.692,0.14049347966345122,0.20996901123752704,0.2568226116032311,0.07302305636192329,0.15167118388934475,0.3809003821292282,0.2610287313718361,0.3022117125574256,0.1383014655194201,0.1913117895358914,0.3261626801108116,0.10529357198752186,0.18608874467418027,0.29077281667105126
2625.0,4271.282,4334.872,4218.462,4186.667,4230.769,0.14049347966345122,0.20996901123752704,0.2568226116032311,0.07302305636192329,0.15167118388934475,0.3809003821292282,0.2610287313718361,0.3022117125574256,0.1383014655194201,0.1913117895358914,0.3261626801108116,0.10529357198752186,0.18608874467418027,0.29077281667105126
2632.8125,4281.026,4366.667,4218.974,4167.692,4230.769,0.14049347966345122,0.20996901123752704,0.2568226116032311,0.07302305636192329,0.15167118388934475,0.3809003821292282,0.2610287313718361,0.3022117125574256,0.1383014655194201,0.1913117895358914,0.3261626801108116,0.10529357198752186,0.18608874467418027,0.29077281667105126
2640.625,4293.846,4421.026,4218.462,4182.564,4260.0,0.14049347966345122,0.20996901123752704,0.2568226116032311,0.07302305636192329,0.15167118388934475,0.3809003821292282,0.2610287313718361,0.3022117125574256,0.1383014655194201,0.1913117895358914,0.3261626801108116,0.10529357198752186,0.18608874467418027,0.29077281667105126
2648.4375,4304.103,4421.538,4227.179,4213.846,4273.846,0.14049347966345122,0.20996901123752704,0.2568226116032311,0.07302305636192329,0.15167118388934475,0.3809003821292282,0.2610287313718361,0.3022117125574256,0.1383014655194201,0.1913117895358914,0.3261626801108116,0.10529357198752186,0.18608874467418027,0.29077281667105126
2656.25,4305.128,4390.256,4234.872,4203.59,4262.564,0.14049347966345122,0.20996901123752704,0.2568226116032311,0.07302305636192329,0.15167118388934475,0.3809003821292282,0.2610287313718361,0.3022117125574256,0.1383014655194201,0.1913117895358914,0.3261626801108116,0.10529357198752186,0.18608874467418027,0.29077281667105126
2664.0625,4280.0,4403.077,4218.462,4175.897,4251.282,0.14049347966345122,0.20996901123752704,0.2568226116032311,0.07302305636192329,0.15167118388934475,0.3809003821292282,0.2610287313718361,0.3022117125574256,0.1383014655194201,0.1913117895358914,0.3261626801108116,0.10529357198752186,0.18608874467418027,0.29077281667105126
2671.875,4261.538,4426.154,4203.077,4181.026,4250.769,0.14049347966345122,0.20996901123752704,0.2568226116032311,0.07302305636192329,0.15167118388934475,0.3809003821292282,0.2610287313718361,0.3022117125574256,0.1383014655194201,0.1913117895358914,0.3261626801108116,0.10529357198752186,0.18608874467418027,0.29077281667105126
2679.6875,4283.59,4407.179,4230.256,4196.923,4253.846,0.14049347966345122,0.20996901123752704,0.2568226116032311,0.07302305636192329,0.15167118388934475,0.3809003821292282,0.2610287313718361,0.3022117125574256,0.1383014655194201,0.1913117895358914,0.3261626801108116,0.10529357198752186,0.18608874467418027,0.29077281667105126
2687.5,4298.974,4386.154,4264.103,4194.359,4257.949,0.14049347966345122,0.20996901123752704,0.2568226116032311,0.07302305636192329,0.15167118388934475,0.3809003821292282,0.2610287313718361,0.3022117125574256,0.1383014655194201,0.1913117895358914,0.3261626801108116,0.10529357198752186,0.18608874467418027,0.29077281667105126
2695.3125,4281.026,4390.256,4251.795,4192.308,4255.385,0.14049347966345122,0.20996901123752704,0.2568226116032311,0.07302305636192329,0.15167118388934475,0.3809003821292282,0.2610287313718361,0.3022117125574256,0.1383014655194201,0.1913117895358914,0.3261626801108116,0.10529357198752186,0.18608874467418027,0.29077281667105126
2703.125,4271.282,4409.744,4219.487,4195.897,4254.872,0.14049347966345122,0.20996901123752704,0.2568226116032311,0.07302305636192329,0.15167118388934475,0.3809003821292282,0.2610287313718361,0.3022117125574256,0.1383014655194201,0.1913117895358914,0.3261626801108116,0.10529357198752186,0.18608874467418027,0.29077281667105126
2710.9375,4284.615,4406.667,4221.026,4204.103,4262.051,0.14049347966345122,0.20996901123752704,0.2568226116032311,0.07302305636192329,0.15167118388934475,0.3809003821292282,0.2610287313718361,0.3022117125574256,0.1383014655194201,0.1913117895358914,0.3261626801108116,0.10529357198752186,0.18608874467418027,0.29077281667105126
2718.75,4286.154,4376.41,4226.154,4196.923,4255.385,0.14049347966345122,0.20996901123752704,0.2568226116032311,0.07302305636192329,0.15167118388934475,0.3809003821292282,0.2610287313718361,0.3022117125574256,0.1383014655194201,0.1913117895358914,0.3261626801108116,0.10529357198752186,0.18608874467418027,0.29077281667105126
2726.5625,4266.667,4387.692,4201.538,4168.718,4246.667,0.14049347966345122,0.20996901123752704,0.2568226116032311,0.07302305636192329,0.15167118388934475,0.3809003821292282,0.2610287313718361,0.3022117125574256,0.1383014655194201,0.1913117895358914,0.3261626801108116,0.10529357198752186,0.18608874467418027,0.29077281667105126
2734.375,4270.256,4410.256,4195.897,4174.872,4254.359,0.14049347966345122,0.20996901123752704,0.2568226116032311,0.07302305636192329,0.15167118388934475,0.3809003821292282,0.2610287313718361,0.3022117125574256,0.1383014655194201,0.1913117895358914,0.3261626801108116,0.10529357198752186,0.18608874467418027,0.29077281667105126
2742.1875,4291.795,4373.333,4213.333,4203.077,4253.846,0.14049347966345122,0.20996901123752704,0.2568226116032311,0.07302305636192329,0.15167118388934475,0.3809003821292282,0.2610287313718361,0.3022117125574256,0.1383014655194201,0.1913117895358914,0.3261626801108116,0.10529357198752186,0.18608874467418027,0.29077281667105126
2750.0,4297.436,4358.462,4224.615,4199.487,4251.795,0.14049347966345122,0.20996901123752704,0.2568226116032311,0.07302305636192329,0.15167118388934475,0.3809003821292282,0.2610287313718361,0.3022117125574256,0.1383014655194201,0.1913117895358914,0.3261626801108116,0.10529357198752186,0.18608874467418027,0.29077281667105126
2757.8125,4285.641,4393.846,4224.615,4193.333,4260.513,0.14049347966345122,0.20996901123752704,0.2568226116032311,0.07302305636192329,0.15167118388934475,0.3809003821292282,0.2610287313718361,0.3022117125574256,0.1383014655194201,0.1913117895358914,0.3261626801108116,0.10529357198752186,0.18608874467418027,0.29077281667105126
2765.625,4272.821,4409.744,4206.667,4205.128,4260.0,0.14049347966345122,0.20996901123752704,0.2568226116032311,0.07302305636192329,0.15167118388934475,0.3809003821292282,0.2610287313718361,0.3022117125574256,0.1383014655194201,0.1913117895358914,0.3261626801108116,0.10529357198752186,0.18608874467418027,0.29077281667105126
2773.4375,4276.923,4401.026,4203.59,4201.538,4249.744,0.14049347966345122,0.20996901123752704,0.2568226116032311,0.07302305636192329,0.15167118388934475,0.3809003821292282,0.2610287313718361,0.3022117125574256,0.1383014655194201,0.1913117895358914,0.3261626801108116,0.10529357198752186,0.18608874467418027,0.29077281667105126
2781.25,4284.103,4376.923,4226.667,4195.385,4247.179,0.14049347966345122,0.20996901123752704,0.2568226116032311,0.07302305636192329,0.15167118388934475,0.3809003821292282,0.2610287313718361,0.3022117125574256,0.1383014655194201,0.1913117895358914,0.3261626801108116,0.10529357198752186,0.18608874467418027,0.29077281667105126
2789.0625,4271.795,4366.154,4228.718,4194.359,4244.103,0.14049347966345122,0.20996901123752704,0.2568226116032311,0.07302305636192329,0.15167118388934475,0.3809003821292282,0.2610287313718361,0.3022117125574256,0.1383014655194201,0.1913117895358914,0.3261626801108116,0.10529357198752186,0.18608874467418027,0.29077281667105126
2796.875,4258.974,4389.231,4199.487,4180.0,4245.128,0.14049347966345122,0.20996901123752704,0.2568226116032311,0.07302305636192329,0.15167118388934475,0.3809003821292282,0.2610287313718361,0.3022117125574256,0.1383014655194201,0.1913117895358914,0.3261626801108116,0.10529357198752186,0.18608874467418027,0.29077281667105126
2804.6875,4281.538,4389.744,4193.846,4189.231,4271.795,0.14049347966345122,0.20996901123752704,0.2568226116032311,0.07302305636192329,0.15167118388934475,0.3809003821292282,0.2610287313718361,0.3022117125574256,0.1383014655194201,0.1913117895358914,0.3261626801108116,0.10529357198752186,0.18608874467418027,0.29077281667105126
2812.5,4307.692,4365.641,4228.205,4222.051,4292.308,0.14049347966345122,0.20996901123752704,0.2568226116032311,0.07302305636192329,0.15167118388934475,0.3809003821292282,0.2610287313718361,0.3022117125574256,0.1383014655194201,0.1913117895358914,0.3261626801108116,0.10529357198752186,0.18608874467418027,0.29077281667105126
2820.3125,4295.385,4388.718,4256.923,4217.949,4276.923,0.14049347966345122,0.20996901123752704,0.2568226116032311,0.07302305636192329,0.15167118388934475,0.3809003821292282,0.2610287313718361,0.3022117125574256,0.1383014655194201,0.1913117895358914,0.3261626801108116,0.10529357198752186,0.18608874467418027,0.29077281667105126
2828.125,4274.359,4420.513,4239.487,4195.385,4260.0,0.14049347966345122,0.20996901123752704,0.2568226116032311,0.07302305636192329,0.15167118388934475,0.3809003821292282,0.2610287313718361,0.3022117125574256,0.1383014655194201,0.1913117895358914,0.3261626801108116,0.10529357198752186,0.18608874467418027,0.29077281667105126
2835.9375,4274.359,4398.462,4209.744,4201.538,4260.0,0.14049347966345122,0.20996901123752704,0.2568226116032311,0.07302305636192329,0.15167118388934475,0.3809003821292282,0.2610287313718361,0.3022117125574256,0.1383014655194201,0.1913117895358914,0.3261626801108116,0.10529357198752186,0.18608874467418027,0.29077281667105126
2843.75,4289.231,4365.641,4220.0,4216.41,4259.487,0.14049347966345122,0.20996901123752704,0.2568226116032311,0.07302305636192329,0.15167118388934475,0.3809003821292282,0.2610287313718361,0.3022117125574256,0.1383014655194201,0.1913117895358914,0.3261626801108116,0.10529357198752186,0.18608874467418027,0.29077281667105126
2851.5625,4289.231,4371.282,4233.333,4205.641,4251.282,0.14049347966345122,0.20996901123752704,0.2568226116032311,0.07302305636192329,0.15167118388934475,0.3809003821292282,0.2610287313718361,0.3022117125574256,0.1383014655194201,0.1913117895358914,0.3261626801108116,0.10529357198752186,0.18608874467418027,0.29077281667105126
2859.375,4272.821,4393.846,4215.385,4186.154,4253.333,0.14049347966345122,0.20996901123752704,0.2568226116032311,0.07302305636192329,0.15167118388934475,0.3809003821292282,0.2610287313718361,0.3022117125574256,0.1383014655194201,0.1913117895358914,0.3261626801108116,0.10529357198752186,0.18608874467418027,0.29077281667105126
2867.1875,4282.564,4390.769,4213.846,4203.59,4274.872,0.14049347966345122,0.20996901123752704,0.2568226116032311,0.07302305636192329,0.15167118388934475,0.3809003821292282,0.2610287313718361,0.3022117125574256,0.1383014655194201,0.1913117895358914,0.3261626801108116,0.10529357198752186,0.18608874467418027,0.29077281667105126
2875.0,4305.128,4380.0,4233.333,4228.205,4287.179,0.14049347966345122,0.20996901123752704,0.2568226116032311,0.07302305636192329,0.15167118388934475,0.3809003821292282,0.2610287313718361,0.3022117125574256,0.1383014655194201,0.1913117895358914,0.3261626801108116,0.10529357198752186,0.18608874467418027,0.29077281667105126
2882.8125,4293.333,4376.923,4233.846,4204.103,4267.179,0.14049347966345122,0.20996901123752704,0.2568226116032311,0.07302305636192329,0.15167118388934475,0.3809003821292282,0.2610287313718361,0.3022117125574256,0.1383014655194201,0.1913117895358914,0.3261626801108116,0.10529357198752186,0.18608874467418027,0.29077281667105126
2890.625,4263.077,4362.564,4224.103,4178.462,4242.051,0.14049347966345122,0.20996901123752704,0.2568226116032311,0.07302305636192329,0.15167118388934475,0.3809003821292282,0.2610287313718361,0.3022117125574256,0.1383014655194201,0.1913117895358914,0.3261626801108116,0.10529357198752186,0.18608874467418027,0.29077281667105126
2898.4375,4255.385,4353.846,4206.667,4185.128,4243.077,0.14049347966345122,0.20996901123752704,0.2568226116032311,0.07302305636192329,0.15167118388934475,0.3809003821292282,0.2610287313718361,0.3022117125574256,0.1383014655194201,0.1913117895358914,0.3261626801108116,0.10529357198752186,0.18608874467418027,0.29077281667105126
2906.25,4265.128,4371.282,4184.615,4196.41,4254.872,0.14049347966345122,0.20996901123752704,0.2568226116032311,0.07302305636192329,0.15167118388934475,0.3809003821292282,0.2610287313718361,0.3022117125574256,0.1383014655194201,0.1913117895358914,0.3261626801108116,0.10529357198752186,0.18608874467418027,0.29077281667105126
2914.0625,4274.359,4382.051,4197.436,4202.051,4254.359,0.14049347966345122,0.20996901123752704,0.2568226116032311,0.07302305636192329,0.15167118388934475,0.3809003821292282,0.2610287313718361,0.3022117125574256,0.1383014655194201,0.1913117895358914,0.3261626801108116,0.10529357198752186,0.18608874467418027,0.29077281667105126
2921.875,4268.205,4362.564,4223.077,4191.795,4238.462,0.14049347966345122,0.20996901123752704,0.2568226116032311,0.07302305636192329,0.15167118388934475,0.3809003821292282,0.2610287313718361,0.3022117125574256,0.1383014655194201,0.1913117895358914,0.3261626801108116,0.10529357198752186,0.18608874467418027,0.29077281667105126
2929.6875,4245.641,4340.513,4204.615,4161.538,4216.41,0.14049347966345122,0.20996901123752704,0.2568226116032311,0.07302305636192329,0.15167118388934475,0.3809003821292282,0.2610287313718361,0.3022117125574256,0.1383014655194201,0.1913117895358914,0.3261626801108116,0.10529357198752186,0.18608874467418027,0.29077281667105126
2937.5,4237.436,4341.538,4177.436,4155.897,4213.333,0.14049347966345122,0.20996901123752704,0.2568226116032311,0.07302305636192329,0.15167118388934475,0.3809003821292282,0.2610287313718361,0.3022117125574256,0.1383014655194201,0.1913117895358914,0.3261626801108116,0.10529357198752186,0.18608874467418027,0.29077281667105126
2945.3125,4235.897,4361.026,4185.641,4170.256,4220.513,0.14049347966345122,0.20996901123752704,0.2568226116032311,0.07302305636192329,0.15167118388934475,0.3809003821292282,0.2610287313718361,0.3022117125574256,0.1383014655194201,0.1913117895358914,0.3261626801108116,0.10529357198752186,0.18608874467418027,0.29077281667105126
2953.125,4220.513,4380.0,4179.487,4167.179,4214.872,0.14049347966345122,0.20996901123752704,0.2568226116032311,0.07302305636192329,0.15167118388934475,0.3809003821292282,0.2610287313718361,0.3022117125574256,0.1383014655194201,0.1913117895358914,0.3261626801108116,0.10529357198752186,0.18608874467418027,0.29077281667105126
2960.9375,4215.897,4366.154,4160.513,4165.128,4209.744,0.14049347966345122,0.20996901123752704,0.2568226116032311,0.07302305636192329,0.15167118388934475,0.3809003821292282,0.2610287313718361,0.3022117125574256,0.1383014655194201,0.1913117895358914,0.3261626801108116,0.10529357198752186,0.18608874467418027,0.29077281667105126
2968.75,4223.077,4341.538,4171.282,4170.769,4205.128,0.14049347966345122,0.20996901123752704,0.2568226116032311,0.07302305636192329,0.15167118388934475,0.3809003821292282,0.2610287313718361,0.3022117125574256,0.1383014655194201,0.1913117895358914,0.3261626801108116,0.10529357198752186,0.18608874467418027,0.29077281667105126
2976.5625,4218.462,4342.564,4183.59,4168.718,4191.795,0.14049347966345122,0.20996901123752704,0.2568226116032311,0.07302305636192329,0.15167118388934475,0.3809003821292282,0.2610287313718361,0.3022117125574256,0.1383014655194201,0.1913117895358914,0.3261626801108116,0.10529357198752186,0.18608874467418027,0.29077281667105126
2984.375,4221.026,4349.231,4183.59,4169.231,4188.718,0.14049347966345122,0.20996901123752704,0.2568226116032311,0.07302305636192329,0.15167118388934475,0.3809003821292282,0.2610287313718361,0.3022117125574256,0.1383014655194201,0.1913117895358914,0.3261626801108116,0.10529357198752186,0.18608874467418027,0.29077281667105126
2992.1875,4234.359,4327.179,4187.692,4153.333,4193.846,0.14049347966345122,0.20996901123752704,0.2568226116032311,0.07302305636192329,0.15167118388934475,0.3809003821292282,0.2610287313718361,0.3022117125574256,0.1383014655194201,0.1913117895358914,0.3261626801108116,0.10529357198752186,0.18608874467418027,0.29077281667105126
