timestamp,AF3,T7,Pz,T8,AF4,AF3_theta,AF3_alpha,AF3_beta,T7_theta,T7_mu,T7_beta,Pz_alpha,Pz_beta,T8_theta,T8_mu,T8_beta,AF4_theta,AF4_alpha,AF4_beta
0.0,4042.564,4267.179,4087.692,4231.282,4133.846,0.12607308505328635,0.024993059534362243,0.009011291218158338,0.22432714368185194,0.12074613194735813,0.14552542858198173,0.1413448197983142,0.10073057511846005,0.06046187483550199,0.25743891089954657,0.26174191757967097,0.13842171415381938,0.04571716029388441,0.029737515647686757
7.8125,4042.564,4258.462,4071.795,4216.41,4122.051,0.12607308505328635,0.024993059534362243,0.009011291218158338,0.22432714368185194,0.12074613194735813,0.14552542858198173,0.1413448197983142,0.10073057511846005,0.06046187483550199,0.25743891089954657,0.26174191757967097,0.13842171415381938,0.04571716029388441,0.029737515647686757
15.625,4042.564,4248.718,4062.564,4210.256,4116.923,0.12607308505328635,0.024993059534362243,0.009011291218158338,0.22432714368185194,0.12074613194735813,0.14552542858198173,0.1413448197983142,0.10073057511846005,0.06046187483550199,0.25743891089954657,0.26174191757967097,0.13842171415381938,0.04571716029388441,0.029737515647686757
23.4375,4047.692,4259.487,4069.231,4213.846,4123.077,0.12607308505328635,0.024993059534362243,0.009011291218158338,0.22432714368185194,0.12074613194735813,0.14552542858198173,0.1413448197983142,0.10073057511846005,0.06046187483550199,0.25743891089954657,0.26174191757967097,0.13842171415381938,0.04571716029388441,0.029737515647686757
31.25,4058.974,4258.974,4078.462,4227.179,4127.179,0.12607308505328635,0.024993059534362243,0.009011291218158338,0.22432714368185194,0.12074613194735813,0.14552542858198173,0.1413448197983142,0.10073057511846005,0.06046187483550199,0.25743891089954657,0.26174191757967097,0.13842171415381938,0.04571716029388441,0.029737515647686757
39.0625,4071.795,4239.487,4076.923,4233.846,4126.667,0.12607308505328635,0.024993059534362243,0.009011291218158338,0.22432714368185194,0.12074613194735813,0.14552542858198173,0.1413448197983142,0.10073057511846005,0.06046187483550199,0.25743891089954657,0.26174191757967097,0.13842171415381938,0.04571716029388441,0.029737515647686757
46.875,4076.923,4231.282,4072.821,4222.564,4124.103,0.12607308505328635,0.024993059534362243,0.009011291218158338,0.22432714368185194,0.12074613194735813,0.14552542858198173,0.1413448197983142,0.10073057511846005,0.06046187483550199,0.25743891089954657,0.26174191757967097,0.13842171415381938,0.04571716029388441,0.029737515647686757
54.6875,4080.513,4230.256,4081.026,4211.282,4128.205,0.12607308505328635,0.024993059534362243,0.009011291218158338,0.22432714368185194,0.12074613194735813,0.14552542858198173,0.1413448197983142,0.10073057511846005,0.06046187483550199,0.25743891089954657,0.26174191757967097,0.13842171415381938,0.04571716029388441,0.029737515647686757
62.5,4089.744,4218.974,4095.385,4215.897,4130.769,0.12607308505328635,0.024993059534362243,0.009011291218158338,0.22432714368185194,0.12074613194735813,0.14552542858198173,0.1413448197983142,0.10073057511846005,0.06046187483550199,0.25743891089954657,0.26174191757967097,0.13842171415381938,0.04571716029388441,0.029737515647686757
70.3125,4102.564,4212.308,4105.128,4222.564,4130.256,0.12607308505328635,0.024993059534362243,0.009011291218158338,0.22432714368185194,0.12074613194735813,0.14552542858198173,0.1413448197983142,0.10073057511846005,0.06046187483550199,0.25743891089954657,0.26174191757967097,0.13842171415381938,0.04571716029388441,0.029737515647686757
78.125,4103.59,4224.615,4116.923,4220.0,4135.385,0.12607308505328635,0.024993059534362243,0.009011291218158338,0.22432714368185194,0.12074613194735813,0.14552542858198173,0.1413448197983142,0.10073057511846005,0.06046187483550199,0.25743891089954657,0.26174191757967097,0.13842171415381938,0.04571716029388441,0.029737515647686757
85.9375,4085.128,4234.359,4130.256,4210.256,4134.872,0.12607308505328635,0.024993059534362243,0.009011291218158338,0.22432714368185194,0.12074613194735813,0.14552542858198173,0.1413448197983142,0.10073057511846005,0.06046187483550199,0.25743891089954657,0.26174191757967097,0.13842171415381938,0.04571716029388441,0.029737515647686757
93.75,4072.308,4236.923,4126.667,4204.103,4139.487,0.12607308505328635,0.024993059534362243,0.009011291218158338,0.22432714368185194,0.12074613194735813,0.14552542858198173,0.1413448197983142,0.10073057511846005,0.06046187483550199,0.25743891089954657,0.26174191757967097,0.13842171415381938,0.04571716029388441,0.029737515647686757
101.5625,4068.205,4252.308,4107.692,4209.744,4163.59,0.12607308505328635,0.024993059534362243,0.009011291218158338,0.22432714368185194,0.12074613194735813,0.14552542858198173,0.1413448197983142,0.10073057511846005,0.06046187483550199,0.25743891089954657,0.26174191757967097,0.13842171415381938,0.04571716029388441,0.029737515647686757
109.375,4062.051,4271.282,4088.718,4226.667,4190.769,0.12607308505328635,0.024993059534362243,0.009011291218158338,0.22432714368185194,0.12074613194735813,0.14552542858198173,0.1413448197983142,0.10073057511846005,0.06046187483550199,0.25743891089954657,0.26174191757967097,0.13842171415381938,0.04571716029388441,0.029737515647686757
117.1875,4092.308,4266.667,4088.718,4245.641,4199.487,0.12607308505328635,0.024993059534362243,0.009011291218158338,0.22432714368185194,0.12074613194735813,0.14552542858198173,0.1413448197983142,0.10073057511846005,0.06046187483550199,0.25743891089954657,0.26174191757967097,0.13842171415381938,0.04571716029388441,0.029737515647686757
125.0,4163.59,4258.974,4113.333,4247.692,4207.179,0.12607308505328635,0.024993059534362243,0.009011291218158338,0.22432714368185194,0.12074613194735813,0.14552542858198173,0.1413448197983142,0.10073057511846005,0.06046187483550199,0.25743891089954657,0.26174191757967097,0.13842171415381938,0.04571716029388441,0.029737515647686757
132.8125,4229.231,4276.41,4133.846,4233.333,4241.538,0.12607308505328635,0.024993059534362243,0.009011291218158338,0.22432714368185194,0.12074613194735813,0.14552542858198173,0.1413448197983142,0.10073057511846005,0.06046187483550199,0.25743891089954657,0.26174191757967097,0.13842171415381938,0.04571716029388441,0.029737515647686757
140.625,4290.769,4289.744,4133.846,4229.744,4288.718,0.12607308505328635,0.024993059534362243,0.009011291218158338,0.22432714368185194,0.12074613194735813,0.14552542858198173,0.1413448197983142,0.10073057511846005,0.06046187483550199,0.25743891089954657,0.26174191757967097,0.13842171415381938,0.04571716029388441,0.029737515647686757
148.4375,4361.538,4285.128,4129.231,4232.821,4333.333,0.12607308505328635,0.024993059534362243,0.009011291218158338,0.22432714368185194,0.12074613194735813,0.14552542858198173,0.1413448197983142,0.10073057511846005,0.06046187483550199,0.25743891089954657,0.26174191757967097,0.13842171415381938,0.04571716029388441,0.029737515647686757
156.25,4430.256,4289.744,4133.846,4223.59,4368.205,0.12607308505328635,0.024993059534362243,0.009011291218158338,0.22432714368185194,0.12074613194735813,0.14552542858198173,0.1413448197983142,0.10073057511846005,0.06046187483550199,0.25743891089954657,0.26174191757967097,0.13842171415381938,0.04571716029388441,0.029737515647686757
164.0625,4483.59,4293.333,4131.795,4212.308,4390.256,0.12607308505328635,0.024993059534362243,0.009011291218158338,0.22432714368185194,0.12074613194735813,0.14552542858198173,0.1413448197983142,0.10073057511846005,0.06046187483550199,0.25743891089954657,0.26174191757967097,0.13842171415381938,0.04571716029388441,0.029737515647686757
171.875,4523.077,4280.513,4116.923,4210.256,4415.385,0.12607308505328635,0.024993059534362243,0.009011291218158338,0.22432714368185194,0.12074613194735813,0.14552542858198173,0.1413448197983142,0.10073057511846005,0.06046187483550199,0.25743891089954657,0.26174191757967097,0.13842171415381938,0.04571716029388441,0.029737515647686757
179.6875,4554.359,4276.923,4112.821,4213.333,4448.205,0.12607308505328635,0.024993059534362243,0.009011291218158338,0.22432714368185194,0.12074613194735813,0.14552542858198173,0.1413448197983142,0.10073057511846005,0.06046187483550199,0.25743891089954657,0.26174191757967097,0.13842171415381938,0.04571716029388441,0.029737515647686757
187.5,4583.59,4285.641,4128.205,4226.154,4473.846,0.12607308505328635,0.024993059534362243,0.009011291218158338,0.22432714368185194,0.12074613194735813,0.14552542858198173,0.1413448197983142,0.10073057511846005,0.06046187483550199,0.25743891089954657,0.26174191757967097,0.13842171415381938,0.04571716029388441,0.029737515647686757
195.3125,4596.41,4291.282,4143.077,4233.333,4488.718,0.12607308505328635,0.024993059534362243,0.009011291218158338,0.22432714368185194,0.12074613194735813,0.14552542858198173,0.1413448197983142,0.10073057511846005,0.06046187483550199,0.25743891089954657,0.26174191757967097,0.13842171415381938,0.04571716029388441,0.029737515647686757
203.125,4592.821,4300.0,4147.692,4228.205,4498.462,0.12607308505328635,0.024993059534362243,0.009011291218158338,0.22432714368185194,0.12074613194735813,0.14552542858198173,0.1413448197983142,0.10073057511846005,0.06046187483550199,0.25743891089954657,0.26174191757967097,0.13842171415381938,0.04571716029388441,0.029737515647686757
210.9375,4582.564,4299.487,4145.641,4221.538,4485.641,0.12607308505328635,0.024993059534362243,0.009011291218158338,0.22432714368185194,0.12074613194735813,0.14552542858198173,0.1413448197983142,0.10073057511846005,0.06046187483550199,0.25743891089954657,0.26174191757967097,0.13842171415381938,0.04571716029388441,0.029737515647686757
218.75,4549.744,4289.231,4135.897,4209.744,4453.333,0.12607308505328635,0.024993059534362243,0.009011291218158338,0.22432714368185194,0.12074613194735813,0.14552542858198173,0.1413448197983142,0.10073057511846005,0.06046187483550199,0.25743891089954657,0.26174191757967097,0.13842171415381938,0.04571716029388441,0.029737515647686757
226.5625,4506.667,4294.359,4131.282,4198.462,4429.231,0.12607308505328635,0.024993059534362243,0.009011291218158338,0.22432714368185194,0.12074613194735813,0.14552542858198173,0.1413448197983142,0.10073057511846005,0.06046187483550199,0.25743891089954657,0.26174191757967097,0.13842171415381938,0.04571716029388441,0.029737515647686757
234.375,4478.974,4304.615,4143.077,4201.538,4407.692,0.12607308505328635,0.024993059534362243,0.009011291218158338,0.22432714368185194,0.12074613194735813,0.14552542858198173,0.1413448197983142,0.10073057511846005,0.06046187483550199,0.25743891089954657,0.26174191757967097,0.13842171415381938,0.04571716029388441,0.029737515647686757
242.1875,4472.821,4300.513,4160.0,4223.59,4388.718,0.12607308505328635,0.024993059534362243,0.009011291218158338,0.22432714368185194,0.12074613194735813,0.14552542858198173,0.1413448197983142,0.10073057511846005,0.06046187483550199,0.25743891089954657,0.26174191757967097,0.13842171415381938,0.04571716029388441,0.029737515647686757
250.0,4468.205,4300.0,4159.487,4240.0,4388.205,0.12607308505328635,0.024993059534362243,0.009011291218158338,0.22432714368185194,0.12074613194735813,0.14552542858198173,0.1413448197983142,0.10073057511846005,0.06046187483550199,0.25743891089954657,0.26174191757967097,0.13842171415381938,0.04571716029388441,0.029737515647686757
257.8125,4439.487,4307.179,4150.769,4225.128,4380.513,0.12607308505328635,0.024993059534362243,0.009011291218158338,0.22432714368185194,0.12074613194735813,0.14552542858198173,0.1413448197983142,0.10073057511846005,0.06046187483550199,0.25743891089954657,0.26174191757967097,0.13842171415381938,0.04571716029388441,0.029737515647686757
265.625,4406.667,4294.872,4154.359,4202.051,4338.974,0.12607308505328635,0.024993059534362243,0.009011291218158338,0.22432714368185194,0.12074613194735813,0.14552542858198173,0.1413448197983142,0.10073057511846005,0.06046187483550199,0.25743891089954657,0.26174191757967097,0.13842171415381938,0.04571716029388441,0.029737515647686757
273.4375,4387.692,4277.436,4152.308,4201.538,4298.974,0.12607308505328635,0.024993059534362243,0.009011291218158338,0.22432714368185194,0.12074613194735813,0.14552542858198173,0.1413448197983142,0.10073057511846005,0.06046187483550199,0.25743891089954657,0.26174191757967097,0.13842171415381938,0.04571716029388441,0.029737515647686757
281.25,4371.282,4275.897,4142.051,4209.231,4289.744,0.12607308505328635,0.024993059534362243,0.009011291218158338,0.22432714368185194,0.12074613194735813,0.14552542858198173,0.1413448197983142,0.10073057511846005,0.06046187483550199,0.25743891089954657,0.26174191757967097,0.13842171415381938,0.04571716029388441,0.029737515647686757
289.0625,4347.692,4270.769,4132.308,4202.564,4275.385,0.12607308505328635,0.024993059534362243,0.009011291218158338,0.22432714368185194,0.12074613194735813,0.14552542858198173,0.1413448197983142,0.10073057511846005,0.06046187483550199,0.25743891089954657,0.26174191757967097,0.13842171415381938,0.04571716029388441,0.029737515647686757
296.875,4321.026,4255.385,4121.026,4192.821,4247.179,0.12607308505328635,0.024993059534362243,0.009011291218158338,0.22432714368185194,0.12074613194735813,0.14552542858198173,0.1413448197983142,0.10073057511846005,0.06046187483550199,0.25743891089954657,0.26174191757967097,0.13842171415381938,0.04571716029388441,0.029737515647686757
304.6875,4307.179,4256.923,4119.487,4202.051,4251.795,0.12607308505328635,0.024993059534362243,0.009011291218158338,0.22432714368185194,0.12074613194735813,0.14552542858198173,0.1413448197983142,0.10073057511846005,0.06046187483550199,0.25743891089954657,0.26174191757967097,0.13842171415381938,0.04571716029388441,0.029737515647686757
312.5,4315.897,4274.872,4144.103,4217.436,4278.462,0.12607308505328635,0.024993059534362243,0.009011291218158338,0.22432714368185194,0.12074613194735813,0.14552542858198173,0.1413448197983142,0.10073057511846005,0.06046187483550199,0.25743891089954657,0.26174191757967097,0.13842171415381938,0.04571716029388441,0.029737515647686757
320.3125,4332.821,4290.256,4170.256,4224.103,4282.051,0.12607308505328635,0.024993059534362243,0.009011291218158338,0.22432714368185194,0.12074613194735813,0.14552542858198173,0.1413448197983142,0.10073057511846005,0.06046187483550199,0.25743891089954657,0.26174191757967097,0.13842171415381938,0.04571716029388441,0.029737515647686757
328.125,4330.769,4295.897,4172.308,4228.205,4269.231,0.12607308505328635,0.024993059534362243,0.009011291218158338,0.22432714368185194,0.12074613194735813,0.14552542858198173,0.1413448197983142,0.10073057511846005,0.06046187483550199,0.25743891089954657,0.26174191757967097,0.13842171415381938,0.04571716029388441,0.029737515647686757
335.9375,4316.923,4292.821,4165.641,4231.282,4260.513,0.12607308505328635,0.024993059534362243,0.009011291218158338,0.22432714368185194,0.12074613194735813,0.14552542858198173,0.1413448197983142,0.10073057511846005,0.06046187483550199,0.25743891089954657,0.26174191757967097,0.13842171415381938,0.04571716029388441,0.029737515647686757
343.75,4311.795,4289.231,4163.077,4229.231,4255.897,0.12607308505328635,0.024993059534362243,0.009011291218158338,0.22432714368185194,0.12074613194735813,0.14552542858198173,0.1413448197983142,0.10073057511846005,0.06046187483550199,0.25743891089954657,0.26174191757967097,0.13842171415381938,0.04571716029388441,0.029737515647686757
351.5625,4309.744,4286.154,4155.897,4232.308,4260.513,0.12607308505328635,0.024993059534362243,0.009011291218158338,0.22432714368185194,0.12074613194735813,0.14552542858198173,0.1413448197983142,0.10073057511846005,0.06046187483550199,0.25743891089954657,0.26174191757967097,0.13842171415381938,0.04571716029388441,0.029737515647686757
359.375,4296.923,4271.795,4144.615,4231.795,4245.641,0.12607308505328635,0.024993059534362243,0.009011291218158338,0.22432714368185194,0.12074613194735813,0.14552542858198173,0.1413448197983142,0.10073057511846005,0.06046187483550199,0.25743891089954657,0.26174191757967097,0.13842171415381938,0.04571716029388441,0.029737515647686757
367.1875,4280.513,4267.692,4146.154,4219.487,4216.923,0.12607308505328635,0.024993059534362243,0.009011291218158338,0.22432714368185194,0.12074613194735813,0.14552542858198173,0.1413448197983142,0.10073057511846005,0.06046187483550199,0.25743891089954657,0.26174191757967097,0.13842171415381938,0.04571716029388441,0.029737515647686757
375.0,4280.513,4278.462,4162.051,4221.538,4221.026,0.12607308505328635,0.024993059534362243,0.009011291218158338,0.22432714368185194,0.12074613194735813,0.14552542858198173,0.1413448197983142,0.10073057511846005,0.06046187483550199,0.25743891089954657,0.26174191757967097,0.13842171415381938,0.04571716029388441,0.029737515647686757
382.8125,4277.436,4278.462,4150.256,4235.385,4244.103,0.12607308505328635,0.024993059534362243,0.009011291218158338,0.22432714368185194,0.12074613194735813,0.14552542858198173,0.1413448197983142,0.10073057511846005,0.06046187483550199,0.25743891089954657,0.26174191757967097,0.13842171415381938,0.04571716029388441,0.029737515647686757
390.625,4263.077,4261.026,4130.256,4234.359,4236.923,0.12607308505328635,0.024993059534362243,0.009011291218158338,0.22432714368185194,0.12074613194735813,0.14552542858198173,0.1413448197983142,0.10073057511846005,0.06046187483550199,0.25743891089954657,0.26174191757967097,0.13842171415381938,0.04571716029388441,0.029737515647686757
398.4375,4258.974,4258.462,4137.949,4230.769,4223.077,0.12607308505328635,0.024993059534362243,0.009011291218158338,0.22432714368185194,0.12074613194735813,0.14552542858198173,0.1413448197983142,0.10073057511846005,0.06046187483550199,0.25743891089954657,0.26174191757967097,0.13842171415381938,0.04571716029388441,0.029737515647686757
406.25,4267.179,4269.231,4142.564,4234.359,4232.308,0.12607308505328635,0.024993059534362243,0.009011291218158338,0.22432714368185194,0.12074613194735813,0.14552542858198173,0.1413448197983142,0.10073057511846005,0.06046187483550199,0.25743891089954657,0.26174191757967097,0.13842171415381938,0.04571716029388441,0.029737515647686757
414.0625,4266.154,4267.179,4135.897,4230.256,4235.385,0.12607308505328635,0.024993059534362243,0.009011291218158338,0.22432714368185194,0.12074613194735813,0.14552542858198173,0.1413448197983142,0.10073057511846005,0.06046187483550199,0.25743891089954657,0.26174191757967097,0.13842171415381938,0.04571716029388441,0.029737515647686757
421.875,4264.103,4271.282,4143.59,4228.205,4234.872,0.12607308505328635,0.024993059534362243,0.009011291218158338,0.22432714368185194,0.12074613194735813,0.14552542858198173,0.1413448197983142,0.10073057511846005,0.06046187483550199,0.25743891089954657,0.26174191757967097,0.13842171415381938,0.04571716029388441,0.029737515647686757
429.6875,4275.897,4278.462,4161.538,4233.846,4239.487,0.12607308505328635,0.024993059534362243,0.009011291218158338,0.22432714368185194,0.12074613194735813,0.14552542858198173,0.1413448197983142,0.10073057511846005,0.06046187483550199,0.25743891089954657,0.26174191757967097,0.13842171415381938,0.04571716029388441,0.029737515647686757
437.5,4268.205,4281.026,4155.897,4224.615,4234.359,0.12607308505328635,0.024993059534362243,0.009011291218158338,0.22432714368185194,0.12074613194735813,0.14552542858198173,0.1413448197983142,0.10073057511846005,0.06046187483550199,0.25743891089954657,0.26174191757967097,0.13842171415381938,0.04571716029388441,0.029737515647686757
445.3125,4252.821,4274.872,4142.564,4215.385,4228.718,0.12607308505328635,0.024993059534362243,0.009011291218158338,0.22432714368185194,0.12074613194735813,0.14552542858198173,0.1413448197983142,0.10073057511846005,0.06046187483550199,0.25743891089954657,0.26174191757967097,0.13842171415381938,0.04571716029388441,0.029737515647686757
453.125,4253.333,4269.744,4154.359,4216.41,4228.718,0.12607308505328635,0.024993059534362243,0.009011291218158338,0.22432714368185194,0.12074613194735813,0.14552542858198173,0.1413448197983142,0.10073057511846005,0.06046187483550199,0.25743891089954657,0.26174191757967097,0.13842171415381938,0.04571716029388441,0.029737515647686757
460.9375,4257.436,4276.41,4155.897,4218.462,4234.359,0.12607308505328635,0.024993059534362243,0.009011291218158338,0.22432714368185194,0.12074613194735813,0.14552542858198173,0.1413448197983142,0.10073057511846005,0.06046187483550199,0.25743891089954657,0.26174191757967097,0.13842171415381938,0.04571716029388441,0.029737515647686757
468.75,4250.256,4260.513,4145.128,4205.128,4221.538,0.12607308505328635,0.024993059534362243,0.009011291218158338,0.22432714368185194,0.12074613194735813,0.14552542858198173,0.1413448197983142,0.10073057511846005,0.06046187483550199,0.25743891089954657,0.26174191757967097,0.13842171415381938,0.04571716029388441,0.029737515647686757
476.5625,4225.641,4240.513,4138.462,4180.0,4198.974,0.12607308505328635,0.024993059534362243,0.009011291218158338,0.22432714368185194,0.12074613194735813,0.14552542858198173,0.1413448197983142,0.10073057511846005,0.06046187483550199,0.25743891089954657,0.26174191757967097,0.13842171415381938,0.04571716029388441,0.029737515647686757
484.375,4213.333,4253.333,4134.359,4177.949,4202.051,0.12607308505328635,0.024993059534362243,0.009011291218158338,0.22432714368185194,0.12074613194735813,0.14552542858198173,0.1413448197983142,0.10073057511846005,0.06046187483550199,0.25743891089954657,0.26174191757967097,0.13842171415381938,0.04571716029388441,0.029737515647686757
492.1875,4227.179,4261.538,4142.564,4188.718,4207.179,0.12607308505328635,0.024993059534362243,0.009011291218158338,0.22432714368185194,0.12074613194735813,0.14552542858198173,0.1413448197983142,0.10073057511846005,0.06046187483550199,0.25743891089954657,0.26174191757967097,0.13842171415381938,0.04571716029388441,0.029737515647686757
500.0,4230.256,4248.718,4158.974,4185.641,4188.718,0.12607308505328635,0.024993059534362243,0.009011291218158338,0.22432714368185194,0.12074613194735813,0.14552542858198173,0.1413448197983142,0.10073057511846005,0.06046187483550199,0.25743891089954657,0.26174191757967097,0.13842171415381938,0.04571716029388441,0.029737515647686757
507.8125,4222.051,4258.974,4159.487,4198.974,4191.795,0.12607308505328635,0.024993059534362243,0.009011291218158338,0.22432714368185194,0.12074613194735813,0.14552542858198173,0.1413448197983142,0.10073057511846005,0.06046187483550199,0.25743891089954657,0.26174191757967097,0.13842171415381938,0.04571716029388441,0.029737515647686757
515.625,4237.436,4269.744,4158.974,4224.103,4211.282,0.12607308505328635,0.024993059534362243,0.009011291218158338,0.22432714368185194,0.12074613194735813,0.14552542858198173,0.1413448197983142,0.10073057511846005,0.06046187483550199,0.25743891089954657,0.26174191757967097,0.13842171415381938,0.04571716029388441,0.029737515647686757
523.4375,4223.59,4248.205,4153.846,4198.974,4192.308,0.12607308505328635,0.024993059534362243,0.009011291218158338,0.22432714368185194,0.12074613194735813,0.14552542858198173,0.1413448197983142,0.10073057511846005,0.06046187483550199,0.25743891089954657,0.26174191757967097,0.13842171415381938,0.04571716029388441,0.029737515647686757
531.25,4180.513,4233.333,4110.256,4163.077,4172.821,0.12607308505328635,0.024993059534362243,0.009011291218158338,0.22432714368185194,0.12074613194735813,0.14552542858198173,0.1413448197983142,0.10073057511846005,0.06046187483550199,0.25743891089954657,0.26174191757967097,0.13842171415381938,0.04571716029388441,0.029737515647686757
539.0625,4188.205,4213.333,4103.59,4163.59,4167.692,0.12607308505328635,0.024993059534362243,0.009011291218158338,0.22432714368185194,0.12074613194735813,0.14552542858198173,0.1413448197983142,0.10073057511846005,0.06046187483550199,0.25743891089954657,0.26174191757967097,0.13842171415381938,0.04571716029388441,0.029737515647686757
546.875,4198.974,4208.205,4150.256,4147.692,4154.872,0.12607308505328635,0.024993059534362243,0.009011291218158338,0.22432714368185194,0.12074613194735813,0.14552542858198173,0.1413448197983142,0.10073057511846005,0.06046187483550199,0.25743891089954657,0.26174191757967097,0.13842171415381938,0.04571716029388441,0.029737515647686757
554.6875,4183.59,4254.359,4141.538,4147.179,4171.795,0.12607308505328635,0.024993059534362243,0.009011291218158338,0.22432714368185194,0.12074613194735813,0.14552542858198173,0.1413448197983142,0.10073057511846005,0.06046187483550199,0.25743891089954657,0.26174191757967097,0.13842171415381938,0.04571716029388441,0.029737515647686757
562.5,4195.897,4260.0,4112.821,4181.026,4180.513,0.12607308505328635,0.024993059534362243,0.009011291218158338,0.22432714368185194,0.12074613194735813,0.14552542858198173,0.1413448197983142,0.10073057511846005,0.06046187483550199,0.25743891089954657,0.26174191757967097,0.13842171415381938,0.04571716029388441,0.029737515647686757
570.3125,4198.974,4219.487,4132.308,4171.282,4150.769,0.12607308505328635,0.024993059534362243,0.009011291218158338,0.22432714368185194,0.12074613194735813,0.14552542858198173,0.1413448197983142,0.10073057511846005,0.06046187483550199,0.25743891089954657,0.26174191757967097,0.13842171415381938,0.04571716029388441,0.029737515647686757
578.125,4178.974,4227.692,4129.744,4149.744,4168.718,0.12607308505328635,0.024993059534362243,0.009011291218158338,0.22432714368185194,0.12074613194735813,0.14552542858198173,0.1413448197983142,0.10073057511846005,0.06046187483550199,0.25743891089954657,0.26174191757967097,0.13842171415381938,0.04571716029388441,0.029737515647686757
585.9375,4204.103,4247.179,4111.282,4175.385,4211.282,0.12607308505328635,0.024993059534362243,0.009011291218158338,0.22432714368185194,0.12074613194735813,0.14552542858198173,0.1413448197983142,0.10073057511846005,0.06046187483550199,0.25743891089954657,0.26174191757967097,0.13842171415381938,0.04571716029388441,0.029737515647686757
593.75,4236.923,4235.897,4140.513,4184.103,4201.538,0.12607308505328635,0.024993059534362243,0.009011291218158338,0.22432714368185194,0.12074613194735813,0.14552542858198173,0.1413448197983142,0.10073057511846005,0.06046187483550199,0.25743891089954657,0.26174191757967097,0.13842171415381938,0.04571716029388441,0.029737515647686757
601.5625,4222.564,4244.103,4152.821,4165.641,4205.128,0.12607308505328635,0.024993059534362243,0.009011291218158338,0.22432714368185194,0.12074613194735813,0.14552542858198173,0.1413448197983142,0.10073057511846005,0.06046187483550199,0.25743891089954657,0.26174191757967097,0.13842171415381938,0.04571716029388441,0.029737515647686757
609.375,4219.487,4247.692,4127.179,4175.385,4234.872,0.12607308505328635,0.024993059534362243,0.009011291218158338,0.22432714368185194,0.12074613194735813,0.14552542858198173,0.1413448197983142,0.10073057511846005,0.06046187483550199,0.25743891089954657,0.26174191757967097,0.13842171415381938,0.04571716029388441,0.029737515647686757
617.1875,4230.256,4220.513,4137.436,4169.231,4207.179,0.12607308505328635,0.024993059534362243,0.009011291218158338,0.22432714368185194,0.12074613194735813,0.14552542858198173,0.1413448197983142,0.10073057511846005,0.06046187483550199,0.25743891089954657,0.26174191757967097,0.13842171415381938,0.04571716029388441,0.029737515647686757
625.0,4226.154,4237.949,4162.564,4149.231,4198.974,0.12607308505328635,0.024993059534362243,0.009011291218158338,0.22432714368185194,0.12074613194735813,0.14552542858198173,0.1413448197983142,0.10073057511846005,0.06046187483550199,0.25743891089954657,0.26174191757967097,0.13842171415381938,0.04571716029388441,0.029737515647686757
632.8125,4242.564,4266.154,4160.513,4171.282,4252.821,0.12607308505328635,0.024993059534362243,0.009011291218158338,0.22432714368185194,0.12074613194735813,0.14552542858198173,0.1413448197983142,0.10073057511846005,0.06046187483550199,0.25743891089954657,0.26174191757967097,0.13842171415381938,0.04571716029388441,0.029737515647686757
640.625,4249.744,4246.154,4161.538,4172.821,4247.692,0.12607308505328635,0.024993059534362243,0.009011291218158338,0.22432714368185194,0.12074613194735813,0.14552542858198173,0.1413448197983142,0.10073057511846005,0.06046187483550199,0.25743891089954657,0.26174191757967097,0.13842171415381938,0.04571716029388441,0.029737515647686757
648.4375,4213.333,4242.051,4152.308,4131.282,4192.308,0.12607308505328635,0.024993059534362243,0.009011291218158338,0.22432714368185194,0.12074613194735813,0.14552542858198173,0.1413448197983142,0.10073057511846005,0.06046187483550199,0.25743891089954657,0.26174191757967097,0.13842171415381938,0.04571716029388441,0.029737515647686757
656.25,4200.0,4252.821,4128.718,4131.282,4183.077,0.12607308505328635,0.024993059534362243,0.009011291218158338,0.22432714368185194,0.12074613194735813,0.14552542858198173,0.1413448197983142,0.10073057511846005,0.06046187483550199,0.25743891089954657,0.26174191757967097,0.13842171415381938,0.04571716029388441,0.029737515647686757
664.0625,4203.59,4220.0,4131.795,4146.667,4174.872,0.12607308505328635,0.024993059534362243,0.009011291218158338,0.22432714368185194,0.12074613194735813,0.14552542858198173,0.1413448197983142,0.10073057511846005,0.06046187483550199,0.25743891089954657,0.26174191757967097,0.13842171415381938,0.04571716029388441,0.029737515647686757
671.875,4154.872,4183.59,4132.308,4116.41,4132.308,0.12607308505328635,0.024993059534362243,0.009011291218158338,0.22432714368185194,0.12074613194735813,0.14552542858198173,0.1413448197983142,0.10073057511846005,0.06046187483550199,0.25743891089954657,0.26174191757967097,0.13842171415381938,0.04571716029388441,0.029737515647686757
679.6875,4111.282,4202.051,4106.667,4109.744,4121.026,0.12607308505328635,0.024993059534362243,0.009011291218158338,0.22432714368185194,0.12074613194735813,0.14552542858198173,0.1413448197983142,0.10073057511846005,0.06046187483550199,0.25743891089954657,0.26174191757967097,0.13842171415381938,0.04571716029388441,0.029737515647686757
687.5,4108.718,4230.256,4090.256,4147.179,4131.282,0.12607308505328635,0.024993059534362243,0.009011291218158338,0.22432714368185194,0.12074613194735813,0.14552542858198173,0.1413448197983142,0.10073057511846005,0.06046187483550199,0.25743891089954657,0.26174191757967097,0.13842171415381938,0.04571716029388441,0.029737515647686757
695.3125,4092.308,4221.026,4087.179,4168.718,4123.077,0.12607308505328635,0.024993059534362243,0.009011291218158338,0.22432714368185194,0.12074613194735813,0.14552542858198173,0.1413448197983142,0.10073057511846005,0.06046187483550199,0.25743891089954657,0.26174191757967097,0.13842171415381938,0.04571716029388441,0.029737515647686757
703.125,4058.974,4200.513,4081.538,4169.744,4117.436,0.12607308505328635,0.024993059534362243,0.009011291218158338,0.22432714368185194,0.12074613194735813,0.14552542858198173,0.1413448197983142,0.10073057511846005,0.06046187483550199,0.25743891089954657,0.26174191757967097,0.13842171415381938,0.04571716029388441,0.029737515647686757
710.9375,4030.769,4196.923,4073.846,4166.154,4112.821,0.12607308505328635,0.024993059534362243,0.009011291218158338,0.22432714368185194,0.12074613194735813,0.14552542858198173,0.1413448197983142,0.10073057511846005,0.06046187483550199,0.25743891089954657,0.26174191757967097,0.13842171415381938,0.04571716029388441,0.029737515647686757
718.75,4012.821,4196.923,4061.538,4153.846,4096.923,0.12607308505328635,0.024993059534362243,0.009011291218158338,0.22432714368185194,0.12074613194735813,0.14552542858198173,0.1413448197983142,0.10073057511846005,0.06046187483550199,0.25743891089954657,0.26174191757967097,0.13842171415381938,0.04571716029388441,0.029737515647686757
726.5625,4012.821,4195.897,4062.051,4142.051,4103.59,0.12607308505328635,0.024993059534362243,0.009011291218158338,0.22432714368185194,0.12074613194735813,0.14552542858198173,0.1413448197983142,0.10073057511846005,0.06046187483550199,0.25743891089954657,0.26174191757967097,0.13842171415381938,0.04571716029388441,0.029737515647686757
734.375,4024.103,4208.718,4078.974,4141.538,4126.667,0.12607308505328635,0.024993059534362243,0.009011291218158338,0.22432714368185194,0.12074613194735813,0.14552542858198173,0.1413448197983142,0.10073057511846005,0.06046187483550199,0.25743891089954657,0.26174191757967097,0.13842171415381938,0.04571716029388441,0.029737515647686757
742.1875,4015.385,4210.769,4077.949,4130.256,4111.795,0.12607308505328635,0.024993059534362243,0.009011291218158338,0.22432714368185194,0.12074613194735813,0.14552542858198173,0.1413448197983142,0.10073057511846005,0.06046187483550199,0.25743891089954657,0.26174191757967097,0.13842171415381938,0.04571716029388441,0.029737515647686757
750.0,4000.0,4202.564,4073.846,4114.872,4089.744,0.12607308505328635,0.024993059534362243,0.009011291218158338,0.22432714368185194,0.12074613194735813,0.14552542858198173,0.1413448197983142,0.10073057511846005,0.06046187483550199,0.25743891089954657,0.26174191757967097,0.13842171415381938,0.04571716029388441,0.029737515647686757
757.8125,4007.179,4210.769,4097.949,4120.513,4110.256,0.12607308505328635,0.024993059534362243,0.009011291218158338,0.22432714368185194,0.12074613194735813,0.14552542858198173,0.1413448197983142,0.10073057511846005,0.06046187483550199,0.25743891089954657,0.26174191757967097,0.13842171415381938,0.04571716029388441,0.029737515647686757
765.625,4028.718,4220.513,4120.0,4139.487,4128.205,0.12607308505328635,0.024993059534362243,0.009011291218158338,0.22432714368185194,0.12074613194735813,0.14552542858198173,0.1413448197983142,0.10073057511846005,0.06046187483550199,0.25743891089954657,0.26174191757967097,0.13842171415381938,0.04571716029388441,0.029737515647686757
773.4375,4032.821,4211.282,4109.744,4140.513,4105.128,0.12607308505328635,0.024993059534362243,0.009011291218158338,0.22432714368185194,0.12074613194735813,0.14552542858198173,0.1413448197983142,0.10073057511846005,0.06046187483550199,0.25743891089954657,0.26174191757967097,0.13842171415381938,0.04571716029388441,0.029737515647686757
781.25,4023.077,4201.026,4100.513,4127.692,4098.974,0.12607308505328635,0.024993059534362243,0.009011291218158338,0.22432714368185194,0.12074613194735813,0.14552542858198173,0.1413448197983142,0.10073057511846005,0.06046187483550199,0.25743891089954657,0.26174191757967097,0.13842171415381938,0.04571716029388441,0.029737515647686757
789.0625,4027.179,4200.0,4107.692,4121.026,4120.513,0.12607308505328635,0.024993059534362243,0.009011291218158338,0.22432714368185194,0.12074613194735813,0.14552542858198173,0.1413448197983142,0.10073057511846005,0.06046187483550199,0.25743891089954657,0.26174191757967097,0.13842171415381938,0.04571716029388441,0.029737515647686757
796.875,4035.385,4199.487,4103.077,4122.564,4121.538,0.12607308505328635,0.024993059534362243,0.009011291218158338,0.22432714368185194,0.12074613194735813,0.14552542858198173,0.1413448197983142,0.10073057511846005,0.06046187483550199,0.25743891089954657,0.26174191757967097,0.13842171415381938,0.04571716029388441,0.029737515647686757
804.6875,4041.026,4201.538,4092.821,4134.359,4121.026,0.12607308505328635,0.024993059534362243,0.009011291218158338,0.22432714368185194,0.12074613194735813,0.14552542858198173,0.1413448197983142,0.10073057511846005,0.06046187483550199,0.25743891089954657,0.26174191757967097,0.13842171415381938,0.04571716029388441,0.029737515647686757
812.5,4052.308,4201.538,4085.641,4149.744,4143.59,0.12607308505328635,0.024993059534362243,0.009011291218158338,0.22432714368185194,0.12074613194735813,0.14552542858198173,0.1413448197983142,0.10073057511846005,0.06046187483550199,0.25743891089954657,0.26174191757967097,0.13842171415381938,0.04571716029388441,0.029737515647686757
820.3125,4052.821,4191.795,4087.179,4154.359,4155.897,0.12607308505328635,0.024993059534362243,0.009011291218158338,0.22432714368185194,0.12074613194735813,0.14552542858198173,0.1413448197983142,0.10073057511846005,0.06046187483550199,0.25743891089954657,0.26174191757967097,0.13842171415381938,0.04571716029388441,0.029737515647686757
828.125,4048.718,4198.974,4089.231,4155.385,4153.333,0.12607308505328635,0.024993059534362243,0.009011291218158338,0.22432714368185194,0.12074613194735813,0.14552542858198173,0.1413448197983142,0.10073057511846005,0.06046187483550199,0.25743891089954657,0.26174191757967097,0.13842171415381938,0.04571716029388441,0.029737515647686757
835.9375,4092.821,4218.462,4083.077,4160.0,4170.256,0.12607308505328635,0.024993059534362243,0.009011291218158338,0.22432714368185194,0.12074613194735813,0.14552542858198173,0.1413448197983142,0.10073057511846005,0.06046187483550199,0.25743891089954657,0.26174191757967097,0.13842171415381938,0.04571716029388441,0.029737515647686757
843.75,4168.718,4209.744,4090.769,4147.692,4182.051,0.12607308505328635,0.024993059534362243,0.009011291218158338,0.22432714368185194,0.12074613194735813,0.14552542858198173,0.1413448197983142,0.10073057511846005,0.06046187483550199,0.25743891089954657,0.26174191757967097,0.13842171415381938,0.04571716029388441,0.029737515647686757
851.5625,4211.795,4188.718,4108.718,4112.821,4181.538,0.12607308505328635,0.024993059534362243,0.009011291218158338,0.22432714368185194,0.12074613194735813,0.14552542858198173,0.1413448197983142,0.10073057511846005,0.06046187483550199,0.25743891089954657,0.26174191757967097,0.13842171415381938,0.04571716029388441,0.029737515647686757
859.375,4263.077,4205.641,4115.385,4101.026,4220.0,0.12607308505328635,0.024993059534362243,0.009011291218158338,0.22432714368185194,0.12074613194735813,0.14552542858198173,0.1413448197983142,0.10073057511846005,0.06046187483550199,0.25743891089954657,0.26174191757967097,0.13842171415381938,0.04571716029388441,0.029737515647686757
867.1875,4363.077,4223.077,4122.564,4124.615,4288.205,0.12607308505328635,0.024993059534362243,0.009011291218158338,0.22432714368185194,0.12074613194735813,0.14552542858198173,0.1413448197983142,0.10073057511846005,0.06046187483550199,0.25743891089954657,0.26174191757967097,0.13842171415381938,0.04571716029388441,0.029737515647686757
875.0,4448.718,4212.821,4143.077,4141.026,4336.923,0.12607308505328635,0.024993059534362243,0.009011291218158338,0.22432714368185194,0.12074613194735813,0.14552542858198173,0.1413448197983142,0.10073057511846005,0.06046187483550199,0.25743891089954657,0.26174191757967097,0.13842171415381938,0.04571716029388441,0.029737515647686757
882.8125,4489.231,4213.846,4154.359,4141.538,4367.179,0.12607308505328635,0.024993059534362243,0.009011291218158338,0.22432714368185194,0.12074613194735813,0.14552542858198173,0.1413448197983142,0.10073057511846005,0.06046187483550199,0.25743891089954657,0.26174191757967097,0.13842171415381938,0.04571716029388441,0.029737515647686757
890.625,4532.308,4241.026,4163.077,4156.41,4408.205,0.12607308505328635,0.024993059534362243,0.009011291218158338,0.22432714368185194,0.12074613194735813,0.14552542858198173,0.1413448197983142,0.10073057511846005,0.06046187483550199,0.25743891089954657,0.26174191757967097,0.13842171415381938,0.04571716029388441,0.029737515647686757
898.4375,4576.923,4272.821,4190.769,4184.103,4446.667,0.12607308505328635,0.024993059534362243,0.009011291218158338,0.22432714368185194,0.12074613194735813,0.14552542858198173,0.1413448197983142,0.10073057511846005,0.06046187483550199,0.25743891089954657,0.26174191757967097,0.13842171415381938,0.04571716029388441,0.029737515647686757
906.25,4584.615,4291.282,4210.769,4196.923,4460.513,0.12607308505328635,0.024993059534362243,0.009011291218158338,0.22432714368185194,0.12074613194735813,0.14552542858198173,0.1413448197983142,0.10073057511846005,0.06046187483550199,0.25743891089954657,0.26174191757967097,0.13842171415381938,0.04571716029388441,0.029737515647686757
914.0625,4554.872,4285.128,4200.513,4180.0,4435.385,0.12607308505328635,0.024993059534362243,0.009011291218158338,0.22432714368185194,0.12074613194735813,0.14552542858198173,0.1413448197983142,0.10073057511846005,0.06046187483550199,0.25743891089954657,0.26174191757967097,0.13842171415381938,0.04571716029388441,0.029737515647686757
921.875,4523.077,4276.923,4191.795,4157.949,4388.718,0.12607308505328635,0.024993059534362243,0.009011291218158338,0.22432714368185194,0.12074613194735813,0.14552542858198173,0.1413448197983142,0.10073057511846005,0.06046187483550199,0.25743891089954657,0.26174191757967097,0.13842171415381938,0.04571716029388441,0.029737515647686757
929.6875,4507.179,4281.538,4207.692,4160.513,4363.59,0.12607308505328635,0.024993059534362243,0.009011291218158338,0.22432714368185194,0.12074613194735813,0.14552542858198173,0.1413448197983142,0.10073057511846005,0.06046187483550199,0.25743891089954657,0.26174191757967097,0.13842171415381938,0.04571716029388441,0.029737515647686757
937.5,4478.974,4267.179,4207.692,4160.513,4349.231,0.12607308505328635,0.024993059534362243,0.009011291218158338,0.22432714368185194,0.12074613194735813,0.14552542858198173,0.1413448197983142,0.10073057511846005,0.06046187483550199,0.25743891089954657,0.26174191757967097,0.13842171415381938,0.04571716029388441,0.029737515647686757
945.3125,4420.0,4230.256,4161.538,4131.282,4308.205,0.12607308505328635,0.024993059534362243,0.009011291218158338,0.22432714368185194,0.12074613194735813,0.14552542858198173,0.1413448197983142,0.10073057511846005,0.06046187483550199,0.25743891089954657,0.26174191757967097,0.13842171415381938,0.04571716029388441,0.029737515647686757
953.125,4374.359,4212.821,4134.872,4110.256,4264.615,0.12607308505328635,0.024993059534362243,0.009011291218158338,0.22432714368185194,0.12074613194735813,0.14552542858198173,0.1413448197983142,0.10073057511846005,0.06046187483550199,0.25743891089954657,0.26174191757967097,0.13842171415381938,0.04571716029388441,0.029737515647686757
960.9375,4367.179,4216.41,4152.821,4119.487,4260.0,0.12607308505328635,0.024993059534362243,0.009011291218158338,0.22432714368185194,0.12074613194735813,0.14552542858198173,0.1413448197983142,0.10073057511846005,0.06046187483550199,0.25743891089954657,0.26174191757967097,0.13842171415381938,0.04571716029388441,0.029737515647686757
968.75,4362.564,4215.897,4157.949,4125.641,4264.103,0.12607308505328635,0.024993059534362243,0.009011291218158338,0.22432714368185194,0.12074613194735813,0.14552542858198173,0.1413448197983142,0.10073057511846005,0.06046187483550199,0.25743891089954657,0.26174191757967097,0.13842171415381938,0.04571716029388441,0.029737515647686757
976.5625,4363.077,4220.0,4153.846,4134.872,4261.538,0.12607308505328635,0.024993059534362243,0.009011291218158338,0.22432714368185194,0.12074613194735813,0.14552542858198173,0.1413448197983142,0.10073057511846005,0.06046187483550199,0.25743891089954657,0.26174191757967097,0.13842171415381938,0.04571716029388441,0.029737515647686757
984.375,4377.949,4232.308,4173.846,4151.282,4269.744,0.12607308505328635,0.024993059534362243,0.009011291218158338,0.22432714368185194,0.12074613194735813,0.14552542858198173,0.1413448197983142,0.10073057511846005,0.06046187483550199,0.25743891089954657,0.26174191757967097,0.13842171415381938,0.04571716029388441,0.029737515647686757
992.1875,4365.128,4226.667,4184.615,4137.949,4263.077,0.12607308505328635,0.024993059534362243,0.009011291218158338,0.22432714368185194,0.12074613194735813,0.14552542858198173,0.1413448197983142,0.10073057511846005,0.06046187483550199,0.25743891089954657,0.26174191757967097,0.13842171415381938,0.04571716029388441,0.029737515647686757
1000.0,4329.231,4212.821,4173.846,4107.692,4230.769,0.12607308505328635,0.024993059534362243,0.009011291218158338,0.22432714368185194,0.12074613194735813,0.14552542858198173,0.1413448197983142,0.10073057511846005,0.06046187483550199,0.25743891089954657,0.26174191757967097,0.13842171415381938,0.04571716029388441,0.029737515647686757
1007.8125,4316.923,4218.462,4170.769,4103.077,4212.308,0.12607308505328635,0.024993059534362243,0.009011291218158338,0.22432714368185194,0.12074613194735813,0.14552542858198173,0.1413448197983142,0.10073057511846005,0.06046187483550199,0.25743891089954657,0.26174191757967097,0.13842171415381938,0.04571716029388441,0.029737515647686757
1015.625,4314.359,4231.795,4182.051,4108.205,4216.41,0.12607308505328635,0.024993059534362243,0.009011291218158338,0.22432714368185194,0.12074613194735813,0.14552542858198173,0.1413448197983142,0.10073057511846005,0.06046187483550199,0.25743891089954657,0.26174191757967097,0.13842171415381938,0.04571716029388441,0.029737515647686757
1023.4375,4295.385,4235.385,4185.641,4108.205,4222.051,0.12607308505328635,0.024993059534362243,0.009011291218158338,0.22432714368185194,0.12074613194735813,0.14552542858198173,0.1413448197983142,0.10073057511846005,0.06046187483550199,0.25743891089954657,0.26174191757967097,0.13842171415381938,0.04571716029388441,0.029737515647686757
1031.25,4293.333,4230.769,4181.026,4119.487,4214.359,0.12607308505328635,0.024993059534362243,0.009011291218158338,0.22432714368185194,0.12074613194735813,0.14552542858198173,0.1413448197983142,0.10073057511846005,0.06046187483550199,0.25743891089954657,0.26174191757967097,0.13842171415381938,0.04571716029388441,0.029737515647686757
1039.0625,4289.231,4230.769,4167.692,4124.615,4193.333,0.12607308505328635,0.024993059534362243,0.009011291218158338,0.22432714368185194,0.12074613194735813,0.14552542858198173,0.1413448197983142,0.10073057511846005,0.06046187483550199,0.25743891089954657,0.26174191757967097,0.13842171415381938,0.04571716029388441,0.029737515647686757
1046.875,4273.846,4236.923,4144.615,4131.282,4185.128,0.12607308505328635,0.024993059534362243,0.009011291218158338,0.22432714368185194,0.12074613194735813,0.14552542858198173,0.1413448197983142,0.10073057511846005,0.06046187483550199,0.25743891089954657,0.26174191757967097,0.13842171415381938,0.04571716029388441,0.029737515647686757
1054.6875,4265.641,4226.667,4142.051,4138.462,4175.385,0.12607308505328635,0.024993059534362243,0.009011291218158338,0.22432714368185194,0.12074613194735813,0.14552542858198173,0.1413448197983142,0.10073057511846005,0.06046187483550199,0.25743891089954657,0.26174191757967097,0.13842171415381938,0.04571716029388441,0.029737515647686757
1062.5,4243.59,4214.872,4146.667,4113.846,4150.256,0.12607308505328635,0.024993059534362243,0.009011291218158338,0.22432714368185194,0.12074613194735813,0.14552542858198173,0.1413448197983142,0.10073057511846005,0.06046187483550199,0.25743891089954657,0.26174191757967097,0.13842171415381938,0.04571716029388441,0.029737515647686757
1070.3125,4230.256,4222.051,4136.41,4097.436,4148.718,0.12607308505328635,0.024993059534362243,0.009011291218158338,0.22432714368185194,0.12074613194735813,0.14552542858198173,0.1413448197983142,0.10073057511846005,0.06046187483550199,0.25743891089954657,0.26174191757967097,0.13842171415381938,0.04571716029388441,0.029737515647686757
1078.125,4242.051,4209.231,4145.128,4103.59,4150.256,0.12607308505328635,0.024993059534362243,0.009011291218158338,0.22432714368185194,0.12074613194735813,0.14552542858198173,0.1413448197983142,0.10073057511846005,0.06046187483550199,0.25743891089954657,0.26174191757967097,0.13842171415381938,0.04571716029388441,0.029737515647686757
1085.9375,4226.154,4189.231,4158.974,4089.231,4125.641,0.12607308505328635,0.024993059534362243,0.009011291218158338,0.22432714368185194,0.12074613194735813,0.14552542858198173,0.1413448197983142,0.10073057511846005,0.06046187483550199,0.25743891089954657,0.26174191757967097,0.13842171415381938,0.04571716029388441,0.029737515647686757
1093.75,4202.051,4209.744,4137.436,4088.718,4136.41,0.12607308505328635,0.024993059534362243,0.009011291218158338,0.22432714368185194,0.12074613194735813,0.14552542858198173,0.1413448197983142,0.10073057511846005,0.06046187483550199,0.25743891089954657,0.26174191757967097,0.13842171415381938,0.04571716029388441,0.029737515647686757
1101.5625,4228.718,4214.359,4131.795,4114.359,4161.026,0.12607308505328635,0.024993059534362243,0.009011291218158338,0.22432714368185194,0.12074613194735813,0.14552542858198173,0.1413448197983142,0.10073057511846005,0.06046187483550199,0.25743891089954657,0.26174191757967097,0.13842171415381938,0.04571716029388441,0.029737515647686757
1109.375,4229.231,4182.051,4150.769,4075.897,4126.154,0.12607308505328635,0.024993059534362243,0.009011291218158338,0.22432714368185194,0.12074613194735813,0.14552542858198173,0.1413448197983142,0.10073057511846005,0.06046187483550199,0.25743891089954657,0.26174191757967097,0.13842171415381938,0.04571716029388441,0.029737515647686757
1117.1875,4185.641,4188.205,4118.974,4020.513,4108.205,0.12607308505328635,0.024993059534362243,0.009011291218158338,0.22432714368185194,0.12074613194735813,0.14552542858198173,0.1413448197983142,0.10073057511846005,0.06046187483550199,0.25743891089954657,0.26174191757967097,0.13842171415381938,0.04571716029388441,0.029737515647686757
1125.0,4197.949,4198.974,4095.897,4042.564,4139.487,0.12607308505328635,0.024993059534362243,0.009011291218158338,0.22432714368185194,0.12074613194735813,0.14552542858198173,0.1413448197983142,0.10073057511846005,0.06046187483550199,0.25743891089954657,0.26174191757967097,0.13842171415381938,0.04571716029388441,0.029737515647686757
1132.8125,4231.795,4181.538,4143.59,4076.41,4147.179,0.12607308505328635,0.024993059534362243,0.009011291218158338,0.22432714368185194,0.12074613194735813,0.14552542858198173,0.1413448197983142,0.10073057511846005,0.06046187483550199,0.25743891089954657,0.26174191757967097,0.13842171415381938,0.04571716029388441,0.029737515647686757
1140.625,4212.308,4194.872,4157.949,4071.282,4145.641,0.12607308505328635,0.024993059534362243,0.009011291218158338,0.22432714368185194,0.12074613194735813,0.14552542858198173,0.1413448197983142,0.10073057511846005,0.06046187483550199,0.25743891089954657,0.26174191757967097,0.13842171415381938,0.04571716029388441,0.029737515647686757
1148.4375,4192.308,4214.359,4118.462,4068.205,4154.872,0.12607308505328635,0.024993059534362243,0.009011291218158338,0.22432714368185194,0.12074613194735813,0.14552542858198173,0.1413448197983142,0.10073057511846005,0.06046187483550199,0.25743891089954657,0.26174191757967097,0.13842171415381938,0.04571716029388441,0.029737515647686757
1156.25,4211.795,4189.744,4125.128,4075.385,4139.487,0.12607308505328635,0.024993059534362243,0.009011291218158338,0.22432714368185194,0.12074613194735813,0.14552542858198173,0.1413448197983142,0.10073057511846005,0.06046187483550199,0.25743891089954657,0.26174191757967097,0.13842171415381938,0.04571716029388441,0.029737515647686757
1164.0625,4215.897,4173.333,4163.59,4069.231,4123.077,0.12607308505328635,0.024993059534362243,0.009011291218158338,0.22432714368185194,0.12074613194735813,0.14552542858198173,0.1413448197983142,0.10073057511846005,0.06046187483550199,0.25743891089954657,0.26174191757967097,0.13842171415381938,0.04571716029388441,0.029737515647686757
1171.875,4181.538,4194.359,4149.744,4061.026,4135.385,0.12607308505328635,0.024993059534362243,0.009011291218158338,0.22432714368185194,0.12074613194735813,0.14552542858198173,0.1413448197983142,0.10073057511846005,0.06046187483550199,0.25743891089954657,0.26174191757967097,0.13842171415381938,0.04571716029388441,0.029737515647686757
1179.6875,4147.179,4204.615,4113.333,4070.769,4141.538,0.12607308505328635,0.024993059534362243,0.009011291218158338,0.22432714368185194,0.12074613194735813,0.14552542858198173,0.1413448197983142,0.10073057511846005,0.06046187483550199,0.25743891089954657,0.26174191757967097,0.13842171415381938,0.04571716029388441,0.029737515647686757
1187.5,4125.641,4189.231,4110.769,4081.026,4122.564,0.12607308505328635,0.024993059534362243,0.009011291218158338,0.22432714368185194,0.12074613194735813,0.14552542858198173,0.1413448197983142,0.10073057511846005,0.06046187483550199,0.25743891089954657,0.26174191757967097,0.13842171415381938,0.04571716029388441,0.029737515647686757
1195.3125,4103.59,4171.282,4128.205,4071.795,4090.256,0.12607308505328635,0.024993059534362243,0.009011291218158338,0.22432714368185194,0.12074613194735813,0.14552542858198173,0.1413448197983142,0.10073057511846005,0.06046187483550199,0.25743891089954657,0.26174191757967097,0.13842171415381938,0.04571716029388441,0.029737515647686757
1203.125,4081.538,4168.718,4142.051,4064.103,4070.769,0.12607308505328635,0.024993059534362243,0.009011291218158338,0.22432714368185194,0.12074613194735813,0.14552542858198173,0.1413448197983142,0.10073057511846005,0.06046187483550199,0.25743891089954657,0.26174191757967097,0.13842171415381938,0.04571716029388441,0.029737515647686757
1210.9375,4049.231,4167.692,4130.769,4059.487,4068.718,0.12607308505328635,0.024993059534362243,0.009011291218158338,0.22432714368185194,0.12074613194735813,0.14552542858198173,0.1413448197983142,0.10073057511846005,0.06046187483550199,0.25743891089954657,0.26174191757967097,0.13842171415381938,0.04571716029388441,0.029737515647686757
1218.75,3999.487,4156.923,4093.846,4030.769,4051.282,0.12607308505328635,0.024993059534362243,0.009011291218158338,0.22432714368185194,0.12074613194735813,0.14552542858198173,0.1413448197983142,0.10073057511846005,0.06046187483550199,0.25743891089954657,0.26174191757967097,0.13842171415381938,0.04571716029388441,0.029737515647686757
1226.5625,3973.846,4169.231,4083.077,4010.256,4032.821,0.12607308505328635,0.024993059534362243,0.009011291218158338,0.22432714368185194,0.12074613194735813,0.14552542858198173,0.1413448197983142,0.10073057511846005,0.06046187483550199,0.25743891089954657,0.26174191757967097,0.13842171415381938,0.04571716029388441,0.029737515647686757
1234.375,3986.667,4192.308,4109.231,4024.103,4042.051,0.12607308505328635,0.024993059534362243,0.009011291218158338,0.22432714368185194,0.12074613194735813,0.14552542858198173,0.1413448197983142,0.10073057511846005,0.06046187483550199,0.25743891089954657,0.26174191757967097,0.13842171415381938,0.04571716029388441,0.029737515647686757
1242.1875,4002.051,4191.282,4125.641,4042.564,4064.615,0.12607308505328635,0.024993059534362243,0.009011291218158338,0.22432714368185194,0.12074613194735813,0.14552542858198173,0.1413448197983142,0.10073057511846005,0.06046187483550199,0.25743891089954657,0.26174191757967097,0.13842171415381938,0.04571716029388441,0.029737515647686757
1250.0,4005.641,4171.795,4123.077,4042.564,4073.846,0.12607308505328635,0.024993059534362243,0.009011291218158338,0.22432714368185194,0.12074613194735813,0.14552542858198173,0.1413448197983142,0.10073057511846005,0.06046187483550199,0.25743891089954657,0.26174191757967097,0.13842171415381938,0.04571716029388441,0.029737515647686757
1257.8125,4010.769,4156.923,4127.179,4038.462,4070.769,0.12607308505328635,0.024993059534362243,0.009011291218158338,0.22432714368185194,0.12074613194735813,0.14552542858198173,0.1413448197983142,0.10073057511846005,0.06046187483550199,0.25743891089954657,0.26174191757967097,0.13842171415381938,0.04571716029388441,0.029737515647686757
1265.625,4014.872,4136.923,4134.872,4036.923,4058.462,0.12607308505328635,0.024993059534362243,0.009011291218158338,0.22432714368185194,0.12074613194735813,0.14552542858198173,0.1413448197983142,0.10073057511846005,0.06046187483550199,0.25743891089954657,0.26174191757967097,0.13842171415381938,0.04571716029388441,0.029737515647686757
1273.4375,4014.872,4108.718,4123.59,4027.692,4037.949,0.12607308505328635,0.024993059534362243,0.009011291218158338,0.22432714368185194,0.12074613194735813,0.14552542858198173,0.1413448197983142,0.10073057511846005,0.06046187483550199,0.25743891089954657,0.26174191757967097,0.13842171415381938,0.04571716029388441,0.029737515647686757
1281.25,4021.538,4099.487,4104.615,4021.538,4040.0,0.12607308505328635,0.024993059534362243,0.009011291218158338,0.22432714368185194,0.12074613194735813,0.14552542858198173,0.1413448197983142,0.10073057511846005,0.06046187483550199,0.25743891089954657,0.26174191757967097,0.13842171415381938,0.04571716029388441,0.029737515647686757
1289.0625,4043.59,4121.538,4109.231,4040.513,4080.513,0.12607308505328635,0.024993059534362243,0.009011291218158338,0.22432714368185194,0.12074613194735813,0.14552542858198173,0.1413448197983142,0.10073057511846005,0.06046187483550199,0.25743891089954657,0.26174191757967097,0.13842171415381938,0.04571716029388441,0.029737515647686757
1296.875,4064.103,4146.154,4125.128,4065.641,4109.231,0.12607308505328635,0.024993059534362243,0.009011291218158338,0.22432714368185194,0.12074613194735813,0.14552542858198173,0.1413448197983142,0.10073057511846005,0.06046187483550199,0.25743891089954657,0.26174191757967097,0.13842171415381938,0.04571716029388441,0.029737515647686757
1304.6875,4053.846,4145.128,4111.795,4055.897,4092.308,0.12607308505328635,0.024993059534362243,0.009011291218158338,0.22432714368185194,0.12074613194735813,0.14552542858198173,0.1413448197983142,0.10073057511846005,0.06046187483550199,0.25743891089954657,0.26174191757967097,0.13842171415381938,0.04571716029388441,0.029737515647686757
1312.5,4022.564,4135.897,4080.0,4024.103,4070.769,0.12607308505328635,0.024993059534362243,0.009011291218158338,0.22432714368185194,0.12074613194735813,0.14552542858198173,0.1413448197983142,0.10073057511846005,0.06046187483550199,0.25743891089954657,0.26174191757967097,0.13842171415381938,0.04571716029388441,0.029737515647686757
1320.3125,4016.41,4151.795,4077.949,4016.923,4077.436,0.12607308505328635,0.024993059534362243,0.009011291218158338,0.22432714368185194,0.12074613194735813,0.14552542858198173,0.1413448197983142,0.10073057511846005,0.06046187483550199,0.25743891089954657,0.26174191757967097,0.13842171415381938,0.04571716029388441,0.029737515647686757
1328.125,4041.026,4189.231,4103.077,4030.256,4098.974,0.12607308505328635,0.024993059534362243,0.009011291218158338,0.22432714368185194,0.12074613194735813,0.14552542858198173,0.1413448197983142,0.10073057511846005,0.06046187483550199,0.25743891089954657,0.26174191757967097,0.13842171415381938,0.04571716029388441,0.029737515647686757
1335.9375,4057.949,4208.718,4115.897,4031.795,4117.436,0.12607308505328635,0.024993059534362243,0.009011291218158338,0.22432714368185194,0.12074613194735813,0.14552542858198173,0.1413448197983142,0.10073057511846005,0.06046187483550199,0.25743891089954657,0.26174191757967097,0.13842171415381938,0.04571716029388441,0.029737515647686757
1343.75,4057.949,4201.538,4108.718,4020.0,4119.487,0.12607308505328635,0.024993059534362243,0.009011291218158338,0.22432714368185194,0.12074613194735813,0.14552542858198173,0.1413448197983142,0.10073057511846005,0.06046187483550199,0.25743891089954657,0.26174191757967097,0.13842171415381938,0.04571716029388441,0.029737515647686757
1351.5625,4070.769,4202.564,4110.256,4026.667,4119.487,0.12607308505328635,0.024993059534362243,0.009011291218158338,0.22432714368185194,0.12074613194735813,0.14552542858198173,0.1413448197983142,0.10073057511846005,0.06046187483550199,0.25743891089954657,0.26174191757967097,0.13842171415381938,0.04571716029388441,0.029737515647686757
1359.375,4093.333,4208.205,4116.923,4047.692,4125.641,0.12607308505328635,0.024993059534362243,0.009011291218158338,0.22432714368185194,0.12074613194735813,0.14552542858198173,0.1413448197983142,0.10073057511846005,0.06046187483550199,0.25743891089954657,0.26174191757967097,0.13842171415381938,0.04571716029388441,0.029737515647686757
1367.1875,4096.923,4193.333,4112.821,4059.487,4124.615,0.12607308505328635,0.024993059534362243,0.009011291218158338,0.22432714368185194,0.12074613194735813,0.14552542858198173,0.1413448197983142,0.10073057511846005,0.06046187483550199,0.25743891089954657,0.26174191757967097,0.13842171415381938,0.04571716029388441,0.029737515647686757
1375.0,4087.692,4180.0,4106.667,4060.513,4121.026,0.12607308505328635,0.024993059534362243,0.009011291218158338,0.22432714368185194,0.12074613194735813,0.14552542858198173,0.1413448197983142,0.10073057511846005,0.06046187483550199,0.25743891089954657,0.26174191757967097,0.13842171415381938,0.04571716029388441,0.029737515647686757
1382.8125,4093.333,4180.513,4107.179,4059.487,4113.846,0.12607308505328635,0.024993059534362243,0.009011291218158338,0.22432714368185194,0.12074613194735813,0.14552542858198173,0.1413448197983142,0.10073057511846005,0.06046187483550199,0.25743891089954657,0.26174191757967097,0.13842171415381938,0.04571716029388441,0.029737515647686757
1390.625,4109.744,4176.923,4116.41,4061.026,4097.436,0.12607308505328635,0.024993059534362243,0.009011291218158338,0.22432714368185194,0.12074613194735813,0.14552542858198173,0.1413448197983142,0.10073057511846005,0.06046187483550199,0.25743891089954657,0.26174191757967097,0.13842171415381938,0.04571716029388441,0.029737515647686757
1398.4375,4119.487,4174.359,4130.256,4059.487,4093.846,0.12607308505328635,0.024993059534362243,0.009011291218158338,0.22432714368185194,0.12074613194735813,0.14552542858198173,0.1413448197983142,0.10073057511846005,0.06046187483550199,0.25743891089954657,0.26174191757967097,0.13842171415381938,0.04571716029388441,0.029737515647686757
1406.25,4124.103,4177.436,4143.077,4054.359,4109.744,0.12607308505328635,0.024993059534362243,0.009011291218158338,0.22432714368185194,0.12074613194735813,0.14552542858198173,0.1413448197983142,0.10073057511846005,0.06046187483550199,0.25743891089954657,0.26174191757967097,0.13842171415381938,0.04571716029388441,0.029737515647686757
1414.0625,4126.667,4168.205,4153.333,4048.718,4110.769,0.12607308505328635,0.024993059534362243,0.009011291218158338,0.22432714368185194,0.12074613194735813,0.14552542858198173,0.1413448197983142,0.10073057511846005,0.06046187483550199,0.25743891089954657,0.26174191757967097,0.13842171415381938,0.04571716029388441,0.029737515647686757
1421.875,4122.564,4156.41,4158.462,4047.179,4091.795,0.12607308505328635,0.024993059534362243,0.009011291218158338,0.22432714368185194,0.12074613194735813,0.14552542858198173,0.1413448197983142,0.10073057511846005,0.06046187483550199,0.25743891089954657,0.26174191757967097,0.13842171415381938,0.04571716029388441,0.029737515647686757
1429.6875,4113.846,4150.256,4150.769,4039.487,4080.513,0.12607308505328635,0.024993059534362243,0.009011291218158338,0.22432714368185194,0.12074613194735813,0.14552542858198173,0.1413448197983142,0.10073057511846005,0.06046187483550199,0.25743891089954657,0.26174191757967097,0.13842171415381938,0.04571716029388441,0.029737515647686757
1437.5,4111.795,4140.0,4134.359,4023.077,4076.923,0.12607308505328635,0.024993059534362243,0.009011291218158338,0.22432714368185194,0.12074613194735813,0.14552542858198173,0.1413448197983142,0.10073057511846005,0.06046187483550199,0.25743891089954657,0.26174191757967097,0.13842171415381938,0.04571716029388441,0.029737515647686757
1445.3125,4117.436,4137.949,4125.128,4017.436,4072.821,0.12607308505328635,0.024993059534362243,0.009011291218158338,0.22432714368185194,0.12074613194735813,0.14552542858198173,0.1413448197983142,0.10073057511846005,0.06046187483550199,0.25743891089954657,0.26174191757967097,0.13842171415381938,0.04571716029388441,0.029737515647686757
1453.125,4128.718,4156.923,4133.333,4028.718,4078.462,0.12607308505328635,0.024993059534362243,0.009011291218158338,0.22432714368185194,0.12074613194735813,0.14552542858198173,0.1413448197983142,0.10073057511846005,0.06046187483550199,0.25743891089954657,0.26174191757967097,0.13842171415381938,0.04571716029388441,0.029737515647686757
1460.9375,4136.41,4168.205,4149.231,4044.103,4089.231,0.12607308505328635,0.024993059534362243,0.009011291218158338,0.22432714368185194,0.12074613194735813,0.14552542858198173,0.1413448197983142,0.10073057511846005,0.06046187483550199,0.25743891089954657,0.26174191757967097,0.13842171415381938,0.04571716029388441,0.029737515647686757
1468.75,4130.256,4159.487,4151.795,4040.513,4078.462,0.12607308505328635,0.024993059534362243,0.009011291218158338,0.22432714368185194,0.12074613194735813,0.14552542858198173,0.1413448197983142,0.10073057511846005,0.06046187483550199,0.25743891089954657,0.26174191757967097,0.13842171415381938,0.04571716029388441,0.029737515647686757
1476.5625,4113.333,4150.769,4139.487,4015.897,4050.769,0.12607308505328635,0.024993059534362243,0.009011291218158338,0.22432714368185194,0.12074613194735813,0.14552542858198173,0.1413448197983142,0.10073057511846005,0.06046187483550199,0.25743891089954657,0.26174191757967097,0.13842171415381938,0.04571716029388441,0.029737515647686757
1484.375,4109.744,4151.282,4140.513,4006.154,4045.641,0.12607308505328635,0.024993059534362243,0.009011291218158338,0.22432714368185194,0.12074613194735813,0.14552542858198173,0.1413448197983142,0.10073057511846005,0.06046187483550199,0.25743891089954657,0.26174191757967097,0.13842171415381938,0.04571716029388441,0.029737515647686757
1492.1875,4123.077,4161.538,4155.385,4021.026,4071.282,0.12607308505328635,0.024993059534362243,0.009011291218158338,0.22432714368185194,0.12074613194735813,0.14552542858198173,0.1413448197983142,0.10073057511846005,0.06046187483550199,0.25743891089954657,0.26174191757967097,0.13842171415381938,0.04571716029388441,0.029737515647686757
1500.0,4132.821,4183.59,4160.513,4042.564,4109.744,0.12607308505328635,0.024993059534362243,0.009011291218158338,0.22432714368185194,0.12074613194735813,0.14552542858198173,0.1413448197983142,0.10073057511846005,0.06046187483550199,0.25743891089954657,0.26174191757967097,0.13842171415381938,0.04571716029388441,0.029737515647686757
1507.8125,4150.769,4194.872,4161.026,4073.333,4148.718,0.12607308505328635,0.024993059534362243,0.009011291218158338,0.22432714368185194,0.12074613194735813,0.14552542858198173,0.1413448197983142,0.10073057511846005,0.06046187483550199,0.25743891089954657,0.26174191757967097,0.13842171415381938,0.04571716029388441,0.029737515647686757
1515.625,4190.769,4180.513,4181.026,4101.026,4158.974,0.12607308505328635,0.024993059534362243,0.009011291218158338,0.22432714368185194,0.12074613194735813,0.14552542858198173,0.1413448197983142,0.10073057511846005,0.06046187483550199,0.25743891089954657,0.26174191757967097,0.13842171415381938,0.04571716029388441,0.029737515647686757
1523.4375,4209.744,4167.692,4209.744,4084.615,4138.462,0.12607308505328635,0.024993059534362243,0.009011291218158338,0.22432714368185194,0.12074613194735813,0.14552542858198173,0.1413448197983142,0.10073057511846005,0.06046187483550199,0.25743891089954657,0.26174191757967097,0.13842171415381938,0.04571716029388441,0.029737515647686757
1531.25,4180.0,4189.231,4208.205,4044.615,4128.718,0.12607308505328635,0.024993059534362243,0.009011291218158338,0.22432714368185194,0.12074613194735813,0.14552542858198173,0.1413448197983142,0.10073057511846005,0.06046187483550199,0.25743891089954657,0.26174191757967097,0.13842171415381938,0.04571716029388441,0.029737515647686757
1539.0625,4149.744,4225.128,4177.436,4031.795,4136.41,0.12607308505328635,0.024993059534362243,0.009011291218158338,0.22432714368185194,0.12074613194735813,0.14552542858198173,0.1413448197983142,0.10073057511846005,0.06046187483550199,0.25743891089954657,0.26174191757967097,0.13842171415381938,0.04571716029388441,0.029737515647686757
1546.875,4163.59,4231.795,4153.846,4045.128,4143.59,0.12607308505328635,0.024993059534362243,0.009011291218158338,0.22432714368185194,0.12074613194735813,0.14552542858198173,0.1413448197983142,0.10073057511846005,0.06046187483550199,0.25743891089954657,0.26174191757967097,0.13842171415381938,0.04571716029388441,0.029737515647686757
1554.6875,4195.385,4209.744,4162.051,4059.487,4145.641,0.12607308505328635,0.024993059534362243,0.009011291218158338,0.22432714368185194,0.12074613194735813,0.14552542858198173,0.1413448197983142,0.10073057511846005,0.06046187483550199,0.25743891089954657,0.26174191757967097,0.13842171415381938,0.04571716029388441,0.029737515647686757
1562.5,4189.231,4184.103,4175.897,4051.795,4126.667,0.12607308505328635,0.024993059534362243,0.009011291218158338,0.22432714368185194,0.12074613194735813,0.14552542858198173,0.1413448197983142,0.10073057511846005,0.06046187483550199,0.25743891089954657,0.26174191757967097,0.13842171415381938,0.04571716029388441,0.029737515647686757
1570.3125,4149.744,4171.282,4163.59,4023.59,4094.872,0.12607308505328635,0.024993059534362243,0.009011291218158338,0.22432714368185194,0.12074613194735813,0.14552542858198173,0.1413448197983142,0.10073057511846005,0.06046187483550199,0.25743891089954657,0.26174191757967097,0.13842171415381938,0.04571716029388441,0.029737515647686757
1578.125,4141.026,4188.205,4148.718,4025.641,4102.051,0.12607308505328635,0.024993059534362243,0.009011291218158338,0.22432714368185194,0.12074613194735813,0.14552542858198173,0.1413448197983142,0.10073057511846005,0.06046187483550199,0.25743891089954657,0.26174191757967097,0.13842171415381938,0.04571716029388441,0.029737515647686757
1585.9375,4164.615,4209.231,4141.026,4058.462,4131.282,0.12607308505328635,0.024993059534362243,0.009011291218158338,0.22432714368185194,0.12074613194735813,0.14552542858198173,0.1413448197983142,0.10073057511846005,0.06046187483550199,0.25743891089954657,0.26174191757967097,0.13842171415381938,0.04571716029388441,0.029737515647686757
1593.75,4172.308,4189.744,4130.256,4071.282,4130.769,0.12607308505328635,0.024993059534362243,0.009011291218158338,0.22432714368185194,0.12074613194735813,0.14552542858198173,0.1413448197983142,0.10073057511846005,0.06046187483550199,0.25743891089954657,0.26174191757967097,0.13842171415381938,0.04571716029388441,0.029737515647686757
1601.5625,4170.256,4147.692,4136.41,4054.359,4110.769,0.12607308505328635,0.024993059534362243,0.009011291218158338,0.22432714368185194,0.12074613194735813,0.14552542858198173,0.1413448197983142,0.10073057511846005,0.06046187483550199,0.25743891089954657,0.26174191757967097,0.13842171415381938,0.04571716029388441,0.029737515647686757
1609.375,4179.487,4147.179,4166.667,4043.59,4101.026,0.12607308505328635,0.024993059534362243,0.009011291218158338,0.22432714368185194,0.12074613194735813,0.14552542858198173,0.1413448197983142,0.10073057511846005,0.06046187483550199,0.25743891089954657,0.26174191757967097,0.13842171415381938,0.04571716029388441,0.029737515647686757
1617.1875,4172.821,4168.205,4174.872,4038.974,4101.538,0.12607308505328635,0.024993059534362243,0.009011291218158338,0.22432714368185194,0.12074613194735813,0.14552542858198173,0.1413448197983142,0.10073057511846005,0.06046187483550199,0.25743891089954657,0.26174191757967097,0.13842171415381938,0.04571716029388441,0.029737515647686757
1625.0,4139.487,4164.103,4142.051,4032.821,4104.103,0.12607308505328635,0.024993059534362243,0.009011291218158338,0.22432714368185194,0.12074613194735813,0.14552542858198173,0.1413448197983142,0.10073057511846005,0.06046187483550199,0.25743891089954657,0.26174191757967097,0.13842171415381938,0.04571716029388441,0.029737515647686757
1632.8125,4145.641,4151.282,4130.256,4044.103,4106.154,0.12607308505328635,0.024993059534362243,0.009011291218158338,0.22432714368185194,0.12074613194735813,0.14552542858198173,0.1413448197983142,0.10073057511846005,0.06046187483550199,0.25743891089954657,0.26174191757967097,0.13842171415381938,0.04571716029388441,0.029737515647686757
1640.625,4221.026,4160.513,4169.231,4057.436,4131.282,0.12607308505328635,0.024993059534362243,0.009011291218158338,0.22432714368185194,0.12074613194735813,0.14552542858198173,0.1413448197983142,0.10073057511846005,0.06046187483550199,0.25743891089954657,0.26174191757967097,0.13842171415381938,0.04571716029388441,0.029737515647686757
1648.4375,4308.205,4184.615,4206.154,4050.769,4187.179,0.12607308505328635,0.024993059534362243,0.009011291218158338,0.22432714368185194,0.12074613194735813,0.14552542858198173,0.1413448197983142,0.10073057511846005,0.06046187483550199,0.25743891089954657,0.26174191757967097,0.13842171415381938,0.04571716029388441,0.029737515647686757
1656.25,4360.0,4198.462,4195.385,4039.487,4229.744,0.12607308505328635,0.024993059534362243,0.009011291218158338,0.22432714368185194,0.12074613194735813,0.14552542858198173,0.1413448197983142,0.10073057511846005,0.06046187483550199,0.25743891089954657,0.26174191757967097,0.13842171415381938,0.04571716029388441,0.029737515647686757
1664.0625,4405.128,4210.256,4171.795,4044.103,4256.41,0.12607308505328635,0.024993059534362243,0.009011291218158338,0.22432714368185194,0.12074613194735813,0.14552542858198173,0.1413448197983142,0.10073057511846005,0.06046187483550199,0.25743891089954657,0.26174191757967097,0.13842171415381938,0.04571716029388441,0.029737515647686757
1671.875,4458.462,4223.077,4175.897,4047.692,4280.513,0.12607308505328635,0.024993059534362243,0.009011291218158338,0.22432714368185194,0.12074613194735813,0.14552542858198173,0.1413448197983142,0.10073057511846005,0.06046187483550199,0.25743891089954657,0.26174191757967097,0.13842171415381938,0.04571716029388441,0.029737515647686757
1679.6875,4489.231,4222.051,4182.564,4036.923,4285.641,0.12607308505328635,0.024993059534362243,0.009011291218158338,0.22432714368185194,0.12074613194735813,0.14552542858198173,0.1413448197983142,0.10073057511846005,0.06046187483550199,0.25743891089954657,0.26174191757967097,0.13842171415381938,0.04571716029388441,0.029737515647686757
1687.5,4490.769,4217.436,4165.641,4037.436,4281.538,0.12607308505328635,0.024993059534362243,0.009011291218158338,0.22432714368185194,0.12074613194735813,0.14552542858198173,0.1413448197983142,0.10073057511846005,0.06046187483550199,0.25743891089954657,0.26174191757967097,0.13842171415381938,0.04571716029388441,0.029737515647686757
1695.3125,4467.179,4216.41,4156.41,4036.923,4273.333,0.12607308505328635,0.024993059534362243,0.009011291218158338,0.22432714368185194,0.12074613194735813,0.14552542858198173,0.1413448197983142,0.10073057511846005,0.06046187483550199,0.25743891089954657,0.26174191757967097,0.13842171415381938,0.04571716029388441,0.029737515647686757
1703.125,4441.538,4208.205,4167.692,4025.641,4252.308,0.12607308505328635,0.024993059534362243,0.009011291218158338,0.22432714368185194,0.12074613194735813,0.14552542858198173,0.1413448197983142,0.10073057511846005,0.06046187483550199,0.25743891089954657,0.26174191757967097,0.13842171415381938,0.04571716029388441,0.029737515647686757
1710.9375,4433.333,4200.0,4172.308,4028.718,4245.128,0.12607308505328635,0.024993059534362243,0.009011291218158338,0.22432714368185194,0.12074613194735813,0.14552542858198173,0.1413448197983142,0.10073057511846005,0.06046187483550199,0.25743891089954657,0.26174191757967097,0.13842171415381938,0.04571716029388441,0.029737515647686757
1718.75,4418.974,4197.949,4173.333,4037.949,4246.667,0.12607308505328635,0.024993059534362243,0.009011291218158338,0.22432714368185194,0.12074613194735813,0.14552542858198173,0.1413448197983142,0.10073057511846005,0.06046187483550199,0.25743891089954657,0.26174191757967097,0.13842171415381938,0.04571716029388441,0.029737515647686757
1726.5625,4397.436,4189.231,4186.667,4035.897,4237.949,0.12607308505328635,0.024993059534362243,0.009011291218158338,0.22432714368185194,0.12074613194735813,0.14552542858198173,0.1413448197983142,0.10073057511846005,0.06046187483550199,0.25743891089954657,0.26174191757967097,0.13842171415381938,0.04571716029388441,0.029737515647686757
1734.375,4391.282,4191.795,4207.692,4038.974,4238.462,0.12607308505328635,0.024993059534362243,0.009011291218158338,0.22432714368185194,0.12074613194735813,0.14552542858198173,0.1413448197983142,0.10073057511846005,0.06046187483550199,0.25743891089954657,0.26174191757967097,0.13842171415381938,0.04571716029388441,0.029737515647686757
1742.1875,4396.923,4205.641,4225.641,4052.308,4246.154,0.12607308505328635,0.024993059534362243,0.009011291218158338,0.22432714368185194,0.12074613194735813,0.14552542858198173,0.1413448197983142,0.10073057511846005,0.06046187483550199,0.25743891089954657,0.26174191757967097,0.13842171415381938,0.04571716029388441,0.029737515647686757
1750.0,4389.231,4198.462,4216.41,4047.179,4235.897,0.12607308505328635,0.024993059534362243,0.009011291218158338,0.22432714368185194,0.12074613194735813,0.14552542858198173,0.1413448197983142,0.10073057511846005,0.06046187483550199,0.25743891089954657,0.26174191757967097,0.13842171415381938,0.04571716029388441,0.029737515647686757
1757.8125,4376.41,4186.667,4195.897,4036.923,4231.795,0.12607308505328635,0.024993059534362243,0.009011291218158338,0.22432714368185194,0.12074613194735813,0.14552542858198173,0.1413448197983142,0.10073057511846005,0.06046187483550199,0.25743891089954657,0.26174191757967097,0.13842171415381938,0.04571716029388441,0.029737515647686757
1765.625,4385.128,4204.615,4200.0,4057.949,4252.308,0.12607308505328635,0.024993059534362243,0.009011291218158338,0.22432714368185194,0.12074613194735813,0.14552542858198173,0.1413448197983142,0.10073057511846005,0.06046187483550199,0.25743891089954657,0.26174191757967097,0.13842171415381938,0.04571716029388441,0.029737515647686757
1773.4375,4408.205,4231.282,4224.103,4089.231,4280.0,0.12607308505328635,0.024993059534362243,0.009011291218158338,0.22432714368185194,0.12074613194735813,0.14552542858198173,0.1413448197983142,0.10073057511846005,0.06046187483550199,0.25743891089954657,0.26174191757967097,0.13842171415381938,0.04571716029388441,0.029737515647686757
1781.25,4397.436,4234.359,4220.513,4087.179,4285.128,0.12607308505328635,0.024993059534362243,0.009011291218158338,0.22432714368185194,0.12074613194735813,0.14552542858198173,0.1413448197983142,0.10073057511846005,0.06046187483550199,0.25743891089954657,0.26174191757967097,0.13842171415381938,0.04571716029388441,0.029737515647686757
1789.0625,4345.641,4201.026,4177.949,4048.205,4235.385,0.12607308505328635,0.024993059534362243,0.009011291218158338,0.22432714368185194,0.12074613194735813,0.14552542858198173,0.1413448197983142,0.10073057511846005,0.06046187483550199,0.25743891089954657,0.26174191757967097,0.13842171415381938,0.04571716029388441,0.029737515647686757
1796.875,4310.256,4173.333,4140.513,4022.564,4184.103,0.12607308505328635,0.024993059534362243,0.009011291218158338,0.22432714368185194,0.12074613194735813,0.14552542858198173,0.1413448197983142,0.10073057511846005,0.06046187483550199,0.25743891089954657,0.26174191757967097,0.13842171415381938,0.04571716029388441,0.029737515647686757
1804.6875,4328.205,4197.949,4155.385,4044.103,4202.051,0.12607308505328635,0.024993059534362243,0.009011291218158338,0.22432714368185194,0.12074613194735813,0.14552542858198173,0.1413448197983142,0.10073057511846005,0.06046187483550199,0.25743891089954657,0.26174191757967097,0.13842171415381938,0.04571716029388441,0.029737515647686757
1812.5,4351.282,4227.692,4187.179,4071.282,4233.846,0.12607308505328635,0.024993059534362243,0.009011291218158338,0.22432714368185194,0.12074613194735813,0.14552542858198173,0.1413448197983142,0.10073057511846005,0.06046187483550199,0.25743891089954657,0.26174191757967097,0.13842171415381938,0.04571716029388441,0.029737515647686757
1820.3125,4336.923,4202.564,4167.179,4052.308,4210.769,0.12607308505328635,0.024993059534362243,0.009011291218158338,0.22432714368185194,0.12074613194735813,0.14552542858198173,0.1413448197983142,0.10073057511846005,0.06046187483550199,0.25743891089954657,0.26174191757967097,0.13842171415381938,0.04571716029388441,0.029737515647686757
1828.125,4314.359,4176.41,4143.59,4018.462,4175.385,0.12607308505328635,0.024993059534362243,0.009011291218158338,0.22432714368185194,0.12074613194735813,0.14552542858198173,0.1413448197983142,0.10073057511846005,0.06046187483550199,0.25743891089954657,0.26174191757967097,0.13842171415381938,0.04571716029388441,0.029737515647686757
1835.9375,4322.564,4190.256,4167.179,4021.026,4183.077,0.12607308505328635,0.024993059534362243,0.009011291218158338,0.22432714368185194,0.12074613194735813,0.14552542858198173,0.1413448197983142,0.10073057511846005,0.06046187483550199,0.25743891089954657,0.26174191757967097,0.13842171415381938,0.04571716029388441,0.029737515647686757
1843.75,4335.897,4196.41,4185.641,4027.692,4203.59,0.12607308505328635,0.024993059534362243,0.009011291218158338,0.22432714368185194,0.12074613194735813,0.14552542858198173,0.1413448197983142,0.10073057511846005,0.06046187483550199,0.25743891089954657,0.26174191757967097,0.13842171415381938,0.04571716029388441,0.029737515647686757
1851.5625,4341.026,4190.256,4185.641,4021.026,4213.846,0.12607308505328635,0.024993059534362243,0.009011291218158338,0.22432714368185194,0.12074613194735813,0.14552542858198173,0.1413448197983142,0.10073057511846005,0.06046187483550199,0.25743891089954657,0.26174191757967097,0.13842171415381938,0.04571716029388441,0.029737515647686757
1859.375,4356.923,4199.487,4201.026,4041.026,4229.744,0.12607308505328635,0.024993059534362243,0.009011291218158338,0.22432714368185194,0.12074613194735813,0.14552542858198173,0.1413448197983142,0.10073057511846005,0.06046187483550199,0.25743891089954657,0.26174191757967097,0.13842171415381938,0.04571716029388441,0.029737515647686757
1867.1875,4368.718,4206.154,4212.308,4067.179,4242.564,0.12607308505328635,0.024993059534362243,0.009011291218158338,0.22432714368185194,0.12074613194735813,0.14552542858198173,0.1413448197983142,0.10073057511846005,0.06046187483550199,0.25743891089954657,0.26174191757967097,0.13842171415381938,0.04571716029388441,0.029737515647686757
1875.0,4367.692,4198.974,4199.487,4063.59,4241.026,0.12607308505328635,0.024993059534362243,0.009011291218158338,0.22432714368185194,0.12074613194735813,0.14552542858198173,0.1413448197983142,0.10073057511846005,0.06046187483550199,0.25743891089954657,0.26174191757967097,0.13842171415381938,0.04571716029388441,0.029737515647686757
1882.8125,4365.641,4201.026,4197.949,4058.974,4228.718,0.12607308505328635,0.024993059534362243,0.009011291218158338,0.22432714368185194,0.12074613194735813,0.14552542858198173,0.1413448197983142,0.10073057511846005,0.06046187483550199,0.25743891089954657,0.26174191757967097,0.13842171415381938,0.04571716029388441,0.029737515647686757
1890.625,4362.051,4212.821,4207.179,4065.128,4217.436,0.12607308505328635,0.024993059534362243,0.009011291218158338,0.22432714368185194,0.12074613194735813,0.14552542858198173,0.1413448197983142,0.10073057511846005,0.06046187483550199,0.25743891089954657,0.26174191757967097,0.13842171415381938,0.04571716029388441,0.029737515647686757
1898.4375,4368.718,4212.308,4197.949,4062.564,4221.026,0.12607308505328635,0.024993059534362243,0.009011291218158338,0.22432714368185194,0.12074613194735813,0.14552542858198173,0.1413448197983142,0.10073057511846005,0.06046187483550199,0.25743891089954657,0.26174191757967097,0.13842171415381938,0.04571716029388441,0.029737515647686757
1906.25,4389.231,4215.897,4186.154,4061.538,4232.308,0.12607308505328635,0.024993059534362243,0.009011291218158338,0.22432714368185194,0.12074613194735813,0.14552542858198173,0.1413448197983142,0.10073057511846005,0.06046187483550199,0.25743891089954657,0.26174191757967097,0.13842171415381938,0.04571716029388441,0.029737515647686757
1914.0625,4405.128,4226.154,4187.179,4063.077,4236.923,0.12607308505328635,0.024993059534362243,0.009011291218158338,0.22432714368185194,0.12074613194735813,0.14552542858198173,0.1413448197983142,0.10073057511846005,0.06046187483550199,0.25743891089954657,0.26174191757967097,0.13842171415381938,0.04571716029388441,0.029737515647686757
1921.875,4385.641,4216.923,4180.513,4041.538,4226.154,0.12607308505328635,0.024993059534362243,0.009011291218158338,0.22432714368185194,0.12074613194735813,0.14552542858198173,0.1413448197983142,0.10073057511846005,0.06046187483550199,0.25743891089954657,0.26174191757967097,0.13842171415381938,0.04571716029388441,0.029737515647686757
1929.6875,4353.846,4194.359,4168.205,4021.538,4214.872,0.12607308505328635,0.024993059534362243,0.009011291218158338,0.22432714368185194,0.12074613194735813,0.14552542858198173,0.1413448197983142,0.10073057511846005,0.06046187483550199,0.25743891089954657,0.26174191757967097,0.13842171415381938,0.04571716029388441,0.029737515647686757
1937.5,4345.128,4193.846,4161.538,4026.667,4218.974,0.12607308505328635,0.024993059534362243,0.009011291218158338,0.22432714368185194,0.12074613194735813,0.14552542858198173,0.1413448197983142,0.10073057511846005,0.06046187483550199,0.25743891089954657,0.26174191757967097,0.13842171415381938,0.04571716029388441,0.029737515647686757
1945.3125,4353.846,4199.487,4157.949,4029.231,4226.154,0.12607308505328635,0.024993059534362243,0.009011291218158338,0.22432714368185194,0.12074613194735813,0.14552542858198173,0.1413448197983142,0.10073057511846005,0.06046187483550199,0.25743891089954657,0.26174191757967097,0.13842171415381938,0.04571716029388441,0.029737515647686757
1953.125,4352.821,4193.846,4156.923,4022.564,4219.487,0.12607308505328635,0.024993059534362243,0.009011291218158338,0.22432714368185194,0.12074613194735813,0.14552542858198173,0.1413448197983142,0.10073057511846005,0.06046187483550199,0.25743891089954657,0.26174191757967097,0.13842171415381938,0.04571716029388441,0.029737515647686757
1960.9375,4346.154,4192.821,4167.179,4023.077,4213.333,0.12607308505328635,0.024993059534362243,0.009011291218158338,0.22432714368185194,0.12074613194735813,0.14552542858198173,0.1413448197983142,0.10073057511846005,0.06046187483550199,0.25743891089954657,0.26174191757967097,0.13842171415381938,0.04571716029388441,0.029737515647686757
1968.75,4355.897,4191.282,4182.564,4035.897,4224.615,0.12607308505328635,0.024993059534362243,0.009011291218158338,0.22432714368185194,0.12074613194735813,0.14552542858198173,0.1413448197983142,0.10073057511846005,0.06046187483550199,0.25743891089954657,0.26174191757967097,0.13842171415381938,0.04571716029388441,0.029737515647686757
1976.5625,4366.667,4190.256,4195.897,4052.308,4242.051,0.12607308505328635,0.024993059534362243,0.009011291218158338,0.22432714368185194,0.12074613194735813,0.14552542858198173,0.1413448197983142,0.10073057511846005,0.06046187483550199,0.25743891089954657,0.26174191757967097,0.13842171415381938,0.04571716029388441,0.029737515647686757
1984.375,4365.641,4205.128,4211.282,4060.513,4250.769,0.12607308505328635,0.024993059534362243,0.009011291218158338,0.22432714368185194,0.12074613194735813,0.14552542858198173,0.1413448197983142,0.10073057511846005,0.06046187483550199,0.25743891089954657,0.26174191757967097,0.13842171415381938,0.04571716029388441,0.029737515647686757
1992.1875,4352.821,4214.359,4210.256,4050.769,4242.564,0.12607308505328635,0.024993059534362243,0.009011291218158338,0.22432714368185194,0.12074613194735813,0.14552542858198173,0.1413448197983142,0.10073057511846005,0.06046187483550199,0.25743891089954657,0.26174191757967097,0.13842171415381938,0.04571716029388441,0.029737515647686757
2000.0,4337.949,4207.692,4189.231,4040.513,4224.615,0.12607308505328635,0.024993059534362243,0.009011291218158338,0.22432714368185194,0.12074613194735813,0.14552542858198173,0.1413448197983142,0.10073057511846005,0.06046187483550199,0.25743891089954657,0.26174191757967097,0.13842171415381938,0.04571716029388441,0.029737515647686757
2007.8125,4331.282,4197.436,4174.872,4041.026,4211.795,0.12607308505328635,0.024993059534362243,0.009011291218158338,0.22432714368185194,0.12074613194735813,0.14552542858198173,0.1413448197983142,0.10073057511846005,0.06046187483550199,0.25743891089954657,0.26174191757967097,0.13842171415381938,0.04571716029388441,0.029737515647686757
2015.625,4314.359,4185.641,4166.154,4034.872,4199.487,0.12607308505328635,0.024993059534362243,0.009011291218158338,0.22432714368185194,0.12074613194735813,0.14552542858198173,0.1413448197983142,0.10073057511846005,0.06046187483550199,0.25743891089954657,0.26174191757967097,0.13842171415381938,0.04571716029388441,0.029737515647686757
2023.4375,4314.359,4178.462,4158.974,4033.846,4196.923,0.12607308505328635,0.024993059534362243,0.009011291218158338,0.22432714368185194,0.12074613194735813,0.14552542858198173,0.1413448197983142,0.10073057511846005,0.06046187483550199,0.25743891089954657,0.26174191757967097,0.13842171415381938,0.04571716029388441,0.029737515647686757
2031.25,4327.179,4186.667,4170.769,4038.974,4202.564,0.12607308505328635,0.024993059534362243,0.009011291218158338,0.22432714368185194,0.12074613194735813,0.14552542858198173,0.1413448197983142,0.10073057511846005,0.06046187483550199,0.25743891089954657,0.26174191757967097,0.13842171415381938,0.04571716029388441,0.029737515647686757
2039.0625,4313.333,4190.769,4169.231,4025.641,4205.128,0.12607308505328635,0.024993059534362243,0.009011291218158338,0.22432714368185194,0.12074613194735813,0.14552542858198173,0.1413448197983142,0.10073057511846005,0.06046187483550199,0.25743891089954657,0.26174191757967097,0.13842171415381938,0.04571716029388441,0.029737515647686757
2046.875,4291.282,4174.872,4144.615,3998.974,4198.974,0.12607308505328635,0.024993059534362243,0.009011291218158338,0.22432714368185194,0.12074613194735813,0.14552542858198173,0.1413448197983142,0.10073057511846005,0.06046187483550199,0.25743891089954657,0.26174191757967097,0.13842171415381938,0.04571716029388441,0.029737515647686757
2054.6875,4300.0,4168.205,4146.667,4000.513,4194.359,0.12607308505328635,0.024993059534362243,0.009011291218158338,0.22432714368185194,0.12074613194735813,0.14552542858198173,0.1413448197983142,0.10073057511846005,0.06046187483550199,0.25743891089954657,0.26174191757967097,0.13842171415381938,0.04571716029388441,0.029737515647686757
2062.5,4315.897,4188.718,4173.333,4031.282,4205.128,0.12607308505328635,0.024993059534362243,0.009011291218158338,0.22432714368185194,0.12074613194735813,0.14552542858198173,0.1413448197983142,0.10073057511846005,0.06046187483550199,0.25743891089954657,0.26174191757967097,0.13842171415381938,0.04571716029388441,0.029737515647686757
2070.3125,4321.026,4205.641,4180.0,4050.256,4221.026,0.12607308505328635,0.024993059534362243,0.009011291218158338,0.22432714368185194,0.12074613194735813,0.14552542858198173,0.1413448197983142,0.10073057511846005,0.06046187483550199,0.25743891089954657,0.26174191757967097,0.13842171415381938,0.04571716029388441,0.029737515647686757
2078.125,4335.385,4203.59,4177.436,4053.333,4221.538,0.12607308505328635,0.024993059534362243,0.009011291218158338,0.22432714368185194,0.12074613194735813,0.14552542858198173,0.1413448197983142,0.10073057511846005,0.06046187483550199,0.25743891089954657,0.26174191757967097,0.13842171415381938,0.04571716029388441,0.029737515647686757
2085.9375,4329.744,4196.41,4173.846,4052.308,4211.795,0.12607308505328635,0.024993059534362243,0.009011291218158338,0.22432714368185194,0.12074613194735813,0.14552542858198173,0.1413448197983142,0.10073057511846005,0.06046187483550199,0.25743891089954657,0.26174191757967097,0.13842171415381938,0.04571716029388441,0.029737515647686757
2093.75,4316.41,4200.513,4176.41,4057.949,4216.41,0.12607308505328635,0.024993059534362243,0.009011291218158338,0.22432714368185194,0.12074613194735813,0.14552542858198173,0.1413448197983142,0.10073057511846005,0.06046187483550199,0.25743891089954657,0.26174191757967097,0.13842171415381938,0.04571716029388441,0.029737515647686757
2101.5625,4313.333,4205.128,4184.103,4060.513,4220.513,0.12607308505328635,0.024993059534362243,0.009011291218158338,0.22432714368185194,0.12074613194735813,0.14552542858198173,0.1413448197983142,0.10073057511846005,0.06046187483550199,0.25743891089954657,0.26174191757967097,0.13842171415381938,0.04571716029388441,0.029737515647686757
2109.375,4291.282,4191.282,4168.205,4043.59,4197.949,0.12607308505328635,0.024993059534362243,0.009011291218158338,0.22432714368185194,0.12074613194735813,0.14552542858198173,0.1413448197983142,0.10073057511846005,0.06046187483550199,0.25743891089954657,0.26174191757967097,0.13842171415381938,0.04571716029388441,0.029737515647686757
2117.1875,4279.487,4175.897,4157.949,4032.308,4185.128,0.12607308505328635,0.024993059534362243,0.009011291218158338,0.22432714368185194,0.12074613194735813,0.14552542858198173,0.1413448197983142,0.10073057511846005,0.06046187483550199,0.25743891089954657,0.26174191757967097,0.13842171415381938,0.04571716029388441,0.029737515647686757
2125.0,4308.718,4188.718,4187.692,4050.256,4210.256,0.12607308505328635,0.024993059534362243,0.009011291218158338,0.22432714368185194,0.12074613194735813,0.14552542858198173,0.1413448197983142,0.10073057511846005,0.06046187483550199,0.25743891089954657,0.26174191757967097,0.13842171415381938,0.04571716029388441,0.029737515647686757
2132.8125,4325.641,4206.667,4203.077,4061.026,4233.333,0.12607308505328635,0.024993059534362243,0.009011291218158338,0.22432714368185194,0.12074613194735813,0.14552542858198173,0.1413448197983142,0.10073057511846005,0.06046187483550199,0.25743891089954657,0.26174191757967097,0.13842171415381938,0.04571716029388441,0.029737515647686757
2140.625,4307.179,4200.513,4172.821,4045.641,4223.077,0.12607308505328635,0.024993059534362243,0.009011291218158338,0.22432714368185194,0.12074613194735813,0.14552542858198173,0.1413448197983142,0.10073057511846005,0.06046187483550199,0.25743891089954657,0.26174191757967097,0.13842171415381938,0.04571716029388441,0.029737515647686757
2148.4375,4297.949,4186.154,4158.462,4031.795,4204.103,0.12607308505328635,0.024993059534362243,0.009011291218158338,0.22432714368185194,0.12074613194735813,0.14552542858198173,0.1413448197983142,0.10073057511846005,0.06046187483550199,0.25743891089954657,0.26174191757967097,0.13842171415381938,0.04571716029388441,0.029737515647686757
2156.25,4292.821,4192.821,4166.154,4023.077,4203.077,0.12607308505328635,0.024993059534362243,0.009011291218158338,0.22432714368185194,0.12074613194735813,0.14552542858198173,0.1413448197983142,0.10073057511846005,0.06046187483550199,0.25743891089954657,0.26174191757967097,0.13842171415381938,0.04571716029388441,0.029737515647686757
2164.0625,4283.077,4200.513,4155.897,4018.974,4208.718,0.12607308505328635,0.024993059534362243,0.009011291218158338,0.22432714368185194,0.12074613194735813,0.14552542858198173,0.1413448197983142,0.10073057511846005,0.06046187483550199,0.25743891089954657,0.26174191757967097,0.13842171415381938,0.04571716029388441,0.029737515647686757
2171.875,4284.615,4200.0,4156.41,4026.154,4211.795,0.12607308505328635,0.024993059534362243,0.009011291218158338,0.22432714368185194,0.12074613194735813,0.14552542858198173,0.1413448197983142,0.10073057511846005,0.06046187483550199,0.25743891089954657,0.26174191757967097,0.13842171415381938,0.04571716029388441,0.029737515647686757
2179.6875,4297.436,4207.179,4173.846,4050.256,4221.026,0.12607308505328635,0.024993059534362243,0.009011291218158338,0.22432714368185194,0.12074613194735813,0.14552542858198173,0.1413448197983142,0.10073057511846005,0.06046187483550199,0.25743891089954657,0.26174191757967097,0.13842171415381938,0.04571716029388441,0.029737515647686757
2187.5,4305.128,4217.436,4186.154,4074.872,4233.846,0.12607308505328635,0.024993059534362243,0.009011291218158338,0.22432714368185194,0.12074613194735813,0.14552542858198173,0.1413448197983142,0.10073057511846005,0.06046187483550199,0.25743891089954657,0.26174191757967097,0.13842171415381938,0.04571716029388441,0.029737515647686757
2195.3125,4306.154,4215.385,4173.333,4081.538,4247.692,0.12607308505328635,0.024993059534362243,0.009011291218158338,0.22432714368185194,0.12074613194735813,0.14552542858198173,0.1413448197983142,0.10073057511846005,0.06046187483550199,0.25743891089954657,0.26174191757967097,0.13842171415381938,0.04571716029388441,0.029737515647686757
2203.125,4307.179,4201.026,4169.231,4064.615,4243.59,0.12607308505328635,0.024993059534362243,0.009011291218158338,0.22432714368185194,0.12074613194735813,0.14552542858198173,0.1413448197983142,0.10073057511846005,0.06046187483550199,0.25743891089954657,0.26174191757967097,0.13842171415381938,0.04571716029388441,0.029737515647686757
2210.9375,4303.59,4206.667,4178.462,4053.846,4241.538,0.12607308505328635,0.024993059534362243,0.009011291218158338,0.22432714368185194,0.12074613194735813,0.14552542858198173,0.1413448197983142,0.10073057511846005,0.06046187483550199,0.25743891089954657,0.26174191757967097,0.13842171415381938,0.04571716029388441,0.029737515647686757
2218.75,4300.513,4214.359,4179.487,4063.59,4248.205,0.12607308505328635,0.024993059534362243,0.009011291218158338,0.22432714368185194,0.12074613194735813,0.14552542858198173,0.1413448197983142,0.10073057511846005,0.06046187483550199,0.25743891089954657,0.26174191757967097,0.13842171415381938,0.04571716029388441,0.029737515647686757
2226.5625,4289.744,4208.718,4174.872,4045.128,4226.667,0.12607308505328635,0.024993059534362243,0.009011291218158338,0.22432714368185194,0.12074613194735813,0.14552542858198173,0.1413448197983142,0.10073057511846005,0.06046187483550199,0.25743891089954657,0.26174191757967097,0.13842171415381938,0.04571716029388441,0.029737515647686757
2234.375,4277.949,4208.205,4162.051,4021.538,4210.769,0.12607308505328635,0.024993059534362243,0.009011291218158338,0.22432714368185194,0.12074613194735813,0.14552542858198173,0.1413448197983142,0.10073057511846005,0.06046187483550199,0.25743891089954657,0.26174191757967097,0.13842171415381938,0.04571716029388441,0.029737515647686757
2242.1875,4277.949,4203.077,4157.949,4033.333,4221.538,0.12607308505328635,0.024993059534362243,0.009011291218158338,0.22432714368185194,0.12074613194735813,0.14552542858198173,0.1413448197983142,0.10073057511846005,0.06046187483550199,0.25743891089954657,0.26174191757967097,0.13842171415381938,0.04571716029388441,0.029737515647686757
2250.0,4271.795,4204.615,4161.538,4047.692,4228.205,0.12607308505328635,0.024993059534362243,0.009011291218158338,0.22432714368185194,0.12074613194735813,0.14552542858198173,0.1413448197983142,0.10073057511846005,0.06046187483550199,0.25743891089954657,0.26174191757967097,0.13842171415381938,0.04571716029388441,0.029737515647686757
2257.8125,4264.103,4209.744,4167.179,4042.564,4218.974,0.12607308505328635,0.024993059534362243,0.009011291218158338,0.22432714368185194,0.12074613194735813,0.14552542858198173,0.1413448197983142,0.10073057511846005,0.06046187483550199,0.25743891089954657,0.26174191757967097,0.13842171415381938,0.04571716029388441,0.029737515647686757
2265.625,4262.051,4207.692,4173.333,4032.821,4221.026,0.12607308505328635,0.024993059534362243,0.009011291218158338,0.22432714368185194,0.12074613194735813,0.14552542858198173,0.1413448197983142,0.10073057511846005,0.06046187483550199,0.25743891089954657,0.26174191757967097,0.13842171415381938,0.04571716029388441,0.029737515647686757
2273.4375,4255.385,4208.205,4168.718,4036.923,4228.205,0.12607308505328635,0.024993059534362243,0.009011291218158338,0.22432714368185194,0.12074613194735813,0.14552542858198173,0.1413448197983142,0.10073057511846005,0.06046187483550199,0.25743891089954657,0.26174191757967097,0.13842171415381938,0.04571716029388441,0.029737515647686757
2281.25,4245.641,4203.59,4162.564,4052.821,4211.795,0.12607308505328635,0.024993059534362243,0.009011291218158338,0.22432714368185194,0.12074613194735813,0.14552542858198173,0.1413448197983142,0.10073057511846005,0.06046187483550199,0.25743891089954657,0.26174191757967097,0.13842171415381938,0.04571716029388441,0.029737515647686757
2289.0625,4241.538,4188.205,4160.0,4057.949,4194.872,0.12607308505328635,0.024993059534362243,0.009011291218158338,0.22432714368185194,0.12074613194735813,0.14552542858198173,0.1413448197983142,0.10073057511846005,0.06046187483550199,0.25743891089954657,0.26174191757967097,0.13842171415381938,0.04571716029388441,0.029737515647686757
2296.875,4249.744,4191.282,4158.462,4055.385,4203.077,0.12607308505328635,0.024993059534362243,0.009011291218158338,0.22432714368185194,0.12074613194735813,0.14552542858198173,0.1413448197983142,0.10073057511846005,0.06046187483550199,0.25743891089954657,0.26174191757967097,0.13842171415381938,0.04571716029388441,0.029737515647686757
2304.6875,4268.718,4209.231,4163.59,4066.667,4220.0,0.12607308505328635,0.024993059534362243,0.009011291218158338,0.22432714368185194,0.12074613194735813,0.14552542858198173,0.1413448197983142,0.10073057511846005,0.06046187483550199,0.25743891089954657,0.26174191757967097,0.13842171415381938,0.04571716029388441,0.029737515647686757
2312.5,4268.718,4205.128,4167.179,4071.282,4214.359,0.12607308505328635,0.024993059534362243,0.009011291218158338,0.22432714368185194,0.12074613194735813,0.14552542858198173,0.1413448197983142,0.10073057511846005,0.06046187483550199,0.25743891089954657,0.26174191757967097,0.13842171415381938,0.04571716029388441,0.029737515647686757
2320.3125,4257.436,4192.821,4157.436,4063.077,4208.718,0.12607308505328635,0.024993059534362243,0.009011291218158338,0.22432714368185194,0.12074613194735813,0.14552542858198173,0.1413448197983142,0.10073057511846005,0.06046187483550199,0.25743891089954657,0.26174191757967097,0.13842171415381938,0.04571716029388441,0.029737515647686757
2328.125,4261.026,4187.179,4156.41,4066.154,4217.949,0.12607308505328635,0.024993059534362243,0.009011291218158338,0.22432714368185194,0.12074613194735813,0.14552542858198173,0.1413448197983142,0.10073057511846005,0.06046187483550199,0.25743891089954657,0.26174191757967097,0.13842171415381938,0.04571716029388441,0.029737515647686757
2335.9375,4256.41,4186.154,4163.077,4067.179,4211.282,0.12607308505328635,0.024993059534362243,0.009011291218158338,0.22432714368185194,0.12074613194735813,0.14552542858198173,0.1413448197983142,0.10073057511846005,0.06046187483550199,0.25743891089954657,0.26174191757967097,0.13842171415381938,0.04571716029388441,0.029737515647686757
2343.75,4248.718,4193.846,4165.641,4063.59,4198.462,0.12607308505328635,0.024993059534362243,0.009011291218158338,0.22432714368185194,0.12074613194735813,0.14552542858198173,0.1413448197983142,0.10073057511846005,0.06046187483550199,0.25743891089954657,0.26174191757967097,0.13842171415381938,0.04571716029388441,0.029737515647686757
2351.5625,4261.538,4201.538,4173.333,4067.692,4202.564,0.12607308505328635,0.024993059534362243,0.009011291218158338,0.22432714368185194,0.12074613194735813,0.14552542858198173,0.1413448197983142,0.10073057511846005,0.06046187483550199,0.25743891089954657,0.26174191757967097,0.13842171415381938,0.04571716029388441,0.029737515647686757
2359.375,4267.179,4203.59,4179.487,4062.051,4204.615,0.12607308505328635,0.024993059534362243,0.009011291218158338,0.22432714368185194,0.12074613194735813,0.14552542858198173,0.1413448197983142,0.10073057511846005,0.06046187483550199,0.25743891089954657,0.26174191757967097,0.13842171415381938,0.04571716029388441,0.029737515647686757
2367.1875,4257.949,4202.564,4171.282,4047.692,4191.795,0.12607308505328635,0.024993059534362243,0.009011291218158338,0.22432714368185194,0.12074613194735813,0.14552542858198173,0.1413448197983142,0.10073057511846005,0.06046187483550199,0.25743891089954657,0.26174191757967097,0.13842171415381938,0.04571716029388441,0.029737515647686757
2375.0,4266.667,4202.051,4173.333,4053.846,4192.821,0.12607308505328635,0.024993059534362243,0.009011291218158338,0.22432714368185194,0.12074613194735813,0.14552542858198173,0.1413448197983142,0.10073057511846005,0.06046187483550199,0.25743891089954657,0.26174191757967097,0.13842171415381938,0.04571716029388441,0.029737515647686757
2382.8125,4278.974,4214.359,4193.333,4069.744,4214.872,0.12607308505328635,0.024993059534362243,0.009011291218158338,0.22432714368185194,0.12074613194735813,0.14552542858198173,0.1413448197983142,0.10073057511846005,0.06046187483550199,0.25743891089954657,0.26174191757967097,0.13842171415381938,0.04571716029388441,0.029737515647686757
2390.625,4279.487,4225.641,4193.846,4081.026,4226.154,0.12607308505328635,0.024993059534362243,0.009011291218158338,0.22432714368185194,0.12074613194735813,0.14552542858198173,0.1413448197983142,0.10073057511846005,0.06046187483550199,0.25743891089954657,0.26174191757967097,0.13842171415381938,0.04571716029388441,0.029737515647686757
2398.4375,4280.513,4214.872,4181.026,4083.077,4213.333,0.12607308505328635,0.024993059534362243,0.009011291218158338,0.22432714368185194,0.12074613194735813,0.14552542858198173,0.1413448197983142,0.10073057511846005,0.06046187483550199,0.25743891089954657,0.26174191757967097,0.13842171415381938,0.04571716029388441,0.029737515647686757
2406.25,4274.872,4210.769,4181.026,4077.436,4213.846,0.12607308505328635,0.024993059534362243,0.009011291218158338,0.22432714368185194,0.12074613194735813,0.14552542858198173,0.1413448197983142,0.10073057511846005,0.06046187483550199,0.25743891089954657,0.26174191757967097,0.13842171415381938,0.04571716029388441,0.029737515647686757
2414.0625,4266.667,4216.41,4189.744,4082.051,4222.564,0.12607308505328635,0.024993059534362243,0.009011291218158338,0.22432714368185194,0.12074613194735813,0.14552542858198173,0.1413448197983142,0.10073057511846005,0.06046187483550199,0.25743891089954657,0.26174191757967097,0.13842171415381938,0.04571716029388441,0.029737515647686757
2421.875,4263.077,4213.846,4192.821,4082.564,4205.641,0.12607308505328635,0.024993059534362243,0.009011291218158338,0.22432714368185194,0.12074613194735813,0.14552542858198173,0.1413448197983142,0.10073057511846005,0.06046187483550199,0.25743891089954657,0.26174191757967097,0.13842171415381938,0.04571716029388441,0.029737515647686757
2429.6875,4266.667,4216.41,4187.692,4076.41,4193.846,0.12607308505328635,0.024993059534362243,0.009011291218158338,0.22432714368185194,0.12074613194735813,0.14552542858198173,0.1413448197983142,0.10073057511846005,0.06046187483550199,0.25743891089954657,0.26174191757967097,0.13842171415381938,0.04571716029388441,0.029737515647686757
2437.5,4267.692,4221.538,4194.872,4073.333,4201.538,0.12607308505328635,0.024993059534362243,0.009011291218158338,0.22432714368185194,0.12074613194735813,0.14552542858198173,0.1413448197983142,0.10073057511846005,0.06046187483550199,0.25743891089954657,0.26174191757967097,0.13842171415381938,0.04571716029388441,0.029737515647686757
2445.3125,4268.205,4224.103,4195.897,4075.385,4215.385,0.12607308505328635,0.024993059534362243,0.009011291218158338,0.22432714368185194,0.12074613194735813,0.14552542858198173,0.1413448197983142,0.10073057511846005,0.06046187483550199,0.25743891089954657,0.26174191757967097,0.13842171415381938,0.04571716029388441,0.029737515647686757
2453.125,4292.308,4225.641,4189.231,4075.897,4224.103,0.12607308505328635,0.024993059534362243,0.009011291218158338,0.22432714368185194,0.12074613194735813,0.14552542858198173,0.1413448197983142,0.10073057511846005,0.06046187483550199,0.25743891089954657,0.26174191757967097,0.13842171415381938,0.04571716029388441,0.029737515647686757
2460.9375,4304.103,4235.385,4185.128,4064.615,4225.128,0.12607308505328635,0.024993059534362243,0.009011291218158338,0.22432714368185194,0.12074613194735813,0.14552542858198173,0.1413448197983142,0.10073057511846005,0.06046187483550199,0.25743891089954657,0.26174191757967097,0.13842171415381938,0.04571716029388441,0.029737515647686757
2468.75,4294.872,4234.872,4181.538,4068.718,4232.308,0.12607308505328635,0.024993059534362243,0.009011291218158338,0.22432714368185194,0.12074613194735813,0.14552542858198173,0.1413448197983142,0.10073057511846005,0.06046187483550199,0.25743891089954657,0.26174191757967097,0.13842171415381938,0.04571716029388441,0.029737515647686757
2476.5625,4286.667,4217.436,4182.051,4072.821,4237.436,0.12607308505328635,0.024993059534362243,0.009011291218158338,0.22432714368185194,0.12074613194735813,0.14552542858198173,0.1413448197983142,0.10073057511846005,0.06046187483550199,0.25743891089954657,0.26174191757967097,0.13842171415381938,0.04571716029388441,0.029737515647686757
2484.375,4272.308,4219.487,4165.128,4065.641,4243.077,0.12607308505328635,0.024993059534362243,0.009011291218158338,0.22432714368185194,0.12074613194735813,0.14552542858198173,0.1413448197983142,0.10073057511846005,0.06046187483550199,0.25743891089954657,0.26174191757967097,0.13842171415381938,0.04571716029388441,0.029737515647686757
2492.1875,4254.872,4221.026,4147.179,4065.128,4234.359,0.12607308505328635,0.024993059534362243,0.009011291218158338,0.22432714368185194,0.12074613194735813,0.14552542858198173,0.1413448197983142,0.10073057511846005,0.06046187483550199,0.25743891089954657,0.26174191757967097,0.13842171415381938,0.04571716029388441,0.029737515647686757
2500.0,4234.872,4203.59,4143.59,4052.308,4199.487,0.12607308505328635,0.024993059534362243,0.009011291218158338,0.22432714368185194,0.12074613194735813,0.14552542858198173,0.1413448197983142,0.10073057511846005,0.06046187483550199,0.25743891089954657,0.26174191757967097,0.13842171415381938,0.04571716029388441,0.029737515647686757
2507.8125,4221.026,4204.103,4125.128,4037.949,4184.103,0.12607308505328635,0.024993059534362243,0.009011291218158338,0.22432714368185194,0.12074613194735813,0.14552542858198173,0.1413448197983142,0.10073057511846005,0.06046187483550199,0.25743891089954657,0.26174191757967097,0.13842171415381938,0.04571716029388441,0.029737515647686757
2515.625,4231.795,4210.256,4116.41,4047.692,4198.462,0.12607308505328635,0.024993059534362243,0.009011291218158338,0.22432714368185194,0.12074613194735813,0.14552542858198173,0.1413448197983142,0.10073057511846005,0.06046187483550199,0.25743891089954657,0.26174191757967097,0.13842171415381938,0.04571716029388441,0.029737515647686757
2523.4375,4253.846,4208.718,4144.615,4066.667,4215.897,0.12607308505328635,0.024993059534362243,0.009011291218158338,0.22432714368185194,0.12074613194735813,0.14552542858198173,0.1413448197983142,0.10073057511846005,0.06046187483550199,0.25743891089954657,0.26174191757967097,0.13842171415381938,0.04571716029388441,0.029737515647686757
2531.25,4263.59,4220.0,4169.231,4077.949,4231.282,0.12607308505328635,0.024993059534362243,0.009011291218158338,0.22432714368185194,0.12074613194735813,0.14552542858198173,0.1413448197983142,0.10073057511846005,0.06046187483550199,0.25743891089954657,0.26174191757967097,0.13842171415381938,0.04571716029388441,0.029737515647686757
2539.0625,4269.744,4230.769,4172.308,4090.769,4243.59,0.12607308505328635,0.024993059534362243,0.009011291218158338,0.22432714368185194,0.12074613194735813,0.14552542858198173,0.1413448197983142,0.10073057511846005,0.06046187483550199,0.25743891089954657,0.26174191757967097,0.13842171415381938,0.04571716029388441,0.029737515647686757
2546.875,4273.333,4225.641,4174.359,4098.974,4249.744,0.12607308505328635,0.024993059534362243,0.009011291218158338,0.22432714368185194,0.12074613194735813,0.14552542858198173,0.1413448197983142,0.10073057511846005,0.06046187483550199,0.25743891089954657,0.26174191757967097,0.13842171415381938,0.04571716029388441,0.029737515647686757
2554.6875,4266.667,4221.538,4170.256,4096.41,4247.179,0.12607308505328635,0.024993059534362243,0.009011291218158338,0.22432714368185194,0.12074613194735813,0.14552542858198173,0.1413448197983142,0.10073057511846005,0.06046187483550199,0.25743891089954657,0.26174191757967097,0.13842171415381938,0.04571716029388441,0.029737515647686757
2562.5,4259.487,4218.462,4160.0,4092.308,4233.846,0.12607308505328635,0.024993059534362243,0.009011291218158338,0.22432714368185194,0.12074613194735813,0.14552542858198173,0.1413448197983142,0.10073057511846005,0.06046187483550199,0.25743891089954657,0.26174191757967097,0.13842171415381938,0.04571716029388441,0.029737515647686757
2570.3125,4247.692,4212.821,4143.59,4085.641,4226.154,0.12607308505328635,0.024993059534362243,0.009011291218158338,0.22432714368185194,0.12074613194735813,0.14552542858198173,0.1413448197983142,0.10073057511846005,0.06046187483550199,0.25743891089954657,0.26174191757967097,0.13842171415381938,0.04571716029388441,0.029737515647686757
2578.125,4245.128,4205.641,4127.692,4080.513,4234.359,0.12607308505328635,0.024993059534362243,0.009011291218158338,0.22432714368185194,0.12074613194735813,0.14552542858198173,0.1413448197983142,0.10073057511846005,0.06046187483550199,0.25743891089954657,0.26174191757967097,0.13842171415381938,0.04571716029388441,0.029737515647686757
2585.9375,4251.282,4202.051,4136.41,4071.795,4226.667,0.12607308505328635,0.024993059534362243,0.009011291218158338,0.22432714368185194,0.12074613194735813,0.14552542858198173,0.1413448197983142,0.10073057511846005,0.06046187483550199,0.25743891089954657,0.26174191757967097,0.13842171415381938,0.04571716029388441,0.029737515647686757
2593.75,4248.718,4211.282,4141.538,4070.256,4211.282,0.12607308505328635,0.024993059534362243,0.009011291218158338,0.22432714368185194,0.12074613194735813,0.14552542858198173,0.1413448197983142,0.10073057511846005,0.06046187483550199,0.25743891089954657,0.26174191757967097,0.13842171415381938,0.04571716029388441,0.029737515647686757
2601.5625,4252.821,4209.231,4132.821,4080.513,4210.769,0.12607308505328635,0.024993059534362243,0.009011291218158338,0.22432714368185194,0.12074613194735813,0.14552542858198173,0.1413448197983142,0.10073057511846005,0.06046187483550199,0.25743891089954657,0.26174191757967097,0.13842171415381938,0.04571716029388441,0.029737515647686757
2609.375,4257.949,4203.59,4144.615,4078.974,4209.744,0.12607308505328635,0.024993059534362243,0.009011291218158338,0.22432714368185194,0.12074613194735813,0.14552542858198173,0.1413448197983142,0.10073057511846005,0.06046187483550199,0.25743891089954657,0.26174191757967097,0.13842171415381938,0.04571716029388441,0.029737515647686757
2617.1875,4257.436,4217.949,4154.872,4086.667,4212.308,0.12607308505328635,0.024993059534362243,0.009011291218158338,0.22432714368185194,0.12074613194735813,0.14552542858198173,0.1413448197983142,0.10073057511846005,0.06046187483550199,0.25743891089954657,0.26174191757967097,0.13842171415381938,0.04571716029388441,0.029737515647686757
2625.0,4266.667,4218.974,4149.744,4106.154,4213.333,0.12607308505328635,0.024993059534362243,0.009011291218158338,0.22432714368185194,0.12074613194735813,0.14552542858198173,0.1413448197983142,0.10073057511846005,0.06046187483550199,0.25743891089954657,0.26174191757967097,0.13842171415381938,0.04571716029388441,0.029737515647686757
2632.8125,4270.769,4204.615,4143.59,4097.949,4205.128,0.12607308505328635,0.024993059534362243,0.009011291218158338,0.22432714368185194,0.12074613194735813,0.14552542858198173,0.1413448197983142,0.10073057511846005,0.06046187483550199,0.25743891089954657,0.26174191757967097,0.13842171415381938,0.04571716029388441,0.029737515647686757
2640.625,4265.641,4199.487,4135.385,4076.923,4198.462,0.12607308505328635,0.024993059534362243,0.009011291218158338,0.22432714368185194,0.12074613194735813,0.14552542858198173,0.1413448197983142,0.10073057511846005,0.06046187483550199,0.25743891089954657,0.26174191757967097,0.13842171415381938,0.04571716029388441,0.029737515647686757
2648.4375,4265.128,4203.077,4138.974,4075.385,4199.487,0.12607308505328635,0.024993059534362243,0.009011291218158338,0.22432714368185194,0.12074613194735813,0.14552542858198173,0.1413448197983142,0.10073057511846005,0.06046187483550199,0.25743891089954657,0.26174191757967097,0.13842171415381938,0.04571716029388441,0.029737515647686757
2656.25,4267.692,4210.256,4149.744,4084.615,4211.282,0.12607308505328635,0.024993059534362243,0.009011291218158338,0.22432714368185194,0.12074613194735813,0.14552542858198173,0.1413448197983142,0.10073057511846005,0.06046187483550199,0.25743891089954657,0.26174191757967097,0.13842171415381938,0.04571716029388441,0.029737515647686757
2664.0625,4273.846,4215.897,4157.436,4093.333,4225.641,0.12607308505328635,0.024993059534362243,0.009011291218158338,0.22432714368185194,0.12074613194735813,0.14552542858198173,0.1413448197983142,0.10073057511846005,0.06046187483550199,0.25743891089954657,0.26174191757967097,0.13842171415381938,0.04571716029388441,0.029737515647686757
2671.875,4281.538,4212.308,4158.974,4096.41,4223.077,0.12607308505328635,0.024993059534362243,0.009011291218158338,0.22432714368185194,0.12074613194735813,0.14552542858198173,0.1413448197983142,0.10073057511846005,0.06046187483550199,0.25743891089954657,0.26174191757967097,0.13842171415381938,0.04571716029388441,0.029737515647686757
2679.6875,4282.564,4211.795,4155.897,4098.462,4223.077,0.12607308505328635,0.024993059534362243,0.009011291218158338,0.22432714368185194,0.12074613194735813,0.14552542858198173,0.1413448197983142,0.10073057511846005,0.06046187483550199,0.25743891089954657,0.26174191757967097,0.13842171415381938,0.04571716029388441,0.029737515647686757
2687.5,4295.385,4223.59,4164.103,4110.769,4246.667,0.12607308505328635,0.024993059534362243,0.009011291218158338,0.22432714368185194,0.12074613194735813,0.14552542858198173,0.1413448197983142,0.10073057511846005,0.06046187483550199,0.25743891089954657,0.26174191757967097,0.13842171415381938,0.04571716029388441,0.029737515647686757
2695.3125,4302.051,4226.667,4184.615,4105.128,4246.667,0.12607308505328635,0.024993059534362243,0.009011291218158338,0.22432714368185194,0.12074613194735813,0.14552542858198173,0.1413448197983142,0.10073057511846005,0.06046187483550199,0.25743891089954657,0.26174191757967097,0.13842171415381938,0.04571716029388441,0.029737515647686757
2703.125,4283.59,4222.051,4181.538,4085.641,4236.41,0.12607308505328635,0.024993059534362243,0.009011291218158338,0.22432714368185194,0.12074613194735813,0.14552542858198173,0.1413448197983142,0.10073057511846005,0.06046187483550199,0.25743891089954657,0.26174191757967097,0.13842171415381938,0.04571716029388441,0.029737515647686757
2710.9375,4282.051,4212.821,4168.718,4097.949,4255.897,0.12607308505328635,0.024993059534362243,0.009011291218158338,0.22432714368185194,0.12074613194735813,0.14552542858198173,0.1413448197983142,0.10073057511846005,0.06046187483550199,0.25743891089954657,0.26174191757967097,0.13842171415381938,0.04571716029388441,0.029737515647686757
2718.75,4287.179,4212.821,4176.923,4107.692,4270.769,0.12607308505328635,0.024993059534362243,0.009011291218158338,0.22432714368185194,0.12074613194735813,0.14552542858198173,0.1413448197983142,0.10073057511846005,0.06046187483550199,0.25743891089954657,0.26174191757967097,0.13842171415381938,0.04571716029388441,0.029737515647686757
2726.5625,4274.872,4225.128,4173.846,4092.308,4267.179,0.12607308505328635,0.024993059534362243,0.009011291218158338,0.22432714368185194,0.12074613194735813,0.14552542858198173,0.1413448197983142,0.10073057511846005,0.06046187483550199,0.25743891089954657,0.26174191757967097,0.13842171415381938,0.04571716029388441,0.029737515647686757
2734.375,4264.615,4218.462,4172.308,4083.077,4260.0,0.12607308505328635,0.024993059534362243,0.009011291218158338,0.22432714368185194,0.12074613194735813,0.14552542858198173,0.1413448197983142,0.10073057511846005,0.06046187483550199,0.25743891089954657,0.26174191757967097,0.13842171415381938,0.04571716029388441,0.029737515647686757
2742.1875,4246.667,4206.154,4172.821,4076.923,4254.359,0.12607308505328635,0.024993059534362243,0.009011291218158338,0.22432714368185194,0.12074613194735813,0.14552542858198173,0.1413448197983142,0.10073057511846005,0.06046187483550199,0.25743891089954657,0.26174191757967097,0.13842171415381938,0.04571716029388441,0.029737515647686757
2750.0,4234.872,4204.103,4152.308,4076.41,4254.359,0.12607308505328635,0.024993059534362243,0.009011291218158338,0.22432714368185194,0.12074613194735813,0.14552542858198173,0.1413448197983142,0.10073057511846005,0.06046187483550199,0.25743891089954657,0.26174191757967097,0.13842171415381938,0.04571716029388441,0.029737515647686757
2757.8125,4248.205,4204.103,4151.282,4089.231,4260.513,0.12607308505328635,0.024993059534362243,0.009011291218158338,0.22432714368185194,0.12074613194735813,0.14552542858198173,0.1413448197983142,0.10073057511846005,0.06046187483550199,0.25743891089954657,0.26174191757967097,0.13842171415381938,0.04571716029388441,0.029737515647686757
2765.625,4256.41,4205.128,4162.564,4094.872,4263.59,0.12607308505328635,0.024993059534362243,0.009011291218158338,0.22432714368185194,0.12074613194735813,0.14552542858198173,0.1413448197983142,0.10073057511846005,0.06046187483550199,0.25743891089954657,0.26174191757967097,0.13842171415381938,0.04571716029388441,0.029737515647686757
2773.4375,4245.641,4200.0,4151.795,4090.769,4258.974,0.12607308505328635,0.024993059534362243,0.009011291218158338,0.22432714368185194,0.12074613194735813,0.14552542858198173,0.1413448197983142,0.10073057511846005,0.06046187483550199,0.25743891089954657,0.26174191757967097,0.13842171415381938,0.04571716029388441,0.029737515647686757
2781.25,4243.077,4194.872,4150.769,4093.333,4252.308,0.12607308505328635,0.024993059534362243,0.009011291218158338,0.22432714368185194,0.12074613194735813,0.14552542858198173,0.1413448197983142,0.10073057511846005,0.06046187483550199,0.25743891089954657,0.26174191757967097,0.13842171415381938,0.04571716029388441,0.029737515647686757
2789.0625,4254.359,4211.282,4170.256,4102.051,4251.795,0.12607308505328635,0.024993059534362243,0.009011291218158338,0.22432714368185194,0.12074613194735813,0.14552542858198173,0.1413448197983142,0.10073057511846005,0.06046187483550199,0.25743891089954657,0.26174191757967097,0.13842171415381938,0.04571716029388441,0.029737515647686757
2796.875,4263.077,4227.692,4175.897,4113.333,4255.385,0.12607308505328635,0.024993059534362243,0.009011291218158338,0.22432714368185194,0.12074613194735813,0.14552542858198173,0.1413448197983142,0.10073057511846005,0.06046187483550199,0.25743891089954657,0.26174191757967097,0.13842171415381938,0.04571716029388441,0.029737515647686757
2804.6875,4265.641,4224.103,4177.436,4124.615,4253.333,0.12607308505328635,0.024993059534362243,0.009011291218158338,0.22432714368185194,0.12074613194735813,0.14552542858198173,0.1413448197983142,0.10073057511846005,0.06046187483550199,0.25743891089954657,0.26174191757967097,0.13842171415381938,0.04571716029388441,0.029737515647686757
2812.5,4264.615,4223.077,4182.564,4127.179,4253.846,0.12607308505328635,0.024993059534362243,0.009011291218158338,0.22432714368185194,0.12074613194735813,0.14552542858198173,0.1413448197983142,0.10073057511846005,0.06046187483550199,0.25743891089954657,0.26174191757967097,0.13842171415381938,0.04571716029388441,0.029737515647686757
2820.3125,4260.513,4224.103,4180.0,4121.026,4250.769,0.12607308505328635,0.024993059534362243,0.009011291218158338,0.22432714368185194,0.12074613194735813,0.14552542858198173,0.1413448197983142,0.10073057511846005,0.06046187483550199,0.25743891089954657,0.26174191757967097,0.13842171415381938,0.04571716029388441,0.029737515647686757
2828.125,4263.077,4219.487,4186.154,4118.974,4243.59,0.12607308505328635,0.024993059534362243,0.009011291218158338,0.22432714368185194,0.12074613194735813,0.14552542858198173,0.1413448197983142,0.10073057511846005,0.06046187483550199,0.25743891089954657,0.26174191757967097,0.13842171415381938,0.04571716029388441,0.029737515647686757
2835.9375,4276.923,4239.487,4201.538,4134.872,4256.923,0.12607308505328635,0.024993059534362243,0.009011291218158338,0.22432714368185194,0.12074613194735813,0.14552542858198173,0.1413448197983142,0.10073057511846005,0.06046187483550199,0.25743891089954657,0.26174191757967097,0.13842171415381938,0.04571716029388441,0.029737515647686757
2843.75,4282.564,4256.923,4205.128,4152.821,4278.462,0.12607308505328635,0.024993059534362243,0.009011291218158338,0.22432714368185194,0.12074613194735813,0.14552542858198173,0.1413448197983142,0.10073057511846005,0.06046187483550199,0.25743891089954657,0.26174191757967097,0.13842171415381938,0.04571716029388441,0.029737515647686757
2851.5625,4276.41,4237.949,4202.051,4147.179,4275.897,0.12607308505328635,0.024993059534362243,0.009011291218158338,0.22432714368185194,0.12074613194735813,0.14552542858198173,0.1413448197983142,0.10073057511846005,0.06046187483550199,0.25743891089954657,0.26174191757967097,0.13842171415381938,0.04571716029388441,0.029737515647686757
2859.375,4272.821,4230.256,4190.256,4135.897,4269.231,0.12607308505328635,0.024993059534362243,0.009011291218158338,0.22432714368185194,0.12074613194735813,0.14552542858198173,0.1413448197983142,0.10073057511846005,0.06046187483550199,0.25743891089954657,0.26174191757967097,0.13842171415381938,0.04571716029388441,0.029737515647686757
2867.1875,4271.282,4234.359,4176.41,4139.487,4268.718,0.12607308505328635,0.024993059534362243,0.009011291218158338,0.22432714368185194,0.12074613194735813,0.14552542858198173,0.1413448197983142,0.10073057511846005,0.06046187483550199,0.25743891089954657,0.26174191757967097,0.13842171415381938,0.04571716029388441,0.029737515647686757
2875.0,4262.564,4229.231,4181.538,4140.0,4260.0,0.12607308505328635,0.024993059534362243,0.009011291218158338,0.22432714368185194,0.12074613194735813,0.14552542858198173,0.1413448197983142,0.10073057511846005,0.06046187483550199,0.25743891089954657,0.26174191757967097,0.13842171415381938,0.04571716029388441,0.029737515647686757
2882.8125,4256.41,4232.308,4180.0,4140.513,4254.359,0.12607308505328635,0.024993059534362243,0.009011291218158338,0.22432714368185194,0.12074613194735813,0.14552542858198173,0.1413448197983142,0.10073057511846005,0.06046187483550199,0.25743891089954657,0.26174191757967097,0.13842171415381938,0.04571716029388441,0.029737515647686757
2890.625,4260.513,4225.128,4166.667,4140.513,4241.026,0.12607308505328635,0.024993059534362243,0.009011291218158338,0.22432714368185194,0.12074613194735813,0.14552542858198173,0.1413448197983142,0.10073057511846005,0.06046187483550199,0.25743891089954657,0.26174191757967097,0.13842171415381938,0.04571716029388441,0.029737515647686757
2898.4375,4254.359,4212.821,4159.487,4125.128,4228.205,0.12607308505328635,0.024993059534362243,0.009011291218158338,0.22432714368185194,0.12074613194735813,0.14552542858198173,0.1413448197983142,0.10073057511846005,0.06046187483550199,0.25743891089954657,0.26174191757967097,0.13842171415381938,0.04571716029388441,0.029737515647686757
2906.25,4245.128,4211.795,4155.385,4116.41,4235.385,0.12607308505328635,0.024993059534362243,0.009011291218158338,0.22432714368185194,0.12074613194735813,0.14552542858198173,0.1413448197983142,0.10073057511846005,0.06046187483550199,0.25743891089954657,0.26174191757967097,0.13842171415381938,0.04571716029388441,0.029737515647686757
2914.0625,4246.154,4214.359,4166.154,4122.564,4233.333,0.12607308505328635,0.024993059534362243,0.009011291218158338,0.22432714368185194,0.12074613194735813,0.14552542858198173,0.1413448197983142,0.10073057511846005,0.06046187483550199,0.25743891089954657,0.26174191757967097,0.13842171415381938,0.04571716029388441,0.029737515647686757
2921.875,4248.718,4222.051,4172.821,4123.59,4225.641,0.12607308505328635,0.024993059534362243,0.009011291218158338,0.22432714368185194,0.12074613194735813,0.14552542858198173,0.1413448197983142,0.10073057511846005,0.06046187483550199,0.25743891089954657,0.26174191757967097,0.13842171415381938,0.04571716029388441,0.029737515647686757
2929.6875,4253.846,4229.744,4168.718,4123.077,4238.462,0.12607308505328635,0.024993059534362243,0.009011291218158338,0.22432714368185194,0.12074613194735813,0.14552542858198173,0.1413448197983142,0.10073057511846005,0.06046187483550199,0.25743891089954657,0.26174191757967097,0.13842171415381938,0.04571716029388441,0.029737515647686757
2937.5,4271.795,4233.333,4178.974,4140.0,4264.103,0.12607308505328635,0.024993059534362243,0.009011291218158338,0.22432714368185194,0.12074613194735813,0.14552542858198173,0.1413448197983142,0.10073057511846005,0.06046187483550199,0.25743891089954657,0.26174191757967097,0.13842171415381938,0.04571716029388441,0.029737515647686757
2945.3125,4293.846,4236.923,4202.051,4163.59,4269.744,0.12607308505328635,0.024993059534362243,0.009011291218158338,0.22432714368185194,0.12074613194735813,0.14552542858198173,0.1413448197983142,0.10073057511846005,0.06046187483550199,0.25743891089954657,0.26174191757967097,0.13842171415381938,0.04571716029388441,0.029737515647686757
2953.125,4282.564,4237.436,4202.564,4161.538,4258.462,0.12607308505328635,0.024993059534362243,0.009011291218158338,0.22432714368185194,0.12074613194735813,0.14552542858198173,0.1413448197983142,0.10073057511846005,0.06046187483550199,0.25743891089954657,0.26174191757967097,0.13842171415381938,0.04571716029388441,0.029737515647686757
2960.9375,4264.103,4240.513,4186.154,4156.41,4265.128,0.12607308505328635,0.024993059534362243,0.009011291218158338,0.22432714368185194,0.12074613194735813,0.14552542858198173,0.1413448197983142,0.10073057511846005,0.06046187483550199,0.25743891089954657,0.26174191757967097,0.13842171415381938,0.04571716029388441,0.029737515647686757
2968.75,4270.256,4237.436,4176.41,4160.0,4267.692,0.12607308505328635,0.024993059534362243,0.009011291218158338,0.22432714368185194,0.12074613194735813,0.14552542858198173,0.1413448197983142,0.10073057511846005,0.06046187483550199,0.25743891089954657,0.26174191757967097,0.13842171415381938,0.04571716029388441,0.029737515647686757
2976.5625,4258.462,4218.462,4165.641,4144.615,4242.051,0.12607308505328635,0.024993059534362243,0.009011291218158338,0.22432714368185194,0.12074613194735813,0.14552542858198173,0.1413448197983142,0.10073057511846005,0.06046187483550199,0.25743891089954657,0.26174191757967097,0.13842171415381938,0.04571716029388441,0.029737515647686757
2984.375,4240.0,4218.974,4167.179,4137.949,4234.359,0.12607308505328635,0.024993059534362243,0.009011291218158338,0.22432714368185194,0.12074613194735813,0.14552542858198173,0.1413448197983142,0.10073057511846005,0.06046187483550199,0.25743891089954657,0.26174191757967097,0.13842171415381938,0.04571716029388441,0.029737515647686757
2992.1875,4256.41,4246.667,4176.923,4149.744,4251.282,0.12607308505328635,0.024993059534362243,0.009011291218158338,0.22432714368185194,0.12074613194735813,0.14552542858198173,0.1413448197983142,0.10073057511846005,0.06046187483550199,0.25743891089954657,0.26174191757967097,0.13842171415381938,0.04571716029388441,0.029737515647686757
