timestamp,AF3,T7,Pz,T8,AF4,AF3_theta,AF3_alpha,AF3_beta,T7_theta,T7_mu,T7_beta,Pz_alpha,Pz_beta,T8_theta,T8_mu,T8_beta,AF4_theta,AF4_alpha,AF4_beta
0.0,4236.41,4247.692,4184.615,4168.718,4215.897,0.11607971460218786,0.15283319626757375,0.2184193006053897,0.16934125515920959,0.08944704736123531,0.2968542529275426,0.15653864813312,0.24298490574665849,0.11760057110601875,0.130894775347301,0.23404499917572805,0.12855154442427896,0.154310708482081,0.27178920822352315
7.8125,4228.205,4254.359,4149.231,4178.974,4228.205,0.11607971460218786,0.15283319626757375,0.2184193006053897,0.16934125515920959,0.08944704736123531,0.2968542529275426,0.15653864813312,0.24298490574665849,0.11760057110601875,0.130894775347301,0.23404499917572805,0.12855154442427896,0.154310708482081,0.27178920822352315
15.625,4260.513,4238.462,4162.564,4195.897,4213.333,0.11607971460218786,0.15283319626757375,0.2184193006053897,0.16934125515920959,0.08944704736123531,0.2968542529275426,0.15653864813312,0.24298490574665849,0.11760057110601875,0.130894775347301,0.23404499917572805,0.12855154442427896,0.154310708482081,0.27178920822352315
23.4375,4261.026,4231.282,4201.538,4183.59,4204.103,0.11607971460218786,0.15283319626757375,0.2184193006053897,0.16934125515920959,0.08944704736123531,0.2968542529275426,0.15653864813312,0.24298490574665849,0.11760057110601875,0.130894775347301,0.23404499917572805,0.12855154442427896,0.154310708482081,0.27178920822352315
31.25,4232.821,4248.718,4184.615,4162.564,4212.308,0.11607971460218786,0.15283319626757375,0.2184193006053897,0.16934125515920959,0.08944704736123531,0.2968542529275426,0.15653864813312,0.24298490574665849,0.11760057110601875,0.130894775347301,0.23404499917572805,0.12855154442427896,0.154310708482081,0.27178920822352315
39.0625,4243.59,4253.846,4146.667,4170.256,4215.385,0.11607971460218786,0.15283319626757375,0.2184193006053897,0.16934125515920959,0.08944704736123531,0.2968542529275426,0.15653864813312,0.24298490574665849,0.11760057110601875,0.130894775347301,0.23404499917572805,0.12855154442427896,0.154310708482081,0.27178920822352315
46.875,4267.692,4225.641,4156.923,4179.487,4195.897,0.11607971460218786,0.15283319626757375,0.2184193006053897,0.16934125515920959,0.08944704736123531,0.2968542529275426,0.15653864813312,0.24298490574665849,0.11760057110601875,0.130894775347301,0.23404499917572805,0.12855154442427896,0.154310708482081,0.27178920822352315
54.6875,4251.795,4212.308,4178.974,4157.436,4178.974,0.11607971460218786,0.15283319626757375,0.2184193006053897,0.16934125515920959,0.08944704736123531,0.2968542529275426,0.15653864813312,0.24298490574665849,0.11760057110601875,0.130894775347301,0.23404499917572805,0.12855154442427896,0.154310708482081,0.27178920822352315
62.5,4228.718,4229.231,4162.051,4141.026,4188.205,0.11607971460218786,0.15283319626757375,0.2184193006053897,0.16934125515920959,0.08944704736123531,0.2968542529275426,0.15653864813312,0.24298490574665849,0.11760057110601875,0.130894775347301,0.23404499917572805,0.12855154442427896,0.154310708482081,0.27178920822352315
70.3125,4230.256,4234.872,4133.846,4156.923,4201.538,0.11607971460218786,0.15283319626757375,0.2184193006053897,0.16934125515920959,0.08944704736123531,0.2968542529275426,0.15653864813312,0.24298490574665849,0.11760057110601875,0.130894775347301,0.23404499917572805,0.12855154442427896,0.154310708482081,0.27178920822352315
78.125,4243.077,4221.026,4141.026,4169.744,4202.051,0.11607971460218786,0.15283319626757375,0.2184193006053897,0.16934125515920959,0.08944704736123531,0.2968542529275426,0.15653864813312,0.24298490574665849,0.11760057110601875,0.130894775347301,0.23404499917572805,0.12855154442427896,0.154310708482081,0.27178920822352315
85.9375,4224.615,4185.128,4138.974,4134.872,4165.641,0.11607971460218786,0.15283319626757375,0.2184193006053897,0.16934125515920959,0.08944704736123531,0.2968542529275426,0.15653864813312,0.24298490574665849,0.11760057110601875,0.130894775347301,0.23404499917572805,0.12855154442427896,0.154310708482081,0.27178920822352315
93.75,4188.205,4151.282,4110.256,4090.769,4117.949,0.11607971460218786,0.15283319626757375,0.2184193006053897,0.16934125515920959,0.08944704736123531,0.2968542529275426,0.15653864813312,0.24298490574665849,0.11760057110601875,0.130894775347301,0.23404499917572805,0.12855154442427896,0.154310708482081,0.27178920822352315
101.5625,4197.436,4178.974,4118.974,4101.538,4134.872,0.11607971460218786,0.15283319626757375,0.2184193006053897,0.16934125515920959,0.08944704736123531,0.2968542529275426,0.15653864813312,0.24298490574665849,0.11760057110601875,0.130894775347301,0.23404499917572805,0.12855154442427896,0.154310708482081,0.27178920822352315
109.375,4228.718,4230.769,4138.974,4138.462,4185.128,0.11607971460218786,0.15283319626757375,0.2184193006053897,0.16934125515920959,0.08944704736123531,0.2968542529275426,0.15653864813312,0.24298490574665849,0.11760057110601875,0.130894775347301,0.23404499917572805,0.12855154442427896,0.154310708482081,0.27178920822352315
117.1875,4237.436,4229.231,4122.051,4157.436,4190.769,0.11607971460218786,0.15283319626757375,0.2184193006053897,0.16934125515920959,0.08944704736123531,0.2968542529275426,0.15653864813312,0.24298490574665849,0.11760057110601875,0.130894775347301,0.23404499917572805,0.12855154442427896,0.154310708482081,0.27178920822352315
125.0,4251.282,4205.128,4122.051,4165.641,4181.026,0.11607971460218786,0.15283319626757375,0.2184193006053897,0.16934125515920959,0.08944704736123531,0.2968542529275426,0.15653864813312,0.24298490574665849,0.11760057110601875,0.130894775347301,0.23404499917572805,0.12855154442427896,0.154310708482081,0.27178920822352315
132.8125,4265.128,4210.256,4161.538,4160.513,4185.128,0.11607971460218786,0.15283319626757375,0.2184193006053897,0.16934125515920959,0.08944704736123531,0.2968542529275426,0.15653864813312,0.24298490574665849,0.11760057110601875,0.130894775347301,0.23404499917572805,0.12855154442427896,0.154310708482081,0.27178920822352315
140.625,4237.436,4216.923,4164.103,4137.949,4169.744,0.11607971460218786,0.15283319626757375,0.2184193006053897,0.16934125515920959,0.08944704736123531,0.2968542529275426,0.15653864813312,0.24298490574665849,0.11760057110601875,0.130894775347301,0.23404499917572805,0.12855154442427896,0.154310708482081,0.27178920822352315
148.4375,4218.974,4219.487,4137.949,4142.051,4184.615,0.11607971460218786,0.15283319626757375,0.2184193006053897,0.16934125515920959,0.08944704736123531,0.2968542529275426,0.15653864813312,0.24298490574665849,0.11760057110601875,0.130894775347301,0.23404499917572805,0.12855154442427896,0.154310708482081,0.27178920822352315
156.25,4247.179,4221.026,4139.487,4171.795,4228.205,0.11607971460218786,0.15283319626757375,0.2184193006053897,0.16934125515920959,0.08944704736123531,0.2968542529275426,0.15653864813312,0.24298490574665849,0.11760057110601875,0.130894775347301,0.23404499917572805,0.12855154442427896,0.154310708482081,0.27178920822352315
164.0625,4264.615,4205.641,4164.615,4168.718,4209.231,0.11607971460218786,0.15283319626757375,0.2184193006053897,0.16934125515920959,0.08944704736123531,0.2968542529275426,0.15653864813312,0.24298490574665849,0.11760057110601875,0.130894775347301,0.23404499917572805,0.12855154442427896,0.154310708482081,0.27178920822352315
171.875,4261.538,4224.615,4194.359,4163.077,4199.487,0.11607971460218786,0.15283319626757375,0.2184193006053897,0.16934125515920959,0.08944704736123531,0.2968542529275426,0.15653864813312,0.24298490574665849,0.11760057110601875,0.130894775347301,0.23404499917572805,0.12855154442427896,0.154310708482081,0.27178920822352315
179.6875,4264.615,4261.026,4182.564,4183.59,4249.231,0.11607971460218786,0.15283319626757375,0.2184193006053897,0.16934125515920959,0.08944704736123531,0.2968542529275426,0.15653864813312,0.24298490574665849,0.11760057110601875,0.130894775347301,0.23404499917572805,0.12855154442427896,0.154310708482081,0.27178920822352315
187.5,4268.718,4240.0,4149.744,4185.128,4244.615,0.11607971460218786,0.15283319626757375,0.2184193006053897,0.16934125515920959,0.08944704736123531,0.2968542529275426,0.15653864813312,0.24298490574665849,0.11760057110601875,0.130894775347301,0.23404499917572805,0.12855154442427896,0.154310708482081,0.27178920822352315
195.3125,4262.564,4209.744,4169.744,4164.103,4193.333,0.11607971460218786,0.15283319626757375,0.2184193006053897,0.16934125515920959,0.08944704736123531,0.2968542529275426,0.15653864813312,0.24298490574665849,0.11760057110601875,0.130894775347301,0.23404499917572805,0.12855154442427896,0.154310708482081,0.27178920822352315
203.125,4246.154,4231.795,4190.256,4158.974,4196.923,0.11607971460218786,0.15283319626757375,0.2184193006053897,0.16934125515920959,0.08944704736123531,0.2968542529275426,0.15653864813312,0.24298490574665849,0.11760057110601875,0.130894775347301,0.23404499917572805,0.12855154442427896,0.154310708482081,0.27178920822352315
210.9375,4229.744,4235.385,4139.487,4162.051,4212.308,0.11607971460218786,0.15283319626757375,0.2184193006053897,0.16934125515920959,0.08944704736123531,0.2968542529275426,0.15653864813312,0.24298490574665849,0.11760057110601875,0.130894775347301,0.23404499917572805,0.12855154442427896,0.154310708482081,0.27178920822352315
218.75,4232.821,4185.641,4096.41,4156.923,4189.231,0.11607971460218786,0.15283319626757375,0.2184193006053897,0.16934125515920959,0.08944704736123531,0.2968542529275426,0.15653864813312,0.24298490574665849,0.11760057110601875,0.130894775347301,0.23404499917572805,0.12855154442427896,0.154310708482081,0.27178920822352315
226.5625,4249.744,4168.718,4134.359,4152.821,4180.513,0.11607971460218786,0.15283319626757375,0.2184193006053897,0.16934125515920959,0.08944704736123531,0.2968542529275426,0.15653864813312,0.24298490574665849,0.11760057110601875,0.130894775347301,0.23404499917572805,0.12855154442427896,0.154310708482081,0.27178920822352315
234.375,4245.641,4202.564,4164.103,4142.564,4201.538,0.11607971460218786,0.15283319626757375,0.2184193006053897,0.16934125515920959,0.08944704736123531,0.2968542529275426,0.15653864813312,0.24298490574665849,0.11760057110601875,0.130894775347301,0.23404499917572805,0.12855154442427896,0.154310708482081,0.27178920822352315
242.1875,4235.385,4228.718,4139.487,4141.026,4229.231,0.11607971460218786,0.15283319626757375,0.2184193006053897,0.16934125515920959,0.08944704736123531,0.2968542529275426,0.15653864813312,0.24298490574665849,0.11760057110601875,0.130894775347301,0.23404499917572805,0.12855154442427896,0.154310708482081,0.27178920822352315
250.0,4247.179,4214.872,4125.128,4157.436,4233.846,0.11607971460218786,0.15283319626757375,0.2184193006053897,0.16934125515920959,0.08944704736123531,0.2968542529275426,0.15653864813312,0.24298490574665849,0.11760057110601875,0.130894775347301,0.23404499917572805,0.12855154442427896,0.154310708482081,0.27178920822352315
257.8125,4256.923,4192.821,4153.846,4156.41,4205.641,0.11607971460218786,0.15283319626757375,0.2184193006053897,0.16934125515920959,0.08944704736123531,0.2968542529275426,0.15653864813312,0.24298490574665849,0.11760057110601875,0.130894775347301,0.23404499917572805,0.12855154442427896,0.154310708482081,0.27178920822352315
265.625,4248.718,4200.513,4177.436,4143.59,4197.436,0.11607971460218786,0.15283319626757375,0.2184193006053897,0.16934125515920959,0.08944704736123531,0.2968542529275426,0.15653864813312,0.24298490574665849,0.11760057110601875,0.130894775347301,0.23404499917572805,0.12855154442427896,0.154310708482081,0.27178920822352315
273.4375,4239.487,4219.487,4153.333,4144.615,4215.385,0.11607971460218786,0.15283319626757375,0.2184193006053897,0.16934125515920959,0.08944704736123531,0.2968542529275426,0.15653864813312,0.24298490574665849,0.11760057110601875,0.130894775347301,0.23404499917572805,0.12855154442427896,0.154310708482081,0.27178920822352315
281.25,4243.59,4220.0,4125.128,4154.872,4207.179,0.11607971460218786,0.15283319626757375,0.2184193006053897,0.16934125515920959,0.08944704736123531,0.2968542529275426,0.15653864813312,0.24298490574665849,0.11760057110601875,0.130894775347301,0.23404499917572805,0.12855154442427896,0.154310708482081,0.27178920822352315
289.0625,4250.256,4198.974,4132.308,4158.462,4183.077,0.11607971460218786,0.15283319626757375,0.2184193006053897,0.16934125515920959,0.08944704736123531,0.2968542529275426,0.15653864813312,0.24298490574665849,0.11760057110601875,0.130894775347301,0.23404499917572805,0.12855154442427896,0.154310708482081,0.27178920822352315
296.875,4240.0,4182.564,4155.897,4143.59,4175.385,0.11607971460218786,0.15283319626757375,0.2184193006053897,0.16934125515920959,0.08944704736123531,0.2968542529275426,0.15653864813312,0.24298490574665849,0.11760057110601875,0.130894775347301,0.23404499917572805,0.12855154442427896,0.154310708482081,0.27178920822352315
304.6875,4244.9,4190.427,4159.259,4148.832,4185.47,0.11607971460218786,0.15283319626757375,0.2184193006053897,0.16934125515920959,0.08944704736123531,0.2968542529275426,0.15653864813312,0.24298490574665849,0.11760057110601875,0.130894775347301,0.23404499917572805,0.12855154442427896,0.154310708482081,0.27178920822352315
312.5,4249.801,4198.291,4162.621,4154.074,4195.556,0.11607971460218786,0.15283319626757375,0.2184193006053897,0.16934125515920959,0.08944704736123531,0.2968542529275426,0.15653864813312,0.24298490574665849,0.11760057110601875,0.130894775347301,0.23404499917572805,0.12855154442427896,0.154310708482081,0.27178920822352315
320.3125,4254.701,4206.154,4165.983,4159.316,4205.641,0.11607971460218786,0.15283319626757375,0.2184193006053897,0.16934125515920959,0.08944704736123531,0.2968542529275426,0.15653864813312,0.24298490574665849,0.11760057110601875,0.130894775347301,0.23404499917572805,0.12855154442427896,0.154310708482081,0.27178920822352315
328.125,4259.601,4214.017,4169.345,4164.558,4215.726,0.11607971460218786,0.15283319626757375,0.2184193006053897,0.16934125515920959,0.08944704736123531,0.2968542529275426,0.15653864813312,0.24298490574665849,0.11760057110601875,0.130894775347301,0.23404499917572805,0.12855154442427896,0.154310708482081,0.27178920822352315
335.9375,4264.501,4221.88,4172.707,4169.801,4225.812,0.11607971460218786,0.15283319626757375,0.2184193006053897,0.16934125515920959,0.08944704736123531,0.2968542529275426,0.15653864813312,0.24298490574665849,0.11760057110601875,0.130894775347301,0.23404499917572805,0.12855154442427896,0.154310708482081,0.27178920822352315
343.75,4269.402,4229.744,4176.068,4175.043,4235.897,0.11607971460218786,0.15283319626757375,0.2184193006053897,0.16934125515920959,0.08944704736123531,0.2968542529275426,0.15653864813312,0.24298490574665849,0.11760057110601875,0.130894775347301,0.23404499917572805,0.12855154442427896,0.154310708482081,0.27178920822352315
351.5625,4274.302,4237.607,4179.43,4180.285,4245.983,0.11607971460218786,0.15283319626757375,0.2184193006053897,0.16934125515920959,0.08944704736123531,0.2968542529275426,0.15653864813312,0.24298490574665849,0.11760057110601875,0.130894775347301,0.23404499917572805,0.12855154442427896,0.154310708482081,0.27178920822352315
359.375,4279.202,4245.47,4182.792,4185.527,4256.068,0.11607971460218786,0.15283319626757375,0.2184193006053897,0.16934125515920959,0.08944704736123531,0.2968542529275426,0.15653864813312,0.24298490574665849,0.11760057110601875,0.130894775347301,0.23404499917572805,0.12855154442427896,0.154310708482081,0.27178920822352315
367.1875,4284.103,4253.333,4186.154,4190.769,4266.154,0.11607971460218786,0.15283319626757375,0.2184193006053897,0.16934125515920959,0.08944704736123531,0.2968542529275426,0.15653864813312,0.24298490574665849,0.11760057110601875,0.130894775347301,0.23404499917572805,0.12855154442427896,0.154310708482081,0.27178920822352315
375.0,4303.077,4249.744,4197.436,4222.564,4280.513,0.11607971460218786,0.15283319626757375,0.2184193006053897,0.16934125515920959,0.08944704736123531,0.2968542529275426,0.15653864813312,0.24298490574665849,0.11760057110601875,0.130894775347301,0.23404499917572805,0.12855154442427896,0.154310708482081,0.27178920822352315
382.8125,4268.205,4223.59,4194.359,4185.641,4235.385,0.11607971460218786,0.15283319626757375,0.2184193006053897,0.16934125515920959,0.08944704736123531,0.2968542529275426,0.15653864813312,0.24298490574665849,0.11760057110601875,0.130894775347301,0.23404499917572805,0.12855154442427896,0.154310708482081,0.27178920822352315
390.625,4231.795,4221.538,4156.41,4152.308,4223.077,0.11607971460218786,0.15283319626757375,0.2184193006053897,0.16934125515920959,0.08944704736123531,0.2968542529275426,0.15653864813312,0.24298490574665849,0.11760057110601875,0.130894775347301,0.23404499917572805,0.12855154442427896,0.154310708482081,0.27178920822352315
398.4375,4246.154,4218.974,4123.077,4171.795,4233.333,0.11607971460218786,0.15283319626757375,0.2184193006053897,0.16934125515920959,0.08944704736123531,0.2968542529275426,0.15653864813312,0.24298490574665849,0.11760057110601875,0.130894775347301,0.23404499917572805,0.12855154442427896,0.154310708482081,0.27178920822352315
406.25,4252.821,4188.718,4127.692,4167.692,4197.949,0.11607971460218786,0.15283319626757375,0.2184193006053897,0.16934125515920959,0.08944704736123531,0.2968542529275426,0.15653864813312,0.24298490574665849,0.11760057110601875,0.130894775347301,0.23404499917572805,0.12855154442427896,0.154310708482081,0.27178920822352315
414.0625,4233.333,4184.103,4151.795,4136.41,4172.308,0.11607971460218786,0.15283319626757375,0.2184193006053897,0.16934125515920959,0.08944704736123531,0.2968542529275426,0.15653864813312,0.24298490574665849,0.11760057110601875,0.130894775347301,0.23404499917572805,0.12855154442427896,0.154310708482081,0.27178920822352315
421.875,4226.667,4215.897,4150.769,4142.051,4203.59,0.11607971460218786,0.15283319626757375,0.2184193006053897,0.16934125515920959,0.08944704736123531,0.2968542529275426,0.15653864813312,0.24298490574665849,0.11760057110601875,0.130894775347301,0.23404499917572805,0.12855154442427896,0.154310708482081,0.27178920822352315
429.6875,4236.923,4227.692,4118.462,4166.667,4220.0,0.11607971460218786,0.15283319626757375,0.2184193006053897,0.16934125515920959,0.08944704736123531,0.2968542529275426,0.15653864813312,0.24298490574665849,0.11760057110601875,0.130894775347301,0.23404499917572805,0.12855154442427896,0.154310708482081,0.27178920822352315
437.5,4260.0,4214.359,4114.359,4178.462,4211.795,0.11607971460218786,0.15283319626757375,0.2184193006053897,0.16934125515920959,0.08944704736123531,0.2968542529275426,0.15653864813312,0.24298490574665849,0.11760057110601875,0.130894775347301,0.23404499917572805,0.12855154442427896,0.154310708482081,0.27178920822352315
445.3125,4268.205,4208.205,4145.128,4170.256,4210.256,0.11607971460218786,0.15283319626757375,0.2184193006053897,0.16934125515920959,0.08944704736123531,0.2968542529275426,0.15653864813312,0.24298490574665849,0.11760057110601875,0.130894775347301,0.23404499917572805,0.12855154442427896,0.154310708482081,0.27178920822352315
453.125,4243.59,4215.897,4139.487,4152.308,4213.846,0.11607971460218786,0.15283319626757375,0.2184193006053897,0.16934125515920959,0.08944704736123531,0.2968542529275426,0.15653864813312,0.24298490574665849,0.11760057110601875,0.130894775347301,0.23404499917572805,0.12855154442427896,0.154310708482081,0.27178920822352315
460.9375,4233.846,4224.615,4110.256,4161.026,4229.231,0.11607971460218786,0.15283319626757375,0.2184193006053897,0.16934125515920959,0.08944704736123531,0.2968542529275426,0.15653864813312,0.24298490574665849,0.11760057110601875,0.130894775347301,0.23404499917572805,0.12855154442427896,0.154310708482081,0.27178920822352315
468.75,4256.923,4220.513,4125.128,4180.513,4233.333,0.11607971460218786,0.15283319626757375,0.2184193006053897,0.16934125515920959,0.08944704736123531,0.2968542529275426,0.15653864813312,0.24298490574665849,0.11760057110601875,0.130894775347301,0.23404499917572805,0.12855154442427896,0.154310708482081,0.27178920822352315
476.5625,4255.897,4200.513,4158.974,4161.538,4194.872,0.11607971460218786,0.15283319626757375,0.2184193006053897,0.16934125515920959,0.08944704736123531,0.2968542529275426,0.15653864813312,0.24298490574665849,0.11760057110601875,0.130894775347301,0.23404499917572805,0.12855154442427896,0.154310708482081,0.27178920822352315
484.375,4230.769,4205.128,4163.077,4135.385,4174.872,0.11607971460218786,0.15283319626757375,0.2184193006053897,0.16934125515920959,0.08944704736123531,0.2968542529275426,0.15653864813312,0.24298490574665849,0.11760057110601875,0.130894775347301,0.23404499917572805,0.12855154442427896,0.154310708482081,0.27178920822352315
492.1875,4228.718,4232.821,4140.513,4145.128,4201.538,0.11607971460218786,0.15283319626757375,0.2184193006053897,0.16934125515920959,0.08944704736123531,0.2968542529275426,0.15653864813312,0.24298490574665849,0.11760057110601875,0.130894775347301,0.23404499917572805,0.12855154442427896,0.154310708482081,0.27178920822352315
500.0,4233.846,4222.564,4118.974,4154.872,4200.513,0.11607971460218786,0.15283319626757375,0.2184193006053897,0.16934125515920959,0.08944704736123531,0.2968542529275426,0.15653864813312,0.24298490574665849,0.11760057110601875,0.130894775347301,0.23404499917572805,0.12855154442427896,0.154310708482081,0.27178920822352315
507.8125,4232.308,4185.641,4131.795,4155.385,4182.564,0.11607971460218786,0.15283319626757375,0.2184193006053897,0.16934125515920959,0.08944704736123531,0.2968542529275426,0.15653864813312,0.24298490574665849,0.11760057110601875,0.130894775347301,0.23404499917572805,0.12855154442427896,0.154310708482081,0.27178920822352315
515.625,4226.667,4178.462,4155.897,4155.385,4183.077,0.11607971460218786,0.15283319626757375,0.2184193006053897,0.16934125515920959,0.08944704736123531,0.2968542529275426,0.15653864813312,0.24298490574665849,0.11760057110601875,0.130894775347301,0.23404499917572805,0.12855154442427896,0.154310708482081,0.27178920822352315
523.4375,4210.256,4198.974,4151.795,4138.974,4171.282,0.11607971460218786,0.15283319626757375,0.2184193006053897,0.16934125515920959,0.08944704736123531,0.2968542529275426,0.15653864813312,0.24298490574665849,0.11760057110601875,0.130894775347301,0.23404499917572805,0.12855154442427896,0.154310708482081,0.27178920822352315
531.25,4199.487,4215.385,4132.308,4131.282,4162.051,0.11607971460218786,0.15283319626757375,0.2184193006053897,0.16934125515920959,0.08944704736123531,0.2968542529275426,0.15653864813312,0.24298490574665849,0.11760057110601875,0.130894775347301,0.23404499917572805,0.12855154442427896,0.154310708482081,0.27178920822352315
539.0625,4220.513,4212.821,4129.744,4151.282,4174.872,0.11607971460218786,0.15283319626757375,0.2184193006053897,0.16934125515920959,0.08944704736123531,0.2968542529275426,0.15653864813312,0.24298490574665849,0.11760057110601875,0.130894775347301,0.23404499917572805,0.12855154442427896,0.154310708482081,0.27178920822352315
546.875,4253.846,4201.538,4150.256,4163.077,4177.949,0.11607971460218786,0.15283319626757375,0.2184193006053897,0.16934125515920959,0.08944704736123531,0.2968542529275426,0.15653864813312,0.24298490574665849,0.11760057110601875,0.130894775347301,0.23404499917572805,0.12855154442427896,0.154310708482081,0.27178920822352315
554.6875,4248.205,4202.051,4165.128,4133.333,4158.974,0.11607971460218786,0.15283319626757375,0.2184193006053897,0.16934125515920959,0.08944704736123531,0.2968542529275426,0.15653864813312,0.24298490574665849,0.11760057110601875,0.130894775347301,0.23404499917572805,0.12855154442427896,0.154310708482081,0.27178920822352315
562.5,4229.231,4225.128,4153.846,4111.795,4165.641,0.11607971460218786,0.15283319626757375,0.2184193006053897,0.16934125515920959,0.08944704736123531,0.2968542529275426,0.15653864813312,0.24298490574665849,0.11760057110601875,0.130894775347301,0.23404499917572805,0.12855154442427896,0.154310708482081,0.27178920822352315
570.3125,4250.256,4243.59,4144.615,4155.385,4209.231,0.11607971460218786,0.15283319626757375,0.2184193006053897,0.16934125515920959,0.08944704736123531,0.2968542529275426,0.15653864813312,0.24298490574665849,0.11760057110601875,0.130894775347301,0.23404499917572805,0.12855154442427896,0.154310708482081,0.27178920822352315
578.125,4280.0,4225.641,4164.103,4198.462,4222.564,0.11607971460218786,0.15283319626757375,0.2184193006053897,0.16934125515920959,0.08944704736123531,0.2968542529275426,0.15653864813312,0.24298490574665849,0.11760057110601875,0.130894775347301,0.23404499917572805,0.12855154442427896,0.154310708482081,0.27178920822352315
585.9375,4258.462,4207.179,4180.0,4171.282,4186.667,0.11607971460218786,0.15283319626757375,0.2184193006053897,0.16934125515920959,0.08944704736123531,0.2968542529275426,0.15653864813312,0.24298490574665849,0.11760057110601875,0.130894775347301,0.23404499917572805,0.12855154442427896,0.154310708482081,0.27178920822352315
593.75,4225.128,4223.077,4166.667,4143.077,4174.359,0.11607971460218786,0.15283319626757375,0.2184193006053897,0.16934125515920959,0.08944704736123531,0.2968542529275426,0.15653864813312,0.24298490574665849,0.11760057110601875,0.130894775347301,0.23404499917572805,0.12855154442427896,0.154310708482081,0.27178920822352315
601.5625,4241.026,4234.359,4151.795,4170.256,4203.077,0.11607971460218786,0.15283319626757375,0.2184193006053897,0.16934125515920959,0.08944704736123531,0.2968542529275426,0.15653864813312,0.24298490574665849,0.11760057110601875,0.130894775347301,0.23404499917572805,0.12855154442427896,0.154310708482081,0.27178920822352315
609.375,4262.051,4201.026,4154.359,4183.077,4206.154,0.11607971460218786,0.15283319626757375,0.2184193006053897,0.16934125515920959,0.08944704736123531,0.2968542529275426,0.15653864813312,0.24298490574665849,0.11760057110601875,0.130894775347301,0.23404499917572805,0.12855154442427896,0.154310708482081,0.27178920822352315
617.1875,4244.103,4169.231,4172.821,4154.872,4175.385,0.11607971460218786,0.15283319626757375,0.2184193006053897,0.16934125515920959,0.08944704736123531,0.2968542529275426,0.15653864813312,0.24298490574665849,0.11760057110601875,0.130894775347301,0.23404499917572805,0.12855154442427896,0.154310708482081,0.27178920822352315
625.0,4232.308,4201.538,4191.282,4151.795,4188.205,0.11607971460218786,0.15283319626757375,0.2184193006053897,0.16934125515920959,0.08944704736123531,0.2968542529275426,0.15653864813312,0.24298490574665849,0.11760057110601875,0.130894775347301,0.23404499917572805,0.12855154442427896,0.154310708482081,0.27178920822352315
632.8125,4248.718,4246.154,4182.051,4181.538,4235.385,0.11607971460218786,0.15283319626757375,0.2184193006053897,0.16934125515920959,0.08944704736123531,0.2968542529275426,0.15653864813312,0.24298490574665849,0.11760057110601875,0.130894775347301,0.23404499917572805,0.12855154442427896,0.154310708482081,0.27178920822352315
640.625,4255.897,4224.103,4156.923,4189.744,4228.205,0.11607971460218786,0.15283319626757375,0.2184193006053897,0.16934125515920959,0.08944704736123531,0.2968542529275426,0.15653864813312,0.24298490574665849,0.11760057110601875,0.130894775347301,0.23404499917572805,0.12855154442427896,0.154310708482081,0.27178920822352315
648.4375,4245.128,4190.769,4165.128,4167.692,4176.923,0.11607971460218786,0.15283319626757375,0.2184193006053897,0.16934125515920959,0.08944704736123531,0.2968542529275426,0.15653864813312,0.24298490574665849,0.11760057110601875,0.130894775347301,0.23404499917572805,0.12855154442427896,0.154310708482081,0.27178920822352315
656.25,4232.308,4223.59,4186.667,4149.744,4163.59,0.11607971460218786,0.15283319626757375,0.2184193006053897,0.16934125515920959,0.08944704736123531,0.2968542529275426,0.15653864813312,0.24298490574665849,0.11760057110601875,0.130894775347301,0.23404499917572805,0.12855154442427896,0.154310708482081,0.27178920822352315
664.0625,4226.667,4257.949,4163.077,4155.897,4189.231,0.11607971460218786,0.15283319626757375,0.2184193006053897,0.16934125515920959,0.08944704736123531,0.2968542529275426,0.15653864813312,0.24298490574665849,0.11760057110601875,0.130894775347301,0.23404499917572805,0.12855154442427896,0.154310708482081,0.27178920822352315
671.875,4248.205,4239.487,4143.077,4176.923,4213.333,0.11607971460218786,0.15283319626757375,0.2184193006053897,0.16934125515920959,0.08944704736123531,0.2968542529275426,0.15653864813312,0.24298490574665849,0.11760057110601875,0.130894775347301,0.23404499917572805,0.12855154442427896,0.154310708482081,0.27178920822352315
679.6875,4276.41,4228.205,4179.487,4190.256,4223.59,0.11607971460218786,0.15283319626757375,0.2184193006053897,0.16934125515920959,0.08944704736123531,0.2968542529275426,0.15653864813312,0.24298490574665849,0.11760057110601875,0.130894775347301,0.23404499917572805,0.12855154442427896,0.154310708482081,0.27178920822352315
687.5,4260.0,4240.0,4202.564,4183.077,4210.769,0.11607971460218786,0.15283319626757375,0.2184193006053897,0.16934125515920959,0.08944704736123531,0.2968542529275426,0.15653864813312,0.24298490574665849,0.11760057110601875,0.130894775347301,0.23404499917572805,0.12855154442427896,0.154310708482081,0.27178920822352315
695.3125,4231.795,4241.538,4170.769,4181.538,4204.615,0.11607971460218786,0.15283319626757375,0.2184193006053897,0.16934125515920959,0.08944704736123531,0.2968542529275426,0.15653864813312,0.24298490574665849,0.11760057110601875,0.130894775347301,0.23404499917572805,0.12855154442427896,0.154310708482081,0.27178920822352315
703.125,4252.308,4228.718,4158.462,4204.615,4222.564,0.11607971460218786,0.15283319626757375,0.2184193006053897,0.16934125515920959,0.08944704736123531,0.2968542529275426,0.15653864813312,0.24298490574665849,0.11760057110601875,0.130894775347301,0.23404499917572805,0.12855154442427896,0.154310708482081,0.27178920822352315
710.9375,4278.462,4217.949,4196.923,4212.308,4210.769,0.11607971460218786,0.15283319626757375,0.2184193006053897,0.16934125515920959,0.08944704736123531,0.2968542529275426,0.15653864813312,0.24298490574665849,0.11760057110601875,0.130894775347301,0.23404499917572805,0.12855154442427896,0.154310708482081,0.27178920822352315
718.75,4257.949,4222.051,4212.308,4188.718,4181.538,0.11607971460218786,0.15283319626757375,0.2184193006053897,0.16934125515920959,0.08944704736123531,0.2968542529275426,0.15653864813312,0.24298490574665849,0.11760057110601875,0.130894775347301,0.23404499917572805,0.12855154442427896,0.154310708482081,0.27178920822352315
726.5625,4243.077,4236.923,4182.051,4184.103,4206.154,0.11607971460218786,0.15283319626757375,0.2184193006053897,0.16934125515920959,0.08944704736123531,0.2968542529275426,0.15653864813312,0.24298490574665849,0.11760057110601875,0.130894775347301,0.23404499917572805,0.12855154442427896,0.154310708482081,0.27178920822352315
734.375,4267.692,4237.436,4163.59,4206.154,4236.41,0.11607971460218786,0.15283319626757375,0.2184193006053897,0.16934125515920959,0.08944704736123531,0.2968542529275426,0.15653864813312,0.24298490574665849,0.11760057110601875,0.130894775347301,0.23404499917572805,0.12855154442427896,0.154310708482081,0.27178920822352315
742.1875,4266.154,4215.385,4175.897,4191.795,4196.41,0.11607971460218786,0.15283319626757375,0.2184193006053897,0.16934125515920959,0.08944704736123531,0.2968542529275426,0.15653864813312,0.24298490574665849,0.11760057110601875,0.130894775347301,0.23404499917572805,0.12855154442427896,0.154310708482081,0.27178920822352315
750.0,4224.103,4212.821,4178.462,4145.128,4154.359,0.11607971460218786,0.15283319626757375,0.2184193006053897,0.16934125515920959,0.08944704736123531,0.2968542529275426,0.15653864813312,0.24298490574665849,0.11760057110601875,0.130894775347301,0.23404499917572805,0.12855154442427896,0.154310708482081,0.27178920822352315
757.8125,4213.333,4240.513,4155.897,4134.359,4173.333,0.11607971460218786,0.15283319626757375,0.2184193006053897,0.16934125515920959,0.08944704736123531,0.2968542529275426,0.15653864813312,0.24298490574665849,0.11760057110601875,0.130894775347301,0.23404499917572805,0.12855154442427896,0.154310708482081,0.27178920822352315
765.625,4240.513,4247.692,4139.487,4164.615,4205.128,0.11607971460218786,0.15283319626757375,0.2184193006053897,0.16934125515920959,0.08944704736123531,0.2968542529275426,0.15653864813312,0.24298490574665849,0.11760057110601875,0.130894775347301,0.23404499917572805,0.12855154442427896,0.154310708482081,0.27178920822352315
773.4375,4246.154,4209.744,4142.051,4182.564,4203.077,0.11607971460218786,0.15283319626757375,0.2184193006053897,0.16934125515920959,0.08944704736123531,0.2968542529275426,0.15653864813312,0.24298490574665849,0.11760057110601875,0.130894775347301,0.23404499917572805,0.12855154442427896,0.154310708482081,0.27178920822352315
781.25,4223.59,4173.846,4150.769,4164.615,4176.41,0.11607971460218786,0.15283319626757375,0.2184193006053897,0.16934125515920959,0.08944704736123531,0.2968542529275426,0.15653864813312,0.24298490574665849,0.11760057110601875,0.130894775347301,0.23404499917572805,0.12855154442427896,0.154310708482081,0.27178920822352315
789.0625,4203.59,4180.513,4148.718,4145.128,4162.051,0.11607971460218786,0.15283319626757375,0.2184193006053897,0.16934125515920959,0.08944704736123531,0.2968542529275426,0.15653864813312,0.24298490574665849,0.11760057110601875,0.130894775347301,0.23404499917572805,0.12855154442427896,0.154310708482081,0.27178920822352315
796.875,4216.41,4215.897,4143.59,4170.769,4195.385,0.11607971460218786,0.15283319626757375,0.2184193006053897,0.16934125515920959,0.08944704736123531,0.2968542529275426,0.15653864813312,0.24298490574665849,0.11760057110601875,0.130894775347301,0.23404499917572805,0.12855154442427896,0.154310708482081,0.27178920822352315
804.6875,4248.718,4227.179,4145.641,4206.667,4227.179,0.11607971460218786,0.15283319626757375,0.2184193006053897,0.16934125515920959,0.08944704736123531,0.2968542529275426,0.15653864813312,0.24298490574665849,0.11760057110601875,0.130894775347301,0.23404499917572805,0.12855154442427896,0.154310708482081,0.27178920822352315
812.5,4248.205,4190.256,4153.333,4185.641,4196.41,0.11607971460218786,0.15283319626757375,0.2184193006053897,0.16934125515920959,0.08944704736123531,0.2968542529275426,0.15653864813312,0.24298490574665849,0.11760057110601875,0.130894775347301,0.23404499917572805,0.12855154442427896,0.154310708482081,0.27178920822352315
820.3125,4220.0,4171.795,4170.769,4145.641,4165.641,0.11607971460218786,0.15283319626757375,0.2184193006053897,0.16934125515920959,0.08944704736123531,0.2968542529275426,0.15653864813312,0.24298490574665849,0.11760057110601875,0.130894775347301,0.23404499917572805,0.12855154442427896,0.154310708482081,0.27178920822352315
828.125,4210.256,4199.487,4173.846,4142.564,4185.128,0.11607971460218786,0.15283319626757375,0.2184193006053897,0.16934125515920959,0.08944704736123531,0.2968542529275426,0.15653864813312,0.24298490574665849,0.11760057110601875,0.130894775347301,0.23404499917572805,0.12855154442427896,0.154310708482081,0.27178920822352315
835.9375,4227.179,4215.385,4149.744,4155.385,4209.231,0.11607971460218786,0.15283319626757375,0.2184193006053897,0.16934125515920959,0.08944704736123531,0.2968542529275426,0.15653864813312,0.24298490574665849,0.11760057110601875,0.130894775347301,0.23404499917572805,0.12855154442427896,0.154310708482081,0.27178920822352315
843.75,4239.487,4196.41,4129.231,4154.359,4206.154,0.11607971460218786,0.15283319626757375,0.2184193006053897,0.16934125515920959,0.08944704736123531,0.2968542529275426,0.15653864813312,0.24298490574665849,0.11760057110601875,0.130894775347301,0.23404499917572805,0.12855154442427896,0.154310708482081,0.27178920822352315
851.5625,4226.154,4169.744,4120.0,4135.385,4173.846,0.11607971460218786,0.15283319626757375,0.2184193006053897,0.16934125515920959,0.08944704736123531,0.2968542529275426,0.15653864813312,0.24298490574665849,0.11760057110601875,0.130894775347301,0.23404499917572805,0.12855154442427896,0.154310708482081,0.27178920822352315
859.375,4199.487,4161.538,4108.205,4109.744,4139.487,0.11607971460218786,0.15283319626757375,0.2184193006053897,0.16934125515920959,0.08944704736123531,0.2968542529275426,0.15653864813312,0.24298490574665849,0.11760057110601875,0.130894775347301,0.23404499917572805,0.12855154442427896,0.154310708482081,0.27178920822352315
867.1875,4185.128,4179.487,4102.051,4107.179,4144.615,0.11607971460218786,0.15283319626757375,0.2184193006053897,0.16934125515920959,0.08944704736123531,0.2968542529275426,0.15653864813312,0.24298490574665849,0.11760057110601875,0.130894775347301,0.23404499917572805,0.12855154442427896,0.154310708482081,0.27178920822352315
875.0,4183.59,4204.615,4104.615,4120.513,4169.744,0.11607971460218786,0.15283319626757375,0.2184193006053897,0.16934125515920959,0.08944704736123531,0.2968542529275426,0.15653864813312,0.24298490574665849,0.11760057110601875,0.130894775347301,0.23404499917572805,0.12855154442427896,0.154310708482081,0.27178920822352315
882.8125,4185.641,4214.359,4099.487,4125.641,4177.949,0.11607971460218786,0.15283319626757375,0.2184193006053897,0.16934125515920959,0.08944704736123531,0.2968542529275426,0.15653864813312,0.24298490574665849,0.11760057110601875,0.130894775347301,0.23404499917572805,0.12855154442427896,0.154310708482081,0.27178920822352315
890.625,4205.641,4212.821,4099.487,4139.487,4189.744,0.11607971460218786,0.15283319626757375,0.2184193006053897,0.16934125515920959,0.08944704736123531,0.2968542529275426,0.15653864813312,0.24298490574665849,0.11760057110601875,0.130894775347301,0.23404499917572805,0.12855154442427896,0.154310708482081,0.27178920822352315
898.4375,4234.872,4207.692,4124.103,4165.641,4205.641,0.11607971460218786,0.15283319626757375,0.2184193006053897,0.16934125515920959,0.08944704736123531,0.2968542529275426,0.15653864813312,0.24298490574665849,0.11760057110601875,0.130894775347301,0.23404499917572805,0.12855154442427896,0.154310708482081,0.27178920822352315
906.25,4242.564,4203.077,4154.359,4168.718,4199.487,0.11607971460218786,0.15283319626757375,0.2184193006053897,0.16934125515920959,0.08944704736123531,0.2968542529275426,0.15653864813312,0.24298490574665849,0.11760057110601875,0.130894775347301,0.23404499917572805,0.12855154442427896,0.154310708482081,0.27178920822352315
914.0625,4224.103,4212.308,4162.564,4141.026,4191.795,0.11607971460218786,0.15283319626757375,0.2184193006053897,0.16934125515920959,0.08944704736123531,0.2968542529275426,0.15653864813312,0.24298490574665849,0.11760057110601875,0.130894775347301,0.23404499917572805,0.12855154442427896,0.154310708482081,0.27178920822352315
921.875,4220.0,4238.974,4155.897,4133.333,4208.718,0.11607971460218786,0.15283319626757375,0.2184193006053897,0.16934125515920959,0.08944704736123531,0.2968542529275426,0.15653864813312,0.24298490574665849,0.11760057110601875,0.130894775347301,0.23404499917572805,0.12855154442427896,0.154310708482081,0.27178920822352315
929.6875,4249.231,4252.308,4163.59,4171.282,4235.897,0.11607971460218786,0.15283319626757375,0.2184193006053897,0.16934125515920959,0.08944704736123531,0.2968542529275426,0.15653864813312,0.24298490574665849,0.11760057110601875,0.130894775347301,0.23404499917572805,0.12855154442427896,0.154310708482081,0.27178920822352315
937.5,4266.667,4230.769,4184.615,4193.333,4238.462,0.11607971460218786,0.15283319626757375,0.2184193006053897,0.16934125515920959,0.08944704736123531,0.2968542529275426,0.15653864813312,0.24298490574665849,0.11760057110601875,0.130894775347301,0.23404499917572805,0.12855154442427896,0.154310708482081,0.27178920822352315
945.3125,4240.513,4205.641,4189.231,4168.718,4212.821,0.11607971460218786,0.15283319626757375,0.2184193006053897,0.16934125515920959,0.08944704736123531,0.2968542529275426,0.15653864813312,0.24298490574665849,0.11760057110601875,0.130894775347301,0.23404499917572805,0.12855154442427896,0.154310708482081,0.27178920822352315
953.125,4208.205,4215.897,4164.103,4144.103,4198.974,0.11607971460218786,0.15283319626757375,0.2184193006053897,0.16934125515920959,0.08944704736123531,0.2968542529275426,0.15653864813312,0.24298490574665849,0.11760057110601875,0.130894775347301,0.23404499917572805,0.12855154442427896,0.154310708482081,0.27178920822352315
960.9375,4201.026,4238.462,4131.795,4142.564,4207.179,0.11607971460218786,0.15283319626757375,0.2184193006053897,0.16934125515920959,0.08944704736123531,0.2968542529275426,0.15653864813312,0.24298490574665849,0.11760057110601875,0.130894775347301,0.23404499917572805,0.12855154442427896,0.154310708482081,0.27178920822352315
968.75,4200.57,4233.504,4130.655,4140.57,4207.009,0.11607971460218786,0.15283319626757375,0.2184193006053897,0.16934125515920959,0.08944704736123531,0.2968542529275426,0.15653864813312,0.24298490574665849,0.11760057110601875,0.130894775347301,0.23404499917572805,0.12855154442427896,0.154310708482081,0.27178920822352315
976.5625,4200.114,4228.547,4129.516,4138.575,4206.838,0.11607971460218786,0.15283319626757375,0.2184193006053897,0.16934125515920959,0.08944704736123531,0.2968542529275426,0.15653864813312,0.24298490574665849,0.11760057110601875,0.130894775347301,0.23404499917572805,0.12855154442427896,0.154310708482081,0.27178920822352315
984.375,4199.658,4223.59,4128.376,4136.581,4206.667,0.11607971460218786,0.15283319626757375,0.2184193006053897,0.16934125515920959,0.08944704736123531,0.2968542529275426,0.15653864813312,0.24298490574665849,0.11760057110601875,0.130894775347301,0.23404499917572805,0.12855154442427896,0.154310708482081,0.27178920822352315
992.1875,4199.202,4218.632,4127.236,4134.587,4206.496,0.11607971460218786,0.15283319626757375,0.2184193006053897,0.16934125515920959,0.08944704736123531,0.2968542529275426,0.15653864813312,0.24298490574665849,0.11760057110601875,0.130894775347301,0.23404499917572805,0.12855154442427896,0.154310708482081,0.27178920822352315
1000.0,4198.746,4213.675,4126.097,4132.593,4206.325,0.11607971460218786,0.15283319626757375,0.2184193006053897,0.16934125515920959,0.08944704736123531,0.2968542529275426,0.15653864813312,0.24298490574665849,0.11760057110601875,0.130894775347301,0.23404499917572805,0.12855154442427896,0.154310708482081,0.27178920822352315
1007.8125,4198.291,4208.718,4124.957,4130.598,4206.154,0.11607971460218786,0.15283319626757375,0.2184193006053897,0.16934125515920959,0.08944704736123531,0.2968542529275426,0.15653864813312,0.24298490574665849,0.11760057110601875,0.130894775347301,0.23404499917572805,0.12855154442427896,0.154310708482081,0.27178920822352315
1015.625,4197.835,4203.761,4123.818,4128.604,4205.983,0.11607971460218786,0.15283319626757375,0.2184193006053897,0.16934125515920959,0.08944704736123531,0.2968542529275426,0.15653864813312,0.24298490574665849,0.11760057110601875,0.130894775347301,0.23404499917572805,0.12855154442427896,0.154310708482081,0.27178920822352315
1023.4375,4197.379,4198.803,4122.678,4126.61,4205.812,0.11607971460218786,0.15283319626757375,0.2184193006053897,0.16934125515920959,0.08944704736123531,0.2968542529275426,0.15653864813312,0.24298490574665849,0.11760057110601875,0.130894775347301,0.23404499917572805,0.12855154442427896,0.154310708482081,0.27178920822352315
1031.25,4196.923,4193.846,4121.538,4124.615,4205.641,0.11607971460218786,0.15283319626757375,0.2184193006053897,0.16934125515920959,0.08944704736123531,0.2968542529275426,0.15653864813312,0.24298490574665849,0.11760057110601875,0.130894775347301,0.23404499917572805,0.12855154442427896,0.154310708482081,0.27178920822352315
1039.0625,4219.487,4190.256,4143.077,4146.154,4202.564,0.11607971460218786,0.15283319626757375,0.2184193006053897,0.16934125515920959,0.08944704736123531,0.2968542529275426,0.15653864813312,0.24298490574665849,0.11760057110601875,0.130894775347301,0.23404499917572805,0.12855154442427896,0.154310708482081,0.27178920822352315
1046.875,4236.923,4192.821,4178.974,4155.385,4215.897,0.11607971460218786,0.15283319626757375,0.2184193006053897,0.16934125515920959,0.08944704736123531,0.2968542529275426,0.15653864813312,0.24298490574665849,0.11760057110601875,0.130894775347301,0.23404499917572805,0.12855154442427896,0.154310708482081,0.27178920822352315
1054.6875,4212.821,4174.872,4183.077,4126.667,4209.744,0.11607971460218786,0.15283319626757375,0.2184193006053897,0.16934125515920959,0.08944704736123531,0.2968542529275426,0.15653864813312,0.24298490574665849,0.11760057110601875,0.130894775347301,0.23404499917572805,0.12855154442427896,0.154310708482081,0.27178920822352315
1062.5,4181.538,4166.667,4155.897,4097.949,4185.128,0.11607971460218786,0.15283319626757375,0.2184193006053897,0.16934125515920959,0.08944704736123531,0.2968542529275426,0.15653864813312,0.24298490574665849,0.11760057110601875,0.130894775347301,0.23404499917572805,0.12855154442427896,0.154310708482081,0.27178920822352315
1070.3125,4191.282,4192.821,4139.487,4114.359,4193.846,0.11607971460218786,0.15283319626757375,0.2184193006053897,0.16934125515920959,0.08944704736123531,0.2968542529275426,0.15653864813312,0.24298490574665849,0.11760057110601875,0.130894775347301,0.23404499917572805,0.12855154442427896,0.154310708482081,0.27178920822352315
1078.125,4224.615,4216.923,4142.564,4148.718,4228.718,0.11607971460218786,0.15283319626757375,0.2184193006053897,0.16934125515920959,0.08944704736123531,0.2968542529275426,0.15653864813312,0.24298490574665849,0.11760057110601875,0.130894775347301,0.23404499917572805,0.12855154442427896,0.154310708482081,0.27178920822352315
1085.9375,4247.692,4215.385,4160.513,4158.462,4236.41,0.11607971460218786,0.15283319626757375,0.2184193006053897,0.16934125515920959,0.08944704736123531,0.2968542529275426,0.15653864813312,0.24298490574665849,0.11760057110601875,0.130894775347301,0.23404499917572805,0.12855154442427896,0.154310708482081,0.27178920822352315
1093.75,4251.282,4216.923,4184.615,4150.769,4227.179,0.11607971460218786,0.15283319626757375,0.2184193006053897,0.16934125515920959,0.08944704736123531,0.2968542529275426,0.15653864813312,0.24298490574665849,0.11760057110601875,0.130894775347301,0.23404499917572805,0.12855154442427896,0.154310708482081,0.27178920822352315
1101.5625,4238.462,4232.821,4183.077,4150.769,4231.795,0.11607971460218786,0.15283319626757375,0.2184193006053897,0.16934125515920959,0.08944704736123531,0.2968542529275426,0.15653864813312,0.24298490574665849,0.11760057110601875,0.130894775347301,0.23404499917572805,0.12855154442427896,0.154310708482081,0.27178920822352315
1109.375,4228.205,4234.872,4149.231,4161.538,4234.872,0.11607971460218786,0.15283319626757375,0.2184193006053897,0.16934125515920959,0.08944704736123531,0.2968542529275426,0.15653864813312,0.24298490574665849,0.11760057110601875,0.130894775347301,0.23404499917572805,0.12855154442427896,0.154310708482081,0.27178920822352315
1117.1875,4234.872,4210.769,4134.872,4170.256,4225.128,0.11607971460218786,0.15283319626757375,0.2184193006053897,0.16934125515920959,0.08944704736123531,0.2968542529275426,0.15653864813312,0.24298490574665849,0.11760057110601875,0.130894775347301,0.23404499917572805,0.12855154442427896,0.154310708482081,0.27178920822352315
1125.0,4251.795,4202.564,4169.231,4170.769,4227.179,0.11607971460218786,0.15283319626757375,0.2184193006053897,0.16934125515920959,0.08944704736123531,0.2968542529275426,0.15653864813312,0.24298490574665849,0.11760057110601875,0.130894775347301,0.23404499917572805,0.12855154442427896,0.154310708482081,0.27178920822352315
1132.8125,4249.231,4223.59,4200.0,4161.538,4236.41,0.11607971460218786,0.15283319626757375,0.2184193006053897,0.16934125515920959,0.08944704736123531,0.2968542529275426,0.15653864813312,0.24298490574665849,0.11760057110601875,0.130894775347301,0.23404499917572805,0.12855154442427896,0.154310708482081,0.27178920822352315
1140.625,4233.333,4244.615,4183.59,4156.923,4239.487,0.11607971460218786,0.15283319626757375,0.2184193006053897,0.16934125515920959,0.08944704736123531,0.2968542529275426,0.15653864813312,0.24298490574665849,0.11760057110601875,0.130894775347301,0.23404499917572805,0.12855154442427896,0.154310708482081,0.27178920822352315
1148.4375,4249.231,4250.769,4169.231,4178.974,4250.256,0.11607971460218786,0.15283319626757375,0.2184193006053897,0.16934125515920959,0.08944704736123531,0.2968542529275426,0.15653864813312,0.24298490574665849,0.11760057110601875,0.130894775347301,0.23404499917572805,0.12855154442427896,0.154310708482081,0.27178920822352315
1156.25,4274.359,4230.256,4185.128,4195.385,4252.308,0.11607971460218786,0.15283319626757375,0.2184193006053897,0.16934125515920959,0.08944704736123531,0.2968542529275426,0.15653864813312,0.24298490574665849,0.11760057110601875,0.130894775347301,0.23404499917572805,0.12855154442427896,0.154310708482081,0.27178920822352315
1164.0625,4259.487,4214.359,4194.872,4175.385,4242.051,0.11607971460218786,0.15283319626757375,0.2184193006053897,0.16934125515920959,0.08944704736123531,0.2968542529275426,0.15653864813312,0.24298490574665849,0.11760057110601875,0.130894775347301,0.23404499917572805,0.12855154442427896,0.154310708482081,0.27178920822352315
1171.875,4229.744,4231.795,4174.872,4164.103,4246.154,0.11607971460218786,0.15283319626757375,0.2184193006053897,0.16934125515920959,0.08944704736123531,0.2968542529275426,0.15653864813312,0.24298490574665849,0.11760057110601875,0.130894775347301,0.23404499917572805,0.12855154442427896,0.154310708482081,0.27178920822352315
1179.6875,4234.359,4237.436,4160.513,4185.128,4260.0,0.11607971460218786,0.15283319626757375,0.2184193006053897,0.16934125515920959,0.08944704736123531,0.2968542529275426,0.15653864813312,0.24298490574665849,0.11760057110601875,0.130894775347301,0.23404499917572805,0.12855154442427896,0.154310708482081,0.27178920822352315
1187.5,4264.103,4216.41,4185.641,4194.359,4264.615,0.11607971460218786,0.15283319626757375,0.2184193006053897,0.16934125515920959,0.08944704736123531,0.2968542529275426,0.15653864813312,0.24298490574665849,0.11760057110601875,0.130894775347301,0.23404499917572805,0.12855154442427896,0.154310708482081,0.27178920822352315
1195.3125,4273.846,4218.974,4212.821,4175.897,4263.59,0.11607971460218786,0.15283319626757375,0.2184193006053897,0.16934125515920959,0.08944704736123531,0.2968542529275426,0.15653864813312,0.24298490574665849,0.11760057110601875,0.130894775347301,0.23404499917572805,0.12855154442427896,0.154310708482081,0.27178920822352315
1203.125,4247.692,4241.538,4192.308,4165.641,4259.487,0.11607971460218786,0.15283319626757375,0.2184193006053897,0.16934125515920959,0.08944704736123531,0.2968542529275426,0.15653864813312,0.24298490574665849,0.11760057110601875,0.130894775347301,0.23404499917572805,0.12855154442427896,0.154310708482081,0.27178920822352315
1210.9375,4220.513,4229.231,4148.718,4169.231,4247.692,0.11607971460218786,0.15283319626757375,0.2184193006053897,0.16934125515920959,0.08944704736123531,0.2968542529275426,0.15653864813312,0.24298490574665849,0.11760057110601875,0.130894775347301,0.23404499917572805,0.12855154442427896,0.154310708482081,0.27178920822352315
1218.75,4216.923,4186.667,4131.795,4167.179,4222.564,0.11607971460218786,0.15283319626757375,0.2184193006053897,0.16934125515920959,0.08944704736123531,0.2968542529275426,0.15653864813312,0.24298490574665849,0.11760057110601875,0.130894775347301,0.23404499917572805,0.12855154442427896,0.154310708482081,0.27178920822352315
1226.5625,4216.923,4164.615,4149.744,4149.231,4195.897,0.11607971460218786,0.15283319626757375,0.2184193006053897,0.16934125515920959,0.08944704736123531,0.2968542529275426,0.15653864813312,0.24298490574665849,0.11760057110601875,0.130894775347301,0.23404499917572805,0.12855154442427896,0.154310708482081,0.27178920822352315
1234.375,4208.718,4186.154,4166.154,4131.282,4197.949,0.11607971460218786,0.15283319626757375,0.2184193006053897,0.16934125515920959,0.08944704736123531,0.2968542529275426,0.15653864813312,0.24298490574665849,0.11760057110601875,0.130894775347301,0.23404499917572805,0.12855154442427896,0.154310708482081,0.27178920822352315
1242.1875,4229.231,4225.641,4161.538,4153.333,4233.846,0.11607971460218786,0.15283319626757375,0.2184193006053897,0.16934125515920959,0.08944704736123531,0.2968542529275426,0.15653864813312,0.24298490574665849,0.11760057110601875,0.130894775347301,0.23404499917572805,0.12855154442427896,0.154310708482081,0.27178920822352315
1250.0,4277.949,4234.872,4174.872,4187.692,4258.462,0.11607971460218786,0.15283319626757375,0.2184193006053897,0.16934125515920959,0.08944704736123531,0.2968542529275426,0.15653864813312,0.24298490574665849,0.11760057110601875,0.130894775347301,0.23404499917572805,0.12855154442427896,0.154310708482081,0.27178920822352315
1257.8125,4301.026,4243.077,4221.026,4191.282,4271.282,0.11607971460218786,0.15283319626757375,0.2184193006053897,0.16934125515920959,0.08944704736123531,0.2968542529275426,0.15653864813312,0.24298490574665849,0.11760057110601875,0.130894775347301,0.23404499917572805,0.12855154442427896,0.154310708482081,0.27178920822352315
1265.625,4306.667,4275.385,4241.026,4204.103,4309.231,0.11607971460218786,0.15283319626757375,0.2184193006053897,0.16934125515920959,0.08944704736123531,0.2968542529275426,0.15653864813312,0.24298490574665849,0.11760057110601875,0.130894775347301,0.23404499917572805,0.12855154442427896,0.154310708482081,0.27178920822352315
1273.4375,4314.872,4266.667,4229.744,4226.667,4316.41,0.11607971460218786,0.15283319626757375,0.2184193006053897,0.16934125515920959,0.08944704736123531,0.2968542529275426,0.15653864813312,0.24298490574665849,0.11760057110601875,0.130894775347301,0.23404499917572805,0.12855154442427896,0.154310708482081,0.27178920822352315
1281.25,4298.974,4233.333,4235.385,4211.282,4271.282,0.11607971460218786,0.15283319626757375,0.2184193006053897,0.16934125515920959,0.08944704736123531,0.2968542529275426,0.15653864813312,0.24298490574665849,0.11760057110601875,0.130894775347301,0.23404499917572805,0.12855154442427896,0.154310708482081,0.27178920822352315
1289.0625,4261.538,4245.641,4220.513,4191.282,4258.462,0.11607971460218786,0.15283319626757375,0.2184193006053897,0.16934125515920959,0.08944704736123531,0.2968542529275426,0.15653864813312,0.24298490574665849,0.11760057110601875,0.130894775347301,0.23404499917572805,0.12855154442427896,0.154310708482081,0.27178920822352315
1296.875,4243.077,4246.154,4166.667,4196.41,4263.59,0.11607971460218786,0.15283319626757375,0.2184193006053897,0.16934125515920959,0.08944704736123531,0.2968542529275426,0.15653864813312,0.24298490574665849,0.11760057110601875,0.130894775347301,0.23404499917572805,0.12855154442427896,0.154310708482081,0.27178920822352315
1304.6875,4255.385,4214.359,4170.769,4194.872,4233.333,0.11607971460218786,0.15283319626757375,0.2184193006053897,0.16934125515920959,0.08944704736123531,0.2968542529275426,0.15653864813312,0.24298490574665849,0.11760057110601875,0.130894775347301,0.23404499917572805,0.12855154442427896,0.154310708482081,0.27178920822352315
1312.5,4255.385,4225.641,4212.821,4177.949,4218.462,0.11607971460218786,0.15283319626757375,0.2184193006053897,0.16934125515920959,0.08944704736123531,0.2968542529275426,0.15653864813312,0.24298490574665849,0.11760057110601875,0.130894775347301,0.23404499917572805,0.12855154442427896,0.154310708482081,0.27178920822352315
1320.3125,4234.872,4251.795,4191.282,4168.718,4239.487,0.11607971460218786,0.15283319626757375,0.2184193006053897,0.16934125515920959,0.08944704736123531,0.2968542529275426,0.15653864813312,0.24298490574665849,0.11760057110601875,0.130894775347301,0.23404499917572805,0.12855154442427896,0.154310708482081,0.27178920822352315
1328.125,4238.462,4230.256,4163.59,4172.308,4233.846,0.11607971460218786,0.15283319626757375,0.2184193006053897,0.16934125515920959,0.08944704736123531,0.2968542529275426,0.15653864813312,0.24298490574665849,0.11760057110601875,0.130894775347301,0.23404499917572805,0.12855154442427896,0.154310708482081,0.27178920822352315
1335.9375,4260.513,4218.462,4193.846,4177.436,4221.026,0.11607971460218786,0.15283319626757375,0.2184193006053897,0.16934125515920959,0.08944704736123531,0.2968542529275426,0.15653864813312,0.24298490574665849,0.11760057110601875,0.130894775347301,0.23404499917572805,0.12855154442427896,0.154310708482081,0.27178920822352315
1343.75,4261.538,4247.692,4199.487,4181.538,4248.205,0.11607971460218786,0.15283319626757375,0.2184193006053897,0.16934125515920959,0.08944704736123531,0.2968542529275426,0.15653864813312,0.24298490574665849,0.11760057110601875,0.130894775347301,0.23404499917572805,0.12855154442427896,0.154310708482081,0.27178920822352315
1351.5625,4263.59,4246.154,4176.41,4185.641,4265.128,0.11607971460218786,0.15283319626757375,0.2184193006053897,0.16934125515920959,0.08944704736123531,0.2968542529275426,0.15653864813312,0.24298490574665849,0.11760057110601875,0.130894775347301,0.23404499917572805,0.12855154442427896,0.154310708482081,0.27178920822352315
1359.375,4266.838,4248.718,4179.886,4188.718,4267.066,0.11607971460218786,0.15283319626757375,0.2184193006053897,0.16934125515920959,0.08944704736123531,0.2968542529275426,0.15653864813312,0.24298490574665849,0.11760057110601875,0.130894775347301,0.23404499917572805,0.12855154442427896,0.154310708482081,0.27178920822352315
1367.1875,4270.085,4251.282,4183.362,4191.795,4269.003,0.11607971460218786,0.15283319626757375,0.2184193006053897,0.16934125515920959,0.08944704736123531,0.2968542529275426,0.15653864813312,0.24298490574665849,0.11760057110601875,0.130894775347301,0.23404499917572805,0.12855154442427896,0.154310708482081,0.27178920822352315
1375.0,4273.333,4253.846,4186.838,4194.872,4270.94,0.11607971460218786,0.15283319626757375,0.2184193006053897,0.16934125515920959,0.08944704736123531,0.2968542529275426,0.15653864813312,0.24298490574665849,0.11760057110601875,0.130894775347301,0.23404499917572805,0.12855154442427896,0.154310708482081,0.27178920822352315
1382.8125,4276.581,4256.41,4190.313,4197.949,4272.877,0.11607971460218786,0.15283319626757375,0.2184193006053897,0.16934125515920959,0.08944704736123531,0.2968542529275426,0.15653864813312,0.24298490574665849,0.11760057110601875,0.130894775347301,0.23404499917572805,0.12855154442427896,0.154310708482081,0.27178920822352315
1390.625,4279.829,4258.974,4193.789,4201.026,4274.815,0.11607971460218786,0.15283319626757375,0.2184193006053897,0.16934125515920959,0.08944704736123531,0.2968542529275426,0.15653864813312,0.24298490574665849,0.11760057110601875,0.130894775347301,0.23404499917572805,0.12855154442427896,0.154310708482081,0.27178920822352315
1398.4375,4283.077,4261.538,4197.265,4204.103,4276.752,0.11607971460218786,0.15283319626757375,0.2184193006053897,0.16934125515920959,0.08944704736123531,0.2968542529275426,0.15653864813312,0.24298490574665849,0.11760057110601875,0.130894775347301,0.23404499917572805,0.12855154442427896,0.154310708482081,0.27178920822352315
1406.25,4286.325,4264.103,4200.741,4207.179,4278.689,0.11607971460218786,0.15283319626757375,0.2184193006053897,0.16934125515920959,0.08944704736123531,0.2968542529275426,0.15653864813312,0.24298490574665849,0.11760057110601875,0.130894775347301,0.23404499917572805,0.12855154442427896,0.154310708482081,0.27178920822352315
1414.0625,4289.573,4266.667,4204.217,4210.256,4280.627,0.11607971460218786,0.15283319626757375,0.2184193006053897,0.16934125515920959,0.08944704736123531,0.2968542529275426,0.15653864813312,0.24298490574665849,0.11760057110601875,0.130894775347301,0.23404499917572805,0.12855154442427896,0.154310708482081,0.27178920822352315
1421.875,4292.821,4269.231,4207.692,4213.333,4282.564,0.11607971460218786,0.15283319626757375,0.2184193006053897,0.16934125515920959,0.08944704736123531,0.2968542529275426,0.15653864813312,0.24298490574665849,0.11760057110601875,0.130894775347301,0.23404499917572805,0.12855154442427896,0.154310708482081,0.27178920822352315
1429.6875,4320.0,4282.051,4221.026,4231.282,4308.718,0.11607971460218786,0.15283319626757375,0.2184193006053897,0.16934125515920959,0.08944704736123531,0.2968542529275426,0.15653864813312,0.24298490574665849,0.11760057110601875,0.130894775347301,0.23404499917572805,0.12855154442427896,0.154310708482081,0.27178920822352315
1437.5,4326.154,4293.333,4236.923,4234.359,4310.769,0.11607971460218786,0.15283319626757375,0.2184193006053897,0.16934125515920959,0.08944704736123531,0.2968542529275426,0.15653864813312,0.24298490574665849,0.11760057110601875,0.130894775347301,0.23404499917572805,0.12855154442427896,0.154310708482081,0.27178920822352315
1445.3125,4320.513,4291.282,4233.846,4229.744,4295.897,0.11607971460218786,0.15283319626757375,0.2184193006053897,0.16934125515920959,0.08944704736123531,0.2968542529275426,0.15653864813312,0.24298490574665849,0.11760057110601875,0.130894775347301,0.23404499917572805,0.12855154442427896,0.154310708482081,0.27178920822352315
1453.125,4332.821,4299.487,4237.436,4239.487,4314.359,0.11607971460218786,0.15283319626757375,0.2184193006053897,0.16934125515920959,0.08944704736123531,0.2968542529275426,0.15653864813312,0.24298490574665849,0.11760057110601875,0.130894775347301,0.23404499917572805,0.12855154442427896,0.154310708482081,0.27178920822352315
1460.9375,4333.846,4290.256,4228.205,4237.436,4321.538,0.11607971460218786,0.15283319626757375,0.2184193006053897,0.16934125515920959,0.08944704736123531,0.2968542529275426,0.15653864813312,0.24298490574665849,0.11760057110601875,0.130894775347301,0.23404499917572805,0.12855154442427896,0.154310708482081,0.27178920822352315
1468.75,4316.41,4264.103,4214.872,4218.462,4283.59,0.11607971460218786,0.15283319626757375,0.2184193006053897,0.16934125515920959,0.08944704736123531,0.2968542529275426,0.15653864813312,0.24298490574665849,0.11760057110601875,0.130894775347301,0.23404499917572805,0.12855154442427896,0.154310708482081,0.27178920822352315
1476.5625,4316.923,4274.872,4230.256,4231.282,4280.513,0.11607971460218786,0.15283319626757375,0.2184193006053897,0.16934125515920959,0.08944704736123531,0.2968542529275426,0.15653864813312,0.24298490574665849,0.11760057110601875,0.130894775347301,0.23404499917572805,0.12855154442427896,0.154310708482081,0.27178920822352315
1484.375,4336.41,4289.231,4250.769,4258.974,4312.821,0.11607971460218786,0.15283319626757375,0.2184193006053897,0.16934125515920959,0.08944704736123531,0.2968542529275426,0.15653864813312,0.24298490574665849,0.11760057110601875,0.130894775347301,0.23404499917572805,0.12855154442427896,0.154310708482081,0.27178920822352315
1492.1875,4320.513,4264.103,4239.487,4232.821,4283.077,0.11607971460218786,0.15283319626757375,0.2184193006053897,0.16934125515920959,0.08944704736123531,0.2968542529275426,0.15653864813312,0.24298490574665849,0.11760057110601875,0.130894775347301,0.23404499917572805,0.12855154442427896,0.154310708482081,0.27178920822352315
1500.0,4290.769,4256.923,4219.487,4203.59,4240.0,0.11607971460218786,0.15283319626757375,0.2184193006053897,0.16934125515920959,0.08944704736123531,0.2968542529275426,0.15653864813312,0.24298490574665849,0.11760057110601875,0.130894775347301,0.23404499917572805,0.12855154442427896,0.154310708482081,0.27178920822352315
1507.8125,4315.897,4284.103,4236.41,4234.359,4266.667,0.11607971460218786,0.15283319626757375,0.2184193006053897,0.16934125515920959,0.08944704736123531,0.2968542529275426,0.15653864813312,0.24298490574665849,0.11760057110601875,0.130894775347301,0.23404499917572805,0.12855154442427896,0.154310708482081,0.27178920822352315
1515.625,4338.974,4299.487,4253.846,4251.282,4287.692,0.11607971460218786,0.15283319626757375,0.2184193006053897,0.16934125515920959,0.08944704736123531,0.2968542529275426,0.15653864813312,0.24298490574665849,0.11760057110601875,0.130894775347301,0.23404499917572805,0.12855154442427896,0.154310708482081,0.27178920822352315
1523.4375,4311.282,4291.795,4232.308,4229.744,4257.949,0.11607971460218786,0.15283319626757375,0.2184193006053897,0.16934125515920959,0.08944704736123531,0.2968542529275426,0.15653864813312,0.24298490574665849,0.11760057110601875,0.130894775347301,0.23404499917572805,0.12855154442427896,0.154310708482081,0.27178920822352315
1531.25,4299.487,4284.103,4228.205,4224.103,4238.974,0.11607971460218786,0.15283319626757375,0.2184193006053897,0.16934125515920959,0.08944704736123531,0.2968542529275426,0.15653864813312,0.24298490574665849,0.11760057110601875,0.130894775347301,0.23404499917572805,0.12855154442427896,0.154310708482081,0.27178920822352315
1539.0625,4316.923,4294.872,4247.179,4239.487,4254.359,0.11607971460218786,0.15283319626757375,0.2184193006053897,0.16934125515920959,0.08944704736123531,0.2968542529275426,0.15653864813312,0.24298490574665849,0.11760057110601875,0.130894775347301,0.23404499917572805,0.12855154442427896,0.154310708482081,0.27178920822352315
1546.875,4321.538,4304.103,4236.41,4242.564,4267.179,0.11607971460218786,0.15283319626757375,0.2184193006053897,0.16934125515920959,0.08944704736123531,0.2968542529275426,0.15653864813312,0.24298490574665849,0.11760057110601875,0.130894775347301,0.23404499917572805,0.12855154442427896,0.154310708482081,0.27178920822352315
1554.6875,4313.846,4297.949,4216.41,4228.205,4263.077,0.11607971460218786,0.15283319626757375,0.2184193006053897,0.16934125515920959,0.08944704736123531,0.2968542529275426,0.15653864813312,0.24298490574665849,0.11760057110601875,0.130894775347301,0.23404499917572805,0.12855154442427896,0.154310708482081,0.27178920822352315
1562.5,4306.667,4287.692,4198.974,4217.436,4260.513,0.11607971460218786,0.15283319626757375,0.2184193006053897,0.16934125515920959,0.08944704736123531,0.2968542529275426,0.15653864813312,0.24298490574665849,0.11760057110601875,0.130894775347301,0.23404499917572805,0.12855154442427896,0.154310708482081,0.27178920822352315
1570.3125,4312.821,4284.103,4203.077,4222.051,4263.59,0.11607971460218786,0.15283319626757375,0.2184193006053897,0.16934125515920959,0.08944704736123531,0.2968542529275426,0.15653864813312,0.24298490574665849,0.11760057110601875,0.130894775347301,0.23404499917572805,0.12855154442427896,0.154310708482081,0.27178920822352315
1578.125,4314.872,4290.256,4224.103,4218.462,4260.513,0.11607971460218786,0.15283319626757375,0.2184193006053897,0.16934125515920959,0.08944704736123531,0.2968542529275426,0.15653864813312,0.24298490574665849,0.11760057110601875,0.130894775347301,0.23404499917572805,0.12855154442427896,0.154310708482081,0.27178920822352315
1585.9375,4291.795,4270.769,4193.846,4197.436,4248.718,0.11607971460218786,0.15283319626757375,0.2184193006053897,0.16934125515920959,0.08944704736123531,0.2968542529275426,0.15653864813312,0.24298490574665849,0.11760057110601875,0.130894775347301,0.23404499917572805,0.12855154442427896,0.154310708482081,0.27178920822352315
1593.75,4283.59,4228.205,4164.615,4189.744,4229.231,0.11607971460218786,0.15283319626757375,0.2184193006053897,0.16934125515920959,0.08944704736123531,0.2968542529275426,0.15653864813312,0.24298490574665849,0.11760057110601875,0.130894775347301,0.23404499917572805,0.12855154442427896,0.154310708482081,0.27178920822352315
1601.5625,4298.462,4240.513,4196.41,4198.462,4227.179,0.11607971460218786,0.15283319626757375,0.2184193006053897,0.16934125515920959,0.08944704736123531,0.2968542529275426,0.15653864813312,0.24298490574665849,0.11760057110601875,0.130894775347301,0.23404499917572805,0.12855154442427896,0.154310708482081,0.27178920822352315
1609.375,4305.128,4287.692,4209.231,4212.821,4262.051,0.11607971460218786,0.15283319626757375,0.2184193006053897,0.16934125515920959,0.08944704736123531,0.2968542529275426,0.15653864813312,0.24298490574665849,0.11760057110601875,0.130894775347301,0.23404499917572805,0.12855154442427896,0.154310708482081,0.27178920822352315
1617.1875,4305.641,4267.692,4189.744,4213.846,4266.667,0.11607971460218786,0.15283319626757375,0.2184193006053897,0.16934125515920959,0.08944704736123531,0.2968542529275426,0.15653864813312,0.24298490574665849,0.11760057110601875,0.130894775347301,0.23404499917572805,0.12855154442427896,0.154310708482081,0.27178920822352315
1625.0,4286.154,4233.846,4187.179,4179.487,4228.718,0.11607971460218786,0.15283319626757375,0.2184193006053897,0.16934125515920959,0.08944704736123531,0.2968542529275426,0.15653864813312,0.24298490574665849,0.11760057110601875,0.130894775347301,0.23404499917572805,0.12855154442427896,0.154310708482081,0.27178920822352315
1632.8125,4266.667,4248.718,4167.179,4167.179,4231.282,0.11607971460218786,0.15283319626757375,0.2184193006053897,0.16934125515920959,0.08944704736123531,0.2968542529275426,0.15653864813312,0.24298490574665849,0.11760057110601875,0.130894775347301,0.23404499917572805,0.12855154442427896,0.154310708482081,0.27178920822352315
1640.625,4295.385,4254.872,4158.974,4200.0,4256.41,0.11607971460218786,0.15283319626757375,0.2184193006053897,0.16934125515920959,0.08944704736123531,0.2968542529275426,0.15653864813312,0.24298490574665849,0.11760057110601875,0.130894775347301,0.23404499917572805,0.12855154442427896,0.154310708482081,0.27178920822352315
1648.4375,4316.41,4258.462,4198.974,4211.282,4249.744,0.11607971460218786,0.15283319626757375,0.2184193006053897,0.16934125515920959,0.08944704736123531,0.2968542529275426,0.15653864813312,0.24298490574665849,0.11760057110601875,0.130894775347301,0.23404499917572805,0.12855154442427896,0.154310708482081,0.27178920822352315
1656.25,4297.436,4282.564,4207.179,4198.462,4246.667,0.11607971460218786,0.15283319626757375,0.2184193006053897,0.16934125515920959,0.08944704736123531,0.2968542529275426,0.15653864813312,0.24298490574665849,0.11760057110601875,0.130894775347301,0.23404499917572805,0.12855154442427896,0.154310708482081,0.27178920822352315
1664.0625,4297.949,4277.949,4185.128,4205.641,4249.231,0.11607971460218786,0.15283319626757375,0.2184193006053897,0.16934125515920959,0.08944704736123531,0.2968542529275426,0.15653864813312,0.24298490574665849,0.11760057110601875,0.130894775347301,0.23404499917572805,0.12855154442427896,0.154310708482081,0.27178920822352315
1671.875,4301.538,4264.103,4192.308,4204.615,4235.385,0.11607971460218786,0.15283319626757375,0.2184193006053897,0.16934125515920959,0.08944704736123531,0.2968542529275426,0.15653864813312,0.24298490574665849,0.11760057110601875,0.130894775347301,0.23404499917572805,0.12855154442427896,0.154310708482081,0.27178920822352315
1679.6875,4272.308,4267.179,4176.923,4186.667,4231.795,0.11607971460218786,0.15283319626757375,0.2184193006053897,0.16934125515920959,0.08944704736123531,0.2968542529275426,0.15653864813312,0.24298490574665849,0.11760057110601875,0.130894775347301,0.23404499917572805,0.12855154442427896,0.154310708482081,0.27178920822352315
1687.5,4257.436,4245.128,4149.231,4188.718,4224.615,0.11607971460218786,0.15283319626757375,0.2184193006053897,0.16934125515920959,0.08944704736123531,0.2968542529275426,0.15653864813312,0.24298490574665849,0.11760057110601875,0.130894775347301,0.23404499917572805,0.12855154442427896,0.154310708482081,0.27178920822352315
1695.3125,4265.641,4227.179,4175.897,4192.821,4202.564,0.11607971460218786,0.15283319626757375,0.2184193006053897,0.16934125515920959,0.08944704736123531,0.2968542529275426,0.15653864813312,0.24298490574665849,0.11760057110601875,0.130894775347301,0.23404499917572805,0.12855154442427896,0.154310708482081,0.27178920822352315
1703.125,4267.692,4258.974,4197.436,4193.333,4229.231,0.11607971460218786,0.15283319626757375,0.2184193006053897,0.16934125515920959,0.08944704736123531,0.2968542529275426,0.15653864813312,0.24298490574665849,0.11760057110601875,0.130894775347301,0.23404499917572805,0.12855154442427896,0.154310708482081,0.27178920822352315
1710.9375,4282.564,4264.103,4170.256,4209.231,4261.026,0.11607971460218786,0.15283319626757375,0.2184193006053897,0.16934125515920959,0.08944704736123531,0.2968542529275426,0.15653864813312,0.24298490574665849,0.11760057110601875,0.130894775347301,0.23404499917572805,0.12855154442427896,0.154310708482081,0.27178920822352315
1718.75,4281.538,4216.923,4165.128,4196.41,4217.949,0.11607971460218786,0.15283319626757375,0.2184193006053897,0.16934125515920959,0.08944704736123531,0.2968542529275426,0.15653864813312,0.24298490574665849,0.11760057110601875,0.130894775347301,0.23404499917572805,0.12855154442427896,0.154310708482081,0.27178920822352315
1726.5625,4244.103,4212.821,4174.872,4162.051,4192.308,0.11607971460218786,0.15283319626757375,0.2184193006053897,0.16934125515920959,0.08944704736123531,0.2968542529275426,0.15653864813312,0.24298490574665849,0.11760057110601875,0.130894775347301,0.23404499917572805,0.12855154442427896,0.154310708482081,0.27178920822352315
1734.375,4242.564,4246.154,4151.795,4175.385,4233.333,0.11607971460218786,0.15283319626757375,0.2184193006053897,0.16934125515920959,0.08944704736123531,0.2968542529275426,0.15653864813312,0.24298490574665849,0.11760057110601875,0.130894775347301,0.23404499917572805,0.12855154442427896,0.154310708482081,0.27178920822352315
1742.1875,4277.436,4231.282,4142.051,4190.256,4227.179,0.11607971460218786,0.15283319626757375,0.2184193006053897,0.16934125515920959,0.08944704736123531,0.2968542529275426,0.15653864813312,0.24298490574665849,0.11760057110601875,0.130894775347301,0.23404499917572805,0.12855154442427896,0.154310708482081,0.27178920822352315
1750.0,4268.205,4207.179,4159.487,4155.385,4180.0,0.11607971460218786,0.15283319626757375,0.2184193006053897,0.16934125515920959,0.08944704736123531,0.2968542529275426,0.15653864813312,0.24298490574665849,0.11760057110601875,0.130894775347301,0.23404499917572805,0.12855154442427896,0.154310708482081,0.27178920822352315
1757.8125,4245.641,4235.897,4158.462,4151.282,4198.462,0.11607971460218786,0.15283319626757375,0.2184193006053897,0.16934125515920959,0.08944704736123531,0.2968542529275426,0.15653864813312,0.24298490574665849,0.11760057110601875,0.130894775347301,0.23404499917572805,0.12855154442427896,0.154310708482081,0.27178920822352315
1765.625,4269.231,4254.872,4156.41,4193.333,4233.333,0.11607971460218786,0.15283319626757375,0.2184193006053897,0.16934125515920959,0.08944704736123531,0.2968542529275426,0.15653864813312,0.24298490574665849,0.11760057110601875,0.130894775347301,0.23404499917572805,0.12855154442427896,0.154310708482081,0.27178920822352315
1773.4375,4276.923,4226.667,4169.744,4190.769,4222.051,0.11607971460218786,0.15283319626757375,0.2184193006053897,0.16934125515920959,0.08944704736123531,0.2968542529275426,0.15653864813312,0.24298490574665849,0.11760057110601875,0.130894775347301,0.23404499917572805,0.12855154442427896,0.154310708482081,0.27178920822352315
1781.25,4261.538,4228.205,4167.179,4177.949,4230.769,0.11607971460218786,0.15283319626757375,0.2184193006053897,0.16934125515920959,0.08944704736123531,0.2968542529275426,0.15653864813312,0.24298490574665849,0.11760057110601875,0.130894775347301,0.23404499917572805,0.12855154442427896,0.154310708482081,0.27178920822352315
1789.0625,4284.615,4255.385,4171.282,4212.308,4256.41,0.11607971460218786,0.15283319626757375,0.2184193006053897,0.16934125515920959,0.08944704736123531,0.2968542529275426,0.15653864813312,0.24298490574665849,0.11760057110601875,0.130894775347301,0.23404499917572805,0.12855154442427896,0.154310708482081,0.27178920822352315
1796.875,4295.385,4250.256,4195.385,4220.0,4237.436,0.11607971460218786,0.15283319626757375,0.2184193006053897,0.16934125515920959,0.08944704736123531,0.2968542529275426,0.15653864813312,0.24298490574665849,0.11760057110601875,0.130894775347301,0.23404499917572805,0.12855154442427896,0.154310708482081,0.27178920822352315
1804.6875,4273.846,4250.769,4193.333,4195.385,4222.051,0.11607971460218786,0.15283319626757375,0.2184193006053897,0.16934125515920959,0.08944704736123531,0.2968542529275426,0.15653864813312,0.24298490574665849,0.11760057110601875,0.130894775347301,0.23404499917572805,0.12855154442427896,0.154310708482081,0.27178920822352315
1812.5,4293.333,4269.231,4186.154,4200.0,4239.487,0.11607971460218786,0.15283319626757375,0.2184193006053897,0.16934125515920959,0.08944704736123531,0.2968542529275426,0.15653864813312,0.24298490574665849,0.11760057110601875,0.130894775347301,0.23404499917572805,0.12855154442427896,0.154310708482081,0.27178920822352315
1820.3125,4320.513,4275.897,4206.667,4214.359,4251.282,0.11607971460218786,0.15283319626757375,0.2184193006053897,0.16934125515920959,0.08944704736123531,0.2968542529275426,0.15653864813312,0.24298490574665849,0.11760057110601875,0.130894775347301,0.23404499917572805,0.12855154442427896,0.154310708482081,0.27178920822352315
1828.125,4303.077,4263.59,4205.641,4213.846,4248.718,0.11607971460218786,0.15283319626757375,0.2184193006053897,0.16934125515920959,0.08944704736123531,0.2968542529275426,0.15653864813312,0.24298490574665849,0.11760057110601875,0.130894775347301,0.23404499917572805,0.12855154442427896,0.154310708482081,0.27178920822352315
1835.9375,4286.154,4250.769,4188.718,4210.769,4239.487,0.11607971460218786,0.15283319626757375,0.2184193006053897,0.16934125515920959,0.08944704736123531,0.2968542529275426,0.15653864813312,0.24298490574665849,0.11760057110601875,0.130894775347301,0.23404499917572805,0.12855154442427896,0.154310708482081,0.27178920822352315
1843.75,4296.923,4264.103,4204.103,4217.949,4249.744,0.11607971460218786,0.15283319626757375,0.2184193006053897,0.16934125515920959,0.08944704736123531,0.2968542529275426,0.15653864813312,0.24298490574665849,0.11760057110601875,0.130894775347301,0.23404499917572805,0.12855154442427896,0.154310708482081,0.27178920822352315
1851.5625,4316.923,4284.615,4227.692,4233.846,4282.051,0.11607971460218786,0.15283319626757375,0.2184193006053897,0.16934125515920959,0.08944704736123531,0.2968542529275426,0.15653864813312,0.24298490574665849,0.11760057110601875,0.130894775347301,0.23404499917572805,0.12855154442427896,0.154310708482081,0.27178920822352315
1859.375,4308.718,4267.692,4212.308,4222.564,4265.128,0.11607971460218786,0.15283319626757375,0.2184193006053897,0.16934125515920959,0.08944704736123531,0.2968542529275426,0.15653864813312,0.24298490574665849,0.11760057110601875,0.130894775347301,0.23404499917572805,0.12855154442427896,0.154310708482081,0.27178920822352315
1867.1875,4265.641,4238.462,4164.103,4175.385,4213.333,0.11607971460218786,0.15283319626757375,0.2184193006053897,0.16934125515920959,0.08944704736123531,0.2968542529275426,0.15653864813312,0.24298490574665849,0.11760057110601875,0.130894775347301,0.23404499917572805,0.12855154442427896,0.154310708482081,0.27178920822352315
1875.0,4256.41,4231.282,4138.974,4166.154,4218.462,0.11607971460218786,0.15283319626757375,0.2184193006053897,0.16934125515920959,0.08944704736123531,0.2968542529275426,0.15653864813312,0.24298490574665849,0.11760057110601875,0.130894775347301,0.23404499917572805,0.12855154442427896,0.154310708482081,0.27178920822352315
1882.8125,4281.538,4213.846,4164.615,4171.795,4231.795,0.11607971460218786,0.15283319626757375,0.2184193006053897,0.16934125515920959,0.08944704736123531,0.2968542529275426,0.15653864813312,0.24298490574665849,0.11760057110601875,0.130894775347301,0.23404499917572805,0.12855154442427896,0.154310708482081,0.27178920822352315
1890.625,4273.846,4213.333,4181.026,4148.205,4225.641,0.11607971460218786,0.15283319626757375,0.2184193006053897,0.16934125515920959,0.08944704736123531,0.2968542529275426,0.15653864813312,0.24298490574665849,0.11760057110601875,0.130894775347301,0.23404499917572805,0.12855154442427896,0.154310708482081,0.27178920822352315
1898.4375,4274.872,4235.897,4163.077,4162.564,4251.282,0.11607971460218786,0.15283319626757375,0.2184193006053897,0.16934125515920959,0.08944704736123531,0.2968542529275426,0.15653864813312,0.24298490574665849,0.11760057110601875,0.130894775347301,0.23404499917572805,0.12855154442427896,0.154310708482081,0.27178920822352315
1906.25,4296.41,4223.59,4161.026,4182.564,4251.282,0.11607971460218786,0.15283319626757375,0.2184193006053897,0.16934125515920959,0.08944704736123531,0.2968542529275426,0.15653864813312,0.24298490574665849,0.11760057110601875,0.130894775347301,0.23404499917572805,0.12855154442427896,0.154310708482081,0.27178920822352315
1914.0625,4296.41,4215.385,4178.462,4167.692,4229.744,0.11607971460218786,0.15283319626757375,0.2184193006053897,0.16934125515920959,0.08944704736123531,0.2968542529275426,0.15653864813312,0.24298490574665849,0.11760057110601875,0.130894775347301,0.23404499917572805,0.12855154442427896,0.154310708482081,0.27178920822352315
1921.875,4310.256,4242.564,4200.513,4189.231,4252.308,0.11607971460218786,0.15283319626757375,0.2184193006053897,0.16934125515920959,0.08944704736123531,0.2968542529275426,0.15653864813312,0.24298490574665849,0.11760057110601875,0.130894775347301,0.23404499917572805,0.12855154442427896,0.154310708482081,0.27178920822352315
1929.6875,4329.231,4257.949,4214.872,4216.41,4268.718,0.11607971460218786,0.15283319626757375,0.2184193006053897,0.16934125515920959,0.08944704736123531,0.2968542529275426,0.15653864813312,0.24298490574665849,0.11760057110601875,0.130894775347301,0.23404499917572805,0.12855154442427896,0.154310708482081,0.27178920822352315
1937.5,4317.949,4247.692,4193.333,4196.41,4248.205,0.11607971460218786,0.15283319626757375,0.2184193006053897,0.16934125515920959,0.08944704736123531,0.2968542529275426,0.15653864813312,0.24298490574665849,0.11760057110601875,0.130894775347301,0.23404499917572805,0.12855154442427896,0.154310708482081,0.27178920822352315
1945.3125,4308.718,4232.821,4177.436,4180.513,4232.821,0.11607971460218786,0.15283319626757375,0.2184193006053897,0.16934125515920959,0.08944704736123531,0.2968542529275426,0.15653864813312,0.24298490574665849,0.11760057110601875,0.130894775347301,0.23404499917572805,0.12855154442427896,0.154310708482081,0.27178920822352315
1953.125,4302.051,4223.077,4186.154,4178.462,4224.103,0.11607971460218786,0.15283319626757375,0.2184193006053897,0.16934125515920959,0.08944704736123531,0.2968542529275426,0.15653864813312,0.24298490574665849,0.11760057110601875,0.130894775347301,0.23404499917572805,0.12855154442427896,0.154310708482081,0.27178920822352315
1960.9375,4300.0,4228.205,4185.641,4180.513,4237.436,0.11607971460218786,0.15283319626757375,0.2184193006053897,0.16934125515920959,0.08944704736123531,0.2968542529275426,0.15653864813312,0.24298490574665849,0.11760057110601875,0.130894775347301,0.23404499917572805,0.12855154442427896,0.154310708482081,0.27178920822352315
1968.75,4314.872,4233.333,4190.256,4203.59,4256.923,0.11607971460218786,0.15283319626757375,0.2184193006053897,0.16934125515920959,0.08944704736123531,0.2968542529275426,0.15653864813312,0.24298490574665849,0.11760057110601875,0.130894775347301,0.23404499917572805,0.12855154442427896,0.154310708482081,0.27178920822352315
1976.5625,4297.949,4229.231,4193.333,4196.41,4231.795,0.11607971460218786,0.15283319626757375,0.2184193006053897,0.16934125515920959,0.08944704736123531,0.2968542529275426,0.15653864813312,0.24298490574665849,0.11760057110601875,0.130894775347301,0.23404499917572805,0.12855154442427896,0.154310708482081,0.27178920822352315
1984.375,4268.718,4228.205,4165.128,4167.179,4207.692,0.11607971460218786,0.15283319626757375,0.2184193006053897,0.16934125515920959,0.08944704736123531,0.2968542529275426,0.15653864813312,0.24298490574665849,0.11760057110601875,0.130894775347301,0.23404499917572805,0.12855154442427896,0.154310708482081,0.27178920822352315
1992.1875,4287.692,4216.923,4154.359,4168.205,4208.718,0.11607971460218786,0.15283319626757375,0.2184193006053897,0.16934125515920959,0.08944704736123531,0.2968542529275426,0.15653864813312,0.24298490574665849,0.11760057110601875,0.130894775347301,0.23404499917572805,0.12855154442427896,0.154310708482081,0.27178920822352315
2000.0,4301.538,4216.923,4182.564,4166.154,4198.462,0.11607971460218786,0.15283319626757375,0.2184193006053897,0.16934125515920959,0.08944704736123531,0.2968542529275426,0.15653864813312,0.24298490574665849,0.11760057110601875,0.130894775347301,0.23404499917572805,0.12855154442427896,0.154310708482081,0.27178920822352315
2007.8125,4275.385,4238.974,4167.179,4152.821,4199.487,0.11607971460218786,0.15283319626757375,0.2184193006053897,0.16934125515920959,0.08944704736123531,0.2968542529275426,0.15653864813312,0.24298490574665849,0.11760057110601875,0.130894775347301,0.23404499917572805,0.12855154442427896,0.154310708482081,0.27178920822352315
2015.625,4259.487,4215.897,4121.538,4149.231,4199.487,0.11607971460218786,0.15283319626757375,0.2184193006053897,0.16934125515920959,0.08944704736123531,0.2968542529275426,0.15653864813312,0.24298490574665849,0.11760057110601875,0.130894775347301,0.23404499917572805,0.12855154442427896,0.154310708482081,0.27178920822352315
2023.4375,4252.821,4169.231,4132.308,4139.487,4171.282,0.11607971460218786,0.15283319626757375,0.2184193006053897,0.16934125515920959,0.08944704736123531,0.2968542529275426,0.15653864813312,0.24298490574665849,0.11760057110601875,0.130894775347301,0.23404499917572805,0.12855154442427896,0.154310708482081,0.27178920822352315
2031.25,4242.051,4183.077,4167.179,4134.872,4160.513,0.11607971460218786,0.15283319626757375,0.2184193006053897,0.16934125515920959,0.08944704736123531,0.2968542529275426,0.15653864813312,0.24298490574665849,0.11760057110601875,0.130894775347301,0.23404499917572805,0.12855154442427896,0.154310708482081,0.27178920822352315
2039.0625,4226.154,4214.872,4141.538,4140.0,4172.821,0.11607971460218786,0.15283319626757375,0.2184193006053897,0.16934125515920959,0.08944704736123531,0.2968542529275426,0.15653864813312,0.24298490574665849,0.11760057110601875,0.130894775347301,0.23404499917572805,0.12855154442427896,0.154310708482081,0.27178920822352315
2046.875,4218.974,4200.513,4101.026,4144.615,4175.385,0.11607971460218786,0.15283319626757375,0.2184193006053897,0.16934125515920959,0.08944704736123531,0.2968542529275426,0.15653864813312,0.24298490574665849,0.11760057110601875,0.130894775347301,0.23404499917572805,0.12855154442427896,0.154310708482081,0.27178920822352315
2054.6875,4252.308,4197.949,4145.128,4170.769,4193.333,0.11607971460218786,0.15283319626757375,0.2184193006053897,0.16934125515920959,0.08944704736123531,0.2968542529275426,0.15653864813312,0.24298490574665849,0.11760057110601875,0.130894775347301,0.23404499917572805,0.12855154442427896,0.154310708482081,0.27178920822352315
2062.5,4282.051,4238.462,4203.59,4191.795,4216.41,0.11607971460218786,0.15283319626757375,0.2184193006053897,0.16934125515920959,0.08944704736123531,0.2968542529275426,0.15653864813312,0.24298490574665849,0.11760057110601875,0.130894775347301,0.23404499917572805,0.12855154442427896,0.154310708482081,0.27178920822352315
2070.3125,4254.872,4249.231,4166.667,4170.256,4203.59,0.11607971460218786,0.15283319626757375,0.2184193006053897,0.16934125515920959,0.08944704736123531,0.2968542529275426,0.15653864813312,0.24298490574665849,0.11760057110601875,0.130894775347301,0.23404499917572805,0.12855154442427896,0.154310708482081,0.27178920822352315
2078.125,4225.128,4205.128,4104.103,4148.718,4180.0,0.11607971460218786,0.15283319626757375,0.2184193006053897,0.16934125515920959,0.08944704736123531,0.2968542529275426,0.15653864813312,0.24298490574665849,0.11760057110601875,0.130894775347301,0.23404499917572805,0.12855154442427896,0.154310708482081,0.27178920822352315
2085.9375,4243.59,4180.513,4116.41,4155.385,4174.359,0.11607971460218786,0.15283319626757375,0.2184193006053897,0.16934125515920959,0.08944704736123531,0.2968542529275426,0.15653864813312,0.24298490574665849,0.11760057110601875,0.130894775347301,0.23404499917572805,0.12855154442427896,0.154310708482081,0.27178920822352315
2093.75,4254.359,4195.897,4158.462,4155.897,4165.641,0.11607971460218786,0.15283319626757375,0.2184193006053897,0.16934125515920959,0.08944704736123531,0.2968542529275426,0.15653864813312,0.24298490574665849,0.11760057110601875,0.130894775347301,0.23404499917572805,0.12855154442427896,0.154310708482081,0.27178920822352315
2101.5625,4230.256,4214.359,4156.41,4150.256,4169.744,0.11607971460218786,0.15283319626757375,0.2184193006053897,0.16934125515920959,0.08944704736123531,0.2968542529275426,0.15653864813312,0.24298490574665849,0.11760057110601875,0.130894775347301,0.23404499917572805,0.12855154442427896,0.154310708482081,0.27178920822352315
2109.375,4229.231,4228.718,4140.0,4172.308,4204.615,0.11607971460218786,0.15283319626757375,0.2184193006053897,0.16934125515920959,0.08944704736123531,0.2968542529275426,0.15653864813312,0.24298490574665849,0.11760057110601875,0.130894775347301,0.23404499917572805,0.12855154442427896,0.154310708482081,0.27178920822352315
2117.1875,4230.085,4229.06,4140.798,4170.883,4206.154,0.11607971460218786,0.15283319626757375,0.2184193006053897,0.16934125515920959,0.08944704736123531,0.2968542529275426,0.15653864813312,0.24298490574665849,0.11760057110601875,0.130894775347301,0.23404499917572805,0.12855154442427896,0.154310708482081,0.27178920822352315
2125.0,4230.94,4229.402,4141.595,4169.459,4207.692,0.11607971460218786,0.15283319626757375,0.2184193006053897,0.16934125515920959,0.08944704736123531,0.2968542529275426,0.15653864813312,0.24298490574665849,0.11760057110601875,0.130894775347301,0.23404499917572805,0.12855154442427896,0.154310708482081,0.27178920822352315
2132.8125,4231.795,4229.744,4142.393,4168.034,4209.231,0.11607971460218786,0.15283319626757375,0.2184193006053897,0.16934125515920959,0.08944704736123531,0.2968542529275426,0.15653864813312,0.24298490574665849,0.11760057110601875,0.130894775347301,0.23404499917572805,0.12855154442427896,0.154310708482081,0.27178920822352315
2140.625,4232.65,4230.085,4143.191,4166.61,4210.769,0.11607971460218786,0.15283319626757375,0.2184193006053897,0.16934125515920959,0.08944704736123531,0.2968542529275426,0.15653864813312,0.24298490574665849,0.11760057110601875,0.130894775347301,0.23404499917572805,0.12855154442427896,0.154310708482081,0.27178920822352315
2148.4375,4233.504,4230.427,4143.989,4165.185,4212.308,0.11607971460218786,0.15283319626757375,0.2184193006053897,0.16934125515920959,0.08944704736123531,0.2968542529275426,0.15653864813312,0.24298490574665849,0.11760057110601875,0.130894775347301,0.23404499917572805,0.12855154442427896,0.154310708482081,0.27178920822352315
2156.25,4234.359,4230.769,4144.786,4163.761,4213.846,0.11607971460218786,0.15283319626757375,0.2184193006053897,0.16934125515920959,0.08944704736123531,0.2968542529275426,0.15653864813312,0.24298490574665849,0.11760057110601875,0.130894775347301,0.23404499917572805,0.12855154442427896,0.154310708482081,0.27178920822352315
2164.0625,4235.214,4231.111,4145.584,4162.336,4215.385,0.11607971460218786,0.15283319626757375,0.2184193006053897,0.16934125515920959,0.08944704736123531,0.2968542529275426,0.15653864813312,0.24298490574665849,0.11760057110601875,0.130894775347301,0.23404499917572805,0.12855154442427896,0.154310708482081,0.27178920822352315
2171.875,4236.068,4231.453,4146.382,4160.912,4216.923,0.11607971460218786,0.15283319626757375,0.2184193006053897,0.16934125515920959,0.08944704736123531,0.2968542529275426,0.15653864813312,0.24298490574665849,0.11760057110601875,0.130894775347301,0.23404499917572805,0.12855154442427896,0.154310708482081,0.27178920822352315
2179.6875,4236.923,4231.795,4147.179,4159.487,4218.462,0.11607971460218786,0.15283319626757375,0.2184193006053897,0.16934125515920959,0.08944704736123531,0.2968542529275426,0.15653864813312,0.24298490574665849,0.11760057110601875,0.130894775347301,0.23404499917572805,0.12855154442427896,0.154310708482081,0.27178920822352315
2187.5,4264.615,4209.744,4175.897,4176.41,4217.436,0.11607971460218786,0.15283319626757375,0.2184193006053897,0.16934125515920959,0.08944704736123531,0.2968542529275426,0.15653864813312,0.24298490574665849,0.11760057110601875,0.130894775347301,0.23404499917572805,0.12855154442427896,0.154310708482081,0.27178920822352315
2195.3125,4251.282,4212.308,4201.538,4160.513,4201.538,0.11607971460218786,0.15283319626757375,0.2184193006053897,0.16934125515920959,0.08944704736123531,0.2968542529275426,0.15653864813312,0.24298490574665849,0.11760057110601875,0.130894775347301,0.23404499917572805,0.12855154442427896,0.154310708482081,0.27178920822352315
2203.125,4226.154,4229.744,4168.205,4155.897,4210.769,0.11607971460218786,0.15283319626757375,0.2184193006053897,0.16934125515920959,0.08944704736123531,0.2968542529275426,0.15653864813312,0.24298490574665849,0.11760057110601875,0.130894775347301,0.23404499917572805,0.12855154442427896,0.154310708482081,0.27178920822352315
2210.9375,4244.615,4219.487,4148.718,4183.59,4216.923,0.11607971460218786,0.15283319626757375,0.2184193006053897,0.16934125515920959,0.08944704736123531,0.2968542529275426,0.15653864813312,0.24298490574665849,0.11760057110601875,0.130894775347301,0.23404499917572805,0.12855154442427896,0.154310708482081,0.27178920822352315
2218.75,4254.359,4194.359,4175.385,4181.538,4187.692,0.11607971460218786,0.15283319626757375,0.2184193006053897,0.16934125515920959,0.08944704736123531,0.2968542529275426,0.15653864813312,0.24298490574665849,0.11760057110601875,0.130894775347301,0.23404499917572805,0.12855154442427896,0.154310708482081,0.27178920822352315
2226.5625,4226.154,4203.077,4182.051,4149.231,4176.923,0.11607971460218786,0.15283319626757375,0.2184193006053897,0.16934125515920959,0.08944704736123531,0.2968542529275426,0.15653864813312,0.24298490574665849,0.11760057110601875,0.130894775347301,0.23404499917572805,0.12855154442427896,0.154310708482081,0.27178920822352315
2234.375,4228.718,4238.974,4164.615,4163.077,4210.769,0.11607971460218786,0.15283319626757375,0.2184193006053897,0.16934125515920959,0.08944704736123531,0.2968542529275426,0.15653864813312,0.24298490574665849,0.11760057110601875,0.130894775347301,0.23404499917572805,0.12855154442427896,0.154310708482081,0.27178920822352315
2242.1875,4262.564,4235.897,4164.103,4197.949,4218.462,0.11607971460218786,0.15283319626757375,0.2184193006053897,0.16934125515920959,0.08944704736123531,0.2968542529275426,0.15653864813312,0.24298490574665849,0.11760057110601875,0.130894775347301,0.23404499917572805,0.12855154442427896,0.154310708482081,0.27178920822352315
2250.0,4251.795,4196.41,4172.821,4172.308,4180.0,0.11607971460218786,0.15283319626757375,0.2184193006053897,0.16934125515920959,0.08944704736123531,0.2968542529275426,0.15653864813312,0.24298490574665849,0.11760057110601875,0.130894775347301,0.23404499917572805,0.12855154442427896,0.154310708482081,0.27178920822352315
2257.8125,4219.487,4205.641,4172.821,4137.949,4175.385,0.11607971460218786,0.15283319626757375,0.2184193006053897,0.16934125515920959,0.08944704736123531,0.2968542529275426,0.15653864813312,0.24298490574665849,0.11760057110601875,0.130894775347301,0.23404499917572805,0.12855154442427896,0.154310708482081,0.27178920822352315
2265.625,4226.667,4238.462,4157.436,4158.462,4204.615,0.11607971460218786,0.15283319626757375,0.2184193006053897,0.16934125515920959,0.08944704736123531,0.2968542529275426,0.15653864813312,0.24298490574665849,0.11760057110601875,0.130894775347301,0.23404499917572805,0.12855154442427896,0.154310708482081,0.27178920822352315
2273.4375,4251.795,4218.974,4151.282,4181.538,4206.667,0.11607971460218786,0.15283319626757375,0.2184193006053897,0.16934125515920959,0.08944704736123531,0.2968542529275426,0.15653864813312,0.24298490574665849,0.11760057110601875,0.130894775347301,0.23404499917572805,0.12855154442427896,0.154310708482081,0.27178920822352315
2281.25,4257.436,4190.769,4176.923,4168.718,4201.026,0.11607971460218786,0.15283319626757375,0.2184193006053897,0.16934125515920959,0.08944704736123531,0.2968542529275426,0.15653864813312,0.24298490574665849,0.11760057110601875,0.130894775347301,0.23404499917572805,0.12855154442427896,0.154310708482081,0.27178920822352315
2289.0625,4238.974,4198.974,4180.513,4150.769,4213.846,0.11607971460218786,0.15283319626757375,0.2184193006053897,0.16934125515920959,0.08944704736123531,0.2968542529275426,0.15653864813312,0.24298490574665849,0.11760057110601875,0.130894775347301,0.23404499917572805,0.12855154442427896,0.154310708482081,0.27178920822352315
2296.875,4223.59,4210.769,4141.026,4153.846,4217.949,0.11607971460218786,0.15283319626757375,0.2184193006053897,0.16934125515920959,0.08944704736123531,0.2968542529275426,0.15653864813312,0.24298490574665849,0.11760057110601875,0.130894775347301,0.23404499917572805,0.12855154442427896,0.154310708482081,0.27178920822352315
2304.6875,4225.128,4197.949,4118.462,4161.538,4202.564,0.11607971460218786,0.15283319626757375,0.2184193006053897,0.16934125515920959,0.08944704736123531,0.2968542529275426,0.15653864813312,0.24298490574665849,0.11760057110601875,0.130894775347301,0.23404499917572805,0.12855154442427896,0.154310708482081,0.27178920822352315
2312.5,4226.667,4169.744,4133.333,4150.256,4173.846,0.11607971460218786,0.15283319626757375,0.2184193006053897,0.16934125515920959,0.08944704736123531,0.2968542529275426,0.15653864813312,0.24298490574665849,0.11760057110601875,0.130894775347301,0.23404499917572805,0.12855154442427896,0.154310708482081,0.27178920822352315
2320.3125,4217.949,4163.077,4158.974,4132.821,4155.897,0.11607971460218786,0.15283319626757375,0.2184193006053897,0.16934125515920959,0.08944704736123531,0.2968542529275426,0.15653864813312,0.24298490574665849,0.11760057110601875,0.130894775347301,0.23404499917572805,0.12855154442427896,0.154310708482081,0.27178920822352315
2328.125,4214.872,4203.077,4176.923,4141.538,4173.846,0.11607971460218786,0.15283319626757375,0.2184193006053897,0.16934125515920959,0.08944704736123531,0.2968542529275426,0.15653864813312,0.24298490574665849,0.11760057110601875,0.130894775347301,0.23404499917572805,0.12855154442427896,0.154310708482081,0.27178920822352315
2335.9375,4234.872,4236.923,4174.872,4176.923,4208.718,0.11607971460218786,0.15283319626757375,0.2184193006053897,0.16934125515920959,0.08944704736123531,0.2968542529275426,0.15653864813312,0.24298490574665849,0.11760057110601875,0.130894775347301,0.23404499917572805,0.12855154442427896,0.154310708482081,0.27178920822352315
2343.75,4249.744,4210.256,4166.154,4188.718,4210.256,0.11607971460218786,0.15283319626757375,0.2184193006053897,0.16934125515920959,0.08944704736123531,0.2968542529275426,0.15653864813312,0.24298490574665849,0.11760057110601875,0.130894775347301,0.23404499917572805,0.12855154442427896,0.154310708482081,0.27178920822352315
2351.5625,4235.897,4177.949,4182.051,4163.077,4181.026,0.11607971460218786,0.15283319626757375,0.2184193006053897,0.16934125515920959,0.08944704736123531,0.2968542529275426,0.15653864813312,0.24298490574665849,0.11760057110601875,0.130894775347301,0.23404499917572805,0.12855154442427896,0.154310708482081,0.27178920822352315
2359.375,4212.821,4189.744,4190.769,4147.692,4167.692,0.11607971460218786,0.15283319626757375,0.2184193006053897,0.16934125515920959,0.08944704736123531,0.2968542529275426,0.15653864813312,0.24298490574665849,0.11760057110601875,0.130894775347301,0.23404499917572805,0.12855154442427896,0.154310708482081,0.27178920822352315
2367.1875,4209.744,4209.744,4159.487,4163.077,4179.487,0.11607971460218786,0.15283319626757375,0.2184193006053897,0.16934125515920959,0.08944704736123531,0.2968542529275426,0.15653864813312,0.24298490574665849,0.11760057110601875,0.130894775347301,0.23404499917572805,0.12855154442427896,0.154310708482081,0.27178920822352315
2375.0,4225.641,4201.538,4134.359,4180.513,4193.333,0.11607971460218786,0.15283319626757375,0.2184193006053897,0.16934125515920959,0.08944704736123531,0.2968542529275426,0.15653864813312,0.24298490574665849,0.11760057110601875,0.130894775347301,0.23404499917572805,0.12855154442427896,0.154310708482081,0.27178920822352315
2382.8125,4235.897,4181.538,4144.615,4171.795,4184.615,0.11607971460218786,0.15283319626757375,0.2184193006053897,0.16934125515920959,0.08944704736123531,0.2968542529275426,0.15653864813312,0.24298490574665849,0.11760057110601875,0.130894775347301,0.23404499917572805,0.12855154442427896,0.154310708482081,0.27178920822352315
2390.625,4230.769,4184.615,4162.564,4145.128,4166.154,0.11607971460218786,0.15283319626757375,0.2184193006053897,0.16934125515920959,0.08944704736123531,0.2968542529275426,0.15653864813312,0.24298490574665849,0.11760057110601875,0.130894775347301,0.23404499917572805,0.12855154442427896,0.154310708482081,0.27178920822352315
2398.4375,4212.821,4204.103,4157.949,4130.769,4168.205,0.11607971460218786,0.15283319626757375,0.2184193006053897,0.16934125515920959,0.08944704736123531,0.2968542529275426,0.15653864813312,0.24298490574665849,0.11760057110601875,0.130894775347301,0.23404499917572805,0.12855154442427896,0.154310708482081,0.27178920822352315
2406.25,4203.077,4212.821,4141.538,4141.538,4190.769,0.11607971460218786,0.15283319626757375,0.2184193006053897,0.16934125515920959,0.08944704736123531,0.2968542529275426,0.15653864813312,0.24298490574665849,0.11760057110601875,0.130894775347301,0.23404499917572805,0.12855154442427896,0.154310708482081,0.27178920822352315
2414.0625,4209.231,4200.0,4129.231,4161.026,4203.077,0.11607971460218786,0.15283319626757375,0.2184193006053897,0.16934125515920959,0.08944704736123531,0.2968542529275426,0.15653864813312,0.24298490574665849,0.11760057110601875,0.130894775347301,0.23404499917572805,0.12855154442427896,0.154310708482081,0.27178920822352315
2421.875,4224.615,4182.051,4136.41,4170.769,4188.205,0.11607971460218786,0.15283319626757375,0.2184193006053897,0.16934125515920959,0.08944704736123531,0.2968542529275426,0.15653864813312,0.24298490574665849,0.11760057110601875,0.130894775347301,0.23404499917572805,0.12855154442427896,0.154310708482081,0.27178920822352315
2429.6875,4233.846,4183.077,4171.282,4173.333,4175.897,0.11607971460218786,0.15283319626757375,0.2184193006053897,0.16934125515920959,0.08944704736123531,0.2968542529275426,0.15653864813312,0.24298490574665849,0.11760057110601875,0.130894775347301,0.23404499917572805,0.12855154442427896,0.154310708482081,0.27178920822352315
2437.5,4220.0,4208.718,4186.667,4165.641,4187.692,0.11607971460218786,0.15283319626757375,0.2184193006053897,0.16934125515920959,0.08944704736123531,0.2968542529275426,0.15653864813312,0.24298490574665849,0.11760057110601875,0.130894775347301,0.23404499917572805,0.12855154442427896,0.154310708482081,0.27178920822352315
2445.3125,4221.026,4235.385,4165.641,4174.359,4223.077,0.11607971460218786,0.15283319626757375,0.2184193006053897,0.16934125515920959,0.08944704736123531,0.2968542529275426,0.15653864813312,0.24298490574665849,0.11760057110601875,0.130894775347301,0.23404499917572805,0.12855154442427896,0.154310708482081,0.27178920822352315
2453.125,4258.974,4234.359,4173.846,4210.769,4243.59,0.11607971460218786,0.15283319626757375,0.2184193006053897,0.16934125515920959,0.08944704736123531,0.2968542529275426,0.15653864813312,0.24298490574665849,0.11760057110601875,0.130894775347301,0.23404499917572805,0.12855154442427896,0.154310708482081,0.27178920822352315
2460.9375,4270.769,4223.59,4218.462,4224.615,4223.59,0.11607971460218786,0.15283319626757375,0.2184193006053897,0.16934125515920959,0.08944704736123531,0.2968542529275426,0.15653864813312,0.24298490574665849,0.11760057110601875,0.130894775347301,0.23404499917572805,0.12855154442427896,0.154310708482081,0.27178920822352315
2468.75,4245.128,4237.436,4223.59,4212.821,4212.308,0.11607971460218786,0.15283319626757375,0.2184193006053897,0.16934125515920959,0.08944704736123531,0.2968542529275426,0.15653864813312,0.24298490574665849,0.11760057110601875,0.130894775347301,0.23404499917572805,0.12855154442427896,0.154310708482081,0.27178920822352315
2476.5625,4243.077,4248.718,4187.692,4217.436,4221.538,0.11607971460218786,0.15283319626757375,0.2184193006053897,0.16934125515920959,0.08944704736123531,0.2968542529275426,0.15653864813312,0.24298490574665849,0.11760057110601875,0.130894775347301,0.23404499917572805,0.12855154442427896,0.154310708482081,0.27178920822352315
2484.375,4257.436,4220.513,4183.59,4217.949,4207.179,0.11607971460218786,0.15283319626757375,0.2184193006053897,0.16934125515920959,0.08944704736123531,0.2968542529275426,0.15653864813312,0.24298490574665849,0.11760057110601875,0.130894775347301,0.23404499917572805,0.12855154442427896,0.154310708482081,0.27178920822352315
2492.1875,4235.897,4201.026,4204.615,4182.564,4174.872,0.11607971460218786,0.15283319626757375,0.2184193006053897,0.16934125515920959,0.08944704736123531,0.2968542529275426,0.15653864813312,0.24298490574665849,0.11760057110601875,0.130894775347301,0.23404499917572805,0.12855154442427896,0.154310708482081,0.27178920822352315
2500.0,4214.359,4233.333,4201.026,4169.231,4180.513,0.11607971460218786,0.15283319626757375,0.2184193006053897,0.16934125515920959,0.08944704736123531,0.2968542529275426,0.15653864813312,0.24298490574665849,0.11760057110601875,0.130894775347301,0.23404499917572805,0.12855154442427896,0.154310708482081,0.27178920822352315
2507.8125,4241.538,4257.949,4191.282,4208.718,4215.897,0.11607971460218786,0.15283319626757375,0.2184193006053897,0.16934125515920959,0.08944704736123531,0.2968542529275426,0.15653864813312,0.24298490574665849,0.11760057110601875,0.130894775347301,0.23404499917572805,0.12855154442427896,0.154310708482081,0.27178920822352315
2515.625,4273.846,4240.513,4212.821,4227.692,4218.974,0.11607971460218786,0.15283319626757375,0.2184193006053897,0.16934125515920959,0.08944704736123531,0.2968542529275426,0.15653864813312,0.24298490574665849,0.11760057110601875,0.130894775347301,0.23404499917572805,0.12855154442427896,0.154310708482081,0.27178920822352315
2523.4375,4263.077,4240.513,4226.154,4206.667,4202.564,0.11607971460218786,0.15283319626757375,0.2184193006053897,0.16934125515920959,0.08944704736123531,0.2968542529275426,0.15653864813312,0.24298490574665849,0.11760057110601875,0.130894775347301,0.23404499917572805,0.12855154442427896,0.154310708482081,0.27178920822352315
2531.25,4254.872,4263.077,4206.667,4207.692,4217.949,0.11607971460218786,0.15283319626757375,0.2184193006053897,0.16934125515920959,0.08944704736123531,0.2968542529275426,0.15653864813312,0.24298490574665849,0.11760057110601875,0.130894775347301,0.23404499917572805,0.12855154442427896,0.154310708482081,0.27178920822352315
2539.0625,4279.487,4250.769,4208.205,4224.103,4233.333,0.11607971460218786,0.15283319626757375,0.2184193006053897,0.16934125515920959,0.08944704736123531,0.2968542529275426,0.15653864813312,0.24298490574665849,0.11760057110601875,0.130894775347301,0.23404499917572805,0.12855154442427896,0.154310708482081,0.27178920822352315
2546.875,4265.641,4221.026,4214.872,4195.385,4199.487,0.11607971460218786,0.15283319626757375,0.2184193006053897,0.16934125515920959,0.08944704736123531,0.2968542529275426,0.15653864813312,0.24298490574665849,0.11760057110601875,0.130894775347301,0.23404499917572805,0.12855154442427896,0.154310708482081,0.27178920822352315
2554.6875,4220.513,4227.179,4177.436,4172.821,4189.231,0.11607971460218786,0.15283319626757375,0.2184193006053897,0.16934125515920959,0.08944704736123531,0.2968542529275426,0.15653864813312,0.24298490574665849,0.11760057110601875,0.130894775347301,0.23404499917572805,0.12855154442427896,0.154310708482081,0.27178920822352315
2562.5,4238.462,4238.974,4161.026,4205.641,4227.179,0.11607971460218786,0.15283319626757375,0.2184193006053897,0.16934125515920959,0.08944704736123531,0.2968542529275426,0.15653864813312,0.24298490574665849,0.11760057110601875,0.130894775347301,0.23404499917572805,0.12855154442427896,0.154310708482081,0.27178920822352315
2570.3125,4267.179,4230.769,4198.974,4215.897,4223.59,0.11607971460218786,0.15283319626757375,0.2184193006053897,0.16934125515920959,0.08944704736123531,0.2968542529275426,0.15653864813312,0.24298490574665849,0.11760057110601875,0.130894775347301,0.23404499917572805,0.12855154442427896,0.154310708482081,0.27178920822352315
2578.125,4248.205,4244.103,4210.769,4198.462,4216.41,0.11607971460218786,0.15283319626757375,0.2184193006053897,0.16934125515920959,0.08944704736123531,0.2968542529275426,0.15653864813312,0.24298490574665849,0.11760057110601875,0.130894775347301,0.23404499917572805,0.12855154442427896,0.154310708482081,0.27178920822352315
2585.9375,4258.974,4264.103,4196.923,4211.282,4256.41,0.11607971460218786,0.15283319626757375,0.2184193006053897,0.16934125515920959,0.08944704736123531,0.2968542529275426,0.15653864813312,0.24298490574665849,0.11760057110601875,0.130894775347301,0.23404499917572805,0.12855154442427896,0.154310708482081,0.27178920822352315
2593.75,4290.769,4263.59,4210.256,4214.359,4266.667,0.11607971460218786,0.15283319626757375,0.2184193006053897,0.16934125515920959,0.08944704736123531,0.2968542529275426,0.15653864813312,0.24298490574665849,0.11760057110601875,0.130894775347301,0.23404499917572805,0.12855154442427896,0.154310708482081,0.27178920822352315
2601.5625,4288.205,4274.359,4221.538,4205.641,4251.795,0.11607971460218786,0.15283319626757375,0.2184193006053897,0.16934125515920959,0.08944704736123531,0.2968542529275426,0.15653864813312,0.24298490574665849,0.11760057110601875,0.130894775347301,0.23404499917572805,0.12855154442427896,0.154310708482081,0.27178920822352315
2609.375,4288.205,4279.487,4217.949,4225.641,4262.051,0.11607971460218786,0.15283319626757375,0.2184193006053897,0.16934125515920959,0.08944704736123531,0.2968542529275426,0.15653864813312,0.24298490574665849,0.11760057110601875,0.130894775347301,0.23404499917572805,0.12855154442427896,0.154310708482081,0.27178920822352315
2617.1875,4283.077,4258.462,4211.282,4218.974,4259.487,0.11607971460218786,0.15283319626757375,0.2184193006053897,0.16934125515920959,0.08944704736123531,0.2968542529275426,0.15653864813312,0.24298490574665849,0.11760057110601875,0.130894775347301,0.23404499917572805,0.12855154442427896,0.154310708482081,0.27178920822352315
2625.0,4243.59,4242.564,4172.308,4178.462,4243.59,0.11607971460218786,0.15283319626757375,0.2184193006053897,0.16934125515920959,0.08944704736123531,0.2968542529275426,0.15653864813312,0.24298490574665849,0.11760057110601875,0.130894775347301,0.23404499917572805,0.12855154442427896,0.154310708482081,0.27178920822352315
2632.8125,4243.077,4236.923,4146.154,4182.051,4252.308,0.11607971460218786,0.15283319626757375,0.2184193006053897,0.16934125515920959,0.08944704736123531,0.2968542529275426,0.15653864813312,0.24298490574665849,0.11760057110601875,0.130894775347301,0.23404499917572805,0.12855154442427896,0.154310708482081,0.27178920822352315
2640.625,4269.744,4231.282,4178.974,4197.949,4245.128,0.11607971460218786,0.15283319626757375,0.2184193006053897,0.16934125515920959,0.08944704736123531,0.2968542529275426,0.15653864813312,0.24298490574665849,0.11760057110601875,0.130894775347301,0.23404499917572805,0.12855154442427896,0.154310708482081,0.27178920822352315
2648.4375,4242.051,4241.538,4184.615,4176.923,4221.538,0.11607971460218786,0.15283319626757375,0.2184193006053897,0.16934125515920959,0.08944704736123531,0.2968542529275426,0.15653864813312,0.24298490574665849,0.11760057110601875,0.130894775347301,0.23404499917572805,0.12855154442427896,0.154310708482081,0.27178920822352315
2656.25,4229.231,4255.897,4149.231,4178.974,4234.872,0.11607971460218786,0.15283319626757375,0.2184193006053897,0.16934125515920959,0.08944704736123531,0.2968542529275426,0.15653864813312,0.24298490574665849,0.11760057110601875,0.130894775347301,0.23404499917572805,0.12855154442427896,0.154310708482081,0.27178920822352315
2664.0625,4269.231,4251.795,4166.154,4206.154,4261.538,0.11607971460218786,0.15283319626757375,0.2184193006053897,0.16934125515920959,0.08944704736123531,0.2968542529275426,0.15653864813312,0.24298490574665849,0.11760057110601875,0.130894775347301,0.23404499917572805,0.12855154442427896,0.154310708482081,0.27178920822352315
2671.875,4261.026,4233.846,4190.256,4184.103,4245.641,0.11607971460218786,0.15283319626757375,0.2184193006053897,0.16934125515920959,0.08944704736123531,0.2968542529275426,0.15653864813312,0.24298490574665849,0.11760057110601875,0.130894775347301,0.23404499917572805,0.12855154442427896,0.154310708482081,0.27178920822352315
2679.6875,4195.897,4204.103,4143.59,4126.667,4199.487,0.11607971460218786,0.15283319626757375,0.2184193006053897,0.16934125515920959,0.08944704736123531,0.2968542529275426,0.15653864813312,0.24298490574665849,0.11760057110601875,0.130894775347301,0.23404499917572805,0.12855154442427896,0.154310708482081,0.27178920822352315
2687.5,4182.051,4198.462,4110.256,4118.974,4192.821,0.11607971460218786,0.15283319626757375,0.2184193006053897,0.16934125515920959,0.08944704736123531,0.2968542529275426,0.15653864813312,0.24298490574665849,0.11760057110601875,0.130894775347301,0.23404499917572805,0.12855154442427896,0.154310708482081,0.27178920822352315
2695.3125,4231.795,4220.0,4138.974,4164.615,4226.154,0.11607971460218786,0.15283319626757375,0.2184193006053897,0.16934125515920959,0.08944704736123531,0.2968542529275426,0.15653864813312,0.24298490574665849,0.11760057110601875,0.130894775347301,0.23404499917572805,0.12855154442427896,0.154310708482081,0.27178920822352315
2703.125,4255.385,4211.282,4169.231,4182.564,4216.41,0.11607971460218786,0.15283319626757375,0.2184193006053897,0.16934125515920959,0.08944704736123531,0.2968542529275426,0.15653864813312,0.24298490574665849,0.11760057110601875,0.130894775347301,0.23404499917572805,0.12855154442427896,0.154310708482081,0.27178920822352315
2710.9375,4227.692,4190.256,4170.769,4148.718,4170.256,0.11607971460218786,0.15283319626757375,0.2184193006053897,0.16934125515920959,0.08944704736123531,0.2968542529275426,0.15653864813312,0.24298490574665849,0.11760057110601875,0.130894775347301,0.23404499917572805,0.12855154442427896,0.154310708482081,0.27178920822352315
2718.75,4218.462,4225.641,4165.128,4142.564,4186.154,0.11607971460218786,0.15283319626757375,0.2184193006053897,0.16934125515920959,0.08944704736123531,0.2968542529275426,0.15653864813312,0.24298490574665849,0.11760057110601875,0.130894775347301,0.23404499917572805,0.12855154442427896,0.154310708482081,0.27178920822352315
2726.5625,4264.615,4267.692,4178.974,4196.41,4250.256,0.11607971460218786,0.15283319626757375,0.2184193006053897,0.16934125515920959,0.08944704736123531,0.2968542529275426,0.15653864813312,0.24298490574665849,0.11760057110601875,0.130894775347301,0.23404499917572805,0.12855154442427896,0.154310708482081,0.27178920822352315
2734.375,4283.59,4238.462,4201.026,4206.154,4247.179,0.11607971460218786,0.15283319626757375,0.2184193006053897,0.16934125515920959,0.08944704736123531,0.2968542529275426,0.15653864813312,0.24298490574665849,0.11760057110601875,0.130894775347301,0.23404499917572805,0.12855154442427896,0.154310708482081,0.27178920822352315
2742.1875,4256.923,4229.231,4205.641,4172.308,4224.615,0.11607971460218786,0.15283319626757375,0.2184193006053897,0.16934125515920959,0.08944704736123531,0.2968542529275426,0.15653864813312,0.24298490574665849,0.11760057110601875,0.130894775347301,0.23404499917572805,0.12855154442427896,0.154310708482081,0.27178920822352315
2750.0,4273.846,4277.949,4196.41,4196.41,4265.128,0.11607971460218786,0.15283319626757375,0.2184193006053897,0.16934125515920959,0.08944704736123531,0.2968542529275426,0.15653864813312,0.24298490574665849,0.11760057110601875,0.130894775347301,0.23404499917572805,0.12855154442427896,0.154310708482081,0.27178920822352315
2757.8125,4300.0,4274.872,4193.846,4221.026,4276.923,0.11607971460218786,0.15283319626757375,0.2184193006053897,0.16934125515920959,0.08944704736123531,0.2968542529275426,0.15653864813312,0.24298490574665849,0.11760057110601875,0.130894775347301,0.23404499917572805,0.12855154442427896,0.154310708482081,0.27178920822352315
2765.625,4271.282,4241.026,4188.718,4187.692,4236.41,0.11607971460218786,0.15283319626757375,0.2184193006053897,0.16934125515920959,0.08944704736123531,0.2968542529275426,0.15653864813312,0.24298490574665849,0.11760057110601875,0.130894775347301,0.23404499917572805,0.12855154442427896,0.154310708482081,0.27178920822352315
2773.4375,4255.897,4252.821,4173.846,4183.59,4242.051,0.11607971460218786,0.15283319626757375,0.2184193006053897,0.16934125515920959,0.08944704736123531,0.2968542529275426,0.15653864813312,0.24298490574665849,0.11760057110601875,0.130894775347301,0.23404499917572805,0.12855154442427896,0.154310708482081,0.27178920822352315
2781.25,4273.333,4246.667,4170.256,4198.974,4253.846,0.11607971460218786,0.15283319626757375,0.2184193006053897,0.16934125515920959,0.08944704736123531,0.2968542529275426,0.15653864813312,0.24298490574665849,0.11760057110601875,0.130894775347301,0.23404499917572805,0.12855154442427896,0.154310708482081,0.27178920822352315
2789.0625,4253.333,4205.641,4172.308,4156.923,4219.487,0.11607971460218786,0.15283319626757375,0.2184193006053897,0.16934125515920959,0.08944704736123531,0.2968542529275426,0.15653864813312,0.24298490574665849,0.11760057110601875,0.130894775347301,0.23404499917572805,0.12855154442427896,0.154310708482081,0.27178920822352315
2796.875,4230.256,4221.026,4162.564,4133.333,4228.718,0.11607971460218786,0.15283319626757375,0.2184193006053897,0.16934125515920959,0.08944704736123531,0.2968542529275426,0.15653864813312,0.24298490574665849,0.11760057110601875,0.130894775347301,0.23404499917572805,0.12855154442427896,0.154310708482081,0.27178920822352315
2804.6875,4245.641,4249.744,4145.128,4164.615,4259.487,0.11607971460218786,0.15283319626757375,0.2184193006053897,0.16934125515920959,0.08944704736123531,0.2968542529275426,0.15653864813312,0.24298490574665849,0.11760057110601875,0.130894775347301,0.23404499917572805,0.12855154442427896,0.154310708482081,0.27178920822352315
2812.5,4247.179,4213.846,4133.846,4166.667,4218.462,0.11607971460218786,0.15283319626757375,0.2184193006053897,0.16934125515920959,0.08944704736123531,0.2968542529275426,0.15653864813312,0.24298490574665849,0.11760057110601875,0.130894775347301,0.23404499917572805,0.12855154442427896,0.154310708482081,0.27178920822352315
2820.3125,4226.667,4175.897,4131.282,4134.872,4178.462,0.11607971460218786,0.15283319626757375,0.2184193006053897,0.16934125515920959,0.08944704736123531,0.2968542529275426,0.15653864813312,0.24298490574665849,0.11760057110601875,0.130894775347301,0.23404499917572805,0.12855154442427896,0.154310708482081,0.27178920822352315
2828.125,4225.128,4196.923,4137.436,4126.154,4209.231,0.11607971460218786,0.15283319626757375,0.2184193006053897,0.16934125515920959,0.08944704736123531,0.2968542529275426,0.15653864813312,0.24298490574665849,0.11760057110601875,0.130894775347301,0.23404499917572805,0.12855154442427896,0.154310708482081,0.27178920822352315
2835.9375,4234.359,4229.744,4138.974,4149.231,4247.692,0.11607971460218786,0.15283319626757375,0.2184193006053897,0.16934125515920959,0.08944704736123531,0.2968542529275426,0.15653864813312,0.24298490574665849,0.11760057110601875,0.130894775347301,0.23404499917572805,0.12855154442427896,0.154310708482081,0.27178920822352315
2843.75,4230.256,4207.692,4121.026,4155.897,4237.436,0.11607971460218786,0.15283319626757375,0.2184193006053897,0.16934125515920959,0.08944704736123531,0.2968542529275426,0.15653864813312,0.24298490574665849,0.11760057110601875,0.130894775347301,0.23404499917572805,0.12855154442427896,0.154310708482081,0.27178920822352315
2851.5625,4227.692,4167.692,4129.231,4140.513,4212.821,0.11607971460218786,0.15283319626757375,0.2184193006053897,0.16934125515920959,0.08944704736123531,0.2968542529275426,0.15653864813312,0.24298490574665849,0.11760057110601875,0.130894775347301,0.23404499917572805,0.12855154442427896,0.154310708482081,0.27178920822352315
2859.375,4232.308,4178.462,4166.154,4130.256,4212.821,0.11607971460218786,0.15283319626757375,0.2184193006053897,0.16934125515920959,0.08944704736123531,0.2968542529275426,0.15653864813312,0.24298490574665849,0.11760057110601875,0.130894775347301,0.23404499917572805,0.12855154442427896,0.154310708482081,0.27178920822352315
2867.1875,4228.205,4216.923,4165.128,4132.821,4235.897,0.11607971460218786,0.15283319626757375,0.2184193006053897,0.16934125515920959,0.08944704736123531,0.2968542529275426,0.15653864813312,0.24298490574665849,0.11760057110601875,0.130894775347301,0.23404499917572805,0.12855154442427896,0.154310708482081,0.27178920822352315
2875.0,4230.256,4229.744,4134.359,4146.154,4257.949,0.11607971460218786,0.15283319626757375,0.2184193006053897,0.16934125515920959,0.08944704736123531,0.2968542529275426,0.15653864813312,0.24298490574665849,0.11760057110601875,0.130894775347301,0.23404499917572805,0.12855154442427896,0.154310708482081,0.27178920822352315
2882.8125,4245.641,4206.154,4134.359,4157.436,4244.615,0.11607971460218786,0.15283319626757375,0.2184193006053897,0.16934125515920959,0.08944704736123531,0.2968542529275426,0.15653864813312,0.24298490574665849,0.11760057110601875,0.130894775347301,0.23404499917572805,0.12855154442427896,0.154310708482081,0.27178920822352315
2890.625,4253.333,4193.333,4165.128,4147.692,4220.0,0.11607971460218786,0.15283319626757375,0.2184193006053897,0.16934125515920959,0.08944704736123531,0.2968542529275426,0.15653864813312,0.24298490574665849,0.11760057110601875,0.130894775347301,0.23404499917572805,0.12855154442427896,0.154310708482081,0.27178920822352315
2898.4375,4246.667,4227.692,4179.487,4132.821,4242.564,0.11607971460218786,0.15283319626757375,0.2184193006053897,0.16934125515920959,0.08944704736123531,0.2968542529275426,0.15653864813312,0.24298490574665849,0.11760057110601875,0.130894775347301,0.23404499917572805,0.12855154442427896,0.154310708482081,0.27178920822352315
2906.25,4240.513,4258.974,4156.923,4144.103,4278.974,0.11607971460218786,0.15283319626757375,0.2184193006053897,0.16934125515920959,0.08944704736123531,0.2968542529275426,0.15653864813312,0.24298490574665849,0.11760057110601875,0.130894775347301,0.23404499917572805,0.12855154442427896,0.154310708482081,0.27178920822352315
2914.0625,4253.846,4235.897,4142.564,4160.0,4267.692,0.11607971460218786,0.15283319626757375,0.2184193006053897,0.16934125515920959,0.08944704736123531,0.2968542529275426,0.15653864813312,0.24298490574665849,0.11760057110601875,0.130894775347301,0.23404499917572805,0.12855154442427896,0.154310708482081,0.27178920822352315
2921.875,4268.205,4215.385,4170.256,4149.744,4244.615,0.11607971460218786,0.15283319626757375,0.2184193006053897,0.16934125515920959,0.08944704736123531,0.2968542529275426,0.15653864813312,0.24298490574665849,0.11760057110601875,0.130894775347301,0.23404499917572805,0.12855154442427896,0.154310708482081,0.27178920822352315
2929.6875,4248.718,4243.077,4178.974,4137.436,4255.897,0.11607971460218786,0.15283319626757375,0.2184193006053897,0.16934125515920959,0.08944704736123531,0.2968542529275426,0.15653864813312,0.24298490574665849,0.11760057110601875,0.130894775347301,0.23404499917572805,0.12855154442427896,0.154310708482081,0.27178920822352315
2937.5,4244.615,4267.179,4158.974,4156.41,4282.564,0.11607971460218786,0.15283319626757375,0.2184193006053897,0.16934125515920959,0.08944704736123531,0.2968542529275426,0.15653864813312,0.24298490574665849,0.11760057110601875,0.130894775347301,0.23404499917572805,0.12855154442427896,0.154310708482081,0.27178920822352315
2945.3125,4284.615,4267.179,4184.103,4186.667,4295.385,0.11607971460218786,0.15283319626757375,0.2184193006053897,0.16934125515920959,0.08944704736123531,0.2968542529275426,0.15653864813312,0.24298490574665849,0.11760057110601875,0.130894775347301,0.23404499917572805,0.12855154442427896,0.154310708482081,0.27178920822352315
2953.125,4298.974,4280.513,4215.385,4200.0,4310.769,0.11607971460218786,0.15283319626757375,0.2184193006053897,0.16934125515920959,0.08944704736123531,0.2968542529275426,0.15653864813312,0.24298490574665849,0.11760057110601875,0.130894775347301,0.23404499917572805,0.12855154442427896,0.154310708482081,0.27178920822352315
2960.9375,4274.359,4280.0,4190.256,4201.538,4321.026,0.11607971460218786,0.15283319626757375,0.2184193006053897,0.16934125515920959,0.08944704736123531,0.2968542529275426,0.15653864813312,0.24298490574665849,0.11760057110601875,0.130894775347301,0.23404499917572805,0.12855154442427896,0.154310708482081,0.27178920822352315
2968.75,4264.103,4244.615,4172.821,4190.769,4292.308,0.11607971460218786,0.15283319626757375,0.2184193006053897,0.16934125515920959,0.08944704736123531,0.2968542529275426,0.15653864813312,0.24298490574665849,0.11760057110601875,0.130894775347301,0.23404499917572805,0.12855154442427896,0.154310708482081,0.27178920822352315
2976.5625,4253.333,4231.795,4185.641,4167.179,4255.897,0.11607971460218786,0.15283319626757375,0.2184193006053897,0.16934125515920959,0.08944704736123531,0.2968542529275426,0.15653864813312,0.24298490574665849,0.11760057110601875,0.130894775347301,0.23404499917572805,0.12855154442427896,0.154310708482081,0.27178920822352315
2984.375,4222.051,4247.179,4159.487,4144.615,4261.538,0.11607971460218786,0.15283319626757375,0.2184193006053897,0.16934125515920959,0.08944704736123531,0.2968542529275426,0.15653864813312,0.24298490574665849,0.11760057110601875,0.130894775347301,0.23404499917572805,0.12855154442427896,0.154310708482081,0.27178920822352315
2992.1875,4214.359,4235.385,4122.051,4140.513,4274.872,0.11607971460218786,0.15283319626757375,0.2184193006053897,0.16934125515920959,0.08944704736123531,0.2968542529275426,0.15653864813312,0.24298490574665849,0.11760057110601875,0.130894775347301,0.23404499917572805,0.12855154442427896,0.154310708482081,0.27178920822352315
