timestamp,AF3,T7,Pz,T8,AF4,AF3_theta,AF3_alpha,AF3_beta,T7_theta,T7_mu,T7_beta,Pz_alpha,Pz_beta,T8_theta,T8_mu,T8_beta,AF4_theta,AF4_alpha,AF4_beta
0.0,4369.231,4290.769,4217.436,4212.308,4286.154,0.4294678177106868,0.047316320089082015,0.031188337253585552,0.17210867851769607,0.10758114962091032,0.1904574687690732,0.1675512020033424,0.2325576032741481,0.07171807608686986,0.16471740968400544,0.17453883766096323,0.35034909221837657,0.05441737243774684,0.045457377192237025
7.8125,4402.051,4290.256,4216.41,4215.385,4306.154,0.4294678177106868,0.047316320089082015,0.031188337253585552,0.17210867851769607,0.10758114962091032,0.1904574687690732,0.1675512020033424,0.2325576032741481,0.07171807608686986,0.16471740968400544,0.17453883766096323,0.35034909221837657,0.05441737243774684,0.045457377192237025
15.625,4396.923,4272.308,4204.103,4198.974,4333.846,0.4294678177106868,0.047316320089082015,0.031188337253585552,0.17210867851769607,0.10758114962091032,0.1904574687690732,0.1675512020033424,0.2325576032741481,0.07171807608686986,0.16471740968400544,0.17453883766096323,0.35034909221837657,0.05441737243774684,0.045457377192237025
23.4375,4402.051,4269.744,4229.744,4210.769,4322.564,0.4294678177106868,0.047316320089082015,0.031188337253585552,0.17210867851769607,0.10758114962091032,0.1904574687690732,0.1675512020033424,0.2325576032741481,0.07171807608686986,0.16471740968400544,0.17453883766096323,0.35034909221837657,0.05441737243774684,0.045457377192237025
31.25,4424.103,4303.077,4239.487,4247.692,4330.256,0.4294678177106868,0.047316320089082015,0.031188337253585552,0.17210867851769607,0.10758114962091032,0.1904574687690732,0.1675512020033424,0.2325576032741481,0.07171807608686986,0.16471740968400544,0.17453883766096323,0.35034909221837657,0.05441737243774684,0.045457377192237025
39.0625,4427.179,4327.179,4242.564,4248.205,4362.564,0.4294678177106868,0.047316320089082015,0.031188337253585552,0.17210867851769607,0.10758114962091032,0.1904574687690732,0.1675512020033424,0.2325576032741481,0.07171807608686986,0.16471740968400544,0.17453883766096323,0.35034909221837657,0.05441737243774684,0.045457377192237025
46.875,4408.205,4299.487,4257.436,4226.667,4342.051,0.4294678177106868,0.047316320089082015,0.031188337253585552,0.17210867851769607,0.10758114962091032,0.1904574687690732,0.1675512020033424,0.2325576032741481,0.07171807608686986,0.16471740968400544,0.17453883766096323,0.35034909221837657,0.05441737243774684,0.045457377192237025
54.6875,4388.205,4271.282,4237.949,4234.359,4307.179,0.4294678177106868,0.047316320089082015,0.031188337253585552,0.17210867851769607,0.10758114962091032,0.1904574687690732,0.1675512020033424,0.2325576032741481,0.07171807608686986,0.16471740968400544,0.17453883766096323,0.35034909221837657,0.05441737243774684,0.045457377192237025
62.5,4372.821,4272.821,4207.692,4237.949,4302.051,0.4294678177106868,0.047316320089082015,0.031188337253585552,0.17210867851769607,0.10758114962091032,0.1904574687690732,0.1675512020033424,0.2325576032741481,0.07171807608686986,0.16471740968400544,0.17453883766096323,0.35034909221837657,0.05441737243774684,0.045457377192237025
70.3125,4368.718,4272.308,4209.744,4220.0,4297.949,0.4294678177106868,0.047316320089082015,0.031188337253585552,0.17210867851769607,0.10758114962091032,0.1904574687690732,0.1675512020033424,0.2325576032741481,0.07171807608686986,0.16471740968400544,0.17453883766096323,0.35034909221837657,0.05441737243774684,0.045457377192237025
78.125,4369.231,4261.026,4220.0,4223.077,4288.205,0.4294678177106868,0.047316320089082015,0.031188337253585552,0.17210867851769607,0.10758114962091032,0.1904574687690732,0.1675512020033424,0.2325576032741481,0.07171807608686986,0.16471740968400544,0.17453883766096323,0.35034909221837657,0.05441737243774684,0.045457377192237025
85.9375,4355.897,4254.872,4224.103,4242.564,4274.872,0.4294678177106868,0.047316320089082015,0.031188337253585552,0.17210867851769607,0.10758114962091032,0.1904574687690732,0.1675512020033424,0.2325576032741481,0.07171807608686986,0.16471740968400544,0.17453883766096323,0.35034909221837657,0.05441737243774684,0.045457377192237025
93.75,4349.744,4267.179,4232.308,4255.897,4265.641,0.4294678177106868,0.047316320089082015,0.031188337253585552,0.17210867851769607,0.10758114962091032,0.1904574687690732,0.1675512020033424,0.2325576032741481,0.07171807608686986,0.16471740968400544,0.17453883766096323,0.35034909221837657,0.05441737243774684,0.045457377192237025
101.5625,4352.308,4281.538,4229.231,4258.974,4272.821,0.4294678177106868,0.047316320089082015,0.031188337253585552,0.17210867851769607,0.10758114962091032,0.1904574687690732,0.1675512020033424,0.2325576032741481,0.07171807608686986,0.16471740968400544,0.17453883766096323,0.35034909221837657,0.05441737243774684,0.045457377192237025
109.375,4316.41,4255.897,4206.667,4223.077,4243.077,0.4294678177106868,0.047316320089082015,0.031188337253585552,0.17210867851769607,0.10758114962091032,0.1904574687690732,0.1675512020033424,0.2325576032741481,0.07171807608686986,0.16471740968400544,0.17453883766096323,0.35034909221837657,0.05441737243774684,0.045457377192237025
117.1875,4260.0,4230.769,4184.103,4189.744,4181.026,0.4294678177106868,0.047316320089082015,0.031188337253585552,0.17210867851769607,0.10758114962091032,0.1904574687690732,0.1675512020033424,0.2325576032741481,0.07171807608686986,0.16471740968400544,0.17453883766096323,0.35034909221837657,0.05441737243774684,0.045457377192237025
125.0,4248.718,4249.231,4180.513,4204.615,4162.564,0.4294678177106868,0.047316320089082015,0.031188337253585552,0.17210867851769607,0.10758114962091032,0.1904574687690732,0.1675512020033424,0.2325576032741481,0.07171807608686986,0.16471740968400544,0.17453883766096323,0.35034909221837657,0.05441737243774684,0.045457377192237025
132.8125,4258.974,4259.487,4193.333,4221.026,4165.128,0.4294678177106868,0.047316320089082015,0.031188337253585552,0.17210867851769607,0.10758114962091032,0.1904574687690732,0.1675512020033424,0.2325576032741481,0.07171807608686986,0.16471740968400544,0.17453883766096323,0.35034909221837657,0.05441737243774684,0.045457377192237025
140.625,4245.128,4251.282,4189.231,4213.333,4155.385,0.4294678177106868,0.047316320089082015,0.031188337253585552,0.17210867851769607,0.10758114962091032,0.1904574687690732,0.1675512020033424,0.2325576032741481,0.07171807608686986,0.16471740968400544,0.17453883766096323,0.35034909221837657,0.05441737243774684,0.045457377192237025
148.4375,4231.795,4246.154,4177.949,4210.769,4147.179,0.4294678177106868,0.047316320089082015,0.031188337253585552,0.17210867851769607,0.10758114962091032,0.1904574687690732,0.1675512020033424,0.2325576032741481,0.07171807608686986,0.16471740968400544,0.17453883766096323,0.35034909221837657,0.05441737243774684,0.045457377192237025
156.25,4240.0,4238.462,4182.564,4215.385,4145.128,0.4294678177106868,0.047316320089082015,0.031188337253585552,0.17210867851769607,0.10758114962091032,0.1904574687690732,0.1675512020033424,0.2325576032741481,0.07171807608686986,0.16471740968400544,0.17453883766096323,0.35034909221837657,0.05441737243774684,0.045457377192237025
164.0625,4229.744,4241.026,4184.103,4201.538,4134.872,0.4294678177106868,0.047316320089082015,0.031188337253585552,0.17210867851769607,0.10758114962091032,0.1904574687690732,0.1675512020033424,0.2325576032741481,0.07171807608686986,0.16471740968400544,0.17453883766096323,0.35034909221837657,0.05441737243774684,0.045457377192237025
171.875,4207.692,4232.821,4167.179,4187.179,4107.692,0.4294678177106868,0.047316320089082015,0.031188337253585552,0.17210867851769607,0.10758114962091032,0.1904574687690732,0.1675512020033424,0.2325576032741481,0.07171807608686986,0.16471740968400544,0.17453883766096323,0.35034909221837657,0.05441737243774684,0.045457377192237025
179.6875,4204.103,4213.333,4161.026,4182.051,4091.795,0.4294678177106868,0.047316320089082015,0.031188337253585552,0.17210867851769607,0.10758114962091032,0.1904574687690732,0.1675512020033424,0.2325576032741481,0.07171807608686986,0.16471740968400544,0.17453883766096323,0.35034909221837657,0.05441737243774684,0.045457377192237025
187.5,4195.897,4206.154,4169.744,4157.949,4103.077,0.4294678177106868,0.047316320089082015,0.031188337253585552,0.17210867851769607,0.10758114962091032,0.1904574687690732,0.1675512020033424,0.2325576032741481,0.07171807608686986,0.16471740968400544,0.17453883766096323,0.35034909221837657,0.05441737243774684,0.045457377192237025
195.3125,4178.462,4207.179,4153.846,4136.923,4116.41,0.4294678177106868,0.047316320089082015,0.031188337253585552,0.17210867851769607,0.10758114962091032,0.1904574687690732,0.1675512020033424,0.2325576032741481,0.07171807608686986,0.16471740968400544,0.17453883766096323,0.35034909221837657,0.05441737243774684,0.045457377192237025
203.125,4168.718,4212.308,4135.897,4142.051,4104.615,0.4294678177106868,0.047316320089082015,0.031188337253585552,0.17210867851769607,0.10758114962091032,0.1904574687690732,0.1675512020033424,0.2325576032741481,0.07171807608686986,0.16471740968400544,0.17453883766096323,0.35034909221837657,0.05441737243774684,0.045457377192237025
210.9375,4192.308,4226.154,4168.205,4165.641,4110.256,0.4294678177106868,0.047316320089082015,0.031188337253585552,0.17210867851769607,0.10758114962091032,0.1904574687690732,0.1675512020033424,0.2325576032741481,0.07171807608686986,0.16471740968400544,0.17453883766096323,0.35034909221837657,0.05441737243774684,0.045457377192237025
218.75,4232.821,4235.385,4205.641,4195.897,4155.385,0.4294678177106868,0.047316320089082015,0.031188337253585552,0.17210867851769607,0.10758114962091032,0.1904574687690732,0.1675512020033424,0.2325576032741481,0.07171807608686986,0.16471740968400544,0.17453883766096323,0.35034909221837657,0.05441737243774684,0.045457377192237025
226.5625,4233.846,4225.128,4181.026,4202.051,4173.333,0.4294678177106868,0.047316320089082015,0.031188337253585552,0.17210867851769607,0.10758114962091032,0.1904574687690732,0.1675512020033424,0.2325576032741481,0.07171807608686986,0.16471740968400544,0.17453883766096323,0.35034909221837657,0.05441737243774684,0.045457377192237025
234.375,4220.513,4212.821,4157.436,4183.59,4148.718,0.4294678177106868,0.047316320089082015,0.031188337253585552,0.17210867851769607,0.10758114962091032,0.1904574687690732,0.1675512020033424,0.2325576032741481,0.07171807608686986,0.16471740968400544,0.17453883766096323,0.35034909221837657,0.05441737243774684,0.045457377192237025
242.1875,4237.949,4222.051,4190.769,4175.897,4147.179,0.4294678177106868,0.047316320089082015,0.031188337253585552,0.17210867851769607,0.10758114962091032,0.1904574687690732,0.1675512020033424,0.2325576032741481,0.07171807608686986,0.16471740968400544,0.17453883766096323,0.35034909221837657,0.05441737243774684,0.045457377192237025
250.0,4262.051,4249.231,4214.872,4188.718,4177.949,0.4294678177106868,0.047316320089082015,0.031188337253585552,0.17210867851769607,0.10758114962091032,0.1904574687690732,0.1675512020033424,0.2325576032741481,0.07171807608686986,0.16471740968400544,0.17453883766096323,0.35034909221837657,0.05441737243774684,0.045457377192237025
257.8125,4263.077,4258.462,4198.974,4195.897,4192.308,0.4294678177106868,0.047316320089082015,0.031188337253585552,0.17210867851769607,0.10758114962091032,0.1904574687690732,0.1675512020033424,0.2325576032741481,0.07171807608686986,0.16471740968400544,0.17453883766096323,0.35034909221837657,0.05441737243774684,0.045457377192237025
265.625,4261.026,4248.718,4189.744,4191.282,4181.538,0.4294678177106868,0.047316320089082015,0.031188337253585552,0.17210867851769607,0.10758114962091032,0.1904574687690732,0.1675512020033424,0.2325576032741481,0.07171807608686986,0.16471740968400544,0.17453883766096323,0.35034909221837657,0.05441737243774684,0.045457377192237025
273.4375,4274.872,4250.769,4200.513,4201.538,4165.128,0.4294678177106868,0.047316320089082015,0.031188337253585552,0.17210867851769607,0.10758114962091032,0.1904574687690732,0.1675512020033424,0.2325576032741481,0.07171807608686986,0.16471740968400544,0.17453883766096323,0.35034909221837657,0.05441737243774684,0.045457377192237025
281.25,4292.308,4269.231,4218.462,4224.615,4182.051,0.4294678177106868,0.047316320089082015,0.031188337253585552,0.17210867851769607,0.10758114962091032,0.1904574687690732,0.1675512020033424,0.2325576032741481,0.07171807608686986,0.16471740968400544,0.17453883766096323,0.35034909221837657,0.05441737243774684,0.045457377192237025
289.0625,4307.179,4283.59,4233.846,4240.513,4252.821,0.4294678177106868,0.047316320089082015,0.031188337253585552,0.17210867851769607,0.10758114962091032,0.1904574687690732,0.1675512020033424,0.2325576032741481,0.07171807608686986,0.16471740968400544,0.17453883766096323,0.35034909221837657,0.05441737243774684,0.045457377192237025
296.875,4310.256,4272.308,4230.256,4238.974,4277.949,0.4294678177106868,0.047316320089082015,0.031188337253585552,0.17210867851769607,0.10758114962091032,0.1904574687690732,0.1675512020033424,0.2325576032741481,0.07171807608686986,0.16471740968400544,0.17453883766096323,0.35034909221837657,0.05441737243774684,0.045457377192237025
304.6875,4305.128,4262.051,4213.846,4236.41,4234.359,0.4294678177106868,0.047316320089082015,0.031188337253585552,0.17210867851769607,0.10758114962091032,0.1904574687690732,0.1675512020033424,0.2325576032741481,0.07171807608686986,0.16471740968400544,0.17453883766096323,0.35034909221837657,0.05441737243774684,0.045457377192237025
312.5,4295.385,4265.641,4208.718,4229.231,4223.59,0.4294678177106868,0.047316320089082015,0.031188337253585552,0.17210867851769607,0.10758114962091032,0.1904574687690732,0.1675512020033424,0.2325576032741481,0.07171807608686986,0.16471740968400544,0.17453883766096323,0.35034909221837657,0.05441737243774684,0.045457377192237025
320.3125,4288.205,4259.487,4203.59,4205.641,4243.077,0.4294678177106868,0.047316320089082015,0.031188337253585552,0.17210867851769607,0.10758114962091032,0.1904574687690732,0.1675512020033424,0.2325576032741481,0.07171807608686986,0.16471740968400544,0.17453883766096323,0.35034909221837657,0.05441737243774684,0.045457377192237025
328.125,4299.487,4257.949,4206.154,4194.359,4234.872,0.4294678177106868,0.047316320089082015,0.031188337253585552,0.17210867851769607,0.10758114962091032,0.1904574687690732,0.1675512020033424,0.2325576032741481,0.07171807608686986,0.16471740968400544,0.17453883766096323,0.35034909221837657,0.05441737243774684,0.045457377192237025
335.9375,4306.667,4266.667,4210.769,4201.026,4219.487,0.4294678177106868,0.047316320089082015,0.031188337253585552,0.17210867851769607,0.10758114962091032,0.1904574687690732,0.1675512020033424,0.2325576032741481,0.07171807608686986,0.16471740968400544,0.17453883766096323,0.35034909221837657,0.05441737243774684,0.045457377192237025
343.75,4296.923,4255.385,4201.026,4206.154,4215.385,0.4294678177106868,0.047316320089082015,0.031188337253585552,0.17210867851769607,0.10758114962091032,0.1904574687690732,0.1675512020033424,0.2325576032741481,0.07171807608686986,0.16471740968400544,0.17453883766096323,0.35034909221837657,0.05441737243774684,0.045457377192237025
351.5625,4278.462,4237.949,4189.744,4196.41,4200.513,0.4294678177106868,0.047316320089082015,0.031188337253585552,0.17210867851769607,0.10758114962091032,0.1904574687690732,0.1675512020033424,0.2325576032741481,0.07171807608686986,0.16471740968400544,0.17453883766096323,0.35034909221837657,0.05441737243774684,0.045457377192237025
359.375,4262.564,4246.667,4190.769,4191.795,4178.974,0.4294678177106868,0.047316320089082015,0.031188337253585552,0.17210867851769607,0.10758114962091032,0.1904574687690732,0.1675512020033424,0.2325576032741481,0.07171807608686986,0.16471740968400544,0.17453883766096323,0.35034909221837657,0.05441737243774684,0.045457377192237025
367.1875,4261.538,4262.051,4195.385,4197.436,4176.41,0.4294678177106868,0.047316320089082015,0.031188337253585552,0.17210867851769607,0.10758114962091032,0.1904574687690732,0.1675512020033424,0.2325576032741481,0.07171807608686986,0.16471740968400544,0.17453883766096323,0.35034909221837657,0.05441737243774684,0.045457377192237025
375.0,4269.744,4266.154,4202.051,4194.359,4192.308,0.4294678177106868,0.047316320089082015,0.031188337253585552,0.17210867851769607,0.10758114962091032,0.1904574687690732,0.1675512020033424,0.2325576032741481,0.07171807608686986,0.16471740968400544,0.17453883766096323,0.35034909221837657,0.05441737243774684,0.045457377192237025
382.8125,4283.077,4268.718,4211.795,4203.59,4207.179,0.4294678177106868,0.047316320089082015,0.031188337253585552,0.17210867851769607,0.10758114962091032,0.1904574687690732,0.1675512020033424,0.2325576032741481,0.07171807608686986,0.16471740968400544,0.17453883766096323,0.35034909221837657,0.05441737243774684,0.045457377192237025
390.625,4303.077,4290.769,4219.487,4228.718,4223.077,0.4294678177106868,0.047316320089082015,0.031188337253585552,0.17210867851769607,0.10758114962091032,0.1904574687690732,0.1675512020033424,0.2325576032741481,0.07171807608686986,0.16471740968400544,0.17453883766096323,0.35034909221837657,0.05441737243774684,0.045457377192237025
398.4375,4314.359,4299.487,4224.103,4233.846,4229.231,0.4294678177106868,0.047316320089082015,0.031188337253585552,0.17210867851769607,0.10758114962091032,0.1904574687690732,0.1675512020033424,0.2325576032741481,0.07171807608686986,0.16471740968400544,0.17453883766096323,0.35034909221837657,0.05441737243774684,0.045457377192237025
406.25,4290.256,4265.641,4212.308,4202.564,4198.462,0.4294678177106868,0.047316320089082015,0.031188337253585552,0.17210867851769607,0.10758114962091032,0.1904574687690732,0.1675512020033424,0.2325576032741481,0.07171807608686986,0.16471740968400544,0.17453883766096323,0.35034909221837657,0.05441737243774684,0.045457377192237025
414.0625,4262.564,4248.718,4189.744,4178.462,4174.359,0.4294678177106868,0.047316320089082015,0.031188337253585552,0.17210867851769607,0.10758114962091032,0.1904574687690732,0.1675512020033424,0.2325576032741481,0.07171807608686986,0.16471740968400544,0.17453883766096323,0.35034909221837657,0.05441737243774684,0.045457377192237025
421.875,4291.795,4271.282,4190.769,4194.872,4198.462,0.4294678177106868,0.047316320089082015,0.031188337253585552,0.17210867851769607,0.10758114962091032,0.1904574687690732,0.1675512020033424,0.2325576032741481,0.07171807608686986,0.16471740968400544,0.17453883766096323,0.35034909221837657,0.05441737243774684,0.045457377192237025
429.6875,4336.923,4289.231,4193.846,4218.974,4235.385,0.4294678177106868,0.047316320089082015,0.031188337253585552,0.17210867851769607,0.10758114962091032,0.1904574687690732,0.1675512020033424,0.2325576032741481,0.07171807608686986,0.16471740968400544,0.17453883766096323,0.35034909221837657,0.05441737243774684,0.045457377192237025
437.5,4343.077,4289.744,4190.256,4208.205,4247.692,0.4294678177106868,0.047316320089082015,0.031188337253585552,0.17210867851769607,0.10758114962091032,0.1904574687690732,0.1675512020033424,0.2325576032741481,0.07171807608686986,0.16471740968400544,0.17453883766096323,0.35034909221837657,0.05441737243774684,0.045457377192237025
445.3125,4372.821,4284.103,4214.359,4207.179,4272.821,0.4294678177106868,0.047316320089082015,0.031188337253585552,0.17210867851769607,0.10758114962091032,0.1904574687690732,0.1675512020033424,0.2325576032741481,0.07171807608686986,0.16471740968400544,0.17453883766096323,0.35034909221837657,0.05441737243774684,0.045457377192237025
453.125,4443.59,4280.513,4223.077,4242.051,4330.769,0.4294678177106868,0.047316320089082015,0.031188337253585552,0.17210867851769607,0.10758114962091032,0.1904574687690732,0.1675512020033424,0.2325576032741481,0.07171807608686986,0.16471740968400544,0.17453883766096323,0.35034909221837657,0.05441737243774684,0.045457377192237025
460.9375,4479.487,4300.0,4188.205,4240.513,4371.282,0.4294678177106868,0.047316320089082015,0.031188337253585552,0.17210867851769607,0.10758114962091032,0.1904574687690732,0.1675512020033424,0.2325576032741481,0.07171807608686986,0.16471740968400544,0.17453883766096323,0.35034909221837657,0.05441737243774684,0.045457377192237025
468.75,4493.333,4317.949,4184.615,4197.949,4377.436,0.4294678177106868,0.047316320089082015,0.031188337253585552,0.17210867851769607,0.10758114962091032,0.1904574687690732,0.1675512020033424,0.2325576032741481,0.07171807608686986,0.16471740968400544,0.17453883766096323,0.35034909221837657,0.05441737243774684,0.045457377192237025
476.5625,4538.462,4307.179,4215.897,4178.462,4391.282,0.4294678177106868,0.047316320089082015,0.031188337253585552,0.17210867851769607,0.10758114962091032,0.1904574687690732,0.1675512020033424,0.2325576032741481,0.07171807608686986,0.16471740968400544,0.17453883766096323,0.35034909221837657,0.05441737243774684,0.045457377192237025
484.375,4566.667,4293.333,4207.179,4166.667,4396.923,0.4294678177106868,0.047316320089082015,0.031188337253585552,0.17210867851769607,0.10758114962091032,0.1904574687690732,0.1675512020033424,0.2325576032741481,0.07171807608686986,0.16471740968400544,0.17453883766096323,0.35034909221837657,0.05441737243774684,0.045457377192237025
492.1875,4552.821,4284.615,4181.026,4144.615,4363.077,0.4294678177106868,0.047316320089082015,0.031188337253585552,0.17210867851769607,0.10758114962091032,0.1904574687690732,0.1675512020033424,0.2325576032741481,0.07171807608686986,0.16471740968400544,0.17453883766096323,0.35034909221837657,0.05441737243774684,0.045457377192237025
500.0,4561.538,4282.051,4191.795,4154.872,4345.128,0.4294678177106868,0.047316320089082015,0.031188337253585552,0.17210867851769607,0.10758114962091032,0.1904574687690732,0.1675512020033424,0.2325576032741481,0.07171807608686986,0.16471740968400544,0.17453883766096323,0.35034909221837657,0.05441737243774684,0.045457377192237025
507.8125,4580.0,4290.769,4189.231,4183.59,4362.051,0.4294678177106868,0.047316320089082015,0.031188337253585552,0.17210867851769607,0.10758114962091032,0.1904574687690732,0.1675512020033424,0.2325576032741481,0.07171807608686986,0.16471740968400544,0.17453883766096323,0.35034909221837657,0.05441737243774684,0.045457377192237025
515.625,4521.538,4292.821,4142.564,4162.564,4341.026,0.4294678177106868,0.047316320089082015,0.031188337253585552,0.17210867851769607,0.10758114962091032,0.1904574687690732,0.1675512020033424,0.2325576032741481,0.07171807608686986,0.16471740968400544,0.17453883766096323,0.35034909221837657,0.05441737243774684,0.045457377192237025
523.4375,4442.564,4281.026,4132.308,4122.564,4280.0,0.4294678177106868,0.047316320089082015,0.031188337253585552,0.17210867851769607,0.10758114962091032,0.1904574687690732,0.1675512020033424,0.2325576032741481,0.07171807608686986,0.16471740968400544,0.17453883766096323,0.35034909221837657,0.05441737243774684,0.045457377192237025
531.25,4441.538,4273.333,4172.308,4137.436,4254.872,0.4294678177106868,0.047316320089082015,0.031188337253585552,0.17210867851769607,0.10758114962091032,0.1904574687690732,0.1675512020033424,0.2325576032741481,0.07171807608686986,0.16471740968400544,0.17453883766096323,0.35034909221837657,0.05441737243774684,0.045457377192237025
539.0625,4441.026,4284.103,4177.436,4171.282,4261.026,0.4294678177106868,0.047316320089082015,0.031188337253585552,0.17210867851769607,0.10758114962091032,0.1904574687690732,0.1675512020033424,0.2325576032741481,0.07171807608686986,0.16471740968400544,0.17453883766096323,0.35034909221837657,0.05441737243774684,0.045457377192237025
546.875,4382.564,4293.333,4155.897,4162.564,4229.744,0.4294678177106868,0.047316320089082015,0.031188337253585552,0.17210867851769607,0.10758114962091032,0.1904574687690732,0.1675512020033424,0.2325576032741481,0.07171807608686986,0.16471740968400544,0.17453883766096323,0.35034909221837657,0.05441737243774684,0.045457377192237025
554.6875,4340.513,4290.256,4154.872,4145.641,4184.615,0.4294678177106868,0.047316320089082015,0.031188337253585552,0.17210867851769607,0.10758114962091032,0.1904574687690732,0.1675512020033424,0.2325576032741481,0.07171807608686986,0.16471740968400544,0.17453883766096323,0.35034909221837657,0.05441737243774684,0.045457377192237025
562.5,4323.59,4278.974,4149.231,4154.359,4178.974,0.4294678177106868,0.047316320089082015,0.031188337253585552,0.17210867851769607,0.10758114962091032,0.1904574687690732,0.1675512020033424,0.2325576032741481,0.07171807608686986,0.16471740968400544,0.17453883766096323,0.35034909221837657,0.05441737243774684,0.045457377192237025
570.3125,4293.333,4269.231,4146.154,4155.897,4161.538,0.4294678177106868,0.047316320089082015,0.031188337253585552,0.17210867851769607,0.10758114962091032,0.1904574687690732,0.1675512020033424,0.2325576032741481,0.07171807608686986,0.16471740968400544,0.17453883766096323,0.35034909221837657,0.05441737243774684,0.045457377192237025
578.125,4280.0,4274.359,4169.231,4151.282,4124.103,0.4294678177106868,0.047316320089082015,0.031188337253585552,0.17210867851769607,0.10758114962091032,0.1904574687690732,0.1675512020033424,0.2325576032741481,0.07171807608686986,0.16471740968400544,0.17453883766096323,0.35034909221837657,0.05441737243774684,0.045457377192237025
585.9375,4287.179,4282.051,4178.974,4157.436,4136.923,0.4294678177106868,0.047316320089082015,0.031188337253585552,0.17210867851769607,0.10758114962091032,0.1904574687690732,0.1675512020033424,0.2325576032741481,0.07171807608686986,0.16471740968400544,0.17453883766096323,0.35034909221837657,0.05441737243774684,0.045457377192237025
593.75,4280.0,4281.538,4173.333,4164.103,4170.256,0.4294678177106868,0.047316320089082015,0.031188337253585552,0.17210867851769607,0.10758114962091032,0.1904574687690732,0.1675512020033424,0.2325576032741481,0.07171807608686986,0.16471740968400544,0.17453883766096323,0.35034909221837657,0.05441737243774684,0.045457377192237025
601.5625,4273.333,4284.615,4178.462,4175.897,4169.231,0.4294678177106868,0.047316320089082015,0.031188337253585552,0.17210867851769607,0.10758114962091032,0.1904574687690732,0.1675512020033424,0.2325576032741481,0.07171807608686986,0.16471740968400544,0.17453883766096323,0.35034909221837657,0.05441737243774684,0.045457377192237025
609.375,4267.692,4283.59,4175.897,4176.923,4152.821,0.4294678177106868,0.047316320089082015,0.031188337253585552,0.17210867851769607,0.10758114962091032,0.1904574687690732,0.1675512020033424,0.2325576032741481,0.07171807608686986,0.16471740968400544,0.17453883766096323,0.35034909221837657,0.05441737243774684,0.045457377192237025
617.1875,4248.718,4276.923,4169.231,4153.846,4142.564,0.4294678177106868,0.047316320089082015,0.031188337253585552,0.17210867851769607,0.10758114962091032,0.1904574687690732,0.1675512020033424,0.2325576032741481,0.07171807608686986,0.16471740968400544,0.17453883766096323,0.35034909221837657,0.05441737243774684,0.045457377192237025
625.0,4228.205,4287.179,4167.179,4139.487,4139.487,0.4294678177106868,0.047316320089082015,0.031188337253585552,0.17210867851769607,0.10758114962091032,0.1904574687690732,0.1675512020033424,0.2325576032741481,0.07171807608686986,0.16471740968400544,0.17453883766096323,0.35034909221837657,0.05441737243774684,0.045457377192237025
632.8125,4221.538,4285.641,4157.436,4144.103,4134.872,0.4294678177106868,0.047316320089082015,0.031188337253585552,0.17210867851769607,0.10758114962091032,0.1904574687690732,0.1675512020033424,0.2325576032741481,0.07171807608686986,0.16471740968400544,0.17453883766096323,0.35034909221837657,0.05441737243774684,0.045457377192237025
640.625,4219.487,4254.359,4149.744,4138.974,4114.872,0.4294678177106868,0.047316320089082015,0.031188337253585552,0.17210867851769607,0.10758114962091032,0.1904574687690732,0.1675512020033424,0.2325576032741481,0.07171807608686986,0.16471740968400544,0.17453883766096323,0.35034909221837657,0.05441737243774684,0.045457377192237025
648.4375,4212.308,4252.308,4151.795,4119.487,4100.513,0.4294678177106868,0.047316320089082015,0.031188337253585552,0.17210867851769607,0.10758114962091032,0.1904574687690732,0.1675512020033424,0.2325576032741481,0.07171807608686986,0.16471740968400544,0.17453883766096323,0.35034909221837657,0.05441737243774684,0.045457377192237025
656.25,4221.026,4263.077,4145.641,4114.872,4115.385,0.4294678177106868,0.047316320089082015,0.031188337253585552,0.17210867851769607,0.10758114962091032,0.1904574687690732,0.1675512020033424,0.2325576032741481,0.07171807608686986,0.16471740968400544,0.17453883766096323,0.35034909221837657,0.05441737243774684,0.045457377192237025
664.0625,4247.179,4243.077,4131.795,4122.564,4138.462,0.4294678177106868,0.047316320089082015,0.031188337253585552,0.17210867851769607,0.10758114962091032,0.1904574687690732,0.1675512020033424,0.2325576032741481,0.07171807608686986,0.16471740968400544,0.17453883766096323,0.35034909221837657,0.05441737243774684,0.045457377192237025
671.875,4275.385,4239.487,4124.103,4122.051,4157.436,0.4294678177106868,0.047316320089082015,0.031188337253585552,0.17210867851769607,0.10758114962091032,0.1904574687690732,0.1675512020033424,0.2325576032741481,0.07171807608686986,0.16471740968400544,0.17453883766096323,0.35034909221837657,0.05441737243774684,0.045457377192237025
679.6875,4301.026,4255.385,4111.795,4114.872,4181.538,0.4294678177106868,0.047316320089082015,0.031188337253585552,0.17210867851769607,0.10758114962091032,0.1904574687690732,0.1675512020033424,0.2325576032741481,0.07171807608686986,0.16471740968400544,0.17453883766096323,0.35034909221837657,0.05441737243774684,0.045457377192237025
687.5,4337.949,4254.872,4116.41,4126.154,4227.692,0.4294678177106868,0.047316320089082015,0.031188337253585552,0.17210867851769607,0.10758114962091032,0.1904574687690732,0.1675512020033424,0.2325576032741481,0.07171807608686986,0.16471740968400544,0.17453883766096323,0.35034909221837657,0.05441737243774684,0.045457377192237025
695.3125,4378.462,4256.41,4143.59,4145.128,4265.641,0.4294678177106868,0.047316320089082015,0.031188337253585552,0.17210867851769607,0.10758114962091032,0.1904574687690732,0.1675512020033424,0.2325576032741481,0.07171807608686986,0.16471740968400544,0.17453883766096323,0.35034909221837657,0.05441737243774684,0.045457377192237025
703.125,4389.231,4271.282,4144.103,4131.282,4266.154,0.4294678177106868,0.047316320089082015,0.031188337253585552,0.17210867851769607,0.10758114962091032,0.1904574687690732,0.1675512020033424,0.2325576032741481,0.07171807608686986,0.16471740968400544,0.17453883766096323,0.35034909221837657,0.05441737243774684,0.045457377192237025
710.9375,4388.718,4273.333,4128.718,4113.333,4270.256,0.4294678177106868,0.047316320089082015,0.031188337253585552,0.17210867851769607,0.10758114962091032,0.1904574687690732,0.1675512020033424,0.2325576032741481,0.07171807608686986,0.16471740968400544,0.17453883766096323,0.35034909221837657,0.05441737243774684,0.045457377192237025
718.75,4382.564,4267.692,4140.513,4127.692,4276.41,0.4294678177106868,0.047316320089082015,0.031188337253585552,0.17210867851769607,0.10758114962091032,0.1904574687690732,0.1675512020033424,0.2325576032741481,0.07171807608686986,0.16471740968400544,0.17453883766096323,0.35034909221837657,0.05441737243774684,0.045457377192237025
726.5625,4365.128,4279.487,4165.128,4154.359,4249.231,0.4294678177106868,0.047316320089082015,0.031188337253585552,0.17210867851769607,0.10758114962091032,0.1904574687690732,0.1675512020033424,0.2325576032741481,0.07171807608686986,0.16471740968400544,0.17453883766096323,0.35034909221837657,0.05441737243774684,0.045457377192237025
734.375,4351.282,4286.154,4164.615,4160.0,4230.769,0.4294678177106868,0.047316320089082015,0.031188337253585552,0.17210867851769607,0.10758114962091032,0.1904574687690732,0.1675512020033424,0.2325576032741481,0.07171807608686986,0.16471740968400544,0.17453883766096323,0.35034909221837657,0.05441737243774684,0.045457377192237025
742.1875,4348.205,4276.41,4156.923,4154.872,4249.231,0.4294678177106868,0.047316320089082015,0.031188337253585552,0.17210867851769607,0.10758114962091032,0.1904574687690732,0.1675512020033424,0.2325576032741481,0.07171807608686986,0.16471740968400544,0.17453883766096323,0.35034909221837657,0.05441737243774684,0.045457377192237025
750.0,4331.795,4275.385,4154.872,4167.692,4246.154,0.4294678177106868,0.047316320089082015,0.031188337253585552,0.17210867851769607,0.10758114962091032,0.1904574687690732,0.1675512020033424,0.2325576032741481,0.07171807608686986,0.16471740968400544,0.17453883766096323,0.35034909221837657,0.05441737243774684,0.045457377192237025
757.8125,4304.103,4275.385,4140.513,4177.949,4213.333,0.4294678177106868,0.047316320089082015,0.031188337253585552,0.17210867851769607,0.10758114962091032,0.1904574687690732,0.1675512020033424,0.2325576032741481,0.07171807608686986,0.16471740968400544,0.17453883766096323,0.35034909221837657,0.05441737243774684,0.045457377192237025
765.625,4294.359,4258.974,4136.923,4166.154,4188.205,0.4294678177106868,0.047316320089082015,0.031188337253585552,0.17210867851769607,0.10758114962091032,0.1904574687690732,0.1675512020033424,0.2325576032741481,0.07171807608686986,0.16471740968400544,0.17453883766096323,0.35034909221837657,0.05441737243774684,0.045457377192237025
773.4375,4278.974,4251.795,4146.154,4160.513,4164.615,0.4294678177106868,0.047316320089082015,0.031188337253585552,0.17210867851769607,0.10758114962091032,0.1904574687690732,0.1675512020033424,0.2325576032741481,0.07171807608686986,0.16471740968400544,0.17453883766096323,0.35034909221837657,0.05441737243774684,0.045457377192237025
781.25,4242.564,4258.974,4136.41,4164.615,4134.872,0.4294678177106868,0.047316320089082015,0.031188337253585552,0.17210867851769607,0.10758114962091032,0.1904574687690732,0.1675512020033424,0.2325576032741481,0.07171807608686986,0.16471740968400544,0.17453883766096323,0.35034909221837657,0.05441737243774684,0.045457377192237025
789.0625,4220.0,4249.231,4118.462,4151.282,4113.846,0.4294678177106868,0.047316320089082015,0.031188337253585552,0.17210867851769607,0.10758114962091032,0.1904574687690732,0.1675512020033424,0.2325576032741481,0.07171807608686986,0.16471740968400544,0.17453883766096323,0.35034909221837657,0.05441737243774684,0.045457377192237025
796.875,4212.308,4237.949,4127.179,4133.333,4110.256,0.4294678177106868,0.047316320089082015,0.031188337253585552,0.17210867851769607,0.10758114962091032,0.1904574687690732,0.1675512020033424,0.2325576032741481,0.07171807608686986,0.16471740968400544,0.17453883766096323,0.35034909221837657,0.05441737243774684,0.045457377192237025
804.6875,4191.282,4240.513,4127.179,4123.077,4103.077,0.4294678177106868,0.047316320089082015,0.031188337253585552,0.17210867851769607,0.10758114962091032,0.1904574687690732,0.1675512020033424,0.2325576032741481,0.07171807608686986,0.16471740968400544,0.17453883766096323,0.35034909221837657,0.05441737243774684,0.045457377192237025
812.5,4179.487,4245.128,4110.769,4121.026,4096.41,0.4294678177106868,0.047316320089082015,0.031188337253585552,0.17210867851769607,0.10758114962091032,0.1904574687690732,0.1675512020033424,0.2325576032741481,0.07171807608686986,0.16471740968400544,0.17453883766096323,0.35034909221837657,0.05441737243774684,0.045457377192237025
820.3125,4209.231,4250.769,4132.308,4144.615,4117.949,0.4294678177106868,0.047316320089082015,0.031188337253585552,0.17210867851769607,0.10758114962091032,0.1904574687690732,0.1675512020033424,0.2325576032741481,0.07171807608686986,0.16471740968400544,0.17453883766096323,0.35034909221837657,0.05441737243774684,0.045457377192237025
828.125,4224.103,4258.462,4167.692,4165.641,4131.795,0.4294678177106868,0.047316320089082015,0.031188337253585552,0.17210867851769607,0.10758114962091032,0.1904574687690732,0.1675512020033424,0.2325576032741481,0.07171807608686986,0.16471740968400544,0.17453883766096323,0.35034909221837657,0.05441737243774684,0.045457377192237025
835.9375,4212.821,4264.103,4168.205,4163.077,4118.974,0.4294678177106868,0.047316320089082015,0.031188337253585552,0.17210867851769607,0.10758114962091032,0.1904574687690732,0.1675512020033424,0.2325576032741481,0.07171807608686986,0.16471740968400544,0.17453883766096323,0.35034909221837657,0.05441737243774684,0.045457377192237025
843.75,4226.154,4272.308,4156.923,4172.821,4131.282,0.4294678177106868,0.047316320089082015,0.031188337253585552,0.17210867851769607,0.10758114962091032,0.1904574687690732,0.1675512020033424,0.2325576032741481,0.07171807608686986,0.16471740968400544,0.17453883766096323,0.35034909221837657,0.05441737243774684,0.045457377192237025
851.5625,4264.103,4289.231,4169.744,4188.718,4171.795,0.4294678177106868,0.047316320089082015,0.031188337253585552,0.17210867851769607,0.10758114962091032,0.1904574687690732,0.1675512020033424,0.2325576032741481,0.07171807608686986,0.16471740968400544,0.17453883766096323,0.35034909221837657,0.05441737243774684,0.045457377192237025
859.375,4290.769,4305.641,4178.462,4189.231,4198.462,0.4294678177106868,0.047316320089082015,0.031188337253585552,0.17210867851769607,0.10758114962091032,0.1904574687690732,0.1675512020033424,0.2325576032741481,0.07171807608686986,0.16471740968400544,0.17453883766096323,0.35034909221837657,0.05441737243774684,0.045457377192237025
867.1875,4312.308,4300.0,4163.59,4183.077,4214.359,0.4294678177106868,0.047316320089082015,0.031188337253585552,0.17210867851769607,0.10758114962091032,0.1904574687690732,0.1675512020033424,0.2325576032741481,0.07171807608686986,0.16471740968400544,0.17453883766096323,0.35034909221837657,0.05441737243774684,0.045457377192237025
875.0,4370.256,4269.744,4155.385,4178.974,4238.974,0.4294678177106868,0.047316320089082015,0.031188337253585552,0.17210867851769607,0.10758114962091032,0.1904574687690732,0.1675512020033424,0.2325576032741481,0.07171807608686986,0.16471740968400544,0.17453883766096323,0.35034909221837657,0.05441737243774684,0.045457377192237025
882.8125,4441.026,4276.923,4150.256,4182.051,4287.692,0.4294678177106868,0.047316320089082015,0.031188337253585552,0.17210867851769607,0.10758114962091032,0.1904574687690732,0.1675512020033424,0.2325576032741481,0.07171807608686986,0.16471740968400544,0.17453883766096323,0.35034909221837657,0.05441737243774684,0.045457377192237025
890.625,4462.564,4306.667,4143.59,4174.359,4339.487,0.4294678177106868,0.047316320089082015,0.031188337253585552,0.17210867851769607,0.10758114962091032,0.1904574687690732,0.1675512020033424,0.2325576032741481,0.07171807608686986,0.16471740968400544,0.17453883766096323,0.35034909221837657,0.05441737243774684,0.045457377192237025
898.4375,4471.795,4281.538,4163.59,4149.231,4351.795,0.4294678177106868,0.047316320089082015,0.031188337253585552,0.17210867851769607,0.10758114962091032,0.1904574687690732,0.1675512020033424,0.2325576032741481,0.07171807608686986,0.16471740968400544,0.17453883766096323,0.35034909221837657,0.05441737243774684,0.045457377192237025
906.25,4530.256,4260.0,4183.59,4169.231,4366.154,0.4294678177106868,0.047316320089082015,0.031188337253585552,0.17210867851769607,0.10758114962091032,0.1904574687690732,0.1675512020033424,0.2325576032741481,0.07171807608686986,0.16471740968400544,0.17453883766096323,0.35034909221837657,0.05441737243774684,0.045457377192237025
914.0625,4548.718,4303.59,4160.513,4221.026,4414.359,0.4294678177106868,0.047316320089082015,0.031188337253585552,0.17210867851769607,0.10758114962091032,0.1904574687690732,0.1675512020033424,0.2325576032741481,0.07171807608686986,0.16471740968400544,0.17453883766096323,0.35034909221837657,0.05441737243774684,0.045457377192237025
921.875,4478.974,4320.513,4145.641,4201.538,4414.359,0.4294678177106868,0.047316320089082015,0.031188337253585552,0.17210867851769607,0.10758114962091032,0.1904574687690732,0.1675512020033424,0.2325576032741481,0.07171807608686986,0.16471740968400544,0.17453883766096323,0.35034909221837657,0.05441737243774684,0.045457377192237025
929.6875,4434.359,4274.872,4165.128,4163.59,4355.385,0.4294678177106868,0.047316320089082015,0.031188337253585552,0.17210867851769607,0.10758114962091032,0.1904574687690732,0.1675512020033424,0.2325576032741481,0.07171807608686986,0.16471740968400544,0.17453883766096323,0.35034909221837657,0.05441737243774684,0.045457377192237025
937.5,4422.051,4262.564,4170.769,4195.897,4326.667,0.4294678177106868,0.047316320089082015,0.031188337253585552,0.17210867851769607,0.10758114962091032,0.1904574687690732,0.1675512020033424,0.2325576032741481,0.07171807608686986,0.16471740968400544,0.17453883766096323,0.35034909221837657,0.05441737243774684,0.045457377192237025
945.3125,4374.359,4279.487,4164.103,4223.077,4314.359,0.4294678177106868,0.047316320089082015,0.031188337253585552,0.17210867851769607,0.10758114962091032,0.1904574687690732,0.1675512020033424,0.2325576032741481,0.07171807608686986,0.16471740968400544,0.17453883766096323,0.35034909221837657,0.05441737243774684,0.045457377192237025
953.125,4322.564,4271.282,4159.487,4197.436,4268.718,0.4294678177106868,0.047316320089082015,0.031188337253585552,0.17210867851769607,0.10758114962091032,0.1904574687690732,0.1675512020033424,0.2325576032741481,0.07171807608686986,0.16471740968400544,0.17453883766096323,0.35034909221837657,0.05441737243774684,0.045457377192237025
960.9375,4309.231,4267.692,4153.333,4184.615,4233.846,0.4294678177106868,0.047316320089082015,0.031188337253585552,0.17210867851769607,0.10758114962091032,0.1904574687690732,0.1675512020033424,0.2325576032741481,0.07171807608686986,0.16471740968400544,0.17453883766096323,0.35034909221837657,0.05441737243774684,0.045457377192237025
968.75,4301.026,4280.513,4155.897,4189.744,4221.538,0.4294678177106868,0.047316320089082015,0.031188337253585552,0.17210867851769607,0.10758114962091032,0.1904574687690732,0.1675512020033424,0.2325576032741481,0.07171807608686986,0.16471740968400544,0.17453883766096323,0.35034909221837657,0.05441737243774684,0.045457377192237025
976.5625,4269.231,4279.487,4158.974,4168.718,4193.846,0.4294678177106868,0.047316320089082015,0.031188337253585552,0.17210867851769607,0.10758114962091032,0.1904574687690732,0.1675512020033424,0.2325576032741481,0.07171807608686986,0.16471740968400544,0.17453883766096323,0.35034909221837657,0.05441737243774684,0.045457377192237025
984.375,4230.769,4259.487,4135.897,4147.179,4151.282,0.4294678177106868,0.047316320089082015,0.031188337253585552,0.17210867851769607,0.10758114962091032,0.1904574687690732,0.1675512020033424,0.2325576032741481,0.07171807608686986,0.16471740968400544,0.17453883766096323,0.35034909221837657,0.05441737243774684,0.045457377192237025
992.1875,4208.718,4237.436,4116.41,4144.615,4117.436,0.4294678177106868,0.047316320089082015,0.031188337253585552,0.17210867851769607,0.10758114962091032,0.1904574687690732,0.1675512020033424,0.2325576032741481,0.07171807608686986,0.16471740968400544,0.17453883766096323,0.35034909221837657,0.05441737243774684,0.045457377192237025
1000.0,4215.385,4235.385,4139.487,4146.154,4129.231,0.4294678177106868,0.047316320089082015,0.031188337253585552,0.17210867851769607,0.10758114962091032,0.1904574687690732,0.1675512020033424,0.2325576032741481,0.07171807608686986,0.16471740968400544,0.17453883766096323,0.35034909221837657,0.05441737243774684,0.045457377192237025
1007.8125,4225.128,4265.128,4160.513,4160.513,4181.538,0.4294678177106868,0.047316320089082015,0.031188337253585552,0.17210867851769607,0.10758114962091032,0.1904574687690732,0.1675512020033424,0.2325576032741481,0.07171807608686986,0.16471740968400544,0.17453883766096323,0.35034909221837657,0.05441737243774684,0.045457377192237025
1015.625,4222.564,4278.974,4150.256,4178.462,4187.692,0.4294678177106868,0.047316320089082015,0.031188337253585552,0.17210867851769607,0.10758114962091032,0.1904574687690732,0.1675512020033424,0.2325576032741481,0.07171807608686986,0.16471740968400544,0.17453883766096323,0.35034909221837657,0.05441737243774684,0.045457377192237025
1023.4375,4213.333,4257.949,4143.077,4177.436,4132.308,0.4294678177106868,0.047316320089082015,0.031188337253585552,0.17210867851769607,0.10758114962091032,0.1904574687690732,0.1675512020033424,0.2325576032741481,0.07171807608686986,0.16471740968400544,0.17453883766096323,0.35034909221837657,0.05441737243774684,0.045457377192237025
1031.25,4201.538,4252.821,4151.795,4168.205,4109.744,0.4294678177106868,0.047316320089082015,0.031188337253585552,0.17210867851769607,0.10758114962091032,0.1904574687690732,0.1675512020033424,0.2325576032741481,0.07171807608686986,0.16471740968400544,0.17453883766096323,0.35034909221837657,0.05441737243774684,0.045457377192237025
1039.0625,4197.436,4271.795,4155.385,4176.923,4141.026,0.4294678177106868,0.047316320089082015,0.031188337253585552,0.17210867851769607,0.10758114962091032,0.1904574687690732,0.1675512020033424,0.2325576032741481,0.07171807608686986,0.16471740968400544,0.17453883766096323,0.35034909221837657,0.05441737243774684,0.045457377192237025
1046.875,4197.436,4262.051,4144.103,4189.231,4154.872,0.4294678177106868,0.047316320089082015,0.031188337253585552,0.17210867851769607,0.10758114962091032,0.1904574687690732,0.1675512020033424,0.2325576032741481,0.07171807608686986,0.16471740968400544,0.17453883766096323,0.35034909221837657,0.05441737243774684,0.045457377192237025
1054.6875,4196.41,4236.923,4137.436,4182.564,4128.205,0.4294678177106868,0.047316320089082015,0.031188337253585552,0.17210867851769607,0.10758114962091032,0.1904574687690732,0.1675512020033424,0.2325576032741481,0.07171807608686986,0.16471740968400544,0.17453883766096323,0.35034909221837657,0.05441737243774684,0.045457377192237025
1062.5,4183.077,4240.513,4140.0,4160.513,4097.949,0.4294678177106868,0.047316320089082015,0.031188337253585552,0.17210867851769607,0.10758114962091032,0.1904574687690732,0.1675512020033424,0.2325576032741481,0.07171807608686986,0.16471740968400544,0.17453883766096323,0.35034909221837657,0.05441737243774684,0.045457377192237025
1070.3125,4164.615,4247.692,4128.718,4148.205,4098.462,0.4294678177106868,0.047316320089082015,0.031188337253585552,0.17210867851769607,0.10758114962091032,0.1904574687690732,0.1675512020033424,0.2325576032741481,0.07171807608686986,0.16471740968400544,0.17453883766096323,0.35034909221837657,0.05441737243774684,0.045457377192237025
1078.125,4147.692,4233.333,4093.333,4146.154,4096.923,0.4294678177106868,0.047316320089082015,0.031188337253585552,0.17210867851769607,0.10758114962091032,0.1904574687690732,0.1675512020033424,0.2325576032741481,0.07171807608686986,0.16471740968400544,0.17453883766096323,0.35034909221837657,0.05441737243774684,0.045457377192237025
1085.9375,4134.872,4222.051,4069.744,4141.538,4078.462,0.4294678177106868,0.047316320089082015,0.031188337253585552,0.17210867851769607,0.10758114962091032,0.1904574687690732,0.1675512020033424,0.2325576032741481,0.07171807608686986,0.16471740968400544,0.17453883766096323,0.35034909221837657,0.05441737243774684,0.045457377192237025
1093.75,4141.538,4229.231,4087.692,4137.949,4090.256,0.4294678177106868,0.047316320089082015,0.031188337253585552,0.17210867851769607,0.10758114962091032,0.1904574687690732,0.1675512020033424,0.2325576032741481,0.07171807608686986,0.16471740968400544,0.17453883766096323,0.35034909221837657,0.05441737243774684,0.045457377192237025
1101.5625,4158.974,4232.308,4110.769,4141.026,4112.821,0.4294678177106868,0.047316320089082015,0.031188337253585552,0.17210867851769607,0.10758114962091032,0.1904574687690732,0.1675512020033424,0.2325576032741481,0.07171807608686986,0.16471740968400544,0.17453883766096323,0.35034909221837657,0.05441737243774684,0.045457377192237025
1109.375,4162.051,4228.718,4116.923,4148.718,4102.051,0.4294678177106868,0.047316320089082015,0.031188337253585552,0.17210867851769607,0.10758114962091032,0.1904574687690732,0.1675512020033424,0.2325576032741481,0.07171807608686986,0.16471740968400544,0.17453883766096323,0.35034909221837657,0.05441737243774684,0.045457377192237025
1117.1875,4142.564,4216.923,4108.718,4137.949,4083.077,0.4294678177106868,0.047316320089082015,0.031188337253585552,0.17210867851769607,0.10758114962091032,0.1904574687690732,0.1675512020033424,0.2325576032741481,0.07171807608686986,0.16471740968400544,0.17453883766096323,0.35034909221837657,0.05441737243774684,0.045457377192237025
1125.0,4123.077,4201.538,4102.051,4119.487,4082.051,0.4294678177106868,0.047316320089082015,0.031188337253585552,0.17210867851769607,0.10758114962091032,0.1904574687690732,0.1675512020033424,0.2325576032741481,0.07171807608686986,0.16471740968400544,0.17453883766096323,0.35034909221837657,0.05441737243774684,0.045457377192237025
1132.8125,4118.462,4208.205,4103.077,4120.513,4069.231,0.4294678177106868,0.047316320089082015,0.031188337253585552,0.17210867851769607,0.10758114962091032,0.1904574687690732,0.1675512020033424,0.2325576032741481,0.07171807608686986,0.16471740968400544,0.17453883766096323,0.35034909221837657,0.05441737243774684,0.045457377192237025
1140.625,4110.256,4216.41,4095.385,4118.462,4051.282,0.4294678177106868,0.047316320089082015,0.031188337253585552,0.17210867851769607,0.10758114962091032,0.1904574687690732,0.1675512020033424,0.2325576032741481,0.07171807608686986,0.16471740968400544,0.17453883766096323,0.35034909221837657,0.05441737243774684,0.045457377192237025
1148.4375,4102.564,4213.333,4090.256,4110.256,4066.667,0.4294678177106868,0.047316320089082015,0.031188337253585552,0.17210867851769607,0.10758114962091032,0.1904574687690732,0.1675512020033424,0.2325576032741481,0.07171807608686986,0.16471740968400544,0.17453883766096323,0.35034909221837657,0.05441737243774684,0.045457377192237025
1156.25,4122.564,4230.256,4107.179,4134.359,4110.256,0.4294678177106868,0.047316320089082015,0.031188337253585552,0.17210867851769607,0.10758114962091032,0.1904574687690732,0.1675512020033424,0.2325576032741481,0.07171807608686986,0.16471740968400544,0.17453883766096323,0.35034909221837657,0.05441737243774684,0.045457377192237025
1164.0625,4161.538,4267.179,4131.282,4178.462,4140.513,0.4294678177106868,0.047316320089082015,0.031188337253585552,0.17210867851769607,0.10758114962091032,0.1904574687690732,0.1675512020033424,0.2325576032741481,0.07171807608686986,0.16471740968400544,0.17453883766096323,0.35034909221837657,0.05441737243774684,0.045457377192237025
1171.875,4166.667,4271.282,4135.385,4185.128,4124.615,0.4294678177106868,0.047316320089082015,0.031188337253585552,0.17210867851769607,0.10758114962091032,0.1904574687690732,0.1675512020033424,0.2325576032741481,0.07171807608686986,0.16471740968400544,0.17453883766096323,0.35034909221837657,0.05441737243774684,0.045457377192237025
1179.6875,4150.769,4249.744,4133.846,4167.179,4108.718,0.4294678177106868,0.047316320089082015,0.031188337253585552,0.17210867851769607,0.10758114962091032,0.1904574687690732,0.1675512020033424,0.2325576032741481,0.07171807608686986,0.16471740968400544,0.17453883766096323,0.35034909221837657,0.05441737243774684,0.045457377192237025
1187.5,4152.308,4238.462,4129.744,4151.282,4109.231,0.4294678177106868,0.047316320089082015,0.031188337253585552,0.17210867851769607,0.10758114962091032,0.1904574687690732,0.1675512020033424,0.2325576032741481,0.07171807608686986,0.16471740968400544,0.17453883766096323,0.35034909221837657,0.05441737243774684,0.045457377192237025
1195.3125,4147.692,4231.795,4119.487,4128.205,4089.231,0.4294678177106868,0.047316320089082015,0.031188337253585552,0.17210867851769607,0.10758114962091032,0.1904574687690732,0.1675512020033424,0.2325576032741481,0.07171807608686986,0.16471740968400544,0.17453883766096323,0.35034909221837657,0.05441737243774684,0.045457377192237025
1203.125,4131.282,4230.769,4119.487,4119.487,4075.385,0.4294678177106868,0.047316320089082015,0.031188337253585552,0.17210867851769607,0.10758114962091032,0.1904574687690732,0.1675512020033424,0.2325576032741481,0.07171807608686986,0.16471740968400544,0.17453883766096323,0.35034909221837657,0.05441737243774684,0.045457377192237025
1210.9375,4121.538,4227.692,4116.41,4120.0,4085.128,0.4294678177106868,0.047316320089082015,0.031188337253585552,0.17210867851769607,0.10758114962091032,0.1904574687690732,0.1675512020033424,0.2325576032741481,0.07171807608686986,0.16471740968400544,0.17453883766096323,0.35034909221837657,0.05441737243774684,0.045457377192237025
1218.75,4115.897,4220.0,4103.59,4108.718,4091.795,0.4294678177106868,0.047316320089082015,0.031188337253585552,0.17210867851769607,0.10758114962091032,0.1904574687690732,0.1675512020033424,0.2325576032741481,0.07171807608686986,0.16471740968400544,0.17453883766096323,0.35034909221837657,0.05441737243774684,0.045457377192237025
1226.5625,4111.282,4225.641,4105.128,4108.205,4092.821,0.4294678177106868,0.047316320089082015,0.031188337253585552,0.17210867851769607,0.10758114962091032,0.1904574687690732,0.1675512020033424,0.2325576032741481,0.07171807608686986,0.16471740968400544,0.17453883766096323,0.35034909221837657,0.05441737243774684,0.045457377192237025
1234.375,4118.974,4246.154,4127.179,4135.897,4104.615,0.4294678177106868,0.047316320089082015,0.031188337253585552,0.17210867851769607,0.10758114962091032,0.1904574687690732,0.1675512020033424,0.2325576032741481,0.07171807608686986,0.16471740968400544,0.17453883766096323,0.35034909221837657,0.05441737243774684,0.045457377192237025
1242.1875,4131.795,4266.667,4138.974,4154.872,4114.872,0.4294678177106868,0.047316320089082015,0.031188337253585552,0.17210867851769607,0.10758114962091032,0.1904574687690732,0.1675512020033424,0.2325576032741481,0.07171807608686986,0.16471740968400544,0.17453883766096323,0.35034909221837657,0.05441737243774684,0.045457377192237025
1250.0,4133.333,4263.59,4126.667,4149.231,4121.026,0.4294678177106868,0.047316320089082015,0.031188337253585552,0.17210867851769607,0.10758114962091032,0.1904574687690732,0.1675512020033424,0.2325576032741481,0.07171807608686986,0.16471740968400544,0.17453883766096323,0.35034909221837657,0.05441737243774684,0.045457377192237025
1257.8125,4126.154,4237.436,4107.692,4152.308,4128.205,0.4294678177106868,0.047316320089082015,0.031188337253585552,0.17210867851769607,0.10758114962091032,0.1904574687690732,0.1675512020033424,0.2325576032741481,0.07171807608686986,0.16471740968400544,0.17453883766096323,0.35034909221837657,0.05441737243774684,0.045457377192237025
1265.625,4124.615,4222.051,4104.103,4157.949,4124.103,0.4294678177106868,0.047316320089082015,0.031188337253585552,0.17210867851769607,0.10758114962091032,0.1904574687690732,0.1675512020033424,0.2325576032741481,0.07171807608686986,0.16471740968400544,0.17453883766096323,0.35034909221837657,0.05441737243774684,0.045457377192237025
1273.4375,4128.205,4229.744,4115.897,4148.718,4116.923,0.4294678177106868,0.047316320089082015,0.031188337253585552,0.17210867851769607,0.10758114962091032,0.1904574687690732,0.1675512020033424,0.2325576032741481,0.07171807608686986,0.16471740968400544,0.17453883766096323,0.35034909221837657,0.05441737243774684,0.045457377192237025
1281.25,4126.667,4233.846,4117.949,4138.462,4105.641,0.4294678177106868,0.047316320089082015,0.031188337253585552,0.17210867851769607,0.10758114962091032,0.1904574687690732,0.1675512020033424,0.2325576032741481,0.07171807608686986,0.16471740968400544,0.17453883766096323,0.35034909221837657,0.05441737243774684,0.045457377192237025
1289.0625,4117.949,4220.0,4099.487,4131.795,4091.282,0.4294678177106868,0.047316320089082015,0.031188337253585552,0.17210867851769607,0.10758114962091032,0.1904574687690732,0.1675512020033424,0.2325576032741481,0.07171807608686986,0.16471740968400544,0.17453883766096323,0.35034909221837657,0.05441737243774684,0.045457377192237025
1296.875,4114.359,4217.949,4085.641,4125.641,4091.282,0.4294678177106868,0.047316320089082015,0.031188337253585552,0.17210867851769607,0.10758114962091032,0.1904574687690732,0.1675512020033424,0.2325576032741481,0.07171807608686986,0.16471740968400544,0.17453883766096323,0.35034909221837657,0.05441737243774684,0.045457377192237025
1304.6875,4122.051,4241.538,4092.821,4123.59,4095.385,0.4294678177106868,0.047316320089082015,0.031188337253585552,0.17210867851769607,0.10758114962091032,0.1904574687690732,0.1675512020033424,0.2325576032741481,0.07171807608686986,0.16471740968400544,0.17453883766096323,0.35034909221837657,0.05441737243774684,0.045457377192237025
1312.5,4128.718,4252.821,4098.462,4121.538,4086.667,0.4294678177106868,0.047316320089082015,0.031188337253585552,0.17210867851769607,0.10758114962091032,0.1904574687690732,0.1675512020033424,0.2325576032741481,0.07171807608686986,0.16471740968400544,0.17453883766096323,0.35034909221837657,0.05441737243774684,0.045457377192237025
1320.3125,4129.744,4242.051,4088.205,4116.41,4082.564,0.4294678177106868,0.047316320089082015,0.031188337253585552,0.17210867851769607,0.10758114962091032,0.1904574687690732,0.1675512020033424,0.2325576032741481,0.07171807608686986,0.16471740968400544,0.17453883766096323,0.35034909221837657,0.05441737243774684,0.045457377192237025
1328.125,4131.795,4236.41,4090.256,4115.897,4094.872,0.4294678177106868,0.047316320089082015,0.031188337253585552,0.17210867851769607,0.10758114962091032,0.1904574687690732,0.1675512020033424,0.2325576032741481,0.07171807608686986,0.16471740968400544,0.17453883766096323,0.35034909221837657,0.05441737243774684,0.045457377192237025
1335.9375,4137.949,4240.513,4110.256,4113.846,4101.538,0.4294678177106868,0.047316320089082015,0.031188337253585552,0.17210867851769607,0.10758114962091032,0.1904574687690732,0.1675512020033424,0.2325576032741481,0.07171807608686986,0.16471740968400544,0.17453883766096323,0.35034909221837657,0.05441737243774684,0.045457377192237025
1343.75,4133.333,4228.205,4112.308,4110.769,4087.692,0.4294678177106868,0.047316320089082015,0.031188337253585552,0.17210867851769607,0.10758114962091032,0.1904574687690732,0.1675512020033424,0.2325576032741481,0.07171807608686986,0.16471740968400544,0.17453883766096323,0.35034909221837657,0.05441737243774684,0.045457377192237025
1351.5625,4128.718,4217.436,4103.077,4111.795,4078.974,0.4294678177106868,0.047316320089082015,0.031188337253585552,0.17210867851769607,0.10758114962091032,0.1904574687690732,0.1675512020033424,0.2325576032741481,0.07171807608686986,0.16471740968400544,0.17453883766096323,0.35034909221837657,0.05441737243774684,0.045457377192237025
1359.375,4138.974,4228.718,4110.256,4114.359,4091.795,0.4294678177106868,0.047316320089082015,0.031188337253585552,0.17210867851769607,0.10758114962091032,0.1904574687690732,0.1675512020033424,0.2325576032741481,0.07171807608686986,0.16471740968400544,0.17453883766096323,0.35034909221837657,0.05441737243774684,0.045457377192237025
1367.1875,4133.333,4226.154,4111.282,4109.231,4098.974,0.4294678177106868,0.047316320089082015,0.031188337253585552,0.17210867851769607,0.10758114962091032,0.1904574687690732,0.1675512020033424,0.2325576032741481,0.07171807608686986,0.16471740968400544,0.17453883766096323,0.35034909221837657,0.05441737243774684,0.045457377192237025
1375.0,4104.615,4208.205,4091.795,4095.897,4081.026,0.4294678177106868,0.047316320089082015,0.031188337253585552,0.17210867851769607,0.10758114962091032,0.1904574687690732,0.1675512020033424,0.2325576032741481,0.07171807608686986,0.16471740968400544,0.17453883766096323,0.35034909221837657,0.05441737243774684,0.045457377192237025
1382.8125,4091.795,4216.41,4085.641,4086.154,4058.462,0.4294678177106868,0.047316320089082015,0.031188337253585552,0.17210867851769607,0.10758114962091032,0.1904574687690732,0.1675512020033424,0.2325576032741481,0.07171807608686986,0.16471740968400544,0.17453883766096323,0.35034909221837657,0.05441737243774684,0.045457377192237025
1390.625,4094.872,4243.077,4085.641,4082.051,4036.923,0.4294678177106868,0.047316320089082015,0.031188337253585552,0.17210867851769607,0.10758114962091032,0.1904574687690732,0.1675512020033424,0.2325576032741481,0.07171807608686986,0.16471740968400544,0.17453883766096323,0.35034909221837657,0.05441737243774684,0.045457377192237025
1398.4375,4080.513,4251.282,4068.718,4069.231,4005.641,0.4294678177106868,0.047316320089082015,0.031188337253585552,0.17210867851769607,0.10758114962091032,0.1904574687690732,0.1675512020033424,0.2325576032741481,0.07171807608686986,0.16471740968400544,0.17453883766096323,0.35034909221837657,0.05441737243774684,0.045457377192237025
1406.25,4076.41,4266.154,4063.59,4058.974,3989.744,0.4294678177106868,0.047316320089082015,0.031188337253585552,0.17210867851769607,0.10758114962091032,0.1904574687690732,0.1675512020033424,0.2325576032741481,0.07171807608686986,0.16471740968400544,0.17453883766096323,0.35034909221837657,0.05441737243774684,0.045457377192237025
1414.0625,4091.282,4294.872,4078.462,4066.154,3990.769,0.4294678177106868,0.047316320089082015,0.031188337253585552,0.17210867851769607,0.10758114962091032,0.1904574687690732,0.1675512020033424,0.2325576032741481,0.07171807608686986,0.16471740968400544,0.17453883766096323,0.35034909221837657,0.05441737243774684,0.045457377192237025
1421.875,4093.333,4300.513,4085.128,4073.846,3987.692,0.4294678177106868,0.047316320089082015,0.031188337253585552,0.17210867851769607,0.10758114962091032,0.1904574687690732,0.1675512020033424,0.2325576032741481,0.07171807608686986,0.16471740968400544,0.17453883766096323,0.35034909221837657,0.05441737243774684,0.045457377192237025
1429.6875,4098.974,4304.103,4090.256,4074.359,4000.513,0.4294678177106868,0.047316320089082015,0.031188337253585552,0.17210867851769607,0.10758114962091032,0.1904574687690732,0.1675512020033424,0.2325576032741481,0.07171807608686986,0.16471740968400544,0.17453883766096323,0.35034909221837657,0.05441737243774684,0.045457377192237025
1437.5,4118.462,4320.513,4100.0,4087.179,4020.513,0.4294678177106868,0.047316320089082015,0.031188337253585552,0.17210867851769607,0.10758114962091032,0.1904574687690732,0.1675512020033424,0.2325576032741481,0.07171807608686986,0.16471740968400544,0.17453883766096323,0.35034909221837657,0.05441737243774684,0.045457377192237025
1445.3125,4127.179,4314.359,4101.538,4097.436,4019.487,0.4294678177106868,0.047316320089082015,0.031188337253585552,0.17210867851769607,0.10758114962091032,0.1904574687690732,0.1675512020033424,0.2325576032741481,0.07171807608686986,0.16471740968400544,0.17453883766096323,0.35034909221837657,0.05441737243774684,0.045457377192237025
1453.125,4127.179,4296.41,4097.949,4091.795,4017.436,0.4294678177106868,0.047316320089082015,0.031188337253585552,0.17210867851769607,0.10758114962091032,0.1904574687690732,0.1675512020033424,0.2325576032741481,0.07171807608686986,0.16471740968400544,0.17453883766096323,0.35034909221837657,0.05441737243774684,0.045457377192237025
1460.9375,4138.462,4303.077,4100.0,4099.487,4038.462,0.4294678177106868,0.047316320089082015,0.031188337253585552,0.17210867851769607,0.10758114962091032,0.1904574687690732,0.1675512020033424,0.2325576032741481,0.07171807608686986,0.16471740968400544,0.17453883766096323,0.35034909221837657,0.05441737243774684,0.045457377192237025
1468.75,4161.538,4310.769,4112.821,4129.231,4060.0,0.4294678177106868,0.047316320089082015,0.031188337253585552,0.17210867851769607,0.10758114962091032,0.1904574687690732,0.1675512020033424,0.2325576032741481,0.07171807608686986,0.16471740968400544,0.17453883766096323,0.35034909221837657,0.05441737243774684,0.045457377192237025
1476.5625,4169.231,4289.744,4123.077,4130.256,4049.744,0.4294678177106868,0.047316320089082015,0.031188337253585552,0.17210867851769607,0.10758114962091032,0.1904574687690732,0.1675512020033424,0.2325576032741481,0.07171807608686986,0.16471740968400544,0.17453883766096323,0.35034909221837657,0.05441737243774684,0.045457377192237025
1484.375,4137.436,4258.462,4106.667,4091.282,4011.795,0.4294678177106868,0.047316320089082015,0.031188337253585552,0.17210867851769607,0.10758114962091032,0.1904574687690732,0.1675512020033424,0.2325576032741481,0.07171807608686986,0.16471740968400544,0.17453883766096323,0.35034909221837657,0.05441737243774684,0.045457377192237025
1492.1875,4087.692,4234.872,4071.282,4057.949,3973.333,0.4294678177106868,0.047316320089082015,0.031188337253585552,0.17210867851769607,0.10758114962091032,0.1904574687690732,0.1675512020033424,0.2325576032741481,0.07171807608686986,0.16471740968400544,0.17453883766096323,0.35034909221837657,0.05441737243774684,0.045457377192237025
1500.0,4071.282,4236.923,4055.385,4054.359,3964.615,0.4294678177106868,0.047316320089082015,0.031188337253585552,0.17210867851769607,0.10758114962091032,0.1904574687690732,0.1675512020033424,0.2325576032741481,0.07171807608686986,0.16471740968400544,0.17453883766096323,0.35034909221837657,0.05441737243774684,0.045457377192237025
1507.8125,4078.974,4250.256,4054.872,4055.897,3976.41,0.4294678177106868,0.047316320089082015,0.031188337253585552,0.17210867851769607,0.10758114962091032,0.1904574687690732,0.1675512020033424,0.2325576032741481,0.07171807608686986,0.16471740968400544,0.17453883766096323,0.35034909221837657,0.05441737243774684,0.045457377192237025
1515.625,4095.897,4258.974,4062.564,4062.564,3992.821,0.4294678177106868,0.047316320089082015,0.031188337253585552,0.17210867851769607,0.10758114962091032,0.1904574687690732,0.1675512020033424,0.2325576032741481,0.07171807608686986,0.16471740968400544,0.17453883766096323,0.35034909221837657,0.05441737243774684,0.045457377192237025
1523.4375,4124.615,4271.282,4084.615,4086.667,4018.462,0.4294678177106868,0.047316320089082015,0.031188337253585552,0.17210867851769607,0.10758114962091032,0.1904574687690732,0.1675512020033424,0.2325576032741481,0.07171807608686986,0.16471740968400544,0.17453883766096323,0.35034909221837657,0.05441737243774684,0.045457377192237025
1531.25,4133.846,4273.846,4099.487,4096.923,4035.385,0.4294678177106868,0.047316320089082015,0.031188337253585552,0.17210867851769607,0.10758114962091032,0.1904574687690732,0.1675512020033424,0.2325576032741481,0.07171807608686986,0.16471740968400544,0.17453883766096323,0.35034909221837657,0.05441737243774684,0.045457377192237025
1539.0625,4120.513,4258.974,4099.487,4087.692,4034.872,0.4294678177106868,0.047316320089082015,0.031188337253585552,0.17210867851769607,0.10758114962091032,0.1904574687690732,0.1675512020033424,0.2325576032741481,0.07171807608686986,0.16471740968400544,0.17453883766096323,0.35034909221837657,0.05441737243774684,0.045457377192237025
1546.875,4144.615,4274.359,4119.487,4103.59,4051.795,0.4294678177106868,0.047316320089082015,0.031188337253585552,0.17210867851769607,0.10758114962091032,0.1904574687690732,0.1675512020033424,0.2325576032741481,0.07171807608686986,0.16471740968400544,0.17453883766096323,0.35034909221837657,0.05441737243774684,0.045457377192237025
1554.6875,4176.41,4311.282,4136.41,4122.564,4072.308,0.4294678177106868,0.047316320089082015,0.031188337253585552,0.17210867851769607,0.10758114962091032,0.1904574687690732,0.1675512020033424,0.2325576032741481,0.07171807608686986,0.16471740968400544,0.17453883766096323,0.35034909221837657,0.05441737243774684,0.045457377192237025
1562.5,4152.821,4301.538,4106.154,4087.692,4044.615,0.4294678177106868,0.047316320089082015,0.031188337253585552,0.17210867851769607,0.10758114962091032,0.1904574687690732,0.1675512020033424,0.2325576032741481,0.07171807608686986,0.16471740968400544,0.17453883766096323,0.35034909221837657,0.05441737243774684,0.045457377192237025
1570.3125,4142.051,4285.128,4078.974,4057.436,4013.333,0.4294678177106868,0.047316320089082015,0.031188337253585552,0.17210867851769607,0.10758114962091032,0.1904574687690732,0.1675512020033424,0.2325576032741481,0.07171807608686986,0.16471740968400544,0.17453883766096323,0.35034909221837657,0.05441737243774684,0.045457377192237025
1578.125,4154.872,4286.154,4076.41,4062.564,4006.667,0.4294678177106868,0.047316320089082015,0.031188337253585552,0.17210867851769607,0.10758114962091032,0.1904574687690732,0.1675512020033424,0.2325576032741481,0.07171807608686986,0.16471740968400544,0.17453883766096323,0.35034909221837657,0.05441737243774684,0.045457377192237025
1585.9375,4135.897,4274.872,4067.692,4052.308,3994.359,0.4294678177106868,0.047316320089082015,0.031188337253585552,0.17210867851769607,0.10758114962091032,0.1904574687690732,0.1675512020033424,0.2325576032741481,0.07171807608686986,0.16471740968400544,0.17453883766096323,0.35034909221837657,0.05441737243774684,0.045457377192237025
1593.75,4141.538,4288.205,4086.667,4068.205,4008.205,0.4294678177106868,0.047316320089082015,0.031188337253585552,0.17210867851769607,0.10758114962091032,0.1904574687690732,0.1675512020033424,0.2325576032741481,0.07171807608686986,0.16471740968400544,0.17453883766096323,0.35034909221837657,0.05441737243774684,0.045457377192237025
1601.5625,4176.41,4309.744,4115.897,4112.821,4040.0,0.4294678177106868,0.047316320089082015,0.031188337253585552,0.17210867851769607,0.10758114962091032,0.1904574687690732,0.1675512020033424,0.2325576032741481,0.07171807608686986,0.16471740968400544,0.17453883766096323,0.35034909221837657,0.05441737243774684,0.045457377192237025
1609.375,4170.769,4287.692,4105.641,4110.769,4029.231,0.4294678177106868,0.047316320089082015,0.031188337253585552,0.17210867851769607,0.10758114962091032,0.1904574687690732,0.1675512020033424,0.2325576032741481,0.07171807608686986,0.16471740968400544,0.17453883766096323,0.35034909221837657,0.05441737243774684,0.045457377192237025
1617.1875,4148.718,4269.231,4094.872,4083.077,4003.59,0.4294678177106868,0.047316320089082015,0.031188337253585552,0.17210867851769607,0.10758114962091032,0.1904574687690732,0.1675512020033424,0.2325576032741481,0.07171807608686986,0.16471740968400544,0.17453883766096323,0.35034909221837657,0.05441737243774684,0.045457377192237025
1625.0,4143.59,4280.513,4103.077,4080.0,4000.513,0.4294678177106868,0.047316320089082015,0.031188337253585552,0.17210867851769607,0.10758114962091032,0.1904574687690732,0.1675512020033424,0.2325576032741481,0.07171807608686986,0.16471740968400544,0.17453883766096323,0.35034909221837657,0.05441737243774684,0.045457377192237025
1632.8125,4124.615,4270.769,4091.795,4078.462,3998.974,0.4294678177106868,0.047316320089082015,0.031188337253585552,0.17210867851769607,0.10758114962091032,0.1904574687690732,0.1675512020033424,0.2325576032741481,0.07171807608686986,0.16471740968400544,0.17453883766096323,0.35034909221837657,0.05441737243774684,0.045457377192237025
1640.625,4112.308,4254.359,4088.718,4077.436,4002.564,0.4294678177106868,0.047316320089082015,0.031188337253585552,0.17210867851769607,0.10758114962091032,0.1904574687690732,0.1675512020033424,0.2325576032741481,0.07171807608686986,0.16471740968400544,0.17453883766096323,0.35034909221837657,0.05441737243774684,0.045457377192237025
1648.4375,4118.974,4256.41,4108.718,4086.154,4012.821,0.4294678177106868,0.047316320089082015,0.031188337253585552,0.17210867851769607,0.10758114962091032,0.1904574687690732,0.1675512020033424,0.2325576032741481,0.07171807608686986,0.16471740968400544,0.17453883766096323,0.35034909221837657,0.05441737243774684,0.045457377192237025
1656.25,4120.513,4263.59,4108.718,4087.179,4022.564,0.4294678177106868,0.047316320089082015,0.031188337253585552,0.17210867851769607,0.10758114962091032,0.1904574687690732,0.1675512020033424,0.2325576032741481,0.07171807608686986,0.16471740968400544,0.17453883766096323,0.35034909221837657,0.05441737243774684,0.045457377192237025
1664.0625,4105.128,4253.333,4086.154,4073.333,4024.615,0.4294678177106868,0.047316320089082015,0.031188337253585552,0.17210867851769607,0.10758114962091032,0.1904574687690732,0.1675512020033424,0.2325576032741481,0.07171807608686986,0.16471740968400544,0.17453883766096323,0.35034909221837657,0.05441737243774684,0.045457377192237025
1671.875,4084.103,4232.821,4067.179,4052.821,4011.795,0.4294678177106868,0.047316320089082015,0.031188337253585552,0.17210867851769607,0.10758114962091032,0.1904574687690732,0.1675512020033424,0.2325576032741481,0.07171807608686986,0.16471740968400544,0.17453883766096323,0.35034909221837657,0.05441737243774684,0.045457377192237025
1679.6875,4080.513,4234.359,4066.154,4048.205,3999.487,0.4294678177106868,0.047316320089082015,0.031188337253585552,0.17210867851769607,0.10758114962091032,0.1904574687690732,0.1675512020033424,0.2325576032741481,0.07171807608686986,0.16471740968400544,0.17453883766096323,0.35034909221837657,0.05441737243774684,0.045457377192237025
1687.5,4093.333,4255.897,4084.103,4070.769,4007.179,0.4294678177106868,0.047316320089082015,0.031188337253585552,0.17210867851769607,0.10758114962091032,0.1904574687690732,0.1675512020033424,0.2325576032741481,0.07171807608686986,0.16471740968400544,0.17453883766096323,0.35034909221837657,0.05441737243774684,0.045457377192237025
1695.3125,4097.949,4261.538,4092.308,4085.128,4012.821,0.4294678177106868,0.047316320089082015,0.031188337253585552,0.17210867851769607,0.10758114962091032,0.1904574687690732,0.1675512020033424,0.2325576032741481,0.07171807608686986,0.16471740968400544,0.17453883766096323,0.35034909221837657,0.05441737243774684,0.045457377192237025
1703.125,4100.0,4254.872,4083.077,4077.949,4012.821,0.4294678177106868,0.047316320089082015,0.031188337253585552,0.17210867851769607,0.10758114962091032,0.1904574687690732,0.1675512020033424,0.2325576032741481,0.07171807608686986,0.16471740968400544,0.17453883766096323,0.35034909221837657,0.05441737243774684,0.045457377192237025
1710.9375,4118.462,4265.128,4090.256,4081.538,4033.333,0.4294678177106868,0.047316320089082015,0.031188337253585552,0.17210867851769607,0.10758114962091032,0.1904574687690732,0.1675512020033424,0.2325576032741481,0.07171807608686986,0.16471740968400544,0.17453883766096323,0.35034909221837657,0.05441737243774684,0.045457377192237025
1718.75,4138.462,4270.769,4108.205,4099.487,4056.41,0.4294678177106868,0.047316320089082015,0.031188337253585552,0.17210867851769607,0.10758114962091032,0.1904574687690732,0.1675512020033424,0.2325576032741481,0.07171807608686986,0.16471740968400544,0.17453883766096323,0.35034909221837657,0.05441737243774684,0.045457377192237025
1726.5625,4135.385,4249.231,4100.0,4100.513,4059.487,0.4294678177106868,0.047316320089082015,0.031188337253585552,0.17210867851769607,0.10758114962091032,0.1904574687690732,0.1675512020033424,0.2325576032741481,0.07171807608686986,0.16471740968400544,0.17453883766096323,0.35034909221837657,0.05441737243774684,0.045457377192237025
1734.375,4114.872,4235.385,4083.077,4083.59,4041.538,0.4294678177106868,0.047316320089082015,0.031188337253585552,0.17210867851769607,0.10758114962091032,0.1904574687690732,0.1675512020033424,0.2325576032741481,0.07171807608686986,0.16471740968400544,0.17453883766096323,0.35034909221837657,0.05441737243774684,0.045457377192237025
1742.1875,4121.026,4255.385,4091.795,4080.513,4034.359,0.4294678177106868,0.047316320089082015,0.031188337253585552,0.17210867851769607,0.10758114962091032,0.1904574687690732,0.1675512020033424,0.2325576032741481,0.07171807608686986,0.16471740968400544,0.17453883766096323,0.35034909221837657,0.05441737243774684,0.045457377192237025
1750.0,4150.769,4257.949,4101.538,4087.179,4061.538,0.4294678177106868,0.047316320089082015,0.031188337253585552,0.17210867851769607,0.10758114962091032,0.1904574687690732,0.1675512020033424,0.2325576032741481,0.07171807608686986,0.16471740968400544,0.17453883766096323,0.35034909221837657,0.05441737243774684,0.045457377192237025
1757.8125,4164.615,4230.256,4099.487,4082.051,4069.231,0.4294678177106868,0.047316320089082015,0.031188337253585552,0.17210867851769607,0.10758114962091032,0.1904574687690732,0.1675512020033424,0.2325576032741481,0.07171807608686986,0.16471740968400544,0.17453883766096323,0.35034909221837657,0.05441737243774684,0.045457377192237025
1765.625,4169.231,4235.385,4108.718,4082.564,4042.051,0.4294678177106868,0.047316320089082015,0.031188337253585552,0.17210867851769607,0.10758114962091032,0.1904574687690732,0.1675512020033424,0.2325576032741481,0.07171807608686986,0.16471740968400544,0.17453883766096323,0.35034909221837657,0.05441737243774684,0.045457377192237025
1773.4375,4151.795,4236.923,4100.0,4072.308,4021.538,0.4294678177106868,0.047316320089082015,0.031188337253585552,0.17210867851769607,0.10758114962091032,0.1904574687690732,0.1675512020033424,0.2325576032741481,0.07171807608686986,0.16471740968400544,0.17453883766096323,0.35034909221837657,0.05441737243774684,0.045457377192237025
1781.25,4134.872,4224.615,4087.179,4067.179,4047.179,0.4294678177106868,0.047316320089082015,0.031188337253585552,0.17210867851769607,0.10758114962091032,0.1904574687690732,0.1675512020033424,0.2325576032741481,0.07171807608686986,0.16471740968400544,0.17453883766096323,0.35034909221837657,0.05441737243774684,0.045457377192237025
1789.0625,4182.051,4275.897,4129.231,4128.205,4107.179,0.4294678177106868,0.047316320089082015,0.031188337253585552,0.17210867851769607,0.10758114962091032,0.1904574687690732,0.1675512020033424,0.2325576032741481,0.07171807608686986,0.16471740968400544,0.17453883766096323,0.35034909221837657,0.05441737243774684,0.045457377192237025
1796.875,4224.103,4314.359,4155.385,4173.333,4122.051,0.4294678177106868,0.047316320089082015,0.031188337253585552,0.17210867851769607,0.10758114962091032,0.1904574687690732,0.1675512020033424,0.2325576032741481,0.07171807608686986,0.16471740968400544,0.17453883766096323,0.35034909221837657,0.05441737243774684,0.045457377192237025
1804.6875,4172.821,4252.821,4101.026,4110.256,4073.333,0.4294678177106868,0.047316320089082015,0.031188337253585552,0.17210867851769607,0.10758114962091032,0.1904574687690732,0.1675512020033424,0.2325576032741481,0.07171807608686986,0.16471740968400544,0.17453883766096323,0.35034909221837657,0.05441737243774684,0.045457377192237025
1812.5,4126.154,4209.744,4068.205,4056.41,4043.077,0.4294678177106868,0.047316320089082015,0.031188337253585552,0.17210867851769607,0.10758114962091032,0.1904574687690732,0.1675512020033424,0.2325576032741481,0.07171807608686986,0.16471740968400544,0.17453883766096323,0.35034909221837657,0.05441737243774684,0.045457377192237025
1820.3125,4155.385,4252.821,4114.359,4092.821,4067.692,0.4294678177106868,0.047316320089082015,0.031188337253585552,0.17210867851769607,0.10758114962091032,0.1904574687690732,0.1675512020033424,0.2325576032741481,0.07171807608686986,0.16471740968400544,0.17453883766096323,0.35034909221837657,0.05441737243774684,0.045457377192237025
1828.125,4157.949,4266.154,4125.128,4102.564,4071.795,0.4294678177106868,0.047316320089082015,0.031188337253585552,0.17210867851769607,0.10758114962091032,0.1904574687690732,0.1675512020033424,0.2325576032741481,0.07171807608686986,0.16471740968400544,0.17453883766096323,0.35034909221837657,0.05441737243774684,0.045457377192237025
1835.9375,4104.103,4223.59,4071.795,4048.205,4038.974,0.4294678177106868,0.047316320089082015,0.031188337253585552,0.17210867851769607,0.10758114962091032,0.1904574687690732,0.1675512020033424,0.2325576032741481,0.07171807608686986,0.16471740968400544,0.17453883766096323,0.35034909221837657,0.05441737243774684,0.045457377192237025
1843.75,4087.179,4210.769,4050.256,4030.256,4028.205,0.4294678177106868,0.047316320089082015,0.031188337253585552,0.17210867851769607,0.10758114962091032,0.1904574687690732,0.1675512020033424,0.2325576032741481,0.07171807608686986,0.16471740968400544,0.17453883766096323,0.35034909221837657,0.05441737243774684,0.045457377192237025
1851.5625,4110.769,4226.154,4065.641,4052.821,4037.949,0.4294678177106868,0.047316320089082015,0.031188337253585552,0.17210867851769607,0.10758114962091032,0.1904574687690732,0.1675512020033424,0.2325576032741481,0.07171807608686986,0.16471740968400544,0.17453883766096323,0.35034909221837657,0.05441737243774684,0.045457377192237025
1859.375,4113.333,4224.103,4064.615,4061.026,4038.974,0.4294678177106868,0.047316320089082015,0.031188337253585552,0.17210867851769607,0.10758114962091032,0.1904574687690732,0.1675512020033424,0.2325576032741481,0.07171807608686986,0.16471740968400544,0.17453883766096323,0.35034909221837657,0.05441737243774684,0.045457377192237025
1867.1875,4101.026,4211.282,4054.359,4052.821,4026.667,0.4294678177106868,0.047316320089082015,0.031188337253585552,0.17210867851769607,0.10758114962091032,0.1904574687690732,0.1675512020033424,0.2325576032741481,0.07171807608686986,0.16471740968400544,0.17453883766096323,0.35034909221837657,0.05441737243774684,0.045457377192237025
1875.0,4123.077,4231.282,4075.897,4069.231,4040.513,0.4294678177106868,0.047316320089082015,0.031188337253585552,0.17210867851769607,0.10758114962091032,0.1904574687690732,0.1675512020033424,0.2325576032741481,0.07171807608686986,0.16471740968400544,0.17453883766096323,0.35034909221837657,0.05441737243774684,0.045457377192237025
1882.8125,4165.641,4265.641,4104.103,4107.692,4073.846,0.4294678177106868,0.047316320089082015,0.031188337253585552,0.17210867851769607,0.10758114962091032,0.1904574687690732,0.1675512020033424,0.2325576032741481,0.07171807608686986,0.16471740968400544,0.17453883766096323,0.35034909221837657,0.05441737243774684,0.045457377192237025
1890.625,4161.538,4244.103,4089.231,4100.0,4062.051,0.4294678177106868,0.047316320089082015,0.031188337253585552,0.17210867851769607,0.10758114962091032,0.1904574687690732,0.1675512020033424,0.2325576032741481,0.07171807608686986,0.16471740968400544,0.17453883766096323,0.35034909221837657,0.05441737243774684,0.045457377192237025
1898.4375,4130.256,4202.051,4064.103,4059.487,4033.846,0.4294678177106868,0.047316320089082015,0.031188337253585552,0.17210867851769607,0.10758114962091032,0.1904574687690732,0.1675512020033424,0.2325576032741481,0.07171807608686986,0.16471740968400544,0.17453883766096323,0.35034909221837657,0.05441737243774684,0.045457377192237025
1906.25,4137.949,4216.923,4076.923,4055.897,4044.615,0.4294678177106868,0.047316320089082015,0.031188337253585552,0.17210867851769607,0.10758114962091032,0.1904574687690732,0.1675512020033424,0.2325576032741481,0.07171807608686986,0.16471740968400544,0.17453883766096323,0.35034909221837657,0.05441737243774684,0.045457377192237025
1914.0625,4150.256,4243.077,4094.872,4066.154,4055.385,0.4294678177106868,0.047316320089082015,0.031188337253585552,0.17210867851769607,0.10758114962091032,0.1904574687690732,0.1675512020033424,0.2325576032741481,0.07171807608686986,0.16471740968400544,0.17453883766096323,0.35034909221837657,0.05441737243774684,0.045457377192237025
1921.875,4133.333,4231.282,4086.667,4053.333,4043.59,0.4294678177106868,0.047316320089082015,0.031188337253585552,0.17210867851769607,0.10758114962091032,0.1904574687690732,0.1675512020033424,0.2325576032741481,0.07171807608686986,0.16471740968400544,0.17453883766096323,0.35034909221837657,0.05441737243774684,0.045457377192237025
1929.6875,4123.077,4230.769,4081.538,4045.128,4040.513,0.4294678177106868,0.047316320089082015,0.031188337253585552,0.17210867851769607,0.10758114962091032,0.1904574687690732,0.1675512020033424,0.2325576032741481,0.07171807608686986,0.16471740968400544,0.17453883766096323,0.35034909221837657,0.05441737243774684,0.045457377192237025
1937.5,4122.564,4244.103,4080.0,4052.308,4040.513,0.4294678177106868,0.047316320089082015,0.031188337253585552,0.17210867851769607,0.10758114962091032,0.1904574687690732,0.1675512020033424,0.2325576032741481,0.07171807608686986,0.16471740968400544,0.17453883766096323,0.35034909221837657,0.05441737243774684,0.045457377192237025
1945.3125,4113.333,4236.923,4066.667,4055.897,4031.795,0.4294678177106868,0.047316320089082015,0.031188337253585552,0.17210867851769607,0.10758114962091032,0.1904574687690732,0.1675512020033424,0.2325576032741481,0.07171807608686986,0.16471740968400544,0.17453883766096323,0.35034909221837657,0.05441737243774684,0.045457377192237025
1953.125,4108.205,4228.718,4061.538,4062.564,4032.821,0.4294678177106868,0.047316320089082015,0.031188337253585552,0.17210867851769607,0.10758114962091032,0.1904574687690732,0.1675512020033424,0.2325576032741481,0.07171807608686986,0.16471740968400544,0.17453883766096323,0.35034909221837657,0.05441737243774684,0.045457377192237025
1960.9375,4111.282,4234.359,4067.179,4072.821,4043.077,0.4294678177106868,0.047316320089082015,0.031188337253585552,0.17210867851769607,0.10758114962091032,0.1904574687690732,0.1675512020033424,0.2325576032741481,0.07171807608686986,0.16471740968400544,0.17453883766096323,0.35034909221837657,0.05441737243774684,0.045457377192237025
1968.75,4115.385,4241.538,4070.769,4064.103,4040.513,0.4294678177106868,0.047316320089082015,0.031188337253585552,0.17210867851769607,0.10758114962091032,0.1904574687690732,0.1675512020033424,0.2325576032741481,0.07171807608686986,0.16471740968400544,0.17453883766096323,0.35034909221837657,0.05441737243774684,0.045457377192237025
1976.5625,4115.897,4251.282,4068.205,4034.359,4019.487,0.4294678177106868,0.047316320089082015,0.031188337253585552,0.17210867851769607,0.10758114962091032,0.1904574687690732,0.1675512020033424,0.2325576032741481,0.07171807608686986,0.16471740968400544,0.17453883766096323,0.35034909221837657,0.05441737243774684,0.045457377192237025
1984.375,4130.769,4278.462,4084.615,4043.077,4049.744,0.4294678177106868,0.047316320089082015,0.031188337253585552,0.17210867851769607,0.10758114962091032,0.1904574687690732,0.1675512020033424,0.2325576032741481,0.07171807608686986,0.16471740968400544,0.17453883766096323,0.35034909221837657,0.05441737243774684,0.045457377192237025
1992.1875,4196.41,4313.333,4127.692,4111.795,4149.744,0.4294678177106868,0.047316320089082015,0.031188337253585552,0.17210867851769607,0.10758114962091032,0.1904574687690732,0.1675512020033424,0.2325576032741481,0.07171807608686986,0.16471740968400544,0.17453883766096323,0.35034909221837657,0.05441737243774684,0.045457377192237025
2000.0,4256.923,4312.308,4146.667,4145.128,4208.718,0.4294678177106868,0.047316320089082015,0.031188337253585552,0.17210867851769607,0.10758114962091032,0.1904574687690732,0.1675512020033424,0.2325576032741481,0.07171807608686986,0.16471740968400544,0.17453883766096323,0.35034909221837657,0.05441737243774684,0.045457377192237025
2007.8125,4243.077,4282.051,4121.538,4113.333,4197.436,0.4294678177106868,0.047316320089082015,0.031188337253585552,0.17210867851769607,0.10758114962091032,0.1904574687690732,0.1675512020033424,0.2325576032741481,0.07171807608686986,0.16471740968400544,0.17453883766096323,0.35034909221837657,0.05441737243774684,0.045457377192237025
2015.625,4224.103,4264.103,4105.641,4114.872,4207.692,0.4294678177106868,0.047316320089082015,0.031188337253585552,0.17210867851769607,0.10758114962091032,0.1904574687690732,0.1675512020033424,0.2325576032741481,0.07171807608686986,0.16471740968400544,0.17453883766096323,0.35034909221837657,0.05441737243774684,0.045457377192237025
2023.4375,4243.077,4242.564,4108.205,4144.615,4236.923,0.4294678177106868,0.047316320089082015,0.031188337253585552,0.17210867851769607,0.10758114962091032,0.1904574687690732,0.1675512020033424,0.2325576032741481,0.07171807608686986,0.16471740968400544,0.17453883766096323,0.35034909221837657,0.05441737243774684,0.045457377192237025
2031.25,4255.385,4223.077,4105.128,4146.667,4249.231,0.4294678177106868,0.047316320089082015,0.031188337253585552,0.17210867851769607,0.10758114962091032,0.1904574687690732,0.1675512020033424,0.2325576032741481,0.07171807608686986,0.16471740968400544,0.17453883766096323,0.35034909221837657,0.05441737243774684,0.045457377192237025
2039.0625,4270.769,4245.641,4116.923,4165.128,4288.205,0.4294678177106868,0.047316320089082015,0.031188337253585552,0.17210867851769607,0.10758114962091032,0.1904574687690732,0.1675512020033424,0.2325576032741481,0.07171807608686986,0.16471740968400544,0.17453883766096323,0.35034909221837657,0.05441737243774684,0.045457377192237025
2046.875,4278.462,4249.744,4128.718,4181.026,4302.564,0.4294678177106868,0.047316320089082015,0.031188337253585552,0.17210867851769607,0.10758114962091032,0.1904574687690732,0.1675512020033424,0.2325576032741481,0.07171807608686986,0.16471740968400544,0.17453883766096323,0.35034909221837657,0.05441737243774684,0.045457377192237025
2054.6875,4251.795,4220.513,4115.385,4148.718,4252.821,0.4294678177106868,0.047316320089082015,0.031188337253585552,0.17210867851769607,0.10758114962091032,0.1904574687690732,0.1675512020033424,0.2325576032741481,0.07171807608686986,0.16471740968400544,0.17453883766096323,0.35034909221837657,0.05441737243774684,0.045457377192237025
2062.5,4251.282,4241.026,4127.179,4149.744,4258.462,0.4294678177106868,0.047316320089082015,0.031188337253585552,0.17210867851769607,0.10758114962091032,0.1904574687690732,0.1675512020033424,0.2325576032741481,0.07171807608686986,0.16471740968400544,0.17453883766096323,0.35034909221837657,0.05441737243774684,0.045457377192237025
2070.3125,4276.41,4267.692,4163.077,4191.795,4314.872,0.4294678177106868,0.047316320089082015,0.031188337253585552,0.17210867851769607,0.10758114962091032,0.1904574687690732,0.1675512020033424,0.2325576032741481,0.07171807608686986,0.16471740968400544,0.17453883766096323,0.35034909221837657,0.05441737243774684,0.045457377192237025
2078.125,4262.051,4243.59,4159.487,4183.077,4298.462,0.4294678177106868,0.047316320089082015,0.031188337253585552,0.17210867851769607,0.10758114962091032,0.1904574687690732,0.1675512020033424,0.2325576032741481,0.07171807608686986,0.16471740968400544,0.17453883766096323,0.35034909221837657,0.05441737243774684,0.045457377192237025
2085.9375,4235.385,4232.308,4123.077,4154.872,4258.974,0.4294678177106868,0.047316320089082015,0.031188337253585552,0.17210867851769607,0.10758114962091032,0.1904574687690732,0.1675512020033424,0.2325576032741481,0.07171807608686986,0.16471740968400544,0.17453883766096323,0.35034909221837657,0.05441737243774684,0.045457377192237025
2093.75,4242.051,4248.718,4123.077,4164.103,4283.59,0.4294678177106868,0.047316320089082015,0.031188337253585552,0.17210867851769607,0.10758114962091032,0.1904574687690732,0.1675512020033424,0.2325576032741481,0.07171807608686986,0.16471740968400544,0.17453883766096323,0.35034909221837657,0.05441737243774684,0.045457377192237025
2101.5625,4249.231,4254.872,4148.718,4164.615,4292.821,0.4294678177106868,0.047316320089082015,0.031188337253585552,0.17210867851769607,0.10758114962091032,0.1904574687690732,0.1675512020033424,0.2325576032741481,0.07171807608686986,0.16471740968400544,0.17453883766096323,0.35034909221837657,0.05441737243774684,0.045457377192237025
2109.375,4238.462,4256.41,4150.769,4152.308,4265.128,0.4294678177106868,0.047316320089082015,0.031188337253585552,0.17210867851769607,0.10758114962091032,0.1904574687690732,0.1675512020033424,0.2325576032741481,0.07171807608686986,0.16471740968400544,0.17453883766096323,0.35034909221837657,0.05441737243774684,0.045457377192237025
2117.1875,4240.0,4256.923,4147.179,4160.0,4274.872,0.4294678177106868,0.047316320089082015,0.031188337253585552,0.17210867851769607,0.10758114962091032,0.1904574687690732,0.1675512020033424,0.2325576032741481,0.07171807608686986,0.16471740968400544,0.17453883766096323,0.35034909221837657,0.05441737243774684,0.045457377192237025
2125.0,4253.333,4265.128,4164.103,4175.385,4302.564,0.4294678177106868,0.047316320089082015,0.031188337253585552,0.17210867851769607,0.10758114962091032,0.1904574687690732,0.1675512020033424,0.2325576032741481,0.07171807608686986,0.16471740968400544,0.17453883766096323,0.35034909221837657,0.05441737243774684,0.045457377192237025
2132.8125,4266.667,4287.179,4177.949,4196.41,4306.154,0.4294678177106868,0.047316320089082015,0.031188337253585552,0.17210867851769607,0.10758114962091032,0.1904574687690732,0.1675512020033424,0.2325576032741481,0.07171807608686986,0.16471740968400544,0.17453883766096323,0.35034909221837657,0.05441737243774684,0.045457377192237025
2140.625,4267.179,4277.949,4164.615,4210.256,4285.641,0.4294678177106868,0.047316320089082015,0.031188337253585552,0.17210867851769607,0.10758114962091032,0.1904574687690732,0.1675512020033424,0.2325576032741481,0.07171807608686986,0.16471740968400544,0.17453883766096323,0.35034909221837657,0.05441737243774684,0.045457377192237025
2148.4375,4250.256,4253.846,4146.154,4200.513,4268.718,0.4294678177106868,0.047316320089082015,0.031188337253585552,0.17210867851769607,0.10758114962091032,0.1904574687690732,0.1675512020033424,0.2325576032741481,0.07171807608686986,0.16471740968400544,0.17453883766096323,0.35034909221837657,0.05441737243774684,0.045457377192237025
2156.25,4244.103,4262.564,4144.103,4187.692,4286.667,0.4294678177106868,0.047316320089082015,0.031188337253585552,0.17210867851769607,0.10758114962091032,0.1904574687690732,0.1675512020033424,0.2325576032741481,0.07171807608686986,0.16471740968400544,0.17453883766096323,0.35034909221837657,0.05441737243774684,0.045457377192237025
2164.0625,4257.949,4269.231,4157.436,4190.256,4304.103,0.4294678177106868,0.047316320089082015,0.031188337253585552,0.17210867851769607,0.10758114962091032,0.1904574687690732,0.1675512020033424,0.2325576032741481,0.07171807608686986,0.16471740968400544,0.17453883766096323,0.35034909221837657,0.05441737243774684,0.045457377192237025
2171.875,4255.385,4266.667,4169.231,4190.769,4279.487,0.4294678177106868,0.047316320089082015,0.031188337253585552,0.17210867851769607,0.10758114962091032,0.1904574687690732,0.1675512020033424,0.2325576032741481,0.07171807608686986,0.16471740968400544,0.17453883766096323,0.35034909221837657,0.05441737243774684,0.045457377192237025
2179.6875,4234.359,4279.487,4156.41,4182.564,4266.667,0.4294678177106868,0.047316320089082015,0.031188337253585552,0.17210867851769607,0.10758114962091032,0.1904574687690732,0.1675512020033424,0.2325576032741481,0.07171807608686986,0.16471740968400544,0.17453883766096323,0.35034909221837657,0.05441737243774684,0.045457377192237025
2187.5,4242.564,4284.615,4147.692,4183.077,4289.231,0.4294678177106868,0.047316320089082015,0.031188337253585552,0.17210867851769607,0.10758114962091032,0.1904574687690732,0.1675512020033424,0.2325576032741481,0.07171807608686986,0.16471740968400544,0.17453883766096323,0.35034909221837657,0.05441737243774684,0.045457377192237025
2195.3125,4253.333,4278.974,4158.974,4176.923,4285.641,0.4294678177106868,0.047316320089082015,0.031188337253585552,0.17210867851769607,0.10758114962091032,0.1904574687690732,0.1675512020033424,0.2325576032741481,0.07171807608686986,0.16471740968400544,0.17453883766096323,0.35034909221837657,0.05441737243774684,0.045457377192237025
2203.125,4218.462,4282.051,4148.205,4151.795,4251.282,0.4294678177106868,0.047316320089082015,0.031188337253585552,0.17210867851769607,0.10758114962091032,0.1904574687690732,0.1675512020033424,0.2325576032741481,0.07171807608686986,0.16471740968400544,0.17453883766096323,0.35034909221837657,0.05441737243774684,0.045457377192237025
2210.9375,4199.487,4274.872,4129.231,4151.282,4241.026,0.4294678177106868,0.047316320089082015,0.031188337253585552,0.17210867851769607,0.10758114962091032,0.1904574687690732,0.1675512020033424,0.2325576032741481,0.07171807608686986,0.16471740968400544,0.17453883766096323,0.35034909221837657,0.05441737243774684,0.045457377192237025
2218.75,4214.359,4262.051,4143.077,4177.436,4243.59,0.4294678177106868,0.047316320089082015,0.031188337253585552,0.17210867851769607,0.10758114962091032,0.1904574687690732,0.1675512020033424,0.2325576032741481,0.07171807608686986,0.16471740968400544,0.17453883766096323,0.35034909221837657,0.05441737243774684,0.045457377192237025
2226.5625,4208.205,4271.795,4164.103,4178.974,4234.359,0.4294678177106868,0.047316320089082015,0.031188337253585552,0.17210867851769607,0.10758114962091032,0.1904574687690732,0.1675512020033424,0.2325576032741481,0.07171807608686986,0.16471740968400544,0.17453883766096323,0.35034909221837657,0.05441737243774684,0.045457377192237025
2234.375,4211.282,4280.0,4161.026,4178.974,4253.846,0.4294678177106868,0.047316320089082015,0.031188337253585552,0.17210867851769607,0.10758114962091032,0.1904574687690732,0.1675512020033424,0.2325576032741481,0.07171807608686986,0.16471740968400544,0.17453883766096323,0.35034909221837657,0.05441737243774684,0.045457377192237025
2242.1875,4248.205,4260.513,4151.795,4206.154,4291.795,0.4294678177106868,0.047316320089082015,0.031188337253585552,0.17210867851769607,0.10758114962091032,0.1904574687690732,0.1675512020033424,0.2325576032741481,0.07171807608686986,0.16471740968400544,0.17453883766096323,0.35034909221837657,0.05441737243774684,0.045457377192237025
2250.0,4260.0,4244.615,4149.744,4209.744,4289.231,0.4294678177106868,0.047316320089082015,0.031188337253585552,0.17210867851769607,0.10758114962091032,0.1904574687690732,0.1675512020033424,0.2325576032741481,0.07171807608686986,0.16471740968400544,0.17453883766096323,0.35034909221837657,0.05441737243774684,0.045457377192237025
2257.8125,4250.769,4262.051,4154.872,4193.846,4284.103,0.4294678177106868,0.047316320089082015,0.031188337253585552,0.17210867851769607,0.10758114962091032,0.1904574687690732,0.1675512020033424,0.2325576032741481,0.07171807608686986,0.16471740968400544,0.17453883766096323,0.35034909221837657,0.05441737243774684,0.045457377192237025
2265.625,4273.846,4287.179,4174.359,4197.436,4316.923,0.4294678177106868,0.047316320089082015,0.031188337253585552,0.17210867851769607,0.10758114962091032,0.1904574687690732,0.1675512020033424,0.2325576032741481,0.07171807608686986,0.16471740968400544,0.17453883766096323,0.35034909221837657,0.05441737243774684,0.045457377192237025
2273.4375,4289.231,4289.744,4181.026,4200.0,4334.359,0.4294678177106868,0.047316320089082015,0.031188337253585552,0.17210867851769607,0.10758114962091032,0.1904574687690732,0.1675512020033424,0.2325576032741481,0.07171807608686986,0.16471740968400544,0.17453883766096323,0.35034909221837657,0.05441737243774684,0.045457377192237025
2281.25,4269.744,4275.897,4161.026,4196.41,4321.026,0.4294678177106868,0.047316320089082015,0.031188337253585552,0.17210867851769607,0.10758114962091032,0.1904574687690732,0.1675512020033424,0.2325576032741481,0.07171807608686986,0.16471740968400544,0.17453883766096323,0.35034909221837657,0.05441737243774684,0.045457377192237025
2289.0625,4262.564,4262.564,4162.564,4207.692,4324.103,0.4294678177106868,0.047316320089082015,0.031188337253585552,0.17210867851769607,0.10758114962091032,0.1904574687690732,0.1675512020033424,0.2325576032741481,0.07171807608686986,0.16471740968400544,0.17453883766096323,0.35034909221837657,0.05441737243774684,0.045457377192237025
2296.875,4261.538,4256.41,4177.436,4210.769,4328.205,0.4294678177106868,0.047316320089082015,0.031188337253585552,0.17210867851769607,0.10758114962091032,0.1904574687690732,0.1675512020033424,0.2325576032741481,0.07171807608686986,0.16471740968400544,0.17453883766096323,0.35034909221837657,0.05441737243774684,0.045457377192237025
2304.6875,4246.154,4255.897,4162.564,4200.0,4297.436,0.4294678177106868,0.047316320089082015,0.031188337253585552,0.17210867851769607,0.10758114962091032,0.1904574687690732,0.1675512020033424,0.2325576032741481,0.07171807608686986,0.16471740968400544,0.17453883766096323,0.35034909221837657,0.05441737243774684,0.045457377192237025
2312.5,4240.513,4252.308,4153.846,4194.872,4272.821,0.4294678177106868,0.047316320089082015,0.031188337253585552,0.17210867851769607,0.10758114962091032,0.1904574687690732,0.1675512020033424,0.2325576032741481,0.07171807608686986,0.16471740968400544,0.17453883766096323,0.35034909221837657,0.05441737243774684,0.045457377192237025
2320.3125,4245.641,4249.744,4178.974,4190.769,4290.769,0.4294678177106868,0.047316320089082015,0.031188337253585552,0.17210867851769607,0.10758114962091032,0.1904574687690732,0.1675512020033424,0.2325576032741481,0.07171807608686986,0.16471740968400544,0.17453883766096323,0.35034909221837657,0.05441737243774684,0.045457377192237025
2328.125,4240.513,4260.513,4184.615,4195.385,4297.436,0.4294678177106868,0.047316320089082015,0.031188337253585552,0.17210867851769607,0.10758114962091032,0.1904574687690732,0.1675512020033424,0.2325576032741481,0.07171807608686986,0.16471740968400544,0.17453883766096323,0.35034909221837657,0.05441737243774684,0.045457377192237025
2335.9375,4240.513,4266.667,4173.333,4206.154,4275.385,0.4294678177106868,0.047316320089082015,0.031188337253585552,0.17210867851769607,0.10758114962091032,0.1904574687690732,0.1675512020033424,0.2325576032741481,0.07171807608686986,0.16471740968400544,0.17453883766096323,0.35034909221837657,0.05441737243774684,0.045457377192237025
2343.75,4243.59,4257.436,4184.103,4199.487,4269.744,0.4294678177106868,0.047316320089082015,0.031188337253585552,0.17210867851769607,0.10758114962091032,0.1904574687690732,0.1675512020033424,0.2325576032741481,0.07171807608686986,0.16471740968400544,0.17453883766096323,0.35034909221837657,0.05441737243774684,0.045457377192237025
2351.5625,4229.231,4251.795,4179.487,4184.103,4288.718,0.4294678177106868,0.047316320089082015,0.031188337253585552,0.17210867851769607,0.10758114962091032,0.1904574687690732,0.1675512020033424,0.2325576032741481,0.07171807608686986,0.16471740968400544,0.17453883766096323,0.35034909221837657,0.05441737243774684,0.045457377192237025
2359.375,4222.051,4256.41,4155.897,4184.615,4294.872,0.4294678177106868,0.047316320089082015,0.031188337253585552,0.17210867851769607,0.10758114962091032,0.1904574687690732,0.1675512020033424,0.2325576032741481,0.07171807608686986,0.16471740968400544,0.17453883766096323,0.35034909221837657,0.05441737243774684,0.045457377192237025
2367.1875,4232.308,4247.179,4161.026,4192.821,4277.949,0.4294678177106868,0.047316320089082015,0.031188337253585552,0.17210867851769607,0.10758114962091032,0.1904574687690732,0.1675512020033424,0.2325576032741481,0.07171807608686986,0.16471740968400544,0.17453883766096323,0.35034909221837657,0.05441737243774684,0.045457377192237025
2375.0,4244.103,4243.077,4180.0,4201.538,4280.513,0.4294678177106868,0.047316320089082015,0.031188337253585552,0.17210867851769607,0.10758114962091032,0.1904574687690732,0.1675512020033424,0.2325576032741481,0.07171807608686986,0.16471740968400544,0.17453883766096323,0.35034909221837657,0.05441737243774684,0.045457377192237025
2382.8125,4258.974,4263.59,4179.487,4217.949,4310.256,0.4294678177106868,0.047316320089082015,0.031188337253585552,0.17210867851769607,0.10758114962091032,0.1904574687690732,0.1675512020033424,0.2325576032741481,0.07171807608686986,0.16471740968400544,0.17453883766096323,0.35034909221837657,0.05441737243774684,0.045457377192237025
2390.625,4276.41,4279.487,4190.769,4230.256,4319.487,0.4294678177106868,0.047316320089082015,0.031188337253585552,0.17210867851769607,0.10758114962091032,0.1904574687690732,0.1675512020033424,0.2325576032741481,0.07171807608686986,0.16471740968400544,0.17453883766096323,0.35034909221837657,0.05441737243774684,0.045457377192237025
2398.4375,4278.974,4283.077,4210.769,4230.769,4308.718,0.4294678177106868,0.047316320089082015,0.031188337253585552,0.17210867851769607,0.10758114962091032,0.1904574687690732,0.1675512020033424,0.2325576032741481,0.07171807608686986,0.16471740968400544,0.17453883766096323,0.35034909221837657,0.05441737243774684,0.045457377192237025
2406.25,4267.179,4275.385,4195.385,4216.41,4305.641,0.4294678177106868,0.047316320089082015,0.031188337253585552,0.17210867851769607,0.10758114962091032,0.1904574687690732,0.1675512020033424,0.2325576032741481,0.07171807608686986,0.16471740968400544,0.17453883766096323,0.35034909221837657,0.05441737243774684,0.045457377192237025
2414.0625,4258.974,4257.949,4182.051,4198.462,4289.231,0.4294678177106868,0.047316320089082015,0.031188337253585552,0.17210867851769607,0.10758114962091032,0.1904574687690732,0.1675512020033424,0.2325576032741481,0.07171807608686986,0.16471740968400544,0.17453883766096323,0.35034909221837657,0.05441737243774684,0.045457377192237025
2421.875,4248.205,4252.821,4189.744,4192.308,4278.462,0.4294678177106868,0.047316320089082015,0.031188337253585552,0.17210867851769607,0.10758114962091032,0.1904574687690732,0.1675512020033424,0.2325576032741481,0.07171807608686986,0.16471740968400544,0.17453883766096323,0.35034909221837657,0.05441737243774684,0.045457377192237025
2429.6875,4245.641,4261.538,4181.026,4192.308,4307.179,0.4294678177106868,0.047316320089082015,0.031188337253585552,0.17210867851769607,0.10758114962091032,0.1904574687690732,0.1675512020033424,0.2325576032741481,0.07171807608686986,0.16471740968400544,0.17453883766096323,0.35034909221837657,0.05441737243774684,0.045457377192237025
2437.5,4261.538,4261.538,4168.718,4191.795,4305.128,0.4294678177106868,0.047316320089082015,0.031188337253585552,0.17210867851769607,0.10758114962091032,0.1904574687690732,0.1675512020033424,0.2325576032741481,0.07171807608686986,0.16471740968400544,0.17453883766096323,0.35034909221837657,0.05441737243774684,0.045457377192237025
2445.3125,4262.051,4256.923,4166.667,4193.333,4272.308,0.4294678177106868,0.047316320089082015,0.031188337253585552,0.17210867851769607,0.10758114962091032,0.1904574687690732,0.1675512020033424,0.2325576032741481,0.07171807608686986,0.16471740968400544,0.17453883766096323,0.35034909221837657,0.05441737243774684,0.045457377192237025
2453.125,4250.769,4260.513,4163.59,4199.487,4282.564,0.4294678177106868,0.047316320089082015,0.031188337253585552,0.17210867851769607,0.10758114962091032,0.1904574687690732,0.1675512020033424,0.2325576032741481,0.07171807608686986,0.16471740968400544,0.17453883766096323,0.35034909221837657,0.05441737243774684,0.045457377192237025
2460.9375,4257.436,4253.333,4166.667,4200.513,4297.436,0.4294678177106868,0.047316320089082015,0.031188337253585552,0.17210867851769607,0.10758114962091032,0.1904574687690732,0.1675512020033424,0.2325576032741481,0.07171807608686986,0.16471740968400544,0.17453883766096323,0.35034909221837657,0.05441737243774684,0.045457377192237025
2468.75,4256.41,4241.026,4164.103,4193.333,4276.923,0.4294678177106868,0.047316320089082015,0.031188337253585552,0.17210867851769607,0.10758114962091032,0.1904574687690732,0.1675512020033424,0.2325576032741481,0.07171807608686986,0.16471740968400544,0.17453883766096323,0.35034909221837657,0.05441737243774684,0.045457377192237025
2476.5625,4246.667,4242.051,4155.897,4189.744,4267.179,0.4294678177106868,0.047316320089082015,0.031188337253585552,0.17210867851769607,0.10758114962091032,0.1904574687690732,0.1675512020033424,0.2325576032741481,0.07171807608686986,0.16471740968400544,0.17453883766096323,0.35034909221837657,0.05441737243774684,0.045457377192237025
2484.375,4252.821,4242.564,4172.308,4192.308,4269.744,0.4294678177106868,0.047316320089082015,0.031188337253585552,0.17210867851769607,0.10758114962091032,0.1904574687690732,0.1675512020033424,0.2325576032741481,0.07171807608686986,0.16471740968400544,0.17453883766096323,0.35034909221837657,0.05441737243774684,0.045457377192237025
2492.1875,4252.308,4242.564,4182.051,4197.436,4271.282,0.4294678177106868,0.047316320089082015,0.031188337253585552,0.17210867851769607,0.10758114962091032,0.1904574687690732,0.1675512020033424,0.2325576032741481,0.07171807608686986,0.16471740968400544,0.17453883766096323,0.35034909221837657,0.05441737243774684,0.045457377192237025
2500.0,4238.974,4246.154,4162.564,4194.359,4277.949,0.4294678177106868,0.047316320089082015,0.031188337253585552,0.17210867851769607,0.10758114962091032,0.1904574687690732,0.1675512020033424,0.2325576032741481,0.07171807608686986,0.16471740968400544,0.17453883766096323,0.35034909221837657,0.05441737243774684,0.045457377192237025
2507.8125,4236.923,4242.051,4161.026,4181.538,4273.846,0.4294678177106868,0.047316320089082015,0.031188337253585552,0.17210867851769607,0.10758114962091032,0.1904574687690732,0.1675512020033424,0.2325576032741481,0.07171807608686986,0.16471740968400544,0.17453883766096323,0.35034909221837657,0.05441737243774684,0.045457377192237025
2515.625,4234.872,4237.949,4170.769,4172.308,4262.564,0.4294678177106868,0.047316320089082015,0.031188337253585552,0.17210867851769607,0.10758114962091032,0.1904574687690732,0.1675512020033424,0.2325576032741481,0.07171807608686986,0.16471740968400544,0.17453883766096323,0.35034909221837657,0.05441737243774684,0.045457377192237025
2523.4375,4222.564,4243.59,4151.282,4175.385,4266.154,0.4294678177106868,0.047316320089082015,0.031188337253585552,0.17210867851769607,0.10758114962091032,0.1904574687690732,0.1675512020033424,0.2325576032741481,0.07171807608686986,0.16471740968400544,0.17453883766096323,0.35034909221837657,0.05441737243774684,0.045457377192237025
2531.25,4224.615,4243.59,4145.641,4180.0,4275.897,0.4294678177106868,0.047316320089082015,0.031188337253585552,0.17210867851769607,0.10758114962091032,0.1904574687690732,0.1675512020033424,0.2325576032741481,0.07171807608686986,0.16471740968400544,0.17453883766096323,0.35034909221837657,0.05441737243774684,0.045457377192237025
2539.0625,4231.282,4230.769,4163.59,4167.692,4269.744,0.4294678177106868,0.047316320089082015,0.031188337253585552,0.17210867851769607,0.10758114962091032,0.1904574687690732,0.1675512020033424,0.2325576032741481,0.07171807608686986,0.16471740968400544,0.17453883766096323,0.35034909221837657,0.05441737243774684,0.045457377192237025
2546.875,4222.564,4227.179,4147.692,4157.949,4266.154,0.4294678177106868,0.047316320089082015,0.031188337253585552,0.17210867851769607,0.10758114962091032,0.1904574687690732,0.1675512020033424,0.2325576032741481,0.07171807608686986,0.16471740968400544,0.17453883766096323,0.35034909221837657,0.05441737243774684,0.045457377192237025
2554.6875,4211.282,4217.949,4118.462,4161.538,4264.103,0.4294678177106868,0.047316320089082015,0.031188337253585552,0.17210867851769607,0.10758114962091032,0.1904574687690732,0.1675512020033424,0.2325576032741481,0.07171807608686986,0.16471740968400544,0.17453883766096323,0.35034909221837657,0.05441737243774684,0.045457377192237025
2562.5,4213.846,4204.615,4130.769,4159.487,4238.974,0.4294678177106868,0.047316320089082015,0.031188337253585552,0.17210867851769607,0.10758114962091032,0.1904574687690732,0.1675512020033424,0.2325576032741481,0.07171807608686986,0.16471740968400544,0.17453883766096323,0.35034909221837657,0.05441737243774684,0.045457377192237025
2570.3125,4225.128,4221.026,4150.256,4157.949,4233.846,0.4294678177106868,0.047316320089082015,0.031188337253585552,0.17210867851769607,0.10758114962091032,0.1904574687690732,0.1675512020033424,0.2325576032741481,0.07171807608686986,0.16471740968400544,0.17453883766096323,0.35034909221837657,0.05441737243774684,0.045457377192237025
2578.125,4237.436,4237.949,4143.077,4176.923,4276.41,0.4294678177106868,0.047316320089082015,0.031188337253585552,0.17210867851769607,0.10758114962091032,0.1904574687690732,0.1675512020033424,0.2325576032741481,0.07171807608686986,0.16471740968400544,0.17453883766096323,0.35034909221837657,0.05441737243774684,0.045457377192237025
2585.9375,4253.846,4232.821,4155.385,4186.667,4302.051,0.4294678177106868,0.047316320089082015,0.031188337253585552,0.17210867851769607,0.10758114962091032,0.1904574687690732,0.1675512020033424,0.2325576032741481,0.07171807608686986,0.16471740968400544,0.17453883766096323,0.35034909221837657,0.05441737243774684,0.045457377192237025
2593.75,4249.231,4226.154,4167.692,4169.231,4280.0,0.4294678177106868,0.047316320089082015,0.031188337253585552,0.17210867851769607,0.10758114962091032,0.1904574687690732,0.1675512020033424,0.2325576032741481,0.07171807608686986,0.16471740968400544,0.17453883766096323,0.35034909221837657,0.05441737243774684,0.045457377192237025
2601.5625,4231.795,4222.051,4135.385,4156.41,4264.103,0.4294678177106868,0.047316320089082015,0.031188337253585552,0.17210867851769607,0.10758114962091032,0.1904574687690732,0.1675512020033424,0.2325576032741481,0.07171807608686986,0.16471740968400544,0.17453883766096323,0.35034909221837657,0.05441737243774684,0.045457377192237025
2609.375,4236.923,4211.282,4114.359,4151.795,4261.026,0.4294678177106868,0.047316320089082015,0.031188337253585552,0.17210867851769607,0.10758114962091032,0.1904574687690732,0.1675512020033424,0.2325576032741481,0.07171807608686986,0.16471740968400544,0.17453883766096323,0.35034909221837657,0.05441737243774684,0.045457377192237025
2617.1875,4234.359,4202.051,4127.692,4142.051,4240.513,0.4294678177106868,0.047316320089082015,0.031188337253585552,0.17210867851769607,0.10758114962091032,0.1904574687690732,0.1675512020033424,0.2325576032741481,0.07171807608686986,0.16471740968400544,0.17453883766096323,0.35034909221837657,0.05441737243774684,0.045457377192237025
2625.0,4210.256,4203.077,4126.154,4143.59,4234.872,0.4294678177106868,0.047316320089082015,0.031188337253585552,0.17210867851769607,0.10758114962091032,0.1904574687690732,0.1675512020033424,0.2325576032741481,0.07171807608686986,0.16471740968400544,0.17453883766096323,0.35034909221837657,0.05441737243774684,0.045457377192237025
2632.8125,4212.821,4207.179,4114.872,4152.821,4256.41,0.4294678177106868,0.047316320089082015,0.031188337253585552,0.17210867851769607,0.10758114962091032,0.1904574687690732,0.1675512020033424,0.2325576032741481,0.07171807608686986,0.16471740968400544,0.17453883766096323,0.35034909221837657,0.05441737243774684,0.045457377192237025
2640.625,4232.821,4201.538,4119.487,4146.667,4258.974,0.4294678177106868,0.047316320089082015,0.031188337253585552,0.17210867851769607,0.10758114962091032,0.1904574687690732,0.1675512020033424,0.2325576032741481,0.07171807608686986,0.16471740968400544,0.17453883766096323,0.35034909221837657,0.05441737243774684,0.045457377192237025
2648.4375,4226.667,4188.718,4122.051,4129.744,4230.769,0.4294678177106868,0.047316320089082015,0.031188337253585552,0.17210867851769607,0.10758114962091032,0.1904574687690732,0.1675512020033424,0.2325576032741481,0.07171807608686986,0.16471740968400544,0.17453883766096323,0.35034909221837657,0.05441737243774684,0.045457377192237025
2656.25,4214.872,4192.821,4118.462,4130.256,4221.538,0.4294678177106868,0.047316320089082015,0.031188337253585552,0.17210867851769607,0.10758114962091032,0.1904574687690732,0.1675512020033424,0.2325576032741481,0.07171807608686986,0.16471740968400544,0.17453883766096323,0.35034909221837657,0.05441737243774684,0.045457377192237025
2664.0625,4225.128,4210.769,4117.436,4149.744,4255.385,0.4294678177106868,0.047316320089082015,0.031188337253585552,0.17210867851769607,0.10758114962091032,0.1904574687690732,0.1675512020033424,0.2325576032741481,0.07171807608686986,0.16471740968400544,0.17453883766096323,0.35034909221837657,0.05441737243774684,0.045457377192237025
2671.875,4234.359,4207.179,4121.026,4158.462,4276.41,0.4294678177106868,0.047316320089082015,0.031188337253585552,0.17210867851769607,0.10758114962091032,0.1904574687690732,0.1675512020033424,0.2325576032741481,0.07171807608686986,0.16471740968400544,0.17453883766096323,0.35034909221837657,0.05441737243774684,0.045457377192237025
2679.6875,4230.769,4190.769,4133.846,4145.641,4258.974,0.4294678177106868,0.047316320089082015,0.031188337253585552,0.17210867851769607,0.10758114962091032,0.1904574687690732,0.1675512020033424,0.2325576032741481,0.07171807608686986,0.16471740968400544,0.17453883766096323,0.35034909221837657,0.05441737243774684,0.045457377192237025
2687.5,4230.769,4196.41,4135.897,4145.128,4259.487,0.4294678177106868,0.047316320089082015,0.031188337253585552,0.17210867851769607,0.10758114962091032,0.1904574687690732,0.1675512020033424,0.2325576032741481,0.07171807608686986,0.16471740968400544,0.17453883766096323,0.35034909221837657,0.05441737243774684,0.045457377192237025
2695.3125,4243.59,4209.744,4129.231,4162.051,4277.949,0.4294678177106868,0.047316320089082015,0.031188337253585552,0.17210867851769607,0.10758114962091032,0.1904574687690732,0.1675512020033424,0.2325576032741481,0.07171807608686986,0.16471740968400544,0.17453883766096323,0.35034909221837657,0.05441737243774684,0.045457377192237025
2703.125,4251.795,4202.051,4139.487,4169.744,4258.462,0.4294678177106868,0.047316320089082015,0.031188337253585552,0.17210867851769607,0.10758114962091032,0.1904574687690732,0.1675512020033424,0.2325576032741481,0.07171807608686986,0.16471740968400544,0.17453883766096323,0.35034909221837657,0.05441737243774684,0.045457377192237025
2710.9375,4233.846,4190.256,4135.897,4151.282,4228.718,0.4294678177106868,0.047316320089082015,0.031188337253585552,0.17210867851769607,0.10758114962091032,0.1904574687690732,0.1675512020033424,0.2325576032741481,0.07171807608686986,0.16471740968400544,0.17453883766096323,0.35034909221837657,0.05441737243774684,0.045457377192237025
2718.75,4214.359,4192.308,4111.795,4129.744,4243.077,0.4294678177106868,0.047316320089082015,0.031188337253585552,0.17210867851769607,0.10758114962091032,0.1904574687690732,0.1675512020033424,0.2325576032741481,0.07171807608686986,0.16471740968400544,0.17453883766096323,0.35034909221837657,0.05441737243774684,0.045457377192237025
2726.5625,4225.128,4186.154,4111.282,4140.513,4249.231,0.4294678177106868,0.047316320089082015,0.031188337253585552,0.17210867851769607,0.10758114962091032,0.1904574687690732,0.1675512020033424,0.2325576032741481,0.07171807608686986,0.16471740968400544,0.17453883766096323,0.35034909221837657,0.05441737243774684,0.045457377192237025
2734.375,4226.667,4172.308,4121.026,4144.615,4215.897,0.4294678177106868,0.047316320089082015,0.031188337253585552,0.17210867851769607,0.10758114962091032,0.1904574687690732,0.1675512020033424,0.2325576032741481,0.07171807608686986,0.16471740968400544,0.17453883766096323,0.35034909221837657,0.05441737243774684,0.045457377192237025
2742.1875,4207.692,4184.615,4118.974,4120.513,4220.0,0.4294678177106868,0.047316320089082015,0.031188337253585552,0.17210867851769607,0.10758114962091032,0.1904574687690732,0.1675512020033424,0.2325576032741481,0.07171807608686986,0.16471740968400544,0.17453883766096323,0.35034909221837657,0.05441737243774684,0.045457377192237025
2750.0,4216.923,4201.538,4120.0,4123.077,4255.897,0.4294678177106868,0.047316320089082015,0.031188337253585552,0.17210867851769607,0.10758114962091032,0.1904574687690732,0.1675512020033424,0.2325576032741481,0.07171807608686986,0.16471740968400544,0.17453883766096323,0.35034909221837657,0.05441737243774684,0.045457377192237025
2757.8125,4239.487,4192.821,4131.282,4144.103,4248.205,0.4294678177106868,0.047316320089082015,0.031188337253585552,0.17210867851769607,0.10758114962091032,0.1904574687690732,0.1675512020033424,0.2325576032741481,0.07171807608686986,0.16471740968400544,0.17453883766096323,0.35034909221837657,0.05441737243774684,0.045457377192237025
2765.625,4227.179,4181.538,4140.513,4135.385,4222.564,0.4294678177106868,0.047316320089082015,0.031188337253585552,0.17210867851769607,0.10758114962091032,0.1904574687690732,0.1675512020033424,0.2325576032741481,0.07171807608686986,0.16471740968400544,0.17453883766096323,0.35034909221837657,0.05441737243774684,0.045457377192237025
2773.4375,4214.872,4186.154,4138.462,4130.256,4231.795,0.4294678177106868,0.047316320089082015,0.031188337253585552,0.17210867851769607,0.10758114962091032,0.1904574687690732,0.1675512020033424,0.2325576032741481,0.07171807608686986,0.16471740968400544,0.17453883766096323,0.35034909221837657,0.05441737243774684,0.045457377192237025
2781.25,4237.949,4194.359,4135.897,4151.795,4256.41,0.4294678177106868,0.047316320089082015,0.031188337253585552,0.17210867851769607,0.10758114962091032,0.1904574687690732,0.1675512020033424,0.2325576032741481,0.07171807608686986,0.16471740968400544,0.17453883766096323,0.35034909221837657,0.05441737243774684,0.045457377192237025
2789.0625,4253.846,4197.949,4147.179,4157.949,4254.872,0.4294678177106868,0.047316320089082015,0.031188337253585552,0.17210867851769607,0.10758114962091032,0.1904574687690732,0.1675512020033424,0.2325576032741481,0.07171807608686986,0.16471740968400544,0.17453883766096323,0.35034909221837657,0.05441737243774684,0.045457377192237025
2796.875,4232.308,4196.41,4153.333,4143.077,4235.385,0.4294678177106868,0.047316320089082015,0.031188337253585552,0.17210867851769607,0.10758114962091032,0.1904574687690732,0.1675512020033424,0.2325576032741481,0.07171807608686986,0.16471740968400544,0.17453883766096323,0.35034909221837657,0.05441737243774684,0.045457377192237025
2804.6875,4211.282,4184.615,4129.744,4133.333,4223.59,0.4294678177106868,0.047316320089082015,0.031188337253585552,0.17210867851769607,0.10758114962091032,0.1904574687690732,0.1675512020033424,0.2325576032741481,0.07171807608686986,0.16471740968400544,0.17453883766096323,0.35034909221837657,0.05441737243774684,0.045457377192237025
2812.5,4215.385,4176.41,4117.436,4130.256,4216.41,0.4294678177106868,0.047316320089082015,0.031188337253585552,0.17210867851769607,0.10758114962091032,0.1904574687690732,0.1675512020033424,0.2325576032741481,0.07171807608686986,0.16471740968400544,0.17453883766096323,0.35034909221837657,0.05441737243774684,0.045457377192237025
2820.3125,4222.564,4181.026,4135.897,4125.641,4197.949,0.4294678177106868,0.047316320089082015,0.031188337253585552,0.17210867851769607,0.10758114962091032,0.1904574687690732,0.1675512020033424,0.2325576032741481,0.07171807608686986,0.16471740968400544,0.17453883766096323,0.35034909221837657,0.05441737243774684,0.045457377192237025
2828.125,4209.231,4180.0,4130.256,4114.359,4193.333,0.4294678177106868,0.047316320089082015,0.031188337253585552,0.17210867851769607,0.10758114962091032,0.1904574687690732,0.1675512020033424,0.2325576032741481,0.07171807608686986,0.16471740968400544,0.17453883766096323,0.35034909221837657,0.05441737243774684,0.045457377192237025
2835.9375,4207.692,4176.41,4107.692,4115.385,4223.59,0.4294678177106868,0.047316320089082015,0.031188337253585552,0.17210867851769607,0.10758114962091032,0.1904574687690732,0.1675512020033424,0.2325576032741481,0.07171807608686986,0.16471740968400544,0.17453883766096323,0.35034909221837657,0.05441737243774684,0.045457377192237025
2843.75,4216.923,4166.154,4096.923,4115.385,4226.667,0.4294678177106868,0.047316320089082015,0.031188337253585552,0.17210867851769607,0.10758114962091032,0.1904574687690732,0.1675512020033424,0.2325576032741481,0.07171807608686986,0.16471740968400544,0.17453883766096323,0.35034909221837657,0.05441737243774684,0.045457377192237025
2851.5625,4202.564,4144.103,4090.769,4091.282,4195.897,0.4294678177106868,0.047316320089082015,0.031188337253585552,0.17210867851769607,0.10758114962091032,0.1904574687690732,0.1675512020033424,0.2325576032741481,0.07171807608686986,0.16471740968400544,0.17453883766096323,0.35034909221837657,0.05441737243774684,0.045457377192237025
2859.375,4190.256,4142.051,4100.513,4086.154,4198.974,0.4294678177106868,0.047316320089082015,0.031188337253585552,0.17210867851769607,0.10758114962091032,0.1904574687690732,0.1675512020033424,0.2325576032741481,0.07171807608686986,0.16471740968400544,0.17453883766096323,0.35034909221837657,0.05441737243774684,0.045457377192237025
2867.1875,4193.846,4157.949,4112.308,4106.154,4214.872,0.4294678177106868,0.047316320089082015,0.031188337253585552,0.17210867851769607,0.10758114962091032,0.1904574687690732,0.1675512020033424,0.2325576032741481,0.07171807608686986,0.16471740968400544,0.17453883766096323,0.35034909221837657,0.05441737243774684,0.045457377192237025
2875.0,4191.795,4149.744,4092.821,4106.154,4207.692,0.4294678177106868,0.047316320089082015,0.031188337253585552,0.17210867851769607,0.10758114962091032,0.1904574687690732,0.1675512020033424,0.2325576032741481,0.07171807608686986,0.16471740968400544,0.17453883766096323,0.35034909221837657,0.05441737243774684,0.045457377192237025
2882.8125,4196.41,4140.0,4086.667,4103.077,4203.59,0.4294678177106868,0.047316320089082015,0.031188337253585552,0.17210867851769607,0.10758114962091032,0.1904574687690732,0.1675512020033424,0.2325576032741481,0.07171807608686986,0.16471740968400544,0.17453883766096323,0.35034909221837657,0.05441737243774684,0.045457377192237025
2890.625,4214.359,4164.103,4124.615,4126.154,4213.333,0.4294678177106868,0.047316320089082015,0.031188337253585552,0.17210867851769607,0.10758114962091032,0.1904574687690732,0.1675512020033424,0.2325576032741481,0.07171807608686986,0.16471740968400544,0.17453883766096323,0.35034909221837657,0.05441737243774684,0.045457377192237025
2898.4375,4209.744,4173.846,4133.846,4131.282,4216.41,0.4294678177106868,0.047316320089082015,0.031188337253585552,0.17210867851769607,0.10758114962091032,0.1904574687690732,0.1675512020033424,0.2325576032741481,0.07171807608686986,0.16471740968400544,0.17453883766096323,0.35034909221837657,0.05441737243774684,0.045457377192237025
2906.25,4192.308,4155.897,4105.128,4114.359,4216.41,0.4294678177106868,0.047316320089082015,0.031188337253585552,0.17210867851769607,0.10758114962091032,0.1904574687690732,0.1675512020033424,0.2325576032741481,0.07171807608686986,0.16471740968400544,0.17453883766096323,0.35034909221837657,0.05441737243774684,0.045457377192237025
2914.0625,4199.487,4152.821,4109.231,4116.41,4217.436,0.4294678177106868,0.047316320089082015,0.031188337253585552,0.17210867851769607,0.10758114962091032,0.1904574687690732,0.1675512020033424,0.2325576032741481,0.07171807608686986,0.16471740968400544,0.17453883766096323,0.35034909221837657,0.05441737243774684,0.045457377192237025
2921.875,4201.026,4149.744,4119.487,4106.667,4203.077,0.4294678177106868,0.047316320089082015,0.031188337253585552,0.17210867851769607,0.10758114962091032,0.1904574687690732,0.1675512020033424,0.2325576032741481,0.07171807608686986,0.16471740968400544,0.17453883766096323,0.35034909221837657,0.05441737243774684,0.045457377192237025
2929.6875,4172.308,4131.282,4090.256,4073.846,4176.41,0.4294678177106868,0.047316320089082015,0.031188337253585552,0.17210867851769607,0.10758114962091032,0.1904574687690732,0.1675512020033424,0.2325576032741481,0.07171807608686986,0.16471740968400544,0.17453883766096323,0.35034909221837657,0.05441737243774684,0.045457377192237025
2937.5,4155.897,4132.308,4070.256,4067.179,4165.641,0.4294678177106868,0.047316320089082015,0.031188337253585552,0.17210867851769607,0.10758114962091032,0.1904574687690732,0.1675512020033424,0.2325576032741481,0.07171807608686986,0.16471740968400544,0.17453883766096323,0.35034909221837657,0.05441737243774684,0.045457377192237025
2945.3125,4176.41,4154.359,4086.667,4090.769,4196.41,0.4294678177106868,0.047316320089082015,0.031188337253585552,0.17210867851769607,0.10758114962091032,0.1904574687690732,0.1675512020033424,0.2325576032741481,0.07171807608686986,0.16471740968400544,0.17453883766096323,0.35034909221837657,0.05441737243774684,0.045457377192237025
2953.125,4193.333,4165.128,4100.0,4097.436,4216.923,0.4294678177106868,0.047316320089082015,0.031188337253585552,0.17210867851769607,0.10758114962091032,0.1904574687690732,0.1675512020033424,0.2325576032741481,0.07171807608686986,0.16471740968400544,0.17453883766096323,0.35034909221837657,0.05441737243774684,0.045457377192237025
2960.9375,4188.205,4160.0,4098.462,4088.718,4184.615,0.4294678177106868,0.047316320089082015,0.031188337253585552,0.17210867851769607,0.10758114962091032,0.1904574687690732,0.1675512020033424,0.2325576032741481,0.07171807608686986,0.16471740968400544,0.17453883766096323,0.35034909221837657,0.05441737243774684,0.045457377192237025
2968.75,4177.436,4145.128,4102.051,4086.667,4161.538,0.4294678177106868,0.047316320089082015,0.031188337253585552,0.17210867851769607,0.10758114962091032,0.1904574687690732,0.1675512020033424,0.2325576032741481,0.07171807608686986,0.16471740968400544,0.17453883766096323,0.35034909221837657,0.05441737243774684,0.045457377192237025
2976.5625,4161.538,4133.333,4093.846,4079.487,4177.436,0.4294678177106868,0.047316320089082015,0.031188337253585552,0.17210867851769607,0.10758114962091032,0.1904574687690732,0.1675512020033424,0.2325576032741481,0.07171807608686986,0.16471740968400544,0.17453883766096323,0.35034909221837657,0.05441737243774684,0.045457377192237025
2984.375,4154.359,4142.564,4072.821,4069.744,4184.103,0.4294678177106868,0.047316320089082015,0.031188337253585552,0.17210867851769607,0.10758114962091032,0.1904574687690732,0.1675512020033424,0.2325576032741481,0.07171807608686986,0.16471740968400544,0.17453883766096323,0.35034909221837657,0.05441737243774684,0.045457377192237025
2992.1875,4174.872,4152.821,4067.179,4078.974,4184.615,0.4294678177106868,0.047316320089082015,0.031188337253585552,0.17210867851769607,0.10758114962091032,0.1904574687690732,0.1675512020033424,0.2325576032741481,0.07171807608686986,0.16471740968400544,0.17453883766096323,0.35034909221837657,0.05441737243774684,0.045457377192237025
