timestamp,AF3,T7,Pz,T8,AF4,AF3_theta,AF3_alpha,AF3_beta,T7_theta,T7_mu,T7_beta,Pz_alpha,Pz_beta,T8_theta,T8_mu,T8_beta,AF4_theta,AF4_alpha,AF4_beta
0.0,4216.923,4233.846,4190.769,4144.103,4221.538,0.19880019803858842,0.032633500464394255,0.033700174702771986,0.2202558786856154,0.09358108614754193,0.3404967475659652,0.37495087468995986,0.2002096501913279,0.1532795111281752,0.18785895816494283,0.31841755738189553,0.2287882769792416,0.03624206068117267,0.06081950804117241
7.8125,4200.513,4224.103,4154.359,4130.256,4220.0,0.19880019803858842,0.032633500464394255,0.033700174702771986,0.2202558786856154,0.09358108614754193,0.3404967475659652,0.37495087468995986,0.2002096501913279,0.1532795111281752,0.18785895816494283,0.31841755738189553,0.2287882769792416,0.03624206068117267,0.06081950804117241
15.625,4210.256,4218.462,4147.179,4125.128,4216.923,0.19880019803858842,0.032633500464394255,0.033700174702771986,0.2202558786856154,0.09358108614754193,0.3404967475659652,0.37495087468995986,0.2002096501913279,0.1532795111281752,0.18785895816494283,0.31841755738189553,0.2287882769792416,0.03624206068117267,0.06081950804117241
23.4375,4231.795,4223.077,4141.538,4142.051,4228.205,0.19880019803858842,0.032633500464394255,0.033700174702771986,0.2202558786856154,0.09358108614754193,0.3404967475659652,0.37495087468995986,0.2002096501913279,0.1532795111281752,0.18785895816494283,0.31841755738189553,0.2287882769792416,0.03624206068117267,0.06081950804117241
31.25,4262.564,4221.026,4142.564,4168.718,4248.205,0.19880019803858842,0.032633500464394255,0.033700174702771986,0.2202558786856154,0.09358108614754193,0.3404967475659652,0.37495087468995986,0.2002096501913279,0.1532795111281752,0.18785895816494283,0.31841755738189553,0.2287882769792416,0.03624206068117267,0.06081950804117241
39.0625,4306.154,4206.154,4181.538,4162.564,4250.256,0.19880019803858842,0.032633500464394255,0.033700174702771986,0.2202558786856154,0.09358108614754193,0.3404967475659652,0.37495087468995986,0.2002096501913279,0.1532795111281752,0.18785895816494283,0.31841755738189553,0.2287882769792416,0.03624206068117267,0.06081950804117241
46.875,4341.538,4207.179,4201.026,4128.718,4265.641,0.19880019803858842,0.032633500464394255,0.033700174702771986,0.2202558786856154,0.09358108614754193,0.3404967475659652,0.37495087468995986,0.2002096501913279,0.1532795111281752,0.18785895816494283,0.31841755738189553,0.2287882769792416,0.03624206068117267,0.06081950804117241
54.6875,4371.282,4222.051,4168.205,4127.692,4315.385,0.19880019803858842,0.032633500464394255,0.033700174702771986,0.2202558786856154,0.09358108614754193,0.3404967475659652,0.37495087468995986,0.2002096501913279,0.1532795111281752,0.18785895816494283,0.31841755738189553,0.2287882769792416,0.03624206068117267,0.06081950804117241
62.5,4420.0,4233.846,4153.846,4153.333,4347.692,0.19880019803858842,0.032633500464394255,0.033700174702771986,0.2202558786856154,0.09358108614754193,0.3404967475659652,0.37495087468995986,0.2002096501913279,0.1532795111281752,0.18785895816494283,0.31841755738189553,0.2287882769792416,0.03624206068117267,0.06081950804117241
70.3125,4470.769,4241.026,4182.051,4149.231,4357.436,0.19880019803858842,0.032633500464394255,0.033700174702771986,0.2202558786856154,0.09358108614754193,0.3404967475659652,0.37495087468995986,0.2002096501913279,0.1532795111281752,0.18785895816494283,0.31841755738189553,0.2287882769792416,0.03624206068117267,0.06081950804117241
78.125,4503.59,4245.641,4203.077,4137.436,4396.41,0.19880019803858842,0.032633500464394255,0.033700174702771986,0.2202558786856154,0.09358108614754193,0.3404967475659652,0.37495087468995986,0.2002096501913279,0.1532795111281752,0.18785895816494283,0.31841755738189553,0.2287882769792416,0.03624206068117267,0.06081950804117241
85.9375,4535.385,4263.077,4205.641,4162.051,4455.897,0.19880019803858842,0.032633500464394255,0.033700174702771986,0.2202558786856154,0.09358108614754193,0.3404967475659652,0.37495087468995986,0.2002096501913279,0.1532795111281752,0.18785895816494283,0.31841755738189553,0.2287882769792416,0.03624206068117267,0.06081950804117241
93.75,4554.359,4271.795,4208.718,4177.436,4469.231,0.19880019803858842,0.032633500464394255,0.033700174702771986,0.2202558786856154,0.09358108614754193,0.3404967475659652,0.37495087468995986,0.2002096501913279,0.1532795111281752,0.18785895816494283,0.31841755738189553,0.2287882769792416,0.03624206068117267,0.06081950804117241
101.5625,4552.308,4261.538,4210.769,4162.051,4449.744,0.19880019803858842,0.032633500464394255,0.033700174702771986,0.2202558786856154,0.09358108614754193,0.3404967475659652,0.37495087468995986,0.2002096501913279,0.1532795111281752,0.18785895816494283,0.31841755738189553,0.2287882769792416,0.03624206068117267,0.06081950804117241
109.375,4538.974,4255.897,4213.333,4155.897,4446.154,0.19880019803858842,0.032633500464394255,0.033700174702771986,0.2202558786856154,0.09358108614754193,0.3404967475659652,0.37495087468995986,0.2002096501913279,0.1532795111281752,0.18785895816494283,0.31841755738189553,0.2287882769792416,0.03624206068117267,0.06081950804117241
117.1875,4509.231,4256.923,4206.667,4167.179,4446.667,0.19880019803858842,0.032633500464394255,0.033700174702771986,0.2202558786856154,0.09358108614754193,0.3404967475659652,0.37495087468995986,0.2002096501913279,0.1532795111281752,0.18785895816494283,0.31841755738189553,0.2287882769792416,0.03624206068117267,0.06081950804117241
125.0,4481.538,4240.513,4193.846,4178.462,4418.462,0.19880019803858842,0.032633500464394255,0.033700174702771986,0.2202558786856154,0.09358108614754193,0.3404967475659652,0.37495087468995986,0.2002096501913279,0.1532795111281752,0.18785895816494283,0.31841755738189553,0.2287882769792416,0.03624206068117267,0.06081950804117241
132.8125,4450.769,4232.821,4184.615,4163.077,4373.846,0.19880019803858842,0.032633500464394255,0.033700174702771986,0.2202558786856154,0.09358108614754193,0.3404967475659652,0.37495087468995986,0.2002096501913279,0.1532795111281752,0.18785895816494283,0.31841755738189553,0.2287882769792416,0.03624206068117267,0.06081950804117241
140.625,4411.795,4254.872,4166.667,4152.308,4351.282,0.19880019803858842,0.032633500464394255,0.033700174702771986,0.2202558786856154,0.09358108614754193,0.3404967475659652,0.37495087468995986,0.2002096501913279,0.1532795111281752,0.18785895816494283,0.31841755738189553,0.2287882769792416,0.03624206068117267,0.06081950804117241
148.4375,4394.359,4252.308,4169.231,4176.923,4323.077,0.19880019803858842,0.032633500464394255,0.033700174702771986,0.2202558786856154,0.09358108614754193,0.3404967475659652,0.37495087468995986,0.2002096501913279,0.1532795111281752,0.18785895816494283,0.31841755738189553,0.2287882769792416,0.03624206068117267,0.06081950804117241
156.25,4378.974,4249.231,4191.795,4191.282,4296.41,0.19880019803858842,0.032633500464394255,0.033700174702771986,0.2202558786856154,0.09358108614754193,0.3404967475659652,0.37495087468995986,0.2002096501913279,0.1532795111281752,0.18785895816494283,0.31841755738189553,0.2287882769792416,0.03624206068117267,0.06081950804117241
164.0625,4351.282,4276.41,4184.103,4182.051,4312.308,0.19880019803858842,0.032633500464394255,0.033700174702771986,0.2202558786856154,0.09358108614754193,0.3404967475659652,0.37495087468995986,0.2002096501913279,0.1532795111281752,0.18785895816494283,0.31841755738189553,0.2287882769792416,0.03624206068117267,0.06081950804117241
171.875,4346.667,4273.333,4175.385,4192.821,4321.538,0.19880019803858842,0.032633500464394255,0.033700174702771986,0.2202558786856154,0.09358108614754193,0.3404967475659652,0.37495087468995986,0.2002096501913279,0.1532795111281752,0.18785895816494283,0.31841755738189553,0.2287882769792416,0.03624206068117267,0.06081950804117241
179.6875,4340.513,4238.462,4200.513,4187.692,4273.846,0.19880019803858842,0.032633500464394255,0.033700174702771986,0.2202558786856154,0.09358108614754193,0.3404967475659652,0.37495087468995986,0.2002096501913279,0.1532795111281752,0.18785895816494283,0.31841755738189553,0.2287882769792416,0.03624206068117267,0.06081950804117241
187.5,4295.385,4240.513,4202.051,4144.103,4239.487,0.19880019803858842,0.032633500464394255,0.033700174702771986,0.2202558786856154,0.09358108614754193,0.3404967475659652,0.37495087468995986,0.2002096501913279,0.1532795111281752,0.18785895816494283,0.31841755738189553,0.2287882769792416,0.03624206068117267,0.06081950804117241
195.3125,4275.897,4266.154,4163.077,4150.256,4271.282,0.19880019803858842,0.032633500464394255,0.033700174702771986,0.2202558786856154,0.09358108614754193,0.3404967475659652,0.37495087468995986,0.2002096501913279,0.1532795111281752,0.18785895816494283,0.31841755738189553,0.2287882769792416,0.03624206068117267,0.06081950804117241
203.125,4292.821,4249.231,4151.795,4189.231,4282.564,0.19880019803858842,0.032633500464394255,0.033700174702771986,0.2202558786856154,0.09358108614754193,0.3404967475659652,0.37495087468995986,0.2002096501913279,0.1532795111281752,0.18785895816494283,0.31841755738189553,0.2287882769792416,0.03624206068117267,0.06081950804117241
210.9375,4287.179,4219.487,4167.692,4181.538,4238.462,0.19880019803858842,0.032633500464394255,0.033700174702771986,0.2202558786856154,0.09358108614754193,0.3404967475659652,0.37495087468995986,0.2002096501913279,0.1532795111281752,0.18785895816494283,0.31841755738189553,0.2287882769792416,0.03624206068117267,0.06081950804117241
218.75,4264.615,4207.692,4169.744,4160.513,4198.974,0.19880019803858842,0.032633500464394255,0.033700174702771986,0.2202558786856154,0.09358108614754193,0.3404967475659652,0.37495087468995986,0.2002096501913279,0.1532795111281752,0.18785895816494283,0.31841755738189553,0.2287882769792416,0.03624206068117267,0.06081950804117241
226.5625,4250.256,4206.667,4166.667,4160.0,4193.846,0.19880019803858842,0.032633500464394255,0.033700174702771986,0.2202558786856154,0.09358108614754193,0.3404967475659652,0.37495087468995986,0.2002096501913279,0.1532795111281752,0.18785895816494283,0.31841755738189553,0.2287882769792416,0.03624206068117267,0.06081950804117241
234.375,4237.436,4212.821,4169.744,4157.436,4199.487,0.19880019803858842,0.032633500464394255,0.033700174702771986,0.2202558786856154,0.09358108614754193,0.3404967475659652,0.37495087468995986,0.2002096501913279,0.1532795111281752,0.18785895816494283,0.31841755738189553,0.2287882769792416,0.03624206068117267,0.06081950804117241
242.1875,4209.744,4205.641,4160.0,4135.385,4180.513,0.19880019803858842,0.032633500464394255,0.033700174702771986,0.2202558786856154,0.09358108614754193,0.3404967475659652,0.37495087468995986,0.2002096501913279,0.1532795111281752,0.18785895816494283,0.31841755738189553,0.2287882769792416,0.03624206068117267,0.06081950804117241
250.0,4189.231,4195.897,4153.333,4127.179,4158.462,0.19880019803858842,0.032633500464394255,0.033700174702771986,0.2202558786856154,0.09358108614754193,0.3404967475659652,0.37495087468995986,0.2002096501913279,0.1532795111281752,0.18785895816494283,0.31841755738189553,0.2287882769792416,0.03624206068117267,0.06081950804117241
257.8125,4200.0,4208.205,4169.231,4136.41,4163.59,0.19880019803858842,0.032633500464394255,0.033700174702771986,0.2202558786856154,0.09358108614754193,0.3404967475659652,0.37495087468995986,0.2002096501913279,0.1532795111281752,0.18785895816494283,0.31841755738189553,0.2287882769792416,0.03624206068117267,0.06081950804117241
265.625,4214.359,4212.821,4173.333,4133.333,4177.949,0.19880019803858842,0.032633500464394255,0.033700174702771986,0.2202558786856154,0.09358108614754193,0.3404967475659652,0.37495087468995986,0.2002096501913279,0.1532795111281752,0.18785895816494283,0.31841755738189553,0.2287882769792416,0.03624206068117267,0.06081950804117241
273.4375,4203.59,4194.359,4151.795,4116.923,4168.205,0.19880019803858842,0.032633500464394255,0.033700174702771986,0.2202558786856154,0.09358108614754193,0.3404967475659652,0.37495087468995986,0.2002096501913279,0.1532795111281752,0.18785895816494283,0.31841755738189553,0.2287882769792416,0.03624206068117267,0.06081950804117241
281.25,4189.744,4178.974,4137.436,4116.923,4149.744,0.19880019803858842,0.032633500464394255,0.033700174702771986,0.2202558786856154,0.09358108614754193,0.3404967475659652,0.37495087468995986,0.2002096501913279,0.1532795111281752,0.18785895816494283,0.31841755738189553,0.2287882769792416,0.03624206068117267,0.06081950804117241
289.0625,4196.923,4175.897,4139.487,4129.231,4149.744,0.19880019803858842,0.032633500464394255,0.033700174702771986,0.2202558786856154,0.09358108614754193,0.3404967475659652,0.37495087468995986,0.2002096501913279,0.1532795111281752,0.18785895816494283,0.31841755738189553,0.2287882769792416,0.03624206068117267,0.06081950804117241
296.875,4200.0,4172.308,4143.077,4133.333,4155.385,0.19880019803858842,0.032633500464394255,0.033700174702771986,0.2202558786856154,0.09358108614754193,0.3404967475659652,0.37495087468995986,0.2002096501913279,0.1532795111281752,0.18785895816494283,0.31841755738189553,0.2287882769792416,0.03624206068117267,0.06081950804117241
304.6875,4185.641,4176.923,4139.487,4135.385,4154.359,0.19880019803858842,0.032633500464394255,0.033700174702771986,0.2202558786856154,0.09358108614754193,0.3404967475659652,0.37495087468995986,0.2002096501913279,0.1532795111281752,0.18785895816494283,0.31841755738189553,0.2287882769792416,0.03624206068117267,0.06081950804117241
312.5,4174.872,4193.846,4123.59,4144.615,4166.667,0.19880019803858842,0.032633500464394255,0.033700174702771986,0.2202558786856154,0.09358108614754193,0.3404967475659652,0.37495087468995986,0.2002096501913279,0.1532795111281752,0.18785895816494283,0.31841755738189553,0.2287882769792416,0.03624206068117267,0.06081950804117241
320.3125,4167.692,4210.769,4106.154,4151.282,4176.41,0.19880019803858842,0.032633500464394255,0.033700174702771986,0.2202558786856154,0.09358108614754193,0.3404967475659652,0.37495087468995986,0.2002096501913279,0.1532795111281752,0.18785895816494283,0.31841755738189553,0.2287882769792416,0.03624206068117267,0.06081950804117241
328.125,4146.154,4223.59,4102.051,4149.231,4157.436,0.19880019803858842,0.032633500464394255,0.033700174702771986,0.2202558786856154,0.09358108614754193,0.3404967475659652,0.37495087468995986,0.2002096501913279,0.1532795111281752,0.18785895816494283,0.31841755738189553,0.2287882769792416,0.03624206068117267,0.06081950804117241
335.9375,4140.0,4240.513,4116.923,4152.308,4154.359,0.19880019803858842,0.032633500464394255,0.033700174702771986,0.2202558786856154,0.09358108614754193,0.3404967475659652,0.37495087468995986,0.2002096501913279,0.1532795111281752,0.18785895816494283,0.31841755738189553,0.2287882769792416,0.03624206068117267,0.06081950804117241
343.75,4170.769,4262.564,4142.564,4161.538,4192.821,0.19880019803858842,0.032633500464394255,0.033700174702771986,0.2202558786856154,0.09358108614754193,0.3404967475659652,0.37495087468995986,0.2002096501913279,0.1532795111281752,0.18785895816494283,0.31841755738189553,0.2287882769792416,0.03624206068117267,0.06081950804117241
351.5625,4190.256,4276.41,4152.821,4164.615,4217.949,0.19880019803858842,0.032633500464394255,0.033700174702771986,0.2202558786856154,0.09358108614754193,0.3404967475659652,0.37495087468995986,0.2002096501913279,0.1532795111281752,0.18785895816494283,0.31841755738189553,0.2287882769792416,0.03624206068117267,0.06081950804117241
359.375,4181.538,4282.051,4144.615,4165.128,4213.333,0.19880019803858842,0.032633500464394255,0.033700174702771986,0.2202558786856154,0.09358108614754193,0.3404967475659652,0.37495087468995986,0.2002096501913279,0.1532795111281752,0.18785895816494283,0.31841755738189553,0.2287882769792416,0.03624206068117267,0.06081950804117241
367.1875,4176.923,4276.41,4140.0,4165.641,4207.179,0.19880019803858842,0.032633500464394255,0.033700174702771986,0.2202558786856154,0.09358108614754193,0.3404967475659652,0.37495087468995986,0.2002096501913279,0.1532795111281752,0.18785895816494283,0.31841755738189553,0.2287882769792416,0.03624206068117267,0.06081950804117241
375.0,4182.051,4268.205,4145.641,4162.564,4203.59,0.19880019803858842,0.032633500464394255,0.033700174702771986,0.2202558786856154,0.09358108614754193,0.3404967475659652,0.37495087468995986,0.2002096501913279,0.1532795111281752,0.18785895816494283,0.31841755738189553,0.2287882769792416,0.03624206068117267,0.06081950804117241
382.8125,4175.385,4271.795,4155.385,4160.0,4202.051,0.19880019803858842,0.032633500464394255,0.033700174702771986,0.2202558786856154,0.09358108614754193,0.3404967475659652,0.37495087468995986,0.2002096501913279,0.1532795111281752,0.18785895816494283,0.31841755738189553,0.2287882769792416,0.03624206068117267,0.06081950804117241
390.625,4158.462,4262.051,4158.462,4152.821,4198.462,0.19880019803858842,0.032633500464394255,0.033700174702771986,0.2202558786856154,0.09358108614754193,0.3404967475659652,0.37495087468995986,0.2002096501913279,0.1532795111281752,0.18785895816494283,0.31841755738189553,0.2287882769792416,0.03624206068117267,0.06081950804117241
398.4375,4155.897,4242.051,4157.436,4144.615,4190.256,0.19880019803858842,0.032633500464394255,0.033700174702771986,0.2202558786856154,0.09358108614754193,0.3404967475659652,0.37495087468995986,0.2002096501913279,0.1532795111281752,0.18785895816494283,0.31841755738189553,0.2287882769792416,0.03624206068117267,0.06081950804117241
406.25,4171.282,4248.718,4171.282,4148.718,4191.282,0.19880019803858842,0.032633500464394255,0.033700174702771986,0.2202558786856154,0.09358108614754193,0.3404967475659652,0.37495087468995986,0.2002096501913279,0.1532795111281752,0.18785895816494283,0.31841755738189553,0.2287882769792416,0.03624206068117267,0.06081950804117241
414.0625,4177.436,4257.436,4185.128,4157.436,4200.513,0.19880019803858842,0.032633500464394255,0.033700174702771986,0.2202558786856154,0.09358108614754193,0.3404967475659652,0.37495087468995986,0.2002096501913279,0.1532795111281752,0.18785895816494283,0.31841755738189553,0.2287882769792416,0.03624206068117267,0.06081950804117241
421.875,4165.641,4229.231,4177.949,4153.846,4192.821,0.19880019803858842,0.032633500464394255,0.033700174702771986,0.2202558786856154,0.09358108614754193,0.3404967475659652,0.37495087468995986,0.2002096501913279,0.1532795111281752,0.18785895816494283,0.31841755738189553,0.2287882769792416,0.03624206068117267,0.06081950804117241
429.6875,4161.538,4201.538,4169.231,4140.0,4171.282,0.19880019803858842,0.032633500464394255,0.033700174702771986,0.2202558786856154,0.09358108614754193,0.3404967475659652,0.37495087468995986,0.2002096501913279,0.1532795111281752,0.18785895816494283,0.31841755738189553,0.2287882769792416,0.03624206068117267,0.06081950804117241
437.5,4178.974,4212.821,4184.615,4141.538,4172.308,0.19880019803858842,0.032633500464394255,0.033700174702771986,0.2202558786856154,0.09358108614754193,0.3404967475659652,0.37495087468995986,0.2002096501913279,0.1532795111281752,0.18785895816494283,0.31841755738189553,0.2287882769792416,0.03624206068117267,0.06081950804117241
445.3125,4193.846,4230.256,4200.0,4155.897,4192.821,0.19880019803858842,0.032633500464394255,0.033700174702771986,0.2202558786856154,0.09358108614754193,0.3404967475659652,0.37495087468995986,0.2002096501913279,0.1532795111281752,0.18785895816494283,0.31841755738189553,0.2287882769792416,0.03624206068117267,0.06081950804117241
453.125,4183.077,4217.436,4186.154,4146.667,4190.769,0.19880019803858842,0.032633500464394255,0.033700174702771986,0.2202558786856154,0.09358108614754193,0.3404967475659652,0.37495087468995986,0.2002096501913279,0.1532795111281752,0.18785895816494283,0.31841755738189553,0.2287882769792416,0.03624206068117267,0.06081950804117241
460.9375,4176.923,4206.667,4171.795,4129.231,4178.974,0.19880019803858842,0.032633500464394255,0.033700174702771986,0.2202558786856154,0.09358108614754193,0.3404967475659652,0.37495087468995986,0.2002096501913279,0.1532795111281752,0.18785895816494283,0.31841755738189553,0.2287882769792416,0.03624206068117267,0.06081950804117241
468.75,4192.821,4225.128,4180.513,4143.077,4193.846,0.19880019803858842,0.032633500464394255,0.033700174702771986,0.2202558786856154,0.09358108614754193,0.3404967475659652,0.37495087468995986,0.2002096501913279,0.1532795111281752,0.18785895816494283,0.31841755738189553,0.2287882769792416,0.03624206068117267,0.06081950804117241
476.5625,4195.897,4232.821,4179.487,4151.282,4194.872,0.19880019803858842,0.032633500464394255,0.033700174702771986,0.2202558786856154,0.09358108614754193,0.3404967475659652,0.37495087468995986,0.2002096501913279,0.1532795111281752,0.18785895816494283,0.31841755738189553,0.2287882769792416,0.03624206068117267,0.06081950804117241
484.375,4188.718,4217.436,4163.59,4130.256,4172.821,0.19880019803858842,0.032633500464394255,0.033700174702771986,0.2202558786856154,0.09358108614754193,0.3404967475659652,0.37495087468995986,0.2002096501913279,0.1532795111281752,0.18785895816494283,0.31841755738189553,0.2287882769792416,0.03624206068117267,0.06081950804117241
492.1875,4212.821,4223.077,4166.667,4128.718,4191.795,0.19880019803858842,0.032633500464394255,0.033700174702771986,0.2202558786856154,0.09358108614754193,0.3404967475659652,0.37495087468995986,0.2002096501913279,0.1532795111281752,0.18785895816494283,0.31841755738189553,0.2287882769792416,0.03624206068117267,0.06081950804117241
500.0,4239.487,4230.769,4166.667,4125.128,4223.59,0.19880019803858842,0.032633500464394255,0.033700174702771986,0.2202558786856154,0.09358108614754193,0.3404967475659652,0.37495087468995986,0.2002096501913279,0.1532795111281752,0.18785895816494283,0.31841755738189553,0.2287882769792416,0.03624206068117267,0.06081950804117241
507.8125,4242.051,4220.0,4137.949,4096.41,4229.231,0.19880019803858842,0.032633500464394255,0.033700174702771986,0.2202558786856154,0.09358108614754193,0.3404967475659652,0.37495087468995986,0.2002096501913279,0.1532795111281752,0.18785895816494283,0.31841755738189553,0.2287882769792416,0.03624206068117267,0.06081950804117241
515.625,4279.487,4227.692,4117.949,4113.846,4268.205,0.19880019803858842,0.032633500464394255,0.033700174702771986,0.2202558786856154,0.09358108614754193,0.3404967475659652,0.37495087468995986,0.2002096501913279,0.1532795111281752,0.18785895816494283,0.31841755738189553,0.2287882769792416,0.03624206068117267,0.06081950804117241
523.4375,4355.897,4240.0,4133.846,4164.615,4327.692,0.19880019803858842,0.032633500464394255,0.033700174702771986,0.2202558786856154,0.09358108614754193,0.3404967475659652,0.37495087468995986,0.2002096501913279,0.1532795111281752,0.18785895816494283,0.31841755738189553,0.2287882769792416,0.03624206068117267,0.06081950804117241
531.25,4407.692,4235.385,4151.795,4170.256,4352.821,0.19880019803858842,0.032633500464394255,0.033700174702771986,0.2202558786856154,0.09358108614754193,0.3404967475659652,0.37495087468995986,0.2002096501913279,0.1532795111281752,0.18785895816494283,0.31841755738189553,0.2287882769792416,0.03624206068117267,0.06081950804117241
539.0625,4443.077,4236.923,4154.872,4155.385,4375.897,0.19880019803858842,0.032633500464394255,0.033700174702771986,0.2202558786856154,0.09358108614754193,0.3404967475659652,0.37495087468995986,0.2002096501913279,0.1532795111281752,0.18785895816494283,0.31841755738189553,0.2287882769792416,0.03624206068117267,0.06081950804117241
546.875,4483.077,4249.744,4158.974,4166.154,4420.0,0.19880019803858842,0.032633500464394255,0.033700174702771986,0.2202558786856154,0.09358108614754193,0.3404967475659652,0.37495087468995986,0.2002096501913279,0.1532795111281752,0.18785895816494283,0.31841755738189553,0.2287882769792416,0.03624206068117267,0.06081950804117241
554.6875,4499.487,4253.333,4170.769,4170.769,4446.667,0.19880019803858842,0.032633500464394255,0.033700174702771986,0.2202558786856154,0.09358108614754193,0.3404967475659652,0.37495087468995986,0.2002096501913279,0.1532795111281752,0.18785895816494283,0.31841755738189553,0.2287882769792416,0.03624206068117267,0.06081950804117241
562.5,4495.385,4256.923,4173.333,4160.513,4455.385,0.19880019803858842,0.032633500464394255,0.033700174702771986,0.2202558786856154,0.09358108614754193,0.3404967475659652,0.37495087468995986,0.2002096501913279,0.1532795111281752,0.18785895816494283,0.31841755738189553,0.2287882769792416,0.03624206068117267,0.06081950804117241
570.3125,4494.359,4257.949,4161.538,4154.359,4449.231,0.19880019803858842,0.032633500464394255,0.033700174702771986,0.2202558786856154,0.09358108614754193,0.3404967475659652,0.37495087468995986,0.2002096501913279,0.1532795111281752,0.18785895816494283,0.31841755738189553,0.2287882769792416,0.03624206068117267,0.06081950804117241
578.125,4478.974,4252.821,4149.231,4139.487,4417.436,0.19880019803858842,0.032633500464394255,0.033700174702771986,0.2202558786856154,0.09358108614754193,0.3404967475659652,0.37495087468995986,0.2002096501913279,0.1532795111281752,0.18785895816494283,0.31841755738189553,0.2287882769792416,0.03624206068117267,0.06081950804117241
585.9375,4456.923,4254.872,4140.513,4143.59,4402.564,0.19880019803858842,0.032633500464394255,0.033700174702771986,0.2202558786856154,0.09358108614754193,0.3404967475659652,0.37495087468995986,0.2002096501913279,0.1532795111281752,0.18785895816494283,0.31841755738189553,0.2287882769792416,0.03624206068117267,0.06081950804117241
593.75,4437.949,4249.744,4150.256,4170.256,4392.308,0.19880019803858842,0.032633500464394255,0.033700174702771986,0.2202558786856154,0.09358108614754193,0.3404967475659652,0.37495087468995986,0.2002096501913279,0.1532795111281752,0.18785895816494283,0.31841755738189553,0.2287882769792416,0.03624206068117267,0.06081950804117241
601.5625,4387.179,4242.051,4160.0,4161.538,4348.205,0.19880019803858842,0.032633500464394255,0.033700174702771986,0.2202558786856154,0.09358108614754193,0.3404967475659652,0.37495087468995986,0.2002096501913279,0.1532795111281752,0.18785895816494283,0.31841755738189553,0.2287882769792416,0.03624206068117267,0.06081950804117241
609.375,4330.769,4245.128,4138.974,4145.128,4315.385,0.19880019803858842,0.032633500464394255,0.033700174702771986,0.2202558786856154,0.09358108614754193,0.3404967475659652,0.37495087468995986,0.2002096501913279,0.1532795111281752,0.18785895816494283,0.31841755738189553,0.2287882769792416,0.03624206068117267,0.06081950804117241
617.1875,4336.923,4237.949,4131.282,4173.846,4314.359,0.19880019803858842,0.032633500464394255,0.033700174702771986,0.2202558786856154,0.09358108614754193,0.3404967475659652,0.37495087468995986,0.2002096501913279,0.1532795111281752,0.18785895816494283,0.31841755738189553,0.2287882769792416,0.03624206068117267,0.06081950804117241
625.0,4350.256,4214.359,4157.949,4190.769,4288.205,0.19880019803858842,0.032633500464394255,0.033700174702771986,0.2202558786856154,0.09358108614754193,0.3404967475659652,0.37495087468995986,0.2002096501913279,0.1532795111281752,0.18785895816494283,0.31841755738189553,0.2287882769792416,0.03624206068117267,0.06081950804117241
632.8125,4289.744,4193.333,4169.231,4144.615,4229.231,0.19880019803858842,0.032633500464394255,0.033700174702771986,0.2202558786856154,0.09358108614754193,0.3404967475659652,0.37495087468995986,0.2002096501913279,0.1532795111281752,0.18785895816494283,0.31841755738189553,0.2287882769792416,0.03624206068117267,0.06081950804117241
640.625,4218.974,4181.538,4158.462,4106.154,4197.436,0.19880019803858842,0.032633500464394255,0.033700174702771986,0.2202558786856154,0.09358108614754193,0.3404967475659652,0.37495087468995986,0.2002096501913279,0.1532795111281752,0.18785895816494283,0.31841755738189553,0.2287882769792416,0.03624206068117267,0.06081950804117241
648.4375,4203.59,4176.923,4163.59,4113.333,4194.359,0.19880019803858842,0.032633500464394255,0.033700174702771986,0.2202558786856154,0.09358108614754193,0.3404967475659652,0.37495087468995986,0.2002096501913279,0.1532795111281752,0.18785895816494283,0.31841755738189553,0.2287882769792416,0.03624206068117267,0.06081950804117241
656.25,4200.0,4186.667,4158.974,4118.974,4189.744,0.19880019803858842,0.032633500464394255,0.033700174702771986,0.2202558786856154,0.09358108614754193,0.3404967475659652,0.37495087468995986,0.2002096501913279,0.1532795111281752,0.18785895816494283,0.31841755738189553,0.2287882769792416,0.03624206068117267,0.06081950804117241
664.0625,4182.564,4193.846,4138.462,4098.462,4181.538,0.19880019803858842,0.032633500464394255,0.033700174702771986,0.2202558786856154,0.09358108614754193,0.3404967475659652,0.37495087468995986,0.2002096501913279,0.1532795111281752,0.18785895816494283,0.31841755738189553,0.2287882769792416,0.03624206068117267,0.06081950804117241
671.875,4167.692,4188.718,4133.846,4077.949,4170.769,0.19880019803858842,0.032633500464394255,0.033700174702771986,0.2202558786856154,0.09358108614754193,0.3404967475659652,0.37495087468995986,0.2002096501913279,0.1532795111281752,0.18785895816494283,0.31841755738189553,0.2287882769792416,0.03624206068117267,0.06081950804117241
679.6875,4159.487,4179.487,4136.41,4081.538,4155.385,0.19880019803858842,0.032633500464394255,0.033700174702771986,0.2202558786856154,0.09358108614754193,0.3404967475659652,0.37495087468995986,0.2002096501913279,0.1532795111281752,0.18785895816494283,0.31841755738189553,0.2287882769792416,0.03624206068117267,0.06081950804117241
687.5,4161.538,4181.026,4138.974,4095.385,4142.051,0.19880019803858842,0.032633500464394255,0.033700174702771986,0.2202558786856154,0.09358108614754193,0.3404967475659652,0.37495087468995986,0.2002096501913279,0.1532795111281752,0.18785895816494283,0.31841755738189553,0.2287882769792416,0.03624206068117267,0.06081950804117241
695.3125,4172.821,4192.308,4148.718,4111.795,4145.641,0.19880019803858842,0.032633500464394255,0.033700174702771986,0.2202558786856154,0.09358108614754193,0.3404967475659652,0.37495087468995986,0.2002096501913279,0.1532795111281752,0.18785895816494283,0.31841755738189553,0.2287882769792416,0.03624206068117267,0.06081950804117241
703.125,4184.615,4199.487,4160.0,4134.359,4161.026,0.19880019803858842,0.032633500464394255,0.033700174702771986,0.2202558786856154,0.09358108614754193,0.3404967475659652,0.37495087468995986,0.2002096501913279,0.1532795111281752,0.18785895816494283,0.31841755738189553,0.2287882769792416,0.03624206068117267,0.06081950804117241
710.9375,4194.872,4189.744,4157.436,4137.436,4160.0,0.19880019803858842,0.032633500464394255,0.033700174702771986,0.2202558786856154,0.09358108614754193,0.3404967475659652,0.37495087468995986,0.2002096501913279,0.1532795111281752,0.18785895816494283,0.31841755738189553,0.2287882769792416,0.03624206068117267,0.06081950804117241
718.75,4195.385,4180.0,4147.692,4120.0,4144.103,0.19880019803858842,0.032633500464394255,0.033700174702771986,0.2202558786856154,0.09358108614754193,0.3404967475659652,0.37495087468995986,0.2002096501913279,0.1532795111281752,0.18785895816494283,0.31841755738189553,0.2287882769792416,0.03624206068117267,0.06081950804117241
726.5625,4190.256,4184.103,4143.59,4119.487,4141.026,0.19880019803858842,0.032633500464394255,0.033700174702771986,0.2202558786856154,0.09358108614754193,0.3404967475659652,0.37495087468995986,0.2002096501913279,0.1532795111281752,0.18785895816494283,0.31841755738189553,0.2287882769792416,0.03624206068117267,0.06081950804117241
734.375,4203.59,4188.718,4143.59,4145.641,4163.59,0.19880019803858842,0.032633500464394255,0.033700174702771986,0.2202558786856154,0.09358108614754193,0.3404967475659652,0.37495087468995986,0.2002096501913279,0.1532795111281752,0.18785895816494283,0.31841755738189553,0.2287882769792416,0.03624206068117267,0.06081950804117241
742.1875,4225.128,4200.513,4148.718,4176.41,4194.872,0.19880019803858842,0.032633500464394255,0.033700174702771986,0.2202558786856154,0.09358108614754193,0.3404967475659652,0.37495087468995986,0.2002096501913279,0.1532795111281752,0.18785895816494283,0.31841755738189553,0.2287882769792416,0.03624206068117267,0.06081950804117241
750.0,4217.949,4210.769,4147.692,4182.051,4200.513,0.19880019803858842,0.032633500464394255,0.033700174702771986,0.2202558786856154,0.09358108614754193,0.3404967475659652,0.37495087468995986,0.2002096501913279,0.1532795111281752,0.18785895816494283,0.31841755738189553,0.2287882769792416,0.03624206068117267,0.06081950804117241
757.8125,4188.718,4202.051,4124.103,4159.487,4177.949,0.19880019803858842,0.032633500464394255,0.033700174702771986,0.2202558786856154,0.09358108614754193,0.3404967475659652,0.37495087468995986,0.2002096501913279,0.1532795111281752,0.18785895816494283,0.31841755738189553,0.2287882769792416,0.03624206068117267,0.06081950804117241
765.625,4161.538,4194.359,4095.897,4137.949,4159.487,0.19880019803858842,0.032633500464394255,0.033700174702771986,0.2202558786856154,0.09358108614754193,0.3404967475659652,0.37495087468995986,0.2002096501913279,0.1532795111281752,0.18785895816494283,0.31841755738189553,0.2287882769792416,0.03624206068117267,0.06081950804117241
773.4375,4141.026,4211.282,4095.385,4125.128,4158.462,0.19880019803858842,0.032633500464394255,0.033700174702771986,0.2202558786856154,0.09358108614754193,0.3404967475659652,0.37495087468995986,0.2002096501913279,0.1532795111281752,0.18785895816494283,0.31841755738189553,0.2287882769792416,0.03624206068117267,0.06081950804117241
781.25,4127.692,4224.103,4113.846,4104.103,4153.846,0.19880019803858842,0.032633500464394255,0.033700174702771986,0.2202558786856154,0.09358108614754193,0.3404967475659652,0.37495087468995986,0.2002096501913279,0.1532795111281752,0.18785895816494283,0.31841755738189553,0.2287882769792416,0.03624206068117267,0.06081950804117241
789.0625,4125.641,4203.077,4129.231,4086.667,4135.897,0.19880019803858842,0.032633500464394255,0.033700174702771986,0.2202558786856154,0.09358108614754193,0.3404967475659652,0.37495087468995986,0.2002096501913279,0.1532795111281752,0.18785895816494283,0.31841755738189553,0.2287882769792416,0.03624206068117267,0.06081950804117241
796.875,4130.769,4180.513,4142.564,4091.282,4118.974,0.19880019803858842,0.032633500464394255,0.033700174702771986,0.2202558786856154,0.09358108614754193,0.3404967475659652,0.37495087468995986,0.2002096501913279,0.1532795111281752,0.18785895816494283,0.31841755738189553,0.2287882769792416,0.03624206068117267,0.06081950804117241
804.6875,4143.59,4181.026,4142.564,4106.154,4118.462,0.19880019803858842,0.032633500464394255,0.033700174702771986,0.2202558786856154,0.09358108614754193,0.3404967475659652,0.37495087468995986,0.2002096501913279,0.1532795111281752,0.18785895816494283,0.31841755738189553,0.2287882769792416,0.03624206068117267,0.06081950804117241
812.5,4159.487,4193.333,4127.179,4127.692,4146.154,0.19880019803858842,0.032633500464394255,0.033700174702771986,0.2202558786856154,0.09358108614754193,0.3404967475659652,0.37495087468995986,0.2002096501913279,0.1532795111281752,0.18785895816494283,0.31841755738189553,0.2287882769792416,0.03624206068117267,0.06081950804117241
820.3125,4161.026,4206.667,4120.0,4150.769,4178.974,0.19880019803858842,0.032633500464394255,0.033700174702771986,0.2202558786856154,0.09358108614754193,0.3404967475659652,0.37495087468995986,0.2002096501913279,0.1532795111281752,0.18785895816494283,0.31841755738189553,0.2287882769792416,0.03624206068117267,0.06081950804117241
828.125,4145.128,4220.513,4124.615,4150.769,4183.59,0.19880019803858842,0.032633500464394255,0.033700174702771986,0.2202558786856154,0.09358108614754193,0.3404967475659652,0.37495087468995986,0.2002096501913279,0.1532795111281752,0.18785895816494283,0.31841755738189553,0.2287882769792416,0.03624206068117267,0.06081950804117241
835.9375,4134.359,4229.231,4133.846,4134.359,4175.385,0.19880019803858842,0.032633500464394255,0.033700174702771986,0.2202558786856154,0.09358108614754193,0.3404967475659652,0.37495087468995986,0.2002096501913279,0.1532795111281752,0.18785895816494283,0.31841755738189553,0.2287882769792416,0.03624206068117267,0.06081950804117241
843.75,4141.538,4222.051,4153.846,4124.615,4170.769,0.19880019803858842,0.032633500464394255,0.033700174702771986,0.2202558786856154,0.09358108614754193,0.3404967475659652,0.37495087468995986,0.2002096501913279,0.1532795111281752,0.18785895816494283,0.31841755738189553,0.2287882769792416,0.03624206068117267,0.06081950804117241
851.5625,4154.359,4203.59,4174.359,4120.0,4156.923,0.19880019803858842,0.032633500464394255,0.033700174702771986,0.2202558786856154,0.09358108614754193,0.3404967475659652,0.37495087468995986,0.2002096501913279,0.1532795111281752,0.18785895816494283,0.31841755738189553,0.2287882769792416,0.03624206068117267,0.06081950804117241
859.375,4163.59,4184.615,4172.308,4115.385,4142.051,0.19880019803858842,0.032633500464394255,0.033700174702771986,0.2202558786856154,0.09358108614754193,0.3404967475659652,0.37495087468995986,0.2002096501913279,0.1532795111281752,0.18785895816494283,0.31841755738189553,0.2287882769792416,0.03624206068117267,0.06081950804117241
867.1875,4173.333,4182.051,4159.487,4129.744,4156.41,0.19880019803858842,0.032633500464394255,0.033700174702771986,0.2202558786856154,0.09358108614754193,0.3404967475659652,0.37495087468995986,0.2002096501913279,0.1532795111281752,0.18785895816494283,0.31841755738189553,0.2287882769792416,0.03624206068117267,0.06081950804117241
875.0,4184.615,4193.846,4158.974,4160.513,4185.641,0.19880019803858842,0.032633500464394255,0.033700174702771986,0.2202558786856154,0.09358108614754193,0.3404967475659652,0.37495087468995986,0.2002096501913279,0.1532795111281752,0.18785895816494283,0.31841755738189553,0.2287882769792416,0.03624206068117267,0.06081950804117241
882.8125,4185.641,4198.974,4158.974,4180.0,4195.897,0.19880019803858842,0.032633500464394255,0.033700174702771986,0.2202558786856154,0.09358108614754193,0.3404967475659652,0.37495087468995986,0.2002096501913279,0.1532795111281752,0.18785895816494283,0.31841755738189553,0.2287882769792416,0.03624206068117267,0.06081950804117241
890.625,4173.333,4214.359,4150.256,4180.0,4192.821,0.19880019803858842,0.032633500464394255,0.033700174702771986,0.2202558786856154,0.09358108614754193,0.3404967475659652,0.37495087468995986,0.2002096501913279,0.1532795111281752,0.18785895816494283,0.31841755738189553,0.2287882769792416,0.03624206068117267,0.06081950804117241
898.4375,4164.103,4243.077,4151.795,4173.333,4199.487,0.19880019803858842,0.032633500464394255,0.033700174702771986,0.2202558786856154,0.09358108614754193,0.3404967475659652,0.37495087468995986,0.2002096501913279,0.1532795111281752,0.18785895816494283,0.31841755738189553,0.2287882769792416,0.03624206068117267,0.06081950804117241
906.25,4162.564,4248.718,4159.487,4167.179,4196.41,0.19880019803858842,0.032633500464394255,0.033700174702771986,0.2202558786856154,0.09358108614754193,0.3404967475659652,0.37495087468995986,0.2002096501913279,0.1532795111281752,0.18785895816494283,0.31841755738189553,0.2287882769792416,0.03624206068117267,0.06081950804117241
914.0625,4139.487,4235.385,4151.282,4148.205,4170.769,0.19880019803858842,0.032633500464394255,0.033700174702771986,0.2202558786856154,0.09358108614754193,0.3404967475659652,0.37495087468995986,0.2002096501913279,0.1532795111281752,0.18785895816494283,0.31841755738189553,0.2287882769792416,0.03624206068117267,0.06081950804117241
921.875,4109.231,4228.718,4144.615,4120.0,4151.282,0.19880019803858842,0.032633500464394255,0.033700174702771986,0.2202558786856154,0.09358108614754193,0.3404967475659652,0.37495087468995986,0.2002096501913279,0.1532795111281752,0.18785895816494283,0.31841755738189553,0.2287882769792416,0.03624206068117267,0.06081950804117241
929.6875,4118.974,4215.385,4163.59,4115.385,4142.564,0.19880019803858842,0.032633500464394255,0.033700174702771986,0.2202558786856154,0.09358108614754193,0.3404967475659652,0.37495087468995986,0.2002096501913279,0.1532795111281752,0.18785895816494283,0.31841755738189553,0.2287882769792416,0.03624206068117267,0.06081950804117241
937.5,4145.128,4191.795,4177.436,4125.128,4128.718,0.19880019803858842,0.032633500464394255,0.033700174702771986,0.2202558786856154,0.09358108614754193,0.3404967475659652,0.37495087468995986,0.2002096501913279,0.1532795111281752,0.18785895816494283,0.31841755738189553,0.2287882769792416,0.03624206068117267,0.06081950804117241
945.3125,4153.333,4187.692,4159.487,4125.641,4131.795,0.19880019803858842,0.032633500464394255,0.033700174702771986,0.2202558786856154,0.09358108614754193,0.3404967475659652,0.37495087468995986,0.2002096501913279,0.1532795111281752,0.18785895816494283,0.31841755738189553,0.2287882769792416,0.03624206068117267,0.06081950804117241
953.125,4152.821,4200.513,4135.897,4132.821,4158.462,0.19880019803858842,0.032633500464394255,0.033700174702771986,0.2202558786856154,0.09358108614754193,0.3404967475659652,0.37495087468995986,0.2002096501913279,0.1532795111281752,0.18785895816494283,0.31841755738189553,0.2287882769792416,0.03624206068117267,0.06081950804117241
960.9375,4143.077,4210.256,4130.256,4149.744,4170.769,0.19880019803858842,0.032633500464394255,0.033700174702771986,0.2202558786856154,0.09358108614754193,0.3404967475659652,0.37495087468995986,0.2002096501913279,0.1532795111281752,0.18785895816494283,0.31841755738189553,0.2287882769792416,0.03624206068117267,0.06081950804117241
968.75,4131.795,4223.59,4144.615,4152.821,4174.359,0.19880019803858842,0.032633500464394255,0.033700174702771986,0.2202558786856154,0.09358108614754193,0.3404967475659652,0.37495087468995986,0.2002096501913279,0.1532795111281752,0.18785895816494283,0.31841755738189553,0.2287882769792416,0.03624206068117267,0.06081950804117241
976.5625,4130.256,4236.923,4160.513,4140.513,4181.026,0.19880019803858842,0.032633500464394255,0.033700174702771986,0.2202558786856154,0.09358108614754193,0.3404967475659652,0.37495087468995986,0.2002096501913279,0.1532795111281752,0.18785895816494283,0.31841755738189553,0.2287882769792416,0.03624206068117267,0.06081950804117241
984.375,4116.41,4211.282,4151.282,4106.667,4147.692,0.19880019803858842,0.032633500464394255,0.033700174702771986,0.2202558786856154,0.09358108614754193,0.3404967475659652,0.37495087468995986,0.2002096501913279,0.1532795111281752,0.18785895816494283,0.31841755738189553,0.2287882769792416,0.03624206068117267,0.06081950804117241
992.1875,4111.282,4166.667,4145.641,4086.154,4110.769,0.19880019803858842,0.032633500464394255,0.033700174702771986,0.2202558786856154,0.09358108614754193,0.3404967475659652,0.37495087468995986,0.2002096501913279,0.1532795111281752,0.18785895816494283,0.31841755738189553,0.2287882769792416,0.03624206068117267,0.06081950804117241
1000.0,4146.667,4168.205,4170.769,4126.667,4140.513,0.19880019803858842,0.032633500464394255,0.033700174702771986,0.2202558786856154,0.09358108614754193,0.3404967475659652,0.37495087468995986,0.2002096501913279,0.1532795111281752,0.18785895816494283,0.31841755738189553,0.2287882769792416,0.03624206068117267,0.06081950804117241
1007.8125,4172.308,4212.821,4182.051,4167.179,4192.308,0.19880019803858842,0.032633500464394255,0.033700174702771986,0.2202558786856154,0.09358108614754193,0.3404967475659652,0.37495087468995986,0.2002096501913279,0.1532795111281752,0.18785895816494283,0.31841755738189553,0.2287882769792416,0.03624206068117267,0.06081950804117241
1015.625,4157.949,4240.513,4164.615,4161.538,4202.564,0.19880019803858842,0.032633500464394255,0.033700174702771986,0.2202558786856154,0.09358108614754193,0.3404967475659652,0.37495087468995986,0.2002096501913279,0.1532795111281752,0.18785895816494283,0.31841755738189553,0.2287882769792416,0.03624206068117267,0.06081950804117241
1023.4375,4144.103,4242.051,4164.615,4152.821,4193.333,0.19880019803858842,0.032633500464394255,0.033700174702771986,0.2202558786856154,0.09358108614754193,0.3404967475659652,0.37495087468995986,0.2002096501913279,0.1532795111281752,0.18785895816494283,0.31841755738189553,0.2287882769792416,0.03624206068117267,0.06081950804117241
1031.25,4135.897,4236.923,4172.821,4136.923,4178.974,0.19880019803858842,0.032633500464394255,0.033700174702771986,0.2202558786856154,0.09358108614754193,0.3404967475659652,0.37495087468995986,0.2002096501913279,0.1532795111281752,0.18785895816494283,0.31841755738189553,0.2287882769792416,0.03624206068117267,0.06081950804117241
1039.0625,4127.179,4223.59,4170.769,4104.103,4150.256,0.19880019803858842,0.032633500464394255,0.033700174702771986,0.2202558786856154,0.09358108614754193,0.3404967475659652,0.37495087468995986,0.2002096501913279,0.1532795111281752,0.18785895816494283,0.31841755738189553,0.2287882769792416,0.03624206068117267,0.06081950804117241
1046.875,4136.41,4209.231,4186.154,4103.59,4139.487,0.19880019803858842,0.032633500464394255,0.033700174702771986,0.2202558786856154,0.09358108614754193,0.3404967475659652,0.37495087468995986,0.2002096501913279,0.1532795111281752,0.18785895816494283,0.31841755738189553,0.2287882769792416,0.03624206068117267,0.06081950804117241
1054.6875,4153.846,4195.385,4200.513,4124.615,4145.641,0.19880019803858842,0.032633500464394255,0.033700174702771986,0.2202558786856154,0.09358108614754193,0.3404967475659652,0.37495087468995986,0.2002096501913279,0.1532795111281752,0.18785895816494283,0.31841755738189553,0.2287882769792416,0.03624206068117267,0.06081950804117241
1062.5,4165.641,4195.385,4190.769,4136.41,4153.333,0.19880019803858842,0.032633500464394255,0.033700174702771986,0.2202558786856154,0.09358108614754193,0.3404967475659652,0.37495087468995986,0.2002096501913279,0.1532795111281752,0.18785895816494283,0.31841755738189553,0.2287882769792416,0.03624206068117267,0.06081950804117241
1070.3125,4173.846,4215.897,4178.974,4158.974,4169.231,0.19880019803858842,0.032633500464394255,0.033700174702771986,0.2202558786856154,0.09358108614754193,0.3404967475659652,0.37495087468995986,0.2002096501913279,0.1532795111281752,0.18785895816494283,0.31841755738189553,0.2287882769792416,0.03624206068117267,0.06081950804117241
1078.125,4176.41,4229.744,4175.385,4178.974,4188.718,0.19880019803858842,0.032633500464394255,0.033700174702771986,0.2202558786856154,0.09358108614754193,0.3404967475659652,0.37495087468995986,0.2002096501913279,0.1532795111281752,0.18785895816494283,0.31841755738189553,0.2287882769792416,0.03624206068117267,0.06081950804117241
1085.9375,4177.949,4234.872,4175.385,4182.051,4212.821,0.19880019803858842,0.032633500464394255,0.033700174702771986,0.2202558786856154,0.09358108614754193,0.3404967475659652,0.37495087468995986,0.2002096501913279,0.1532795111281752,0.18785895816494283,0.31841755738189553,0.2287882769792416,0.03624206068117267,0.06081950804117241
1093.75,4180.0,4242.051,4171.795,4181.026,4231.795,0.19880019803858842,0.032633500464394255,0.033700174702771986,0.2202558786856154,0.09358108614754193,0.3404967475659652,0.37495087468995986,0.2002096501913279,0.1532795111281752,0.18785895816494283,0.31841755738189553,0.2287882769792416,0.03624206068117267,0.06081950804117241
1101.5625,4175.897,4245.128,4158.462,4165.128,4221.026,0.19880019803858842,0.032633500464394255,0.033700174702771986,0.2202558786856154,0.09358108614754193,0.3404967475659652,0.37495087468995986,0.2002096501913279,0.1532795111281752,0.18785895816494283,0.31841755738189553,0.2287882769792416,0.03624206068117267,0.06081950804117241
1109.375,4164.615,4244.103,4146.667,4137.436,4199.487,0.19880019803858842,0.032633500464394255,0.033700174702771986,0.2202558786856154,0.09358108614754193,0.3404967475659652,0.37495087468995986,0.2002096501913279,0.1532795111281752,0.18785895816494283,0.31841755738189553,0.2287882769792416,0.03624206068117267,0.06081950804117241
1117.1875,4160.513,4251.795,4148.718,4129.231,4202.564,0.19880019803858842,0.032633500464394255,0.033700174702771986,0.2202558786856154,0.09358108614754193,0.3404967475659652,0.37495087468995986,0.2002096501913279,0.1532795111281752,0.18785895816494283,0.31841755738189553,0.2287882769792416,0.03624206068117267,0.06081950804117241
1125.0,4157.949,4255.385,4155.897,4131.282,4198.462,0.19880019803858842,0.032633500464394255,0.033700174702771986,0.2202558786856154,0.09358108614754193,0.3404967475659652,0.37495087468995986,0.2002096501913279,0.1532795111281752,0.18785895816494283,0.31841755738189553,0.2287882769792416,0.03624206068117267,0.06081950804117241
1132.8125,4148.718,4246.667,4160.513,4127.179,4167.179,0.19880019803858842,0.032633500464394255,0.033700174702771986,0.2202558786856154,0.09358108614754193,0.3404967475659652,0.37495087468995986,0.2002096501913279,0.1532795111281752,0.18785895816494283,0.31841755738189553,0.2287882769792416,0.03624206068117267,0.06081950804117241
1140.625,4150.256,4244.103,4164.103,4127.692,4158.974,0.19880019803858842,0.032633500464394255,0.033700174702771986,0.2202558786856154,0.09358108614754193,0.3404967475659652,0.37495087468995986,0.2002096501913279,0.1532795111281752,0.18785895816494283,0.31841755738189553,0.2287882769792416,0.03624206068117267,0.06081950804117241
1148.4375,4165.641,4237.436,4169.744,4132.308,4177.436,0.19880019803858842,0.032633500464394255,0.033700174702771986,0.2202558786856154,0.09358108614754193,0.3404967475659652,0.37495087468995986,0.2002096501913279,0.1532795111281752,0.18785895816494283,0.31841755738189553,0.2287882769792416,0.03624206068117267,0.06081950804117241
1156.25,4169.744,4218.974,4177.436,4129.231,4176.923,0.19880019803858842,0.032633500464394255,0.033700174702771986,0.2202558786856154,0.09358108614754193,0.3404967475659652,0.37495087468995986,0.2002096501913279,0.1532795111281752,0.18785895816494283,0.31841755738189553,0.2287882769792416,0.03624206068117267,0.06081950804117241
1164.0625,4179.487,4212.821,4186.667,4135.897,4171.282,0.19880019803858842,0.032633500464394255,0.033700174702771986,0.2202558786856154,0.09358108614754193,0.3404967475659652,0.37495087468995986,0.2002096501913279,0.1532795111281752,0.18785895816494283,0.31841755738189553,0.2287882769792416,0.03624206068117267,0.06081950804117241
1171.875,4212.821,4230.256,4209.231,4156.923,4190.256,0.19880019803858842,0.032633500464394255,0.033700174702771986,0.2202558786856154,0.09358108614754193,0.3404967475659652,0.37495087468995986,0.2002096501913279,0.1532795111281752,0.18785895816494283,0.31841755738189553,0.2287882769792416,0.03624206068117267,0.06081950804117241
1179.6875,4237.949,4234.872,4227.179,4156.923,4210.256,0.19880019803858842,0.032633500464394255,0.033700174702771986,0.2202558786856154,0.09358108614754193,0.3404967475659652,0.37495087468995986,0.2002096501913279,0.1532795111281752,0.18785895816494283,0.31841755738189553,0.2287882769792416,0.03624206068117267,0.06081950804117241
1187.5,4243.59,4222.564,4213.846,4138.462,4214.359,0.19880019803858842,0.032633500464394255,0.033700174702771986,0.2202558786856154,0.09358108614754193,0.3404967475659652,0.37495087468995986,0.2002096501913279,0.1532795111281752,0.18785895816494283,0.31841755738189553,0.2287882769792416,0.03624206068117267,0.06081950804117241
1195.3125,4250.256,4224.615,4189.231,4134.872,4223.59,0.19880019803858842,0.032633500464394255,0.033700174702771986,0.2202558786856154,0.09358108614754193,0.3404967475659652,0.37495087468995986,0.2002096501913279,0.1532795111281752,0.18785895816494283,0.31841755738189553,0.2287882769792416,0.03624206068117267,0.06081950804117241
1203.125,4256.41,4244.615,4175.897,4135.897,4244.615,0.19880019803858842,0.032633500464394255,0.033700174702771986,0.2202558786856154,0.09358108614754193,0.3404967475659652,0.37495087468995986,0.2002096501913279,0.1532795111281752,0.18785895816494283,0.31841755738189553,0.2287882769792416,0.03624206068117267,0.06081950804117241
1210.9375,4276.41,4266.667,4153.846,4131.795,4275.897,0.19880019803858842,0.032633500464394255,0.033700174702771986,0.2202558786856154,0.09358108614754193,0.3404967475659652,0.37495087468995986,0.2002096501913279,0.1532795111281752,0.18785895816494283,0.31841755738189553,0.2287882769792416,0.03624206068117267,0.06081950804117241
1218.75,4333.846,4252.308,4132.308,4135.385,4307.692,0.19880019803858842,0.032633500464394255,0.033700174702771986,0.2202558786856154,0.09358108614754193,0.3404967475659652,0.37495087468995986,0.2002096501913279,0.1532795111281752,0.18785895816494283,0.31841755738189553,0.2287882769792416,0.03624206068117267,0.06081950804117241
1226.5625,4392.821,4222.051,4145.128,4129.744,4327.179,0.19880019803858842,0.032633500464394255,0.033700174702771986,0.2202558786856154,0.09358108614754193,0.3404967475659652,0.37495087468995986,0.2002096501913279,0.1532795111281752,0.18785895816494283,0.31841755738189553,0.2287882769792416,0.03624206068117267,0.06081950804117241
1234.375,4433.846,4233.846,4168.718,4126.667,4364.103,0.19880019803858842,0.032633500464394255,0.033700174702771986,0.2202558786856154,0.09358108614754193,0.3404967475659652,0.37495087468995986,0.2002096501913279,0.1532795111281752,0.18785895816494283,0.31841755738189553,0.2287882769792416,0.03624206068117267,0.06081950804117241
1242.1875,4469.744,4260.0,4168.205,4146.667,4427.179,0.19880019803858842,0.032633500464394255,0.033700174702771986,0.2202558786856154,0.09358108614754193,0.3404967475659652,0.37495087468995986,0.2002096501913279,0.1532795111281752,0.18785895816494283,0.31841755738189553,0.2287882769792416,0.03624206068117267,0.06081950804117241
1250.0,4506.667,4253.846,4168.205,4158.462,4468.718,0.19880019803858842,0.032633500464394255,0.033700174702771986,0.2202558786856154,0.09358108614754193,0.3404967475659652,0.37495087468995986,0.2002096501913279,0.1532795111281752,0.18785895816494283,0.31841755738189553,0.2287882769792416,0.03624206068117267,0.06081950804117241
1257.8125,4521.538,4253.333,4184.103,4155.897,4476.923,0.19880019803858842,0.032633500464394255,0.033700174702771986,0.2202558786856154,0.09358108614754193,0.3404967475659652,0.37495087468995986,0.2002096501913279,0.1532795111281752,0.18785895816494283,0.31841755738189553,0.2287882769792416,0.03624206068117267,0.06081950804117241
1265.625,4502.051,4258.462,4181.026,4154.872,4469.744,0.19880019803858842,0.032633500464394255,0.033700174702771986,0.2202558786856154,0.09358108614754193,0.3404967475659652,0.37495087468995986,0.2002096501913279,0.1532795111281752,0.18785895816494283,0.31841755738189553,0.2287882769792416,0.03624206068117267,0.06081950804117241
1273.4375,4473.846,4234.359,4167.692,4142.564,4442.051,0.19880019803858842,0.032633500464394255,0.033700174702771986,0.2202558786856154,0.09358108614754193,0.3404967475659652,0.37495087468995986,0.2002096501913279,0.1532795111281752,0.18785895816494283,0.31841755738189553,0.2287882769792416,0.03624206068117267,0.06081950804117241
1281.25,4445.641,4230.769,4150.769,4126.154,4415.897,0.19880019803858842,0.032633500464394255,0.033700174702771986,0.2202558786856154,0.09358108614754193,0.3404967475659652,0.37495087468995986,0.2002096501913279,0.1532795111281752,0.18785895816494283,0.31841755738189553,0.2287882769792416,0.03624206068117267,0.06081950804117241
1289.0625,4415.897,4232.821,4133.846,4131.795,4396.41,0.19880019803858842,0.032633500464394255,0.033700174702771986,0.2202558786856154,0.09358108614754193,0.3404967475659652,0.37495087468995986,0.2002096501913279,0.1532795111281752,0.18785895816494283,0.31841755738189553,0.2287882769792416,0.03624206068117267,0.06081950804117241
1296.875,4388.205,4212.821,4158.462,4140.513,4362.051,0.19880019803858842,0.032633500464394255,0.033700174702771986,0.2202558786856154,0.09358108614754193,0.3404967475659652,0.37495087468995986,0.2002096501913279,0.1532795111281752,0.18785895816494283,0.31841755738189553,0.2287882769792416,0.03624206068117267,0.06081950804117241
1304.6875,4361.026,4230.769,4190.256,4150.256,4340.513,0.19880019803858842,0.032633500464394255,0.033700174702771986,0.2202558786856154,0.09358108614754193,0.3404967475659652,0.37495087468995986,0.2002096501913279,0.1532795111281752,0.18785895816494283,0.31841755738189553,0.2287882769792416,0.03624206068117267,0.06081950804117241
1312.5,4341.026,4257.436,4172.821,4169.744,4341.026,0.19880019803858842,0.032633500464394255,0.033700174702771986,0.2202558786856154,0.09358108614754193,0.3404967475659652,0.37495087468995986,0.2002096501913279,0.1532795111281752,0.18785895816494283,0.31841755738189553,0.2287882769792416,0.03624206068117267,0.06081950804117241
1320.3125,4329.744,4226.667,4160.0,4168.205,4311.795,0.19880019803858842,0.032633500464394255,0.033700174702771986,0.2202558786856154,0.09358108614754193,0.3404967475659652,0.37495087468995986,0.2002096501913279,0.1532795111281752,0.18785895816494283,0.31841755738189553,0.2287882769792416,0.03624206068117267,0.06081950804117241
1328.125,4302.564,4191.282,4183.077,4142.564,4258.462,0.19880019803858842,0.032633500464394255,0.033700174702771986,0.2202558786856154,0.09358108614754193,0.3404967475659652,0.37495087468995986,0.2002096501913279,0.1532795111281752,0.18785895816494283,0.31841755738189553,0.2287882769792416,0.03624206068117267,0.06081950804117241
1335.9375,4258.462,4216.41,4180.0,4127.179,4240.513,0.19880019803858842,0.032633500464394255,0.033700174702771986,0.2202558786856154,0.09358108614754193,0.3404967475659652,0.37495087468995986,0.2002096501913279,0.1532795111281752,0.18785895816494283,0.31841755738189553,0.2287882769792416,0.03624206068117267,0.06081950804117241
1343.75,4237.949,4250.769,4149.744,4130.769,4251.282,0.19880019803858842,0.032633500464394255,0.033700174702771986,0.2202558786856154,0.09358108614754193,0.3404967475659652,0.37495087468995986,0.2002096501913279,0.1532795111281752,0.18785895816494283,0.31841755738189553,0.2287882769792416,0.03624206068117267,0.06081950804117241
1351.5625,4232.821,4251.795,4135.897,4139.487,4254.359,0.19880019803858842,0.032633500464394255,0.033700174702771986,0.2202558786856154,0.09358108614754193,0.3404967475659652,0.37495087468995986,0.2002096501913279,0.1532795111281752,0.18785895816494283,0.31841755738189553,0.2287882769792416,0.03624206068117267,0.06081950804117241
1359.375,4232.821,4248.718,4139.487,4148.718,4254.359,0.19880019803858842,0.032633500464394255,0.033700174702771986,0.2202558786856154,0.09358108614754193,0.3404967475659652,0.37495087468995986,0.2002096501913279,0.1532795111281752,0.18785895816494283,0.31841755738189553,0.2287882769792416,0.03624206068117267,0.06081950804117241
1367.1875,4240.513,4241.538,4142.564,4147.179,4249.744,0.19880019803858842,0.032633500464394255,0.033700174702771986,0.2202558786856154,0.09358108614754193,0.3404967475659652,0.37495087468995986,0.2002096501913279,0.1532795111281752,0.18785895816494283,0.31841755738189553,0.2287882769792416,0.03624206068117267,0.06081950804117241
1375.0,4234.872,4218.974,4137.949,4142.564,4228.205,0.19880019803858842,0.032633500464394255,0.033700174702771986,0.2202558786856154,0.09358108614754193,0.3404967475659652,0.37495087468995986,0.2002096501913279,0.1532795111281752,0.18785895816494283,0.31841755738189553,0.2287882769792416,0.03624206068117267,0.06081950804117241
1382.8125,4220.0,4207.692,4134.359,4154.872,4210.256,0.19880019803858842,0.032633500464394255,0.033700174702771986,0.2202558786856154,0.09358108614754193,0.3404967475659652,0.37495087468995986,0.2002096501913279,0.1532795111281752,0.18785895816494283,0.31841755738189553,0.2287882769792416,0.03624206068117267,0.06081950804117241
1390.625,4220.513,4219.487,4142.051,4163.59,4219.487,0.19880019803858842,0.032633500464394255,0.033700174702771986,0.2202558786856154,0.09358108614754193,0.3404967475659652,0.37495087468995986,0.2002096501913279,0.1532795111281752,0.18785895816494283,0.31841755738189553,0.2287882769792416,0.03624206068117267,0.06081950804117241
1398.4375,4229.231,4221.538,4153.333,4155.385,4224.615,0.19880019803858842,0.032633500464394255,0.033700174702771986,0.2202558786856154,0.09358108614754193,0.3404967475659652,0.37495087468995986,0.2002096501913279,0.1532795111281752,0.18785895816494283,0.31841755738189553,0.2287882769792416,0.03624206068117267,0.06081950804117241
1406.25,4226.667,4210.769,4159.487,4156.41,4216.41,0.19880019803858842,0.032633500464394255,0.033700174702771986,0.2202558786856154,0.09358108614754193,0.3404967475659652,0.37495087468995986,0.2002096501913279,0.1532795111281752,0.18785895816494283,0.31841755738189553,0.2287882769792416,0.03624206068117267,0.06081950804117241
1414.0625,4222.051,4210.769,4161.538,4168.205,4211.795,0.19880019803858842,0.032633500464394255,0.033700174702771986,0.2202558786856154,0.09358108614754193,0.3404967475659652,0.37495087468995986,0.2002096501913279,0.1532795111281752,0.18785895816494283,0.31841755738189553,0.2287882769792416,0.03624206068117267,0.06081950804117241
1421.875,4216.923,4212.308,4156.41,4171.282,4205.641,0.19880019803858842,0.032633500464394255,0.033700174702771986,0.2202558786856154,0.09358108614754193,0.3404967475659652,0.37495087468995986,0.2002096501913279,0.1532795111281752,0.18785895816494283,0.31841755738189553,0.2287882769792416,0.03624206068117267,0.06081950804117241
1429.6875,4202.564,4206.667,4138.462,4160.0,4190.769,0.19880019803858842,0.032633500464394255,0.033700174702771986,0.2202558786856154,0.09358108614754193,0.3404967475659652,0.37495087468995986,0.2002096501913279,0.1532795111281752,0.18785895816494283,0.31841755738189553,0.2287882769792416,0.03624206068117267,0.06081950804117241
1437.5,4190.256,4199.487,4114.872,4147.692,4187.179,0.19880019803858842,0.032633500464394255,0.033700174702771986,0.2202558786856154,0.09358108614754193,0.3404967475659652,0.37495087468995986,0.2002096501913279,0.1532795111281752,0.18785895816494283,0.31841755738189553,0.2287882769792416,0.03624206068117267,0.06081950804117241
1445.3125,4200.513,4207.179,4110.256,4151.795,4205.641,0.19880019803858842,0.032633500464394255,0.033700174702771986,0.2202558786856154,0.09358108614754193,0.3404967475659652,0.37495087468995986,0.2002096501913279,0.1532795111281752,0.18785895816494283,0.31841755738189553,0.2287882769792416,0.03624206068117267,0.06081950804117241
1453.125,4212.821,4226.154,4122.051,4160.513,4213.846,0.19880019803858842,0.032633500464394255,0.033700174702771986,0.2202558786856154,0.09358108614754193,0.3404967475659652,0.37495087468995986,0.2002096501913279,0.1532795111281752,0.18785895816494283,0.31841755738189553,0.2287882769792416,0.03624206068117267,0.06081950804117241
1460.9375,4204.615,4227.179,4127.692,4164.615,4207.692,0.19880019803858842,0.032633500464394255,0.033700174702771986,0.2202558786856154,0.09358108614754193,0.3404967475659652,0.37495087468995986,0.2002096501913279,0.1532795111281752,0.18785895816494283,0.31841755738189553,0.2287882769792416,0.03624206068117267,0.06081950804117241
1468.75,4197.436,4223.077,4131.282,4181.026,4211.282,0.19880019803858842,0.032633500464394255,0.033700174702771986,0.2202558786856154,0.09358108614754193,0.3404967475659652,0.37495087468995986,0.2002096501913279,0.1532795111281752,0.18785895816494283,0.31841755738189553,0.2287882769792416,0.03624206068117267,0.06081950804117241
1476.5625,4194.359,4229.231,4124.103,4193.846,4214.359,0.19880019803858842,0.032633500464394255,0.033700174702771986,0.2202558786856154,0.09358108614754193,0.3404967475659652,0.37495087468995986,0.2002096501913279,0.1532795111281752,0.18785895816494283,0.31841755738189553,0.2287882769792416,0.03624206068117267,0.06081950804117241
1484.375,4173.846,4229.231,4097.949,4176.41,4198.974,0.19880019803858842,0.032633500464394255,0.033700174702771986,0.2202558786856154,0.09358108614754193,0.3404967475659652,0.37495087468995986,0.2002096501913279,0.1532795111281752,0.18785895816494283,0.31841755738189553,0.2287882769792416,0.03624206068117267,0.06081950804117241
1492.1875,4141.538,4225.128,4073.846,4142.564,4178.462,0.19880019803858842,0.032633500464394255,0.033700174702771986,0.2202558786856154,0.09358108614754193,0.3404967475659652,0.37495087468995986,0.2002096501913279,0.1532795111281752,0.18785895816494283,0.31841755738189553,0.2287882769792416,0.03624206068117267,0.06081950804117241
1500.0,4122.051,4229.231,4078.974,4112.308,4161.026,0.19880019803858842,0.032633500464394255,0.033700174702771986,0.2202558786856154,0.09358108614754193,0.3404967475659652,0.37495087468995986,0.2002096501913279,0.1532795111281752,0.18785895816494283,0.31841755738189553,0.2287882769792416,0.03624206068117267,0.06081950804117241
1507.8125,4132.308,4236.923,4112.821,4098.462,4151.795,0.19880019803858842,0.032633500464394255,0.033700174702771986,0.2202558786856154,0.09358108614754193,0.3404967475659652,0.37495087468995986,0.2002096501913279,0.1532795111281752,0.18785895816494283,0.31841755738189553,0.2287882769792416,0.03624206068117267,0.06081950804117241
1515.625,4154.359,4238.462,4147.179,4106.154,4162.564,0.19880019803858842,0.032633500464394255,0.033700174702771986,0.2202558786856154,0.09358108614754193,0.3404967475659652,0.37495087468995986,0.2002096501913279,0.1532795111281752,0.18785895816494283,0.31841755738189553,0.2287882769792416,0.03624206068117267,0.06081950804117241
1523.4375,4161.538,4228.205,4163.077,4122.564,4176.41,0.19880019803858842,0.032633500464394255,0.033700174702771986,0.2202558786856154,0.09358108614754193,0.3404967475659652,0.37495087468995986,0.2002096501913279,0.1532795111281752,0.18785895816494283,0.31841755738189553,0.2287882769792416,0.03624206068117267,0.06081950804117241
1531.25,4161.026,4220.0,4168.205,4138.462,4174.359,0.19880019803858842,0.032633500464394255,0.033700174702771986,0.2202558786856154,0.09358108614754193,0.3404967475659652,0.37495087468995986,0.2002096501913279,0.1532795111281752,0.18785895816494283,0.31841755738189553,0.2287882769792416,0.03624206068117267,0.06081950804117241
1539.0625,4165.128,4225.128,4172.821,4148.718,4174.872,0.19880019803858842,0.032633500464394255,0.033700174702771986,0.2202558786856154,0.09358108614754193,0.3404967475659652,0.37495087468995986,0.2002096501913279,0.1532795111281752,0.18785895816494283,0.31841755738189553,0.2287882769792416,0.03624206068117267,0.06081950804117241
1546.875,4163.59,4218.462,4172.308,4149.744,4175.897,0.19880019803858842,0.032633500464394255,0.033700174702771986,0.2202558786856154,0.09358108614754193,0.3404967475659652,0.37495087468995986,0.2002096501913279,0.1532795111281752,0.18785895816494283,0.31841755738189553,0.2287882769792416,0.03624206068117267,0.06081950804117241
1554.6875,4157.436,4197.436,4165.641,4151.282,4164.103,0.19880019803858842,0.032633500464394255,0.033700174702771986,0.2202558786856154,0.09358108614754193,0.3404967475659652,0.37495087468995986,0.2002096501913279,0.1532795111281752,0.18785895816494283,0.31841755738189553,0.2287882769792416,0.03624206068117267,0.06081950804117241
1562.5,4169.231,4194.359,4157.949,4158.974,4163.077,0.19880019803858842,0.032633500464394255,0.033700174702771986,0.2202558786856154,0.09358108614754193,0.3404967475659652,0.37495087468995986,0.2002096501913279,0.1532795111281752,0.18785895816494283,0.31841755738189553,0.2287882769792416,0.03624206068117267,0.06081950804117241
1570.3125,4191.795,4202.564,4156.923,4162.564,4183.077,0.19880019803858842,0.032633500464394255,0.033700174702771986,0.2202558786856154,0.09358108614754193,0.3404967475659652,0.37495087468995986,0.2002096501913279,0.1532795111281752,0.18785895816494283,0.31841755738189553,0.2287882769792416,0.03624206068117267,0.06081950804117241
1578.125,4203.077,4198.974,4171.795,4160.513,4197.436,0.19880019803858842,0.032633500464394255,0.033700174702771986,0.2202558786856154,0.09358108614754193,0.3404967475659652,0.37495087468995986,0.2002096501913279,0.1532795111281752,0.18785895816494283,0.31841755738189553,0.2287882769792416,0.03624206068117267,0.06081950804117241
1585.9375,4197.436,4190.256,4177.949,4162.051,4190.256,0.19880019803858842,0.032633500464394255,0.033700174702771986,0.2202558786856154,0.09358108614754193,0.3404967475659652,0.37495087468995986,0.2002096501913279,0.1532795111281752,0.18785895816494283,0.31841755738189553,0.2287882769792416,0.03624206068117267,0.06081950804117241
1593.75,4178.974,4190.256,4165.128,4173.333,4179.487,0.19880019803858842,0.032633500464394255,0.033700174702771986,0.2202558786856154,0.09358108614754193,0.3404967475659652,0.37495087468995986,0.2002096501913279,0.1532795111281752,0.18785895816494283,0.31841755738189553,0.2287882769792416,0.03624206068117267,0.06081950804117241
1601.5625,4169.231,4205.128,4150.256,4180.0,4183.59,0.19880019803858842,0.032633500464394255,0.033700174702771986,0.2202558786856154,0.09358108614754193,0.3404967475659652,0.37495087468995986,0.2002096501913279,0.1532795111281752,0.18785895816494283,0.31841755738189553,0.2287882769792416,0.03624206068117267,0.06081950804117241
1609.375,4171.795,4219.487,4127.692,4166.667,4196.41,0.19880019803858842,0.032633500464394255,0.033700174702771986,0.2202558786856154,0.09358108614754193,0.3404967475659652,0.37495087468995986,0.2002096501913279,0.1532795111281752,0.18785895816494283,0.31841755738189553,0.2287882769792416,0.03624206068117267,0.06081950804117241
1617.1875,4163.59,4226.667,4099.487,4148.718,4196.41,0.19880019803858842,0.032633500464394255,0.033700174702771986,0.2202558786856154,0.09358108614754193,0.3404967475659652,0.37495087468995986,0.2002096501913279,0.1532795111281752,0.18785895816494283,0.31841755738189553,0.2287882769792416,0.03624206068117267,0.06081950804117241
1625.0,4137.436,4236.923,4095.897,4138.462,4175.897,0.19880019803858842,0.032633500464394255,0.033700174702771986,0.2202558786856154,0.09358108614754193,0.3404967475659652,0.37495087468995986,0.2002096501913279,0.1532795111281752,0.18785895816494283,0.31841755738189553,0.2287882769792416,0.03624206068117267,0.06081950804117241
1632.8125,4112.308,4237.436,4120.513,4123.59,4153.333,0.19880019803858842,0.032633500464394255,0.033700174702771986,0.2202558786856154,0.09358108614754193,0.3404967475659652,0.37495087468995986,0.2002096501913279,0.1532795111281752,0.18785895816494283,0.31841755738189553,0.2287882769792416,0.03624206068117267,0.06081950804117241
1640.625,4111.282,4214.872,4138.462,4108.205,4133.333,0.19880019803858842,0.032633500464394255,0.033700174702771986,0.2202558786856154,0.09358108614754193,0.3404967475659652,0.37495087468995986,0.2002096501913279,0.1532795111281752,0.18785895816494283,0.31841755738189553,0.2287882769792416,0.03624206068117267,0.06081950804117241
1648.4375,4138.462,4193.333,4129.744,4110.769,4128.205,0.19880019803858842,0.032633500464394255,0.033700174702771986,0.2202558786856154,0.09358108614754193,0.3404967475659652,0.37495087468995986,0.2002096501913279,0.1532795111281752,0.18785895816494283,0.31841755738189553,0.2287882769792416,0.03624206068117267,0.06081950804117241
1656.25,4181.026,4198.974,4128.718,4133.333,4158.462,0.19880019803858842,0.032633500464394255,0.033700174702771986,0.2202558786856154,0.09358108614754193,0.3404967475659652,0.37495087468995986,0.2002096501913279,0.1532795111281752,0.18785895816494283,0.31841755738189553,0.2287882769792416,0.03624206068117267,0.06081950804117241
1664.0625,4203.077,4215.385,4150.256,4157.949,4188.205,0.19880019803858842,0.032633500464394255,0.033700174702771986,0.2202558786856154,0.09358108614754193,0.3404967475659652,0.37495087468995986,0.2002096501913279,0.1532795111281752,0.18785895816494283,0.31841755738189553,0.2287882769792416,0.03624206068117267,0.06081950804117241
1671.875,4188.205,4226.154,4153.333,4169.231,4186.154,0.19880019803858842,0.032633500464394255,0.033700174702771986,0.2202558786856154,0.09358108614754193,0.3404967475659652,0.37495087468995986,0.2002096501913279,0.1532795111281752,0.18785895816494283,0.31841755738189553,0.2287882769792416,0.03624206068117267,0.06081950804117241
1679.6875,4157.436,4228.205,4126.154,4160.513,4180.513,0.19880019803858842,0.032633500464394255,0.033700174702771986,0.2202558786856154,0.09358108614754193,0.3404967475659652,0.37495087468995986,0.2002096501913279,0.1532795111281752,0.18785895816494283,0.31841755738189553,0.2287882769792416,0.03624206068117267,0.06081950804117241
1687.5,4132.821,4226.154,4117.949,4138.462,4180.0,0.19880019803858842,0.032633500464394255,0.033700174702771986,0.2202558786856154,0.09358108614754193,0.3404967475659652,0.37495087468995986,0.2002096501913279,0.1532795111281752,0.18785895816494283,0.31841755738189553,0.2287882769792416,0.03624206068117267,0.06081950804117241
1695.3125,4124.615,4226.667,4141.026,4127.179,4168.205,0.19880019803858842,0.032633500464394255,0.033700174702771986,0.2202558786856154,0.09358108614754193,0.3404967475659652,0.37495087468995986,0.2002096501913279,0.1532795111281752,0.18785895816494283,0.31841755738189553,0.2287882769792416,0.03624206068117267,0.06081950804117241
1703.125,4131.795,4229.744,4163.59,4131.282,4158.462,0.19880019803858842,0.032633500464394255,0.033700174702771986,0.2202558786856154,0.09358108614754193,0.3404967475659652,0.37495087468995986,0.2002096501913279,0.1532795111281752,0.18785895816494283,0.31841755738189553,0.2287882769792416,0.03624206068117267,0.06081950804117241
1710.9375,4138.974,4226.667,4172.821,4127.179,4146.667,0.19880019803858842,0.032633500464394255,0.033700174702771986,0.2202558786856154,0.09358108614754193,0.3404967475659652,0.37495087468995986,0.2002096501913279,0.1532795111281752,0.18785895816494283,0.31841755738189553,0.2287882769792416,0.03624206068117267,0.06081950804117241
1718.75,4127.692,4202.051,4158.974,4112.308,4115.385,0.19880019803858842,0.032633500464394255,0.033700174702771986,0.2202558786856154,0.09358108614754193,0.3404967475659652,0.37495087468995986,0.2002096501913279,0.1532795111281752,0.18785895816494283,0.31841755738189553,0.2287882769792416,0.03624206068117267,0.06081950804117241
1726.5625,4126.667,4177.949,4125.641,4116.41,4103.59,0.19880019803858842,0.032633500464394255,0.033700174702771986,0.2202558786856154,0.09358108614754193,0.3404967475659652,0.37495087468995986,0.2002096501913279,0.1532795111281752,0.18785895816494283,0.31841755738189553,0.2287882769792416,0.03624206068117267,0.06081950804117241
1734.375,4151.795,4190.256,4098.974,4140.0,4136.923,0.19880019803858842,0.032633500464394255,0.033700174702771986,0.2202558786856154,0.09358108614754193,0.3404967475659652,0.37495087468995986,0.2002096501913279,0.1532795111281752,0.18785895816494283,0.31841755738189553,0.2287882769792416,0.03624206068117267,0.06081950804117241
1742.1875,4168.718,4217.949,4090.256,4148.718,4171.795,0.19880019803858842,0.032633500464394255,0.033700174702771986,0.2202558786856154,0.09358108614754193,0.3404967475659652,0.37495087468995986,0.2002096501913279,0.1532795111281752,0.18785895816494283,0.31841755738189553,0.2287882769792416,0.03624206068117267,0.06081950804117241
1750.0,4156.41,4231.282,4086.667,4137.949,4181.538,0.19880019803858842,0.032633500464394255,0.033700174702771986,0.2202558786856154,0.09358108614754193,0.3404967475659652,0.37495087468995986,0.2002096501913279,0.1532795111281752,0.18785895816494283,0.31841755738189553,0.2287882769792416,0.03624206068117267,0.06081950804117241
1757.8125,4140.0,4238.462,4084.615,4126.154,4181.538,0.19880019803858842,0.032633500464394255,0.033700174702771986,0.2202558786856154,0.09358108614754193,0.3404967475659652,0.37495087468995986,0.2002096501913279,0.1532795111281752,0.18785895816494283,0.31841755738189553,0.2287882769792416,0.03624206068117267,0.06081950804117241
1765.625,4138.462,4242.051,4100.0,4116.923,4171.282,0.19880019803858842,0.032633500464394255,0.033700174702771986,0.2202558786856154,0.09358108614754193,0.3404967475659652,0.37495087468995986,0.2002096501913279,0.1532795111281752,0.18785895816494283,0.31841755738189553,0.2287882769792416,0.03624206068117267,0.06081950804117241
1773.4375,4133.333,4224.103,4122.051,4106.667,4149.744,0.19880019803858842,0.032633500464394255,0.033700174702771986,0.2202558786856154,0.09358108614754193,0.3404967475659652,0.37495087468995986,0.2002096501913279,0.1532795111281752,0.18785895816494283,0.31841755738189553,0.2287882769792416,0.03624206068117267,0.06081950804117241
1781.25,4128.205,4203.077,4128.718,4100.513,4139.487,0.19880019803858842,0.032633500464394255,0.033700174702771986,0.2202558786856154,0.09358108614754193,0.3404967475659652,0.37495087468995986,0.2002096501913279,0.1532795111281752,0.18785895816494283,0.31841755738189553,0.2287882769792416,0.03624206068117267,0.06081950804117241
1789.0625,4151.282,4199.487,4142.051,4114.872,4150.769,0.19880019803858842,0.032633500464394255,0.033700174702771986,0.2202558786856154,0.09358108614754193,0.3404967475659652,0.37495087468995986,0.2002096501913279,0.1532795111281752,0.18785895816494283,0.31841755738189553,0.2287882769792416,0.03624206068117267,0.06081950804117241
1796.875,4183.077,4198.974,4170.256,4142.051,4164.103,0.19880019803858842,0.032633500464394255,0.033700174702771986,0.2202558786856154,0.09358108614754193,0.3404967475659652,0.37495087468995986,0.2002096501913279,0.1532795111281752,0.18785895816494283,0.31841755738189553,0.2287882769792416,0.03624206068117267,0.06081950804117241
1804.6875,4193.846,4195.385,4182.564,4158.462,4170.769,0.19880019803858842,0.032633500464394255,0.033700174702771986,0.2202558786856154,0.09358108614754193,0.3404967475659652,0.37495087468995986,0.2002096501913279,0.1532795111281752,0.18785895816494283,0.31841755738189553,0.2287882769792416,0.03624206068117267,0.06081950804117241
1812.5,4195.385,4203.077,4182.051,4167.692,4176.923,0.19880019803858842,0.032633500464394255,0.033700174702771986,0.2202558786856154,0.09358108614754193,0.3404967475659652,0.37495087468995986,0.2002096501913279,0.1532795111281752,0.18785895816494283,0.31841755738189553,0.2287882769792416,0.03624206068117267,0.06081950804117241
1820.3125,4199.487,4214.872,4185.641,4168.205,4183.077,0.19880019803858842,0.032633500464394255,0.033700174702771986,0.2202558786856154,0.09358108614754193,0.3404967475659652,0.37495087468995986,0.2002096501913279,0.1532795111281752,0.18785895816494283,0.31841755738189553,0.2287882769792416,0.03624206068117267,0.06081950804117241
1828.125,4193.333,4216.923,4177.949,4147.179,4177.436,0.19880019803858842,0.032633500464394255,0.033700174702771986,0.2202558786856154,0.09358108614754193,0.3404967475659652,0.37495087468995986,0.2002096501913279,0.1532795111281752,0.18785895816494283,0.31841755738189553,0.2287882769792416,0.03624206068117267,0.06081950804117241
1835.9375,4183.077,4213.846,4165.128,4121.538,4165.128,0.19880019803858842,0.032633500464394255,0.033700174702771986,0.2202558786856154,0.09358108614754193,0.3404967475659652,0.37495087468995986,0.2002096501913279,0.1532795111281752,0.18785895816494283,0.31841755738189553,0.2287882769792416,0.03624206068117267,0.06081950804117241
1843.75,4177.436,4208.205,4159.487,4119.487,4158.974,0.19880019803858842,0.032633500464394255,0.033700174702771986,0.2202558786856154,0.09358108614754193,0.3404967475659652,0.37495087468995986,0.2002096501913279,0.1532795111281752,0.18785895816494283,0.31841755738189553,0.2287882769792416,0.03624206068117267,0.06081950804117241
1851.5625,4172.821,4188.718,4137.436,4128.205,4147.179,0.19880019803858842,0.032633500464394255,0.033700174702771986,0.2202558786856154,0.09358108614754193,0.3404967475659652,0.37495087468995986,0.2002096501913279,0.1532795111281752,0.18785895816494283,0.31841755738189553,0.2287882769792416,0.03624206068117267,0.06081950804117241
1859.375,4172.821,4173.846,4100.513,4129.744,4141.538,0.19880019803858842,0.032633500464394255,0.033700174702771986,0.2202558786856154,0.09358108614754193,0.3404967475659652,0.37495087468995986,0.2002096501913279,0.1532795111281752,0.18785895816494283,0.31841755738189553,0.2287882769792416,0.03624206068117267,0.06081950804117241
1867.1875,4173.333,4198.462,4083.59,4138.974,4166.154,0.19880019803858842,0.032633500464394255,0.033700174702771986,0.2202558786856154,0.09358108614754193,0.3404967475659652,0.37495087468995986,0.2002096501913279,0.1532795111281752,0.18785895816494283,0.31841755738189553,0.2287882769792416,0.03624206068117267,0.06081950804117241
1875.0,4176.41,4235.385,4094.872,4163.077,4189.744,0.19880019803858842,0.032633500464394255,0.033700174702771986,0.2202558786856154,0.09358108614754193,0.3404967475659652,0.37495087468995986,0.2002096501913279,0.1532795111281752,0.18785895816494283,0.31841755738189553,0.2287882769792416,0.03624206068117267,0.06081950804117241
1882.8125,4194.359,4251.795,4124.103,4186.667,4201.026,0.19880019803858842,0.032633500464394255,0.033700174702771986,0.2202558786856154,0.09358108614754193,0.3404967475659652,0.37495087468995986,0.2002096501913279,0.1532795111281752,0.18785895816494283,0.31841755738189553,0.2287882769792416,0.03624206068117267,0.06081950804117241
1890.625,4212.821,4254.359,4142.564,4198.974,4220.0,0.19880019803858842,0.032633500464394255,0.033700174702771986,0.2202558786856154,0.09358108614754193,0.3404967475659652,0.37495087468995986,0.2002096501913279,0.1532795111281752,0.18785895816494283,0.31841755738189553,0.2287882769792416,0.03624206068117267,0.06081950804117241
1898.4375,4214.359,4246.667,4131.282,4197.436,4229.231,0.19880019803858842,0.032633500464394255,0.033700174702771986,0.2202558786856154,0.09358108614754193,0.3404967475659652,0.37495087468995986,0.2002096501913279,0.1532795111281752,0.18785895816494283,0.31841755738189553,0.2287882769792416,0.03624206068117267,0.06081950804117241
1906.25,4207.692,4237.436,4118.974,4183.077,4223.59,0.19880019803858842,0.032633500464394255,0.033700174702771986,0.2202558786856154,0.09358108614754193,0.3404967475659652,0.37495087468995986,0.2002096501913279,0.1532795111281752,0.18785895816494283,0.31841755738189553,0.2287882769792416,0.03624206068117267,0.06081950804117241
1914.0625,4212.821,4233.846,4136.923,4174.359,4222.051,0.19880019803858842,0.032633500464394255,0.033700174702771986,0.2202558786856154,0.09358108614754193,0.3404967475659652,0.37495087468995986,0.2002096501913279,0.1532795111281752,0.18785895816494283,0.31841755738189553,0.2287882769792416,0.03624206068117267,0.06081950804117241
1921.875,4223.59,4230.256,4162.051,4184.615,4222.564,0.19880019803858842,0.032633500464394255,0.033700174702771986,0.2202558786856154,0.09358108614754193,0.3404967475659652,0.37495087468995986,0.2002096501913279,0.1532795111281752,0.18785895816494283,0.31841755738189553,0.2287882769792416,0.03624206068117267,0.06081950804117241
1929.6875,4222.051,4221.538,4157.949,4192.821,4218.974,0.19880019803858842,0.032633500464394255,0.033700174702771986,0.2202558786856154,0.09358108614754193,0.3404967475659652,0.37495087468995986,0.2002096501913279,0.1532795111281752,0.18785895816494283,0.31841755738189553,0.2287882769792416,0.03624206068117267,0.06081950804117241
1937.5,4215.385,4217.436,4136.923,4185.641,4215.385,0.19880019803858842,0.032633500464394255,0.033700174702771986,0.2202558786856154,0.09358108614754193,0.3404967475659652,0.37495087468995986,0.2002096501913279,0.1532795111281752,0.18785895816494283,0.31841755738189553,0.2287882769792416,0.03624206068117267,0.06081950804117241
1945.3125,4206.667,4214.872,4122.564,4173.333,4207.692,0.19880019803858842,0.032633500464394255,0.033700174702771986,0.2202558786856154,0.09358108614754193,0.3404967475659652,0.37495087468995986,0.2002096501913279,0.1532795111281752,0.18785895816494283,0.31841755738189553,0.2287882769792416,0.03624206068117267,0.06081950804117241
1953.125,4192.308,4216.923,4118.974,4167.179,4202.051,0.19880019803858842,0.032633500464394255,0.033700174702771986,0.2202558786856154,0.09358108614754193,0.3404967475659652,0.37495087468995986,0.2002096501913279,0.1532795111281752,0.18785895816494283,0.31841755738189553,0.2287882769792416,0.03624206068117267,0.06081950804117241
1960.9375,4180.513,4230.256,4122.051,4166.667,4199.487,0.19880019803858842,0.032633500464394255,0.033700174702771986,0.2202558786856154,0.09358108614754193,0.3404967475659652,0.37495087468995986,0.2002096501913279,0.1532795111281752,0.18785895816494283,0.31841755738189553,0.2287882769792416,0.03624206068117267,0.06081950804117241
1968.75,4170.769,4243.59,4118.462,4160.0,4187.692,0.19880019803858842,0.032633500464394255,0.033700174702771986,0.2202558786856154,0.09358108614754193,0.3404967475659652,0.37495087468995986,0.2002096501913279,0.1532795111281752,0.18785895816494283,0.31841755738189553,0.2287882769792416,0.03624206068117267,0.06081950804117241
1976.5625,4156.923,4245.641,4096.41,4139.487,4175.897,0.19880019803858842,0.032633500464394255,0.033700174702771986,0.2202558786856154,0.09358108614754193,0.3404967475659652,0.37495087468995986,0.2002096501913279,0.1532795111281752,0.18785895816494283,0.31841755738189553,0.2287882769792416,0.03624206068117267,0.06081950804117241
1984.375,4155.897,4236.923,4075.897,4111.282,4168.205,0.19880019803858842,0.032633500464394255,0.033700174702771986,0.2202558786856154,0.09358108614754193,0.3404967475659652,0.37495087468995986,0.2002096501913279,0.1532795111281752,0.18785895816494283,0.31841755738189553,0.2287882769792416,0.03624206068117267,0.06081950804117241
1992.1875,4175.385,4239.487,4091.282,4102.051,4175.897,0.19880019803858842,0.032633500464394255,0.033700174702771986,0.2202558786856154,0.09358108614754193,0.3404967475659652,0.37495087468995986,0.2002096501913279,0.1532795111281752,0.18785895816494283,0.31841755738189553,0.2287882769792416,0.03624206068117267,0.06081950804117241
2000.0,4177.949,4244.103,4121.026,4114.872,4188.205,0.19880019803858842,0.032633500464394255,0.033700174702771986,0.2202558786856154,0.09358108614754193,0.3404967475659652,0.37495087468995986,0.2002096501913279,0.1532795111281752,0.18785895816494283,0.31841755738189553,0.2287882769792416,0.03624206068117267,0.06081950804117241
2007.8125,4156.41,4230.256,4132.821,4114.359,4172.308,0.19880019803858842,0.032633500464394255,0.033700174702771986,0.2202558786856154,0.09358108614754193,0.3404967475659652,0.37495087468995986,0.2002096501913279,0.1532795111281752,0.18785895816494283,0.31841755738189553,0.2287882769792416,0.03624206068117267,0.06081950804117241
2015.625,4154.359,4221.538,4133.333,4102.051,4146.667,0.19880019803858842,0.032633500464394255,0.033700174702771986,0.2202558786856154,0.09358108614754193,0.3404967475659652,0.37495087468995986,0.2002096501913279,0.1532795111281752,0.18785895816494283,0.31841755738189553,0.2287882769792416,0.03624206068117267,0.06081950804117241
2023.4375,4181.026,4226.667,4139.487,4114.359,4156.41,0.19880019803858842,0.032633500464394255,0.033700174702771986,0.2202558786856154,0.09358108614754193,0.3404967475659652,0.37495087468995986,0.2002096501913279,0.1532795111281752,0.18785895816494283,0.31841755738189553,0.2287882769792416,0.03624206068117267,0.06081950804117241
2031.25,4208.205,4226.154,4150.769,4147.692,4183.59,0.19880019803858842,0.032633500464394255,0.033700174702771986,0.2202558786856154,0.09358108614754193,0.3404967475659652,0.37495087468995986,0.2002096501913279,0.1532795111281752,0.18785895816494283,0.31841755738189553,0.2287882769792416,0.03624206068117267,0.06081950804117241
2039.0625,4212.821,4214.359,4148.205,4147.692,4184.103,0.19880019803858842,0.032633500464394255,0.033700174702771986,0.2202558786856154,0.09358108614754193,0.3404967475659652,0.37495087468995986,0.2002096501913279,0.1532795111281752,0.18785895816494283,0.31841755738189553,0.2287882769792416,0.03624206068117267,0.06081950804117241
2046.875,4205.641,4200.513,4134.359,4126.667,4170.256,0.19880019803858842,0.032633500464394255,0.033700174702771986,0.2202558786856154,0.09358108614754193,0.3404967475659652,0.37495087468995986,0.2002096501913279,0.1532795111281752,0.18785895816494283,0.31841755738189553,0.2287882769792416,0.03624206068117267,0.06081950804117241
2054.6875,4204.615,4202.051,4137.436,4132.821,4172.821,0.19880019803858842,0.032633500464394255,0.033700174702771986,0.2202558786856154,0.09358108614754193,0.3404967475659652,0.37495087468995986,0.2002096501913279,0.1532795111281752,0.18785895816494283,0.31841755738189553,0.2287882769792416,0.03624206068117267,0.06081950804117241
2062.5,4193.846,4206.667,4128.205,4129.744,4165.641,0.19880019803858842,0.032633500464394255,0.033700174702771986,0.2202558786856154,0.09358108614754193,0.3404967475659652,0.37495087468995986,0.2002096501913279,0.1532795111281752,0.18785895816494283,0.31841755738189553,0.2287882769792416,0.03624206068117267,0.06081950804117241
2070.3125,4162.564,4182.051,4072.821,4089.231,4132.308,0.19880019803858842,0.032633500464394255,0.033700174702771986,0.2202558786856154,0.09358108614754193,0.3404967475659652,0.37495087468995986,0.2002096501913279,0.1532795111281752,0.18785895816494283,0.31841755738189553,0.2287882769792416,0.03624206068117267,0.06081950804117241
2078.125,4150.769,4163.59,4036.41,4078.462,4126.154,0.19880019803858842,0.032633500464394255,0.033700174702771986,0.2202558786856154,0.09358108614754193,0.3404967475659652,0.37495087468995986,0.2002096501913279,0.1532795111281752,0.18785895816494283,0.31841755738189553,0.2287882769792416,0.03624206068117267,0.06081950804117241
2085.9375,4162.051,4195.897,4059.487,4107.692,4158.974,0.19880019803858842,0.032633500464394255,0.033700174702771986,0.2202558786856154,0.09358108614754193,0.3404967475659652,0.37495087468995986,0.2002096501913279,0.1532795111281752,0.18785895816494283,0.31841755738189553,0.2287882769792416,0.03624206068117267,0.06081950804117241
2093.75,4150.256,4221.026,4072.308,4107.179,4168.718,0.19880019803858842,0.032633500464394255,0.033700174702771986,0.2202558786856154,0.09358108614754193,0.3404967475659652,0.37495087468995986,0.2002096501913279,0.1532795111281752,0.18785895816494283,0.31841755738189553,0.2287882769792416,0.03624206068117267,0.06081950804117241
2101.5625,4130.769,4214.359,4065.128,4099.487,4157.949,0.19880019803858842,0.032633500464394255,0.033700174702771986,0.2202558786856154,0.09358108614754193,0.3404967475659652,0.37495087468995986,0.2002096501913279,0.1532795111281752,0.18785895816494283,0.31841755738189553,0.2287882769792416,0.03624206068117267,0.06081950804117241
2109.375,4128.718,4214.872,4075.897,4109.744,4155.385,0.19880019803858842,0.032633500464394255,0.033700174702771986,0.2202558786856154,0.09358108614754193,0.3404967475659652,0.37495087468995986,0.2002096501913279,0.1532795111281752,0.18785895816494283,0.31841755738189553,0.2287882769792416,0.03624206068117267,0.06081950804117241
2117.1875,4134.359,4215.385,4093.846,4102.051,4149.744,0.19880019803858842,0.032633500464394255,0.033700174702771986,0.2202558786856154,0.09358108614754193,0.3404967475659652,0.37495087468995986,0.2002096501913279,0.1532795111281752,0.18785895816494283,0.31841755738189553,0.2287882769792416,0.03624206068117267,0.06081950804117241
2125.0,4162.564,4215.385,4121.538,4107.179,4158.974,0.19880019803858842,0.032633500464394255,0.033700174702771986,0.2202558786856154,0.09358108614754193,0.3404967475659652,0.37495087468995986,0.2002096501913279,0.1532795111281752,0.18785895816494283,0.31841755738189553,0.2287882769792416,0.03624206068117267,0.06081950804117241
2132.8125,4201.538,4236.41,4160.0,4145.641,4195.385,0.19880019803858842,0.032633500464394255,0.033700174702771986,0.2202558786856154,0.09358108614754193,0.3404967475659652,0.37495087468995986,0.2002096501913279,0.1532795111281752,0.18785895816494283,0.31841755738189553,0.2287882769792416,0.03624206068117267,0.06081950804117241
2140.625,4208.205,4254.359,4165.641,4159.487,4215.385,0.19880019803858842,0.032633500464394255,0.033700174702771986,0.2202558786856154,0.09358108614754193,0.3404967475659652,0.37495087468995986,0.2002096501913279,0.1532795111281752,0.18785895816494283,0.31841755738189553,0.2287882769792416,0.03624206068117267,0.06081950804117241
2148.4375,4192.821,4249.231,4142.051,4146.154,4207.179,0.19880019803858842,0.032633500464394255,0.033700174702771986,0.2202558786856154,0.09358108614754193,0.3404967475659652,0.37495087468995986,0.2002096501913279,0.1532795111281752,0.18785895816494283,0.31841755738189553,0.2287882769792416,0.03624206068117267,0.06081950804117241
2156.25,4188.205,4254.359,4132.308,4147.692,4203.077,0.19880019803858842,0.032633500464394255,0.033700174702771986,0.2202558786856154,0.09358108614754193,0.3404967475659652,0.37495087468995986,0.2002096501913279,0.1532795111281752,0.18785895816494283,0.31841755738189553,0.2287882769792416,0.03624206068117267,0.06081950804117241
2164.0625,4184.103,4273.333,4127.179,4151.282,4201.538,0.19880019803858842,0.032633500464394255,0.033700174702771986,0.2202558786856154,0.09358108614754193,0.3404967475659652,0.37495087468995986,0.2002096501913279,0.1532795111281752,0.18785895816494283,0.31841755738189553,0.2287882769792416,0.03624206068117267,0.06081950804117241
2171.875,4177.949,4277.436,4118.462,4143.59,4195.385,0.19880019803858842,0.032633500464394255,0.033700174702771986,0.2202558786856154,0.09358108614754193,0.3404967475659652,0.37495087468995986,0.2002096501913279,0.1532795111281752,0.18785895816494283,0.31841755738189553,0.2287882769792416,0.03624206068117267,0.06081950804117241
2179.6875,4177.949,4263.077,4114.872,4140.0,4193.333,0.19880019803858842,0.032633500464394255,0.033700174702771986,0.2202558786856154,0.09358108614754193,0.3404967475659652,0.37495087468995986,0.2002096501913279,0.1532795111281752,0.18785895816494283,0.31841755738189553,0.2287882769792416,0.03624206068117267,0.06081950804117241
2187.5,4175.385,4258.974,4118.974,4141.538,4196.41,0.19880019803858842,0.032633500464394255,0.033700174702771986,0.2202558786856154,0.09358108614754193,0.3404967475659652,0.37495087468995986,0.2002096501913279,0.1532795111281752,0.18785895816494283,0.31841755738189553,0.2287882769792416,0.03624206068117267,0.06081950804117241
2195.3125,4181.026,4270.769,4125.641,4148.718,4208.718,0.19880019803858842,0.032633500464394255,0.033700174702771986,0.2202558786856154,0.09358108614754193,0.3404967475659652,0.37495087468995986,0.2002096501913279,0.1532795111281752,0.18785895816494283,0.31841755738189553,0.2287882769792416,0.03624206068117267,0.06081950804117241
2203.125,4189.744,4265.641,4114.359,4146.667,4210.256,0.19880019803858842,0.032633500464394255,0.033700174702771986,0.2202558786856154,0.09358108614754193,0.3404967475659652,0.37495087468995986,0.2002096501913279,0.1532795111281752,0.18785895816494283,0.31841755738189553,0.2287882769792416,0.03624206068117267,0.06081950804117241
2210.9375,4188.205,4253.333,4095.897,4137.949,4201.026,0.19880019803858842,0.032633500464394255,0.033700174702771986,0.2202558786856154,0.09358108614754193,0.3404967475659652,0.37495087468995986,0.2002096501913279,0.1532795111281752,0.18785895816494283,0.31841755738189553,0.2287882769792416,0.03624206068117267,0.06081950804117241
2218.75,4188.718,4260.0,4097.436,4146.154,4202.564,0.19880019803858842,0.032633500464394255,0.033700174702771986,0.2202558786856154,0.09358108614754193,0.3404967475659652,0.37495087468995986,0.2002096501913279,0.1532795111281752,0.18785895816494283,0.31841755738189553,0.2287882769792416,0.03624206068117267,0.06081950804117241
2226.5625,4194.872,4261.538,4104.615,4157.436,4216.41,0.19880019803858842,0.032633500464394255,0.033700174702771986,0.2202558786856154,0.09358108614754193,0.3404967475659652,0.37495087468995986,0.2002096501913279,0.1532795111281752,0.18785895816494283,0.31841755738189553,0.2287882769792416,0.03624206068117267,0.06081950804117241
2234.375,4196.923,4248.718,4104.103,4153.846,4221.026,0.19880019803858842,0.032633500464394255,0.033700174702771986,0.2202558786856154,0.09358108614754193,0.3404967475659652,0.37495087468995986,0.2002096501913279,0.1532795111281752,0.18785895816494283,0.31841755738189553,0.2287882769792416,0.03624206068117267,0.06081950804117241
2242.1875,4201.026,4241.538,4113.333,4161.538,4223.077,0.19880019803858842,0.032633500464394255,0.033700174702771986,0.2202558786856154,0.09358108614754193,0.3404967475659652,0.37495087468995986,0.2002096501913279,0.1532795111281752,0.18785895816494283,0.31841755738189553,0.2287882769792416,0.03624206068117267,0.06081950804117241
2250.0,4206.154,4237.436,4125.128,4176.41,4228.718,0.19880019803858842,0.032633500464394255,0.033700174702771986,0.2202558786856154,0.09358108614754193,0.3404967475659652,0.37495087468995986,0.2002096501913279,0.1532795111281752,0.18785895816494283,0.31841755738189553,0.2287882769792416,0.03624206068117267,0.06081950804117241
2257.8125,4209.744,4235.385,4129.744,4175.385,4226.667,0.19880019803858842,0.032633500464394255,0.033700174702771986,0.2202558786856154,0.09358108614754193,0.3404967475659652,0.37495087468995986,0.2002096501913279,0.1532795111281752,0.18785895816494283,0.31841755738189553,0.2287882769792416,0.03624206068117267,0.06081950804117241
2265.625,4207.179,4239.487,4123.077,4161.026,4215.897,0.19880019803858842,0.032633500464394255,0.033700174702771986,0.2202558786856154,0.09358108614754193,0.3404967475659652,0.37495087468995986,0.2002096501913279,0.1532795111281752,0.18785895816494283,0.31841755738189553,0.2287882769792416,0.03624206068117267,0.06081950804117241
2273.4375,4195.385,4239.487,4103.077,4145.128,4200.513,0.19880019803858842,0.032633500464394255,0.033700174702771986,0.2202558786856154,0.09358108614754193,0.3404967475659652,0.37495087468995986,0.2002096501913279,0.1532795111281752,0.18785895816494283,0.31841755738189553,0.2287882769792416,0.03624206068117267,0.06081950804117241
2281.25,4173.846,4235.897,4082.564,4125.641,4178.462,0.19880019803858842,0.032633500464394255,0.033700174702771986,0.2202558786856154,0.09358108614754193,0.3404967475659652,0.37495087468995986,0.2002096501913279,0.1532795111281752,0.18785895816494283,0.31841755738189553,0.2287882769792416,0.03624206068117267,0.06081950804117241
2289.0625,4151.795,4235.897,4069.744,4105.641,4160.513,0.19880019803858842,0.032633500464394255,0.033700174702771986,0.2202558786856154,0.09358108614754193,0.3404967475659652,0.37495087468995986,0.2002096501913279,0.1532795111281752,0.18785895816494283,0.31841755738189553,0.2287882769792416,0.03624206068117267,0.06081950804117241
2296.875,4147.179,4240.513,4065.641,4103.59,4167.179,0.19880019803858842,0.032633500464394255,0.033700174702771986,0.2202558786856154,0.09358108614754193,0.3404967475659652,0.37495087468995986,0.2002096501913279,0.1532795111281752,0.18785895816494283,0.31841755738189553,0.2287882769792416,0.03624206068117267,0.06081950804117241
2304.6875,4148.718,4234.359,4064.615,4108.205,4172.821,0.19880019803858842,0.032633500464394255,0.033700174702771986,0.2202558786856154,0.09358108614754193,0.3404967475659652,0.37495087468995986,0.2002096501913279,0.1532795111281752,0.18785895816494283,0.31841755738189553,0.2287882769792416,0.03624206068117267,0.06081950804117241
2312.5,4144.103,4226.154,4070.769,4110.256,4158.462,0.19880019803858842,0.032633500464394255,0.033700174702771986,0.2202558786856154,0.09358108614754193,0.3404967475659652,0.37495087468995986,0.2002096501913279,0.1532795111281752,0.18785895816494283,0.31841755738189553,0.2287882769792416,0.03624206068117267,0.06081950804117241
2320.3125,4155.385,4236.923,4095.385,4121.538,4164.615,0.19880019803858842,0.032633500464394255,0.033700174702771986,0.2202558786856154,0.09358108614754193,0.3404967475659652,0.37495087468995986,0.2002096501913279,0.1532795111281752,0.18785895816494283,0.31841755738189553,0.2287882769792416,0.03624206068117267,0.06081950804117241
2328.125,4175.385,4251.282,4122.564,4140.513,4186.154,0.19880019803858842,0.032633500464394255,0.033700174702771986,0.2202558786856154,0.09358108614754193,0.3404967475659652,0.37495087468995986,0.2002096501913279,0.1532795111281752,0.18785895816494283,0.31841755738189553,0.2287882769792416,0.03624206068117267,0.06081950804117241
2335.9375,4170.256,4238.974,4122.051,4130.769,4185.128,0.19880019803858842,0.032633500464394255,0.033700174702771986,0.2202558786856154,0.09358108614754193,0.3404967475659652,0.37495087468995986,0.2002096501913279,0.1532795111281752,0.18785895816494283,0.31841755738189553,0.2287882769792416,0.03624206068117267,0.06081950804117241
2343.75,4159.487,4226.667,4118.974,4109.231,4177.949,0.19880019803858842,0.032633500464394255,0.033700174702771986,0.2202558786856154,0.09358108614754193,0.3404967475659652,0.37495087468995986,0.2002096501913279,0.1532795111281752,0.18785895816494283,0.31841755738189553,0.2287882769792416,0.03624206068117267,0.06081950804117241
2351.5625,4181.026,4249.231,4142.564,4123.59,4194.359,0.19880019803858842,0.032633500464394255,0.033700174702771986,0.2202558786856154,0.09358108614754193,0.3404967475659652,0.37495087468995986,0.2002096501913279,0.1532795111281752,0.18785895816494283,0.31841755738189553,0.2287882769792416,0.03624206068117267,0.06081950804117241
2359.375,4206.154,4270.769,4152.308,4148.205,4217.949,0.19880019803858842,0.032633500464394255,0.033700174702771986,0.2202558786856154,0.09358108614754193,0.3404967475659652,0.37495087468995986,0.2002096501913279,0.1532795111281752,0.18785895816494283,0.31841755738189553,0.2287882769792416,0.03624206068117267,0.06081950804117241
2367.1875,4205.128,4263.59,4135.897,4151.282,4225.641,0.19880019803858842,0.032633500464394255,0.033700174702771986,0.2202558786856154,0.09358108614754193,0.3404967475659652,0.37495087468995986,0.2002096501913279,0.1532795111281752,0.18785895816494283,0.31841755738189553,0.2287882769792416,0.03624206068117267,0.06081950804117241
2375.0,4192.308,4248.205,4120.513,4146.154,4216.923,0.19880019803858842,0.032633500464394255,0.033700174702771986,0.2202558786856154,0.09358108614754193,0.3404967475659652,0.37495087468995986,0.2002096501913279,0.1532795111281752,0.18785895816494283,0.31841755738189553,0.2287882769792416,0.03624206068117267,0.06081950804117241
2382.8125,4183.077,4237.949,4109.744,4140.0,4204.103,0.19880019803858842,0.032633500464394255,0.033700174702771986,0.2202558786856154,0.09358108614754193,0.3404967475659652,0.37495087468995986,0.2002096501913279,0.1532795111281752,0.18785895816494283,0.31841755738189553,0.2287882769792416,0.03624206068117267,0.06081950804117241
2390.625,4173.846,4224.103,4089.231,4132.821,4200.0,0.19880019803858842,0.032633500464394255,0.033700174702771986,0.2202558786856154,0.09358108614754193,0.3404967475659652,0.37495087468995986,0.2002096501913279,0.1532795111281752,0.18785895816494283,0.31841755738189553,0.2287882769792416,0.03624206068117267,0.06081950804117241
2398.4375,4166.154,4226.667,4078.974,4131.795,4196.923,0.19880019803858842,0.032633500464394255,0.033700174702771986,0.2202558786856154,0.09358108614754193,0.3404967475659652,0.37495087468995986,0.2002096501913279,0.1532795111281752,0.18785895816494283,0.31841755738189553,0.2287882769792416,0.03624206068117267,0.06081950804117241
2406.25,4169.744,4248.205,4092.821,4130.256,4191.795,0.19880019803858842,0.032633500464394255,0.033700174702771986,0.2202558786856154,0.09358108614754193,0.3404967475659652,0.37495087468995986,0.2002096501913279,0.1532795111281752,0.18785895816494283,0.31841755738189553,0.2287882769792416,0.03624206068117267,0.06081950804117241
2414.0625,4170.769,4249.744,4106.667,4122.564,4189.231,0.19880019803858842,0.032633500464394255,0.033700174702771986,0.2202558786856154,0.09358108614754193,0.3404967475659652,0.37495087468995986,0.2002096501913279,0.1532795111281752,0.18785895816494283,0.31841755738189553,0.2287882769792416,0.03624206068117267,0.06081950804117241
2421.875,4164.103,4242.564,4108.205,4124.103,4185.128,0.19880019803858842,0.032633500464394255,0.033700174702771986,0.2202558786856154,0.09358108614754193,0.3404967475659652,0.37495087468995986,0.2002096501913279,0.1532795111281752,0.18785895816494283,0.31841755738189553,0.2287882769792416,0.03624206068117267,0.06081950804117241
2429.6875,4161.538,4240.513,4108.718,4128.718,4178.462,0.19880019803858842,0.032633500464394255,0.033700174702771986,0.2202558786856154,0.09358108614754193,0.3404967475659652,0.37495087468995986,0.2002096501913279,0.1532795111281752,0.18785895816494283,0.31841755738189553,0.2287882769792416,0.03624206068117267,0.06081950804117241
2437.5,4159.487,4227.179,4112.821,4117.949,4167.692,0.19880019803858842,0.032633500464394255,0.033700174702771986,0.2202558786856154,0.09358108614754193,0.3404967475659652,0.37495087468995986,0.2002096501913279,0.1532795111281752,0.18785895816494283,0.31841755738189553,0.2287882769792416,0.03624206068117267,0.06081950804117241
2445.3125,4171.795,4230.769,4136.923,4116.923,4168.718,0.19880019803858842,0.032633500464394255,0.033700174702771986,0.2202558786856154,0.09358108614754193,0.3404967475659652,0.37495087468995986,0.2002096501913279,0.1532795111281752,0.18785895816494283,0.31841755738189553,0.2287882769792416,0.03624206068117267,0.06081950804117241
2453.125,4175.897,4242.051,4154.359,4119.487,4172.308,0.19880019803858842,0.032633500464394255,0.033700174702771986,0.2202558786856154,0.09358108614754193,0.3404967475659652,0.37495087468995986,0.2002096501913279,0.1532795111281752,0.18785895816494283,0.31841755738189553,0.2287882769792416,0.03624206068117267,0.06081950804117241
2460.9375,4141.026,4201.026,4129.744,4090.769,4143.077,0.19880019803858842,0.032633500464394255,0.033700174702771986,0.2202558786856154,0.09358108614754193,0.3404967475659652,0.37495087468995986,0.2002096501913279,0.1532795111281752,0.18785895816494283,0.31841755738189553,0.2287882769792416,0.03624206068117267,0.06081950804117241
2468.75,4136.41,4163.077,4118.974,4090.256,4124.103,0.19880019803858842,0.032633500464394255,0.033700174702771986,0.2202558786856154,0.09358108614754193,0.3404967475659652,0.37495087468995986,0.2002096501913279,0.1532795111281752,0.18785895816494283,0.31841755738189553,0.2287882769792416,0.03624206068117267,0.06081950804117241
2476.5625,4191.795,4195.897,4160.0,4144.103,4161.026,0.19880019803858842,0.032633500464394255,0.033700174702771986,0.2202558786856154,0.09358108614754193,0.3404967475659652,0.37495087468995986,0.2002096501913279,0.1532795111281752,0.18785895816494283,0.31841755738189553,0.2287882769792416,0.03624206068117267,0.06081950804117241
2484.375,4220.0,4234.359,4187.692,4165.128,4197.436,0.19880019803858842,0.032633500464394255,0.033700174702771986,0.2202558786856154,0.09358108614754193,0.3404967475659652,0.37495087468995986,0.2002096501913279,0.1532795111281752,0.18785895816494283,0.31841755738189553,0.2287882769792416,0.03624206068117267,0.06081950804117241
2492.1875,4204.103,4237.436,4177.949,4141.538,4197.949,0.19880019803858842,0.032633500464394255,0.033700174702771986,0.2202558786856154,0.09358108614754193,0.3404967475659652,0.37495087468995986,0.2002096501913279,0.1532795111281752,0.18785895816494283,0.31841755738189553,0.2287882769792416,0.03624206068117267,0.06081950804117241
2500.0,4191.795,4242.564,4164.615,4132.821,4192.821,0.19880019803858842,0.032633500464394255,0.033700174702771986,0.2202558786856154,0.09358108614754193,0.3404967475659652,0.37495087468995986,0.2002096501913279,0.1532795111281752,0.18785895816494283,0.31841755738189553,0.2287882769792416,0.03624206068117267,0.06081950804117241
2507.8125,4180.0,4242.051,4144.615,4121.538,4180.513,0.19880019803858842,0.032633500464394255,0.033700174702771986,0.2202558786856154,0.09358108614754193,0.3404967475659652,0.37495087468995986,0.2002096501913279,0.1532795111281752,0.18785895816494283,0.31841755738189553,0.2287882769792416,0.03624206068117267,0.06081950804117241
2515.625,4168.205,4229.231,4127.179,4103.077,4154.359,0.19880019803858842,0.032633500464394255,0.033700174702771986,0.2202558786856154,0.09358108614754193,0.3404967475659652,0.37495087468995986,0.2002096501913279,0.1532795111281752,0.18785895816494283,0.31841755738189553,0.2287882769792416,0.03624206068117267,0.06081950804117241
2523.4375,4181.538,4222.051,4137.436,4116.41,4142.564,0.19880019803858842,0.032633500464394255,0.033700174702771986,0.2202558786856154,0.09358108614754193,0.3404967475659652,0.37495087468995986,0.2002096501913279,0.1532795111281752,0.18785895816494283,0.31841755738189553,0.2287882769792416,0.03624206068117267,0.06081950804117241
2531.25,4195.385,4208.205,4152.821,4124.615,4144.103,0.19880019803858842,0.032633500464394255,0.033700174702771986,0.2202558786856154,0.09358108614754193,0.3404967475659652,0.37495087468995986,0.2002096501913279,0.1532795111281752,0.18785895816494283,0.31841755738189553,0.2287882769792416,0.03624206068117267,0.06081950804117241
2539.0625,4204.615,4198.974,4161.538,4122.051,4153.846,0.19880019803858842,0.032633500464394255,0.033700174702771986,0.2202558786856154,0.09358108614754193,0.3404967475659652,0.37495087468995986,0.2002096501913279,0.1532795111281752,0.18785895816494283,0.31841755738189553,0.2287882769792416,0.03624206068117267,0.06081950804117241
2546.875,4228.205,4214.872,4172.308,4148.205,4176.41,0.19880019803858842,0.032633500464394255,0.033700174702771986,0.2202558786856154,0.09358108614754193,0.3404967475659652,0.37495087468995986,0.2002096501913279,0.1532795111281752,0.18785895816494283,0.31841755738189553,0.2287882769792416,0.03624206068117267,0.06081950804117241
2554.6875,4239.487,4223.077,4172.308,4167.179,4186.154,0.19880019803858842,0.032633500464394255,0.033700174702771986,0.2202558786856154,0.09358108614754193,0.3404967475659652,0.37495087468995986,0.2002096501913279,0.1532795111281752,0.18785895816494283,0.31841755738189553,0.2287882769792416,0.03624206068117267,0.06081950804117241
2562.5,4229.231,4206.667,4152.821,4151.795,4175.897,0.19880019803858842,0.032633500464394255,0.033700174702771986,0.2202558786856154,0.09358108614754193,0.3404967475659652,0.37495087468995986,0.2002096501913279,0.1532795111281752,0.18785895816494283,0.31841755738189553,0.2287882769792416,0.03624206068117267,0.06081950804117241
2570.3125,4234.359,4208.205,4154.359,4154.872,4187.179,0.19880019803858842,0.032633500464394255,0.033700174702771986,0.2202558786856154,0.09358108614754193,0.3404967475659652,0.37495087468995986,0.2002096501913279,0.1532795111281752,0.18785895816494283,0.31841755738189553,0.2287882769792416,0.03624206068117267,0.06081950804117241
2578.125,4253.333,4238.462,4193.333,4181.538,4212.821,0.19880019803858842,0.032633500464394255,0.033700174702771986,0.2202558786856154,0.09358108614754193,0.3404967475659652,0.37495087468995986,0.2002096501913279,0.1532795111281752,0.18785895816494283,0.31841755738189553,0.2287882769792416,0.03624206068117267,0.06081950804117241
2585.9375,4248.205,4239.487,4206.667,4183.59,4212.821,0.19880019803858842,0.032633500464394255,0.033700174702771986,0.2202558786856154,0.09358108614754193,0.3404967475659652,0.37495087468995986,0.2002096501913279,0.1532795111281752,0.18785895816494283,0.31841755738189553,0.2287882769792416,0.03624206068117267,0.06081950804117241
2593.75,4229.231,4217.436,4182.051,4166.154,4198.974,0.19880019803858842,0.032633500464394255,0.033700174702771986,0.2202558786856154,0.09358108614754193,0.3404967475659652,0.37495087468995986,0.2002096501913279,0.1532795111281752,0.18785895816494283,0.31841755738189553,0.2287882769792416,0.03624206068117267,0.06081950804117241
2601.5625,4231.282,4228.205,4172.308,4165.128,4200.513,0.19880019803858842,0.032633500464394255,0.033700174702771986,0.2202558786856154,0.09358108614754193,0.3404967475659652,0.37495087468995986,0.2002096501913279,0.1532795111281752,0.18785895816494283,0.31841755738189553,0.2287882769792416,0.03624206068117267,0.06081950804117241
2609.375,4228.205,4255.897,4173.846,4164.615,4200.0,0.19880019803858842,0.032633500464394255,0.033700174702771986,0.2202558786856154,0.09358108614754193,0.3404967475659652,0.37495087468995986,0.2002096501913279,0.1532795111281752,0.18785895816494283,0.31841755738189553,0.2287882769792416,0.03624206068117267,0.06081950804117241
2617.1875,4205.641,4258.462,4151.282,4142.051,4190.256,0.19880019803858842,0.032633500464394255,0.033700174702771986,0.2202558786856154,0.09358108614754193,0.3404967475659652,0.37495087468995986,0.2002096501913279,0.1532795111281752,0.18785895816494283,0.31841755738189553,0.2287882769792416,0.03624206068117267,0.06081950804117241
2625.0,4193.333,4248.718,4131.282,4123.077,4186.154,0.19880019803858842,0.032633500464394255,0.033700174702771986,0.2202558786856154,0.09358108614754193,0.3404967475659652,0.37495087468995986,0.2002096501913279,0.1532795111281752,0.18785895816494283,0.31841755738189553,0.2287882769792416,0.03624206068117267,0.06081950804117241
2632.8125,4201.026,4246.154,4130.769,4124.103,4186.154,0.19880019803858842,0.032633500464394255,0.033700174702771986,0.2202558786856154,0.09358108614754193,0.3404967475659652,0.37495087468995986,0.2002096501913279,0.1532795111281752,0.18785895816494283,0.31841755738189553,0.2287882769792416,0.03624206068117267,0.06081950804117241
2640.625,4215.385,4250.256,4136.41,4133.333,4198.974,0.19880019803858842,0.032633500464394255,0.033700174702771986,0.2202558786856154,0.09358108614754193,0.3404967475659652,0.37495087468995986,0.2002096501913279,0.1532795111281752,0.18785895816494283,0.31841755738189553,0.2287882769792416,0.03624206068117267,0.06081950804117241
2648.4375,4223.077,4266.154,4150.769,4144.615,4219.487,0.19880019803858842,0.032633500464394255,0.033700174702771986,0.2202558786856154,0.09358108614754193,0.3404967475659652,0.37495087468995986,0.2002096501913279,0.1532795111281752,0.18785895816494283,0.31841755738189553,0.2287882769792416,0.03624206068117267,0.06081950804117241
2656.25,4217.949,4275.897,4156.923,4153.846,4217.949,0.19880019803858842,0.032633500464394255,0.033700174702771986,0.2202558786856154,0.09358108614754193,0.3404967475659652,0.37495087468995986,0.2002096501913279,0.1532795111281752,0.18785895816494283,0.31841755738189553,0.2287882769792416,0.03624206068117267,0.06081950804117241
2664.0625,4203.077,4259.487,4142.564,4144.103,4198.462,0.19880019803858842,0.032633500464394255,0.033700174702771986,0.2202558786856154,0.09358108614754193,0.3404967475659652,0.37495087468995986,0.2002096501913279,0.1532795111281752,0.18785895816494283,0.31841755738189553,0.2287882769792416,0.03624206068117267,0.06081950804117241
2671.875,4205.128,4253.846,4142.051,4143.077,4203.077,0.19880019803858842,0.032633500464394255,0.033700174702771986,0.2202558786856154,0.09358108614754193,0.3404967475659652,0.37495087468995986,0.2002096501913279,0.1532795111281752,0.18785895816494283,0.31841755738189553,0.2287882769792416,0.03624206068117267,0.06081950804117241
2679.6875,4225.641,4268.205,4156.41,4173.333,4227.692,0.19880019803858842,0.032633500464394255,0.033700174702771986,0.2202558786856154,0.09358108614754193,0.3404967475659652,0.37495087468995986,0.2002096501913279,0.1532795111281752,0.18785895816494283,0.31841755738189553,0.2287882769792416,0.03624206068117267,0.06081950804117241
2687.5,4235.897,4277.949,4150.256,4185.128,4238.974,0.19880019803858842,0.032633500464394255,0.033700174702771986,0.2202558786856154,0.09358108614754193,0.3404967475659652,0.37495087468995986,0.2002096501913279,0.1532795111281752,0.18785895816494283,0.31841755738189553,0.2287882769792416,0.03624206068117267,0.06081950804117241
2695.3125,4236.41,4272.821,4130.256,4171.795,4237.436,0.19880019803858842,0.032633500464394255,0.033700174702771986,0.2202558786856154,0.09358108614754193,0.3404967475659652,0.37495087468995986,0.2002096501913279,0.1532795111281752,0.18785895816494283,0.31841755738189553,0.2287882769792416,0.03624206068117267,0.06081950804117241
2703.125,4227.692,4256.923,4123.59,4168.205,4230.256,0.19880019803858842,0.032633500464394255,0.033700174702771986,0.2202558786856154,0.09358108614754193,0.3404967475659652,0.37495087468995986,0.2002096501913279,0.1532795111281752,0.18785895816494283,0.31841755738189553,0.2287882769792416,0.03624206068117267,0.06081950804117241
2710.9375,4221.538,4249.231,4133.333,4172.821,4224.103,0.19880019803858842,0.032633500464394255,0.033700174702771986,0.2202558786856154,0.09358108614754193,0.3404967475659652,0.37495087468995986,0.2002096501913279,0.1532795111281752,0.18785895816494283,0.31841755738189553,0.2287882769792416,0.03624206068117267,0.06081950804117241
2718.75,4234.359,4255.385,4148.718,4174.872,4226.154,0.19880019803858842,0.032633500464394255,0.033700174702771986,0.2202558786856154,0.09358108614754193,0.3404967475659652,0.37495087468995986,0.2002096501913279,0.1532795111281752,0.18785895816494283,0.31841755738189553,0.2287882769792416,0.03624206068117267,0.06081950804117241
2726.5625,4248.205,4255.385,4151.282,4178.974,4228.718,0.19880019803858842,0.032633500464394255,0.033700174702771986,0.2202558786856154,0.09358108614754193,0.3404967475659652,0.37495087468995986,0.2002096501913279,0.1532795111281752,0.18785895816494283,0.31841755738189553,0.2287882769792416,0.03624206068117267,0.06081950804117241
2734.375,4243.59,4236.41,4146.154,4178.462,4215.385,0.19880019803858842,0.032633500464394255,0.033700174702771986,0.2202558786856154,0.09358108614754193,0.3404967475659652,0.37495087468995986,0.2002096501913279,0.1532795111281752,0.18785895816494283,0.31841755738189553,0.2287882769792416,0.03624206068117267,0.06081950804117241
2742.1875,4240.513,4230.769,4150.769,4173.846,4205.128,0.19880019803858842,0.032633500464394255,0.033700174702771986,0.2202558786856154,0.09358108614754193,0.3404967475659652,0.37495087468995986,0.2002096501913279,0.1532795111281752,0.18785895816494283,0.31841755738189553,0.2287882769792416,0.03624206068117267,0.06081950804117241
2750.0,4249.231,4236.923,4152.308,4172.821,4206.667,0.19880019803858842,0.032633500464394255,0.033700174702771986,0.2202558786856154,0.09358108614754193,0.3404967475659652,0.37495087468995986,0.2002096501913279,0.1532795111281752,0.18785895816494283,0.31841755738189553,0.2287882769792416,0.03624206068117267,0.06081950804117241
2757.8125,4248.205,4227.692,4150.769,4169.231,4203.59,0.19880019803858842,0.032633500464394255,0.033700174702771986,0.2202558786856154,0.09358108614754193,0.3404967475659652,0.37495087468995986,0.2002096501913279,0.1532795111281752,0.18785895816494283,0.31841755738189553,0.2287882769792416,0.03624206068117267,0.06081950804117241
2765.625,4240.513,4221.026,4152.821,4157.436,4193.333,0.19880019803858842,0.032633500464394255,0.033700174702771986,0.2202558786856154,0.09358108614754193,0.3404967475659652,0.37495087468995986,0.2002096501913279,0.1532795111281752,0.18785895816494283,0.31841755738189553,0.2287882769792416,0.03624206068117267,0.06081950804117241
2773.4375,4229.744,4213.333,4138.974,4136.923,4177.949,0.19880019803858842,0.032633500464394255,0.033700174702771986,0.2202558786856154,0.09358108614754193,0.3404967475659652,0.37495087468995986,0.2002096501913279,0.1532795111281752,0.18785895816494283,0.31841755738189553,0.2287882769792416,0.03624206068117267,0.06081950804117241
2781.25,4224.103,4208.718,4124.615,4129.744,4166.154,0.19880019803858842,0.032633500464394255,0.033700174702771986,0.2202558786856154,0.09358108614754193,0.3404967475659652,0.37495087468995986,0.2002096501913279,0.1532795111281752,0.18785895816494283,0.31841755738189553,0.2287882769792416,0.03624206068117267,0.06081950804117241
2789.0625,4235.897,4221.026,4142.564,4146.154,4169.744,0.19880019803858842,0.032633500464394255,0.033700174702771986,0.2202558786856154,0.09358108614754193,0.3404967475659652,0.37495087468995986,0.2002096501913279,0.1532795111281752,0.18785895816494283,0.31841755738189553,0.2287882769792416,0.03624206068117267,0.06081950804117241
2796.875,4248.205,4230.769,4168.718,4155.897,4188.205,0.19880019803858842,0.032633500464394255,0.033700174702771986,0.2202558786856154,0.09358108614754193,0.3404967475659652,0.37495087468995986,0.2002096501913279,0.1532795111281752,0.18785895816494283,0.31841755738189553,0.2287882769792416,0.03624206068117267,0.06081950804117241
2804.6875,4244.615,4230.256,4174.359,4144.103,4201.538,0.19880019803858842,0.032633500464394255,0.033700174702771986,0.2202558786856154,0.09358108614754193,0.3404967475659652,0.37495087468995986,0.2002096501913279,0.1532795111281752,0.18785895816494283,0.31841755738189553,0.2287882769792416,0.03624206068117267,0.06081950804117241
2812.5,4233.846,4233.846,4174.872,4138.462,4207.692,0.19880019803858842,0.032633500464394255,0.033700174702771986,0.2202558786856154,0.09358108614754193,0.3404967475659652,0.37495087468995986,0.2002096501913279,0.1532795111281752,0.18785895816494283,0.31841755738189553,0.2287882769792416,0.03624206068117267,0.06081950804117241
2820.3125,4228.718,4247.179,4178.974,4146.154,4218.462,0.19880019803858842,0.032633500464394255,0.033700174702771986,0.2202558786856154,0.09358108614754193,0.3404967475659652,0.37495087468995986,0.2002096501913279,0.1532795111281752,0.18785895816494283,0.31841755738189553,0.2287882769792416,0.03624206068117267,0.06081950804117241
2828.125,4230.769,4258.974,4170.256,4156.923,4227.179,0.19880019803858842,0.032633500464394255,0.033700174702771986,0.2202558786856154,0.09358108614754193,0.3404967475659652,0.37495087468995986,0.2002096501913279,0.1532795111281752,0.18785895816494283,0.31841755738189553,0.2287882769792416,0.03624206068117267,0.06081950804117241
2835.9375,4241.026,4268.205,4151.795,4175.385,4231.282,0.19880019803858842,0.032633500464394255,0.033700174702771986,0.2202558786856154,0.09358108614754193,0.3404967475659652,0.37495087468995986,0.2002096501913279,0.1532795111281752,0.18785895816494283,0.31841755738189553,0.2287882769792416,0.03624206068117267,0.06081950804117241
2843.75,4243.59,4257.949,4134.359,4182.564,4228.205,0.19880019803858842,0.032633500464394255,0.033700174702771986,0.2202558786856154,0.09358108614754193,0.3404967475659652,0.37495087468995986,0.2002096501913279,0.1532795111281752,0.18785895816494283,0.31841755738189553,0.2287882769792416,0.03624206068117267,0.06081950804117241
2851.5625,4243.077,4240.0,4130.256,4181.538,4225.641,0.19880019803858842,0.032633500464394255,0.033700174702771986,0.2202558786856154,0.09358108614754193,0.3404967475659652,0.37495087468995986,0.2002096501913279,0.1532795111281752,0.18785895816494283,0.31841755738189553,0.2287882769792416,0.03624206068117267,0.06081950804117241
2859.375,4256.41,4235.897,4137.436,4187.179,4225.128,0.19880019803858842,0.032633500464394255,0.033700174702771986,0.2202558786856154,0.09358108614754193,0.3404967475659652,0.37495087468995986,0.2002096501913279,0.1532795111281752,0.18785895816494283,0.31841755738189553,0.2287882769792416,0.03624206068117267,0.06081950804117241
2867.1875,4259.487,4225.128,4134.872,4170.256,4205.641,0.19880019803858842,0.032633500464394255,0.033700174702771986,0.2202558786856154,0.09358108614754193,0.3404967475659652,0.37495087468995986,0.2002096501913279,0.1532795111281752,0.18785895816494283,0.31841755738189553,0.2287882769792416,0.03624206068117267,0.06081950804117241
2875.0,4238.974,4207.692,4126.667,4133.846,4176.41,0.19880019803858842,0.032633500464394255,0.033700174702771986,0.2202558786856154,0.09358108614754193,0.3404967475659652,0.37495087468995986,0.2002096501913279,0.1532795111281752,0.18785895816494283,0.31841755738189553,0.2287882769792416,0.03624206068117267,0.06081950804117241
2882.8125,4227.692,4202.051,4132.821,4124.103,4172.821,0.19880019803858842,0.032633500464394255,0.033700174702771986,0.2202558786856154,0.09358108614754193,0.3404967475659652,0.37495087468995986,0.2002096501913279,0.1532795111281752,0.18785895816494283,0.31841755738189553,0.2287882769792416,0.03624206068117267,0.06081950804117241
2890.625,4239.487,4216.923,4155.897,4142.051,4191.795,0.19880019803858842,0.032633500464394255,0.033700174702771986,0.2202558786856154,0.09358108614754193,0.3404967475659652,0.37495087468995986,0.2002096501913279,0.1532795111281752,0.18785895816494283,0.31841755738189553,0.2287882769792416,0.03624206068117267,0.06081950804117241
2898.4375,4238.462,4226.667,4166.667,4137.436,4190.769,0.19880019803858842,0.032633500464394255,0.033700174702771986,0.2202558786856154,0.09358108614754193,0.3404967475659652,0.37495087468995986,0.2002096501913279,0.1532795111281752,0.18785895816494283,0.31841755738189553,0.2287882769792416,0.03624206068117267,0.06081950804117241
2906.25,4222.564,4220.0,4161.026,4106.667,4177.949,0.19880019803858842,0.032633500464394255,0.033700174702771986,0.2202558786856154,0.09358108614754193,0.3404967475659652,0.37495087468995986,0.2002096501913279,0.1532795111281752,0.18785895816494283,0.31841755738189553,0.2287882769792416,0.03624206068117267,0.06081950804117241
2914.0625,4215.385,4222.051,4152.308,4091.795,4181.026,0.19880019803858842,0.032633500464394255,0.033700174702771986,0.2202558786856154,0.09358108614754193,0.3404967475659652,0.37495087468995986,0.2002096501913279,0.1532795111281752,0.18785895816494283,0.31841755738189553,0.2287882769792416,0.03624206068117267,0.06081950804117241
2921.875,4213.846,4243.077,4141.538,4109.744,4195.385,0.19880019803858842,0.032633500464394255,0.033700174702771986,0.2202558786856154,0.09358108614754193,0.3404967475659652,0.37495087468995986,0.2002096501913279,0.1532795111281752,0.18785895816494283,0.31841755738189553,0.2287882769792416,0.03624206068117267,0.06081950804117241
2929.6875,4226.154,4267.692,4140.0,4149.744,4227.692,0.19880019803858842,0.032633500464394255,0.033700174702771986,0.2202558786856154,0.09358108614754193,0.3404967475659652,0.37495087468995986,0.2002096501913279,0.1532795111281752,0.18785895816494283,0.31841755738189553,0.2287882769792416,0.03624206068117267,0.06081950804117241
2937.5,4254.359,4267.179,4151.282,4187.692,4263.077,0.19880019803858842,0.032633500464394255,0.033700174702771986,0.2202558786856154,0.09358108614754193,0.3404967475659652,0.37495087468995986,0.2002096501913279,0.1532795111281752,0.18785895816494283,0.31841755738189553,0.2287882769792416,0.03624206068117267,0.06081950804117241
2945.3125,4275.385,4244.103,4162.051,4210.769,4257.949,0.19880019803858842,0.032633500464394255,0.033700174702771986,0.2202558786856154,0.09358108614754193,0.3404967475659652,0.37495087468995986,0.2002096501913279,0.1532795111281752,0.18785895816494283,0.31841755738189553,0.2287882769792416,0.03624206068117267,0.06081950804117241
2953.125,4275.897,4217.949,4166.154,4211.282,4228.205,0.19880019803858842,0.032633500464394255,0.033700174702771986,0.2202558786856154,0.09358108614754193,0.3404967475659652,0.37495087468995986,0.2002096501913279,0.1532795111281752,0.18785895816494283,0.31841755738189553,0.2287882769792416,0.03624206068117267,0.06081950804117241
2960.9375,4266.667,4210.769,4175.897,4189.231,4215.385,0.19880019803858842,0.032633500464394255,0.033700174702771986,0.2202558786856154,0.09358108614754193,0.3404967475659652,0.37495087468995986,0.2002096501913279,0.1532795111281752,0.18785895816494283,0.31841755738189553,0.2287882769792416,0.03624206068117267,0.06081950804117241
2968.75,4257.436,4220.0,4181.538,4166.667,4209.744,0.19880019803858842,0.032633500464394255,0.033700174702771986,0.2202558786856154,0.09358108614754193,0.3404967475659652,0.37495087468995986,0.2002096501913279,0.1532795111281752,0.18785895816494283,0.31841755738189553,0.2287882769792416,0.03624206068117267,0.06081950804117241
2976.5625,4242.564,4226.667,4158.974,4148.718,4197.949,0.19880019803858842,0.032633500464394255,0.033700174702771986,0.2202558786856154,0.09358108614754193,0.3404967475659652,0.37495087468995986,0.2002096501913279,0.1532795111281752,0.18785895816494283,0.31841755738189553,0.2287882769792416,0.03624206068117267,0.06081950804117241
2984.375,4218.974,4227.692,4125.128,4129.744,4192.308,0.19880019803858842,0.032633500464394255,0.033700174702771986,0.2202558786856154,0.09358108614754193,0.3404967475659652,0.37495087468995986,0.2002096501913279,0.1532795111281752,0.18785895816494283,0.31841755738189553,0.2287882769792416,0.03624206068117267,0.06081950804117241
2992.1875,4198.462,4230.769,4109.231,4117.949,4187.692,0.19880019803858842,0.032633500464394255,0.033700174702771986,0.2202558786856154,0.09358108614754193,0.3404967475659652,0.37495087468995986,0.2002096501913279,0.1532795111281752,0.18785895816494283,0.31841755738189553,0.2287882769792416,0.03624206068117267,0.06081950804117241
