timestamp,AF3,T7,Pz,T8,AF4,AF3_theta,AF3_alpha,AF3_beta,T7_theta,T7_mu,T7_beta,Pz_alpha,Pz_beta,T8_theta,T8_mu,T8_beta,AF4_theta,AF4_alpha,AF4_beta
0.0,4224.615,4171.282,4118.974,4144.615,4320.0,0.06417631310965662,0.1615017327488235,0.2187444564285048,0.07266264976718832,0.12723087233090274,0.16252553667342945,0.1753322286770802,0.18604711501049861,0.09989379093729057,0.13569532668575285,0.20433990443743824,0.08308745770681675,0.11842637192803472,0.1518655711056493
7.8125,4249.231,4188.205,4164.103,4153.846,4341.026,0.06417631310965662,0.1615017327488235,0.2187444564285048,0.07266264976718832,0.12723087233090274,0.16252553667342945,0.1753322286770802,0.18604711501049861,0.09989379093729057,0.13569532668575285,0.20433990443743824,0.08308745770681675,0.11842637192803472,0.1518655711056493
15.625,4259.487,4178.974,4168.205,4161.026,4337.949,0.06417631310965662,0.1615017327488235,0.2187444564285048,0.07266264976718832,0.12723087233090274,0.16252553667342945,0.1753322286770802,0.18604711501049861,0.09989379093729057,0.13569532668575285,0.20433990443743824,0.08308745770681675,0.11842637192803472,0.1518655711056493
23.4375,4249.744,4175.385,4145.128,4164.103,4323.59,0.06417631310965662,0.1615017327488235,0.2187444564285048,0.07266264976718832,0.12723087233090274,0.16252553667342945,0.1753322286770802,0.18604711501049861,0.09989379093729057,0.13569532668575285,0.20433990443743824,0.08308745770681675,0.11842637192803472,0.1518655711056493
31.25,4248.718,4186.667,4152.821,4159.487,4322.051,0.06417631310965662,0.1615017327488235,0.2187444564285048,0.07266264976718832,0.12723087233090274,0.16252553667342945,0.1753322286770802,0.18604711501049861,0.09989379093729057,0.13569532668575285,0.20433990443743824,0.08308745770681675,0.11842637192803472,0.1518655711056493
39.0625,4252.821,4174.359,4158.462,4148.205,4327.692,0.06417631310965662,0.1615017327488235,0.2187444564285048,0.07266264976718832,0.12723087233090274,0.16252553667342945,0.1753322286770802,0.18604711501049861,0.09989379093729057,0.13569532668575285,0.20433990443743824,0.08308745770681675,0.11842637192803472,0.1518655711056493
46.875,4251.795,4159.487,4140.513,4143.077,4334.872,0.06417631310965662,0.1615017327488235,0.2187444564285048,0.07266264976718832,0.12723087233090274,0.16252553667342945,0.1753322286770802,0.18604711501049861,0.09989379093729057,0.13569532668575285,0.20433990443743824,0.08308745770681675,0.11842637192803472,0.1518655711056493
54.6875,4243.077,4173.333,4137.949,4146.154,4339.487,0.06417631310965662,0.1615017327488235,0.2187444564285048,0.07266264976718832,0.12723087233090274,0.16252553667342945,0.1753322286770802,0.18604711501049861,0.09989379093729057,0.13569532668575285,0.20433990443743824,0.08308745770681675,0.11842637192803472,0.1518655711056493
62.5,4235.897,4178.462,4149.231,4148.718,4331.282,0.06417631310965662,0.1615017327488235,0.2187444564285048,0.07266264976718832,0.12723087233090274,0.16252553667342945,0.1753322286770802,0.18604711501049861,0.09989379093729057,0.13569532668575285,0.20433990443743824,0.08308745770681675,0.11842637192803472,0.1518655711056493
70.3125,4239.487,4172.821,4146.667,4157.436,4320.513,0.06417631310965662,0.1615017327488235,0.2187444564285048,0.07266264976718832,0.12723087233090274,0.16252553667342945,0.1753322286770802,0.18604711501049861,0.09989379093729057,0.13569532668575285,0.20433990443743824,0.08308745770681675,0.11842637192803472,0.1518655711056493
78.125,4236.923,4178.974,4130.256,4157.436,4318.462,0.06417631310965662,0.1615017327488235,0.2187444564285048,0.07266264976718832,0.12723087233090274,0.16252553667342945,0.1753322286770802,0.18604711501049861,0.09989379093729057,0.13569532668575285,0.20433990443743824,0.08308745770681675,0.11842637192803472,0.1518655711056493
85.9375,4225.128,4179.487,4123.59,4148.718,4315.897,0.06417631310965662,0.1615017327488235,0.2187444564285048,0.07266264976718832,0.12723087233090274,0.16252553667342945,0.1753322286770802,0.18604711501049861,0.09989379093729057,0.13569532668575285,0.20433990443743824,0.08308745770681675,0.11842637192803472,0.1518655711056493
93.75,4232.308,4168.205,4127.179,4153.846,4313.846,0.06417631310965662,0.1615017327488235,0.2187444564285048,0.07266264976718832,0.12723087233090274,0.16252553667342945,0.1753322286770802,0.18604711501049861,0.09989379093729057,0.13569532668575285,0.20433990443743824,0.08308745770681675,0.11842637192803472,0.1518655711056493
101.5625,4238.462,4164.615,4112.308,4155.897,4311.795,0.06417631310965662,0.1615017327488235,0.2187444564285048,0.07266264976718832,0.12723087233090274,0.16252553667342945,0.1753322286770802,0.18604711501049861,0.09989379093729057,0.13569532668575285,0.20433990443743824,0.08308745770681675,0.11842637192803472,0.1518655711056493
109.375,4228.205,4172.821,4099.487,4145.641,4312.821,0.06417631310965662,0.1615017327488235,0.2187444564285048,0.07266264976718832,0.12723087233090274,0.16252553667342945,0.1753322286770802,0.18604711501049861,0.09989379093729057,0.13569532668575285,0.20433990443743824,0.08308745770681675,0.11842637192803472,0.1518655711056493
117.1875,4238.462,4174.359,4114.359,4151.282,4316.41,0.06417631310965662,0.1615017327488235,0.2187444564285048,0.07266264976718832,0.12723087233090274,0.16252553667342945,0.1753322286770802,0.18604711501049861,0.09989379093729057,0.13569532668575285,0.20433990443743824,0.08308745770681675,0.11842637192803472,0.1518655711056493
125.0,4250.769,4168.205,4119.487,4161.026,4317.949,0.06417631310965662,0.1615017327488235,0.2187444564285048,0.07266264976718832,0.12723087233090274,0.16252553667342945,0.1753322286770802,0.18604711501049861,0.09989379093729057,0.13569532668575285,0.20433990443743824,0.08308745770681675,0.11842637192803472,0.1518655711056493
132.8125,4234.872,4171.282,4114.872,4142.564,4317.436,0.06417631310965662,0.1615017327488235,0.2187444564285048,0.07266264976718832,0.12723087233090274,0.16252553667342945,0.1753322286770802,0.18604711501049861,0.09989379093729057,0.13569532668575285,0.20433990443743824,0.08308745770681675,0.11842637192803472,0.1518655711056493
140.625,4224.103,4173.333,4128.205,4125.641,4312.308,0.06417631310965662,0.1615017327488235,0.2187444564285048,0.07266264976718832,0.12723087233090274,0.16252553667342945,0.1753322286770802,0.18604711501049861,0.09989379093729057,0.13569532668575285,0.20433990443743824,0.08308745770681675,0.11842637192803472,0.1518655711056493
148.4375,4231.282,4164.615,4132.308,4136.41,4308.718,0.06417631310965662,0.1615017327488235,0.2187444564285048,0.07266264976718832,0.12723087233090274,0.16252553667342945,0.1753322286770802,0.18604711501049861,0.09989379093729057,0.13569532668575285,0.20433990443743824,0.08308745770681675,0.11842637192803472,0.1518655711056493
156.25,4231.282,4158.974,4117.949,4142.051,4317.949,0.06417631310965662,0.1615017327488235,0.2187444564285048,0.07266264976718832,0.12723087233090274,0.16252553667342945,0.1753322286770802,0.18604711501049861,0.09989379093729057,0.13569532668575285,0.20433990443743824,0.08308745770681675,0.11842637192803472,0.1518655711056493
164.0625,4225.641,4153.333,4120.0,4119.487,4315.897,0.06417631310965662,0.1615017327488235,0.2187444564285048,0.07266264976718832,0.12723087233090274,0.16252553667342945,0.1753322286770802,0.18604711501049861,0.09989379093729057,0.13569532668575285,0.20433990443743824,0.08308745770681675,0.11842637192803472,0.1518655711056493
171.875,4218.974,4136.41,4118.974,4097.949,4293.846,0.06417631310965662,0.1615017327488235,0.2187444564285048,0.07266264976718832,0.12723087233090274,0.16252553667342945,0.1753322286770802,0.18604711501049861,0.09989379093729057,0.13569532668575285,0.20433990443743824,0.08308745770681675,0.11842637192803472,0.1518655711056493
179.6875,4216.41,4142.051,4108.205,4108.718,4298.462,0.06417631310965662,0.1615017327488235,0.2187444564285048,0.07266264976718832,0.12723087233090274,0.16252553667342945,0.1753322286770802,0.18604711501049861,0.09989379093729057,0.13569532668575285,0.20433990443743824,0.08308745770681675,0.11842637192803472,0.1518655711056493
187.5,4227.692,4172.821,4120.0,4124.615,4322.564,0.06417631310965662,0.1615017327488235,0.2187444564285048,0.07266264976718832,0.12723087233090274,0.16252553667342945,0.1753322286770802,0.18604711501049861,0.09989379093729057,0.13569532668575285,0.20433990443743824,0.08308745770681675,0.11842637192803472,0.1518655711056493
195.3125,4242.564,4174.359,4133.846,4122.564,4323.59,0.06417631310965662,0.1615017327488235,0.2187444564285048,0.07266264976718832,0.12723087233090274,0.16252553667342945,0.1753322286770802,0.18604711501049861,0.09989379093729057,0.13569532668575285,0.20433990443743824,0.08308745770681675,0.11842637192803472,0.1518655711056493
203.125,4246.154,4162.051,4125.128,4127.179,4327.179,0.06417631310965662,0.1615017327488235,0.2187444564285048,0.07266264976718832,0.12723087233090274,0.16252553667342945,0.1753322286770802,0.18604711501049861,0.09989379093729057,0.13569532668575285,0.20433990443743824,0.08308745770681675,0.11842637192803472,0.1518655711056493
210.9375,4245.128,4176.923,4125.641,4140.0,4343.077,0.06417631310965662,0.1615017327488235,0.2187444564285048,0.07266264976718832,0.12723087233090274,0.16252553667342945,0.1753322286770802,0.18604711501049861,0.09989379093729057,0.13569532668575285,0.20433990443743824,0.08308745770681675,0.11842637192803472,0.1518655711056493
218.75,4244.615,4193.333,4146.154,4141.026,4331.282,0.06417631310965662,0.1615017327488235,0.2187444564285048,0.07266264976718832,0.12723087233090274,0.16252553667342945,0.1753322286770802,0.18604711501049861,0.09989379093729057,0.13569532668575285,0.20433990443743824,0.08308745770681675,0.11842637192803472,0.1518655711056493
226.5625,4247.179,4183.59,4149.231,4132.821,4312.308,0.06417631310965662,0.1615017327488235,0.2187444564285048,0.07266264976718832,0.12723087233090274,0.16252553667342945,0.1753322286770802,0.18604711501049861,0.09989379093729057,0.13569532668575285,0.20433990443743824,0.08308745770681675,0.11842637192803472,0.1518655711056493
234.375,4248.718,4175.897,4135.385,4126.667,4311.795,0.06417631310965662,0.1615017327488235,0.2187444564285048,0.07266264976718832,0.12723087233090274,0.16252553667342945,0.1753322286770802,0.18604711501049861,0.09989379093729057,0.13569532668575285,0.20433990443743824,0.08308745770681675,0.11842637192803472,0.1518655711056493
242.1875,4243.077,4180.0,4135.897,4125.128,4302.051,0.06417631310965662,0.1615017327488235,0.2187444564285048,0.07266264976718832,0.12723087233090274,0.16252553667342945,0.1753322286770802,0.18604711501049861,0.09989379093729057,0.13569532668575285,0.20433990443743824,0.08308745770681675,0.11842637192803472,0.1518655711056493
250.0,4249.231,4188.718,4156.923,4143.077,4291.282,0.06417631310965662,0.1615017327488235,0.2187444564285048,0.07266264976718832,0.12723087233090274,0.16252553667342945,0.1753322286770802,0.18604711501049861,0.09989379093729057,0.13569532668575285,0.20433990443743824,0.08308745770681675,0.11842637192803472,0.1518655711056493
257.8125,4274.872,4202.564,4179.487,4180.513,4306.667,0.06417631310965662,0.1615017327488235,0.2187444564285048,0.07266264976718832,0.12723087233090274,0.16252553667342945,0.1753322286770802,0.18604711501049861,0.09989379093729057,0.13569532668575285,0.20433990443743824,0.08308745770681675,0.11842637192803472,0.1518655711056493
265.625,4282.051,4218.974,4178.462,4200.513,4329.231,0.06417631310965662,0.1615017327488235,0.2187444564285048,0.07266264976718832,0.12723087233090274,0.16252553667342945,0.1753322286770802,0.18604711501049861,0.09989379093729057,0.13569532668575285,0.20433990443743824,0.08308745770681675,0.11842637192803472,0.1518655711056493
273.4375,4264.615,4226.154,4164.103,4192.821,4330.256,0.06417631310965662,0.1615017327488235,0.2187444564285048,0.07266264976718832,0.12723087233090274,0.16252553667342945,0.1753322286770802,0.18604711501049861,0.09989379093729057,0.13569532668575285,0.20433990443743824,0.08308745770681675,0.11842637192803472,0.1518655711056493
281.25,4272.821,4233.846,4171.795,4191.795,4332.308,0.06417631310965662,0.1615017327488235,0.2187444564285048,0.07266264976718832,0.12723087233090274,0.16252553667342945,0.1753322286770802,0.18604711501049861,0.09989379093729057,0.13569532668575285,0.20433990443743824,0.08308745770681675,0.11842637192803472,0.1518655711056493
289.0625,4300.0,4240.513,4191.795,4206.154,4347.179,0.06417631310965662,0.1615017327488235,0.2187444564285048,0.07266264976718832,0.12723087233090274,0.16252553667342945,0.1753322286770802,0.18604711501049861,0.09989379093729057,0.13569532668575285,0.20433990443743824,0.08308745770681675,0.11842637192803472,0.1518655711056493
296.875,4290.769,4223.077,4178.462,4205.641,4340.513,0.06417631310965662,0.1615017327488235,0.2187444564285048,0.07266264976718832,0.12723087233090274,0.16252553667342945,0.1753322286770802,0.18604711501049861,0.09989379093729057,0.13569532668575285,0.20433990443743824,0.08308745770681675,0.11842637192803472,0.1518655711056493
304.6875,4269.231,4206.154,4150.256,4197.949,4321.538,0.06417631310965662,0.1615017327488235,0.2187444564285048,0.07266264976718832,0.12723087233090274,0.16252553667342945,0.1753322286770802,0.18604711501049861,0.09989379093729057,0.13569532668575285,0.20433990443743824,0.08308745770681675,0.11842637192803472,0.1518655711056493
312.5,4278.462,4226.667,4152.821,4210.256,4337.949,0.06417631310965662,0.1615017327488235,0.2187444564285048,0.07266264976718832,0.12723087233090274,0.16252553667342945,0.1753322286770802,0.18604711501049861,0.09989379093729057,0.13569532668575285,0.20433990443743824,0.08308745770681675,0.11842637192803472,0.1518655711056493
320.3125,4282.564,4241.026,4166.154,4206.667,4356.41,0.06417631310965662,0.1615017327488235,0.2187444564285048,0.07266264976718832,0.12723087233090274,0.16252553667342945,0.1753322286770802,0.18604711501049861,0.09989379093729057,0.13569532668575285,0.20433990443743824,0.08308745770681675,0.11842637192803472,0.1518655711056493
328.125,4269.231,4211.795,4166.667,4175.385,4335.385,0.06417631310965662,0.1615017327488235,0.2187444564285048,0.07266264976718832,0.12723087233090274,0.16252553667342945,0.1753322286770802,0.18604711501049861,0.09989379093729057,0.13569532668575285,0.20433990443743824,0.08308745770681675,0.11842637192803472,0.1518655711056493
335.9375,4260.513,4191.795,4153.333,4155.897,4313.846,0.06417631310965662,0.1615017327488235,0.2187444564285048,0.07266264976718832,0.12723087233090274,0.16252553667342945,0.1753322286770802,0.18604711501049861,0.09989379093729057,0.13569532668575285,0.20433990443743824,0.08308745770681675,0.11842637192803472,0.1518655711056493
343.75,4239.487,4198.462,4130.256,4145.641,4311.795,0.06417631310965662,0.1615017327488235,0.2187444564285048,0.07266264976718832,0.12723087233090274,0.16252553667342945,0.1753322286770802,0.18604711501049861,0.09989379093729057,0.13569532668575285,0.20433990443743824,0.08308745770681675,0.11842637192803472,0.1518655711056493
351.5625,4218.462,4187.692,4120.513,4125.128,4304.103,0.06417631310965662,0.1615017327488235,0.2187444564285048,0.07266264976718832,0.12723087233090274,0.16252553667342945,0.1753322286770802,0.18604711501049861,0.09989379093729057,0.13569532668575285,0.20433990443743824,0.08308745770681675,0.11842637192803472,0.1518655711056493
359.375,4225.128,4178.974,4118.974,4122.564,4294.359,0.06417631310965662,0.1615017327488235,0.2187444564285048,0.07266264976718832,0.12723087233090274,0.16252553667342945,0.1753322286770802,0.18604711501049861,0.09989379093729057,0.13569532668575285,0.20433990443743824,0.08308745770681675,0.11842637192803472,0.1518655711056493
367.1875,4234.872,4189.231,4109.231,4144.615,4300.0,0.06417631310965662,0.1615017327488235,0.2187444564285048,0.07266264976718832,0.12723087233090274,0.16252553667342945,0.1753322286770802,0.18604711501049861,0.09989379093729057,0.13569532668575285,0.20433990443743824,0.08308745770681675,0.11842637192803472,0.1518655711056493
375.0,4237.436,4192.308,4115.897,4155.897,4314.359,0.06417631310965662,0.1615017327488235,0.2187444564285048,0.07266264976718832,0.12723087233090274,0.16252553667342945,0.1753322286770802,0.18604711501049861,0.09989379093729057,0.13569532668575285,0.20433990443743824,0.08308745770681675,0.11842637192803472,0.1518655711056493
382.8125,4251.795,4193.333,4144.615,4156.923,4324.615,0.06417631310965662,0.1615017327488235,0.2187444564285048,0.07266264976718832,0.12723087233090274,0.16252553667342945,0.1753322286770802,0.18604711501049861,0.09989379093729057,0.13569532668575285,0.20433990443743824,0.08308745770681675,0.11842637192803472,0.1518655711056493
390.625,4267.692,4211.282,4160.513,4163.077,4326.667,0.06417631310965662,0.1615017327488235,0.2187444564285048,0.07266264976718832,0.12723087233090274,0.16252553667342945,0.1753322286770802,0.18604711501049861,0.09989379093729057,0.13569532668575285,0.20433990443743824,0.08308745770681675,0.11842637192803472,0.1518655711056493
398.4375,4268.718,4229.744,4155.897,4160.0,4338.462,0.06417631310965662,0.1615017327488235,0.2187444564285048,0.07266264976718832,0.12723087233090274,0.16252553667342945,0.1753322286770802,0.18604711501049861,0.09989379093729057,0.13569532668575285,0.20433990443743824,0.08308745770681675,0.11842637192803472,0.1518655711056493
406.25,4272.821,4236.923,4162.051,4149.744,4358.974,0.06417631310965662,0.1615017327488235,0.2187444564285048,0.07266264976718832,0.12723087233090274,0.16252553667342945,0.1753322286770802,0.18604711501049861,0.09989379093729057,0.13569532668575285,0.20433990443743824,0.08308745770681675,0.11842637192803472,0.1518655711056493
414.0625,4287.692,4250.256,4184.103,4156.923,4363.59,0.06417631310965662,0.1615017327488235,0.2187444564285048,0.07266264976718832,0.12723087233090274,0.16252553667342945,0.1753322286770802,0.18604711501049861,0.09989379093729057,0.13569532668575285,0.20433990443743824,0.08308745770681675,0.11842637192803472,0.1518655711056493
421.875,4303.59,4264.615,4200.513,4174.359,4360.0,0.06417631310965662,0.1615017327488235,0.2187444564285048,0.07266264976718832,0.12723087233090274,0.16252553667342945,0.1753322286770802,0.18604711501049861,0.09989379093729057,0.13569532668575285,0.20433990443743824,0.08308745770681675,0.11842637192803472,0.1518655711056493
429.6875,4301.026,4250.769,4189.231,4172.821,4355.897,0.06417631310965662,0.1615017327488235,0.2187444564285048,0.07266264976718832,0.12723087233090274,0.16252553667342945,0.1753322286770802,0.18604711501049861,0.09989379093729057,0.13569532668575285,0.20433990443743824,0.08308745770681675,0.11842637192803472,0.1518655711056493
437.5,4280.513,4218.974,4160.513,4156.41,4346.154,0.06417631310965662,0.1615017327488235,0.2187444564285048,0.07266264976718832,0.12723087233090274,0.16252553667342945,0.1753322286770802,0.18604711501049861,0.09989379093729057,0.13569532668575285,0.20433990443743824,0.08308745770681675,0.11842637192803472,0.1518655711056493
445.3125,4266.154,4212.308,4148.718,4145.641,4340.513,0.06417631310965662,0.1615017327488235,0.2187444564285048,0.07266264976718832,0.12723087233090274,0.16252553667342945,0.1753322286770802,0.18604711501049861,0.09989379093729057,0.13569532668575285,0.20433990443743824,0.08308745770681675,0.11842637192803472,0.1518655711056493
453.125,4258.974,4222.564,4155.385,4140.513,4322.051,0.06417631310965662,0.1615017327488235,0.2187444564285048,0.07266264976718832,0.12723087233090274,0.16252553667342945,0.1753322286770802,0.18604711501049861,0.09989379093729057,0.13569532668575285,0.20433990443743824,0.08308745770681675,0.11842637192803472,0.1518655711056493
460.9375,4248.205,4210.256,4154.359,4131.282,4288.205,0.06417631310965662,0.1615017327488235,0.2187444564285048,0.07266264976718832,0.12723087233090274,0.16252553667342945,0.1753322286770802,0.18604711501049861,0.09989379093729057,0.13569532668575285,0.20433990443743824,0.08308745770681675,0.11842637192803472,0.1518655711056493
468.75,4247.179,4205.128,4147.179,4135.897,4280.513,0.06417631310965662,0.1615017327488235,0.2187444564285048,0.07266264976718832,0.12723087233090274,0.16252553667342945,0.1753322286770802,0.18604711501049861,0.09989379093729057,0.13569532668575285,0.20433990443743824,0.08308745770681675,0.11842637192803472,0.1518655711056493
476.5625,4249.744,4220.0,4146.667,4146.667,4290.769,0.06417631310965662,0.1615017327488235,0.2187444564285048,0.07266264976718832,0.12723087233090274,0.16252553667342945,0.1753322286770802,0.18604711501049861,0.09989379093729057,0.13569532668575285,0.20433990443743824,0.08308745770681675,0.11842637192803472,0.1518655711056493
484.375,4244.615,4216.41,4150.256,4136.923,4284.615,0.06417631310965662,0.1615017327488235,0.2187444564285048,0.07266264976718832,0.12723087233090274,0.16252553667342945,0.1753322286770802,0.18604711501049861,0.09989379093729057,0.13569532668575285,0.20433990443743824,0.08308745770681675,0.11842637192803472,0.1518655711056493
492.1875,4253.333,4212.308,4161.538,4135.385,4294.359,0.06417631310965662,0.1615017327488235,0.2187444564285048,0.07266264976718832,0.12723087233090274,0.16252553667342945,0.1753322286770802,0.18604711501049861,0.09989379093729057,0.13569532668575285,0.20433990443743824,0.08308745770681675,0.11842637192803472,0.1518655711056493
500.0,4271.282,4230.769,4170.256,4160.0,4318.462,0.06417631310965662,0.1615017327488235,0.2187444564285048,0.07266264976718832,0.12723087233090274,0.16252553667342945,0.1753322286770802,0.18604711501049861,0.09989379093729057,0.13569532668575285,0.20433990443743824,0.08308745770681675,0.11842637192803472,0.1518655711056493
507.8125,4264.103,4237.436,4166.154,4164.103,4307.692,0.06417631310965662,0.1615017327488235,0.2187444564285048,0.07266264976718832,0.12723087233090274,0.16252553667342945,0.1753322286770802,0.18604711501049861,0.09989379093729057,0.13569532668575285,0.20433990443743824,0.08308745770681675,0.11842637192803472,0.1518655711056493
515.625,4250.256,4215.897,4158.974,4143.59,4281.026,0.06417631310965662,0.1615017327488235,0.2187444564285048,0.07266264976718832,0.12723087233090274,0.16252553667342945,0.1753322286770802,0.18604711501049861,0.09989379093729057,0.13569532668575285,0.20433990443743824,0.08308745770681675,0.11842637192803472,0.1518655711056493
523.4375,4236.41,4195.385,4134.872,4134.359,4261.538,0.06417631310965662,0.1615017327488235,0.2187444564285048,0.07266264976718832,0.12723087233090274,0.16252553667342945,0.1753322286770802,0.18604711501049861,0.09989379093729057,0.13569532668575285,0.20433990443743824,0.08308745770681675,0.11842637192803472,0.1518655711056493
531.25,4202.564,4184.103,4101.026,4122.051,4241.538,0.06417631310965662,0.1615017327488235,0.2187444564285048,0.07266264976718832,0.12723087233090274,0.16252553667342945,0.1753322286770802,0.18604711501049861,0.09989379093729057,0.13569532668575285,0.20433990443743824,0.08308745770681675,0.11842637192803472,0.1518655711056493
539.0625,4191.282,4184.615,4101.538,4111.795,4241.026,0.06417631310965662,0.1615017327488235,0.2187444564285048,0.07266264976718832,0.12723087233090274,0.16252553667342945,0.1753322286770802,0.18604711501049861,0.09989379093729057,0.13569532668575285,0.20433990443743824,0.08308745770681675,0.11842637192803472,0.1518655711056493
546.875,4218.462,4193.333,4118.462,4131.795,4267.179,0.06417631310965662,0.1615017327488235,0.2187444564285048,0.07266264976718832,0.12723087233090274,0.16252553667342945,0.1753322286770802,0.18604711501049861,0.09989379093729057,0.13569532668575285,0.20433990443743824,0.08308745770681675,0.11842637192803472,0.1518655711056493
554.6875,4225.128,4196.41,4122.051,4146.154,4291.282,0.06417631310965662,0.1615017327488235,0.2187444564285048,0.07266264976718832,0.12723087233090274,0.16252553667342945,0.1753322286770802,0.18604711501049861,0.09989379093729057,0.13569532668575285,0.20433990443743824,0.08308745770681675,0.11842637192803472,0.1518655711056493
562.5,4223.59,4206.667,4136.923,4135.897,4296.923,0.06417631310965662,0.1615017327488235,0.2187444564285048,0.07266264976718832,0.12723087233090274,0.16252553667342945,0.1753322286770802,0.18604711501049861,0.09989379093729057,0.13569532668575285,0.20433990443743824,0.08308745770681675,0.11842637192803472,0.1518655711056493
570.3125,4241.026,4220.0,4146.154,4138.974,4292.308,0.06417631310965662,0.1615017327488235,0.2187444564285048,0.07266264976718832,0.12723087233090274,0.16252553667342945,0.1753322286770802,0.18604711501049861,0.09989379093729057,0.13569532668575285,0.20433990443743824,0.08308745770681675,0.11842637192803472,0.1518655711056493
578.125,4244.103,4218.462,4127.692,4147.179,4286.154,0.06417631310965662,0.1615017327488235,0.2187444564285048,0.07266264976718832,0.12723087233090274,0.16252553667342945,0.1753322286770802,0.18604711501049861,0.09989379093729057,0.13569532668575285,0.20433990443743824,0.08308745770681675,0.11842637192803472,0.1518655711056493
585.9375,4237.436,4215.897,4132.308,4135.385,4281.026,0.06417631310965662,0.1615017327488235,0.2187444564285048,0.07266264976718832,0.12723087233090274,0.16252553667342945,0.1753322286770802,0.18604711501049861,0.09989379093729057,0.13569532668575285,0.20433990443743824,0.08308745770681675,0.11842637192803472,0.1518655711056493
593.75,4246.154,4224.615,4154.359,4126.667,4279.487,0.06417631310965662,0.1615017327488235,0.2187444564285048,0.07266264976718832,0.12723087233090274,0.16252553667342945,0.1753322286770802,0.18604711501049861,0.09989379093729057,0.13569532668575285,0.20433990443743824,0.08308745770681675,0.11842637192803472,0.1518655711056493
601.5625,4240.0,4219.487,4144.615,4122.051,4276.41,0.06417631310965662,0.1615017327488235,0.2187444564285048,0.07266264976718832,0.12723087233090274,0.16252553667342945,0.1753322286770802,0.18604711501049861,0.09989379093729057,0.13569532668575285,0.20433990443743824,0.08308745770681675,0.11842637192803472,0.1518655711056493
609.375,4209.744,4190.769,4113.333,4098.462,4259.487,0.06417631310965662,0.1615017327488235,0.2187444564285048,0.07266264976718832,0.12723087233090274,0.16252553667342945,0.1753322286770802,0.18604711501049861,0.09989379093729057,0.13569532668575285,0.20433990443743824,0.08308745770681675,0.11842637192803472,0.1518655711056493
617.1875,4193.333,4179.487,4095.385,4082.051,4244.103,0.06417631310965662,0.1615017327488235,0.2187444564285048,0.07266264976718832,0.12723087233090274,0.16252553667342945,0.1753322286770802,0.18604711501049861,0.09989379093729057,0.13569532668575285,0.20433990443743824,0.08308745770681675,0.11842637192803472,0.1518655711056493
625.0,4197.436,4193.846,4100.513,4081.026,4243.077,0.06417631310965662,0.1615017327488235,0.2187444564285048,0.07266264976718832,0.12723087233090274,0.16252553667342945,0.1753322286770802,0.18604711501049861,0.09989379093729057,0.13569532668575285,0.20433990443743824,0.08308745770681675,0.11842637192803472,0.1518655711056493
632.8125,4212.821,4205.128,4114.359,4084.103,4247.179,0.06417631310965662,0.1615017327488235,0.2187444564285048,0.07266264976718832,0.12723087233090274,0.16252553667342945,0.1753322286770802,0.18604711501049861,0.09989379093729057,0.13569532668575285,0.20433990443743824,0.08308745770681675,0.11842637192803472,0.1518655711056493
640.625,4218.462,4209.231,4114.359,4082.051,4249.744,0.06417631310965662,0.1615017327488235,0.2187444564285048,0.07266264976718832,0.12723087233090274,0.16252553667342945,0.1753322286770802,0.18604711501049861,0.09989379093729057,0.13569532668575285,0.20433990443743824,0.08308745770681675,0.11842637192803472,0.1518655711056493
648.4375,4214.359,4207.179,4116.41,4071.282,4253.333,0.06417631310965662,0.1615017327488235,0.2187444564285048,0.07266264976718832,0.12723087233090274,0.16252553667342945,0.1753322286770802,0.18604711501049861,0.09989379093729057,0.13569532668575285,0.20433990443743824,0.08308745770681675,0.11842637192803472,0.1518655711056493
656.25,4229.744,4214.872,4134.872,4074.872,4260.513,0.06417631310965662,0.1615017327488235,0.2187444564285048,0.07266264976718832,0.12723087233090274,0.16252553667342945,0.1753322286770802,0.18604711501049861,0.09989379093729057,0.13569532668575285,0.20433990443743824,0.08308745770681675,0.11842637192803472,0.1518655711056493
664.0625,4242.051,4237.949,4139.487,4087.692,4269.744,0.06417631310965662,0.1615017327488235,0.2187444564285048,0.07266264976718832,0.12723087233090274,0.16252553667342945,0.1753322286770802,0.18604711501049861,0.09989379093729057,0.13569532668575285,0.20433990443743824,0.08308745770681675,0.11842637192803472,0.1518655711056493
671.875,4235.897,4243.077,4135.385,4084.615,4275.897,0.06417631310965662,0.1615017327488235,0.2187444564285048,0.07266264976718832,0.12723087233090274,0.16252553667342945,0.1753322286770802,0.18604711501049861,0.09989379093729057,0.13569532668575285,0.20433990443743824,0.08308745770681675,0.11842637192803472,0.1518655711056493
679.6875,4241.538,4231.282,4145.128,4080.513,4278.974,0.06417631310965662,0.1615017327488235,0.2187444564285048,0.07266264976718832,0.12723087233090274,0.16252553667342945,0.1753322286770802,0.18604711501049861,0.09989379093729057,0.13569532668575285,0.20433990443743824,0.08308745770681675,0.11842637192803472,0.1518655711056493
687.5,4254.359,4244.103,4149.231,4090.769,4294.359,0.06417631310965662,0.1615017327488235,0.2187444564285048,0.07266264976718832,0.12723087233090274,0.16252553667342945,0.1753322286770802,0.18604711501049861,0.09989379093729057,0.13569532668575285,0.20433990443743824,0.08308745770681675,0.11842637192803472,0.1518655711056493
695.3125,4248.205,4260.0,4148.718,4096.923,4311.282,0.06417631310965662,0.1615017327488235,0.2187444564285048,0.07266264976718832,0.12723087233090274,0.16252553667342945,0.1753322286770802,0.18604711501049861,0.09989379093729057,0.13569532668575285,0.20433990443743824,0.08308745770681675,0.11842637192803472,0.1518655711056493
703.125,4249.744,4248.205,4165.641,4102.051,4311.282,0.06417631310965662,0.1615017327488235,0.2187444564285048,0.07266264976718832,0.12723087233090274,0.16252553667342945,0.1753322286770802,0.18604711501049861,0.09989379093729057,0.13569532668575285,0.20433990443743824,0.08308745770681675,0.11842637192803472,0.1518655711056493
710.9375,4268.205,4244.615,4176.41,4112.308,4309.744,0.06417631310965662,0.1615017327488235,0.2187444564285048,0.07266264976718832,0.12723087233090274,0.16252553667342945,0.1753322286770802,0.18604711501049861,0.09989379093729057,0.13569532668575285,0.20433990443743824,0.08308745770681675,0.11842637192803472,0.1518655711056493
718.75,4254.872,4249.744,4146.667,4097.436,4305.641,0.06417631310965662,0.1615017327488235,0.2187444564285048,0.07266264976718832,0.12723087233090274,0.16252553667342945,0.1753322286770802,0.18604711501049861,0.09989379093729057,0.13569532668575285,0.20433990443743824,0.08308745770681675,0.11842637192803472,0.1518655711056493
726.5625,4231.282,4244.103,4125.641,4078.462,4289.744,0.06417631310965662,0.1615017327488235,0.2187444564285048,0.07266264976718832,0.12723087233090274,0.16252553667342945,0.1753322286770802,0.18604711501049861,0.09989379093729057,0.13569532668575285,0.20433990443743824,0.08308745770681675,0.11842637192803472,0.1518655711056493
734.375,4249.744,4251.282,4151.795,4091.795,4291.795,0.06417631310965662,0.1615017327488235,0.2187444564285048,0.07266264976718832,0.12723087233090274,0.16252553667342945,0.1753322286770802,0.18604711501049861,0.09989379093729057,0.13569532668575285,0.20433990443743824,0.08308745770681675,0.11842637192803472,0.1518655711056493
742.1875,4271.795,4264.103,4160.513,4101.538,4315.897,0.06417631310965662,0.1615017327488235,0.2187444564285048,0.07266264976718832,0.12723087233090274,0.16252553667342945,0.1753322286770802,0.18604711501049861,0.09989379093729057,0.13569532668575285,0.20433990443743824,0.08308745770681675,0.11842637192803472,0.1518655711056493
750.0,4253.846,4260.513,4132.821,4088.718,4321.026,0.06417631310965662,0.1615017327488235,0.2187444564285048,0.07266264976718832,0.12723087233090274,0.16252553667342945,0.1753322286770802,0.18604711501049861,0.09989379093729057,0.13569532668575285,0.20433990443743824,0.08308745770681675,0.11842637192803472,0.1518655711056493
757.8125,4240.0,4249.744,4138.462,4096.923,4313.333,0.06417631310965662,0.1615017327488235,0.2187444564285048,0.07266264976718832,0.12723087233090274,0.16252553667342945,0.1753322286770802,0.18604711501049861,0.09989379093729057,0.13569532668575285,0.20433990443743824,0.08308745770681675,0.11842637192803472,0.1518655711056493
765.625,4255.385,4245.128,4171.795,4121.538,4323.59,0.06417631310965662,0.1615017327488235,0.2187444564285048,0.07266264976718832,0.12723087233090274,0.16252553667342945,0.1753322286770802,0.18604711501049861,0.09989379093729057,0.13569532668575285,0.20433990443743824,0.08308745770681675,0.11842637192803472,0.1518655711056493
773.4375,4266.154,4249.231,4181.538,4134.359,4341.538,0.06417631310965662,0.1615017327488235,0.2187444564285048,0.07266264976718832,0.12723087233090274,0.16252553667342945,0.1753322286770802,0.18604711501049861,0.09989379093729057,0.13569532668575285,0.20433990443743824,0.08308745770681675,0.11842637192803472,0.1518655711056493
781.25,4269.744,4271.282,4181.538,4147.692,4352.308,0.06417631310965662,0.1615017327488235,0.2187444564285048,0.07266264976718832,0.12723087233090274,0.16252553667342945,0.1753322286770802,0.18604711501049861,0.09989379093729057,0.13569532668575285,0.20433990443743824,0.08308745770681675,0.11842637192803472,0.1518655711056493
789.0625,4264.103,4287.179,4176.923,4142.051,4341.538,0.06417631310965662,0.1615017327488235,0.2187444564285048,0.07266264976718832,0.12723087233090274,0.16252553667342945,0.1753322286770802,0.18604711501049861,0.09989379093729057,0.13569532668575285,0.20433990443743824,0.08308745770681675,0.11842637192803472,0.1518655711056493
796.875,4234.872,4262.051,4151.282,4101.026,4311.282,0.06417631310965662,0.1615017327488235,0.2187444564285048,0.07266264976718832,0.12723087233090274,0.16252553667342945,0.1753322286770802,0.18604711501049861,0.09989379093729057,0.13569532668575285,0.20433990443743824,0.08308745770681675,0.11842637192803472,0.1518655711056493
804.6875,4209.744,4236.41,4128.718,4083.077,4289.744,0.06417631310965662,0.1615017327488235,0.2187444564285048,0.07266264976718832,0.12723087233090274,0.16252553667342945,0.1753322286770802,0.18604711501049861,0.09989379093729057,0.13569532668575285,0.20433990443743824,0.08308745770681675,0.11842637192803472,0.1518655711056493
812.5,4218.974,4257.436,4137.949,4105.641,4293.333,0.06417631310965662,0.1615017327488235,0.2187444564285048,0.07266264976718832,0.12723087233090274,0.16252553667342945,0.1753322286770802,0.18604711501049861,0.09989379093729057,0.13569532668575285,0.20433990443743824,0.08308745770681675,0.11842637192803472,0.1518655711056493
820.3125,4239.487,4278.974,4159.487,4125.128,4303.077,0.06417631310965662,0.1615017327488235,0.2187444564285048,0.07266264976718832,0.12723087233090274,0.16252553667342945,0.1753322286770802,0.18604711501049861,0.09989379093729057,0.13569532668575285,0.20433990443743824,0.08308745770681675,0.11842637192803472,0.1518655711056493
828.125,4249.231,4260.0,4165.641,4134.359,4306.667,0.06417631310965662,0.1615017327488235,0.2187444564285048,0.07266264976718832,0.12723087233090274,0.16252553667342945,0.1753322286770802,0.18604711501049861,0.09989379093729057,0.13569532668575285,0.20433990443743824,0.08308745770681675,0.11842637192803472,0.1518655711056493
835.9375,4251.795,4254.359,4160.0,4142.051,4318.462,0.06417631310965662,0.1615017327488235,0.2187444564285048,0.07266264976718832,0.12723087233090274,0.16252553667342945,0.1753322286770802,0.18604711501049861,0.09989379093729057,0.13569532668575285,0.20433990443743824,0.08308745770681675,0.11842637192803472,0.1518655711056493
843.75,4239.487,4270.256,4153.333,4136.41,4324.103,0.06417631310965662,0.1615017327488235,0.2187444564285048,0.07266264976718832,0.12723087233090274,0.16252553667342945,0.1753322286770802,0.18604711501049861,0.09989379093729057,0.13569532668575285,0.20433990443743824,0.08308745770681675,0.11842637192803472,0.1518655711056493
851.5625,4220.513,4257.436,4151.795,4123.59,4299.487,0.06417631310965662,0.1615017327488235,0.2187444564285048,0.07266264976718832,0.12723087233090274,0.16252553667342945,0.1753322286770802,0.18604711501049861,0.09989379093729057,0.13569532668575285,0.20433990443743824,0.08308745770681675,0.11842637192803472,0.1518655711056493
859.375,4238.462,4250.256,4166.154,4136.41,4293.846,0.06417631310965662,0.1615017327488235,0.2187444564285048,0.07266264976718832,0.12723087233090274,0.16252553667342945,0.1753322286770802,0.18604711501049861,0.09989379093729057,0.13569532668575285,0.20433990443743824,0.08308745770681675,0.11842637192803472,0.1518655711056493
867.1875,4271.795,4280.513,4188.205,4167.179,4330.256,0.06417631310965662,0.1615017327488235,0.2187444564285048,0.07266264976718832,0.12723087233090274,0.16252553667342945,0.1753322286770802,0.18604711501049861,0.09989379093729057,0.13569532668575285,0.20433990443743824,0.08308745770681675,0.11842637192803472,0.1518655711056493
875.0,4260.0,4290.256,4187.179,4166.154,4339.487,0.06417631310965662,0.1615017327488235,0.2187444564285048,0.07266264976718832,0.12723087233090274,0.16252553667342945,0.1753322286770802,0.18604711501049861,0.09989379093729057,0.13569532668575285,0.20433990443743824,0.08308745770681675,0.11842637192803472,0.1518655711056493
882.8125,4245.128,4274.359,4189.231,4151.795,4327.179,0.06417631310965662,0.1615017327488235,0.2187444564285048,0.07266264976718832,0.12723087233090274,0.16252553667342945,0.1753322286770802,0.18604711501049861,0.09989379093729057,0.13569532668575285,0.20433990443743824,0.08308745770681675,0.11842637192803472,0.1518655711056493
890.625,4273.846,4279.487,4221.026,4169.744,4354.872,0.06417631310965662,0.1615017327488235,0.2187444564285048,0.07266264976718832,0.12723087233090274,0.16252553667342945,0.1753322286770802,0.18604711501049861,0.09989379093729057,0.13569532668575285,0.20433990443743824,0.08308745770681675,0.11842637192803472,0.1518655711056493
898.4375,4289.231,4288.205,4229.744,4181.026,4376.923,0.06417631310965662,0.1615017327488235,0.2187444564285048,0.07266264976718832,0.12723087233090274,0.16252553667342945,0.1753322286770802,0.18604711501049861,0.09989379093729057,0.13569532668575285,0.20433990443743824,0.08308745770681675,0.11842637192803472,0.1518655711056493
906.25,4258.462,4273.846,4182.051,4157.949,4356.41,0.06417631310965662,0.1615017327488235,0.2187444564285048,0.07266264976718832,0.12723087233090274,0.16252553667342945,0.1753322286770802,0.18604711501049861,0.09989379093729057,0.13569532668575285,0.20433990443743824,0.08308745770681675,0.11842637192803472,0.1518655711056493
914.0625,4238.974,4280.0,4151.282,4146.154,4351.795,0.06417631310965662,0.1615017327488235,0.2187444564285048,0.07266264976718832,0.12723087233090274,0.16252553667342945,0.1753322286770802,0.18604711501049861,0.09989379093729057,0.13569532668575285,0.20433990443743824,0.08308745770681675,0.11842637192803472,0.1518655711056493
921.875,4238.462,4290.256,4157.436,4143.59,4353.333,0.06417631310965662,0.1615017327488235,0.2187444564285048,0.07266264976718832,0.12723087233090274,0.16252553667342945,0.1753322286770802,0.18604711501049861,0.09989379093729057,0.13569532668575285,0.20433990443743824,0.08308745770681675,0.11842637192803472,0.1518655711056493
929.6875,4207.692,4250.256,4129.231,4114.359,4305.641,0.06417631310965662,0.1615017327488235,0.2187444564285048,0.07266264976718832,0.12723087233090274,0.16252553667342945,0.1753322286770802,0.18604711501049861,0.09989379093729057,0.13569532668575285,0.20433990443743824,0.08308745770681675,0.11842637192803472,0.1518655711056493
937.5,4181.026,4225.641,4101.538,4091.795,4270.769,0.06417631310965662,0.1615017327488235,0.2187444564285048,0.07266264976718832,0.12723087233090274,0.16252553667342945,0.1753322286770802,0.18604711501049861,0.09989379093729057,0.13569532668575285,0.20433990443743824,0.08308745770681675,0.11842637192803472,0.1518655711056493
945.3125,4207.692,4265.128,4141.026,4109.231,4309.231,0.06417631310965662,0.1615017327488235,0.2187444564285048,0.07266264976718832,0.12723087233090274,0.16252553667342945,0.1753322286770802,0.18604711501049861,0.09989379093729057,0.13569532668575285,0.20433990443743824,0.08308745770681675,0.11842637192803472,0.1518655711056493
953.125,4253.333,4285.128,4184.103,4140.0,4358.462,0.06417631310965662,0.1615017327488235,0.2187444564285048,0.07266264976718832,0.12723087233090274,0.16252553667342945,0.1753322286770802,0.18604711501049861,0.09989379093729057,0.13569532668575285,0.20433990443743824,0.08308745770681675,0.11842637192803472,0.1518655711056493
960.9375,4250.769,4258.462,4151.795,4135.897,4350.256,0.06417631310965662,0.1615017327488235,0.2187444564285048,0.07266264976718832,0.12723087233090274,0.16252553667342945,0.1753322286770802,0.18604711501049861,0.09989379093729057,0.13569532668575285,0.20433990443743824,0.08308745770681675,0.11842637192803472,0.1518655711056493
968.75,4223.077,4264.103,4114.872,4103.59,4320.513,0.06417631310965662,0.1615017327488235,0.2187444564285048,0.07266264976718832,0.12723087233090274,0.16252553667342945,0.1753322286770802,0.18604711501049861,0.09989379093729057,0.13569532668575285,0.20433990443743824,0.08308745770681675,0.11842637192803472,0.1518655711056493
976.5625,4239.487,4298.974,4143.077,4104.615,4327.179,0.06417631310965662,0.1615017327488235,0.2187444564285048,0.07266264976718832,0.12723087233090274,0.16252553667342945,0.1753322286770802,0.18604711501049861,0.09989379093729057,0.13569532668575285,0.20433990443743824,0.08308745770681675,0.11842637192803472,0.1518655711056493
984.375,4269.231,4296.41,4162.051,4131.795,4351.282,0.06417631310965662,0.1615017327488235,0.2187444564285048,0.07266264976718832,0.12723087233090274,0.16252553667342945,0.1753322286770802,0.18604711501049861,0.09989379093729057,0.13569532668575285,0.20433990443743824,0.08308745770681675,0.11842637192803472,0.1518655711056493
992.1875,4249.744,4273.333,4128.718,4119.487,4341.026,0.06417631310965662,0.1615017327488235,0.2187444564285048,0.07266264976718832,0.12723087233090274,0.16252553667342945,0.1753322286770802,0.18604711501049861,0.09989379093729057,0.13569532668575285,0.20433990443743824,0.08308745770681675,0.11842637192803472,0.1518655711056493
1000.0,4219.487,4260.513,4113.846,4087.179,4309.231,0.06417631310965662,0.1615017327488235,0.2187444564285048,0.07266264976718832,0.12723087233090274,0.16252553667342945,0.1753322286770802,0.18604711501049861,0.09989379093729057,0.13569532668575285,0.20433990443743824,0.08308745770681675,0.11842637192803472,0.1518655711056493
1007.8125,4229.231,4260.513,4138.462,4087.179,4315.897,0.06417631310965662,0.1615017327488235,0.2187444564285048,0.07266264976718832,0.12723087233090274,0.16252553667342945,0.1753322286770802,0.18604711501049861,0.09989379093729057,0.13569532668575285,0.20433990443743824,0.08308745770681675,0.11842637192803472,0.1518655711056493
1015.625,4224.615,4251.795,4132.308,4081.026,4327.692,0.06417631310965662,0.1615017327488235,0.2187444564285048,0.07266264976718832,0.12723087233090274,0.16252553667342945,0.1753322286770802,0.18604711501049861,0.09989379093729057,0.13569532668575285,0.20433990443743824,0.08308745770681675,0.11842637192803472,0.1518655711056493
1023.4375,4198.974,4233.846,4102.564,4055.385,4307.692,0.06417631310965662,0.1615017327488235,0.2187444564285048,0.07266264976718832,0.12723087233090274,0.16252553667342945,0.1753322286770802,0.18604711501049861,0.09989379093729057,0.13569532668575285,0.20433990443743824,0.08308745770681675,0.11842637192803472,0.1518655711056493
1031.25,4192.308,4222.564,4093.333,4036.923,4281.026,0.06417631310965662,0.1615017327488235,0.2187444564285048,0.07266264976718832,0.12723087233090274,0.16252553667342945,0.1753322286770802,0.18604711501049861,0.09989379093729057,0.13569532668575285,0.20433990443743824,0.08308745770681675,0.11842637192803472,0.1518655711056493
1039.0625,4186.667,4211.795,4085.128,4011.282,4264.615,0.06417631310965662,0.1615017327488235,0.2187444564285048,0.07266264976718832,0.12723087233090274,0.16252553667342945,0.1753322286770802,0.18604711501049861,0.09989379093729057,0.13569532668575285,0.20433990443743824,0.08308745770681675,0.11842637192803472,0.1518655711056493
1046.875,4183.077,4217.436,4082.051,3997.949,4269.744,0.06417631310965662,0.1615017327488235,0.2187444564285048,0.07266264976718832,0.12723087233090274,0.16252553667342945,0.1753322286770802,0.18604711501049861,0.09989379093729057,0.13569532668575285,0.20433990443743824,0.08308745770681675,0.11842637192803472,0.1518655711056493
1054.6875,4192.821,4242.564,4100.0,4017.949,4281.538,0.06417631310965662,0.1615017327488235,0.2187444564285048,0.07266264976718832,0.12723087233090274,0.16252553667342945,0.1753322286770802,0.18604711501049861,0.09989379093729057,0.13569532668575285,0.20433990443743824,0.08308745770681675,0.11842637192803472,0.1518655711056493
1062.5,4208.718,4255.897,4112.821,4050.256,4289.231,0.06417631310965662,0.1615017327488235,0.2187444564285048,0.07266264976718832,0.12723087233090274,0.16252553667342945,0.1753322286770802,0.18604711501049861,0.09989379093729057,0.13569532668575285,0.20433990443743824,0.08308745770681675,0.11842637192803472,0.1518655711056493
1070.3125,4222.564,4254.872,4111.795,4080.513,4313.846,0.06417631310965662,0.1615017327488235,0.2187444564285048,0.07266264976718832,0.12723087233090274,0.16252553667342945,0.1753322286770802,0.18604711501049861,0.09989379093729057,0.13569532668575285,0.20433990443743824,0.08308745770681675,0.11842637192803472,0.1518655711056493
1078.125,4233.333,4255.385,4115.897,4100.513,4339.487,0.06417631310965662,0.1615017327488235,0.2187444564285048,0.07266264976718832,0.12723087233090274,0.16252553667342945,0.1753322286770802,0.18604711501049861,0.09989379093729057,0.13569532668575285,0.20433990443743824,0.08308745770681675,0.11842637192803472,0.1518655711056493
1085.9375,4228.718,4246.667,4111.282,4093.333,4326.667,0.06417631310965662,0.1615017327488235,0.2187444564285048,0.07266264976718832,0.12723087233090274,0.16252553667342945,0.1753322286770802,0.18604711501049861,0.09989379093729057,0.13569532668575285,0.20433990443743824,0.08308745770681675,0.11842637192803472,0.1518655711056493
1093.75,4208.205,4226.667,4097.436,4072.308,4297.949,0.06417631310965662,0.1615017327488235,0.2187444564285048,0.07266264976718832,0.12723087233090274,0.16252553667342945,0.1753322286770802,0.18604711501049861,0.09989379093729057,0.13569532668575285,0.20433990443743824,0.08308745770681675,0.11842637192803472,0.1518655711056493
1101.5625,4217.436,4232.308,4119.487,4080.0,4310.256,0.06417631310965662,0.1615017327488235,0.2187444564285048,0.07266264976718832,0.12723087233090274,0.16252553667342945,0.1753322286770802,0.18604711501049861,0.09989379093729057,0.13569532668575285,0.20433990443743824,0.08308745770681675,0.11842637192803472,0.1518655711056493
1109.375,4212.308,4228.205,4132.821,4070.769,4313.333,0.06417631310965662,0.1615017327488235,0.2187444564285048,0.07266264976718832,0.12723087233090274,0.16252553667342945,0.1753322286770802,0.18604711501049861,0.09989379093729057,0.13569532668575285,0.20433990443743824,0.08308745770681675,0.11842637192803472,0.1518655711056493
1117.1875,4152.821,4181.026,4089.744,4019.487,4266.154,0.06417631310965662,0.1615017327488235,0.2187444564285048,0.07266264976718832,0.12723087233090274,0.16252553667342945,0.1753322286770802,0.18604711501049861,0.09989379093729057,0.13569532668575285,0.20433990443743824,0.08308745770681675,0.11842637192803472,0.1518655711056493
1125.0,4148.718,4172.308,4088.205,4029.744,4257.949,0.06417631310965662,0.1615017327488235,0.2187444564285048,0.07266264976718832,0.12723087233090274,0.16252553667342945,0.1753322286770802,0.18604711501049861,0.09989379093729057,0.13569532668575285,0.20433990443743824,0.08308745770681675,0.11842637192803472,0.1518655711056493
1132.8125,4224.103,4228.205,4150.769,4105.641,4325.641,0.06417631310965662,0.1615017327488235,0.2187444564285048,0.07266264976718832,0.12723087233090274,0.16252553667342945,0.1753322286770802,0.18604711501049861,0.09989379093729057,0.13569532668575285,0.20433990443743824,0.08308745770681675,0.11842637192803472,0.1518655711056493
1140.625,4260.0,4269.744,4180.0,4127.692,4366.154,0.06417631310965662,0.1615017327488235,0.2187444564285048,0.07266264976718832,0.12723087233090274,0.16252553667342945,0.1753322286770802,0.18604711501049861,0.09989379093729057,0.13569532668575285,0.20433990443743824,0.08308745770681675,0.11842637192803472,0.1518655711056493
1148.4375,4249.744,4271.795,4176.923,4105.128,4348.205,0.06417631310965662,0.1615017327488235,0.2187444564285048,0.07266264976718832,0.12723087233090274,0.16252553667342945,0.1753322286770802,0.18604711501049861,0.09989379093729057,0.13569532668575285,0.20433990443743824,0.08308745770681675,0.11842637192803472,0.1518655711056493
1156.25,4254.872,4278.974,4178.974,4106.667,4347.179,0.06417631310965662,0.1615017327488235,0.2187444564285048,0.07266264976718832,0.12723087233090274,0.16252553667342945,0.1753322286770802,0.18604711501049861,0.09989379093729057,0.13569532668575285,0.20433990443743824,0.08308745770681675,0.11842637192803472,0.1518655711056493
1164.0625,4234.872,4279.487,4156.41,4085.128,4347.692,0.06417631310965662,0.1615017327488235,0.2187444564285048,0.07266264976718832,0.12723087233090274,0.16252553667342945,0.1753322286770802,0.18604711501049861,0.09989379093729057,0.13569532668575285,0.20433990443743824,0.08308745770681675,0.11842637192803472,0.1518655711056493
1171.875,4219.487,4278.462,4149.744,4056.923,4335.385,0.06417631310965662,0.1615017327488235,0.2187444564285048,0.07266264976718832,0.12723087233090274,0.16252553667342945,0.1753322286770802,0.18604711501049861,0.09989379093729057,0.13569532668575285,0.20433990443743824,0.08308745770681675,0.11842637192803472,0.1518655711056493
1179.6875,4251.795,4310.256,4178.462,4080.513,4350.769,0.06417631310965662,0.1615017327488235,0.2187444564285048,0.07266264976718832,0.12723087233090274,0.16252553667342945,0.1753322286770802,0.18604711501049861,0.09989379093729057,0.13569532668575285,0.20433990443743824,0.08308745770681675,0.11842637192803472,0.1518655711056493
1187.5,4258.462,4329.744,4174.359,4082.051,4355.385,0.06417631310965662,0.1615017327488235,0.2187444564285048,0.07266264976718832,0.12723087233090274,0.16252553667342945,0.1753322286770802,0.18604711501049861,0.09989379093729057,0.13569532668575285,0.20433990443743824,0.08308745770681675,0.11842637192803472,0.1518655711056493
1195.3125,4242.564,4314.359,4158.462,4053.333,4335.385,0.06417631310965662,0.1615017327488235,0.2187444564285048,0.07266264976718832,0.12723087233090274,0.16252553667342945,0.1753322286770802,0.18604711501049861,0.09989379093729057,0.13569532668575285,0.20433990443743824,0.08308745770681675,0.11842637192803472,0.1518655711056493
1203.125,4246.667,4308.205,4167.692,4058.974,4332.308,0.06417631310965662,0.1615017327488235,0.2187444564285048,0.07266264976718832,0.12723087233090274,0.16252553667342945,0.1753322286770802,0.18604711501049861,0.09989379093729057,0.13569532668575285,0.20433990443743824,0.08308745770681675,0.11842637192803472,0.1518655711056493
1210.9375,4251.795,4322.564,4172.821,4084.615,4343.59,0.06417631310965662,0.1615017327488235,0.2187444564285048,0.07266264976718832,0.12723087233090274,0.16252553667342945,0.1753322286770802,0.18604711501049861,0.09989379093729057,0.13569532668575285,0.20433990443743824,0.08308745770681675,0.11842637192803472,0.1518655711056493
1218.75,4248.205,4330.769,4172.308,4093.846,4347.179,0.06417631310965662,0.1615017327488235,0.2187444564285048,0.07266264976718832,0.12723087233090274,0.16252553667342945,0.1753322286770802,0.18604711501049861,0.09989379093729057,0.13569532668575285,0.20433990443743824,0.08308745770681675,0.11842637192803472,0.1518655711056493
1226.5625,4255.897,4328.205,4187.692,4086.154,4342.564,0.06417631310965662,0.1615017327488235,0.2187444564285048,0.07266264976718832,0.12723087233090274,0.16252553667342945,0.1753322286770802,0.18604711501049861,0.09989379093729057,0.13569532668575285,0.20433990443743824,0.08308745770681675,0.11842637192803472,0.1518655711056493
1234.375,4267.692,4317.949,4193.333,4073.846,4332.308,0.06417631310965662,0.1615017327488235,0.2187444564285048,0.07266264976718832,0.12723087233090274,0.16252553667342945,0.1753322286770802,0.18604711501049861,0.09989379093729057,0.13569532668575285,0.20433990443743824,0.08308745770681675,0.11842637192803472,0.1518655711056493
1242.1875,4265.641,4310.256,4174.359,4067.179,4323.59,0.06417631310965662,0.1615017327488235,0.2187444564285048,0.07266264976718832,0.12723087233090274,0.16252553667342945,0.1753322286770802,0.18604711501049861,0.09989379093729057,0.13569532668575285,0.20433990443743824,0.08308745770681675,0.11842637192803472,0.1518655711056493
1250.0,4261.026,4321.538,4160.513,4065.641,4332.821,0.06417631310965662,0.1615017327488235,0.2187444564285048,0.07266264976718832,0.12723087233090274,0.16252553667342945,0.1753322286770802,0.18604711501049861,0.09989379093729057,0.13569532668575285,0.20433990443743824,0.08308745770681675,0.11842637192803472,0.1518655711056493
1257.8125,4262.051,4326.667,4166.154,4052.821,4345.641,0.06417631310965662,0.1615017327488235,0.2187444564285048,0.07266264976718832,0.12723087233090274,0.16252553667342945,0.1753322286770802,0.18604711501049861,0.09989379093729057,0.13569532668575285,0.20433990443743824,0.08308745770681675,0.11842637192803472,0.1518655711056493
1265.625,4268.718,4314.872,4188.205,4053.846,4346.667,0.06417631310965662,0.1615017327488235,0.2187444564285048,0.07266264976718832,0.12723087233090274,0.16252553667342945,0.1753322286770802,0.18604711501049861,0.09989379093729057,0.13569532668575285,0.20433990443743824,0.08308745770681675,0.11842637192803472,0.1518655711056493
1273.4375,4270.256,4310.256,4191.795,4066.667,4336.41,0.06417631310965662,0.1615017327488235,0.2187444564285048,0.07266264976718832,0.12723087233090274,0.16252553667342945,0.1753322286770802,0.18604711501049861,0.09989379093729057,0.13569532668575285,0.20433990443743824,0.08308745770681675,0.11842637192803472,0.1518655711056493
1281.25,4269.744,4320.0,4170.769,4063.077,4334.359,0.06417631310965662,0.1615017327488235,0.2187444564285048,0.07266264976718832,0.12723087233090274,0.16252553667342945,0.1753322286770802,0.18604711501049861,0.09989379093729057,0.13569532668575285,0.20433990443743824,0.08308745770681675,0.11842637192803472,0.1518655711056493
1289.0625,4277.436,4337.949,4172.308,4070.256,4350.769,0.06417631310965662,0.1615017327488235,0.2187444564285048,0.07266264976718832,0.12723087233090274,0.16252553667342945,0.1753322286770802,0.18604711501049861,0.09989379093729057,0.13569532668575285,0.20433990443743824,0.08308745770681675,0.11842637192803472,0.1518655711056493
1296.875,4278.462,4342.051,4182.051,4083.59,4350.769,0.06417631310965662,0.1615017327488235,0.2187444564285048,0.07266264976718832,0.12723087233090274,0.16252553667342945,0.1753322286770802,0.18604711501049861,0.09989379093729057,0.13569532668575285,0.20433990443743824,0.08308745770681675,0.11842637192803472,0.1518655711056493
1304.6875,4261.026,4317.949,4155.897,4071.282,4329.744,0.06417631310965662,0.1615017327488235,0.2187444564285048,0.07266264976718832,0.12723087233090274,0.16252553667342945,0.1753322286770802,0.18604711501049861,0.09989379093729057,0.13569532668575285,0.20433990443743824,0.08308745770681675,0.11842637192803472,0.1518655711056493
1312.5,4248.205,4298.974,4130.769,4058.974,4324.615,0.06417631310965662,0.1615017327488235,0.2187444564285048,0.07266264976718832,0.12723087233090274,0.16252553667342945,0.1753322286770802,0.18604711501049861,0.09989379093729057,0.13569532668575285,0.20433990443743824,0.08308745770681675,0.11842637192803472,0.1518655711056493
1320.3125,4243.077,4297.949,4135.385,4061.538,4322.564,0.06417631310965662,0.1615017327488235,0.2187444564285048,0.07266264976718832,0.12723087233090274,0.16252553667342945,0.1753322286770802,0.18604711501049861,0.09989379093729057,0.13569532668575285,0.20433990443743824,0.08308745770681675,0.11842637192803472,0.1518655711056493
1328.125,4234.359,4285.641,4137.949,4053.333,4299.487,0.06417631310965662,0.1615017327488235,0.2187444564285048,0.07266264976718832,0.12723087233090274,0.16252553667342945,0.1753322286770802,0.18604711501049861,0.09989379093729057,0.13569532668575285,0.20433990443743824,0.08308745770681675,0.11842637192803472,0.1518655711056493
1335.9375,4221.026,4270.769,4122.051,4028.205,4272.308,0.06417631310965662,0.1615017327488235,0.2187444564285048,0.07266264976718832,0.12723087233090274,0.16252553667342945,0.1753322286770802,0.18604711501049861,0.09989379093729057,0.13569532668575285,0.20433990443743824,0.08308745770681675,0.11842637192803472,0.1518655711056493
1343.75,4207.179,4271.282,4114.359,4008.718,4264.103,0.06417631310965662,0.1615017327488235,0.2187444564285048,0.07266264976718832,0.12723087233090274,0.16252553667342945,0.1753322286770802,0.18604711501049861,0.09989379093729057,0.13569532668575285,0.20433990443743824,0.08308745770681675,0.11842637192803472,0.1518655711056493
1351.5625,4221.538,4273.846,4148.205,4023.077,4284.615,0.06417631310965662,0.1615017327488235,0.2187444564285048,0.07266264976718832,0.12723087233090274,0.16252553667342945,0.1753322286770802,0.18604711501049861,0.09989379093729057,0.13569532668575285,0.20433990443743824,0.08308745770681675,0.11842637192803472,0.1518655711056493
1359.375,4250.256,4267.692,4178.462,4057.436,4310.256,0.06417631310965662,0.1615017327488235,0.2187444564285048,0.07266264976718832,0.12723087233090274,0.16252553667342945,0.1753322286770802,0.18604711501049861,0.09989379093729057,0.13569532668575285,0.20433990443743824,0.08308745770681675,0.11842637192803472,0.1518655711056493
1367.1875,4250.256,4275.385,4167.179,4075.385,4317.949,0.06417631310965662,0.1615017327488235,0.2187444564285048,0.07266264976718832,0.12723087233090274,0.16252553667342945,0.1753322286770802,0.18604711501049861,0.09989379093729057,0.13569532668575285,0.20433990443743824,0.08308745770681675,0.11842637192803472,0.1518655711056493
1375.0,4245.641,4300.0,4170.256,4084.615,4325.128,0.06417631310965662,0.1615017327488235,0.2187444564285048,0.07266264976718832,0.12723087233090274,0.16252553667342945,0.1753322286770802,0.18604711501049861,0.09989379093729057,0.13569532668575285,0.20433990443743824,0.08308745770681675,0.11842637192803472,0.1518655711056493
1382.8125,4264.103,4305.128,4198.974,4090.769,4332.821,0.06417631310965662,0.1615017327488235,0.2187444564285048,0.07266264976718832,0.12723087233090274,0.16252553667342945,0.1753322286770802,0.18604711501049861,0.09989379093729057,0.13569532668575285,0.20433990443743824,0.08308745770681675,0.11842637192803472,0.1518655711056493
1390.625,4271.795,4284.103,4192.821,4080.513,4328.718,0.06417631310965662,0.1615017327488235,0.2187444564285048,0.07266264976718832,0.12723087233090274,0.16252553667342945,0.1753322286770802,0.18604711501049861,0.09989379093729057,0.13569532668575285,0.20433990443743824,0.08308745770681675,0.11842637192803472,0.1518655711056493
1398.4375,4262.564,4286.154,4167.179,4078.462,4338.974,0.06417631310965662,0.1615017327488235,0.2187444564285048,0.07266264976718832,0.12723087233090274,0.16252553667342945,0.1753322286770802,0.18604711501049861,0.09989379093729057,0.13569532668575285,0.20433990443743824,0.08308745770681675,0.11842637192803472,0.1518655711056493
1406.25,4252.308,4302.564,4168.205,4081.538,4342.051,0.06417631310965662,0.1615017327488235,0.2187444564285048,0.07266264976718832,0.12723087233090274,0.16252553667342945,0.1753322286770802,0.18604711501049861,0.09989379093729057,0.13569532668575285,0.20433990443743824,0.08308745770681675,0.11842637192803472,0.1518655711056493
1414.0625,4230.256,4273.333,4161.026,4050.256,4301.538,0.06417631310965662,0.1615017327488235,0.2187444564285048,0.07266264976718832,0.12723087233090274,0.16252553667342945,0.1753322286770802,0.18604711501049861,0.09989379093729057,0.13569532668575285,0.20433990443743824,0.08308745770681675,0.11842637192803472,0.1518655711056493
1421.875,4209.744,4249.231,4133.846,4015.897,4274.359,0.06417631310965662,0.1615017327488235,0.2187444564285048,0.07266264976718832,0.12723087233090274,0.16252553667342945,0.1753322286770802,0.18604711501049861,0.09989379093729057,0.13569532668575285,0.20433990443743824,0.08308745770681675,0.11842637192803472,0.1518655711056493
1429.6875,4211.282,4274.872,4131.795,4009.744,4289.231,0.06417631310965662,0.1615017327488235,0.2187444564285048,0.07266264976718832,0.12723087233090274,0.16252553667342945,0.1753322286770802,0.18604711501049861,0.09989379093729057,0.13569532668575285,0.20433990443743824,0.08308745770681675,0.11842637192803472,0.1518655711056493
1437.5,4212.821,4274.872,4134.872,4003.077,4289.231,0.06417631310965662,0.1615017327488235,0.2187444564285048,0.07266264976718832,0.12723087233090274,0.16252553667342945,0.1753322286770802,0.18604711501049861,0.09989379093729057,0.13569532668575285,0.20433990443743824,0.08308745770681675,0.11842637192803472,0.1518655711056493
1445.3125,4205.641,4255.897,4122.051,3995.385,4280.513,0.06417631310965662,0.1615017327488235,0.2187444564285048,0.07266264976718832,0.12723087233090274,0.16252553667342945,0.1753322286770802,0.18604711501049861,0.09989379093729057,0.13569532668575285,0.20433990443743824,0.08308745770681675,0.11842637192803472,0.1518655711056493
1453.125,4200.0,4265.128,4109.744,3995.385,4273.333,0.06417631310965662,0.1615017327488235,0.2187444564285048,0.07266264976718832,0.12723087233090274,0.16252553667342945,0.1753322286770802,0.18604711501049861,0.09989379093729057,0.13569532668575285,0.20433990443743824,0.08308745770681675,0.11842637192803472,0.1518655711056493
1460.9375,4191.795,4266.154,4094.872,3987.692,4249.231,0.06417631310965662,0.1615017327488235,0.2187444564285048,0.07266264976718832,0.12723087233090274,0.16252553667342945,0.1753322286770802,0.18604711501049861,0.09989379093729057,0.13569532668575285,0.20433990443743824,0.08308745770681675,0.11842637192803472,0.1518655711056493
1468.75,4176.41,4249.231,4076.41,3977.949,4241.026,0.06417631310965662,0.1615017327488235,0.2187444564285048,0.07266264976718832,0.12723087233090274,0.16252553667342945,0.1753322286770802,0.18604711501049861,0.09989379093729057,0.13569532668575285,0.20433990443743824,0.08308745770681675,0.11842637192803472,0.1518655711056493
1476.5625,4189.744,4262.051,4089.231,3996.41,4270.769,0.06417631310965662,0.1615017327488235,0.2187444564285048,0.07266264976718832,0.12723087233090274,0.16252553667342945,0.1753322286770802,0.18604711501049861,0.09989379093729057,0.13569532668575285,0.20433990443743824,0.08308745770681675,0.11842637192803472,0.1518655711056493
1484.375,4204.615,4269.231,4102.564,4004.103,4273.333,0.06417631310965662,0.1615017327488235,0.2187444564285048,0.07266264976718832,0.12723087233090274,0.16252553667342945,0.1753322286770802,0.18604711501049861,0.09989379093729057,0.13569532668575285,0.20433990443743824,0.08308745770681675,0.11842637192803472,0.1518655711056493
1492.1875,4176.923,4244.615,4071.795,3970.769,4234.359,0.06417631310965662,0.1615017327488235,0.2187444564285048,0.07266264976718832,0.12723087233090274,0.16252553667342945,0.1753322286770802,0.18604711501049861,0.09989379093729057,0.13569532668575285,0.20433990443743824,0.08308745770681675,0.11842637192803472,0.1518655711056493
1500.0,4194.872,4258.974,4082.564,3986.667,4257.949,0.06417631310965662,0.1615017327488235,0.2187444564285048,0.07266264976718832,0.12723087233090274,0.16252553667342945,0.1753322286770802,0.18604711501049861,0.09989379093729057,0.13569532668575285,0.20433990443743824,0.08308745770681675,0.11842637192803472,0.1518655711056493
1507.8125,4261.026,4307.179,4141.026,4054.359,4332.821,0.06417631310965662,0.1615017327488235,0.2187444564285048,0.07266264976718832,0.12723087233090274,0.16252553667342945,0.1753322286770802,0.18604711501049861,0.09989379093729057,0.13569532668575285,0.20433990443743824,0.08308745770681675,0.11842637192803472,0.1518655711056493
1515.625,4237.949,4295.897,4125.641,4048.205,4323.077,0.06417631310965662,0.1615017327488235,0.2187444564285048,0.07266264976718832,0.12723087233090274,0.16252553667342945,0.1753322286770802,0.18604711501049861,0.09989379093729057,0.13569532668575285,0.20433990443743824,0.08308745770681675,0.11842637192803472,0.1518655711056493
1523.4375,4177.949,4248.205,4076.923,4004.103,4262.051,0.06417631310965662,0.1615017327488235,0.2187444564285048,0.07266264976718832,0.12723087233090274,0.16252553667342945,0.1753322286770802,0.18604711501049861,0.09989379093729057,0.13569532668575285,0.20433990443743824,0.08308745770681675,0.11842637192803472,0.1518655711056493
1531.25,4218.974,4268.205,4110.256,4043.077,4290.256,0.06417631310965662,0.1615017327488235,0.2187444564285048,0.07266264976718832,0.12723087233090274,0.16252553667342945,0.1753322286770802,0.18604711501049861,0.09989379093729057,0.13569532668575285,0.20433990443743824,0.08308745770681675,0.11842637192803472,0.1518655711056493
1539.0625,4275.897,4334.359,4164.615,4093.846,4356.923,0.06417631310965662,0.1615017327488235,0.2187444564285048,0.07266264976718832,0.12723087233090274,0.16252553667342945,0.1753322286770802,0.18604711501049861,0.09989379093729057,0.13569532668575285,0.20433990443743824,0.08308745770681675,0.11842637192803472,0.1518655711056493
1546.875,4255.897,4345.128,4158.974,4066.667,4336.923,0.06417631310965662,0.1615017327488235,0.2187444564285048,0.07266264976718832,0.12723087233090274,0.16252553667342945,0.1753322286770802,0.18604711501049861,0.09989379093729057,0.13569532668575285,0.20433990443743824,0.08308745770681675,0.11842637192803472,0.1518655711056493
1554.6875,4223.077,4306.154,4128.718,4028.205,4290.769,0.06417631310965662,0.1615017327488235,0.2187444564285048,0.07266264976718832,0.12723087233090274,0.16252553667342945,0.1753322286770802,0.18604711501049861,0.09989379093729057,0.13569532668575285,0.20433990443743824,0.08308745770681675,0.11842637192803472,0.1518655711056493
1562.5,4208.718,4281.026,4108.205,4017.949,4288.205,0.06417631310965662,0.1615017327488235,0.2187444564285048,0.07266264976718832,0.12723087233090274,0.16252553667342945,0.1753322286770802,0.18604711501049861,0.09989379093729057,0.13569532668575285,0.20433990443743824,0.08308745770681675,0.11842637192803472,0.1518655711056493
1570.3125,4232.821,4306.154,4140.513,4044.615,4314.872,0.06417631310965662,0.1615017327488235,0.2187444564285048,0.07266264976718832,0.12723087233090274,0.16252553667342945,0.1753322286770802,0.18604711501049861,0.09989379093729057,0.13569532668575285,0.20433990443743824,0.08308745770681675,0.11842637192803472,0.1518655711056493
1578.125,4272.821,4334.359,4178.974,4086.154,4344.615,0.06417631310965662,0.1615017327488235,0.2187444564285048,0.07266264976718832,0.12723087233090274,0.16252553667342945,0.1753322286770802,0.18604711501049861,0.09989379093729057,0.13569532668575285,0.20433990443743824,0.08308745770681675,0.11842637192803472,0.1518655711056493
1585.9375,4230.256,4273.846,4113.846,4050.256,4313.846,0.06417631310965662,0.1615017327488235,0.2187444564285048,0.07266264976718832,0.12723087233090274,0.16252553667342945,0.1753322286770802,0.18604711501049861,0.09989379093729057,0.13569532668575285,0.20433990443743824,0.08308745770681675,0.11842637192803472,0.1518655711056493
1593.75,4121.538,4174.872,4009.744,3951.795,4202.051,0.06417631310965662,0.1615017327488235,0.2187444564285048,0.07266264976718832,0.12723087233090274,0.16252553667342945,0.1753322286770802,0.18604711501049861,0.09989379093729057,0.13569532668575285,0.20433990443743824,0.08308745770681675,0.11842637192803472,0.1518655711056493
1601.5625,4100.513,4184.615,4018.974,3945.641,4174.359,0.06417631310965662,0.1615017327488235,0.2187444564285048,0.07266264976718832,0.12723087233090274,0.16252553667342945,0.1753322286770802,0.18604711501049861,0.09989379093729057,0.13569532668575285,0.20433990443743824,0.08308745770681675,0.11842637192803472,0.1518655711056493
1609.375,4194.359,4272.821,4108.205,4042.564,4295.385,0.06417631310965662,0.1615017327488235,0.2187444564285048,0.07266264976718832,0.12723087233090274,0.16252553667342945,0.1753322286770802,0.18604711501049861,0.09989379093729057,0.13569532668575285,0.20433990443743824,0.08308745770681675,0.11842637192803472,0.1518655711056493
1617.1875,4271.795,4311.795,4156.41,4094.872,4381.538,0.06417631310965662,0.1615017327488235,0.2187444564285048,0.07266264976718832,0.12723087233090274,0.16252553667342945,0.1753322286770802,0.18604711501049861,0.09989379093729057,0.13569532668575285,0.20433990443743824,0.08308745770681675,0.11842637192803472,0.1518655711056493
1625.0,4295.897,4315.897,4165.641,4090.769,4382.564,0.06417631310965662,0.1615017327488235,0.2187444564285048,0.07266264976718832,0.12723087233090274,0.16252553667342945,0.1753322286770802,0.18604711501049861,0.09989379093729057,0.13569532668575285,0.20433990443743824,0.08308745770681675,0.11842637192803472,0.1518655711056493
1632.8125,4318.974,4341.538,4185.128,4111.795,4399.487,0.06417631310965662,0.1615017327488235,0.2187444564285048,0.07266264976718832,0.12723087233090274,0.16252553667342945,0.1753322286770802,0.18604711501049861,0.09989379093729057,0.13569532668575285,0.20433990443743824,0.08308745770681675,0.11842637192803472,0.1518655711056493
1640.625,4339.487,4362.051,4202.564,4144.615,4426.154,0.06417631310965662,0.1615017327488235,0.2187444564285048,0.07266264976718832,0.12723087233090274,0.16252553667342945,0.1753322286770802,0.18604711501049861,0.09989379093729057,0.13569532668575285,0.20433990443743824,0.08308745770681675,0.11842637192803472,0.1518655711056493
1648.4375,4313.846,4349.744,4181.538,4131.282,4402.051,0.06417631310965662,0.1615017327488235,0.2187444564285048,0.07266264976718832,0.12723087233090274,0.16252553667342945,0.1753322286770802,0.18604711501049861,0.09989379093729057,0.13569532668575285,0.20433990443743824,0.08308745770681675,0.11842637192803472,0.1518655711056493
1656.25,4270.769,4324.615,4141.538,4089.231,4363.077,0.06417631310965662,0.1615017327488235,0.2187444564285048,0.07266264976718832,0.12723087233090274,0.16252553667342945,0.1753322286770802,0.18604711501049861,0.09989379093729057,0.13569532668575285,0.20433990443743824,0.08308745770681675,0.11842637192803472,0.1518655711056493
1664.0625,4269.231,4316.41,4135.897,4075.897,4352.821,0.06417631310965662,0.1615017327488235,0.2187444564285048,0.07266264976718832,0.12723087233090274,0.16252553667342945,0.1753322286770802,0.18604711501049861,0.09989379093729057,0.13569532668575285,0.20433990443743824,0.08308745770681675,0.11842637192803472,0.1518655711056493
1671.875,4285.641,4324.615,4142.564,4091.795,4357.949,0.06417631310965662,0.1615017327488235,0.2187444564285048,0.07266264976718832,0.12723087233090274,0.16252553667342945,0.1753322286770802,0.18604711501049861,0.09989379093729057,0.13569532668575285,0.20433990443743824,0.08308745770681675,0.11842637192803472,0.1518655711056493
1679.6875,4288.718,4335.897,4144.615,4108.718,4370.256,0.06417631310965662,0.1615017327488235,0.2187444564285048,0.07266264976718832,0.12723087233090274,0.16252553667342945,0.1753322286770802,0.18604711501049861,0.09989379093729057,0.13569532668575285,0.20433990443743824,0.08308745770681675,0.11842637192803472,0.1518655711056493
1687.5,4292.821,4344.615,4156.923,4120.513,4388.718,0.06417631310965662,0.1615017327488235,0.2187444564285048,0.07266264976718832,0.12723087233090274,0.16252553667342945,0.1753322286770802,0.18604711501049861,0.09989379093729057,0.13569532668575285,0.20433990443743824,0.08308745770681675,0.11842637192803472,0.1518655711056493
1695.3125,4301.026,4346.667,4165.641,4125.641,4395.385,0.06417631310965662,0.1615017327488235,0.2187444564285048,0.07266264976718832,0.12723087233090274,0.16252553667342945,0.1753322286770802,0.18604711501049861,0.09989379093729057,0.13569532668575285,0.20433990443743824,0.08308745770681675,0.11842637192803472,0.1518655711056493
1703.125,4296.41,4340.513,4160.0,4116.41,4376.923,0.06417631310965662,0.1615017327488235,0.2187444564285048,0.07266264976718832,0.12723087233090274,0.16252553667342945,0.1753322286770802,0.18604711501049861,0.09989379093729057,0.13569532668575285,0.20433990443743824,0.08308745770681675,0.11842637192803472,0.1518655711056493
1710.9375,4295.897,4341.026,4173.333,4113.333,4367.692,0.06417631310965662,0.1615017327488235,0.2187444564285048,0.07266264976718832,0.12723087233090274,0.16252553667342945,0.1753322286770802,0.18604711501049861,0.09989379093729057,0.13569532668575285,0.20433990443743824,0.08308745770681675,0.11842637192803472,0.1518655711056493
1718.75,4308.718,4348.718,4195.897,4112.821,4379.487,0.06417631310965662,0.1615017327488235,0.2187444564285048,0.07266264976718832,0.12723087233090274,0.16252553667342945,0.1753322286770802,0.18604711501049861,0.09989379093729057,0.13569532668575285,0.20433990443743824,0.08308745770681675,0.11842637192803472,0.1518655711056493
1726.5625,4302.564,4343.077,4184.615,4091.282,4372.308,0.06417631310965662,0.1615017327488235,0.2187444564285048,0.07266264976718832,0.12723087233090274,0.16252553667342945,0.1753322286770802,0.18604711501049861,0.09989379093729057,0.13569532668575285,0.20433990443743824,0.08308745770681675,0.11842637192803472,0.1518655711056493
1734.375,4274.359,4334.359,4156.41,4069.744,4352.308,0.06417631310965662,0.1615017327488235,0.2187444564285048,0.07266264976718832,0.12723087233090274,0.16252553667342945,0.1753322286770802,0.18604711501049861,0.09989379093729057,0.13569532668575285,0.20433990443743824,0.08308745770681675,0.11842637192803472,0.1518655711056493
1742.1875,4260.513,4341.538,4153.333,4069.231,4362.051,0.06417631310965662,0.1615017327488235,0.2187444564285048,0.07266264976718832,0.12723087233090274,0.16252553667342945,0.1753322286770802,0.18604711501049861,0.09989379093729057,0.13569532668575285,0.20433990443743824,0.08308745770681675,0.11842637192803472,0.1518655711056493
1750.0,4281.538,4355.385,4177.436,4088.205,4390.256,0.06417631310965662,0.1615017327488235,0.2187444564285048,0.07266264976718832,0.12723087233090274,0.16252553667342945,0.1753322286770802,0.18604711501049861,0.09989379093729057,0.13569532668575285,0.20433990443743824,0.08308745770681675,0.11842637192803472,0.1518655711056493
1757.8125,4308.205,4356.923,4195.385,4107.692,4393.333,0.06417631310965662,0.1615017327488235,0.2187444564285048,0.07266264976718832,0.12723087233090274,0.16252553667342945,0.1753322286770802,0.18604711501049861,0.09989379093729057,0.13569532668575285,0.20433990443743824,0.08308745770681675,0.11842637192803472,0.1518655711056493
1765.625,4323.077,4354.872,4200.0,4122.564,4398.462,0.06417631310965662,0.1615017327488235,0.2187444564285048,0.07266264976718832,0.12723087233090274,0.16252553667342945,0.1753322286770802,0.18604711501049861,0.09989379093729057,0.13569532668575285,0.20433990443743824,0.08308745770681675,0.11842637192803472,0.1518655711056493
1773.4375,4336.923,4357.949,4205.641,4133.846,4425.128,0.06417631310965662,0.1615017327488235,0.2187444564285048,0.07266264976718832,0.12723087233090274,0.16252553667342945,0.1753322286770802,0.18604711501049861,0.09989379093729057,0.13569532668575285,0.20433990443743824,0.08308745770681675,0.11842637192803472,0.1518655711056493
1781.25,4337.949,4355.897,4203.59,4124.103,4428.205,0.06417631310965662,0.1615017327488235,0.2187444564285048,0.07266264976718832,0.12723087233090274,0.16252553667342945,0.1753322286770802,0.18604711501049861,0.09989379093729057,0.13569532668575285,0.20433990443743824,0.08308745770681675,0.11842637192803472,0.1518655711056493
1789.0625,4327.692,4356.923,4198.974,4108.718,4414.359,0.06417631310965662,0.1615017327488235,0.2187444564285048,0.07266264976718832,0.12723087233090274,0.16252553667342945,0.1753322286770802,0.18604711501049861,0.09989379093729057,0.13569532668575285,0.20433990443743824,0.08308745770681675,0.11842637192803472,0.1518655711056493
1796.875,4327.692,4359.487,4205.641,4113.846,4428.205,0.06417631310965662,0.1615017327488235,0.2187444564285048,0.07266264976718832,0.12723087233090274,0.16252553667342945,0.1753322286770802,0.18604711501049861,0.09989379093729057,0.13569532668575285,0.20433990443743824,0.08308745770681675,0.11842637192803472,0.1518655711056493
1804.6875,4322.564,4351.795,4206.154,4112.821,4441.026,0.06417631310965662,0.1615017327488235,0.2187444564285048,0.07266264976718832,0.12723087233090274,0.16252553667342945,0.1753322286770802,0.18604711501049861,0.09989379093729057,0.13569532668575285,0.20433990443743824,0.08308745770681675,0.11842637192803472,0.1518655711056493
1812.5,4310.256,4356.923,4198.974,4104.103,4428.205,0.06417631310965662,0.1615017327488235,0.2187444564285048,0.07266264976718832,0.12723087233090274,0.16252553667342945,0.1753322286770802,0.18604711501049861,0.09989379093729057,0.13569532668575285,0.20433990443743824,0.08308745770681675,0.11842637192803472,0.1518655711056493
1820.3125,4310.769,4362.564,4197.949,4106.667,4410.256,0.06417631310965662,0.1615017327488235,0.2187444564285048,0.07266264976718832,0.12723087233090274,0.16252553667342945,0.1753322286770802,0.18604711501049861,0.09989379093729057,0.13569532668575285,0.20433990443743824,0.08308745770681675,0.11842637192803472,0.1518655711056493
1828.125,4304.103,4348.205,4198.974,4105.128,4391.795,0.06417631310965662,0.1615017327488235,0.2187444564285048,0.07266264976718832,0.12723087233090274,0.16252553667342945,0.1753322286770802,0.18604711501049861,0.09989379093729057,0.13569532668575285,0.20433990443743824,0.08308745770681675,0.11842637192803472,0.1518655711056493
1835.9375,4297.436,4352.308,4210.256,4112.821,4384.103,0.06417631310965662,0.1615017327488235,0.2187444564285048,0.07266264976718832,0.12723087233090274,0.16252553667342945,0.1753322286770802,0.18604711501049861,0.09989379093729057,0.13569532668575285,0.20433990443743824,0.08308745770681675,0.11842637192803472,0.1518655711056493
1843.75,4305.128,4367.179,4214.872,4128.205,4374.872,0.06417631310965662,0.1615017327488235,0.2187444564285048,0.07266264976718832,0.12723087233090274,0.16252553667342945,0.1753322286770802,0.18604711501049861,0.09989379093729057,0.13569532668575285,0.20433990443743824,0.08308745770681675,0.11842637192803472,0.1518655711056493
1851.5625,4299.487,4347.179,4184.615,4118.462,4350.769,0.06417631310965662,0.1615017327488235,0.2187444564285048,0.07266264976718832,0.12723087233090274,0.16252553667342945,0.1753322286770802,0.18604711501049861,0.09989379093729057,0.13569532668575285,0.20433990443743824,0.08308745770681675,0.11842637192803472,0.1518655711056493
1859.375,4280.0,4316.923,4152.308,4104.103,4351.282,0.06417631310965662,0.1615017327488235,0.2187444564285048,0.07266264976718832,0.12723087233090274,0.16252553667342945,0.1753322286770802,0.18604711501049861,0.09989379093729057,0.13569532668575285,0.20433990443743824,0.08308745770681675,0.11842637192803472,0.1518655711056493
1867.1875,4276.41,4311.795,4148.205,4104.615,4368.718,0.06417631310965662,0.1615017327488235,0.2187444564285048,0.07266264976718832,0.12723087233090274,0.16252553667342945,0.1753322286770802,0.18604711501049861,0.09989379093729057,0.13569532668575285,0.20433990443743824,0.08308745770681675,0.11842637192803472,0.1518655711056493
1875.0,4282.564,4315.385,4160.0,4097.949,4354.359,0.06417631310965662,0.1615017327488235,0.2187444564285048,0.07266264976718832,0.12723087233090274,0.16252553667342945,0.1753322286770802,0.18604711501049861,0.09989379093729057,0.13569532668575285,0.20433990443743824,0.08308745770681675,0.11842637192803472,0.1518655711056493
1882.8125,4284.615,4312.308,4176.923,4091.282,4327.692,0.06417631310965662,0.1615017327488235,0.2187444564285048,0.07266264976718832,0.12723087233090274,0.16252553667342945,0.1753322286770802,0.18604711501049861,0.09989379093729057,0.13569532668575285,0.20433990443743824,0.08308745770681675,0.11842637192803472,0.1518655711056493
1890.625,4285.128,4309.231,4180.513,4096.41,4318.462,0.06417631310965662,0.1615017327488235,0.2187444564285048,0.07266264976718832,0.12723087233090274,0.16252553667342945,0.1753322286770802,0.18604711501049861,0.09989379093729057,0.13569532668575285,0.20433990443743824,0.08308745770681675,0.11842637192803472,0.1518655711056493
1898.4375,4261.538,4303.59,4149.231,4088.205,4295.385,0.06417631310965662,0.1615017327488235,0.2187444564285048,0.07266264976718832,0.12723087233090274,0.16252553667342945,0.1753322286770802,0.18604711501049861,0.09989379093729057,0.13569532668575285,0.20433990443743824,0.08308745770681675,0.11842637192803472,0.1518655711056493
1906.25,4226.154,4296.923,4124.103,4071.795,4262.564,0.06417631310965662,0.1615017327488235,0.2187444564285048,0.07266264976718832,0.12723087233090274,0.16252553667342945,0.1753322286770802,0.18604711501049861,0.09989379093729057,0.13569532668575285,0.20433990443743824,0.08308745770681675,0.11842637192803472,0.1518655711056493
1914.0625,4224.615,4292.308,4126.154,4074.872,4257.949,0.06417631310965662,0.1615017327488235,0.2187444564285048,0.07266264976718832,0.12723087233090274,0.16252553667342945,0.1753322286770802,0.18604711501049861,0.09989379093729057,0.13569532668575285,0.20433990443743824,0.08308745770681675,0.11842637192803472,0.1518655711056493
1921.875,4245.641,4302.564,4122.051,4098.462,4272.821,0.06417631310965662,0.1615017327488235,0.2187444564285048,0.07266264976718832,0.12723087233090274,0.16252553667342945,0.1753322286770802,0.18604711501049861,0.09989379093729057,0.13569532668575285,0.20433990443743824,0.08308745770681675,0.11842637192803472,0.1518655711056493
1929.6875,4246.667,4322.051,4115.897,4117.949,4281.538,0.06417631310965662,0.1615017327488235,0.2187444564285048,0.07266264976718832,0.12723087233090274,0.16252553667342945,0.1753322286770802,0.18604711501049861,0.09989379093729057,0.13569532668575285,0.20433990443743824,0.08308745770681675,0.11842637192803472,0.1518655711056493
1937.5,4242.051,4327.179,4134.359,4118.462,4278.974,0.06417631310965662,0.1615017327488235,0.2187444564285048,0.07266264976718832,0.12723087233090274,0.16252553667342945,0.1753322286770802,0.18604711501049861,0.09989379093729057,0.13569532668575285,0.20433990443743824,0.08308745770681675,0.11842637192803472,0.1518655711056493
1945.3125,4258.462,4324.615,4165.641,4121.026,4275.897,0.06417631310965662,0.1615017327488235,0.2187444564285048,0.07266264976718832,0.12723087233090274,0.16252553667342945,0.1753322286770802,0.18604711501049861,0.09989379093729057,0.13569532668575285,0.20433990443743824,0.08308745770681675,0.11842637192803472,0.1518655711056493
1953.125,4278.462,4327.692,4171.795,4130.256,4286.154,0.06417631310965662,0.1615017327488235,0.2187444564285048,0.07266264976718832,0.12723087233090274,0.16252553667342945,0.1753322286770802,0.18604711501049861,0.09989379093729057,0.13569532668575285,0.20433990443743824,0.08308745770681675,0.11842637192803472,0.1518655711056493
1960.9375,4281.538,4334.872,4159.487,4122.051,4303.59,0.06417631310965662,0.1615017327488235,0.2187444564285048,0.07266264976718832,0.12723087233090274,0.16252553667342945,0.1753322286770802,0.18604711501049861,0.09989379093729057,0.13569532668575285,0.20433990443743824,0.08308745770681675,0.11842637192803472,0.1518655711056493
1968.75,4276.923,4334.872,4164.615,4097.436,4306.154,0.06417631310965662,0.1615017327488235,0.2187444564285048,0.07266264976718832,0.12723087233090274,0.16252553667342945,0.1753322286770802,0.18604711501049861,0.09989379093729057,0.13569532668575285,0.20433990443743824,0.08308745770681675,0.11842637192803472,0.1518655711056493
1976.5625,4276.923,4322.051,4181.026,4086.154,4296.923,0.06417631310965662,0.1615017327488235,0.2187444564285048,0.07266264976718832,0.12723087233090274,0.16252553667342945,0.1753322286770802,0.18604711501049861,0.09989379093729057,0.13569532668575285,0.20433990443743824,0.08308745770681675,0.11842637192803472,0.1518655711056493
1984.375,4284.103,4309.744,4175.897,4088.205,4297.949,0.06417631310965662,0.1615017327488235,0.2187444564285048,0.07266264976718832,0.12723087233090274,0.16252553667342945,0.1753322286770802,0.18604711501049861,0.09989379093729057,0.13569532668575285,0.20433990443743824,0.08308745770681675,0.11842637192803472,0.1518655711056493
1992.1875,4280.0,4305.128,4148.718,4081.026,4301.026,0.06417631310965662,0.1615017327488235,0.2187444564285048,0.07266264976718832,0.12723087233090274,0.16252553667342945,0.1753322286770802,0.18604711501049861,0.09989379093729057,0.13569532668575285,0.20433990443743824,0.08308745770681675,0.11842637192803472,0.1518655711056493
2000.0,4267.179,4310.769,4135.897,4074.872,4300.0,0.06417631310965662,0.1615017327488235,0.2187444564285048,0.07266264976718832,0.12723087233090274,0.16252553667342945,0.1753322286770802,0.18604711501049861,0.09989379093729057,0.13569532668575285,0.20433990443743824,0.08308745770681675,0.11842637192803472,0.1518655711056493
2007.8125,4266.154,4325.128,4155.385,4081.026,4300.513,0.06417631310965662,0.1615017327488235,0.2187444564285048,0.07266264976718832,0.12723087233090274,0.16252553667342945,0.1753322286770802,0.18604711501049861,0.09989379093729057,0.13569532668575285,0.20433990443743824,0.08308745770681675,0.11842637192803472,0.1518655711056493
2015.625,4270.769,4327.179,4168.205,4079.487,4289.231,0.06417631310965662,0.1615017327488235,0.2187444564285048,0.07266264976718832,0.12723087233090274,0.16252553667342945,0.1753322286770802,0.18604711501049861,0.09989379093729057,0.13569532668575285,0.20433990443743824,0.08308745770681675,0.11842637192803472,0.1518655711056493
2023.4375,4264.615,4311.282,4148.205,4069.231,4277.436,0.06417631310965662,0.1615017327488235,0.2187444564285048,0.07266264976718832,0.12723087233090274,0.16252553667342945,0.1753322286770802,0.18604711501049861,0.09989379093729057,0.13569532668575285,0.20433990443743824,0.08308745770681675,0.11842637192803472,0.1518655711056493
2031.25,4249.744,4310.769,4127.692,4055.897,4278.462,0.06417631310965662,0.1615017327488235,0.2187444564285048,0.07266264976718832,0.12723087233090274,0.16252553667342945,0.1753322286770802,0.18604711501049861,0.09989379093729057,0.13569532668575285,0.20433990443743824,0.08308745770681675,0.11842637192803472,0.1518655711056493
2039.0625,4242.564,4321.026,4138.462,4040.513,4275.385,0.06417631310965662,0.1615017327488235,0.2187444564285048,0.07266264976718832,0.12723087233090274,0.16252553667342945,0.1753322286770802,0.18604711501049861,0.09989379093729057,0.13569532668575285,0.20433990443743824,0.08308745770681675,0.11842637192803472,0.1518655711056493
2046.875,4251.282,4313.846,4158.974,4044.615,4268.718,0.06417631310965662,0.1615017327488235,0.2187444564285048,0.07266264976718832,0.12723087233090274,0.16252553667342945,0.1753322286770802,0.18604711501049861,0.09989379093729057,0.13569532668575285,0.20433990443743824,0.08308745770681675,0.11842637192803472,0.1518655711056493
2054.6875,4259.487,4309.231,4160.0,4066.667,4280.513,0.06417631310965662,0.1615017327488235,0.2187444564285048,0.07266264976718832,0.12723087233090274,0.16252553667342945,0.1753322286770802,0.18604711501049861,0.09989379093729057,0.13569532668575285,0.20433990443743824,0.08308745770681675,0.11842637192803472,0.1518655711056493
2062.5,4263.59,4327.179,4157.949,4076.41,4307.692,0.06417631310965662,0.1615017327488235,0.2187444564285048,0.07266264976718832,0.12723087233090274,0.16252553667342945,0.1753322286770802,0.18604711501049861,0.09989379093729057,0.13569532668575285,0.20433990443743824,0.08308745770681675,0.11842637192803472,0.1518655711056493
2070.3125,4272.821,4336.41,4174.359,4074.872,4328.718,0.06417631310965662,0.1615017327488235,0.2187444564285048,0.07266264976718832,0.12723087233090274,0.16252553667342945,0.1753322286770802,0.18604711501049861,0.09989379093729057,0.13569532668575285,0.20433990443743824,0.08308745770681675,0.11842637192803472,0.1518655711056493
2078.125,4281.538,4324.615,4190.256,4086.667,4327.179,0.06417631310965662,0.1615017327488235,0.2187444564285048,0.07266264976718832,0.12723087233090274,0.16252553667342945,0.1753322286770802,0.18604711501049861,0.09989379093729057,0.13569532668575285,0.20433990443743824,0.08308745770681675,0.11842637192803472,0.1518655711056493
2085.9375,4293.333,4326.154,4195.385,4113.333,4329.744,0.06417631310965662,0.1615017327488235,0.2187444564285048,0.07266264976718832,0.12723087233090274,0.16252553667342945,0.1753322286770802,0.18604711501049861,0.09989379093729057,0.13569532668575285,0.20433990443743824,0.08308745770681675,0.11842637192803472,0.1518655711056493
2093.75,4314.359,4343.59,4201.538,4131.282,4356.923,0.06417631310965662,0.1615017327488235,0.2187444564285048,0.07266264976718832,0.12723087233090274,0.16252553667342945,0.1753322286770802,0.18604711501049861,0.09989379093729057,0.13569532668575285,0.20433990443743824,0.08308745770681675,0.11842637192803472,0.1518655711056493
2101.5625,4322.564,4354.872,4198.462,4131.795,4375.897,0.06417631310965662,0.1615017327488235,0.2187444564285048,0.07266264976718832,0.12723087233090274,0.16252553667342945,0.1753322286770802,0.18604711501049861,0.09989379093729057,0.13569532668575285,0.20433990443743824,0.08308745770681675,0.11842637192803472,0.1518655711056493
2109.375,4292.308,4343.59,4168.205,4107.692,4349.231,0.06417631310965662,0.1615017327488235,0.2187444564285048,0.07266264976718832,0.12723087233090274,0.16252553667342945,0.1753322286770802,0.18604711501049861,0.09989379093729057,0.13569532668575285,0.20433990443743824,0.08308745770681675,0.11842637192803472,0.1518655711056493
2117.1875,4256.41,4315.897,4141.538,4071.282,4307.692,0.06417631310965662,0.1615017327488235,0.2187444564285048,0.07266264976718832,0.12723087233090274,0.16252553667342945,0.1753322286770802,0.18604711501049861,0.09989379093729057,0.13569532668575285,0.20433990443743824,0.08308745770681675,0.11842637192803472,0.1518655711056493
2125.0,4252.821,4293.846,4131.282,4056.923,4289.231,0.06417631310965662,0.1615017327488235,0.2187444564285048,0.07266264976718832,0.12723087233090274,0.16252553667342945,0.1753322286770802,0.18604711501049861,0.09989379093729057,0.13569532668575285,0.20433990443743824,0.08308745770681675,0.11842637192803472,0.1518655711056493
2132.8125,4261.538,4295.385,4115.897,4064.615,4290.256,0.06417631310965662,0.1615017327488235,0.2187444564285048,0.07266264976718832,0.12723087233090274,0.16252553667342945,0.1753322286770802,0.18604711501049861,0.09989379093729057,0.13569532668575285,0.20433990443743824,0.08308745770681675,0.11842637192803472,0.1518655711056493
2140.625,4260.513,4316.41,4115.385,4077.436,4303.077,0.06417631310965662,0.1615017327488235,0.2187444564285048,0.07266264976718832,0.12723087233090274,0.16252553667342945,0.1753322286770802,0.18604711501049861,0.09989379093729057,0.13569532668575285,0.20433990443743824,0.08308745770681675,0.11842637192803472,0.1518655711056493
2148.4375,4258.462,4316.923,4141.026,4089.744,4310.769,0.06417631310965662,0.1615017327488235,0.2187444564285048,0.07266264976718832,0.12723087233090274,0.16252553667342945,0.1753322286770802,0.18604711501049861,0.09989379093729057,0.13569532668575285,0.20433990443743824,0.08308745770681675,0.11842637192803472,0.1518655711056493
2156.25,4274.359,4308.205,4161.026,4109.744,4310.769,0.06417631310965662,0.1615017327488235,0.2187444564285048,0.07266264976718832,0.12723087233090274,0.16252553667342945,0.1753322286770802,0.18604711501049861,0.09989379093729057,0.13569532668575285,0.20433990443743824,0.08308745770681675,0.11842637192803472,0.1518655711056493
2164.0625,4292.308,4318.974,4164.103,4134.359,4322.564,0.06417631310965662,0.1615017327488235,0.2187444564285048,0.07266264976718832,0.12723087233090274,0.16252553667342945,0.1753322286770802,0.18604711501049861,0.09989379093729057,0.13569532668575285,0.20433990443743824,0.08308745770681675,0.11842637192803472,0.1518655711056493
2171.875,4289.744,4328.205,4166.667,4142.564,4335.897,0.06417631310965662,0.1615017327488235,0.2187444564285048,0.07266264976718832,0.12723087233090274,0.16252553667342945,0.1753322286770802,0.18604711501049861,0.09989379093729057,0.13569532668575285,0.20433990443743824,0.08308745770681675,0.11842637192803472,0.1518655711056493
2179.6875,4275.897,4320.513,4169.744,4127.692,4325.128,0.06417631310965662,0.1615017327488235,0.2187444564285048,0.07266264976718832,0.12723087233090274,0.16252553667342945,0.1753322286770802,0.18604711501049861,0.09989379093729057,0.13569532668575285,0.20433990443743824,0.08308745770681675,0.11842637192803472,0.1518655711056493
2187.5,4285.641,4319.487,4186.154,4117.436,4324.615,0.06417631310965662,0.1615017327488235,0.2187444564285048,0.07266264976718832,0.12723087233090274,0.16252553667342945,0.1753322286770802,0.18604711501049861,0.09989379093729057,0.13569532668575285,0.20433990443743824,0.08308745770681675,0.11842637192803472,0.1518655711056493
2195.3125,4307.692,4330.769,4211.795,4126.154,4346.667,0.06417631310965662,0.1615017327488235,0.2187444564285048,0.07266264976718832,0.12723087233090274,0.16252553667342945,0.1753322286770802,0.18604711501049861,0.09989379093729057,0.13569532668575285,0.20433990443743824,0.08308745770681675,0.11842637192803472,0.1518655711056493
2203.125,4303.077,4319.487,4205.641,4124.103,4330.769,0.06417631310965662,0.1615017327488235,0.2187444564285048,0.07266264976718832,0.12723087233090274,0.16252553667342945,0.1753322286770802,0.18604711501049861,0.09989379093729057,0.13569532668575285,0.20433990443743824,0.08308745770681675,0.11842637192803472,0.1518655711056493
2210.9375,4280.0,4310.769,4179.487,4112.308,4300.0,0.06417631310965662,0.1615017327488235,0.2187444564285048,0.07266264976718832,0.12723087233090274,0.16252553667342945,0.1753322286770802,0.18604711501049861,0.09989379093729057,0.13569532668575285,0.20433990443743824,0.08308745770681675,0.11842637192803472,0.1518655711056493
2218.75,4269.231,4331.282,4166.667,4102.564,4308.718,0.06417631310965662,0.1615017327488235,0.2187444564285048,0.07266264976718832,0.12723087233090274,0.16252553667342945,0.1753322286770802,0.18604711501049861,0.09989379093729057,0.13569532668575285,0.20433990443743824,0.08308745770681675,0.11842637192803472,0.1518655711056493
2226.5625,4272.308,4342.564,4171.795,4089.744,4314.359,0.06417631310965662,0.1615017327488235,0.2187444564285048,0.07266264976718832,0.12723087233090274,0.16252553667342945,0.1753322286770802,0.18604711501049861,0.09989379093729057,0.13569532668575285,0.20433990443743824,0.08308745770681675,0.11842637192803472,0.1518655711056493
2234.375,4272.308,4321.026,4163.077,4078.462,4284.103,0.06417631310965662,0.1615017327488235,0.2187444564285048,0.07266264976718832,0.12723087233090274,0.16252553667342945,0.1753322286770802,0.18604711501049861,0.09989379093729057,0.13569532668575285,0.20433990443743824,0.08308745770681675,0.11842637192803472,0.1518655711056493
2242.1875,4251.795,4297.436,4126.667,4060.513,4252.308,0.06417631310965662,0.1615017327488235,0.2187444564285048,0.07266264976718832,0.12723087233090274,0.16252553667342945,0.1753322286770802,0.18604711501049861,0.09989379093729057,0.13569532668575285,0.20433990443743824,0.08308745770681675,0.11842637192803472,0.1518655711056493
2250.0,4230.256,4296.41,4111.795,4040.513,4242.051,0.06417631310965662,0.1615017327488235,0.2187444564285048,0.07266264976718832,0.12723087233090274,0.16252553667342945,0.1753322286770802,0.18604711501049861,0.09989379093729057,0.13569532668575285,0.20433990443743824,0.08308745770681675,0.11842637192803472,0.1518655711056493
2257.8125,4237.949,4295.385,4131.282,4044.615,4245.641,0.06417631310965662,0.1615017327488235,0.2187444564285048,0.07266264976718832,0.12723087233090274,0.16252553667342945,0.1753322286770802,0.18604711501049861,0.09989379093729057,0.13569532668575285,0.20433990443743824,0.08308745770681675,0.11842637192803472,0.1518655711056493
2265.625,4245.641,4289.744,4132.308,4065.641,4252.821,0.06417631310965662,0.1615017327488235,0.2187444564285048,0.07266264976718832,0.12723087233090274,0.16252553667342945,0.1753322286770802,0.18604711501049861,0.09989379093729057,0.13569532668575285,0.20433990443743824,0.08308745770681675,0.11842637192803472,0.1518655711056493
2273.4375,4235.385,4291.282,4122.564,4080.0,4254.872,0.06417631310965662,0.1615017327488235,0.2187444564285048,0.07266264976718832,0.12723087233090274,0.16252553667342945,0.1753322286770802,0.18604711501049861,0.09989379093729057,0.13569532668575285,0.20433990443743824,0.08308745770681675,0.11842637192803472,0.1518655711056493
2281.25,4240.0,4290.256,4145.128,4085.128,4252.821,0.06417631310965662,0.1615017327488235,0.2187444564285048,0.07266264976718832,0.12723087233090274,0.16252553667342945,0.1753322286770802,0.18604711501049861,0.09989379093729057,0.13569532668575285,0.20433990443743824,0.08308745770681675,0.11842637192803472,0.1518655711056493
2289.0625,4252.308,4288.718,4160.513,4084.103,4248.718,0.06417631310965662,0.1615017327488235,0.2187444564285048,0.07266264976718832,0.12723087233090274,0.16252553667342945,0.1753322286770802,0.18604711501049861,0.09989379093729057,0.13569532668575285,0.20433990443743824,0.08308745770681675,0.11842637192803472,0.1518655711056493
2296.875,4251.282,4296.41,4158.462,4080.513,4246.154,0.06417631310965662,0.1615017327488235,0.2187444564285048,0.07266264976718832,0.12723087233090274,0.16252553667342945,0.1753322286770802,0.18604711501049861,0.09989379093729057,0.13569532668575285,0.20433990443743824,0.08308745770681675,0.11842637192803472,0.1518655711056493
2304.6875,4248.205,4293.846,4170.769,4075.385,4234.872,0.06417631310965662,0.1615017327488235,0.2187444564285048,0.07266264976718832,0.12723087233090274,0.16252553667342945,0.1753322286770802,0.18604711501049861,0.09989379093729057,0.13569532668575285,0.20433990443743824,0.08308745770681675,0.11842637192803472,0.1518655711056493
2312.5,4252.821,4278.462,4170.769,4070.256,4217.949,0.06417631310965662,0.1615017327488235,0.2187444564285048,0.07266264976718832,0.12723087233090274,0.16252553667342945,0.1753322286770802,0.18604711501049861,0.09989379093729057,0.13569532668575285,0.20433990443743824,0.08308745770681675,0.11842637192803472,0.1518655711056493
2320.3125,4251.795,4289.744,4152.308,4065.128,4218.462,0.06417631310965662,0.1615017327488235,0.2187444564285048,0.07266264976718832,0.12723087233090274,0.16252553667342945,0.1753322286770802,0.18604711501049861,0.09989379093729057,0.13569532668575285,0.20433990443743824,0.08308745770681675,0.11842637192803472,0.1518655711056493
2328.125,4235.897,4294.359,4132.308,4047.179,4210.769,0.06417631310965662,0.1615017327488235,0.2187444564285048,0.07266264976718832,0.12723087233090274,0.16252553667342945,0.1753322286770802,0.18604711501049861,0.09989379093729057,0.13569532668575285,0.20433990443743824,0.08308745770681675,0.11842637192803472,0.1518655711056493
2335.9375,4215.385,4265.128,4109.231,4029.231,4192.821,0.06417631310965662,0.1615017327488235,0.2187444564285048,0.07266264976718832,0.12723087233090274,0.16252553667342945,0.1753322286770802,0.18604711501049861,0.09989379093729057,0.13569532668575285,0.20433990443743824,0.08308745770681675,0.11842637192803472,0.1518655711056493
2343.75,4219.487,4272.821,4112.308,4040.513,4211.282,0.06417631310965662,0.1615017327488235,0.2187444564285048,0.07266264976718832,0.12723087233090274,0.16252553667342945,0.1753322286770802,0.18604711501049861,0.09989379093729057,0.13569532668575285,0.20433990443743824,0.08308745770681675,0.11842637192803472,0.1518655711056493
2351.5625,4241.026,4307.179,4137.436,4066.154,4243.59,0.06417631310965662,0.1615017327488235,0.2187444564285048,0.07266264976718832,0.12723087233090274,0.16252553667342945,0.1753322286770802,0.18604711501049861,0.09989379093729057,0.13569532668575285,0.20433990443743824,0.08308745770681675,0.11842637192803472,0.1518655711056493
2359.375,4236.923,4288.718,4120.513,4076.923,4240.513,0.06417631310965662,0.1615017327488235,0.2187444564285048,0.07266264976718832,0.12723087233090274,0.16252553667342945,0.1753322286770802,0.18604711501049861,0.09989379093729057,0.13569532668575285,0.20433990443743824,0.08308745770681675,0.11842637192803472,0.1518655711056493
2367.1875,4213.333,4254.359,4082.564,4073.846,4226.154,0.06417631310965662,0.1615017327488235,0.2187444564285048,0.07266264976718832,0.12723087233090274,0.16252553667342945,0.1753322286770802,0.18604711501049861,0.09989379093729057,0.13569532668575285,0.20433990443743824,0.08308745770681675,0.11842637192803472,0.1518655711056493
2375.0,4214.872,4257.949,4095.385,4078.974,4232.821,0.06417631310965662,0.1615017327488235,0.2187444564285048,0.07266264976718832,0.12723087233090274,0.16252553667342945,0.1753322286770802,0.18604711501049861,0.09989379093729057,0.13569532668575285,0.20433990443743824,0.08308745770681675,0.11842637192803472,0.1518655711056493
2382.8125,4228.205,4273.333,4116.923,4100.513,4236.923,0.06417631310965662,0.1615017327488235,0.2187444564285048,0.07266264976718832,0.12723087233090274,0.16252553667342945,0.1753322286770802,0.18604711501049861,0.09989379093729057,0.13569532668575285,0.20433990443743824,0.08308745770681675,0.11842637192803472,0.1518655711056493
2390.625,4221.538,4281.026,4116.41,4112.821,4230.769,0.06417631310965662,0.1615017327488235,0.2187444564285048,0.07266264976718832,0.12723087233090274,0.16252553667342945,0.1753322286770802,0.18604711501049861,0.09989379093729057,0.13569532668575285,0.20433990443743824,0.08308745770681675,0.11842637192803472,0.1518655711056493
2398.4375,4222.564,4283.077,4130.769,4104.103,4231.795,0.06417631310965662,0.1615017327488235,0.2187444564285048,0.07266264976718832,0.12723087233090274,0.16252553667342945,0.1753322286770802,0.18604711501049861,0.09989379093729057,0.13569532668575285,0.20433990443743824,0.08308745770681675,0.11842637192803472,0.1518655711056493
2406.25,4233.333,4270.769,4136.923,4092.821,4230.256,0.06417631310965662,0.1615017327488235,0.2187444564285048,0.07266264976718832,0.12723087233090274,0.16252553667342945,0.1753322286770802,0.18604711501049861,0.09989379093729057,0.13569532668575285,0.20433990443743824,0.08308745770681675,0.11842637192803472,0.1518655711056493
2414.0625,4225.641,4266.154,4115.897,4084.615,4220.513,0.06417631310965662,0.1615017327488235,0.2187444564285048,0.07266264976718832,0.12723087233090274,0.16252553667342945,0.1753322286770802,0.18604711501049861,0.09989379093729057,0.13569532668575285,0.20433990443743824,0.08308745770681675,0.11842637192803472,0.1518655711056493
2421.875,4218.974,4269.231,4111.795,4070.256,4218.974,0.06417631310965662,0.1615017327488235,0.2187444564285048,0.07266264976718832,0.12723087233090274,0.16252553667342945,0.1753322286770802,0.18604711501049861,0.09989379093729057,0.13569532668575285,0.20433990443743824,0.08308745770681675,0.11842637192803472,0.1518655711056493
2429.6875,4227.179,4260.0,4120.513,4065.641,4227.692,0.06417631310965662,0.1615017327488235,0.2187444564285048,0.07266264976718832,0.12723087233090274,0.16252553667342945,0.1753322286770802,0.18604711501049861,0.09989379093729057,0.13569532668575285,0.20433990443743824,0.08308745770681675,0.11842637192803472,0.1518655711056493
2437.5,4226.667,4273.333,4109.744,4071.795,4229.231,0.06417631310965662,0.1615017327488235,0.2187444564285048,0.07266264976718832,0.12723087233090274,0.16252553667342945,0.1753322286770802,0.18604711501049861,0.09989379093729057,0.13569532668575285,0.20433990443743824,0.08308745770681675,0.11842637192803472,0.1518655711056493
2445.3125,4220.513,4302.564,4111.282,4066.667,4216.41,0.06417631310965662,0.1615017327488235,0.2187444564285048,0.07266264976718832,0.12723087233090274,0.16252553667342945,0.1753322286770802,0.18604711501049861,0.09989379093729057,0.13569532668575285,0.20433990443743824,0.08308745770681675,0.11842637192803472,0.1518655711056493
2453.125,4221.026,4290.769,4121.538,4052.821,4198.462,0.06417631310965662,0.1615017327488235,0.2187444564285048,0.07266264976718832,0.12723087233090274,0.16252553667342945,0.1753322286770802,0.18604711501049861,0.09989379093729057,0.13569532668575285,0.20433990443743824,0.08308745770681675,0.11842637192803472,0.1518655711056493
2460.9375,4210.256,4269.231,4106.154,4043.59,4200.0,0.06417631310965662,0.1615017327488235,0.2187444564285048,0.07266264976718832,0.12723087233090274,0.16252553667342945,0.1753322286770802,0.18604711501049861,0.09989379093729057,0.13569532668575285,0.20433990443743824,0.08308745770681675,0.11842637192803472,0.1518655711056493
2468.75,4215.385,4291.282,4111.282,4054.359,4223.59,0.06417631310965662,0.1615017327488235,0.2187444564285048,0.07266264976718832,0.12723087233090274,0.16252553667342945,0.1753322286770802,0.18604711501049861,0.09989379093729057,0.13569532668575285,0.20433990443743824,0.08308745770681675,0.11842637192803472,0.1518655711056493
2476.5625,4247.179,4309.744,4144.615,4074.872,4233.333,0.06417631310965662,0.1615017327488235,0.2187444564285048,0.07266264976718832,0.12723087233090274,0.16252553667342945,0.1753322286770802,0.18604711501049861,0.09989379093729057,0.13569532668575285,0.20433990443743824,0.08308745770681675,0.11842637192803472,0.1518655711056493
2484.375,4257.436,4307.179,4156.923,4094.872,4235.385,0.06417631310965662,0.1615017327488235,0.2187444564285048,0.07266264976718832,0.12723087233090274,0.16252553667342945,0.1753322286770802,0.18604711501049861,0.09989379093729057,0.13569532668575285,0.20433990443743824,0.08308745770681675,0.11842637192803472,0.1518655711056493
2492.1875,4244.103,4312.308,4158.974,4108.718,4247.179,0.06417631310965662,0.1615017327488235,0.2187444564285048,0.07266264976718832,0.12723087233090274,0.16252553667342945,0.1753322286770802,0.18604711501049861,0.09989379093729057,0.13569532668575285,0.20433990443743824,0.08308745770681675,0.11842637192803472,0.1518655711056493
2500.0,4248.205,4310.256,4175.897,4111.282,4253.333,0.06417631310965662,0.1615017327488235,0.2187444564285048,0.07266264976718832,0.12723087233090274,0.16252553667342945,0.1753322286770802,0.18604711501049861,0.09989379093729057,0.13569532668575285,0.20433990443743824,0.08308745770681675,0.11842637192803472,0.1518655711056493
2507.8125,4262.051,4294.359,4181.538,4112.308,4252.308,0.06417631310965662,0.1615017327488235,0.2187444564285048,0.07266264976718832,0.12723087233090274,0.16252553667342945,0.1753322286770802,0.18604711501049861,0.09989379093729057,0.13569532668575285,0.20433990443743824,0.08308745770681675,0.11842637192803472,0.1518655711056493
2515.625,4260.513,4293.333,4164.615,4116.923,4255.897,0.06417631310965662,0.1615017327488235,0.2187444564285048,0.07266264976718832,0.12723087233090274,0.16252553667342945,0.1753322286770802,0.18604711501049861,0.09989379093729057,0.13569532668575285,0.20433990443743824,0.08308745770681675,0.11842637192803472,0.1518655711056493
2523.4375,4243.59,4294.359,4152.821,4101.026,4243.077,0.06417631310965662,0.1615017327488235,0.2187444564285048,0.07266264976718832,0.12723087233090274,0.16252553667342945,0.1753322286770802,0.18604711501049861,0.09989379093729057,0.13569532668575285,0.20433990443743824,0.08308745770681675,0.11842637192803472,0.1518655711056493
2531.25,4233.846,4281.026,4162.564,4075.897,4217.436,0.06417631310965662,0.1615017327488235,0.2187444564285048,0.07266264976718832,0.12723087233090274,0.16252553667342945,0.1753322286770802,0.18604711501049861,0.09989379093729057,0.13569532668575285,0.20433990443743824,0.08308745770681675,0.11842637192803472,0.1518655711056493
2539.0625,4249.744,4285.128,4178.974,4091.795,4222.051,0.06417631310965662,0.1615017327488235,0.2187444564285048,0.07266264976718832,0.12723087233090274,0.16252553667342945,0.1753322286770802,0.18604711501049861,0.09989379093729057,0.13569532668575285,0.20433990443743824,0.08308745770681675,0.11842637192803472,0.1518655711056493
2546.875,4258.974,4302.564,4168.205,4114.359,4233.846,0.06417631310965662,0.1615017327488235,0.2187444564285048,0.07266264976718832,0.12723087233090274,0.16252553667342945,0.1753322286770802,0.18604711501049861,0.09989379093729057,0.13569532668575285,0.20433990443743824,0.08308745770681675,0.11842637192803472,0.1518655711056493
2554.6875,4235.897,4298.974,4146.154,4096.41,4217.436,0.06417631310965662,0.1615017327488235,0.2187444564285048,0.07266264976718832,0.12723087233090274,0.16252553667342945,0.1753322286770802,0.18604711501049861,0.09989379093729057,0.13569532668575285,0.20433990443743824,0.08308745770681675,0.11842637192803472,0.1518655711056493
2562.5,4231.282,4285.128,4155.897,4086.667,4204.615,0.06417631310965662,0.1615017327488235,0.2187444564285048,0.07266264976718832,0.12723087233090274,0.16252553667342945,0.1753322286770802,0.18604711501049861,0.09989379093729057,0.13569532668575285,0.20433990443743824,0.08308745770681675,0.11842637192803472,0.1518655711056493
2570.3125,4256.41,4296.41,4165.641,4112.821,4213.333,0.06417631310965662,0.1615017327488235,0.2187444564285048,0.07266264976718832,0.12723087233090274,0.16252553667342945,0.1753322286770802,0.18604711501049861,0.09989379093729057,0.13569532668575285,0.20433990443743824,0.08308745770681675,0.11842637192803472,0.1518655711056493
2578.125,4257.436,4317.949,4146.667,4125.641,4218.974,0.06417631310965662,0.1615017327488235,0.2187444564285048,0.07266264976718832,0.12723087233090274,0.16252553667342945,0.1753322286770802,0.18604711501049861,0.09989379093729057,0.13569532668575285,0.20433990443743824,0.08308745770681675,0.11842637192803472,0.1518655711056493
2585.9375,4242.051,4316.41,4145.128,4115.385,4217.949,0.06417631310965662,0.1615017327488235,0.2187444564285048,0.07266264976718832,0.12723087233090274,0.16252553667342945,0.1753322286770802,0.18604711501049861,0.09989379093729057,0.13569532668575285,0.20433990443743824,0.08308745770681675,0.11842637192803472,0.1518655711056493
2593.75,4244.615,4301.538,4163.077,4116.923,4225.128,0.06417631310965662,0.1615017327488235,0.2187444564285048,0.07266264976718832,0.12723087233090274,0.16252553667342945,0.1753322286770802,0.18604711501049861,0.09989379093729057,0.13569532668575285,0.20433990443743824,0.08308745770681675,0.11842637192803472,0.1518655711056493
2601.5625,4255.385,4305.641,4157.949,4143.59,4243.59,0.06417631310965662,0.1615017327488235,0.2187444564285048,0.07266264976718832,0.12723087233090274,0.16252553667342945,0.1753322286770802,0.18604711501049861,0.09989379093729057,0.13569532668575285,0.20433990443743824,0.08308745770681675,0.11842637192803472,0.1518655711056493
2609.375,4258.462,4320.513,4147.692,4170.256,4266.154,0.06417631310965662,0.1615017327488235,0.2187444564285048,0.07266264976718832,0.12723087233090274,0.16252553667342945,0.1753322286770802,0.18604711501049861,0.09989379093729057,0.13569532668575285,0.20433990443743824,0.08308745770681675,0.11842637192803472,0.1518655711056493
2617.1875,4251.795,4312.821,4153.333,4167.692,4259.487,0.06417631310965662,0.1615017327488235,0.2187444564285048,0.07266264976718832,0.12723087233090274,0.16252553667342945,0.1753322286770802,0.18604711501049861,0.09989379093729057,0.13569532668575285,0.20433990443743824,0.08308745770681675,0.11842637192803472,0.1518655711056493
2625.0,4246.154,4293.333,4157.949,4148.205,4229.231,0.06417631310965662,0.1615017327488235,0.2187444564285048,0.07266264976718832,0.12723087233090274,0.16252553667342945,0.1753322286770802,0.18604711501049861,0.09989379093729057,0.13569532668575285,0.20433990443743824,0.08308745770681675,0.11842637192803472,0.1518655711056493
2632.8125,4249.744,4289.744,4157.436,4141.538,4224.103,0.06417631310965662,0.1615017327488235,0.2187444564285048,0.07266264976718832,0.12723087233090274,0.16252553667342945,0.1753322286770802,0.18604711501049861,0.09989379093729057,0.13569532668575285,0.20433990443743824,0.08308745770681675,0.11842637192803472,0.1518655711056493
2640.625,4253.333,4303.077,4158.974,4143.077,4238.974,0.06417631310965662,0.1615017327488235,0.2187444564285048,0.07266264976718832,0.12723087233090274,0.16252553667342945,0.1753322286770802,0.18604711501049861,0.09989379093729057,0.13569532668575285,0.20433990443743824,0.08308745770681675,0.11842637192803472,0.1518655711056493
2648.4375,4248.718,4313.846,4160.513,4132.821,4233.846,0.06417631310965662,0.1615017327488235,0.2187444564285048,0.07266264976718832,0.12723087233090274,0.16252553667342945,0.1753322286770802,0.18604711501049861,0.09989379093729057,0.13569532668575285,0.20433990443743824,0.08308745770681675,0.11842637192803472,0.1518655711056493
2656.25,4242.051,4302.564,4151.795,4122.564,4203.59,0.06417631310965662,0.1615017327488235,0.2187444564285048,0.07266264976718832,0.12723087233090274,0.16252553667342945,0.1753322286770802,0.18604711501049861,0.09989379093729057,0.13569532668575285,0.20433990443743824,0.08308745770681675,0.11842637192803472,0.1518655711056493
2664.0625,4240.0,4281.538,4128.205,4126.667,4184.615,0.06417631310965662,0.1615017327488235,0.2187444564285048,0.07266264976718832,0.12723087233090274,0.16252553667342945,0.1753322286770802,0.18604711501049861,0.09989379093729057,0.13569532668575285,0.20433990443743824,0.08308745770681675,0.11842637192803472,0.1518655711056493
2671.875,4245.128,4290.256,4115.897,4145.128,4202.051,0.06417631310965662,0.1615017327488235,0.2187444564285048,0.07266264976718832,0.12723087233090274,0.16252553667342945,0.1753322286770802,0.18604711501049861,0.09989379093729057,0.13569532668575285,0.20433990443743824,0.08308745770681675,0.11842637192803472,0.1518655711056493
2679.6875,4254.359,4314.359,4133.333,4157.436,4219.487,0.06417631310965662,0.1615017327488235,0.2187444564285048,0.07266264976718832,0.12723087233090274,0.16252553667342945,0.1753322286770802,0.18604711501049861,0.09989379093729057,0.13569532668575285,0.20433990443743824,0.08308745770681675,0.11842637192803472,0.1518655711056493
2687.5,4265.641,4307.179,4153.333,4148.205,4206.154,0.06417631310965662,0.1615017327488235,0.2187444564285048,0.07266264976718832,0.12723087233090274,0.16252553667342945,0.1753322286770802,0.18604711501049861,0.09989379093729057,0.13569532668575285,0.20433990443743824,0.08308745770681675,0.11842637192803472,0.1518655711056493
2695.3125,4266.667,4297.949,4150.256,4141.026,4203.59,0.06417631310965662,0.1615017327488235,0.2187444564285048,0.07266264976718832,0.12723087233090274,0.16252553667342945,0.1753322286770802,0.18604711501049861,0.09989379093729057,0.13569532668575285,0.20433990443743824,0.08308745770681675,0.11842637192803472,0.1518655711056493
2703.125,4238.974,4295.897,4126.667,4128.205,4214.359,0.06417631310965662,0.1615017327488235,0.2187444564285048,0.07266264976718832,0.12723087233090274,0.16252553667342945,0.1753322286770802,0.18604711501049861,0.09989379093729057,0.13569532668575285,0.20433990443743824,0.08308745770681675,0.11842637192803472,0.1518655711056493
2710.9375,4205.641,4262.051,4094.872,4088.718,4180.0,0.06417631310965662,0.1615017327488235,0.2187444564285048,0.07266264976718832,0.12723087233090274,0.16252553667342945,0.1753322286770802,0.18604711501049861,0.09989379093729057,0.13569532668575285,0.20433990443743824,0.08308745770681675,0.11842637192803472,0.1518655711056493
2718.75,4194.359,4235.897,4079.487,4061.538,4141.026,0.06417631310965662,0.1615017327488235,0.2187444564285048,0.07266264976718832,0.12723087233090274,0.16252553667342945,0.1753322286770802,0.18604711501049861,0.09989379093729057,0.13569532668575285,0.20433990443743824,0.08308745770681675,0.11842637192803472,0.1518655711056493
2726.5625,4204.103,4256.923,4101.538,4089.744,4160.0,0.06417631310965662,0.1615017327488235,0.2187444564285048,0.07266264976718832,0.12723087233090274,0.16252553667342945,0.1753322286770802,0.18604711501049861,0.09989379093729057,0.13569532668575285,0.20433990443743824,0.08308745770681675,0.11842637192803472,0.1518655711056493
2734.375,4202.051,4257.949,4112.821,4111.795,4174.359,0.06417631310965662,0.1615017327488235,0.2187444564285048,0.07266264976718832,0.12723087233090274,0.16252553667342945,0.1753322286770802,0.18604711501049861,0.09989379093729057,0.13569532668575285,0.20433990443743824,0.08308745770681675,0.11842637192803472,0.1518655711056493
2742.1875,4188.205,4243.59,4102.051,4101.026,4153.333,0.06417631310965662,0.1615017327488235,0.2187444564285048,0.07266264976718832,0.12723087233090274,0.16252553667342945,0.1753322286770802,0.18604711501049861,0.09989379093729057,0.13569532668575285,0.20433990443743824,0.08308745770681675,0.11842637192803472,0.1518655711056493
2750.0,4200.513,4267.692,4111.282,4113.333,4160.513,0.06417631310965662,0.1615017327488235,0.2187444564285048,0.07266264976718832,0.12723087233090274,0.16252553667342945,0.1753322286770802,0.18604711501049861,0.09989379093729057,0.13569532668575285,0.20433990443743824,0.08308745770681675,0.11842637192803472,0.1518655711056493
2757.8125,4221.026,4289.231,4117.949,4128.205,4191.282,0.06417631310965662,0.1615017327488235,0.2187444564285048,0.07266264976718832,0.12723087233090274,0.16252553667342945,0.1753322286770802,0.18604711501049861,0.09989379093729057,0.13569532668575285,0.20433990443743824,0.08308745770681675,0.11842637192803472,0.1518655711056493
2765.625,4218.974,4281.538,4108.718,4112.821,4189.231,0.06417631310965662,0.1615017327488235,0.2187444564285048,0.07266264976718832,0.12723087233090274,0.16252553667342945,0.1753322286770802,0.18604711501049861,0.09989379093729057,0.13569532668575285,0.20433990443743824,0.08308745770681675,0.11842637192803472,0.1518655711056493
2773.4375,4212.821,4273.333,4112.821,4101.538,4174.359,0.06417631310965662,0.1615017327488235,0.2187444564285048,0.07266264976718832,0.12723087233090274,0.16252553667342945,0.1753322286770802,0.18604711501049861,0.09989379093729057,0.13569532668575285,0.20433990443743824,0.08308745770681675,0.11842637192803472,0.1518655711056493
2781.25,4205.641,4263.59,4109.744,4104.103,4175.897,0.06417631310965662,0.1615017327488235,0.2187444564285048,0.07266264976718832,0.12723087233090274,0.16252553667342945,0.1753322286770802,0.18604711501049861,0.09989379093729057,0.13569532668575285,0.20433990443743824,0.08308745770681675,0.11842637192803472,0.1518655711056493
2789.0625,4189.231,4261.538,4097.949,4098.462,4182.051,0.06417631310965662,0.1615017327488235,0.2187444564285048,0.07266264976718832,0.12723087233090274,0.16252553667342945,0.1753322286770802,0.18604711501049861,0.09989379093729057,0.13569532668575285,0.20433990443743824,0.08308745770681675,0.11842637192803472,0.1518655711056493
2796.875,4204.615,4276.41,4123.59,4112.821,4202.564,0.06417631310965662,0.1615017327488235,0.2187444564285048,0.07266264976718832,0.12723087233090274,0.16252553667342945,0.1753322286770802,0.18604711501049861,0.09989379093729057,0.13569532668575285,0.20433990443743824,0.08308745770681675,0.11842637192803472,0.1518655711056493
2804.6875,4234.359,4278.974,4142.051,4143.077,4228.718,0.06417631310965662,0.1615017327488235,0.2187444564285048,0.07266264976718832,0.12723087233090274,0.16252553667342945,0.1753322286770802,0.18604711501049861,0.09989379093729057,0.13569532668575285,0.20433990443743824,0.08308745770681675,0.11842637192803472,0.1518655711056493
2812.5,4233.846,4286.154,4133.846,4144.103,4233.333,0.06417631310965662,0.1615017327488235,0.2187444564285048,0.07266264976718832,0.12723087233090274,0.16252553667342945,0.1753322286770802,0.18604711501049861,0.09989379093729057,0.13569532668575285,0.20433990443743824,0.08308745770681675,0.11842637192803472,0.1518655711056493
2820.3125,4236.923,4303.077,4151.282,4137.949,4229.744,0.06417631310965662,0.1615017327488235,0.2187444564285048,0.07266264976718832,0.12723087233090274,0.16252553667342945,0.1753322286770802,0.18604711501049861,0.09989379093729057,0.13569532668575285,0.20433990443743824,0.08308745770681675,0.11842637192803472,0.1518655711056493
2828.125,4251.282,4294.872,4168.205,4146.667,4235.385,0.06417631310965662,0.1615017327488235,0.2187444564285048,0.07266264976718832,0.12723087233090274,0.16252553667342945,0.1753322286770802,0.18604711501049861,0.09989379093729057,0.13569532668575285,0.20433990443743824,0.08308745770681675,0.11842637192803472,0.1518655711056493
2835.9375,4253.846,4294.359,4158.462,4152.821,4246.667,0.06417631310965662,0.1615017327488235,0.2187444564285048,0.07266264976718832,0.12723087233090274,0.16252553667342945,0.1753322286770802,0.18604711501049861,0.09989379093729057,0.13569532668575285,0.20433990443743824,0.08308745770681675,0.11842637192803472,0.1518655711056493
2843.75,4246.154,4306.667,4156.923,4142.564,4245.641,0.06417631310965662,0.1615017327488235,0.2187444564285048,0.07266264976718832,0.12723087233090274,0.16252553667342945,0.1753322286770802,0.18604711501049861,0.09989379093729057,0.13569532668575285,0.20433990443743824,0.08308745770681675,0.11842637192803472,0.1518655711056493
2851.5625,4236.41,4292.308,4151.282,4125.641,4222.564,0.06417631310965662,0.1615017327488235,0.2187444564285048,0.07266264976718832,0.12723087233090274,0.16252553667342945,0.1753322286770802,0.18604711501049861,0.09989379093729057,0.13569532668575285,0.20433990443743824,0.08308745770681675,0.11842637192803472,0.1518655711056493
2859.375,4228.718,4283.077,4130.769,4125.128,4205.128,0.06417631310965662,0.1615017327488235,0.2187444564285048,0.07266264976718832,0.12723087233090274,0.16252553667342945,0.1753322286770802,0.18604711501049861,0.09989379093729057,0.13569532668575285,0.20433990443743824,0.08308745770681675,0.11842637192803472,0.1518655711056493
2867.1875,4230.769,4292.821,4136.923,4128.718,4210.769,0.06417631310965662,0.1615017327488235,0.2187444564285048,0.07266264976718832,0.12723087233090274,0.16252553667342945,0.1753322286770802,0.18604711501049861,0.09989379093729057,0.13569532668575285,0.20433990443743824,0.08308745770681675,0.11842637192803472,0.1518655711056493
2875.0,4219.487,4271.795,4134.359,4103.59,4203.077,0.06417631310965662,0.1615017327488235,0.2187444564285048,0.07266264976718832,0.12723087233090274,0.16252553667342945,0.1753322286770802,0.18604711501049861,0.09989379093729057,0.13569532668575285,0.20433990443743824,0.08308745770681675,0.11842637192803472,0.1518655711056493
2882.8125,4188.718,4245.128,4094.359,4067.692,4177.436,0.06417631310965662,0.1615017327488235,0.2187444564285048,0.07266264976718832,0.12723087233090274,0.16252553667342945,0.1753322286770802,0.18604711501049861,0.09989379093729057,0.13569532668575285,0.20433990443743824,0.08308745770681675,0.11842637192803472,0.1518655711056493
2890.625,4199.487,4264.103,4101.538,4078.462,4190.256,0.06417631310965662,0.1615017327488235,0.2187444564285048,0.07266264976718832,0.12723087233090274,0.16252553667342945,0.1753322286770802,0.18604711501049861,0.09989379093729057,0.13569532668575285,0.20433990443743824,0.08308745770681675,0.11842637192803472,0.1518655711056493
2898.4375,4241.538,4281.538,4144.103,4112.821,4235.897,0.06417631310965662,0.1615017327488235,0.2187444564285048,0.07266264976718832,0.12723087233090274,0.16252553667342945,0.1753322286770802,0.18604711501049861,0.09989379093729057,0.13569532668575285,0.20433990443743824,0.08308745770681675,0.11842637192803472,0.1518655711056493
2906.25,4248.718,4278.462,4138.462,4122.564,4254.359,0.06417631310965662,0.1615017327488235,0.2187444564285048,0.07266264976718832,0.12723087233090274,0.16252553667342945,0.1753322286770802,0.18604711501049861,0.09989379093729057,0.13569532668575285,0.20433990443743824,0.08308745770681675,0.11842637192803472,0.1518655711056493
2914.0625,4241.538,4292.821,4133.846,4128.718,4252.821,0.06417631310965662,0.1615017327488235,0.2187444564285048,0.07266264976718832,0.12723087233090274,0.16252553667342945,0.1753322286770802,0.18604711501049861,0.09989379093729057,0.13569532668575285,0.20433990443743824,0.08308745770681675,0.11842637192803472,0.1518655711056493
2921.875,4254.872,4300.513,4158.974,4135.385,4252.308,0.06417631310965662,0.1615017327488235,0.2187444564285048,0.07266264976718832,0.12723087233090274,0.16252553667342945,0.1753322286770802,0.18604711501049861,0.09989379093729057,0.13569532668575285,0.20433990443743824,0.08308745770681675,0.11842637192803472,0.1518655711056493
2929.6875,4244.615,4278.974,4136.923,4113.333,4241.538,0.06417631310965662,0.1615017327488235,0.2187444564285048,0.07266264976718832,0.12723087233090274,0.16252553667342945,0.1753322286770802,0.18604711501049861,0.09989379093729057,0.13569532668575285,0.20433990443743824,0.08308745770681675,0.11842637192803472,0.1518655711056493
2937.5,4216.41,4267.179,4101.026,4083.59,4227.179,0.06417631310965662,0.1615017327488235,0.2187444564285048,0.07266264976718832,0.12723087233090274,0.16252553667342945,0.1753322286770802,0.18604711501049861,0.09989379093729057,0.13569532668575285,0.20433990443743824,0.08308745770681675,0.11842637192803472,0.1518655711056493
2945.3125,4221.538,4275.897,4122.051,4092.821,4233.333,0.06417631310965662,0.1615017327488235,0.2187444564285048,0.07266264976718832,0.12723087233090274,0.16252553667342945,0.1753322286770802,0.18604711501049861,0.09989379093729057,0.13569532668575285,0.20433990443743824,0.08308745770681675,0.11842637192803472,0.1518655711056493
2953.125,4239.487,4285.128,4142.564,4128.205,4250.769,0.06417631310965662,0.1615017327488235,0.2187444564285048,0.07266264976718832,0.12723087233090274,0.16252553667342945,0.1753322286770802,0.18604711501049861,0.09989379093729057,0.13569532668575285,0.20433990443743824,0.08308745770681675,0.11842637192803472,0.1518655711056493
2960.9375,4241.538,4294.359,4137.436,4143.077,4253.846,0.06417631310965662,0.1615017327488235,0.2187444564285048,0.07266264976718832,0.12723087233090274,0.16252553667342945,0.1753322286770802,0.18604711501049861,0.09989379093729057,0.13569532668575285,0.20433990443743824,0.08308745770681675,0.11842637192803472,0.1518655711056493
2968.75,4241.026,4295.897,4151.795,4140.513,4246.154,0.06417631310965662,0.1615017327488235,0.2187444564285048,0.07266264976718832,0.12723087233090274,0.16252553667342945,0.1753322286770802,0.18604711501049861,0.09989379093729057,0.13569532668575285,0.20433990443743824,0.08308745770681675,0.11842637192803472,0.1518655711056493
2976.5625,4235.897,4272.308,4148.205,4130.256,4233.333,0.06417631310965662,0.1615017327488235,0.2187444564285048,0.07266264976718832,0.12723087233090274,0.16252553667342945,0.1753322286770802,0.18604711501049861,0.09989379093729057,0.13569532668575285,0.20433990443743824,0.08308745770681675,0.11842637192803472,0.1518655711056493
2984.375,4227.692,4260.513,4113.333,4123.077,4234.359,0.06417631310965662,0.1615017327488235,0.2187444564285048,0.07266264976718832,0.12723087233090274,0.16252553667342945,0.1753322286770802,0.18604711501049861,0.09989379093729057,0.13569532668575285,0.20433990443743824,0.08308745770681675,0.11842637192803472,0.1518655711056493
2992.1875,4226.154,4275.385,4105.641,4127.179,4252.821,0.06417631310965662,0.1615017327488235,0.2187444564285048,0.07266264976718832,0.12723087233090274,0.16252553667342945,0.1753322286770802,0.18604711501049861,0.09989379093729057,0.13569532668575285,0.20433990443743824,0.08308745770681675,0.11842637192803472,0.1518655711056493
