timestamp,AF3,T7,Pz,T8,AF4,AF3_theta,AF3_alpha,AF3_beta,T7_theta,T7_mu,T7_beta,Pz_alpha,Pz_beta,T8_theta,T8_mu,T8_beta,AF4_theta,AF4_alpha,AF4_beta
0.0,4247.692,4234.872,4153.846,4135.897,4211.282,0.1794034574274789,0.16230239536554125,0.20536796854410053,0.1742267846323534,0.22040654138759233,0.23227026704490894,0.38077209408383306,0.19103892334608652,0.2152126740344268,0.22273790375097882,0.2517094936254791,0.23914038175023353,0.17854754110722396,0.28559213980624504
7.8125,4256.923,4242.564,4154.359,4140.0,4217.949,0.1794034574274789,0.16230239536554125,0.20536796854410053,0.1742267846323534,0.22040654138759233,0.23227026704490894,0.38077209408383306,0.19103892334608652,0.2152126740344268,0.22273790375097882,0.2517094936254791,0.23914038175023353,0.17854754110722396,0.28559213980624504
15.625,4262.051,4246.667,4170.769,4156.923,4236.923,0.1794034574274789,0.16230239536554125,0.20536796854410053,0.1742267846323534,0.22040654138759233,0.23227026704490894,0.38077209408383306,0.19103892334608652,0.2152126740344268,0.22273790375097882,0.2517094936254791,0.23914038175023353,0.17854754110722396,0.28559213980624504
23.4375,4272.308,4245.128,4174.359,4160.0,4252.308,0.1794034574274789,0.16230239536554125,0.20536796854410053,0.1742267846323534,0.22040654138759233,0.23227026704490894,0.38077209408383306,0.19103892334608652,0.2152126740344268,0.22273790375097882,0.2517094936254791,0.23914038175023353,0.17854754110722396,0.28559213980624504
31.25,4286.154,4246.667,4158.974,4161.026,4254.872,0.1794034574274789,0.16230239536554125,0.20536796854410053,0.1742267846323534,0.22040654138759233,0.23227026704490894,0.38077209408383306,0.19103892334608652,0.2152126740344268,0.22273790375097882,0.2517094936254791,0.23914038175023353,0.17854754110722396,0.28559213980624504
39.0625,4287.179,4242.564,4151.282,4158.974,4245.641,0.1794034574274789,0.16230239536554125,0.20536796854410053,0.1742267846323534,0.22040654138759233,0.23227026704490894,0.38077209408383306,0.19103892334608652,0.2152126740344268,0.22273790375097882,0.2517094936254791,0.23914038175023353,0.17854754110722396,0.28559213980624504
46.875,4274.872,4235.897,4143.59,4144.615,4240.0,0.1794034574274789,0.16230239536554125,0.20536796854410053,0.1742267846323534,0.22040654138759233,0.23227026704490894,0.38077209408383306,0.19103892334608652,0.2152126740344268,0.22273790375097882,0.2517094936254791,0.23914038175023353,0.17854754110722396,0.28559213980624504
54.6875,4275.385,4229.744,4135.385,4138.462,4244.615,0.1794034574274789,0.16230239536554125,0.20536796854410053,0.1742267846323534,0.22040654138759233,0.23227026704490894,0.38077209408383306,0.19103892334608652,0.2152126740344268,0.22273790375097882,0.2517094936254791,0.23914038175023353,0.17854754110722396,0.28559213980624504
62.5,4277.436,4229.744,4140.0,4126.154,4235.897,0.1794034574274789,0.16230239536554125,0.20536796854410053,0.1742267846323534,0.22040654138759233,0.23227026704490894,0.38077209408383306,0.19103892334608652,0.2152126740344268,0.22273790375097882,0.2517094936254791,0.23914038175023353,0.17854754110722396,0.28559213980624504
70.3125,4280.513,4234.872,4158.974,4118.462,4228.205,0.1794034574274789,0.16230239536554125,0.20536796854410053,0.1742267846323534,0.22040654138759233,0.23227026704490894,0.38077209408383306,0.19103892334608652,0.2152126740344268,0.22273790375097882,0.2517094936254791,0.23914038175023353,0.17854754110722396,0.28559213980624504
78.125,4311.795,4246.154,4190.769,4148.205,4256.41,0.1794034574274789,0.16230239536554125,0.20536796854410053,0.1742267846323534,0.22040654138759233,0.23227026704490894,0.38077209408383306,0.19103892334608652,0.2152126740344268,0.22273790375097882,0.2517094936254791,0.23914038175023353,0.17854754110722396,0.28559213980624504
85.9375,4332.308,4259.487,4210.256,4181.538,4298.974,0.1794034574274789,0.16230239536554125,0.20536796854410053,0.1742267846323534,0.22040654138759233,0.23227026704490894,0.38077209408383306,0.19103892334608652,0.2152126740344268,0.22273790375097882,0.2517094936254791,0.23914038175023353,0.17854754110722396,0.28559213980624504
93.75,4304.615,4257.436,4203.59,4179.487,4309.231,0.1794034574274789,0.16230239536554125,0.20536796854410053,0.1742267846323534,0.22040654138759233,0.23227026704490894,0.38077209408383306,0.19103892334608652,0.2152126740344268,0.22273790375097882,0.2517094936254791,0.23914038175023353,0.17854754110722396,0.28559213980624504
101.5625,4277.436,4246.667,4187.179,4179.487,4298.974,0.1794034574274789,0.16230239536554125,0.20536796854410053,0.1742267846323534,0.22040654138759233,0.23227026704490894,0.38077209408383306,0.19103892334608652,0.2152126740344268,0.22273790375097882,0.2517094936254791,0.23914038175023353,0.17854754110722396,0.28559213980624504
109.375,4288.205,4244.615,4183.59,4195.897,4302.051,0.1794034574274789,0.16230239536554125,0.20536796854410053,0.1742267846323534,0.22040654138759233,0.23227026704490894,0.38077209408383306,0.19103892334608652,0.2152126740344268,0.22273790375097882,0.2517094936254791,0.23914038175023353,0.17854754110722396,0.28559213980624504
117.1875,4304.615,4253.333,4191.282,4195.897,4316.923,0.1794034574274789,0.16230239536554125,0.20536796854410053,0.1742267846323534,0.22040654138759233,0.23227026704490894,0.38077209408383306,0.19103892334608652,0.2152126740344268,0.22273790375097882,0.2517094936254791,0.23914038175023353,0.17854754110722396,0.28559213980624504
125.0,4304.103,4252.308,4193.333,4192.821,4314.872,0.1794034574274789,0.16230239536554125,0.20536796854410053,0.1742267846323534,0.22040654138759233,0.23227026704490894,0.38077209408383306,0.19103892334608652,0.2152126740344268,0.22273790375097882,0.2517094936254791,0.23914038175023353,0.17854754110722396,0.28559213980624504
132.8125,4304.103,4248.205,4202.564,4198.974,4302.564,0.1794034574274789,0.16230239536554125,0.20536796854410053,0.1742267846323534,0.22040654138759233,0.23227026704490894,0.38077209408383306,0.19103892334608652,0.2152126740344268,0.22273790375097882,0.2517094936254791,0.23914038175023353,0.17854754110722396,0.28559213980624504
140.625,4310.256,4260.513,4216.923,4197.949,4312.821,0.1794034574274789,0.16230239536554125,0.20536796854410053,0.1742267846323534,0.22040654138759233,0.23227026704490894,0.38077209408383306,0.19103892334608652,0.2152126740344268,0.22273790375097882,0.2517094936254791,0.23914038175023353,0.17854754110722396,0.28559213980624504
148.4375,4312.821,4272.308,4221.538,4186.154,4325.641,0.1794034574274789,0.16230239536554125,0.20536796854410053,0.1742267846323534,0.22040654138759233,0.23227026704490894,0.38077209408383306,0.19103892334608652,0.2152126740344268,0.22273790375097882,0.2517094936254791,0.23914038175023353,0.17854754110722396,0.28559213980624504
156.25,4306.154,4274.359,4213.846,4181.538,4317.949,0.1794034574274789,0.16230239536554125,0.20536796854410053,0.1742267846323534,0.22040654138759233,0.23227026704490894,0.38077209408383306,0.19103892334608652,0.2152126740344268,0.22273790375097882,0.2517094936254791,0.23914038175023353,0.17854754110722396,0.28559213980624504
164.0625,4304.615,4269.231,4204.615,4192.308,4323.59,0.1794034574274789,0.16230239536554125,0.20536796854410053,0.1742267846323534,0.22040654138759233,0.23227026704490894,0.38077209408383306,0.19103892334608652,0.2152126740344268,0.22273790375097882,0.2517094936254791,0.23914038175023353,0.17854754110722396,0.28559213980624504
171.875,4308.205,4250.256,4205.128,4194.872,4329.231,0.1794034574274789,0.16230239536554125,0.20536796854410053,0.1742267846323534,0.22040654138759233,0.23227026704490894,0.38077209408383306,0.19103892334608652,0.2152126740344268,0.22273790375097882,0.2517094936254791,0.23914038175023353,0.17854754110722396,0.28559213980624504
179.6875,4299.487,4238.974,4211.795,4187.179,4309.231,0.1794034574274789,0.16230239536554125,0.20536796854410053,0.1742267846323534,0.22040654138759233,0.23227026704490894,0.38077209408383306,0.19103892334608652,0.2152126740344268,0.22273790375097882,0.2517094936254791,0.23914038175023353,0.17854754110722396,0.28559213980624504
187.5,4291.282,4247.692,4222.564,4197.949,4295.897,0.1794034574274789,0.16230239536554125,0.20536796854410053,0.1742267846323534,0.22040654138759233,0.23227026704490894,0.38077209408383306,0.19103892334608652,0.2152126740344268,0.22273790375097882,0.2517094936254791,0.23914038175023353,0.17854754110722396,0.28559213980624504
195.3125,4290.769,4236.923,4212.821,4198.974,4293.846,0.1794034574274789,0.16230239536554125,0.20536796854410053,0.1742267846323534,0.22040654138759233,0.23227026704490894,0.38077209408383306,0.19103892334608652,0.2152126740344268,0.22273790375097882,0.2517094936254791,0.23914038175023353,0.17854754110722396,0.28559213980624504
203.125,4288.205,4221.538,4185.128,4170.256,4286.667,0.1794034574274789,0.16230239536554125,0.20536796854410053,0.1742267846323534,0.22040654138759233,0.23227026704490894,0.38077209408383306,0.19103892334608652,0.2152126740344268,0.22273790375097882,0.2517094936254791,0.23914038175023353,0.17854754110722396,0.28559213980624504
210.9375,4297.436,4244.615,4187.179,4175.897,4300.513,0.1794034574274789,0.16230239536554125,0.20536796854410053,0.1742267846323534,0.22040654138759233,0.23227026704490894,0.38077209408383306,0.19103892334608652,0.2152126740344268,0.22273790375097882,0.2517094936254791,0.23914038175023353,0.17854754110722396,0.28559213980624504
218.75,4292.821,4245.128,4182.051,4184.103,4291.795,0.1794034574274789,0.16230239536554125,0.20536796854410053,0.1742267846323534,0.22040654138759233,0.23227026704490894,0.38077209408383306,0.19103892334608652,0.2152126740344268,0.22273790375097882,0.2517094936254791,0.23914038175023353,0.17854754110722396,0.28559213980624504
226.5625,4260.513,4204.615,4143.59,4147.179,4256.41,0.1794034574274789,0.16230239536554125,0.20536796854410053,0.1742267846323534,0.22040654138759233,0.23227026704490894,0.38077209408383306,0.19103892334608652,0.2152126740344268,0.22273790375097882,0.2517094936254791,0.23914038175023353,0.17854754110722396,0.28559213980624504
234.375,4265.128,4217.949,4157.949,4155.385,4276.923,0.1794034574274789,0.16230239536554125,0.20536796854410053,0.1742267846323534,0.22040654138759233,0.23227026704490894,0.38077209408383306,0.19103892334608652,0.2152126740344268,0.22273790375097882,0.2517094936254791,0.23914038175023353,0.17854754110722396,0.28559213980624504
242.1875,4314.359,4268.205,4213.333,4205.128,4323.077,0.1794034574274789,0.16230239536554125,0.20536796854410053,0.1742267846323534,0.22040654138759233,0.23227026704490894,0.38077209408383306,0.19103892334608652,0.2152126740344268,0.22273790375097882,0.2517094936254791,0.23914038175023353,0.17854754110722396,0.28559213980624504
250.0,4326.667,4265.641,4229.744,4197.436,4319.487,0.1794034574274789,0.16230239536554125,0.20536796854410053,0.1742267846323534,0.22040654138759233,0.23227026704490894,0.38077209408383306,0.19103892334608652,0.2152126740344268,0.22273790375097882,0.2517094936254791,0.23914038175023353,0.17854754110722396,0.28559213980624504
257.8125,4311.282,4253.333,4227.692,4180.0,4312.821,0.1794034574274789,0.16230239536554125,0.20536796854410053,0.1742267846323534,0.22040654138759233,0.23227026704490894,0.38077209408383306,0.19103892334608652,0.2152126740344268,0.22273790375097882,0.2517094936254791,0.23914038175023353,0.17854754110722396,0.28559213980624504
265.625,4323.59,4274.872,4233.333,4204.615,4337.949,0.1794034574274789,0.16230239536554125,0.20536796854410053,0.1742267846323534,0.22040654138759233,0.23227026704490894,0.38077209408383306,0.19103892334608652,0.2152126740344268,0.22273790375097882,0.2517094936254791,0.23914038175023353,0.17854754110722396,0.28559213980624504
273.4375,4318.974,4260.513,4214.359,4201.026,4324.615,0.1794034574274789,0.16230239536554125,0.20536796854410053,0.1742267846323534,0.22040654138759233,0.23227026704490894,0.38077209408383306,0.19103892334608652,0.2152126740344268,0.22273790375097882,0.2517094936254791,0.23914038175023353,0.17854754110722396,0.28559213980624504
281.25,4271.282,4214.872,4173.333,4160.0,4273.846,0.1794034574274789,0.16230239536554125,0.20536796854410053,0.1742267846323534,0.22040654138759233,0.23227026704490894,0.38077209408383306,0.19103892334608652,0.2152126740344268,0.22273790375097882,0.2517094936254791,0.23914038175023353,0.17854754110722396,0.28559213980624504
289.0625,4250.769,4200.513,4158.974,4146.154,4251.795,0.1794034574274789,0.16230239536554125,0.20536796854410053,0.1742267846323534,0.22040654138759233,0.23227026704490894,0.38077209408383306,0.19103892334608652,0.2152126740344268,0.22273790375097882,0.2517094936254791,0.23914038175023353,0.17854754110722396,0.28559213980624504
296.875,4257.436,4210.256,4162.564,4153.333,4253.846,0.1794034574274789,0.16230239536554125,0.20536796854410053,0.1742267846323534,0.22040654138759233,0.23227026704490894,0.38077209408383306,0.19103892334608652,0.2152126740344268,0.22273790375097882,0.2517094936254791,0.23914038175023353,0.17854754110722396,0.28559213980624504
304.6875,4243.077,4202.051,4147.179,4153.333,4246.667,0.1794034574274789,0.16230239536554125,0.20536796854410053,0.1742267846323534,0.22040654138759233,0.23227026704490894,0.38077209408383306,0.19103892334608652,0.2152126740344268,0.22273790375097882,0.2517094936254791,0.23914038175023353,0.17854754110722396,0.28559213980624504
312.5,4227.692,4183.59,4139.487,4141.026,4224.615,0.1794034574274789,0.16230239536554125,0.20536796854410053,0.1742267846323534,0.22040654138759233,0.23227026704490894,0.38077209408383306,0.19103892334608652,0.2152126740344268,0.22273790375097882,0.2517094936254791,0.23914038175023353,0.17854754110722396,0.28559213980624504
320.3125,4241.026,4188.205,4152.821,4140.513,4223.59,0.1794034574274789,0.16230239536554125,0.20536796854410053,0.1742267846323534,0.22040654138759233,0.23227026704490894,0.38077209408383306,0.19103892334608652,0.2152126740344268,0.22273790375097882,0.2517094936254791,0.23914038175023353,0.17854754110722396,0.28559213980624504
328.125,4255.897,4190.256,4158.462,4152.308,4238.462,0.1794034574274789,0.16230239536554125,0.20536796854410053,0.1742267846323534,0.22040654138759233,0.23227026704490894,0.38077209408383306,0.19103892334608652,0.2152126740344268,0.22273790375097882,0.2517094936254791,0.23914038175023353,0.17854754110722396,0.28559213980624504
335.9375,4244.103,4167.179,4146.667,4134.872,4233.846,0.1794034574274789,0.16230239536554125,0.20536796854410053,0.1742267846323534,0.22040654138759233,0.23227026704490894,0.38077209408383306,0.19103892334608652,0.2152126740344268,0.22273790375097882,0.2517094936254791,0.23914038175023353,0.17854754110722396,0.28559213980624504
343.75,4232.821,4161.026,4133.846,4118.462,4222.051,0.1794034574274789,0.16230239536554125,0.20536796854410053,0.1742267846323534,0.22040654138759233,0.23227026704490894,0.38077209408383306,0.19103892334608652,0.2152126740344268,0.22273790375097882,0.2517094936254791,0.23914038175023353,0.17854754110722396,0.28559213980624504
351.5625,4245.128,4174.359,4141.026,4126.154,4219.487,0.1794034574274789,0.16230239536554125,0.20536796854410053,0.1742267846323534,0.22040654138759233,0.23227026704490894,0.38077209408383306,0.19103892334608652,0.2152126740344268,0.22273790375097882,0.2517094936254791,0.23914038175023353,0.17854754110722396,0.28559213980624504
359.375,4265.641,4174.872,4149.744,4132.821,4221.026,0.1794034574274789,0.16230239536554125,0.20536796854410053,0.1742267846323534,0.22040654138759233,0.23227026704490894,0.38077209408383306,0.19103892334608652,0.2152126740344268,0.22273790375097882,0.2517094936254791,0.23914038175023353,0.17854754110722396,0.28559213980624504
367.1875,4273.846,4179.487,4158.974,4131.282,4221.026,0.1794034574274789,0.16230239536554125,0.20536796854410053,0.1742267846323534,0.22040654138759233,0.23227026704490894,0.38077209408383306,0.19103892334608652,0.2152126740344268,0.22273790375097882,0.2517094936254791,0.23914038175023353,0.17854754110722396,0.28559213980624504
375.0,4278.974,4204.615,4176.41,4141.026,4242.564,0.1794034574274789,0.16230239536554125,0.20536796854410053,0.1742267846323534,0.22040654138759233,0.23227026704490894,0.38077209408383306,0.19103892334608652,0.2152126740344268,0.22273790375097882,0.2517094936254791,0.23914038175023353,0.17854754110722396,0.28559213980624504
382.8125,4289.231,4215.897,4188.718,4161.538,4270.769,0.1794034574274789,0.16230239536554125,0.20536796854410053,0.1742267846323534,0.22040654138759233,0.23227026704490894,0.38077209408383306,0.19103892334608652,0.2152126740344268,0.22273790375097882,0.2517094936254791,0.23914038175023353,0.17854754110722396,0.28559213980624504
390.625,4286.667,4213.846,4188.718,4172.821,4275.385,0.1794034574274789,0.16230239536554125,0.20536796854410053,0.1742267846323534,0.22040654138759233,0.23227026704490894,0.38077209408383306,0.19103892334608652,0.2152126740344268,0.22273790375097882,0.2517094936254791,0.23914038175023353,0.17854754110722396,0.28559213980624504
398.4375,4282.564,4209.744,4178.462,4165.641,4259.487,0.1794034574274789,0.16230239536554125,0.20536796854410053,0.1742267846323534,0.22040654138759233,0.23227026704490894,0.38077209408383306,0.19103892334608652,0.2152126740344268,0.22273790375097882,0.2517094936254791,0.23914038175023353,0.17854754110722396,0.28559213980624504
406.25,4280.513,4216.41,4170.256,4152.308,4256.41,0.1794034574274789,0.16230239536554125,0.20536796854410053,0.1742267846323534,0.22040654138759233,0.23227026704490894,0.38077209408383306,0.19103892334608652,0.2152126740344268,0.22273790375097882,0.2517094936254791,0.23914038175023353,0.17854754110722396,0.28559213980624504
414.0625,4285.128,4236.923,4173.846,4165.128,4274.872,0.1794034574274789,0.16230239536554125,0.20536796854410053,0.1742267846323534,0.22040654138759233,0.23227026704490894,0.38077209408383306,0.19103892334608652,0.2152126740344268,0.22273790375097882,0.2517094936254791,0.23914038175023353,0.17854754110722396,0.28559213980624504
421.875,4280.0,4218.462,4161.026,4164.615,4247.179,0.1794034574274789,0.16230239536554125,0.20536796854410053,0.1742267846323534,0.22040654138759233,0.23227026704490894,0.38077209408383306,0.19103892334608652,0.2152126740344268,0.22273790375097882,0.2517094936254791,0.23914038175023353,0.17854754110722396,0.28559213980624504
429.6875,4229.744,4164.615,4114.359,4114.872,4192.821,0.1794034574274789,0.16230239536554125,0.20536796854410053,0.1742267846323534,0.22040654138759233,0.23227026704490894,0.38077209408383306,0.19103892334608652,0.2152126740344268,0.22273790375097882,0.2517094936254791,0.23914038175023353,0.17854754110722396,0.28559213980624504
437.5,4200.0,4151.795,4099.487,4100.513,4194.359,0.1794034574274789,0.16230239536554125,0.20536796854410053,0.1742267846323534,0.22040654138759233,0.23227026704490894,0.38077209408383306,0.19103892334608652,0.2152126740344268,0.22273790375097882,0.2517094936254791,0.23914038175023353,0.17854754110722396,0.28559213980624504
445.3125,4244.615,4188.718,4138.974,4145.641,4239.487,0.1794034574274789,0.16230239536554125,0.20536796854410053,0.1742267846323534,0.22040654138759233,0.23227026704490894,0.38077209408383306,0.19103892334608652,0.2152126740344268,0.22273790375097882,0.2517094936254791,0.23914038175023353,0.17854754110722396,0.28559213980624504
453.125,4291.282,4214.359,4169.231,4178.974,4270.769,0.1794034574274789,0.16230239536554125,0.20536796854410053,0.1742267846323534,0.22040654138759233,0.23227026704490894,0.38077209408383306,0.19103892334608652,0.2152126740344268,0.22273790375097882,0.2517094936254791,0.23914038175023353,0.17854754110722396,0.28559213980624504
460.9375,4297.949,4215.897,4169.744,4182.564,4279.487,0.1794034574274789,0.16230239536554125,0.20536796854410053,0.1742267846323534,0.22040654138759233,0.23227026704490894,0.38077209408383306,0.19103892334608652,0.2152126740344268,0.22273790375097882,0.2517094936254791,0.23914038175023353,0.17854754110722396,0.28559213980624504
468.75,4306.667,4217.436,4173.846,4184.615,4282.051,0.1794034574274789,0.16230239536554125,0.20536796854410053,0.1742267846323534,0.22040654138759233,0.23227026704490894,0.38077209408383306,0.19103892334608652,0.2152126740344268,0.22273790375097882,0.2517094936254791,0.23914038175023353,0.17854754110722396,0.28559213980624504
476.5625,4322.564,4215.897,4184.615,4185.641,4282.051,0.1794034574274789,0.16230239536554125,0.20536796854410053,0.1742267846323534,0.22040654138759233,0.23227026704490894,0.38077209408383306,0.19103892334608652,0.2152126740344268,0.22273790375097882,0.2517094936254791,0.23914038175023353,0.17854754110722396,0.28559213980624504
484.375,4314.872,4220.513,4177.949,4190.769,4283.59,0.1794034574274789,0.16230239536554125,0.20536796854410053,0.1742267846323534,0.22040654138759233,0.23227026704490894,0.38077209408383306,0.19103892334608652,0.2152126740344268,0.22273790375097882,0.2517094936254791,0.23914038175023353,0.17854754110722396,0.28559213980624504
492.1875,4302.051,4233.333,4171.795,4201.026,4278.974,0.1794034574274789,0.16230239536554125,0.20536796854410053,0.1742267846323534,0.22040654138759233,0.23227026704490894,0.38077209408383306,0.19103892334608652,0.2152126740344268,0.22273790375097882,0.2517094936254791,0.23914038175023353,0.17854754110722396,0.28559213980624504
500.0,4294.359,4236.41,4162.564,4190.769,4271.795,0.1794034574274789,0.16230239536554125,0.20536796854410053,0.1742267846323534,0.22040654138759233,0.23227026704490894,0.38077209408383306,0.19103892334608652,0.2152126740344268,0.22273790375097882,0.2517094936254791,0.23914038175023353,0.17854754110722396,0.28559213980624504
507.8125,4288.205,4217.949,4138.974,4168.205,4262.564,0.1794034574274789,0.16230239536554125,0.20536796854410053,0.1742267846323534,0.22040654138759233,0.23227026704490894,0.38077209408383306,0.19103892334608652,0.2152126740344268,0.22273790375097882,0.2517094936254791,0.23914038175023353,0.17854754110722396,0.28559213980624504
515.625,4302.051,4211.282,4134.872,4172.821,4264.103,0.1794034574274789,0.16230239536554125,0.20536796854410053,0.1742267846323534,0.22040654138759233,0.23227026704490894,0.38077209408383306,0.19103892334608652,0.2152126740344268,0.22273790375097882,0.2517094936254791,0.23914038175023353,0.17854754110722396,0.28559213980624504
523.4375,4328.205,4225.641,4152.308,4195.897,4275.897,0.1794034574274789,0.16230239536554125,0.20536796854410053,0.1742267846323534,0.22040654138759233,0.23227026704490894,0.38077209408383306,0.19103892334608652,0.2152126740344268,0.22273790375097882,0.2517094936254791,0.23914038175023353,0.17854754110722396,0.28559213980624504
531.25,4333.333,4227.179,4171.795,4195.897,4272.308,0.1794034574274789,0.16230239536554125,0.20536796854410053,0.1742267846323534,0.22040654138759233,0.23227026704490894,0.38077209408383306,0.19103892334608652,0.2152126740344268,0.22273790375097882,0.2517094936254791,0.23914038175023353,0.17854754110722396,0.28559213980624504
539.0625,4321.538,4229.744,4183.077,4187.692,4271.282,0.1794034574274789,0.16230239536554125,0.20536796854410053,0.1742267846323534,0.22040654138759233,0.23227026704490894,0.38077209408383306,0.19103892334608652,0.2152126740344268,0.22273790375097882,0.2517094936254791,0.23914038175023353,0.17854754110722396,0.28559213980624504
546.875,4319.487,4244.615,4194.872,4202.564,4287.179,0.1794034574274789,0.16230239536554125,0.20536796854410053,0.1742267846323534,0.22040654138759233,0.23227026704490894,0.38077209408383306,0.19103892334608652,0.2152126740344268,0.22273790375097882,0.2517094936254791,0.23914038175023353,0.17854754110722396,0.28559213980624504
554.6875,4333.333,4247.692,4197.436,4221.538,4298.974,0.1794034574274789,0.16230239536554125,0.20536796854410053,0.1742267846323534,0.22040654138759233,0.23227026704490894,0.38077209408383306,0.19103892334608652,0.2152126740344268,0.22273790375097882,0.2517094936254791,0.23914038175023353,0.17854754110722396,0.28559213980624504
562.5,4351.282,4242.564,4198.462,4230.256,4300.513,0.1794034574274789,0.16230239536554125,0.20536796854410053,0.1742267846323534,0.22040654138759233,0.23227026704490894,0.38077209408383306,0.19103892334608652,0.2152126740344268,0.22273790375097882,0.2517094936254791,0.23914038175023353,0.17854754110722396,0.28559213980624504
570.3125,4372.821,4257.436,4231.795,4255.897,4311.795,0.1794034574274789,0.16230239536554125,0.20536796854410053,0.1742267846323534,0.22040654138759233,0.23227026704490894,0.38077209408383306,0.19103892334608652,0.2152126740344268,0.22273790375097882,0.2517094936254791,0.23914038175023353,0.17854754110722396,0.28559213980624504
578.125,4376.923,4276.41,4244.103,4281.538,4323.59,0.1794034574274789,0.16230239536554125,0.20536796854410053,0.1742267846323534,0.22040654138759233,0.23227026704490894,0.38077209408383306,0.19103892334608652,0.2152126740344268,0.22273790375097882,0.2517094936254791,0.23914038175023353,0.17854754110722396,0.28559213980624504
585.9375,4364.615,4268.718,4211.795,4271.795,4312.821,0.1794034574274789,0.16230239536554125,0.20536796854410053,0.1742267846323534,0.22040654138759233,0.23227026704490894,0.38077209408383306,0.19103892334608652,0.2152126740344268,0.22273790375097882,0.2517094936254791,0.23914038175023353,0.17854754110722396,0.28559213980624504
593.75,4367.179,4252.821,4206.667,4261.538,4301.538,0.1794034574274789,0.16230239536554125,0.20536796854410053,0.1742267846323534,0.22040654138759233,0.23227026704490894,0.38077209408383306,0.19103892334608652,0.2152126740344268,0.22273790375097882,0.2517094936254791,0.23914038175023353,0.17854754110722396,0.28559213980624504
601.5625,4372.308,4254.872,4213.333,4266.154,4306.154,0.1794034574274789,0.16230239536554125,0.20536796854410053,0.1742267846323534,0.22040654138759233,0.23227026704490894,0.38077209408383306,0.19103892334608652,0.2152126740344268,0.22273790375097882,0.2517094936254791,0.23914038175023353,0.17854754110722396,0.28559213980624504
609.375,4361.026,4269.744,4196.923,4266.154,4309.744,0.1794034574274789,0.16230239536554125,0.20536796854410053,0.1742267846323534,0.22040654138759233,0.23227026704490894,0.38077209408383306,0.19103892334608652,0.2152126740344268,0.22273790375097882,0.2517094936254791,0.23914038175023353,0.17854754110722396,0.28559213980624504
617.1875,4359.487,4271.795,4195.385,4267.692,4307.179,0.1794034574274789,0.16230239536554125,0.20536796854410053,0.1742267846323534,0.22040654138759233,0.23227026704490894,0.38077209408383306,0.19103892334608652,0.2152126740344268,0.22273790375097882,0.2517094936254791,0.23914038175023353,0.17854754110722396,0.28559213980624504
625.0,4362.051,4256.41,4206.667,4265.128,4306.154,0.1794034574274789,0.16230239536554125,0.20536796854410053,0.1742267846323534,0.22040654138759233,0.23227026704490894,0.38077209408383306,0.19103892334608652,0.2152126740344268,0.22273790375097882,0.2517094936254791,0.23914038175023353,0.17854754110722396,0.28559213980624504
632.8125,4344.615,4246.154,4211.795,4249.744,4299.487,0.1794034574274789,0.16230239536554125,0.20536796854410053,0.1742267846323534,0.22040654138759233,0.23227026704490894,0.38077209408383306,0.19103892334608652,0.2152126740344268,0.22273790375097882,0.2517094936254791,0.23914038175023353,0.17854754110722396,0.28559213980624504
640.625,4325.128,4244.615,4205.641,4237.949,4283.59,0.1794034574274789,0.16230239536554125,0.20536796854410053,0.1742267846323534,0.22040654138759233,0.23227026704490894,0.38077209408383306,0.19103892334608652,0.2152126740344268,0.22273790375097882,0.2517094936254791,0.23914038175023353,0.17854754110722396,0.28559213980624504
648.4375,4312.308,4231.282,4184.615,4234.359,4267.692,0.1794034574274789,0.16230239536554125,0.20536796854410053,0.1742267846323534,0.22040654138759233,0.23227026704490894,0.38077209408383306,0.19103892334608652,0.2152126740344268,0.22273790375097882,0.2517094936254791,0.23914038175023353,0.17854754110722396,0.28559213980624504
656.25,4307.692,4224.103,4185.128,4249.231,4270.769,0.1794034574274789,0.16230239536554125,0.20536796854410053,0.1742267846323534,0.22040654138759233,0.23227026704490894,0.38077209408383306,0.19103892334608652,0.2152126740344268,0.22273790375097882,0.2517094936254791,0.23914038175023353,0.17854754110722396,0.28559213980624504
664.0625,4321.538,4246.667,4223.077,4282.564,4301.538,0.1794034574274789,0.16230239536554125,0.20536796854410053,0.1742267846323534,0.22040654138759233,0.23227026704490894,0.38077209408383306,0.19103892334608652,0.2152126740344268,0.22273790375097882,0.2517094936254791,0.23914038175023353,0.17854754110722396,0.28559213980624504
671.875,4335.385,4269.231,4254.359,4292.821,4323.59,0.1794034574274789,0.16230239536554125,0.20536796854410053,0.1742267846323534,0.22040654138759233,0.23227026704490894,0.38077209408383306,0.19103892334608652,0.2152126740344268,0.22273790375097882,0.2517094936254791,0.23914038175023353,0.17854754110722396,0.28559213980624504
679.6875,4333.333,4267.179,4244.103,4284.615,4314.359,0.1794034574274789,0.16230239536554125,0.20536796854410053,0.1742267846323534,0.22040654138759233,0.23227026704490894,0.38077209408383306,0.19103892334608652,0.2152126740344268,0.22273790375097882,0.2517094936254791,0.23914038175023353,0.17854754110722396,0.28559213980624504
687.5,4327.179,4252.821,4213.846,4281.026,4296.923,0.1794034574274789,0.16230239536554125,0.20536796854410053,0.1742267846323534,0.22040654138759233,0.23227026704490894,0.38077209408383306,0.19103892334608652,0.2152126740344268,0.22273790375097882,0.2517094936254791,0.23914038175023353,0.17854754110722396,0.28559213980624504
695.3125,4314.359,4247.692,4192.821,4266.667,4282.051,0.1794034574274789,0.16230239536554125,0.20536796854410053,0.1742267846323534,0.22040654138759233,0.23227026704490894,0.38077209408383306,0.19103892334608652,0.2152126740344268,0.22273790375097882,0.2517094936254791,0.23914038175023353,0.17854754110722396,0.28559213980624504
703.125,4283.077,4233.333,4175.897,4246.154,4256.923,0.1794034574274789,0.16230239536554125,0.20536796854410053,0.1742267846323534,0.22040654138759233,0.23227026704490894,0.38077209408383306,0.19103892334608652,0.2152126740344268,0.22273790375097882,0.2517094936254791,0.23914038175023353,0.17854754110722396,0.28559213980624504
710.9375,4248.718,4203.59,4169.231,4230.256,4226.154,0.1794034574274789,0.16230239536554125,0.20536796854410053,0.1742267846323534,0.22040654138759233,0.23227026704490894,0.38077209408383306,0.19103892334608652,0.2152126740344268,0.22273790375097882,0.2517094936254791,0.23914038175023353,0.17854754110722396,0.28559213980624504
718.75,4240.513,4203.077,4164.615,4216.41,4218.462,0.1794034574274789,0.16230239536554125,0.20536796854410053,0.1742267846323534,0.22040654138759233,0.23227026704490894,0.38077209408383306,0.19103892334608652,0.2152126740344268,0.22273790375097882,0.2517094936254791,0.23914038175023353,0.17854754110722396,0.28559213980624504
726.5625,4256.923,4229.231,4157.949,4218.462,4229.231,0.1794034574274789,0.16230239536554125,0.20536796854410053,0.1742267846323534,0.22040654138759233,0.23227026704490894,0.38077209408383306,0.19103892334608652,0.2152126740344268,0.22273790375097882,0.2517094936254791,0.23914038175023353,0.17854754110722396,0.28559213980624504
734.375,4276.41,4240.0,4173.333,4252.821,4247.179,0.1794034574274789,0.16230239536554125,0.20536796854410053,0.1742267846323534,0.22040654138759233,0.23227026704490894,0.38077209408383306,0.19103892334608652,0.2152126740344268,0.22273790375097882,0.2517094936254791,0.23914038175023353,0.17854754110722396,0.28559213980624504
742.1875,4282.051,4235.897,4185.128,4272.821,4260.0,0.1794034574274789,0.16230239536554125,0.20536796854410053,0.1742267846323534,0.22040654138759233,0.23227026704490894,0.38077209408383306,0.19103892334608652,0.2152126740344268,0.22273790375097882,0.2517094936254791,0.23914038175023353,0.17854754110722396,0.28559213980624504
750.0,4284.615,4244.103,4176.41,4260.0,4260.0,0.1794034574274789,0.16230239536554125,0.20536796854410053,0.1742267846323534,0.22040654138759233,0.23227026704490894,0.38077209408383306,0.19103892334608652,0.2152126740344268,0.22273790375097882,0.2517094936254791,0.23914038175023353,0.17854754110722396,0.28559213980624504
757.8125,4297.436,4253.846,4171.795,4259.487,4268.718,0.1794034574274789,0.16230239536554125,0.20536796854410053,0.1742267846323534,0.22040654138759233,0.23227026704490894,0.38077209408383306,0.19103892334608652,0.2152126740344268,0.22273790375097882,0.2517094936254791,0.23914038175023353,0.17854754110722396,0.28559213980624504
765.625,4291.282,4224.103,4152.821,4261.026,4273.333,0.1794034574274789,0.16230239536554125,0.20536796854410053,0.1742267846323534,0.22040654138759233,0.23227026704490894,0.38077209408383306,0.19103892334608652,0.2152126740344268,0.22273790375097882,0.2517094936254791,0.23914038175023353,0.17854754110722396,0.28559213980624504
773.4375,4276.923,4193.846,4138.462,4258.462,4269.744,0.1794034574274789,0.16230239536554125,0.20536796854410053,0.1742267846323534,0.22040654138759233,0.23227026704490894,0.38077209408383306,0.19103892334608652,0.2152126740344268,0.22273790375097882,0.2517094936254791,0.23914038175023353,0.17854754110722396,0.28559213980624504
781.25,4284.103,4209.231,4159.487,4273.333,4277.949,0.1794034574274789,0.16230239536554125,0.20536796854410053,0.1742267846323534,0.22040654138759233,0.23227026704490894,0.38077209408383306,0.19103892334608652,0.2152126740344268,0.22273790375097882,0.2517094936254791,0.23914038175023353,0.17854754110722396,0.28559213980624504
789.0625,4288.718,4231.282,4183.59,4282.051,4278.462,0.1794034574274789,0.16230239536554125,0.20536796854410053,0.1742267846323534,0.22040654138759233,0.23227026704490894,0.38077209408383306,0.19103892334608652,0.2152126740344268,0.22273790375097882,0.2517094936254791,0.23914038175023353,0.17854754110722396,0.28559213980624504
796.875,4282.564,4227.179,4182.564,4268.205,4256.41,0.1794034574274789,0.16230239536554125,0.20536796854410053,0.1742267846323534,0.22040654138759233,0.23227026704490894,0.38077209408383306,0.19103892334608652,0.2152126740344268,0.22273790375097882,0.2517094936254791,0.23914038175023353,0.17854754110722396,0.28559213980624504
804.6875,4286.667,4229.231,4179.487,4262.051,4257.436,0.1794034574274789,0.16230239536554125,0.20536796854410053,0.1742267846323534,0.22040654138759233,0.23227026704490894,0.38077209408383306,0.19103892334608652,0.2152126740344268,0.22273790375097882,0.2517094936254791,0.23914038175023353,0.17854754110722396,0.28559213980624504
812.5,4301.026,4253.846,4193.333,4283.59,4298.462,0.1794034574274789,0.16230239536554125,0.20536796854410053,0.1742267846323534,0.22040654138759233,0.23227026704490894,0.38077209408383306,0.19103892334608652,0.2152126740344268,0.22273790375097882,0.2517094936254791,0.23914038175023353,0.17854754110722396,0.28559213980624504
820.3125,4309.744,4270.769,4201.538,4306.667,4323.077,0.1794034574274789,0.16230239536554125,0.20536796854410053,0.1742267846323534,0.22040654138759233,0.23227026704490894,0.38077209408383306,0.19103892334608652,0.2152126740344268,0.22273790375097882,0.2517094936254791,0.23914038175023353,0.17854754110722396,0.28559213980624504
828.125,4307.692,4261.538,4187.692,4311.282,4311.282,0.1794034574274789,0.16230239536554125,0.20536796854410053,0.1742267846323534,0.22040654138759233,0.23227026704490894,0.38077209408383306,0.19103892334608652,0.2152126740344268,0.22273790375097882,0.2517094936254791,0.23914038175023353,0.17854754110722396,0.28559213980624504
835.9375,4278.974,4237.436,4156.923,4292.821,4285.641,0.1794034574274789,0.16230239536554125,0.20536796854410053,0.1742267846323534,0.22040654138759233,0.23227026704490894,0.38077209408383306,0.19103892334608652,0.2152126740344268,0.22273790375097882,0.2517094936254791,0.23914038175023353,0.17854754110722396,0.28559213980624504
843.75,4257.949,4234.359,4153.333,4285.641,4274.359,0.1794034574274789,0.16230239536554125,0.20536796854410053,0.1742267846323534,0.22040654138759233,0.23227026704490894,0.38077209408383306,0.19103892334608652,0.2152126740344268,0.22273790375097882,0.2517094936254791,0.23914038175023353,0.17854754110722396,0.28559213980624504
851.5625,4286.154,4261.538,4193.333,4313.333,4287.179,0.1794034574274789,0.16230239536554125,0.20536796854410053,0.1742267846323534,0.22040654138759233,0.23227026704490894,0.38077209408383306,0.19103892334608652,0.2152126740344268,0.22273790375097882,0.2517094936254791,0.23914038175023353,0.17854754110722396,0.28559213980624504
859.375,4307.692,4270.769,4209.231,4329.744,4292.308,0.1794034574274789,0.16230239536554125,0.20536796854410053,0.1742267846323534,0.22040654138759233,0.23227026704490894,0.38077209408383306,0.19103892334608652,0.2152126740344268,0.22273790375097882,0.2517094936254791,0.23914038175023353,0.17854754110722396,0.28559213980624504
867.1875,4276.923,4254.872,4188.718,4311.795,4272.821,0.1794034574274789,0.16230239536554125,0.20536796854410053,0.1742267846323534,0.22040654138759233,0.23227026704490894,0.38077209408383306,0.19103892334608652,0.2152126740344268,0.22273790375097882,0.2517094936254791,0.23914038175023353,0.17854754110722396,0.28559213980624504
875.0,4244.615,4246.154,4174.872,4308.205,4263.59,0.1794034574274789,0.16230239536554125,0.20536796854410053,0.1742267846323534,0.22040654138759233,0.23227026704490894,0.38077209408383306,0.19103892334608652,0.2152126740344268,0.22273790375097882,0.2517094936254791,0.23914038175023353,0.17854754110722396,0.28559213980624504
882.8125,4245.128,4240.0,4169.744,4328.718,4268.718,0.1794034574274789,0.16230239536554125,0.20536796854410053,0.1742267846323534,0.22040654138759233,0.23227026704490894,0.38077209408383306,0.19103892334608652,0.2152126740344268,0.22273790375097882,0.2517094936254791,0.23914038175023353,0.17854754110722396,0.28559213980624504
890.625,4227.692,4226.154,4157.949,4317.949,4252.821,0.1794034574274789,0.16230239536554125,0.20536796854410053,0.1742267846323534,0.22040654138759233,0.23227026704490894,0.38077209408383306,0.19103892334608652,0.2152126740344268,0.22273790375097882,0.2517094936254791,0.23914038175023353,0.17854754110722396,0.28559213980624504
898.4375,4186.154,4210.769,4126.667,4281.026,4222.051,0.1794034574274789,0.16230239536554125,0.20536796854410053,0.1742267846323534,0.22040654138759233,0.23227026704490894,0.38077209408383306,0.19103892334608652,0.2152126740344268,0.22273790375097882,0.2517094936254791,0.23914038175023353,0.17854754110722396,0.28559213980624504
906.25,4164.103,4172.821,4087.692,4253.846,4181.026,0.1794034574274789,0.16230239536554125,0.20536796854410053,0.1742267846323534,0.22040654138759233,0.23227026704490894,0.38077209408383306,0.19103892334608652,0.2152126740344268,0.22273790375097882,0.2517094936254791,0.23914038175023353,0.17854754110722396,0.28559213980624504
914.0625,4177.436,4153.846,4088.718,4244.615,4163.077,0.1794034574274789,0.16230239536554125,0.20536796854410053,0.1742267846323534,0.22040654138759233,0.23227026704490894,0.38077209408383306,0.19103892334608652,0.2152126740344268,0.22273790375097882,0.2517094936254791,0.23914038175023353,0.17854754110722396,0.28559213980624504
921.875,4203.59,4205.128,4120.0,4262.051,4207.179,0.1794034574274789,0.16230239536554125,0.20536796854410053,0.1742267846323534,0.22040654138759233,0.23227026704490894,0.38077209408383306,0.19103892334608652,0.2152126740344268,0.22273790375097882,0.2517094936254791,0.23914038175023353,0.17854754110722396,0.28559213980624504
929.6875,4211.795,4224.615,4120.513,4283.59,4241.538,0.1794034574274789,0.16230239536554125,0.20536796854410053,0.1742267846323534,0.22040654138759233,0.23227026704490894,0.38077209408383306,0.19103892334608652,0.2152126740344268,0.22273790375097882,0.2517094936254791,0.23914038175023353,0.17854754110722396,0.28559213980624504
937.5,4196.923,4169.744,4101.026,4262.564,4205.641,0.1794034574274789,0.16230239536554125,0.20536796854410053,0.1742267846323534,0.22040654138759233,0.23227026704490894,0.38077209408383306,0.19103892334608652,0.2152126740344268,0.22273790375097882,0.2517094936254791,0.23914038175023353,0.17854754110722396,0.28559213980624504
945.3125,4174.359,4164.615,4091.282,4240.513,4186.154,0.1794034574274789,0.16230239536554125,0.20536796854410053,0.1742267846323534,0.22040654138759233,0.23227026704490894,0.38077209408383306,0.19103892334608652,0.2152126740344268,0.22273790375097882,0.2517094936254791,0.23914038175023353,0.17854754110722396,0.28559213980624504
953.125,4180.513,4211.282,4097.436,4267.692,4226.667,0.1794034574274789,0.16230239536554125,0.20536796854410053,0.1742267846323534,0.22040654138759233,0.23227026704490894,0.38077209408383306,0.19103892334608652,0.2152126740344268,0.22273790375097882,0.2517094936254791,0.23914038175023353,0.17854754110722396,0.28559213980624504
960.9375,4215.385,4220.0,4129.231,4301.538,4244.615,0.1794034574274789,0.16230239536554125,0.20536796854410053,0.1742267846323534,0.22040654138759233,0.23227026704490894,0.38077209408383306,0.19103892334608652,0.2152126740344268,0.22273790375097882,0.2517094936254791,0.23914038175023353,0.17854754110722396,0.28559213980624504
968.75,4225.128,4228.205,4149.744,4315.385,4249.231,0.1794034574274789,0.16230239536554125,0.20536796854410053,0.1742267846323534,0.22040654138759233,0.23227026704490894,0.38077209408383306,0.19103892334608652,0.2152126740344268,0.22273790375097882,0.2517094936254791,0.23914038175023353,0.17854754110722396,0.28559213980624504
976.5625,4200.513,4240.0,4125.128,4313.846,4264.103,0.1794034574274789,0.16230239536554125,0.20536796854410053,0.1742267846323534,0.22040654138759233,0.23227026704490894,0.38077209408383306,0.19103892334608652,0.2152126740344268,0.22273790375097882,0.2517094936254791,0.23914038175023353,0.17854754110722396,0.28559213980624504
984.375,4184.103,4216.923,4118.462,4294.872,4240.513,0.1794034574274789,0.16230239536554125,0.20536796854410053,0.1742267846323534,0.22040654138759233,0.23227026704490894,0.38077209408383306,0.19103892334608652,0.2152126740344268,0.22273790375097882,0.2517094936254791,0.23914038175023353,0.17854754110722396,0.28559213980624504
992.1875,4194.359,4214.359,4153.333,4284.103,4222.564,0.1794034574274789,0.16230239536554125,0.20536796854410053,0.1742267846323534,0.22040654138759233,0.23227026704490894,0.38077209408383306,0.19103892334608652,0.2152126740344268,0.22273790375097882,0.2517094936254791,0.23914038175023353,0.17854754110722396,0.28559213980624504
1000.0,4207.179,4237.436,4150.769,4294.872,4247.692,0.1794034574274789,0.16230239536554125,0.20536796854410053,0.1742267846323534,0.22040654138759233,0.23227026704490894,0.38077209408383306,0.19103892334608652,0.2152126740344268,0.22273790375097882,0.2517094936254791,0.23914038175023353,0.17854754110722396,0.28559213980624504
1007.8125,4203.077,4223.077,4130.769,4288.205,4247.179,0.1794034574274789,0.16230239536554125,0.20536796854410053,0.1742267846323534,0.22040654138759233,0.23227026704490894,0.38077209408383306,0.19103892334608652,0.2152126740344268,0.22273790375097882,0.2517094936254791,0.23914038175023353,0.17854754110722396,0.28559213980624504
1015.625,4213.333,4217.436,4154.359,4288.205,4236.923,0.1794034574274789,0.16230239536554125,0.20536796854410053,0.1742267846323534,0.22040654138759233,0.23227026704490894,0.38077209408383306,0.19103892334608652,0.2152126740344268,0.22273790375097882,0.2517094936254791,0.23914038175023353,0.17854754110722396,0.28559213980624504
1023.4375,4245.128,4242.564,4175.897,4327.179,4265.641,0.1794034574274789,0.16230239536554125,0.20536796854410053,0.1742267846323534,0.22040654138759233,0.23227026704490894,0.38077209408383306,0.19103892334608652,0.2152126740344268,0.22273790375097882,0.2517094936254791,0.23914038175023353,0.17854754110722396,0.28559213980624504
1031.25,4253.846,4247.179,4174.359,4344.615,4280.513,0.1794034574274789,0.16230239536554125,0.20536796854410053,0.1742267846323534,0.22040654138759233,0.23227026704490894,0.38077209408383306,0.19103892334608652,0.2152126740344268,0.22273790375097882,0.2517094936254791,0.23914038175023353,0.17854754110722396,0.28559213980624504
1039.0625,4235.385,4230.256,4165.641,4327.179,4266.154,0.1794034574274789,0.16230239536554125,0.20536796854410053,0.1742267846323534,0.22040654138759233,0.23227026704490894,0.38077209408383306,0.19103892334608652,0.2152126740344268,0.22273790375097882,0.2517094936254791,0.23914038175023353,0.17854754110722396,0.28559213980624504
1046.875,4221.538,4206.154,4153.846,4310.769,4252.308,0.1794034574274789,0.16230239536554125,0.20536796854410053,0.1742267846323534,0.22040654138759233,0.23227026704490894,0.38077209408383306,0.19103892334608652,0.2152126740344268,0.22273790375097882,0.2517094936254791,0.23914038175023353,0.17854754110722396,0.28559213980624504
1054.6875,4212.308,4192.308,4150.769,4303.077,4241.538,0.1794034574274789,0.16230239536554125,0.20536796854410053,0.1742267846323534,0.22040654138759233,0.23227026704490894,0.38077209408383306,0.19103892334608652,0.2152126740344268,0.22273790375097882,0.2517094936254791,0.23914038175023353,0.17854754110722396,0.28559213980624504
1062.5,4213.846,4207.179,4152.308,4301.538,4247.692,0.1794034574274789,0.16230239536554125,0.20536796854410053,0.1742267846323534,0.22040654138759233,0.23227026704490894,0.38077209408383306,0.19103892334608652,0.2152126740344268,0.22273790375097882,0.2517094936254791,0.23914038175023353,0.17854754110722396,0.28559213980624504
1070.3125,4228.205,4225.641,4158.462,4296.41,4254.872,0.1794034574274789,0.16230239536554125,0.20536796854410053,0.1742267846323534,0.22040654138759233,0.23227026704490894,0.38077209408383306,0.19103892334608652,0.2152126740344268,0.22273790375097882,0.2517094936254791,0.23914038175023353,0.17854754110722396,0.28559213980624504
1078.125,4219.487,4226.154,4163.077,4292.308,4244.615,0.1794034574274789,0.16230239536554125,0.20536796854410053,0.1742267846323534,0.22040654138759233,0.23227026704490894,0.38077209408383306,0.19103892334608652,0.2152126740344268,0.22273790375097882,0.2517094936254791,0.23914038175023353,0.17854754110722396,0.28559213980624504
1085.9375,4211.282,4225.128,4162.051,4297.949,4240.513,0.1794034574274789,0.16230239536554125,0.20536796854410053,0.1742267846323534,0.22040654138759233,0.23227026704490894,0.38077209408383306,0.19103892334608652,0.2152126740344268,0.22273790375097882,0.2517094936254791,0.23914038175023353,0.17854754110722396,0.28559213980624504
1093.75,4233.846,4234.359,4165.641,4301.538,4250.769,0.1794034574274789,0.16230239536554125,0.20536796854410053,0.1742267846323534,0.22040654138759233,0.23227026704490894,0.38077209408383306,0.19103892334608652,0.2152126740344268,0.22273790375097882,0.2517094936254791,0.23914038175023353,0.17854754110722396,0.28559213980624504
1101.5625,4234.359,4236.41,4147.692,4292.308,4252.308,0.1794034574274789,0.16230239536554125,0.20536796854410053,0.1742267846323534,0.22040654138759233,0.23227026704490894,0.38077209408383306,0.19103892334608652,0.2152126740344268,0.22273790375097882,0.2517094936254791,0.23914038175023353,0.17854754110722396,0.28559213980624504
1109.375,4212.308,4227.692,4123.077,4291.282,4240.0,0.1794034574274789,0.16230239536554125,0.20536796854410053,0.1742267846323534,0.22040654138759233,0.23227026704490894,0.38077209408383306,0.19103892334608652,0.2152126740344268,0.22273790375097882,0.2517094936254791,0.23914038175023353,0.17854754110722396,0.28559213980624504
1117.1875,4216.41,4228.205,4126.667,4305.128,4237.949,0.1794034574274789,0.16230239536554125,0.20536796854410053,0.1742267846323534,0.22040654138759233,0.23227026704490894,0.38077209408383306,0.19103892334608652,0.2152126740344268,0.22273790375097882,0.2517094936254791,0.23914038175023353,0.17854754110722396,0.28559213980624504
1125.0,4231.795,4233.846,4123.59,4322.564,4250.769,0.1794034574274789,0.16230239536554125,0.20536796854410053,0.1742267846323534,0.22040654138759233,0.23227026704490894,0.38077209408383306,0.19103892334608652,0.2152126740344268,0.22273790375097882,0.2517094936254791,0.23914038175023353,0.17854754110722396,0.28559213980624504
1132.8125,4223.077,4216.923,4111.282,4323.077,4242.051,0.1794034574274789,0.16230239536554125,0.20536796854410053,0.1742267846323534,0.22040654138759233,0.23227026704490894,0.38077209408383306,0.19103892334608652,0.2152126740344268,0.22273790375097882,0.2517094936254791,0.23914038175023353,0.17854754110722396,0.28559213980624504
1140.625,4192.308,4202.051,4103.077,4300.513,4210.256,0.1794034574274789,0.16230239536554125,0.20536796854410053,0.1742267846323534,0.22040654138759233,0.23227026704490894,0.38077209408383306,0.19103892334608652,0.2152126740344268,0.22273790375097882,0.2517094936254791,0.23914038175023353,0.17854754110722396,0.28559213980624504
1148.4375,4191.282,4213.846,4099.487,4297.436,4218.974,0.1794034574274789,0.16230239536554125,0.20536796854410053,0.1742267846323534,0.22040654138759233,0.23227026704490894,0.38077209408383306,0.19103892334608652,0.2152126740344268,0.22273790375097882,0.2517094936254791,0.23914038175023353,0.17854754110722396,0.28559213980624504
1156.25,4236.923,4228.205,4122.051,4329.744,4269.744,0.1794034574274789,0.16230239536554125,0.20536796854410053,0.1742267846323534,0.22040654138759233,0.23227026704490894,0.38077209408383306,0.19103892334608652,0.2152126740344268,0.22273790375097882,0.2517094936254791,0.23914038175023353,0.17854754110722396,0.28559213980624504
1164.0625,4266.154,4232.308,4144.615,4349.231,4289.744,0.1794034574274789,0.16230239536554125,0.20536796854410053,0.1742267846323534,0.22040654138759233,0.23227026704490894,0.38077209408383306,0.19103892334608652,0.2152126740344268,0.22273790375097882,0.2517094936254791,0.23914038175023353,0.17854754110722396,0.28559213980624504
1171.875,4259.487,4239.487,4152.821,4345.128,4278.974,0.1794034574274789,0.16230239536554125,0.20536796854410053,0.1742267846323534,0.22040654138759233,0.23227026704490894,0.38077209408383306,0.19103892334608652,0.2152126740344268,0.22273790375097882,0.2517094936254791,0.23914038175023353,0.17854754110722396,0.28559213980624504
1179.6875,4269.744,4255.897,4174.872,4343.077,4277.949,0.1794034574274789,0.16230239536554125,0.20536796854410053,0.1742267846323534,0.22040654138759233,0.23227026704490894,0.38077209408383306,0.19103892334608652,0.2152126740344268,0.22273790375097882,0.2517094936254791,0.23914038175023353,0.17854754110722396,0.28559213980624504
1187.5,4288.205,4276.923,4197.949,4343.59,4278.462,0.1794034574274789,0.16230239536554125,0.20536796854410053,0.1742267846323534,0.22040654138759233,0.23227026704490894,0.38077209408383306,0.19103892334608652,0.2152126740344268,0.22273790375097882,0.2517094936254791,0.23914038175023353,0.17854754110722396,0.28559213980624504
1195.3125,4281.026,4287.179,4197.436,4343.077,4274.872,0.1794034574274789,0.16230239536554125,0.20536796854410053,0.1742267846323534,0.22040654138759233,0.23227026704490894,0.38077209408383306,0.19103892334608652,0.2152126740344268,0.22273790375097882,0.2517094936254791,0.23914038175023353,0.17854754110722396,0.28559213980624504
1203.125,4262.564,4273.846,4176.41,4338.974,4274.359,0.1794034574274789,0.16230239536554125,0.20536796854410053,0.1742267846323534,0.22040654138759233,0.23227026704490894,0.38077209408383306,0.19103892334608652,0.2152126740344268,0.22273790375097882,0.2517094936254791,0.23914038175023353,0.17854754110722396,0.28559213980624504
1210.9375,4236.923,4254.359,4155.897,4320.0,4257.436,0.1794034574274789,0.16230239536554125,0.20536796854410053,0.1742267846323534,0.22040654138759233,0.23227026704490894,0.38077209408383306,0.19103892334608652,0.2152126740344268,0.22273790375097882,0.2517094936254791,0.23914038175023353,0.17854754110722396,0.28559213980624504
1218.75,4209.744,4252.308,4133.333,4308.718,4226.667,0.1794034574274789,0.16230239536554125,0.20536796854410053,0.1742267846323534,0.22040654138759233,0.23227026704490894,0.38077209408383306,0.19103892334608652,0.2152126740344268,0.22273790375097882,0.2517094936254791,0.23914038175023353,0.17854754110722396,0.28559213980624504
1226.5625,4212.308,4246.667,4109.231,4320.0,4220.0,0.1794034574274789,0.16230239536554125,0.20536796854410053,0.1742267846323534,0.22040654138759233,0.23227026704490894,0.38077209408383306,0.19103892334608652,0.2152126740344268,0.22273790375097882,0.2517094936254791,0.23914038175023353,0.17854754110722396,0.28559213980624504
1234.375,4225.128,4233.846,4111.795,4322.051,4238.462,0.1794034574274789,0.16230239536554125,0.20536796854410053,0.1742267846323534,0.22040654138759233,0.23227026704490894,0.38077209408383306,0.19103892334608652,0.2152126740344268,0.22273790375097882,0.2517094936254791,0.23914038175023353,0.17854754110722396,0.28559213980624504
1242.1875,4218.462,4237.436,4122.051,4310.769,4251.282,0.1794034574274789,0.16230239536554125,0.20536796854410053,0.1742267846323534,0.22040654138759233,0.23227026704490894,0.38077209408383306,0.19103892334608652,0.2152126740344268,0.22273790375097882,0.2517094936254791,0.23914038175023353,0.17854754110722396,0.28559213980624504
1250.0,4204.103,4237.436,4115.385,4307.179,4231.795,0.1794034574274789,0.16230239536554125,0.20536796854410053,0.1742267846323534,0.22040654138759233,0.23227026704490894,0.38077209408383306,0.19103892334608652,0.2152126740344268,0.22273790375097882,0.2517094936254791,0.23914038175023353,0.17854754110722396,0.28559213980624504
1257.8125,4203.077,4226.667,4117.949,4309.231,4211.795,0.1794034574274789,0.16230239536554125,0.20536796854410053,0.1742267846323534,0.22040654138759233,0.23227026704490894,0.38077209408383306,0.19103892334608652,0.2152126740344268,0.22273790375097882,0.2517094936254791,0.23914038175023353,0.17854754110722396,0.28559213980624504
1265.625,4225.128,4235.897,4138.974,4325.641,4249.744,0.1794034574274789,0.16230239536554125,0.20536796854410053,0.1742267846323534,0.22040654138759233,0.23227026704490894,0.38077209408383306,0.19103892334608652,0.2152126740344268,0.22273790375097882,0.2517094936254791,0.23914038175023353,0.17854754110722396,0.28559213980624504
1273.4375,4249.231,4245.641,4150.769,4340.0,4286.667,0.1794034574274789,0.16230239536554125,0.20536796854410053,0.1742267846323534,0.22040654138759233,0.23227026704490894,0.38077209408383306,0.19103892334608652,0.2152126740344268,0.22273790375097882,0.2517094936254791,0.23914038175023353,0.17854754110722396,0.28559213980624504
1281.25,4248.205,4238.974,4152.308,4322.564,4266.154,0.1794034574274789,0.16230239536554125,0.20536796854410053,0.1742267846323534,0.22040654138759233,0.23227026704490894,0.38077209408383306,0.19103892334608652,0.2152126740344268,0.22273790375097882,0.2517094936254791,0.23914038175023353,0.17854754110722396,0.28559213980624504
1289.0625,4246.154,4246.154,4172.308,4312.821,4258.974,0.1794034574274789,0.16230239536554125,0.20536796854410053,0.1742267846323534,0.22040654138759233,0.23227026704490894,0.38077209408383306,0.19103892334608652,0.2152126740344268,0.22273790375097882,0.2517094936254791,0.23914038175023353,0.17854754110722396,0.28559213980624504
1296.875,4274.872,4264.103,4204.103,4341.538,4287.692,0.1794034574274789,0.16230239536554125,0.20536796854410053,0.1742267846323534,0.22040654138759233,0.23227026704490894,0.38077209408383306,0.19103892334608652,0.2152126740344268,0.22273790375097882,0.2517094936254791,0.23914038175023353,0.17854754110722396,0.28559213980624504
1304.6875,4289.744,4283.077,4214.359,4362.051,4297.949,0.1794034574274789,0.16230239536554125,0.20536796854410053,0.1742267846323534,0.22040654138759233,0.23227026704490894,0.38077209408383306,0.19103892334608652,0.2152126740344268,0.22273790375097882,0.2517094936254791,0.23914038175023353,0.17854754110722396,0.28559213980624504
1312.5,4278.974,4310.769,4209.744,4368.718,4306.667,0.1794034574274789,0.16230239536554125,0.20536796854410053,0.1742267846323534,0.22040654138759233,0.23227026704490894,0.38077209408383306,0.19103892334608652,0.2152126740344268,0.22273790375097882,0.2517094936254791,0.23914038175023353,0.17854754110722396,0.28559213980624504
1320.3125,4279.487,4315.897,4199.487,4376.923,4317.436,0.1794034574274789,0.16230239536554125,0.20536796854410053,0.1742267846323534,0.22040654138759233,0.23227026704490894,0.38077209408383306,0.19103892334608652,0.2152126740344268,0.22273790375097882,0.2517094936254791,0.23914038175023353,0.17854754110722396,0.28559213980624504
1328.125,4261.026,4287.692,4160.0,4362.051,4288.718,0.1794034574274789,0.16230239536554125,0.20536796854410053,0.1742267846323534,0.22040654138759233,0.23227026704490894,0.38077209408383306,0.19103892334608652,0.2152126740344268,0.22273790375097882,0.2517094936254791,0.23914038175023353,0.17854754110722396,0.28559213980624504
1335.9375,4228.718,4265.641,4123.077,4340.513,4254.872,0.1794034574274789,0.16230239536554125,0.20536796854410053,0.1742267846323534,0.22040654138759233,0.23227026704490894,0.38077209408383306,0.19103892334608652,0.2152126740344268,0.22273790375097882,0.2517094936254791,0.23914038175023353,0.17854754110722396,0.28559213980624504
1343.75,4216.923,4266.154,4124.103,4333.846,4253.333,0.1794034574274789,0.16230239536554125,0.20536796854410053,0.1742267846323534,0.22040654138759233,0.23227026704490894,0.38077209408383306,0.19103892334608652,0.2152126740344268,0.22273790375097882,0.2517094936254791,0.23914038175023353,0.17854754110722396,0.28559213980624504
1351.5625,4222.564,4270.769,4130.769,4328.205,4256.41,0.1794034574274789,0.16230239536554125,0.20536796854410053,0.1742267846323534,0.22040654138759233,0.23227026704490894,0.38077209408383306,0.19103892334608652,0.2152126740344268,0.22273790375097882,0.2517094936254791,0.23914038175023353,0.17854754110722396,0.28559213980624504
1359.375,4240.513,4267.692,4130.256,4328.718,4251.795,0.1794034574274789,0.16230239536554125,0.20536796854410053,0.1742267846323534,0.22040654138759233,0.23227026704490894,0.38077209408383306,0.19103892334608652,0.2152126740344268,0.22273790375097882,0.2517094936254791,0.23914038175023353,0.17854754110722396,0.28559213980624504
1367.1875,4265.128,4270.256,4152.821,4347.179,4266.154,0.1794034574274789,0.16230239536554125,0.20536796854410053,0.1742267846323534,0.22040654138759233,0.23227026704490894,0.38077209408383306,0.19103892334608652,0.2152126740344268,0.22273790375097882,0.2517094936254791,0.23914038175023353,0.17854754110722396,0.28559213980624504
1375.0,4268.205,4275.385,4176.41,4356.923,4283.59,0.1794034574274789,0.16230239536554125,0.20536796854410053,0.1742267846323534,0.22040654138759233,0.23227026704490894,0.38077209408383306,0.19103892334608652,0.2152126740344268,0.22273790375097882,0.2517094936254791,0.23914038175023353,0.17854754110722396,0.28559213980624504
1382.8125,4246.667,4265.641,4168.718,4343.077,4266.154,0.1794034574274789,0.16230239536554125,0.20536796854410053,0.1742267846323534,0.22040654138759233,0.23227026704490894,0.38077209408383306,0.19103892334608652,0.2152126740344268,0.22273790375097882,0.2517094936254791,0.23914038175023353,0.17854754110722396,0.28559213980624504
1390.625,4241.026,4244.103,4171.282,4330.769,4249.231,0.1794034574274789,0.16230239536554125,0.20536796854410053,0.1742267846323534,0.22040654138759233,0.23227026704490894,0.38077209408383306,0.19103892334608652,0.2152126740344268,0.22273790375097882,0.2517094936254791,0.23914038175023353,0.17854754110722396,0.28559213980624504
1398.4375,4263.59,4248.205,4196.41,4337.436,4270.256,0.1794034574274789,0.16230239536554125,0.20536796854410053,0.1742267846323534,0.22040654138759233,0.23227026704490894,0.38077209408383306,0.19103892334608652,0.2152126740344268,0.22273790375097882,0.2517094936254791,0.23914038175023353,0.17854754110722396,0.28559213980624504
1406.25,4286.667,4280.513,4216.41,4354.359,4294.872,0.1794034574274789,0.16230239536554125,0.20536796854410053,0.1742267846323534,0.22040654138759233,0.23227026704490894,0.38077209408383306,0.19103892334608652,0.2152126740344268,0.22273790375097882,0.2517094936254791,0.23914038175023353,0.17854754110722396,0.28559213980624504
1414.0625,4280.0,4287.179,4213.333,4354.359,4286.667,0.1794034574274789,0.16230239536554125,0.20536796854410053,0.1742267846323534,0.22040654138759233,0.23227026704490894,0.38077209408383306,0.19103892334608652,0.2152126740344268,0.22273790375097882,0.2517094936254791,0.23914038175023353,0.17854754110722396,0.28559213980624504
1421.875,4258.974,4271.282,4179.487,4338.974,4267.692,0.1794034574274789,0.16230239536554125,0.20536796854410053,0.1742267846323534,0.22040654138759233,0.23227026704490894,0.38077209408383306,0.19103892334608652,0.2152126740344268,0.22273790375097882,0.2517094936254791,0.23914038175023353,0.17854754110722396,0.28559213980624504
1429.6875,4263.077,4285.641,4164.103,4337.436,4280.513,0.1794034574274789,0.16230239536554125,0.20536796854410053,0.1742267846323534,0.22040654138759233,0.23227026704490894,0.38077209408383306,0.19103892334608652,0.2152126740344268,0.22273790375097882,0.2517094936254791,0.23914038175023353,0.17854754110722396,0.28559213980624504
1437.5,4272.308,4303.077,4164.615,4337.436,4306.154,0.1794034574274789,0.16230239536554125,0.20536796854410053,0.1742267846323534,0.22040654138759233,0.23227026704490894,0.38077209408383306,0.19103892334608652,0.2152126740344268,0.22273790375097882,0.2517094936254791,0.23914038175023353,0.17854754110722396,0.28559213980624504
1445.3125,4265.128,4276.41,4147.692,4321.538,4303.59,0.1794034574274789,0.16230239536554125,0.20536796854410053,0.1742267846323534,0.22040654138759233,0.23227026704490894,0.38077209408383306,0.19103892334608652,0.2152126740344268,0.22273790375097882,0.2517094936254791,0.23914038175023353,0.17854754110722396,0.28559213980624504
1453.125,4261.538,4253.333,4143.59,4319.487,4289.744,0.1794034574274789,0.16230239536554125,0.20536796854410053,0.1742267846323534,0.22040654138759233,0.23227026704490894,0.38077209408383306,0.19103892334608652,0.2152126740344268,0.22273790375097882,0.2517094936254791,0.23914038175023353,0.17854754110722396,0.28559213980624504
1460.9375,4256.41,4265.128,4156.923,4334.359,4280.513,0.1794034574274789,0.16230239536554125,0.20536796854410053,0.1742267846323534,0.22040654138759233,0.23227026704490894,0.38077209408383306,0.19103892334608652,0.2152126740344268,0.22273790375097882,0.2517094936254791,0.23914038175023353,0.17854754110722396,0.28559213980624504
1468.75,4240.0,4256.923,4154.872,4323.59,4258.462,0.1794034574274789,0.16230239536554125,0.20536796854410053,0.1742267846323534,0.22040654138759233,0.23227026704490894,0.38077209408383306,0.19103892334608652,0.2152126740344268,0.22273790375097882,0.2517094936254791,0.23914038175023353,0.17854754110722396,0.28559213980624504
1476.5625,4235.897,4235.385,4140.0,4301.538,4241.538,0.1794034574274789,0.16230239536554125,0.20536796854410053,0.1742267846323534,0.22040654138759233,0.23227026704490894,0.38077209408383306,0.19103892334608652,0.2152126740344268,0.22273790375097882,0.2517094936254791,0.23914038175023353,0.17854754110722396,0.28559213980624504
1484.375,4244.103,4241.538,4137.949,4301.026,4243.077,0.1794034574274789,0.16230239536554125,0.20536796854410053,0.1742267846323534,0.22040654138759233,0.23227026704490894,0.38077209408383306,0.19103892334608652,0.2152126740344268,0.22273790375097882,0.2517094936254791,0.23914038175023353,0.17854754110722396,0.28559213980624504
1492.1875,4243.077,4252.308,4145.641,4303.077,4237.436,0.1794034574274789,0.16230239536554125,0.20536796854410053,0.1742267846323534,0.22040654138759233,0.23227026704490894,0.38077209408383306,0.19103892334608652,0.2152126740344268,0.22273790375097882,0.2517094936254791,0.23914038175023353,0.17854754110722396,0.28559213980624504
1500.0,4238.462,4246.667,4143.59,4298.462,4230.769,0.1794034574274789,0.16230239536554125,0.20536796854410053,0.1742267846323534,0.22040654138759233,0.23227026704490894,0.38077209408383306,0.19103892334608652,0.2152126740344268,0.22273790375097882,0.2517094936254791,0.23914038175023353,0.17854754110722396,0.28559213980624504
1507.8125,4251.282,4250.256,4151.282,4307.692,4245.128,0.1794034574274789,0.16230239536554125,0.20536796854410053,0.1742267846323534,0.22040654138759233,0.23227026704490894,0.38077209408383306,0.19103892334608652,0.2152126740344268,0.22273790375097882,0.2517094936254791,0.23914038175023353,0.17854754110722396,0.28559213980624504
1515.625,4269.231,4264.103,4175.897,4318.974,4263.59,0.1794034574274789,0.16230239536554125,0.20536796854410053,0.1742267846323534,0.22040654138759233,0.23227026704490894,0.38077209408383306,0.19103892334608652,0.2152126740344268,0.22273790375097882,0.2517094936254791,0.23914038175023353,0.17854754110722396,0.28559213980624504
1523.4375,4270.769,4257.949,4173.333,4305.641,4255.385,0.1794034574274789,0.16230239536554125,0.20536796854410053,0.1742267846323534,0.22040654138759233,0.23227026704490894,0.38077209408383306,0.19103892334608652,0.2152126740344268,0.22273790375097882,0.2517094936254791,0.23914038175023353,0.17854754110722396,0.28559213980624504
1531.25,4265.641,4253.846,4152.308,4287.179,4251.795,0.1794034574274789,0.16230239536554125,0.20536796854410053,0.1742267846323534,0.22040654138759233,0.23227026704490894,0.38077209408383306,0.19103892334608652,0.2152126740344268,0.22273790375097882,0.2517094936254791,0.23914038175023353,0.17854754110722396,0.28559213980624504
1539.0625,4273.333,4270.769,4148.718,4297.436,4276.923,0.1794034574274789,0.16230239536554125,0.20536796854410053,0.1742267846323534,0.22040654138759233,0.23227026704490894,0.38077209408383306,0.19103892334608652,0.2152126740344268,0.22273790375097882,0.2517094936254791,0.23914038175023353,0.17854754110722396,0.28559213980624504
1546.875,4282.051,4273.333,4155.385,4316.41,4281.538,0.1794034574274789,0.16230239536554125,0.20536796854410053,0.1742267846323534,0.22040654138759233,0.23227026704490894,0.38077209408383306,0.19103892334608652,0.2152126740344268,0.22273790375097882,0.2517094936254791,0.23914038175023353,0.17854754110722396,0.28559213980624504
1554.6875,4271.282,4261.026,4153.333,4313.333,4254.359,0.1794034574274789,0.16230239536554125,0.20536796854410053,0.1742267846323534,0.22040654138759233,0.23227026704490894,0.38077209408383306,0.19103892334608652,0.2152126740344268,0.22273790375097882,0.2517094936254791,0.23914038175023353,0.17854754110722396,0.28559213980624504
1562.5,4247.179,4256.923,4143.59,4290.256,4243.077,0.1794034574274789,0.16230239536554125,0.20536796854410053,0.1742267846323534,0.22040654138759233,0.23227026704490894,0.38077209408383306,0.19103892334608652,0.2152126740344268,0.22273790375097882,0.2517094936254791,0.23914038175023353,0.17854754110722396,0.28559213980624504
1570.3125,4245.128,4258.462,4145.641,4285.128,4259.487,0.1794034574274789,0.16230239536554125,0.20536796854410053,0.1742267846323534,0.22040654138759233,0.23227026704490894,0.38077209408383306,0.19103892334608652,0.2152126740344268,0.22273790375097882,0.2517094936254791,0.23914038175023353,0.17854754110722396,0.28559213980624504
1578.125,4273.846,4253.846,4158.974,4306.154,4264.103,0.1794034574274789,0.16230239536554125,0.20536796854410053,0.1742267846323534,0.22040654138759233,0.23227026704490894,0.38077209408383306,0.19103892334608652,0.2152126740344268,0.22273790375097882,0.2517094936254791,0.23914038175023353,0.17854754110722396,0.28559213980624504
1585.9375,4292.308,4264.103,4175.897,4323.59,4261.026,0.1794034574274789,0.16230239536554125,0.20536796854410053,0.1742267846323534,0.22040654138759233,0.23227026704490894,0.38077209408383306,0.19103892334608652,0.2152126740344268,0.22273790375097882,0.2517094936254791,0.23914038175023353,0.17854754110722396,0.28559213980624504
1593.75,4293.846,4289.231,4198.462,4334.359,4277.949,0.1794034574274789,0.16230239536554125,0.20536796854410053,0.1742267846323534,0.22040654138759233,0.23227026704490894,0.38077209408383306,0.19103892334608652,0.2152126740344268,0.22273790375097882,0.2517094936254791,0.23914038175023353,0.17854754110722396,0.28559213980624504
1601.5625,4293.333,4286.154,4184.103,4327.692,4287.179,0.1794034574274789,0.16230239536554125,0.20536796854410053,0.1742267846323534,0.22040654138759233,0.23227026704490894,0.38077209408383306,0.19103892334608652,0.2152126740344268,0.22273790375097882,0.2517094936254791,0.23914038175023353,0.17854754110722396,0.28559213980624504
1609.375,4284.103,4263.077,4139.487,4301.538,4267.692,0.1794034574274789,0.16230239536554125,0.20536796854410053,0.1742267846323534,0.22040654138759233,0.23227026704490894,0.38077209408383306,0.19103892334608652,0.2152126740344268,0.22273790375097882,0.2517094936254791,0.23914038175023353,0.17854754110722396,0.28559213980624504
1617.1875,4268.718,4258.462,4120.513,4287.179,4251.282,0.1794034574274789,0.16230239536554125,0.20536796854410053,0.1742267846323534,0.22040654138759233,0.23227026704490894,0.38077209408383306,0.19103892334608652,0.2152126740344268,0.22273790375097882,0.2517094936254791,0.23914038175023353,0.17854754110722396,0.28559213980624504
1625.0,4273.333,4252.308,4128.718,4293.846,4255.897,0.1794034574274789,0.16230239536554125,0.20536796854410053,0.1742267846323534,0.22040654138759233,0.23227026704490894,0.38077209408383306,0.19103892334608652,0.2152126740344268,0.22273790375097882,0.2517094936254791,0.23914038175023353,0.17854754110722396,0.28559213980624504
1632.8125,4284.103,4231.282,4134.872,4294.359,4255.385,0.1794034574274789,0.16230239536554125,0.20536796854410053,0.1742267846323534,0.22040654138759233,0.23227026704490894,0.38077209408383306,0.19103892334608652,0.2152126740344268,0.22273790375097882,0.2517094936254791,0.23914038175023353,0.17854754110722396,0.28559213980624504
1640.625,4278.462,4229.744,4135.385,4288.205,4243.59,0.1794034574274789,0.16230239536554125,0.20536796854410053,0.1742267846323534,0.22040654138759233,0.23227026704490894,0.38077209408383306,0.19103892334608652,0.2152126740344268,0.22273790375097882,0.2517094936254791,0.23914038175023353,0.17854754110722396,0.28559213980624504
1648.4375,4271.795,4245.128,4145.641,4283.077,4243.59,0.1794034574274789,0.16230239536554125,0.20536796854410053,0.1742267846323534,0.22040654138759233,0.23227026704490894,0.38077209408383306,0.19103892334608652,0.2152126740344268,0.22273790375097882,0.2517094936254791,0.23914038175023353,0.17854754110722396,0.28559213980624504
1656.25,4282.051,4246.154,4166.667,4283.077,4251.795,0.1794034574274789,0.16230239536554125,0.20536796854410053,0.1742267846323534,0.22040654138759233,0.23227026704490894,0.38077209408383306,0.19103892334608652,0.2152126740344268,0.22273790375097882,0.2517094936254791,0.23914038175023353,0.17854754110722396,0.28559213980624504
1664.0625,4278.974,4242.564,4176.41,4289.231,4247.179,0.1794034574274789,0.16230239536554125,0.20536796854410053,0.1742267846323534,0.22040654138759233,0.23227026704490894,0.38077209408383306,0.19103892334608652,0.2152126740344268,0.22273790375097882,0.2517094936254791,0.23914038175023353,0.17854754110722396,0.28559213980624504
1671.875,4249.231,4247.692,4155.897,4287.179,4232.308,0.1794034574274789,0.16230239536554125,0.20536796854410053,0.1742267846323534,0.22040654138759233,0.23227026704490894,0.38077209408383306,0.19103892334608652,0.2152126740344268,0.22273790375097882,0.2517094936254791,0.23914038175023353,0.17854754110722396,0.28559213980624504
1679.6875,4232.308,4242.564,4122.051,4268.205,4213.846,0.1794034574274789,0.16230239536554125,0.20536796854410053,0.1742267846323534,0.22040654138759233,0.23227026704490894,0.38077209408383306,0.19103892334608652,0.2152126740344268,0.22273790375097882,0.2517094936254791,0.23914038175023353,0.17854754110722396,0.28559213980624504
1687.5,4225.128,4233.333,4103.59,4244.615,4209.231,0.1794034574274789,0.16230239536554125,0.20536796854410053,0.1742267846323534,0.22040654138759233,0.23227026704490894,0.38077209408383306,0.19103892334608652,0.2152126740344268,0.22273790375097882,0.2517094936254791,0.23914038175023353,0.17854754110722396,0.28559213980624504
1695.3125,4219.487,4233.846,4096.41,4226.667,4219.487,0.1794034574274789,0.16230239536554125,0.20536796854410053,0.1742267846323534,0.22040654138759233,0.23227026704490894,0.38077209408383306,0.19103892334608652,0.2152126740344268,0.22273790375097882,0.2517094936254791,0.23914038175023353,0.17854754110722396,0.28559213980624504
1703.125,4225.128,4232.308,4096.41,4210.769,4213.333,0.1794034574274789,0.16230239536554125,0.20536796854410053,0.1742267846323534,0.22040654138759233,0.23227026704490894,0.38077209408383306,0.19103892334608652,0.2152126740344268,0.22273790375097882,0.2517094936254791,0.23914038175023353,0.17854754110722396,0.28559213980624504
1710.9375,4232.821,4228.718,4107.692,4206.154,4207.692,0.1794034574274789,0.16230239536554125,0.20536796854410053,0.1742267846323534,0.22040654138759233,0.23227026704490894,0.38077209408383306,0.19103892334608652,0.2152126740344268,0.22273790375097882,0.2517094936254791,0.23914038175023353,0.17854754110722396,0.28559213980624504
1718.75,4246.667,4227.692,4118.974,4227.692,4225.641,0.1794034574274789,0.16230239536554125,0.20536796854410053,0.1742267846323534,0.22040654138759233,0.23227026704490894,0.38077209408383306,0.19103892334608652,0.2152126740344268,0.22273790375097882,0.2517094936254791,0.23914038175023353,0.17854754110722396,0.28559213980624504
1726.5625,4265.641,4237.436,4123.59,4259.487,4243.077,0.1794034574274789,0.16230239536554125,0.20536796854410053,0.1742267846323534,0.22040654138759233,0.23227026704490894,0.38077209408383306,0.19103892334608652,0.2152126740344268,0.22273790375097882,0.2517094936254791,0.23914038175023353,0.17854754110722396,0.28559213980624504
1734.375,4262.564,4238.974,4132.308,4264.103,4234.359,0.1794034574274789,0.16230239536554125,0.20536796854410053,0.1742267846323534,0.22040654138759233,0.23227026704490894,0.38077209408383306,0.19103892334608652,0.2152126740344268,0.22273790375097882,0.2517094936254791,0.23914038175023353,0.17854754110722396,0.28559213980624504
1742.1875,4241.538,4228.718,4136.41,4256.923,4217.949,0.1794034574274789,0.16230239536554125,0.20536796854410053,0.1742267846323534,0.22040654138759233,0.23227026704490894,0.38077209408383306,0.19103892334608652,0.2152126740344268,0.22273790375097882,0.2517094936254791,0.23914038175023353,0.17854754110722396,0.28559213980624504
1750.0,4251.282,4234.359,4140.513,4283.59,4222.564,0.1794034574274789,0.16230239536554125,0.20536796854410053,0.1742267846323534,0.22040654138759233,0.23227026704490894,0.38077209408383306,0.19103892334608652,0.2152126740344268,0.22273790375097882,0.2517094936254791,0.23914038175023353,0.17854754110722396,0.28559213980624504
1757.8125,4265.128,4253.333,4143.59,4304.615,4236.41,0.1794034574274789,0.16230239536554125,0.20536796854410053,0.1742267846323534,0.22040654138759233,0.23227026704490894,0.38077209408383306,0.19103892334608652,0.2152126740344268,0.22273790375097882,0.2517094936254791,0.23914038175023353,0.17854754110722396,0.28559213980624504
1765.625,4249.744,4254.359,4131.282,4283.59,4234.359,0.1794034574274789,0.16230239536554125,0.20536796854410053,0.1742267846323534,0.22040654138759233,0.23227026704490894,0.38077209408383306,0.19103892334608652,0.2152126740344268,0.22273790375097882,0.2517094936254791,0.23914038175023353,0.17854754110722396,0.28559213980624504
1773.4375,4239.487,4241.538,4132.308,4260.513,4215.897,0.1794034574274789,0.16230239536554125,0.20536796854410053,0.1742267846323534,0.22040654138759233,0.23227026704490894,0.38077209408383306,0.19103892334608652,0.2152126740344268,0.22273790375097882,0.2517094936254791,0.23914038175023353,0.17854754110722396,0.28559213980624504
1781.25,4236.923,4238.974,4131.282,4254.359,4201.538,0.1794034574274789,0.16230239536554125,0.20536796854410053,0.1742267846323534,0.22040654138759233,0.23227026704490894,0.38077209408383306,0.19103892334608652,0.2152126740344268,0.22273790375097882,0.2517094936254791,0.23914038175023353,0.17854754110722396,0.28559213980624504
1789.0625,4238.462,4233.333,4124.103,4240.513,4200.513,0.1794034574274789,0.16230239536554125,0.20536796854410053,0.1742267846323534,0.22040654138759233,0.23227026704490894,0.38077209408383306,0.19103892334608652,0.2152126740344268,0.22273790375097882,0.2517094936254791,0.23914038175023353,0.17854754110722396,0.28559213980624504
1796.875,4260.0,4242.564,4135.897,4234.872,4226.154,0.1794034574274789,0.16230239536554125,0.20536796854410053,0.1742267846323534,0.22040654138759233,0.23227026704490894,0.38077209408383306,0.19103892334608652,0.2152126740344268,0.22273790375097882,0.2517094936254791,0.23914038175023353,0.17854754110722396,0.28559213980624504
1804.6875,4274.872,4242.051,4146.667,4243.59,4240.513,0.1794034574274789,0.16230239536554125,0.20536796854410053,0.1742267846323534,0.22040654138759233,0.23227026704490894,0.38077209408383306,0.19103892334608652,0.2152126740344268,0.22273790375097882,0.2517094936254791,0.23914038175023353,0.17854754110722396,0.28559213980624504
1812.5,4249.744,4203.59,4141.538,4232.821,4205.641,0.1794034574274789,0.16230239536554125,0.20536796854410053,0.1742267846323534,0.22040654138759233,0.23227026704490894,0.38077209408383306,0.19103892334608652,0.2152126740344268,0.22273790375097882,0.2517094936254791,0.23914038175023353,0.17854754110722396,0.28559213980624504
1820.3125,4225.128,4190.769,4129.744,4216.41,4188.205,0.1794034574274789,0.16230239536554125,0.20536796854410053,0.1742267846323534,0.22040654138759233,0.23227026704490894,0.38077209408383306,0.19103892334608652,0.2152126740344268,0.22273790375097882,0.2517094936254791,0.23914038175023353,0.17854754110722396,0.28559213980624504
1828.125,4235.385,4218.974,4134.359,4221.026,4206.154,0.1794034574274789,0.16230239536554125,0.20536796854410053,0.1742267846323534,0.22040654138759233,0.23227026704490894,0.38077209408383306,0.19103892334608652,0.2152126740344268,0.22273790375097882,0.2517094936254791,0.23914038175023353,0.17854754110722396,0.28559213980624504
1835.9375,4260.513,4234.872,4147.179,4238.462,4214.872,0.1794034574274789,0.16230239536554125,0.20536796854410053,0.1742267846323534,0.22040654138759233,0.23227026704490894,0.38077209408383306,0.19103892334608652,0.2152126740344268,0.22273790375097882,0.2517094936254791,0.23914038175023353,0.17854754110722396,0.28559213980624504
1843.75,4274.872,4237.949,4153.333,4248.205,4227.179,0.1794034574274789,0.16230239536554125,0.20536796854410053,0.1742267846323534,0.22040654138759233,0.23227026704490894,0.38077209408383306,0.19103892334608652,0.2152126740344268,0.22273790375097882,0.2517094936254791,0.23914038175023353,0.17854754110722396,0.28559213980624504
1851.5625,4275.897,4255.385,4160.0,4253.846,4259.487,0.1794034574274789,0.16230239536554125,0.20536796854410053,0.1742267846323534,0.22040654138759233,0.23227026704490894,0.38077209408383306,0.19103892334608652,0.2152126740344268,0.22273790375097882,0.2517094936254791,0.23914038175023353,0.17854754110722396,0.28559213980624504
1859.375,4277.436,4259.487,4161.026,4254.359,4263.59,0.1794034574274789,0.16230239536554125,0.20536796854410053,0.1742267846323534,0.22040654138759233,0.23227026704490894,0.38077209408383306,0.19103892334608652,0.2152126740344268,0.22273790375097882,0.2517094936254791,0.23914038175023353,0.17854754110722396,0.28559213980624504
1867.1875,4274.872,4259.487,4148.718,4241.026,4246.154,0.1794034574274789,0.16230239536554125,0.20536796854410053,0.1742267846323534,0.22040654138759233,0.23227026704490894,0.38077209408383306,0.19103892334608652,0.2152126740344268,0.22273790375097882,0.2517094936254791,0.23914038175023353,0.17854754110722396,0.28559213980624504
1875.0,4258.974,4263.59,4131.795,4226.667,4234.359,0.1794034574274789,0.16230239536554125,0.20536796854410053,0.1742267846323534,0.22040654138759233,0.23227026704490894,0.38077209408383306,0.19103892334608652,0.2152126740344268,0.22273790375097882,0.2517094936254791,0.23914038175023353,0.17854754110722396,0.28559213980624504
1882.8125,4245.128,4244.103,4113.846,4220.513,4207.692,0.1794034574274789,0.16230239536554125,0.20536796854410053,0.1742267846323534,0.22040654138759233,0.23227026704490894,0.38077209408383306,0.19103892334608652,0.2152126740344268,0.22273790375097882,0.2517094936254791,0.23914038175023353,0.17854754110722396,0.28559213980624504
1890.625,4254.872,4224.615,4104.103,4228.205,4196.923,0.1794034574274789,0.16230239536554125,0.20536796854410053,0.1742267846323534,0.22040654138759233,0.23227026704490894,0.38077209408383306,0.19103892334608652,0.2152126740344268,0.22273790375097882,0.2517094936254791,0.23914038175023353,0.17854754110722396,0.28559213980624504
1898.4375,4263.59,4227.179,4111.282,4237.949,4212.821,0.1794034574274789,0.16230239536554125,0.20536796854410053,0.1742267846323534,0.22040654138759233,0.23227026704490894,0.38077209408383306,0.19103892334608652,0.2152126740344268,0.22273790375097882,0.2517094936254791,0.23914038175023353,0.17854754110722396,0.28559213980624504
1906.25,4252.821,4221.538,4114.872,4245.128,4215.897,0.1794034574274789,0.16230239536554125,0.20536796854410053,0.1742267846323534,0.22040654138759233,0.23227026704490894,0.38077209408383306,0.19103892334608652,0.2152126740344268,0.22273790375097882,0.2517094936254791,0.23914038175023353,0.17854754110722396,0.28559213980624504
1914.0625,4255.897,4212.308,4117.436,4242.051,4218.462,0.1794034574274789,0.16230239536554125,0.20536796854410053,0.1742267846323534,0.22040654138759233,0.23227026704490894,0.38077209408383306,0.19103892334608652,0.2152126740344268,0.22273790375097882,0.2517094936254791,0.23914038175023353,0.17854754110722396,0.28559213980624504
1921.875,4274.359,4220.0,4128.718,4235.897,4240.513,0.1794034574274789,0.16230239536554125,0.20536796854410053,0.1742267846323534,0.22040654138759233,0.23227026704490894,0.38077209408383306,0.19103892334608652,0.2152126740344268,0.22273790375097882,0.2517094936254791,0.23914038175023353,0.17854754110722396,0.28559213980624504
1929.6875,4280.0,4221.026,4141.538,4236.41,4238.974,0.1794034574274789,0.16230239536554125,0.20536796854410053,0.1742267846323534,0.22040654138759233,0.23227026704490894,0.38077209408383306,0.19103892334608652,0.2152126740344268,0.22273790375097882,0.2517094936254791,0.23914038175023353,0.17854754110722396,0.28559213980624504
1937.5,4267.179,4215.897,4136.923,4224.103,4210.256,0.1794034574274789,0.16230239536554125,0.20536796854410053,0.1742267846323534,0.22040654138759233,0.23227026704490894,0.38077209408383306,0.19103892334608652,0.2152126740344268,0.22273790375097882,0.2517094936254791,0.23914038175023353,0.17854754110722396,0.28559213980624504
1945.3125,4265.128,4226.667,4142.564,4205.641,4198.462,0.1794034574274789,0.16230239536554125,0.20536796854410053,0.1742267846323534,0.22040654138759233,0.23227026704490894,0.38077209408383306,0.19103892334608652,0.2152126740344268,0.22273790375097882,0.2517094936254791,0.23914038175023353,0.17854754110722396,0.28559213980624504
1953.125,4269.744,4244.103,4164.615,4200.0,4205.128,0.1794034574274789,0.16230239536554125,0.20536796854410053,0.1742267846323534,0.22040654138759233,0.23227026704490894,0.38077209408383306,0.19103892334608652,0.2152126740344268,0.22273790375097882,0.2517094936254791,0.23914038175023353,0.17854754110722396,0.28559213980624504
1960.9375,4254.872,4243.077,4150.256,4199.487,4202.564,0.1794034574274789,0.16230239536554125,0.20536796854410053,0.1742267846323534,0.22040654138759233,0.23227026704490894,0.38077209408383306,0.19103892334608652,0.2152126740344268,0.22273790375097882,0.2517094936254791,0.23914038175023353,0.17854754110722396,0.28559213980624504
1968.75,4240.0,4236.41,4134.359,4194.359,4189.231,0.1794034574274789,0.16230239536554125,0.20536796854410053,0.1742267846323534,0.22040654138759233,0.23227026704490894,0.38077209408383306,0.19103892334608652,0.2152126740344268,0.22273790375097882,0.2517094936254791,0.23914038175023353,0.17854754110722396,0.28559213980624504
1976.5625,4236.41,4233.846,4130.769,4191.282,4185.641,0.1794034574274789,0.16230239536554125,0.20536796854410053,0.1742267846323534,0.22040654138759233,0.23227026704490894,0.38077209408383306,0.19103892334608652,0.2152126740344268,0.22273790375097882,0.2517094936254791,0.23914038175023353,0.17854754110722396,0.28559213980624504
1984.375,4232.821,4211.282,4111.282,4186.667,4174.359,0.1794034574274789,0.16230239536554125,0.20536796854410053,0.1742267846323534,0.22040654138759233,0.23227026704490894,0.38077209408383306,0.19103892334608652,0.2152126740344268,0.22273790375097882,0.2517094936254791,0.23914038175023353,0.17854754110722396,0.28559213980624504
1992.1875,4226.667,4197.949,4115.897,4188.718,4162.051,0.1794034574274789,0.16230239536554125,0.20536796854410053,0.1742267846323534,0.22040654138759233,0.23227026704490894,0.38077209408383306,0.19103892334608652,0.2152126740344268,0.22273790375097882,0.2517094936254791,0.23914038175023353,0.17854754110722396,0.28559213980624504
2000.0,4217.436,4210.256,4126.667,4197.949,4173.846,0.1794034574274789,0.16230239536554125,0.20536796854410053,0.1742267846323534,0.22040654138759233,0.23227026704490894,0.38077209408383306,0.19103892334608652,0.2152126740344268,0.22273790375097882,0.2517094936254791,0.23914038175023353,0.17854754110722396,0.28559213980624504
2007.8125,4215.385,4205.641,4118.974,4189.744,4186.154,0.1794034574274789,0.16230239536554125,0.20536796854410053,0.1742267846323534,0.22040654138759233,0.23227026704490894,0.38077209408383306,0.19103892334608652,0.2152126740344268,0.22273790375097882,0.2517094936254791,0.23914038175023353,0.17854754110722396,0.28559213980624504
2015.625,4234.359,4188.718,4129.744,4183.59,4186.154,0.1794034574274789,0.16230239536554125,0.20536796854410053,0.1742267846323534,0.22040654138759233,0.23227026704490894,0.38077209408383306,0.19103892334608652,0.2152126740344268,0.22273790375097882,0.2517094936254791,0.23914038175023353,0.17854754110722396,0.28559213980624504
2023.4375,4258.974,4205.128,4164.103,4203.077,4197.949,0.1794034574274789,0.16230239536554125,0.20536796854410053,0.1742267846323534,0.22040654138759233,0.23227026704490894,0.38077209408383306,0.19103892334608652,0.2152126740344268,0.22273790375097882,0.2517094936254791,0.23914038175023353,0.17854754110722396,0.28559213980624504
2031.25,4269.231,4224.615,4181.538,4212.308,4217.949,0.1794034574274789,0.16230239536554125,0.20536796854410053,0.1742267846323534,0.22040654138759233,0.23227026704490894,0.38077209408383306,0.19103892334608652,0.2152126740344268,0.22273790375097882,0.2517094936254791,0.23914038175023353,0.17854754110722396,0.28559213980624504
2039.0625,4265.128,4223.077,4174.872,4197.436,4220.0,0.1794034574274789,0.16230239536554125,0.20536796854410053,0.1742267846323534,0.22040654138759233,0.23227026704490894,0.38077209408383306,0.19103892334608652,0.2152126740344268,0.22273790375097882,0.2517094936254791,0.23914038175023353,0.17854754110722396,0.28559213980624504
2046.875,4244.615,4216.923,4157.436,4172.308,4195.897,0.1794034574274789,0.16230239536554125,0.20536796854410053,0.1742267846323534,0.22040654138759233,0.23227026704490894,0.38077209408383306,0.19103892334608652,0.2152126740344268,0.22273790375097882,0.2517094936254791,0.23914038175023353,0.17854754110722396,0.28559213980624504
2054.6875,4226.667,4211.795,4138.974,4152.308,4175.385,0.1794034574274789,0.16230239536554125,0.20536796854410053,0.1742267846323534,0.22040654138759233,0.23227026704490894,0.38077209408383306,0.19103892334608652,0.2152126740344268,0.22273790375097882,0.2517094936254791,0.23914038175023353,0.17854754110722396,0.28559213980624504
2062.5,4231.795,4211.282,4114.872,4161.026,4180.513,0.1794034574274789,0.16230239536554125,0.20536796854410053,0.1742267846323534,0.22040654138759233,0.23227026704490894,0.38077209408383306,0.19103892334608652,0.2152126740344268,0.22273790375097882,0.2517094936254791,0.23914038175023353,0.17854754110722396,0.28559213980624504
2070.3125,4230.256,4199.487,4088.205,4164.103,4174.359,0.1794034574274789,0.16230239536554125,0.20536796854410053,0.1742267846323534,0.22040654138759233,0.23227026704490894,0.38077209408383306,0.19103892334608652,0.2152126740344268,0.22273790375097882,0.2517094936254791,0.23914038175023353,0.17854754110722396,0.28559213980624504
2078.125,4220.513,4192.308,4087.179,4147.692,4155.897,0.1794034574274789,0.16230239536554125,0.20536796854410053,0.1742267846323534,0.22040654138759233,0.23227026704490894,0.38077209408383306,0.19103892334608652,0.2152126740344268,0.22273790375097882,0.2517094936254791,0.23914038175023353,0.17854754110722396,0.28559213980624504
2085.9375,4228.205,4206.154,4102.564,4161.538,4169.744,0.1794034574274789,0.16230239536554125,0.20536796854410053,0.1742267846323534,0.22040654138759233,0.23227026704490894,0.38077209408383306,0.19103892334608652,0.2152126740344268,0.22273790375097882,0.2517094936254791,0.23914038175023353,0.17854754110722396,0.28559213980624504
2093.75,4233.333,4207.692,4111.282,4194.359,4187.179,0.1794034574274789,0.16230239536554125,0.20536796854410053,0.1742267846323534,0.22040654138759233,0.23227026704490894,0.38077209408383306,0.19103892334608652,0.2152126740344268,0.22273790375097882,0.2517094936254791,0.23914038175023353,0.17854754110722396,0.28559213980624504
2101.5625,4224.615,4201.026,4113.846,4192.821,4183.077,0.1794034574274789,0.16230239536554125,0.20536796854410053,0.1742267846323534,0.22040654138759233,0.23227026704490894,0.38077209408383306,0.19103892334608652,0.2152126740344268,0.22273790375097882,0.2517094936254791,0.23914038175023353,0.17854754110722396,0.28559213980624504
2109.375,4234.872,4204.103,4123.077,4187.179,4187.179,0.1794034574274789,0.16230239536554125,0.20536796854410053,0.1742267846323534,0.22040654138759233,0.23227026704490894,0.38077209408383306,0.19103892334608652,0.2152126740344268,0.22273790375097882,0.2517094936254791,0.23914038175023353,0.17854754110722396,0.28559213980624504
2117.1875,4248.718,4196.41,4139.487,4200.0,4187.179,0.1794034574274789,0.16230239536554125,0.20536796854410053,0.1742267846323534,0.22040654138759233,0.23227026704490894,0.38077209408383306,0.19103892334608652,0.2152126740344268,0.22273790375097882,0.2517094936254791,0.23914038175023353,0.17854754110722396,0.28559213980624504
2125.0,4233.333,4174.872,4137.436,4198.462,4181.538,0.1794034574274789,0.16230239536554125,0.20536796854410053,0.1742267846323534,0.22040654138759233,0.23227026704490894,0.38077209408383306,0.19103892334608652,0.2152126740344268,0.22273790375097882,0.2517094936254791,0.23914038175023353,0.17854754110722396,0.28559213980624504
2132.8125,4236.41,4176.41,4141.538,4203.59,4201.026,0.1794034574274789,0.16230239536554125,0.20536796854410053,0.1742267846323534,0.22040654138759233,0.23227026704490894,0.38077209408383306,0.19103892334608652,0.2152126740344268,0.22273790375097882,0.2517094936254791,0.23914038175023353,0.17854754110722396,0.28559213980624504
2140.625,4261.026,4206.667,4170.256,4214.872,4221.026,0.1794034574274789,0.16230239536554125,0.20536796854410053,0.1742267846323534,0.22040654138759233,0.23227026704490894,0.38077209408383306,0.19103892334608652,0.2152126740344268,0.22273790375097882,0.2517094936254791,0.23914038175023353,0.17854754110722396,0.28559213980624504
2148.4375,4248.205,4228.718,4166.667,4196.923,4207.692,0.1794034574274789,0.16230239536554125,0.20536796854410053,0.1742267846323534,0.22040654138759233,0.23227026704490894,0.38077209408383306,0.19103892334608652,0.2152126740344268,0.22273790375097882,0.2517094936254791,0.23914038175023353,0.17854754110722396,0.28559213980624504
2156.25,4221.026,4217.436,4125.641,4165.641,4171.282,0.1794034574274789,0.16230239536554125,0.20536796854410053,0.1742267846323534,0.22040654138759233,0.23227026704490894,0.38077209408383306,0.19103892334608652,0.2152126740344268,0.22273790375097882,0.2517094936254791,0.23914038175023353,0.17854754110722396,0.28559213980624504
2164.0625,4221.538,4210.769,4105.128,4157.436,4154.872,0.1794034574274789,0.16230239536554125,0.20536796854410053,0.1742267846323534,0.22040654138759233,0.23227026704490894,0.38077209408383306,0.19103892334608652,0.2152126740344268,0.22273790375097882,0.2517094936254791,0.23914038175023353,0.17854754110722396,0.28559213980624504
2171.875,4235.385,4232.821,4110.769,4173.846,4176.41,0.1794034574274789,0.16230239536554125,0.20536796854410053,0.1742267846323534,0.22040654138759233,0.23227026704490894,0.38077209408383306,0.19103892334608652,0.2152126740344268,0.22273790375097882,0.2517094936254791,0.23914038175023353,0.17854754110722396,0.28559213980624504
2179.6875,4243.077,4237.436,4109.231,4173.846,4187.179,0.1794034574274789,0.16230239536554125,0.20536796854410053,0.1742267846323534,0.22040654138759233,0.23227026704490894,0.38077209408383306,0.19103892334608652,0.2152126740344268,0.22273790375097882,0.2517094936254791,0.23914038175023353,0.17854754110722396,0.28559213980624504
2187.5,4242.051,4225.641,4100.513,4151.795,4184.103,0.1794034574274789,0.16230239536554125,0.20536796854410053,0.1742267846323534,0.22040654138759233,0.23227026704490894,0.38077209408383306,0.19103892334608652,0.2152126740344268,0.22273790375097882,0.2517094936254791,0.23914038175023353,0.17854754110722396,0.28559213980624504
2195.3125,4240.0,4228.205,4098.462,4154.359,4188.718,0.1794034574274789,0.16230239536554125,0.20536796854410053,0.1742267846323534,0.22040654138759233,0.23227026704490894,0.38077209408383306,0.19103892334608652,0.2152126740344268,0.22273790375097882,0.2517094936254791,0.23914038175023353,0.17854754110722396,0.28559213980624504
2203.125,4230.769,4224.103,4109.231,4165.128,4178.974,0.1794034574274789,0.16230239536554125,0.20536796854410053,0.1742267846323534,0.22040654138759233,0.23227026704490894,0.38077209408383306,0.19103892334608652,0.2152126740344268,0.22273790375097882,0.2517094936254791,0.23914038175023353,0.17854754110722396,0.28559213980624504
2210.9375,4212.308,4212.821,4117.436,4149.744,4167.692,0.1794034574274789,0.16230239536554125,0.20536796854410053,0.1742267846323534,0.22040654138759233,0.23227026704490894,0.38077209408383306,0.19103892334608652,0.2152126740344268,0.22273790375097882,0.2517094936254791,0.23914038175023353,0.17854754110722396,0.28559213980624504
2218.75,4211.282,4201.538,4110.256,4140.513,4171.282,0.1794034574274789,0.16230239536554125,0.20536796854410053,0.1742267846323534,0.22040654138759233,0.23227026704490894,0.38077209408383306,0.19103892334608652,0.2152126740344268,0.22273790375097882,0.2517094936254791,0.23914038175023353,0.17854754110722396,0.28559213980624504
2226.5625,4223.077,4194.872,4119.487,4154.872,4172.821,0.1794034574274789,0.16230239536554125,0.20536796854410053,0.1742267846323534,0.22040654138759233,0.23227026704490894,0.38077209408383306,0.19103892334608652,0.2152126740344268,0.22273790375097882,0.2517094936254791,0.23914038175023353,0.17854754110722396,0.28559213980624504
2234.375,4231.795,4209.231,4154.872,4173.333,4188.718,0.1794034574274789,0.16230239536554125,0.20536796854410053,0.1742267846323534,0.22040654138759233,0.23227026704490894,0.38077209408383306,0.19103892334608652,0.2152126740344268,0.22273790375097882,0.2517094936254791,0.23914038175023353,0.17854754110722396,0.28559213980624504
2242.1875,4252.308,4233.333,4173.846,4191.282,4217.436,0.1794034574274789,0.16230239536554125,0.20536796854410053,0.1742267846323534,0.22040654138759233,0.23227026704490894,0.38077209408383306,0.19103892334608652,0.2152126740344268,0.22273790375097882,0.2517094936254791,0.23914038175023353,0.17854754110722396,0.28559213980624504
2250.0,4275.897,4235.385,4167.692,4199.487,4214.359,0.1794034574274789,0.16230239536554125,0.20536796854410053,0.1742267846323534,0.22040654138759233,0.23227026704490894,0.38077209408383306,0.19103892334608652,0.2152126740344268,0.22273790375097882,0.2517094936254791,0.23914038175023353,0.17854754110722396,0.28559213980624504
2257.8125,4266.667,4231.282,4147.692,4177.436,4200.0,0.1794034574274789,0.16230239536554125,0.20536796854410053,0.1742267846323534,0.22040654138759233,0.23227026704490894,0.38077209408383306,0.19103892334608652,0.2152126740344268,0.22273790375097882,0.2517094936254791,0.23914038175023353,0.17854754110722396,0.28559213980624504
2265.625,4246.154,4241.026,4128.205,4153.846,4206.667,0.1794034574274789,0.16230239536554125,0.20536796854410053,0.1742267846323534,0.22040654138759233,0.23227026704490894,0.38077209408383306,0.19103892334608652,0.2152126740344268,0.22273790375097882,0.2517094936254791,0.23914038175023353,0.17854754110722396,0.28559213980624504
2273.4375,4240.513,4235.385,4117.949,4150.256,4187.179,0.1794034574274789,0.16230239536554125,0.20536796854410053,0.1742267846323534,0.22040654138759233,0.23227026704490894,0.38077209408383306,0.19103892334608652,0.2152126740344268,0.22273790375097882,0.2517094936254791,0.23914038175023353,0.17854754110722396,0.28559213980624504
2281.25,4235.385,4226.154,4108.718,4145.128,4156.923,0.1794034574274789,0.16230239536554125,0.20536796854410053,0.1742267846323534,0.22040654138759233,0.23227026704490894,0.38077209408383306,0.19103892334608652,0.2152126740344268,0.22273790375097882,0.2517094936254791,0.23914038175023353,0.17854754110722396,0.28559213980624504
2289.0625,4242.564,4235.897,4112.821,4142.564,4175.385,0.1794034574274789,0.16230239536554125,0.20536796854410053,0.1742267846323534,0.22040654138759233,0.23227026704490894,0.38077209408383306,0.19103892334608652,0.2152126740344268,0.22273790375097882,0.2517094936254791,0.23914038175023353,0.17854754110722396,0.28559213980624504
2296.875,4247.692,4231.795,4119.487,4142.051,4198.462,0.1794034574274789,0.16230239536554125,0.20536796854410053,0.1742267846323534,0.22040654138759233,0.23227026704490894,0.38077209408383306,0.19103892334608652,0.2152126740344268,0.22273790375097882,0.2517094936254791,0.23914038175023353,0.17854754110722396,0.28559213980624504
2304.6875,4240.513,4213.846,4115.385,4152.821,4188.718,0.1794034574274789,0.16230239536554125,0.20536796854410053,0.1742267846323534,0.22040654138759233,0.23227026704490894,0.38077209408383306,0.19103892334608652,0.2152126740344268,0.22273790375097882,0.2517094936254791,0.23914038175023353,0.17854754110722396,0.28559213980624504
2312.5,4250.769,4224.615,4136.923,4177.436,4197.949,0.1794034574274789,0.16230239536554125,0.20536796854410053,0.1742267846323534,0.22040654138759233,0.23227026704490894,0.38077209408383306,0.19103892334608652,0.2152126740344268,0.22273790375097882,0.2517094936254791,0.23914038175023353,0.17854754110722396,0.28559213980624504
2320.3125,4248.205,4225.128,4144.615,4174.872,4204.103,0.1794034574274789,0.16230239536554125,0.20536796854410053,0.1742267846323534,0.22040654138759233,0.23227026704490894,0.38077209408383306,0.19103892334608652,0.2152126740344268,0.22273790375097882,0.2517094936254791,0.23914038175023353,0.17854754110722396,0.28559213980624504
2328.125,4226.154,4183.59,4130.256,4151.795,4168.205,0.1794034574274789,0.16230239536554125,0.20536796854410053,0.1742267846323534,0.22040654138759233,0.23227026704490894,0.38077209408383306,0.19103892334608652,0.2152126740344268,0.22273790375097882,0.2517094936254791,0.23914038175023353,0.17854754110722396,0.28559213980624504
2335.9375,4237.436,4183.59,4144.103,4168.718,4170.256,0.1794034574274789,0.16230239536554125,0.20536796854410053,0.1742267846323534,0.22040654138759233,0.23227026704490894,0.38077209408383306,0.19103892334608652,0.2152126740344268,0.22273790375097882,0.2517094936254791,0.23914038175023353,0.17854754110722396,0.28559213980624504
2343.75,4269.231,4214.872,4176.923,4204.103,4214.872,0.1794034574274789,0.16230239536554125,0.20536796854410053,0.1742267846323534,0.22040654138759233,0.23227026704490894,0.38077209408383306,0.19103892334608652,0.2152126740344268,0.22273790375097882,0.2517094936254791,0.23914038175023353,0.17854754110722396,0.28559213980624504
2351.5625,4269.231,4203.59,4186.154,4188.718,4222.051,0.1794034574274789,0.16230239536554125,0.20536796854410053,0.1742267846323534,0.22040654138759233,0.23227026704490894,0.38077209408383306,0.19103892334608652,0.2152126740344268,0.22273790375097882,0.2517094936254791,0.23914038175023353,0.17854754110722396,0.28559213980624504
2359.375,4254.872,4178.974,4165.128,4160.0,4207.692,0.1794034574274789,0.16230239536554125,0.20536796854410053,0.1742267846323534,0.22040654138759233,0.23227026704490894,0.38077209408383306,0.19103892334608652,0.2152126740344268,0.22273790375097882,0.2517094936254791,0.23914038175023353,0.17854754110722396,0.28559213980624504
2367.1875,4258.462,4194.359,4172.308,4163.59,4208.718,0.1794034574274789,0.16230239536554125,0.20536796854410053,0.1742267846323534,0.22040654138759233,0.23227026704490894,0.38077209408383306,0.19103892334608652,0.2152126740344268,0.22273790375097882,0.2517094936254791,0.23914038175023353,0.17854754110722396,0.28559213980624504
2375.0,4254.872,4221.026,4183.59,4169.231,4199.487,0.1794034574274789,0.16230239536554125,0.20536796854410053,0.1742267846323534,0.22040654138759233,0.23227026704490894,0.38077209408383306,0.19103892334608652,0.2152126740344268,0.22273790375097882,0.2517094936254791,0.23914038175023353,0.17854754110722396,0.28559213980624504
2382.8125,4241.026,4210.769,4150.256,4151.282,4165.128,0.1794034574274789,0.16230239536554125,0.20536796854410053,0.1742267846323534,0.22040654138759233,0.23227026704490894,0.38077209408383306,0.19103892334608652,0.2152126740344268,0.22273790375097882,0.2517094936254791,0.23914038175023353,0.17854754110722396,0.28559213980624504
2390.625,4222.564,4185.641,4117.949,4118.462,4131.282,0.1794034574274789,0.16230239536554125,0.20536796854410053,0.1742267846323534,0.22040654138759233,0.23227026704490894,0.38077209408383306,0.19103892334608652,0.2152126740344268,0.22273790375097882,0.2517094936254791,0.23914038175023353,0.17854754110722396,0.28559213980624504
2398.4375,4208.205,4182.051,4109.744,4103.077,4123.59,0.1794034574274789,0.16230239536554125,0.20536796854410053,0.1742267846323534,0.22040654138759233,0.23227026704490894,0.38077209408383306,0.19103892334608652,0.2152126740344268,0.22273790375097882,0.2517094936254791,0.23914038175023353,0.17854754110722396,0.28559213980624504
2406.25,4232.821,4205.128,4127.692,4118.462,4150.769,0.1794034574274789,0.16230239536554125,0.20536796854410053,0.1742267846323534,0.22040654138759233,0.23227026704490894,0.38077209408383306,0.19103892334608652,0.2152126740344268,0.22273790375097882,0.2517094936254791,0.23914038175023353,0.17854754110722396,0.28559213980624504
2414.0625,4276.41,4227.179,4152.821,4143.59,4187.179,0.1794034574274789,0.16230239536554125,0.20536796854410053,0.1742267846323534,0.22040654138759233,0.23227026704490894,0.38077209408383306,0.19103892334608652,0.2152126740344268,0.22273790375097882,0.2517094936254791,0.23914038175023353,0.17854754110722396,0.28559213980624504
2421.875,4284.615,4223.59,4152.308,4146.667,4191.282,0.1794034574274789,0.16230239536554125,0.20536796854410053,0.1742267846323534,0.22040654138759233,0.23227026704490894,0.38077209408383306,0.19103892334608652,0.2152126740344268,0.22273790375097882,0.2517094936254791,0.23914038175023353,0.17854754110722396,0.28559213980624504
2429.6875,4263.077,4215.385,4138.462,4128.718,4170.256,0.1794034574274789,0.16230239536554125,0.20536796854410053,0.1742267846323534,0.22040654138759233,0.23227026704490894,0.38077209408383306,0.19103892334608652,0.2152126740344268,0.22273790375097882,0.2517094936254791,0.23914038175023353,0.17854754110722396,0.28559213980624504
2437.5,4261.026,4207.692,4143.077,4120.513,4163.077,0.1794034574274789,0.16230239536554125,0.20536796854410053,0.1742267846323534,0.22040654138759233,0.23227026704490894,0.38077209408383306,0.19103892334608652,0.2152126740344268,0.22273790375097882,0.2517094936254791,0.23914038175023353,0.17854754110722396,0.28559213980624504
2445.3125,4265.641,4203.077,4158.462,4118.974,4174.872,0.1794034574274789,0.16230239536554125,0.20536796854410053,0.1742267846323534,0.22040654138759233,0.23227026704490894,0.38077209408383306,0.19103892334608652,0.2152126740344268,0.22273790375097882,0.2517094936254791,0.23914038175023353,0.17854754110722396,0.28559213980624504
2453.125,4261.538,4213.333,4171.795,4126.154,4188.205,0.1794034574274789,0.16230239536554125,0.20536796854410053,0.1742267846323534,0.22040654138759233,0.23227026704490894,0.38077209408383306,0.19103892334608652,0.2152126740344268,0.22273790375097882,0.2517094936254791,0.23914038175023353,0.17854754110722396,0.28559213980624504
2460.9375,4261.026,4217.436,4180.0,4132.308,4188.205,0.1794034574274789,0.16230239536554125,0.20536796854410053,0.1742267846323534,0.22040654138759233,0.23227026704490894,0.38077209408383306,0.19103892334608652,0.2152126740344268,0.22273790375097882,0.2517094936254791,0.23914038175023353,0.17854754110722396,0.28559213980624504
2468.75,4259.487,4204.615,4166.667,4127.179,4185.641,0.1794034574274789,0.16230239536554125,0.20536796854410053,0.1742267846323534,0.22040654138759233,0.23227026704490894,0.38077209408383306,0.19103892334608652,0.2152126740344268,0.22273790375097882,0.2517094936254791,0.23914038175023353,0.17854754110722396,0.28559213980624504
2476.5625,4264.615,4212.821,4167.179,4132.308,4193.333,0.1794034574274789,0.16230239536554125,0.20536796854410053,0.1742267846323534,0.22040654138759233,0.23227026704490894,0.38077209408383306,0.19103892334608652,0.2152126740344268,0.22273790375097882,0.2517094936254791,0.23914038175023353,0.17854754110722396,0.28559213980624504
2484.375,4271.795,4234.872,4178.462,4148.205,4197.949,0.1794034574274789,0.16230239536554125,0.20536796854410053,0.1742267846323534,0.22040654138759233,0.23227026704490894,0.38077209408383306,0.19103892334608652,0.2152126740344268,0.22273790375097882,0.2517094936254791,0.23914038175023353,0.17854754110722396,0.28559213980624504
2492.1875,4279.487,4227.179,4164.615,4140.513,4187.179,0.1794034574274789,0.16230239536554125,0.20536796854410053,0.1742267846323534,0.22040654138759233,0.23227026704490894,0.38077209408383306,0.19103892334608652,0.2152126740344268,0.22273790375097882,0.2517094936254791,0.23914038175023353,0.17854754110722396,0.28559213980624504
2500.0,4289.744,4212.821,4154.872,4118.462,4173.333,0.1794034574274789,0.16230239536554125,0.20536796854410053,0.1742267846323534,0.22040654138759233,0.23227026704490894,0.38077209408383306,0.19103892334608652,0.2152126740344268,0.22273790375097882,0.2517094936254791,0.23914038175023353,0.17854754110722396,0.28559213980624504
2507.8125,4288.718,4212.821,4164.615,4112.821,4163.077,0.1794034574274789,0.16230239536554125,0.20536796854410053,0.1742267846323534,0.22040654138759233,0.23227026704490894,0.38077209408383306,0.19103892334608652,0.2152126740344268,0.22273790375097882,0.2517094936254791,0.23914038175023353,0.17854754110722396,0.28559213980624504
2515.625,4282.564,4208.205,4164.615,4107.179,4162.051,0.1794034574274789,0.16230239536554125,0.20536796854410053,0.1742267846323534,0.22040654138759233,0.23227026704490894,0.38077209408383306,0.19103892334608652,0.2152126740344268,0.22273790375097882,0.2517094936254791,0.23914038175023353,0.17854754110722396,0.28559213980624504
2523.4375,4282.051,4192.821,4147.179,4090.769,4166.667,0.1794034574274789,0.16230239536554125,0.20536796854410053,0.1742267846323534,0.22040654138759233,0.23227026704490894,0.38077209408383306,0.19103892334608652,0.2152126740344268,0.22273790375097882,0.2517094936254791,0.23914038175023353,0.17854754110722396,0.28559213980624504
2531.25,4274.359,4183.077,4147.179,4081.026,4153.333,0.1794034574274789,0.16230239536554125,0.20536796854410053,0.1742267846323534,0.22040654138759233,0.23227026704490894,0.38077209408383306,0.19103892334608652,0.2152126740344268,0.22273790375097882,0.2517094936254791,0.23914038175023353,0.17854754110722396,0.28559213980624504
2539.0625,4272.308,4201.026,4158.462,4094.872,4147.179,0.1794034574274789,0.16230239536554125,0.20536796854410053,0.1742267846323534,0.22040654138759233,0.23227026704490894,0.38077209408383306,0.19103892334608652,0.2152126740344268,0.22273790375097882,0.2517094936254791,0.23914038175023353,0.17854754110722396,0.28559213980624504
2546.875,4279.487,4217.436,4169.231,4114.359,4166.667,0.1794034574274789,0.16230239536554125,0.20536796854410053,0.1742267846323534,0.22040654138759233,0.23227026704490894,0.38077209408383306,0.19103892334608652,0.2152126740344268,0.22273790375097882,0.2517094936254791,0.23914038175023353,0.17854754110722396,0.28559213980624504
2554.6875,4271.282,4202.564,4172.308,4109.744,4171.795,0.1794034574274789,0.16230239536554125,0.20536796854410053,0.1742267846323534,0.22040654138759233,0.23227026704490894,0.38077209408383306,0.19103892334608652,0.2152126740344268,0.22273790375097882,0.2517094936254791,0.23914038175023353,0.17854754110722396,0.28559213980624504
2562.5,4266.667,4191.795,4168.205,4106.667,4157.949,0.1794034574274789,0.16230239536554125,0.20536796854410053,0.1742267846323534,0.22040654138759233,0.23227026704490894,0.38077209408383306,0.19103892334608652,0.2152126740344268,0.22273790375097882,0.2517094936254791,0.23914038175023353,0.17854754110722396,0.28559213980624504
2570.3125,4276.923,4203.077,4173.333,4119.487,4163.077,0.1794034574274789,0.16230239536554125,0.20536796854410053,0.1742267846323534,0.22040654138759233,0.23227026704490894,0.38077209408383306,0.19103892334608652,0.2152126740344268,0.22273790375097882,0.2517094936254791,0.23914038175023353,0.17854754110722396,0.28559213980624504
2578.125,4272.821,4201.026,4173.333,4108.718,4181.026,0.1794034574274789,0.16230239536554125,0.20536796854410053,0.1742267846323534,0.22040654138759233,0.23227026704490894,0.38077209408383306,0.19103892334608652,0.2152126740344268,0.22273790375097882,0.2517094936254791,0.23914038175023353,0.17854754110722396,0.28559213980624504
2585.9375,4270.769,4197.436,4162.564,4085.128,4188.718,0.1794034574274789,0.16230239536554125,0.20536796854410053,0.1742267846323534,0.22040654138759233,0.23227026704490894,0.38077209408383306,0.19103892334608652,0.2152126740344268,0.22273790375097882,0.2517094936254791,0.23914038175023353,0.17854754110722396,0.28559213980624504
2593.75,4290.769,4220.0,4166.154,4098.462,4197.436,0.1794034574274789,0.16230239536554125,0.20536796854410053,0.1742267846323534,0.22040654138759233,0.23227026704490894,0.38077209408383306,0.19103892334608652,0.2152126740344268,0.22273790375097882,0.2517094936254791,0.23914038175023353,0.17854754110722396,0.28559213980624504
2601.5625,4297.436,4235.385,4173.846,4118.462,4198.974,0.1794034574274789,0.16230239536554125,0.20536796854410053,0.1742267846323534,0.22040654138759233,0.23227026704490894,0.38077209408383306,0.19103892334608652,0.2152126740344268,0.22273790375097882,0.2517094936254791,0.23914038175023353,0.17854754110722396,0.28559213980624504
2609.375,4286.154,4225.641,4166.154,4109.231,4192.821,0.1794034574274789,0.16230239536554125,0.20536796854410053,0.1742267846323534,0.22040654138759233,0.23227026704490894,0.38077209408383306,0.19103892334608652,0.2152126740344268,0.22273790375097882,0.2517094936254791,0.23914038175023353,0.17854754110722396,0.28559213980624504
2617.1875,4291.795,4218.462,4160.513,4105.128,4200.0,0.1794034574274789,0.16230239536554125,0.20536796854410053,0.1742267846323534,0.22040654138759233,0.23227026704490894,0.38077209408383306,0.19103892334608652,0.2152126740344268,0.22273790375097882,0.2517094936254791,0.23914038175023353,0.17854754110722396,0.28559213980624504
2625.0,4307.179,4225.641,4169.231,4111.282,4212.308,0.1794034574274789,0.16230239536554125,0.20536796854410053,0.1742267846323534,0.22040654138759233,0.23227026704490894,0.38077209408383306,0.19103892334608652,0.2152126740344268,0.22273790375097882,0.2517094936254791,0.23914038175023353,0.17854754110722396,0.28559213980624504
2632.8125,4310.769,4224.103,4176.923,4110.256,4209.744,0.1794034574274789,0.16230239536554125,0.20536796854410053,0.1742267846323534,0.22040654138759233,0.23227026704490894,0.38077209408383306,0.19103892334608652,0.2152126740344268,0.22273790375097882,0.2517094936254791,0.23914038175023353,0.17854754110722396,0.28559213980624504
2640.625,4303.077,4214.359,4171.795,4111.282,4202.051,0.1794034574274789,0.16230239536554125,0.20536796854410053,0.1742267846323534,0.22040654138759233,0.23227026704490894,0.38077209408383306,0.19103892334608652,0.2152126740344268,0.22273790375097882,0.2517094936254791,0.23914038175023353,0.17854754110722396,0.28559213980624504
2648.4375,4300.513,4222.051,4180.0,4110.256,4205.641,0.1794034574274789,0.16230239536554125,0.20536796854410053,0.1742267846323534,0.22040654138759233,0.23227026704490894,0.38077209408383306,0.19103892334608652,0.2152126740344268,0.22273790375097882,0.2517094936254791,0.23914038175023353,0.17854754110722396,0.28559213980624504
2656.25,4302.051,4240.0,4201.026,4093.333,4211.282,0.1794034574274789,0.16230239536554125,0.20536796854410053,0.1742267846323534,0.22040654138759233,0.23227026704490894,0.38077209408383306,0.19103892334608652,0.2152126740344268,0.22273790375097882,0.2517094936254791,0.23914038175023353,0.17854754110722396,0.28559213980624504
2664.0625,4305.641,4236.923,4197.949,4087.692,4217.949,0.1794034574274789,0.16230239536554125,0.20536796854410053,0.1742267846323534,0.22040654138759233,0.23227026704490894,0.38077209408383306,0.19103892334608652,0.2152126740344268,0.22273790375097882,0.2517094936254791,0.23914038175023353,0.17854754110722396,0.28559213980624504
2671.875,4319.487,4224.615,4194.359,4111.795,4229.744,0.1794034574274789,0.16230239536554125,0.20536796854410053,0.1742267846323534,0.22040654138759233,0.23227026704490894,0.38077209408383306,0.19103892334608652,0.2152126740344268,0.22273790375097882,0.2517094936254791,0.23914038175023353,0.17854754110722396,0.28559213980624504
2679.6875,4330.769,4223.59,4200.0,4127.179,4233.333,0.1794034574274789,0.16230239536554125,0.20536796854410053,0.1742267846323534,0.22040654138759233,0.23227026704490894,0.38077209408383306,0.19103892334608652,0.2152126740344268,0.22273790375097882,0.2517094936254791,0.23914038175023353,0.17854754110722396,0.28559213980624504
2687.5,4315.385,4215.897,4195.385,4111.795,4215.385,0.1794034574274789,0.16230239536554125,0.20536796854410053,0.1742267846323534,0.22040654138759233,0.23227026704490894,0.38077209408383306,0.19103892334608652,0.2152126740344268,0.22273790375097882,0.2517094936254791,0.23914038175023353,0.17854754110722396,0.28559213980624504
2695.3125,4306.154,4212.308,4196.923,4120.513,4207.179,0.1794034574274789,0.16230239536554125,0.20536796854410053,0.1742267846323534,0.22040654138759233,0.23227026704490894,0.38077209408383306,0.19103892334608652,0.2152126740344268,0.22273790375097882,0.2517094936254791,0.23914038175023353,0.17854754110722396,0.28559213980624504
2703.125,4291.282,4212.308,4182.564,4126.154,4202.564,0.1794034574274789,0.16230239536554125,0.20536796854410053,0.1742267846323534,0.22040654138759233,0.23227026704490894,0.38077209408383306,0.19103892334608652,0.2152126740344268,0.22273790375097882,0.2517094936254791,0.23914038175023353,0.17854754110722396,0.28559213980624504
2710.9375,4258.974,4200.0,4136.923,4085.641,4178.974,0.1794034574274789,0.16230239536554125,0.20536796854410053,0.1742267846323534,0.22040654138759233,0.23227026704490894,0.38077209408383306,0.19103892334608652,0.2152126740344268,0.22273790375097882,0.2517094936254791,0.23914038175023353,0.17854754110722396,0.28559213980624504
2718.75,4253.333,4195.385,4118.974,4054.872,4171.282,0.1794034574274789,0.16230239536554125,0.20536796854410053,0.1742267846323534,0.22040654138759233,0.23227026704490894,0.38077209408383306,0.19103892334608652,0.2152126740344268,0.22273790375097882,0.2517094936254791,0.23914038175023353,0.17854754110722396,0.28559213980624504
2726.5625,4258.974,4205.128,4130.256,4061.538,4188.205,0.1794034574274789,0.16230239536554125,0.20536796854410053,0.1742267846323534,0.22040654138759233,0.23227026704490894,0.38077209408383306,0.19103892334608652,0.2152126740344268,0.22273790375097882,0.2517094936254791,0.23914038175023353,0.17854754110722396,0.28559213980624504
2734.375,4242.051,4196.41,4125.128,4054.872,4167.692,0.1794034574274789,0.16230239536554125,0.20536796854410053,0.1742267846323534,0.22040654138759233,0.23227026704490894,0.38077209408383306,0.19103892334608652,0.2152126740344268,0.22273790375097882,0.2517094936254791,0.23914038175023353,0.17854754110722396,0.28559213980624504
2742.1875,4226.154,4170.769,4109.231,4027.692,4127.692,0.1794034574274789,0.16230239536554125,0.20536796854410053,0.1742267846323534,0.22040654138759233,0.23227026704490894,0.38077209408383306,0.19103892334608652,0.2152126740344268,0.22273790375097882,0.2517094936254791,0.23914038175023353,0.17854754110722396,0.28559213980624504
2750.0,4249.744,4185.128,4133.333,4034.359,4159.487,0.1794034574274789,0.16230239536554125,0.20536796854410053,0.1742267846323534,0.22040654138759233,0.23227026704490894,0.38077209408383306,0.19103892334608652,0.2152126740344268,0.22273790375097882,0.2517094936254791,0.23914038175023353,0.17854754110722396,0.28559213980624504
2757.8125,4290.256,4230.256,4174.872,4060.0,4216.923,0.1794034574274789,0.16230239536554125,0.20536796854410053,0.1742267846323534,0.22040654138759233,0.23227026704490894,0.38077209408383306,0.19103892334608652,0.2152126740344268,0.22273790375097882,0.2517094936254791,0.23914038175023353,0.17854754110722396,0.28559213980624504
2765.625,4310.256,4234.359,4189.231,4075.385,4215.385,0.1794034574274789,0.16230239536554125,0.20536796854410053,0.1742267846323534,0.22040654138759233,0.23227026704490894,0.38077209408383306,0.19103892334608652,0.2152126740344268,0.22273790375097882,0.2517094936254791,0.23914038175023353,0.17854754110722396,0.28559213980624504
2773.4375,4309.744,4207.692,4187.179,4093.846,4200.0,0.1794034574274789,0.16230239536554125,0.20536796854410053,0.1742267846323534,0.22040654138759233,0.23227026704490894,0.38077209408383306,0.19103892334608652,0.2152126740344268,0.22273790375097882,0.2517094936254791,0.23914038175023353,0.17854754110722396,0.28559213980624504
2781.25,4310.769,4211.282,4187.692,4111.282,4214.872,0.1794034574274789,0.16230239536554125,0.20536796854410053,0.1742267846323534,0.22040654138759233,0.23227026704490894,0.38077209408383306,0.19103892334608652,0.2152126740344268,0.22273790375097882,0.2517094936254791,0.23914038175023353,0.17854754110722396,0.28559213980624504
2789.0625,4337.436,4235.897,4209.231,4121.026,4237.436,0.1794034574274789,0.16230239536554125,0.20536796854410053,0.1742267846323534,0.22040654138759233,0.23227026704490894,0.38077209408383306,0.19103892334608652,0.2152126740344268,0.22273790375097882,0.2517094936254791,0.23914038175023353,0.17854754110722396,0.28559213980624504
2796.875,4348.718,4242.051,4218.462,4132.821,4250.256,0.1794034574274789,0.16230239536554125,0.20536796854410053,0.1742267846323534,0.22040654138759233,0.23227026704490894,0.38077209408383306,0.19103892334608652,0.2152126740344268,0.22273790375097882,0.2517094936254791,0.23914038175023353,0.17854754110722396,0.28559213980624504
2804.6875,4339.487,4237.436,4203.077,4149.231,4253.333,0.1794034574274789,0.16230239536554125,0.20536796854410053,0.1742267846323534,0.22040654138759233,0.23227026704490894,0.38077209408383306,0.19103892334608652,0.2152126740344268,0.22273790375097882,0.2517094936254791,0.23914038175023353,0.17854754110722396,0.28559213980624504
2812.5,4336.41,4232.308,4194.872,4135.385,4233.846,0.1794034574274789,0.16230239536554125,0.20536796854410053,0.1742267846323534,0.22040654138759233,0.23227026704490894,0.38077209408383306,0.19103892334608652,0.2152126740344268,0.22273790375097882,0.2517094936254791,0.23914038175023353,0.17854754110722396,0.28559213980624504
2820.3125,4330.769,4228.718,4187.179,4101.538,4211.282,0.1794034574274789,0.16230239536554125,0.20536796854410053,0.1742267846323534,0.22040654138759233,0.23227026704490894,0.38077209408383306,0.19103892334608652,0.2152126740344268,0.22273790375097882,0.2517094936254791,0.23914038175023353,0.17854754110722396,0.28559213980624504
2828.125,4314.872,4229.231,4173.333,4080.0,4202.051,0.1794034574274789,0.16230239536554125,0.20536796854410053,0.1742267846323534,0.22040654138759233,0.23227026704490894,0.38077209408383306,0.19103892334608652,0.2152126740344268,0.22273790375097882,0.2517094936254791,0.23914038175023353,0.17854754110722396,0.28559213980624504
2835.9375,4311.795,4237.436,4173.846,4076.923,4212.821,0.1794034574274789,0.16230239536554125,0.20536796854410053,0.1742267846323534,0.22040654138759233,0.23227026704490894,0.38077209408383306,0.19103892334608652,0.2152126740344268,0.22273790375097882,0.2517094936254791,0.23914038175023353,0.17854754110722396,0.28559213980624504
2843.75,4325.641,4249.744,4188.205,4091.282,4231.795,0.1794034574274789,0.16230239536554125,0.20536796854410053,0.1742267846323534,0.22040654138759233,0.23227026704490894,0.38077209408383306,0.19103892334608652,0.2152126740344268,0.22273790375097882,0.2517094936254791,0.23914038175023353,0.17854754110722396,0.28559213980624504
2851.5625,4328.718,4255.897,4197.436,4100.0,4236.41,0.1794034574274789,0.16230239536554125,0.20536796854410053,0.1742267846323534,0.22040654138759233,0.23227026704490894,0.38077209408383306,0.19103892334608652,0.2152126740344268,0.22273790375097882,0.2517094936254791,0.23914038175023353,0.17854754110722396,0.28559213980624504
2859.375,4325.641,4242.051,4195.385,4096.41,4228.718,0.1794034574274789,0.16230239536554125,0.20536796854410053,0.1742267846323534,0.22040654138759233,0.23227026704490894,0.38077209408383306,0.19103892334608652,0.2152126740344268,0.22273790375097882,0.2517094936254791,0.23914038175023353,0.17854754110722396,0.28559213980624504
2867.1875,4324.103,4226.667,4191.795,4096.923,4222.564,0.1794034574274789,0.16230239536554125,0.20536796854410053,0.1742267846323534,0.22040654138759233,0.23227026704490894,0.38077209408383306,0.19103892334608652,0.2152126740344268,0.22273790375097882,0.2517094936254791,0.23914038175023353,0.17854754110722396,0.28559213980624504
2875.0,4318.974,4221.026,4191.282,4100.0,4220.513,0.1794034574274789,0.16230239536554125,0.20536796854410053,0.1742267846323534,0.22040654138759233,0.23227026704490894,0.38077209408383306,0.19103892334608652,0.2152126740344268,0.22273790375097882,0.2517094936254791,0.23914038175023353,0.17854754110722396,0.28559213980624504
2882.8125,4310.769,4210.256,4181.538,4088.718,4215.897,0.1794034574274789,0.16230239536554125,0.20536796854410053,0.1742267846323534,0.22040654138759233,0.23227026704490894,0.38077209408383306,0.19103892334608652,0.2152126740344268,0.22273790375097882,0.2517094936254791,0.23914038175023353,0.17854754110722396,0.28559213980624504
2890.625,4315.385,4204.615,4181.026,4089.744,4222.051,0.1794034574274789,0.16230239536554125,0.20536796854410053,0.1742267846323534,0.22040654138759233,0.23227026704490894,0.38077209408383306,0.19103892334608652,0.2152126740344268,0.22273790375097882,0.2517094936254791,0.23914038175023353,0.17854754110722396,0.28559213980624504
2898.4375,4337.436,4213.846,4195.385,4115.897,4242.051,0.1794034574274789,0.16230239536554125,0.20536796854410053,0.1742267846323534,0.22040654138759233,0.23227026704490894,0.38077209408383306,0.19103892334608652,0.2152126740344268,0.22273790375097882,0.2517094936254791,0.23914038175023353,0.17854754110722396,0.28559213980624504
2906.25,4349.744,4213.846,4210.256,4121.026,4251.282,0.1794034574274789,0.16230239536554125,0.20536796854410053,0.1742267846323534,0.22040654138759233,0.23227026704490894,0.38077209408383306,0.19103892334608652,0.2152126740344268,0.22273790375097882,0.2517094936254791,0.23914038175023353,0.17854754110722396,0.28559213980624504
2914.0625,4340.0,4202.051,4211.282,4097.949,4237.436,0.1794034574274789,0.16230239536554125,0.20536796854410053,0.1742267846323534,0.22040654138759233,0.23227026704490894,0.38077209408383306,0.19103892334608652,0.2152126740344268,0.22273790375097882,0.2517094936254791,0.23914038175023353,0.17854754110722396,0.28559213980624504
2921.875,4309.231,4182.051,4182.564,4064.615,4201.026,0.1794034574274789,0.16230239536554125,0.20536796854410053,0.1742267846323534,0.22040654138759233,0.23227026704490894,0.38077209408383306,0.19103892334608652,0.2152126740344268,0.22273790375097882,0.2517094936254791,0.23914038175023353,0.17854754110722396,0.28559213980624504
2929.6875,4274.359,4165.128,4154.359,4029.744,4160.0,0.1794034574274789,0.16230239536554125,0.20536796854410053,0.1742267846323534,0.22040654138759233,0.23227026704490894,0.38077209408383306,0.19103892334608652,0.2152126740344268,0.22273790375097882,0.2517094936254791,0.23914038175023353,0.17854754110722396,0.28559213980624504
2937.5,4253.846,4166.667,4131.282,4015.897,4140.513,0.1794034574274789,0.16230239536554125,0.20536796854410053,0.1742267846323534,0.22040654138759233,0.23227026704490894,0.38077209408383306,0.19103892334608652,0.2152126740344268,0.22273790375097882,0.2517094936254791,0.23914038175023353,0.17854754110722396,0.28559213980624504
2945.3125,4253.333,4168.718,4115.385,4009.744,4138.462,0.1794034574274789,0.16230239536554125,0.20536796854410053,0.1742267846323534,0.22040654138759233,0.23227026704490894,0.38077209408383306,0.19103892334608652,0.2152126740344268,0.22273790375097882,0.2517094936254791,0.23914038175023353,0.17854754110722396,0.28559213980624504
2953.125,4270.769,4175.897,4132.821,4014.359,4147.179,0.1794034574274789,0.16230239536554125,0.20536796854410053,0.1742267846323534,0.22040654138759233,0.23227026704490894,0.38077209408383306,0.19103892334608652,0.2152126740344268,0.22273790375097882,0.2517094936254791,0.23914038175023353,0.17854754110722396,0.28559213980624504
2960.9375,4291.795,4198.462,4151.282,4041.538,4152.308,0.1794034574274789,0.16230239536554125,0.20536796854410053,0.1742267846323534,0.22040654138759233,0.23227026704490894,0.38077209408383306,0.19103892334608652,0.2152126740344268,0.22273790375097882,0.2517094936254791,0.23914038175023353,0.17854754110722396,0.28559213980624504
2968.75,4286.154,4203.077,4143.59,4040.513,4141.538,0.1794034574274789,0.16230239536554125,0.20536796854410053,0.1742267846323534,0.22040654138759233,0.23227026704490894,0.38077209408383306,0.19103892334608652,0.2152126740344268,0.22273790375097882,0.2517094936254791,0.23914038175023353,0.17854754110722396,0.28559213980624504
2976.5625,4267.692,4195.385,4142.051,4015.385,4141.538,0.1794034574274789,0.16230239536554125,0.20536796854410053,0.1742267846323534,0.22040654138759233,0.23227026704490894,0.38077209408383306,0.19103892334608652,0.2152126740344268,0.22273790375097882,0.2517094936254791,0.23914038175023353,0.17854754110722396,0.28559213980624504
2984.375,4264.615,4198.974,4153.333,4018.462,4153.846,0.1794034574274789,0.16230239536554125,0.20536796854410053,0.1742267846323534,0.22040654138759233,0.23227026704490894,0.38077209408383306,0.19103892334608652,0.2152126740344268,0.22273790375097882,0.2517094936254791,0.23914038175023353,0.17854754110722396,0.28559213980624504
2992.1875,4257.949,4181.026,4134.359,4015.897,4140.513,0.1794034574274789,0.16230239536554125,0.20536796854410053,0.1742267846323534,0.22040654138759233,0.23227026704490894,0.38077209408383306,0.19103892334608652,0.2152126740344268,0.22273790375097882,0.2517094936254791,0.23914038175023353,0.17854754110722396,0.28559213980624504
