timestamp,AF3,T7,Pz,T8,AF4,AF3_theta,AF3_alpha,AF3_beta,T7_theta,T7_mu,T7_beta,Pz_alpha,Pz_beta,T8_theta,T8_mu,T8_beta,AF4_theta,AF4_alpha,AF4_beta
0.0,4240.513,4222.564,4166.667,4157.436,4253.333,0.12598951490628932,0.06694511311715845,0.07138562923903043,0.15947676134144373,0.11321791661327803,0.2837498253667187,0.19266152039279558,0.21098459756826451,0.12236908889566876,0.15108295145019177,0.34425501156299865,0.1212293181489433,0.07277334538799142,0.13173907636734042
7.8125,4236.923,4221.538,4179.487,4164.103,4253.333,0.12598951490628932,0.06694511311715845,0.07138562923903043,0.15947676134144373,0.11321791661327803,0.2837498253667187,0.19266152039279558,0.21098459756826451,0.12236908889566876,0.15108295145019177,0.34425501156299865,0.1212293181489433,0.07277334538799142,0.13173907636734042
15.625,4229.231,4218.462,4169.231,4158.974,4266.667,0.12598951490628932,0.06694511311715845,0.07138562923903043,0.15947676134144373,0.11321791661327803,0.2837498253667187,0.19266152039279558,0.21098459756826451,0.12236908889566876,0.15108295145019177,0.34425501156299865,0.1212293181489433,0.07277334538799142,0.13173907636734042
23.4375,4228.718,4227.179,4161.538,4149.231,4271.282,0.12598951490628932,0.06694511311715845,0.07138562923903043,0.15947676134144373,0.11321791661327803,0.2837498253667187,0.19266152039279558,0.21098459756826451,0.12236908889566876,0.15108295145019177,0.34425501156299865,0.1212293181489433,0.07277334538799142,0.13173907636734042
31.25,4236.923,4240.513,4166.667,4151.795,4269.744,0.12598951490628932,0.06694511311715845,0.07138562923903043,0.15947676134144373,0.11321791661327803,0.2837498253667187,0.19266152039279558,0.21098459756826451,0.12236908889566876,0.15108295145019177,0.34425501156299865,0.1212293181489433,0.07277334538799142,0.13173907636734042
39.0625,4241.026,4227.692,4159.487,4153.333,4267.692,0.12598951490628932,0.06694511311715845,0.07138562923903043,0.15947676134144373,0.11321791661327803,0.2837498253667187,0.19266152039279558,0.21098459756826451,0.12236908889566876,0.15108295145019177,0.34425501156299865,0.1212293181489433,0.07277334538799142,0.13173907636734042
46.875,4249.744,4209.744,4152.821,4157.949,4263.077,0.12598951490628932,0.06694511311715845,0.07138562923903043,0.15947676134144373,0.11321791661327803,0.2837498253667187,0.19266152039279558,0.21098459756826451,0.12236908889566876,0.15108295145019177,0.34425501156299865,0.1212293181489433,0.07277334538799142,0.13173907636734042
54.6875,4271.282,4232.821,4166.154,4174.872,4278.462,0.12598951490628932,0.06694511311715845,0.07138562923903043,0.15947676134144373,0.11321791661327803,0.2837498253667187,0.19266152039279558,0.21098459756826451,0.12236908889566876,0.15108295145019177,0.34425501156299865,0.1212293181489433,0.07277334538799142,0.13173907636734042
62.5,4267.179,4258.462,4169.744,4177.436,4299.487,0.12598951490628932,0.06694511311715845,0.07138562923903043,0.15947676134144373,0.11321791661327803,0.2837498253667187,0.19266152039279558,0.21098459756826451,0.12236908889566876,0.15108295145019177,0.34425501156299865,0.1212293181489433,0.07277334538799142,0.13173907636734042
70.3125,4241.026,4240.513,4148.205,4161.538,4288.718,0.12598951490628932,0.06694511311715845,0.07138562923903043,0.15947676134144373,0.11321791661327803,0.2837498253667187,0.19266152039279558,0.21098459756826451,0.12236908889566876,0.15108295145019177,0.34425501156299865,0.1212293181489433,0.07277334538799142,0.13173907636734042
78.125,4244.615,4222.564,4146.154,4157.949,4262.564,0.12598951490628932,0.06694511311715845,0.07138562923903043,0.15947676134144373,0.11321791661327803,0.2837498253667187,0.19266152039279558,0.21098459756826451,0.12236908889566876,0.15108295145019177,0.34425501156299865,0.1212293181489433,0.07277334538799142,0.13173907636734042
85.9375,4258.462,4233.333,4170.769,4166.667,4255.385,0.12598951490628932,0.06694511311715845,0.07138562923903043,0.15947676134144373,0.11321791661327803,0.2837498253667187,0.19266152039279558,0.21098459756826451,0.12236908889566876,0.15108295145019177,0.34425501156299865,0.1212293181489433,0.07277334538799142,0.13173907636734042
93.75,4249.231,4244.615,4180.513,4168.718,4256.923,0.12598951490628932,0.06694511311715845,0.07138562923903043,0.15947676134144373,0.11321791661327803,0.2837498253667187,0.19266152039279558,0.21098459756826451,0.12236908889566876,0.15108295145019177,0.34425501156299865,0.1212293181489433,0.07277334538799142,0.13173907636734042
101.5625,4250.256,4251.282,4173.333,4175.385,4266.154,0.12598951490628932,0.06694511311715845,0.07138562923903043,0.15947676134144373,0.11321791661327803,0.2837498253667187,0.19266152039279558,0.21098459756826451,0.12236908889566876,0.15108295145019177,0.34425501156299865,0.1212293181489433,0.07277334538799142,0.13173907636734042
109.375,4267.179,4253.846,4171.795,4184.615,4286.667,0.12598951490628932,0.06694511311715845,0.07138562923903043,0.15947676134144373,0.11321791661327803,0.2837498253667187,0.19266152039279558,0.21098459756826451,0.12236908889566876,0.15108295145019177,0.34425501156299865,0.1212293181489433,0.07277334538799142,0.13173907636734042
117.1875,4261.538,4245.641,4180.513,4178.974,4273.846,0.12598951490628932,0.06694511311715845,0.07138562923903043,0.15947676134144373,0.11321791661327803,0.2837498253667187,0.19266152039279558,0.21098459756826451,0.12236908889566876,0.15108295145019177,0.34425501156299865,0.1212293181489433,0.07277334538799142,0.13173907636734042
125.0,4242.564,4242.564,4186.154,4157.949,4236.923,0.12598951490628932,0.06694511311715845,0.07138562923903043,0.15947676134144373,0.11321791661327803,0.2837498253667187,0.19266152039279558,0.21098459756826451,0.12236908889566876,0.15108295145019177,0.34425501156299865,0.1212293181489433,0.07277334538799142,0.13173907636734042
132.8125,4248.205,4256.923,4188.205,4152.308,4251.795,0.12598951490628932,0.06694511311715845,0.07138562923903043,0.15947676134144373,0.11321791661327803,0.2837498253667187,0.19266152039279558,0.21098459756826451,0.12236908889566876,0.15108295145019177,0.34425501156299865,0.1212293181489433,0.07277334538799142,0.13173907636734042
140.625,4274.872,4270.256,4194.359,4179.487,4302.051,0.12598951490628932,0.06694511311715845,0.07138562923903043,0.15947676134144373,0.11321791661327803,0.2837498253667187,0.19266152039279558,0.21098459756826451,0.12236908889566876,0.15108295145019177,0.34425501156299865,0.1212293181489433,0.07277334538799142,0.13173907636734042
148.4375,4284.615,4261.026,4203.59,4203.077,4309.744,0.12598951490628932,0.06694511311715845,0.07138562923903043,0.15947676134144373,0.11321791661327803,0.2837498253667187,0.19266152039279558,0.21098459756826451,0.12236908889566876,0.15108295145019177,0.34425501156299865,0.1212293181489433,0.07277334538799142,0.13173907636734042
156.25,4269.231,4245.128,4206.154,4194.872,4288.718,0.12598951490628932,0.06694511311715845,0.07138562923903043,0.15947676134144373,0.11321791661327803,0.2837498253667187,0.19266152039279558,0.21098459756826451,0.12236908889566876,0.15108295145019177,0.34425501156299865,0.1212293181489433,0.07277334538799142,0.13173907636734042
164.0625,4256.41,4243.59,4187.692,4168.718,4276.923,0.12598951490628932,0.06694511311715845,0.07138562923903043,0.15947676134144373,0.11321791661327803,0.2837498253667187,0.19266152039279558,0.21098459756826451,0.12236908889566876,0.15108295145019177,0.34425501156299865,0.1212293181489433,0.07277334538799142,0.13173907636734042
171.875,4256.41,4240.513,4162.051,4155.385,4262.051,0.12598951490628932,0.06694511311715845,0.07138562923903043,0.15947676134144373,0.11321791661327803,0.2837498253667187,0.19266152039279558,0.21098459756826451,0.12236908889566876,0.15108295145019177,0.34425501156299865,0.1212293181489433,0.07277334538799142,0.13173907636734042
179.6875,4255.385,4223.077,4155.385,4167.692,4244.103,0.12598951490628932,0.06694511311715845,0.07138562923903043,0.15947676134144373,0.11321791661327803,0.2837498253667187,0.19266152039279558,0.21098459756826451,0.12236908889566876,0.15108295145019177,0.34425501156299865,0.1212293181489433,0.07277334538799142,0.13173907636734042
187.5,4251.795,4216.923,4171.282,4178.462,4238.974,0.12598951490628932,0.06694511311715845,0.07138562923903043,0.15947676134144373,0.11321791661327803,0.2837498253667187,0.19266152039279558,0.21098459756826451,0.12236908889566876,0.15108295145019177,0.34425501156299865,0.1212293181489433,0.07277334538799142,0.13173907636734042
195.3125,4256.923,4240.513,4188.718,4180.0,4255.897,0.12598951490628932,0.06694511311715845,0.07138562923903043,0.15947676134144373,0.11321791661327803,0.2837498253667187,0.19266152039279558,0.21098459756826451,0.12236908889566876,0.15108295145019177,0.34425501156299865,0.1212293181489433,0.07277334538799142,0.13173907636734042
203.125,4253.333,4252.308,4182.051,4184.103,4273.846,0.12598951490628932,0.06694511311715845,0.07138562923903043,0.15947676134144373,0.11321791661327803,0.2837498253667187,0.19266152039279558,0.21098459756826451,0.12236908889566876,0.15108295145019177,0.34425501156299865,0.1212293181489433,0.07277334538799142,0.13173907636734042
210.9375,4237.436,4224.615,4160.513,4173.333,4260.513,0.12598951490628932,0.06694511311715845,0.07138562923903043,0.15947676134144373,0.11321791661327803,0.2837498253667187,0.19266152039279558,0.21098459756826451,0.12236908889566876,0.15108295145019177,0.34425501156299865,0.1212293181489433,0.07277334538799142,0.13173907636734042
218.75,4241.538,4200.0,4161.026,4151.795,4236.41,0.12598951490628932,0.06694511311715845,0.07138562923903043,0.15947676134144373,0.11321791661327803,0.2837498253667187,0.19266152039279558,0.21098459756826451,0.12236908889566876,0.15108295145019177,0.34425501156299865,0.1212293181489433,0.07277334538799142,0.13173907636734042
226.5625,4255.897,4210.256,4173.333,4156.41,4238.462,0.12598951490628932,0.06694511311715845,0.07138562923903043,0.15947676134144373,0.11321791661327803,0.2837498253667187,0.19266152039279558,0.21098459756826451,0.12236908889566876,0.15108295145019177,0.34425501156299865,0.1212293181489433,0.07277334538799142,0.13173907636734042
234.375,4239.487,4219.487,4167.692,4164.103,4239.487,0.12598951490628932,0.06694511311715845,0.07138562923903043,0.15947676134144373,0.11321791661327803,0.2837498253667187,0.19266152039279558,0.21098459756826451,0.12236908889566876,0.15108295145019177,0.34425501156299865,0.1212293181489433,0.07277334538799142,0.13173907636734042
242.1875,4217.436,4214.359,4164.615,4154.359,4224.615,0.12598951490628932,0.06694511311715845,0.07138562923903043,0.15947676134144373,0.11321791661327803,0.2837498253667187,0.19266152039279558,0.21098459756826451,0.12236908889566876,0.15108295145019177,0.34425501156299865,0.1212293181489433,0.07277334538799142,0.13173907636734042
250.0,4229.744,4229.744,4173.333,4162.051,4239.487,0.12598951490628932,0.06694511311715845,0.07138562923903043,0.15947676134144373,0.11321791661327803,0.2837498253667187,0.19266152039279558,0.21098459756826451,0.12236908889566876,0.15108295145019177,0.34425501156299865,0.1212293181489433,0.07277334538799142,0.13173907636734042
257.8125,4258.462,4247.179,4175.385,4192.821,4281.538,0.12598951490628932,0.06694511311715845,0.07138562923903043,0.15947676134144373,0.11321791661327803,0.2837498253667187,0.19266152039279558,0.21098459756826451,0.12236908889566876,0.15108295145019177,0.34425501156299865,0.1212293181489433,0.07277334538799142,0.13173907636734042
265.625,4271.795,4246.154,4188.205,4218.462,4305.128,0.12598951490628932,0.06694511311715845,0.07138562923903043,0.15947676134144373,0.11321791661327803,0.2837498253667187,0.19266152039279558,0.21098459756826451,0.12236908889566876,0.15108295145019177,0.34425501156299865,0.1212293181489433,0.07277334538799142,0.13173907636734042
273.4375,4271.282,4247.692,4210.256,4222.051,4292.821,0.12598951490628932,0.06694511311715845,0.07138562923903043,0.15947676134144373,0.11321791661327803,0.2837498253667187,0.19266152039279558,0.21098459756826451,0.12236908889566876,0.15108295145019177,0.34425501156299865,0.1212293181489433,0.07277334538799142,0.13173907636734042
281.25,4262.564,4251.795,4210.769,4203.077,4266.667,0.12598951490628932,0.06694511311715845,0.07138562923903043,0.15947676134144373,0.11321791661327803,0.2837498253667187,0.19266152039279558,0.21098459756826451,0.12236908889566876,0.15108295145019177,0.34425501156299865,0.1212293181489433,0.07277334538799142,0.13173907636734042
289.0625,4248.718,4253.846,4193.846,4192.821,4258.974,0.12598951490628932,0.06694511311715845,0.07138562923903043,0.15947676134144373,0.11321791661327803,0.2837498253667187,0.19266152039279558,0.21098459756826451,0.12236908889566876,0.15108295145019177,0.34425501156299865,0.1212293181489433,0.07277334538799142,0.13173907636734042
296.875,4255.897,4257.436,4193.333,4204.103,4269.231,0.12598951490628932,0.06694511311715845,0.07138562923903043,0.15947676134144373,0.11321791661327803,0.2837498253667187,0.19266152039279558,0.21098459756826451,0.12236908889566876,0.15108295145019177,0.34425501156299865,0.1212293181489433,0.07277334538799142,0.13173907636734042
304.6875,4292.308,4257.436,4205.641,4208.205,4277.436,0.12598951490628932,0.06694511311715845,0.07138562923903043,0.15947676134144373,0.11321791661327803,0.2837498253667187,0.19266152039279558,0.21098459756826451,0.12236908889566876,0.15108295145019177,0.34425501156299865,0.1212293181489433,0.07277334538799142,0.13173907636734042
312.5,4332.308,4254.872,4204.103,4208.718,4289.231,0.12598951490628932,0.06694511311715845,0.07138562923903043,0.15947676134144373,0.11321791661327803,0.2837498253667187,0.19266152039279558,0.21098459756826451,0.12236908889566876,0.15108295145019177,0.34425501156299865,0.1212293181489433,0.07277334538799142,0.13173907636734042
320.3125,4373.846,4265.128,4199.487,4215.385,4327.692,0.12598951490628932,0.06694511311715845,0.07138562923903043,0.15947676134144373,0.11321791661327803,0.2837498253667187,0.19266152039279558,0.21098459756826451,0.12236908889566876,0.15108295145019177,0.34425501156299865,0.1212293181489433,0.07277334538799142,0.13173907636734042
328.125,4432.821,4280.513,4211.795,4210.769,4384.615,0.12598951490628932,0.06694511311715845,0.07138562923903043,0.15947676134144373,0.11321791661327803,0.2837498253667187,0.19266152039279558,0.21098459756826451,0.12236908889566876,0.15108295145019177,0.34425501156299865,0.1212293181489433,0.07277334538799142,0.13173907636734042
335.9375,4508.205,4275.385,4226.154,4208.718,4441.026,0.12598951490628932,0.06694511311715845,0.07138562923903043,0.15947676134144373,0.11321791661327803,0.2837498253667187,0.19266152039279558,0.21098459756826451,0.12236908889566876,0.15108295145019177,0.34425501156299865,0.1212293181489433,0.07277334538799142,0.13173907636734042
343.75,4591.282,4266.667,4231.795,4223.077,4496.923,0.12598951490628932,0.06694511311715845,0.07138562923903043,0.15947676134144373,0.11321791661327803,0.2837498253667187,0.19266152039279558,0.21098459756826451,0.12236908889566876,0.15108295145019177,0.34425501156299865,0.1212293181489433,0.07277334538799142,0.13173907636734042
351.5625,4661.538,4270.769,4222.051,4217.949,4537.949,0.12598951490628932,0.06694511311715845,0.07138562923903043,0.15947676134144373,0.11321791661327803,0.2837498253667187,0.19266152039279558,0.21098459756826451,0.12236908889566876,0.15108295145019177,0.34425501156299865,0.1212293181489433,0.07277334538799142,0.13173907636734042
359.375,4695.385,4266.154,4193.333,4190.769,4546.667,0.12598951490628932,0.06694511311715845,0.07138562923903043,0.15947676134144373,0.11321791661327803,0.2837498253667187,0.19266152039279558,0.21098459756826451,0.12236908889566876,0.15108295145019177,0.34425501156299865,0.1212293181489433,0.07277334538799142,0.13173907636734042
367.1875,4705.128,4252.821,4174.872,4184.615,4555.385,0.12598951490628932,0.06694511311715845,0.07138562923903043,0.15947676134144373,0.11321791661327803,0.2837498253667187,0.19266152039279558,0.21098459756826451,0.12236908889566876,0.15108295145019177,0.34425501156299865,0.1212293181489433,0.07277334538799142,0.13173907636734042
375.0,4722.564,4261.026,4189.744,4198.974,4592.308,0.12598951490628932,0.06694511311715845,0.07138562923903043,0.15947676134144373,0.11321791661327803,0.2837498253667187,0.19266152039279558,0.21098459756826451,0.12236908889566876,0.15108295145019177,0.34425501156299865,0.1212293181489433,0.07277334538799142,0.13173907636734042
382.8125,4732.821,4276.923,4204.103,4201.538,4615.385,0.12598951490628932,0.06694511311715845,0.07138562923903043,0.15947676134144373,0.11321791661327803,0.2837498253667187,0.19266152039279558,0.21098459756826451,0.12236908889566876,0.15108295145019177,0.34425501156299865,0.1212293181489433,0.07277334538799142,0.13173907636734042
390.625,4715.897,4272.308,4199.487,4190.256,4602.564,0.12598951490628932,0.06694511311715845,0.07138562923903043,0.15947676134144373,0.11321791661327803,0.2837498253667187,0.19266152039279558,0.21098459756826451,0.12236908889566876,0.15108295145019177,0.34425501156299865,0.1212293181489433,0.07277334538799142,0.13173907636734042
398.4375,4692.308,4259.487,4199.487,4186.667,4586.154,0.12598951490628932,0.06694511311715845,0.07138562923903043,0.15947676134144373,0.11321791661327803,0.2837498253667187,0.19266152039279558,0.21098459756826451,0.12236908889566876,0.15108295145019177,0.34425501156299865,0.1212293181489433,0.07277334538799142,0.13173907636734042
406.25,4673.333,4257.949,4210.256,4187.692,4565.128,0.12598951490628932,0.06694511311715845,0.07138562923903043,0.15947676134144373,0.11321791661327803,0.2837498253667187,0.19266152039279558,0.21098459756826451,0.12236908889566876,0.15108295145019177,0.34425501156299865,0.1212293181489433,0.07277334538799142,0.13173907636734042
414.0625,4631.795,4264.103,4207.179,4191.795,4531.282,0.12598951490628932,0.06694511311715845,0.07138562923903043,0.15947676134144373,0.11321791661327803,0.2837498253667187,0.19266152039279558,0.21098459756826451,0.12236908889566876,0.15108295145019177,0.34425501156299865,0.1212293181489433,0.07277334538799142,0.13173907636734042
421.875,4581.538,4269.744,4191.795,4207.179,4508.718,0.12598951490628932,0.06694511311715845,0.07138562923903043,0.15947676134144373,0.11321791661327803,0.2837498253667187,0.19266152039279558,0.21098459756826451,0.12236908889566876,0.15108295145019177,0.34425501156299865,0.1212293181489433,0.07277334538799142,0.13173907636734042
429.6875,4551.282,4270.769,4194.872,4210.256,4482.051,0.12598951490628932,0.06694511311715845,0.07138562923903043,0.15947676134144373,0.11321791661327803,0.2837498253667187,0.19266152039279558,0.21098459756826451,0.12236908889566876,0.15108295145019177,0.34425501156299865,0.1212293181489433,0.07277334538799142,0.13173907636734042
437.5,4521.538,4258.462,4208.205,4195.385,4435.385,0.12598951490628932,0.06694511311715845,0.07138562923903043,0.15947676134144373,0.11321791661327803,0.2837498253667187,0.19266152039279558,0.21098459756826451,0.12236908889566876,0.15108295145019177,0.34425501156299865,0.1212293181489433,0.07277334538799142,0.13173907636734042
445.3125,4492.821,4248.718,4205.641,4198.462,4418.462,0.12598951490628932,0.06694511311715845,0.07138562923903043,0.15947676134144373,0.11321791661327803,0.2837498253667187,0.19266152039279558,0.21098459756826451,0.12236908889566876,0.15108295145019177,0.34425501156299865,0.1212293181489433,0.07277334538799142,0.13173907636734042
453.125,4478.974,4249.231,4196.41,4207.179,4413.846,0.12598951490628932,0.06694511311715845,0.07138562923903043,0.15947676134144373,0.11321791661327803,0.2837498253667187,0.19266152039279558,0.21098459756826451,0.12236908889566876,0.15108295145019177,0.34425501156299865,0.1212293181489433,0.07277334538799142,0.13173907636734042
460.9375,4446.667,4237.949,4182.051,4178.974,4358.974,0.12598951490628932,0.06694511311715845,0.07138562923903043,0.15947676134144373,0.11321791661327803,0.2837498253667187,0.19266152039279558,0.21098459756826451,0.12236908889566876,0.15108295145019177,0.34425501156299865,0.1212293181489433,0.07277334538799142,0.13173907636734042
468.75,4395.385,4226.154,4163.077,4158.974,4306.154,0.12598951490628932,0.06694511311715845,0.07138562923903043,0.15947676134144373,0.11321791661327803,0.2837498253667187,0.19266152039279558,0.21098459756826451,0.12236908889566876,0.15108295145019177,0.34425501156299865,0.1212293181489433,0.07277334538799142,0.13173907636734042
476.5625,4362.564,4227.692,4153.333,4175.897,4295.385,0.12598951490628932,0.06694511311715845,0.07138562923903043,0.15947676134144373,0.11321791661327803,0.2837498253667187,0.19266152039279558,0.21098459756826451,0.12236908889566876,0.15108295145019177,0.34425501156299865,0.1212293181489433,0.07277334538799142,0.13173907636734042
484.375,4339.487,4221.026,4160.513,4174.872,4281.026,0.12598951490628932,0.06694511311715845,0.07138562923903043,0.15947676134144373,0.11321791661327803,0.2837498253667187,0.19266152039279558,0.21098459756826451,0.12236908889566876,0.15108295145019177,0.34425501156299865,0.1212293181489433,0.07277334538799142,0.13173907636734042
492.1875,4325.641,4221.026,4174.872,4174.359,4276.923,0.12598951490628932,0.06694511311715845,0.07138562923903043,0.15947676134144373,0.11321791661327803,0.2837498253667187,0.19266152039279558,0.21098459756826451,0.12236908889566876,0.15108295145019177,0.34425501156299865,0.1212293181489433,0.07277334538799142,0.13173907636734042
500.0,4325.641,4231.795,4181.026,4199.487,4290.769,0.12598951490628932,0.06694511311715845,0.07138562923903043,0.15947676134144373,0.11321791661327803,0.2837498253667187,0.19266152039279558,0.21098459756826451,0.12236908889566876,0.15108295145019177,0.34425501156299865,0.1212293181489433,0.07277334538799142,0.13173907636734042
507.8125,4303.59,4213.846,4173.846,4191.795,4263.59,0.12598951490628932,0.06694511311715845,0.07138562923903043,0.15947676134144373,0.11321791661327803,0.2837498253667187,0.19266152039279558,0.21098459756826451,0.12236908889566876,0.15108295145019177,0.34425501156299865,0.1212293181489433,0.07277334538799142,0.13173907636734042
515.625,4271.795,4199.487,4164.615,4163.077,4233.846,0.12598951490628932,0.06694511311715845,0.07138562923903043,0.15947676134144373,0.11321791661327803,0.2837498253667187,0.19266152039279558,0.21098459756826451,0.12236908889566876,0.15108295145019177,0.34425501156299865,0.1212293181489433,0.07277334538799142,0.13173907636734042
523.4375,4269.231,4223.59,4161.026,4171.795,4255.385,0.12598951490628932,0.06694511311715845,0.07138562923903043,0.15947676134144373,0.11321791661327803,0.2837498253667187,0.19266152039279558,0.21098459756826451,0.12236908889566876,0.15108295145019177,0.34425501156299865,0.1212293181489433,0.07277334538799142,0.13173907636734042
531.25,4278.462,4240.0,4170.256,4184.615,4272.308,0.12598951490628932,0.06694511311715845,0.07138562923903043,0.15947676134144373,0.11321791661327803,0.2837498253667187,0.19266152039279558,0.21098459756826451,0.12236908889566876,0.15108295145019177,0.34425501156299865,0.1212293181489433,0.07277334538799142,0.13173907636734042
539.0625,4272.821,4231.795,4191.795,4168.718,4249.231,0.12598951490628932,0.06694511311715845,0.07138562923903043,0.15947676134144373,0.11321791661327803,0.2837498253667187,0.19266152039279558,0.21098459756826451,0.12236908889566876,0.15108295145019177,0.34425501156299865,0.1212293181489433,0.07277334538799142,0.13173907636734042
546.875,4269.231,4234.359,4208.205,4168.718,4240.513,0.12598951490628932,0.06694511311715845,0.07138562923903043,0.15947676134144373,0.11321791661327803,0.2837498253667187,0.19266152039279558,0.21098459756826451,0.12236908889566876,0.15108295145019177,0.34425501156299865,0.1212293181489433,0.07277334538799142,0.13173907636734042
554.6875,4279.487,4247.692,4213.846,4193.846,4263.077,0.12598951490628932,0.06694511311715845,0.07138562923903043,0.15947676134144373,0.11321791661327803,0.2837498253667187,0.19266152039279558,0.21098459756826451,0.12236908889566876,0.15108295145019177,0.34425501156299865,0.1212293181489433,0.07277334538799142,0.13173907636734042
562.5,4291.795,4245.128,4221.538,4211.795,4272.308,0.12598951490628932,0.06694511311715845,0.07138562923903043,0.15947676134144373,0.11321791661327803,0.2837498253667187,0.19266152039279558,0.21098459756826451,0.12236908889566876,0.15108295145019177,0.34425501156299865,0.1212293181489433,0.07277334538799142,0.13173907636734042
570.3125,4286.667,4233.333,4222.051,4206.667,4258.462,0.12598951490628932,0.06694511311715845,0.07138562923903043,0.15947676134144373,0.11321791661327803,0.2837498253667187,0.19266152039279558,0.21098459756826451,0.12236908889566876,0.15108295145019177,0.34425501156299865,0.1212293181489433,0.07277334538799142,0.13173907636734042
578.125,4260.513,4236.923,4211.795,4195.897,4253.846,0.12598951490628932,0.06694511311715845,0.07138562923903043,0.15947676134144373,0.11321791661327803,0.2837498253667187,0.19266152039279558,0.21098459756826451,0.12236908889566876,0.15108295145019177,0.34425501156299865,0.1212293181489433,0.07277334538799142,0.13173907636734042
585.9375,4238.974,4245.128,4196.923,4193.333,4252.308,0.12598951490628932,0.06694511311715845,0.07138562923903043,0.15947676134144373,0.11321791661327803,0.2837498253667187,0.19266152039279558,0.21098459756826451,0.12236908889566876,0.15108295145019177,0.34425501156299865,0.1212293181489433,0.07277334538799142,0.13173907636734042
593.75,4223.59,4227.692,4178.974,4185.641,4226.667,0.12598951490628932,0.06694511311715845,0.07138562923903043,0.15947676134144373,0.11321791661327803,0.2837498253667187,0.19266152039279558,0.21098459756826451,0.12236908889566876,0.15108295145019177,0.34425501156299865,0.1212293181489433,0.07277334538799142,0.13173907636734042
601.5625,4207.179,4206.154,4170.256,4173.333,4197.949,0.12598951490628932,0.06694511311715845,0.07138562923903043,0.15947676134144373,0.11321791661327803,0.2837498253667187,0.19266152039279558,0.21098459756826451,0.12236908889566876,0.15108295145019177,0.34425501156299865,0.1212293181489433,0.07277334538799142,0.13173907636734042
609.375,4198.974,4207.179,4170.256,4171.795,4194.872,0.12598951490628932,0.06694511311715845,0.07138562923903043,0.15947676134144373,0.11321791661327803,0.2837498253667187,0.19266152039279558,0.21098459756826451,0.12236908889566876,0.15108295145019177,0.34425501156299865,0.1212293181489433,0.07277334538799142,0.13173907636734042
617.1875,4205.641,4218.462,4178.974,4172.308,4203.077,0.12598951490628932,0.06694511311715845,0.07138562923903043,0.15947676134144373,0.11321791661327803,0.2837498253667187,0.19266152039279558,0.21098459756826451,0.12236908889566876,0.15108295145019177,0.34425501156299865,0.1212293181489433,0.07277334538799142,0.13173907636734042
625.0,4213.846,4221.538,4190.769,4171.282,4210.769,0.12598951490628932,0.06694511311715845,0.07138562923903043,0.15947676134144373,0.11321791661327803,0.2837498253667187,0.19266152039279558,0.21098459756826451,0.12236908889566876,0.15108295145019177,0.34425501156299865,0.1212293181489433,0.07277334538799142,0.13173907636734042
632.8125,4216.41,4220.513,4191.282,4177.436,4215.897,0.12598951490628932,0.06694511311715845,0.07138562923903043,0.15947676134144373,0.11321791661327803,0.2837498253667187,0.19266152039279558,0.21098459756826451,0.12236908889566876,0.15108295145019177,0.34425501156299865,0.1212293181489433,0.07277334538799142,0.13173907636734042
640.625,4217.436,4233.333,4193.846,4189.231,4226.154,0.12598951490628932,0.06694511311715845,0.07138562923903043,0.15947676134144373,0.11321791661327803,0.2837498253667187,0.19266152039279558,0.21098459756826451,0.12236908889566876,0.15108295145019177,0.34425501156299865,0.1212293181489433,0.07277334538799142,0.13173907636734042
648.4375,4222.051,4246.667,4205.128,4201.026,4249.231,0.12598951490628932,0.06694511311715845,0.07138562923903043,0.15947676134144373,0.11321791661327803,0.2837498253667187,0.19266152039279558,0.21098459756826451,0.12236908889566876,0.15108295145019177,0.34425501156299865,0.1212293181489433,0.07277334538799142,0.13173907636734042
656.25,4224.615,4227.179,4202.051,4202.564,4255.897,0.12598951490628932,0.06694511311715845,0.07138562923903043,0.15947676134144373,0.11321791661327803,0.2837498253667187,0.19266152039279558,0.21098459756826451,0.12236908889566876,0.15108295145019177,0.34425501156299865,0.1212293181489433,0.07277334538799142,0.13173907636734042
664.0625,4228.205,4206.667,4202.051,4207.692,4243.59,0.12598951490628932,0.06694511311715845,0.07138562923903043,0.15947676134144373,0.11321791661327803,0.2837498253667187,0.19266152039279558,0.21098459756826451,0.12236908889566876,0.15108295145019177,0.34425501156299865,0.1212293181489433,0.07277334538799142,0.13173907636734042
671.875,4238.974,4226.667,4225.641,4229.744,4248.205,0.12598951490628932,0.06694511311715845,0.07138562923903043,0.15947676134144373,0.11321791661327803,0.2837498253667187,0.19266152039279558,0.21098459756826451,0.12236908889566876,0.15108295145019177,0.34425501156299865,0.1212293181489433,0.07277334538799142,0.13173907636734042
679.6875,4235.897,4253.846,4231.282,4228.718,4258.974,0.12598951490628932,0.06694511311715845,0.07138562923903043,0.15947676134144373,0.11321791661327803,0.2837498253667187,0.19266152039279558,0.21098459756826451,0.12236908889566876,0.15108295145019177,0.34425501156299865,0.1212293181489433,0.07277334538799142,0.13173907636734042
687.5,4213.333,4249.231,4209.231,4195.897,4242.051,0.12598951490628932,0.06694511311715845,0.07138562923903043,0.15947676134144373,0.11321791661327803,0.2837498253667187,0.19266152039279558,0.21098459756826451,0.12236908889566876,0.15108295145019177,0.34425501156299865,0.1212293181489433,0.07277334538799142,0.13173907636734042
695.3125,4198.462,4240.513,4199.487,4185.128,4221.538,0.12598951490628932,0.06694511311715845,0.07138562923903043,0.15947676134144373,0.11321791661327803,0.2837498253667187,0.19266152039279558,0.21098459756826451,0.12236908889566876,0.15108295145019177,0.34425501156299865,0.1212293181489433,0.07277334538799142,0.13173907636734042
703.125,4213.846,4250.256,4202.051,4204.103,4236.923,0.12598951490628932,0.06694511311715845,0.07138562923903043,0.15947676134144373,0.11321791661327803,0.2837498253667187,0.19266152039279558,0.21098459756826451,0.12236908889566876,0.15108295145019177,0.34425501156299865,0.1212293181489433,0.07277334538799142,0.13173907636734042
710.9375,4231.282,4247.692,4194.872,4199.487,4246.154,0.12598951490628932,0.06694511311715845,0.07138562923903043,0.15947676134144373,0.11321791661327803,0.2837498253667187,0.19266152039279558,0.21098459756826451,0.12236908889566876,0.15108295145019177,0.34425501156299865,0.1212293181489433,0.07277334538799142,0.13173907636734042
718.75,4212.821,4226.667,4185.128,4173.846,4216.923,0.12598951490628932,0.06694511311715845,0.07138562923903043,0.15947676134144373,0.11321791661327803,0.2837498253667187,0.19266152039279558,0.21098459756826451,0.12236908889566876,0.15108295145019177,0.34425501156299865,0.1212293181489433,0.07277334538799142,0.13173907636734042
726.5625,4193.333,4220.0,4191.282,4172.821,4200.0,0.12598951490628932,0.06694511311715845,0.07138562923903043,0.15947676134144373,0.11321791661327803,0.2837498253667187,0.19266152039279558,0.21098459756826451,0.12236908889566876,0.15108295145019177,0.34425501156299865,0.1212293181489433,0.07277334538799142,0.13173907636734042
734.375,4209.744,4235.385,4199.487,4191.795,4222.564,0.12598951490628932,0.06694511311715845,0.07138562923903043,0.15947676134144373,0.11321791661327803,0.2837498253667187,0.19266152039279558,0.21098459756826451,0.12236908889566876,0.15108295145019177,0.34425501156299865,0.1212293181489433,0.07277334538799142,0.13173907636734042
742.1875,4229.744,4249.231,4197.949,4199.487,4244.615,0.12598951490628932,0.06694511311715845,0.07138562923903043,0.15947676134144373,0.11321791661327803,0.2837498253667187,0.19266152039279558,0.21098459756826451,0.12236908889566876,0.15108295145019177,0.34425501156299865,0.1212293181489433,0.07277334538799142,0.13173907636734042
750.0,4235.897,4255.897,4201.538,4207.692,4251.282,0.12598951490628932,0.06694511311715845,0.07138562923903043,0.15947676134144373,0.11321791661327803,0.2837498253667187,0.19266152039279558,0.21098459756826451,0.12236908889566876,0.15108295145019177,0.34425501156299865,0.1212293181489433,0.07277334538799142,0.13173907636734042
757.8125,4249.231,4255.897,4216.923,4224.103,4253.333,0.12598951490628932,0.06694511311715845,0.07138562923903043,0.15947676134144373,0.11321791661327803,0.2837498253667187,0.19266152039279558,0.21098459756826451,0.12236908889566876,0.15108295145019177,0.34425501156299865,0.1212293181489433,0.07277334538799142,0.13173907636734042
765.625,4254.872,4235.897,4216.41,4215.385,4242.051,0.12598951490628932,0.06694511311715845,0.07138562923903043,0.15947676134144373,0.11321791661327803,0.2837498253667187,0.19266152039279558,0.21098459756826451,0.12236908889566876,0.15108295145019177,0.34425501156299865,0.1212293181489433,0.07277334538799142,0.13173907636734042
773.4375,4231.795,4216.923,4189.744,4180.513,4222.564,0.12598951490628932,0.06694511311715845,0.07138562923903043,0.15947676134144373,0.11321791661327803,0.2837498253667187,0.19266152039279558,0.21098459756826451,0.12236908889566876,0.15108295145019177,0.34425501156299865,0.1212293181489433,0.07277334538799142,0.13173907636734042
781.25,4208.205,4226.154,4177.436,4162.564,4220.513,0.12598951490628932,0.06694511311715845,0.07138562923903043,0.15947676134144373,0.11321791661327803,0.2837498253667187,0.19266152039279558,0.21098459756826451,0.12236908889566876,0.15108295145019177,0.34425501156299865,0.1212293181489433,0.07277334538799142,0.13173907636734042
789.0625,4204.103,4241.026,4192.308,4168.718,4229.231,0.12598951490628932,0.06694511311715845,0.07138562923903043,0.15947676134144373,0.11321791661327803,0.2837498253667187,0.19266152039279558,0.21098459756826451,0.12236908889566876,0.15108295145019177,0.34425501156299865,0.1212293181489433,0.07277334538799142,0.13173907636734042
796.875,4202.051,4240.0,4191.282,4174.872,4222.564,0.12598951490628932,0.06694511311715845,0.07138562923903043,0.15947676134144373,0.11321791661327803,0.2837498253667187,0.19266152039279558,0.21098459756826451,0.12236908889566876,0.15108295145019177,0.34425501156299865,0.1212293181489433,0.07277334538799142,0.13173907636734042
804.6875,4193.846,4237.949,4176.923,4181.538,4214.872,0.12598951490628932,0.06694511311715845,0.07138562923903043,0.15947676134144373,0.11321791661327803,0.2837498253667187,0.19266152039279558,0.21098459756826451,0.12236908889566876,0.15108295145019177,0.34425501156299865,0.1212293181489433,0.07277334538799142,0.13173907636734042
812.5,4195.897,4243.59,4183.59,4190.769,4227.179,0.12598951490628932,0.06694511311715845,0.07138562923903043,0.15947676134144373,0.11321791661327803,0.2837498253667187,0.19266152039279558,0.21098459756826451,0.12236908889566876,0.15108295145019177,0.34425501156299865,0.1212293181489433,0.07277334538799142,0.13173907636734042
820.3125,4209.231,4235.897,4183.59,4195.897,4226.154,0.12598951490628932,0.06694511311715845,0.07138562923903043,0.15947676134144373,0.11321791661327803,0.2837498253667187,0.19266152039279558,0.21098459756826451,0.12236908889566876,0.15108295145019177,0.34425501156299865,0.1212293181489433,0.07277334538799142,0.13173907636734042
828.125,4209.231,4226.667,4161.026,4189.231,4203.077,0.12598951490628932,0.06694511311715845,0.07138562923903043,0.15947676134144373,0.11321791661327803,0.2837498253667187,0.19266152039279558,0.21098459756826451,0.12236908889566876,0.15108295145019177,0.34425501156299865,0.1212293181489433,0.07277334538799142,0.13173907636734042
835.9375,4202.564,4219.487,4153.333,4177.949,4192.821,0.12598951490628932,0.06694511311715845,0.07138562923903043,0.15947676134144373,0.11321791661327803,0.2837498253667187,0.19266152039279558,0.21098459756826451,0.12236908889566876,0.15108295145019177,0.34425501156299865,0.1212293181489433,0.07277334538799142,0.13173907636734042
843.75,4200.513,4203.077,4161.538,4168.205,4195.897,0.12598951490628932,0.06694511311715845,0.07138562923903043,0.15947676134144373,0.11321791661327803,0.2837498253667187,0.19266152039279558,0.21098459756826451,0.12236908889566876,0.15108295145019177,0.34425501156299865,0.1212293181489433,0.07277334538799142,0.13173907636734042
851.5625,4188.205,4198.462,4155.897,4157.436,4186.667,0.12598951490628932,0.06694511311715845,0.07138562923903043,0.15947676134144373,0.11321791661327803,0.2837498253667187,0.19266152039279558,0.21098459756826451,0.12236908889566876,0.15108295145019177,0.34425501156299865,0.1212293181489433,0.07277334538799142,0.13173907636734042
859.375,4174.872,4204.103,4155.897,4155.385,4181.026,0.12598951490628932,0.06694511311715845,0.07138562923903043,0.15947676134144373,0.11321791661327803,0.2837498253667187,0.19266152039279558,0.21098459756826451,0.12236908889566876,0.15108295145019177,0.34425501156299865,0.1212293181489433,0.07277334538799142,0.13173907636734042
867.1875,4193.333,4204.103,4168.205,4167.692,4198.462,0.12598951490628932,0.06694511311715845,0.07138562923903043,0.15947676134144373,0.11321791661327803,0.2837498253667187,0.19266152039279558,0.21098459756826451,0.12236908889566876,0.15108295145019177,0.34425501156299865,0.1212293181489433,0.07277334538799142,0.13173907636734042
875.0,4211.282,4201.538,4170.256,4167.179,4202.564,0.12598951490628932,0.06694511311715845,0.07138562923903043,0.15947676134144373,0.11321791661327803,0.2837498253667187,0.19266152039279558,0.21098459756826451,0.12236908889566876,0.15108295145019177,0.34425501156299865,0.1212293181489433,0.07277334538799142,0.13173907636734042
882.8125,4193.846,4214.359,4172.821,4150.256,4182.564,0.12598951490628932,0.06694511311715845,0.07138562923903043,0.15947676134144373,0.11321791661327803,0.2837498253667187,0.19266152039279558,0.21098459756826451,0.12236908889566876,0.15108295145019177,0.34425501156299865,0.1212293181489433,0.07277334538799142,0.13173907636734042
890.625,4181.026,4228.718,4176.41,4156.41,4187.692,0.12598951490628932,0.06694511311715845,0.07138562923903043,0.15947676134144373,0.11321791661327803,0.2837498253667187,0.19266152039279558,0.21098459756826451,0.12236908889566876,0.15108295145019177,0.34425501156299865,0.1212293181489433,0.07277334538799142,0.13173907636734042
898.4375,4178.974,4226.667,4158.462,4166.154,4207.692,0.12598951490628932,0.06694511311715845,0.07138562923903043,0.15947676134144373,0.11321791661327803,0.2837498253667187,0.19266152039279558,0.21098459756826451,0.12236908889566876,0.15108295145019177,0.34425501156299865,0.1212293181489433,0.07277334538799142,0.13173907636734042
906.25,4178.462,4220.513,4145.641,4159.487,4203.077,0.12598951490628932,0.06694511311715845,0.07138562923903043,0.15947676134144373,0.11321791661327803,0.2837498253667187,0.19266152039279558,0.21098459756826451,0.12236908889566876,0.15108295145019177,0.34425501156299865,0.1212293181489433,0.07277334538799142,0.13173907636734042
914.0625,4183.59,4220.513,4156.41,4161.538,4194.359,0.12598951490628932,0.06694511311715845,0.07138562923903043,0.15947676134144373,0.11321791661327803,0.2837498253667187,0.19266152039279558,0.21098459756826451,0.12236908889566876,0.15108295145019177,0.34425501156299865,0.1212293181489433,0.07277334538799142,0.13173907636734042
921.875,4181.538,4228.718,4148.205,4168.718,4203.077,0.12598951490628932,0.06694511311715845,0.07138562923903043,0.15947676134144373,0.11321791661327803,0.2837498253667187,0.19266152039279558,0.21098459756826451,0.12236908889566876,0.15108295145019177,0.34425501156299865,0.1212293181489433,0.07277334538799142,0.13173907636734042
929.6875,4164.615,4216.41,4121.026,4155.385,4190.769,0.12598951490628932,0.06694511311715845,0.07138562923903043,0.15947676134144373,0.11321791661327803,0.2837498253667187,0.19266152039279558,0.21098459756826451,0.12236908889566876,0.15108295145019177,0.34425501156299865,0.1212293181489433,0.07277334538799142,0.13173907636734042
937.5,4158.974,4200.0,4110.769,4140.0,4164.615,0.12598951490628932,0.06694511311715845,0.07138562923903043,0.15947676134144373,0.11321791661327803,0.2837498253667187,0.19266152039279558,0.21098459756826451,0.12236908889566876,0.15108295145019177,0.34425501156299865,0.1212293181489433,0.07277334538799142,0.13173907636734042
945.3125,4173.333,4201.026,4120.513,4143.077,4169.231,0.12598951490628932,0.06694511311715845,0.07138562923903043,0.15947676134144373,0.11321791661327803,0.2837498253667187,0.19266152039279558,0.21098459756826451,0.12236908889566876,0.15108295145019177,0.34425501156299865,0.1212293181489433,0.07277334538799142,0.13173907636734042
953.125,4182.051,4197.949,4135.897,4146.667,4184.615,0.12598951490628932,0.06694511311715845,0.07138562923903043,0.15947676134144373,0.11321791661327803,0.2837498253667187,0.19266152039279558,0.21098459756826451,0.12236908889566876,0.15108295145019177,0.34425501156299865,0.1212293181489433,0.07277334538799142,0.13173907636734042
960.9375,4198.974,4189.231,4155.897,4162.564,4193.846,0.12598951490628932,0.06694511311715845,0.07138562923903043,0.15947676134144373,0.11321791661327803,0.2837498253667187,0.19266152039279558,0.21098459756826451,0.12236908889566876,0.15108295145019177,0.34425501156299865,0.1212293181489433,0.07277334538799142,0.13173907636734042
968.75,4218.974,4196.41,4164.103,4189.231,4206.667,0.12598951490628932,0.06694511311715845,0.07138562923903043,0.15947676134144373,0.11321791661327803,0.2837498253667187,0.19266152039279558,0.21098459756826451,0.12236908889566876,0.15108295145019177,0.34425501156299865,0.1212293181489433,0.07277334538799142,0.13173907636734042
976.5625,4224.103,4206.154,4165.128,4196.41,4218.462,0.12598951490628932,0.06694511311715845,0.07138562923903043,0.15947676134144373,0.11321791661327803,0.2837498253667187,0.19266152039279558,0.21098459756826451,0.12236908889566876,0.15108295145019177,0.34425501156299865,0.1212293181489433,0.07277334538799142,0.13173907636734042
984.375,4219.487,4205.128,4175.385,4179.487,4216.923,0.12598951490628932,0.06694511311715845,0.07138562923903043,0.15947676134144373,0.11321791661327803,0.2837498253667187,0.19266152039279558,0.21098459756826451,0.12236908889566876,0.15108295145019177,0.34425501156299865,0.1212293181489433,0.07277334538799142,0.13173907636734042
992.1875,4214.359,4221.026,4177.436,4162.051,4205.128,0.12598951490628932,0.06694511311715845,0.07138562923903043,0.15947676134144373,0.11321791661327803,0.2837498253667187,0.19266152039279558,0.21098459756826451,0.12236908889566876,0.15108295145019177,0.34425501156299865,0.1212293181489433,0.07277334538799142,0.13173907636734042
1000.0,4206.667,4234.359,4167.692,4151.795,4189.744,0.12598951490628932,0.06694511311715845,0.07138562923903043,0.15947676134144373,0.11321791661327803,0.2837498253667187,0.19266152039279558,0.21098459756826451,0.12236908889566876,0.15108295145019177,0.34425501156299865,0.1212293181489433,0.07277334538799142,0.13173907636734042
1007.8125,4192.821,4212.821,4152.821,4138.974,4176.923,0.12598951490628932,0.06694511311715845,0.07138562923903043,0.15947676134144373,0.11321791661327803,0.2837498253667187,0.19266152039279558,0.21098459756826451,0.12236908889566876,0.15108295145019177,0.34425501156299865,0.1212293181489433,0.07277334538799142,0.13173907636734042
1015.625,4186.667,4196.41,4150.769,4132.308,4178.974,0.12598951490628932,0.06694511311715845,0.07138562923903043,0.15947676134144373,0.11321791661327803,0.2837498253667187,0.19266152039279558,0.21098459756826451,0.12236908889566876,0.15108295145019177,0.34425501156299865,0.1212293181489433,0.07277334538799142,0.13173907636734042
1023.4375,4187.692,4198.974,4166.154,4132.308,4188.205,0.12598951490628932,0.06694511311715845,0.07138562923903043,0.15947676134144373,0.11321791661327803,0.2837498253667187,0.19266152039279558,0.21098459756826451,0.12236908889566876,0.15108295145019177,0.34425501156299865,0.1212293181489433,0.07277334538799142,0.13173907636734042
1031.25,4189.231,4191.795,4167.179,4135.897,4190.256,0.12598951490628932,0.06694511311715845,0.07138562923903043,0.15947676134144373,0.11321791661327803,0.2837498253667187,0.19266152039279558,0.21098459756826451,0.12236908889566876,0.15108295145019177,0.34425501156299865,0.1212293181489433,0.07277334538799142,0.13173907636734042
1039.0625,4205.128,4197.436,4152.821,4147.179,4201.538,0.12598951490628932,0.06694511311715845,0.07138562923903043,0.15947676134144373,0.11321791661327803,0.2837498253667187,0.19266152039279558,0.21098459756826451,0.12236908889566876,0.15108295145019177,0.34425501156299865,0.1212293181489433,0.07277334538799142,0.13173907636734042
1046.875,4209.744,4216.923,4146.154,4150.769,4209.231,0.12598951490628932,0.06694511311715845,0.07138562923903043,0.15947676134144373,0.11321791661327803,0.2837498253667187,0.19266152039279558,0.21098459756826451,0.12236908889566876,0.15108295145019177,0.34425501156299865,0.1212293181489433,0.07277334538799142,0.13173907636734042
1054.6875,4197.949,4211.795,4147.179,4150.256,4200.0,0.12598951490628932,0.06694511311715845,0.07138562923903043,0.15947676134144373,0.11321791661327803,0.2837498253667187,0.19266152039279558,0.21098459756826451,0.12236908889566876,0.15108295145019177,0.34425501156299865,0.1212293181489433,0.07277334538799142,0.13173907636734042
1062.5,4217.949,4208.718,4157.436,4176.923,4212.821,0.12598951490628932,0.06694511311715845,0.07138562923903043,0.15947676134144373,0.11321791661327803,0.2837498253667187,0.19266152039279558,0.21098459756826451,0.12236908889566876,0.15108295145019177,0.34425501156299865,0.1212293181489433,0.07277334538799142,0.13173907636734042
1070.3125,4255.897,4226.667,4185.128,4206.667,4241.538,0.12598951490628932,0.06694511311715845,0.07138562923903043,0.15947676134144373,0.11321791661327803,0.2837498253667187,0.19266152039279558,0.21098459756826451,0.12236908889566876,0.15108295145019177,0.34425501156299865,0.1212293181489433,0.07277334538799142,0.13173907636734042
1078.125,4248.718,4226.154,4191.795,4182.564,4232.821,0.12598951490628932,0.06694511311715845,0.07138562923903043,0.15947676134144373,0.11321791661327803,0.2837498253667187,0.19266152039279558,0.21098459756826451,0.12236908889566876,0.15108295145019177,0.34425501156299865,0.1212293181489433,0.07277334538799142,0.13173907636734042
1085.9375,4221.026,4205.641,4170.769,4141.026,4198.462,0.12598951490628932,0.06694511311715845,0.07138562923903043,0.15947676134144373,0.11321791661327803,0.2837498253667187,0.19266152039279558,0.21098459756826451,0.12236908889566876,0.15108295145019177,0.34425501156299865,0.1212293181489433,0.07277334538799142,0.13173907636734042
1093.75,4221.026,4200.513,4161.026,4145.641,4186.154,0.12598951490628932,0.06694511311715845,0.07138562923903043,0.15947676134144373,0.11321791661327803,0.2837498253667187,0.19266152039279558,0.21098459756826451,0.12236908889566876,0.15108295145019177,0.34425501156299865,0.1212293181489433,0.07277334538799142,0.13173907636734042
1101.5625,4217.436,4205.641,4154.359,4164.615,4186.667,0.12598951490628932,0.06694511311715845,0.07138562923903043,0.15947676134144373,0.11321791661327803,0.2837498253667187,0.19266152039279558,0.21098459756826451,0.12236908889566876,0.15108295145019177,0.34425501156299865,0.1212293181489433,0.07277334538799142,0.13173907636734042
1109.375,4200.513,4208.718,4134.872,4160.513,4191.282,0.12598951490628932,0.06694511311715845,0.07138562923903043,0.15947676134144373,0.11321791661327803,0.2837498253667187,0.19266152039279558,0.21098459756826451,0.12236908889566876,0.15108295145019177,0.34425501156299865,0.1212293181489433,0.07277334538799142,0.13173907636734042
1117.1875,4209.744,4206.154,4134.359,4166.154,4200.513,0.12598951490628932,0.06694511311715845,0.07138562923903043,0.15947676134144373,0.11321791661327803,0.2837498253667187,0.19266152039279558,0.21098459756826451,0.12236908889566876,0.15108295145019177,0.34425501156299865,0.1212293181489433,0.07277334538799142,0.13173907636734042
1125.0,4225.641,4199.487,4144.103,4178.974,4196.923,0.12598951490628932,0.06694511311715845,0.07138562923903043,0.15947676134144373,0.11321791661327803,0.2837498253667187,0.19266152039279558,0.21098459756826451,0.12236908889566876,0.15108295145019177,0.34425501156299865,0.1212293181489433,0.07277334538799142,0.13173907636734042
1132.8125,4211.282,4200.513,4131.282,4166.667,4198.462,0.12598951490628932,0.06694511311715845,0.07138562923903043,0.15947676134144373,0.11321791661327803,0.2837498253667187,0.19266152039279558,0.21098459756826451,0.12236908889566876,0.15108295145019177,0.34425501156299865,0.1212293181489433,0.07277334538799142,0.13173907636734042
1140.625,4193.846,4201.026,4131.795,4148.205,4209.231,0.12598951490628932,0.06694511311715845,0.07138562923903043,0.15947676134144373,0.11321791661327803,0.2837498253667187,0.19266152039279558,0.21098459756826451,0.12236908889566876,0.15108295145019177,0.34425501156299865,0.1212293181489433,0.07277334538799142,0.13173907636734042
1148.4375,4213.846,4194.359,4163.077,4148.718,4209.231,0.12598951490628932,0.06694511311715845,0.07138562923903043,0.15947676134144373,0.11321791661327803,0.2837498253667187,0.19266152039279558,0.21098459756826451,0.12236908889566876,0.15108295145019177,0.34425501156299865,0.1212293181489433,0.07277334538799142,0.13173907636734042
1156.25,4234.872,4202.051,4180.0,4155.385,4212.308,0.12598951490628932,0.06694511311715845,0.07138562923903043,0.15947676134144373,0.11321791661327803,0.2837498253667187,0.19266152039279558,0.21098459756826451,0.12236908889566876,0.15108295145019177,0.34425501156299865,0.1212293181489433,0.07277334538799142,0.13173907636734042
1164.0625,4230.769,4223.59,4177.436,4167.179,4232.821,0.12598951490628932,0.06694511311715845,0.07138562923903043,0.15947676134144373,0.11321791661327803,0.2837498253667187,0.19266152039279558,0.21098459756826451,0.12236908889566876,0.15108295145019177,0.34425501156299865,0.1212293181489433,0.07277334538799142,0.13173907636734042
1171.875,4236.41,4228.718,4176.923,4189.231,4244.103,0.12598951490628932,0.06694511311715845,0.07138562923903043,0.15947676134144373,0.11321791661327803,0.2837498253667187,0.19266152039279558,0.21098459756826451,0.12236908889566876,0.15108295145019177,0.34425501156299865,0.1212293181489433,0.07277334538799142,0.13173907636734042
1179.6875,4262.564,4220.0,4184.615,4205.641,4240.513,0.12598951490628932,0.06694511311715845,0.07138562923903043,0.15947676134144373,0.11321791661327803,0.2837498253667187,0.19266152039279558,0.21098459756826451,0.12236908889566876,0.15108295145019177,0.34425501156299865,0.1212293181489433,0.07277334538799142,0.13173907636734042
1187.5,4277.436,4226.154,4203.077,4210.769,4242.051,0.12598951490628932,0.06694511311715845,0.07138562923903043,0.15947676134144373,0.11321791661327803,0.2837498253667187,0.19266152039279558,0.21098459756826451,0.12236908889566876,0.15108295145019177,0.34425501156299865,0.1212293181489433,0.07277334538799142,0.13173907636734042
1195.3125,4277.949,4245.641,4218.462,4217.949,4263.077,0.12598951490628932,0.06694511311715845,0.07138562923903043,0.15947676134144373,0.11321791661327803,0.2837498253667187,0.19266152039279558,0.21098459756826451,0.12236908889566876,0.15108295145019177,0.34425501156299865,0.1212293181489433,0.07277334538799142,0.13173907636734042
1203.125,4274.359,4256.41,4208.205,4214.359,4275.897,0.12598951490628932,0.06694511311715845,0.07138562923903043,0.15947676134144373,0.11321791661327803,0.2837498253667187,0.19266152039279558,0.21098459756826451,0.12236908889566876,0.15108295145019177,0.34425501156299865,0.1212293181489433,0.07277334538799142,0.13173907636734042
1210.9375,4259.487,4244.615,4192.308,4188.205,4238.462,0.12598951490628932,0.06694511311715845,0.07138562923903043,0.15947676134144373,0.11321791661327803,0.2837498253667187,0.19266152039279558,0.21098459756826451,0.12236908889566876,0.15108295145019177,0.34425501156299865,0.1212293181489433,0.07277334538799142,0.13173907636734042
1218.75,4245.641,4230.256,4197.436,4174.872,4206.667,0.12598951490628932,0.06694511311715845,0.07138562923903043,0.15947676134144373,0.11321791661327803,0.2837498253667187,0.19266152039279558,0.21098459756826451,0.12236908889566876,0.15108295145019177,0.34425501156299865,0.1212293181489433,0.07277334538799142,0.13173907636734042
1226.5625,4256.41,4238.974,4212.821,4192.821,4232.308,0.12598951490628932,0.06694511311715845,0.07138562923903043,0.15947676134144373,0.11321791661327803,0.2837498253667187,0.19266152039279558,0.21098459756826451,0.12236908889566876,0.15108295145019177,0.34425501156299865,0.1212293181489433,0.07277334538799142,0.13173907636734042
1234.375,4267.179,4253.333,4209.744,4215.385,4255.385,0.12598951490628932,0.06694511311715845,0.07138562923903043,0.15947676134144373,0.11321791661327803,0.2837498253667187,0.19266152039279558,0.21098459756826451,0.12236908889566876,0.15108295145019177,0.34425501156299865,0.1212293181489433,0.07277334538799142,0.13173907636734042
1242.1875,4248.718,4246.667,4193.333,4222.564,4247.179,0.12598951490628932,0.06694511311715845,0.07138562923903043,0.15947676134144373,0.11321791661327803,0.2837498253667187,0.19266152039279558,0.21098459756826451,0.12236908889566876,0.15108295145019177,0.34425501156299865,0.1212293181489433,0.07277334538799142,0.13173907636734042
1250.0,4238.462,4234.359,4194.359,4228.718,4256.41,0.12598951490628932,0.06694511311715845,0.07138562923903043,0.15947676134144373,0.11321791661327803,0.2837498253667187,0.19266152039279558,0.21098459756826451,0.12236908889566876,0.15108295145019177,0.34425501156299865,0.1212293181489433,0.07277334538799142,0.13173907636734042
1257.8125,4260.0,4234.872,4221.026,4232.821,4268.205,0.12598951490628932,0.06694511311715845,0.07138562923903043,0.15947676134144373,0.11321791661327803,0.2837498253667187,0.19266152039279558,0.21098459756826451,0.12236908889566876,0.15108295145019177,0.34425501156299865,0.1212293181489433,0.07277334538799142,0.13173907636734042
1265.625,4269.231,4237.949,4231.795,4221.538,4253.333,0.12598951490628932,0.06694511311715845,0.07138562923903043,0.15947676134144373,0.11321791661327803,0.2837498253667187,0.19266152039279558,0.21098459756826451,0.12236908889566876,0.15108295145019177,0.34425501156299865,0.1212293181489433,0.07277334538799142,0.13173907636734042
1273.4375,4255.385,4240.0,4204.103,4200.513,4252.821,0.12598951490628932,0.06694511311715845,0.07138562923903043,0.15947676134144373,0.11321791661327803,0.2837498253667187,0.19266152039279558,0.21098459756826451,0.12236908889566876,0.15108295145019177,0.34425501156299865,0.1212293181489433,0.07277334538799142,0.13173907636734042
1281.25,4254.359,4245.641,4178.974,4193.333,4272.308,0.12598951490628932,0.06694511311715845,0.07138562923903043,0.15947676134144373,0.11321791661327803,0.2837498253667187,0.19266152039279558,0.21098459756826451,0.12236908889566876,0.15108295145019177,0.34425501156299865,0.1212293181489433,0.07277334538799142,0.13173907636734042
1289.0625,4254.359,4243.59,4176.41,4191.795,4275.385,0.12598951490628932,0.06694511311715845,0.07138562923903043,0.15947676134144373,0.11321791661327803,0.2837498253667187,0.19266152039279558,0.21098459756826451,0.12236908889566876,0.15108295145019177,0.34425501156299865,0.1212293181489433,0.07277334538799142,0.13173907636734042
1296.875,4232.821,4219.487,4173.846,4163.077,4243.59,0.12598951490628932,0.06694511311715845,0.07138562923903043,0.15947676134144373,0.11321791661327803,0.2837498253667187,0.19266152039279558,0.21098459756826451,0.12236908889566876,0.15108295145019177,0.34425501156299865,0.1212293181489433,0.07277334538799142,0.13173907636734042
1304.6875,4216.923,4207.179,4170.769,4139.487,4209.231,0.12598951490628932,0.06694511311715845,0.07138562923903043,0.15947676134144373,0.11321791661327803,0.2837498253667187,0.19266152039279558,0.21098459756826451,0.12236908889566876,0.15108295145019177,0.34425501156299865,0.1212293181489433,0.07277334538799142,0.13173907636734042
1312.5,4213.846,4226.667,4176.41,4150.769,4200.0,0.12598951490628932,0.06694511311715845,0.07138562923903043,0.15947676134144373,0.11321791661327803,0.2837498253667187,0.19266152039279558,0.21098459756826451,0.12236908889566876,0.15108295145019177,0.34425501156299865,0.1212293181489433,0.07277334538799142,0.13173907636734042
1320.3125,4209.231,4240.513,4186.667,4164.103,4207.179,0.12598951490628932,0.06694511311715845,0.07138562923903043,0.15947676134144373,0.11321791661327803,0.2837498253667187,0.19266152039279558,0.21098459756826451,0.12236908889566876,0.15108295145019177,0.34425501156299865,0.1212293181489433,0.07277334538799142,0.13173907636734042
1328.125,4214.359,4241.026,4195.897,4173.846,4220.513,0.12598951490628932,0.06694511311715845,0.07138562923903043,0.15947676134144373,0.11321791661327803,0.2837498253667187,0.19266152039279558,0.21098459756826451,0.12236908889566876,0.15108295145019177,0.34425501156299865,0.1212293181489433,0.07277334538799142,0.13173907636734042
1335.9375,4240.513,4244.615,4203.077,4203.59,4233.846,0.12598951490628932,0.06694511311715845,0.07138562923903043,0.15947676134144373,0.11321791661327803,0.2837498253667187,0.19266152039279558,0.21098459756826451,0.12236908889566876,0.15108295145019177,0.34425501156299865,0.1212293181489433,0.07277334538799142,0.13173907636734042
1343.75,4268.718,4242.051,4208.205,4240.513,4251.282,0.12598951490628932,0.06694511311715845,0.07138562923903043,0.15947676134144373,0.11321791661327803,0.2837498253667187,0.19266152039279558,0.21098459756826451,0.12236908889566876,0.15108295145019177,0.34425501156299865,0.1212293181489433,0.07277334538799142,0.13173907636734042
1351.5625,4271.282,4237.436,4208.718,4248.205,4262.564,0.12598951490628932,0.06694511311715845,0.07138562923903043,0.15947676134144373,0.11321791661327803,0.2837498253667187,0.19266152039279558,0.21098459756826451,0.12236908889566876,0.15108295145019177,0.34425501156299865,0.1212293181489433,0.07277334538799142,0.13173907636734042
1359.375,4246.154,4236.41,4201.026,4228.205,4253.846,0.12598951490628932,0.06694511311715845,0.07138562923903043,0.15947676134144373,0.11321791661327803,0.2837498253667187,0.19266152039279558,0.21098459756826451,0.12236908889566876,0.15108295145019177,0.34425501156299865,0.1212293181489433,0.07277334538799142,0.13173907636734042
1367.1875,4225.128,4237.436,4192.821,4204.615,4236.41,0.12598951490628932,0.06694511311715845,0.07138562923903043,0.15947676134144373,0.11321791661327803,0.2837498253667187,0.19266152039279558,0.21098459756826451,0.12236908889566876,0.15108295145019177,0.34425501156299865,0.1212293181489433,0.07277334538799142,0.13173907636734042
1375.0,4219.487,4237.436,4194.872,4192.308,4220.513,0.12598951490628932,0.06694511311715845,0.07138562923903043,0.15947676134144373,0.11321791661327803,0.2837498253667187,0.19266152039279558,0.21098459756826451,0.12236908889566876,0.15108295145019177,0.34425501156299865,0.1212293181489433,0.07277334538799142,0.13173907636734042
1382.8125,4221.538,4236.923,4196.923,4197.949,4217.436,0.12598951490628932,0.06694511311715845,0.07138562923903043,0.15947676134144373,0.11321791661327803,0.2837498253667187,0.19266152039279558,0.21098459756826451,0.12236908889566876,0.15108295145019177,0.34425501156299865,0.1212293181489433,0.07277334538799142,0.13173907636734042
1390.625,4234.872,4238.462,4200.513,4210.256,4226.154,0.12598951490628932,0.06694511311715845,0.07138562923903043,0.15947676134144373,0.11321791661327803,0.2837498253667187,0.19266152039279558,0.21098459756826451,0.12236908889566876,0.15108295145019177,0.34425501156299865,0.1212293181489433,0.07277334538799142,0.13173907636734042
1398.4375,4238.974,4237.436,4200.513,4198.974,4223.59,0.12598951490628932,0.06694511311715845,0.07138562923903043,0.15947676134144373,0.11321791661327803,0.2837498253667187,0.19266152039279558,0.21098459756826451,0.12236908889566876,0.15108295145019177,0.34425501156299865,0.1212293181489433,0.07277334538799142,0.13173907636734042
1406.25,4225.641,4229.231,4190.769,4175.385,4204.103,0.12598951490628932,0.06694511311715845,0.07138562923903043,0.15947676134144373,0.11321791661327803,0.2837498253667187,0.19266152039279558,0.21098459756826451,0.12236908889566876,0.15108295145019177,0.34425501156299865,0.1212293181489433,0.07277334538799142,0.13173907636734042
1414.0625,4232.308,4223.077,4185.128,4185.128,4202.564,0.12598951490628932,0.06694511311715845,0.07138562923903043,0.15947676134144373,0.11321791661327803,0.2837498253667187,0.19266152039279558,0.21098459756826451,0.12236908889566876,0.15108295145019177,0.34425501156299865,0.1212293181489433,0.07277334538799142,0.13173907636734042
1421.875,4253.846,4224.615,4185.641,4201.538,4217.949,0.12598951490628932,0.06694511311715845,0.07138562923903043,0.15947676134144373,0.11321791661327803,0.2837498253667187,0.19266152039279558,0.21098459756826451,0.12236908889566876,0.15108295145019177,0.34425501156299865,0.1212293181489433,0.07277334538799142,0.13173907636734042
1429.6875,4247.692,4223.077,4183.59,4182.051,4211.795,0.12598951490628932,0.06694511311715845,0.07138562923903043,0.15947676134144373,0.11321791661327803,0.2837498253667187,0.19266152039279558,0.21098459756826451,0.12236908889566876,0.15108295145019177,0.34425501156299865,0.1212293181489433,0.07277334538799142,0.13173907636734042
1437.5,4221.538,4226.667,4182.051,4162.051,4199.487,0.12598951490628932,0.06694511311715845,0.07138562923903043,0.15947676134144373,0.11321791661327803,0.2837498253667187,0.19266152039279558,0.21098459756826451,0.12236908889566876,0.15108295145019177,0.34425501156299865,0.1212293181489433,0.07277334538799142,0.13173907636734042
1445.3125,4216.41,4235.897,4189.744,4163.59,4208.205,0.12598951490628932,0.06694511311715845,0.07138562923903043,0.15947676134144373,0.11321791661327803,0.2837498253667187,0.19266152039279558,0.21098459756826451,0.12236908889566876,0.15108295145019177,0.34425501156299865,0.1212293181489433,0.07277334538799142,0.13173907636734042
1453.125,4231.795,4236.41,4198.462,4177.436,4214.872,0.12598951490628932,0.06694511311715845,0.07138562923903043,0.15947676134144373,0.11321791661327803,0.2837498253667187,0.19266152039279558,0.21098459756826451,0.12236908889566876,0.15108295145019177,0.34425501156299865,0.1212293181489433,0.07277334538799142,0.13173907636734042
1460.9375,4233.333,4229.231,4194.872,4191.795,4212.308,0.12598951490628932,0.06694511311715845,0.07138562923903043,0.15947676134144373,0.11321791661327803,0.2837498253667187,0.19266152039279558,0.21098459756826451,0.12236908889566876,0.15108295145019177,0.34425501156299865,0.1212293181489433,0.07277334538799142,0.13173907636734042
1468.75,4229.231,4224.103,4185.641,4197.436,4224.103,0.12598951490628932,0.06694511311715845,0.07138562923903043,0.15947676134144373,0.11321791661327803,0.2837498253667187,0.19266152039279558,0.21098459756826451,0.12236908889566876,0.15108295145019177,0.34425501156299865,0.1212293181489433,0.07277334538799142,0.13173907636734042
1476.5625,4242.051,4226.667,4187.179,4192.308,4234.872,0.12598951490628932,0.06694511311715845,0.07138562923903043,0.15947676134144373,0.11321791661327803,0.2837498253667187,0.19266152039279558,0.21098459756826451,0.12236908889566876,0.15108295145019177,0.34425501156299865,0.1212293181489433,0.07277334538799142,0.13173907636734042
1484.375,4249.231,4231.795,4198.462,4179.487,4224.615,0.12598951490628932,0.06694511311715845,0.07138562923903043,0.15947676134144373,0.11321791661327803,0.2837498253667187,0.19266152039279558,0.21098459756826451,0.12236908889566876,0.15108295145019177,0.34425501156299865,0.1212293181489433,0.07277334538799142,0.13173907636734042
1492.1875,4246.154,4233.333,4203.59,4183.59,4230.256,0.12598951490628932,0.06694511311715845,0.07138562923903043,0.15947676134144373,0.11321791661327803,0.2837498253667187,0.19266152039279558,0.21098459756826451,0.12236908889566876,0.15108295145019177,0.34425501156299865,0.1212293181489433,0.07277334538799142,0.13173907636734042
1500.0,4254.359,4235.385,4197.436,4204.615,4253.333,0.12598951490628932,0.06694511311715845,0.07138562923903043,0.15947676134144373,0.11321791661327803,0.2837498253667187,0.19266152039279558,0.21098459756826451,0.12236908889566876,0.15108295145019177,0.34425501156299865,0.1212293181489433,0.07277334538799142,0.13173907636734042
1507.8125,4258.462,4236.923,4189.231,4206.154,4246.667,0.12598951490628932,0.06694511311715845,0.07138562923903043,0.15947676134144373,0.11321791661327803,0.2837498253667187,0.19266152039279558,0.21098459756826451,0.12236908889566876,0.15108295145019177,0.34425501156299865,0.1212293181489433,0.07277334538799142,0.13173907636734042
1515.625,4253.333,4244.103,4190.769,4189.231,4230.256,0.12598951490628932,0.06694511311715845,0.07138562923903043,0.15947676134144373,0.11321791661327803,0.2837498253667187,0.19266152039279558,0.21098459756826451,0.12236908889566876,0.15108295145019177,0.34425501156299865,0.1212293181489433,0.07277334538799142,0.13173907636734042
1523.4375,4252.308,4260.513,4194.359,4194.359,4246.154,0.12598951490628932,0.06694511311715845,0.07138562923903043,0.15947676134144373,0.11321791661327803,0.2837498253667187,0.19266152039279558,0.21098459756826451,0.12236908889566876,0.15108295145019177,0.34425501156299865,0.1212293181489433,0.07277334538799142,0.13173907636734042
1531.25,4256.41,4268.205,4194.872,4222.564,4267.692,0.12598951490628932,0.06694511311715845,0.07138562923903043,0.15947676134144373,0.11321791661327803,0.2837498253667187,0.19266152039279558,0.21098459756826451,0.12236908889566876,0.15108295145019177,0.34425501156299865,0.1212293181489433,0.07277334538799142,0.13173907636734042
1539.0625,4273.846,4261.538,4205.128,4243.077,4260.513,0.12598951490628932,0.06694511311715845,0.07138562923903043,0.15947676134144373,0.11321791661327803,0.2837498253667187,0.19266152039279558,0.21098459756826451,0.12236908889566876,0.15108295145019177,0.34425501156299865,0.1212293181489433,0.07277334538799142,0.13173907636734042
1546.875,4284.615,4250.256,4207.179,4236.41,4236.923,0.12598951490628932,0.06694511311715845,0.07138562923903043,0.15947676134144373,0.11321791661327803,0.2837498253667187,0.19266152039279558,0.21098459756826451,0.12236908889566876,0.15108295145019177,0.34425501156299865,0.1212293181489433,0.07277334538799142,0.13173907636734042
1554.6875,4260.0,4242.051,4186.667,4211.795,4230.256,0.12598951490628932,0.06694511311715845,0.07138562923903043,0.15947676134144373,0.11321791661327803,0.2837498253667187,0.19266152039279558,0.21098459756826451,0.12236908889566876,0.15108295145019177,0.34425501156299865,0.1212293181489433,0.07277334538799142,0.13173907636734042
1562.5,4232.821,4245.128,4177.436,4203.59,4240.0,0.12598951490628932,0.06694511311715845,0.07138562923903043,0.15947676134144373,0.11321791661327803,0.2837498253667187,0.19266152039279558,0.21098459756826451,0.12236908889566876,0.15108295145019177,0.34425501156299865,0.1212293181489433,0.07277334538799142,0.13173907636734042
1570.3125,4231.282,4244.103,4179.487,4209.744,4241.026,0.12598951490628932,0.06694511311715845,0.07138562923903043,0.15947676134144373,0.11321791661327803,0.2837498253667187,0.19266152039279558,0.21098459756826451,0.12236908889566876,0.15108295145019177,0.34425501156299865,0.1212293181489433,0.07277334538799142,0.13173907636734042
1578.125,4243.59,4228.718,4178.462,4206.154,4236.923,0.12598951490628932,0.06694511311715845,0.07138562923903043,0.15947676134144373,0.11321791661327803,0.2837498253667187,0.19266152039279558,0.21098459756826451,0.12236908889566876,0.15108295145019177,0.34425501156299865,0.1212293181489433,0.07277334538799142,0.13173907636734042
1585.9375,4261.026,4224.615,4189.231,4203.59,4237.436,0.12598951490628932,0.06694511311715845,0.07138562923903043,0.15947676134144373,0.11321791661327803,0.2837498253667187,0.19266152039279558,0.21098459756826451,0.12236908889566876,0.15108295145019177,0.34425501156299865,0.1212293181489433,0.07277334538799142,0.13173907636734042
1593.75,4261.026,4237.949,4198.974,4207.179,4238.462,0.12598951490628932,0.06694511311715845,0.07138562923903043,0.15947676134144373,0.11321791661327803,0.2837498253667187,0.19266152039279558,0.21098459756826451,0.12236908889566876,0.15108295145019177,0.34425501156299865,0.1212293181489433,0.07277334538799142,0.13173907636734042
1601.5625,4249.231,4251.795,4190.256,4212.308,4248.718,0.12598951490628932,0.06694511311715845,0.07138562923903043,0.15947676134144373,0.11321791661327803,0.2837498253667187,0.19266152039279558,0.21098459756826451,0.12236908889566876,0.15108295145019177,0.34425501156299865,0.1212293181489433,0.07277334538799142,0.13173907636734042
1609.375,4253.846,4255.897,4181.026,4222.564,4260.513,0.12598951490628932,0.06694511311715845,0.07138562923903043,0.15947676134144373,0.11321791661327803,0.2837498253667187,0.19266152039279558,0.21098459756826451,0.12236908889566876,0.15108295145019177,0.34425501156299865,0.1212293181489433,0.07277334538799142,0.13173907636734042
1617.1875,4253.846,4240.513,4184.103,4225.128,4251.795,0.12598951490628932,0.06694511311715845,0.07138562923903043,0.15947676134144373,0.11321791661327803,0.2837498253667187,0.19266152039279558,0.21098459756826451,0.12236908889566876,0.15108295145019177,0.34425501156299865,0.1212293181489433,0.07277334538799142,0.13173907636734042
1625.0,4238.974,4216.41,4182.564,4211.282,4240.513,0.12598951490628932,0.06694511311715845,0.07138562923903043,0.15947676134144373,0.11321791661327803,0.2837498253667187,0.19266152039279558,0.21098459756826451,0.12236908889566876,0.15108295145019177,0.34425501156299865,0.1212293181489433,0.07277334538799142,0.13173907636734042
1632.8125,4230.769,4213.846,4165.641,4194.872,4238.974,0.12598951490628932,0.06694511311715845,0.07138562923903043,0.15947676134144373,0.11321791661327803,0.2837498253667187,0.19266152039279558,0.21098459756826451,0.12236908889566876,0.15108295145019177,0.34425501156299865,0.1212293181489433,0.07277334538799142,0.13173907636734042
1640.625,4231.795,4224.103,4156.41,4188.718,4236.923,0.12598951490628932,0.06694511311715845,0.07138562923903043,0.15947676134144373,0.11321791661327803,0.2837498253667187,0.19266152039279558,0.21098459756826451,0.12236908889566876,0.15108295145019177,0.34425501156299865,0.1212293181489433,0.07277334538799142,0.13173907636734042
1648.4375,4233.333,4233.333,4165.128,4198.974,4235.385,0.12598951490628932,0.06694511311715845,0.07138562923903043,0.15947676134144373,0.11321791661327803,0.2837498253667187,0.19266152039279558,0.21098459756826451,0.12236908889566876,0.15108295145019177,0.34425501156299865,0.1212293181489433,0.07277334538799142,0.13173907636734042
1656.25,4246.154,4237.949,4178.462,4212.308,4237.436,0.12598951490628932,0.06694511311715845,0.07138562923903043,0.15947676134144373,0.11321791661327803,0.2837498253667187,0.19266152039279558,0.21098459756826451,0.12236908889566876,0.15108295145019177,0.34425501156299865,0.1212293181489433,0.07277334538799142,0.13173907636734042
1664.0625,4270.256,4235.385,4193.333,4211.795,4251.282,0.12598951490628932,0.06694511311715845,0.07138562923903043,0.15947676134144373,0.11321791661327803,0.2837498253667187,0.19266152039279558,0.21098459756826451,0.12236908889566876,0.15108295145019177,0.34425501156299865,0.1212293181489433,0.07277334538799142,0.13173907636734042
1671.875,4283.59,4244.615,4197.949,4208.205,4274.359,0.12598951490628932,0.06694511311715845,0.07138562923903043,0.15947676134144373,0.11321791661327803,0.2837498253667187,0.19266152039279558,0.21098459756826451,0.12236908889566876,0.15108295145019177,0.34425501156299865,0.1212293181489433,0.07277334538799142,0.13173907636734042
1679.6875,4276.923,4258.974,4184.103,4213.333,4284.103,0.12598951490628932,0.06694511311715845,0.07138562923903043,0.15947676134144373,0.11321791661327803,0.2837498253667187,0.19266152039279558,0.21098459756826451,0.12236908889566876,0.15108295145019177,0.34425501156299865,0.1212293181489433,0.07277334538799142,0.13173907636734042
1687.5,4268.205,4249.231,4173.333,4216.923,4273.846,0.12598951490628932,0.06694511311715845,0.07138562923903043,0.15947676134144373,0.11321791661327803,0.2837498253667187,0.19266152039279558,0.21098459756826451,0.12236908889566876,0.15108295145019177,0.34425501156299865,0.1212293181489433,0.07277334538799142,0.13173907636734042
1695.3125,4270.256,4234.359,4184.615,4212.308,4261.538,0.12598951490628932,0.06694511311715845,0.07138562923903043,0.15947676134144373,0.11321791661327803,0.2837498253667187,0.19266152039279558,0.21098459756826451,0.12236908889566876,0.15108295145019177,0.34425501156299865,0.1212293181489433,0.07277334538799142,0.13173907636734042
1703.125,4261.026,4242.564,4199.487,4207.692,4249.744,0.12598951490628932,0.06694511311715845,0.07138562923903043,0.15947676134144373,0.11321791661327803,0.2837498253667187,0.19266152039279558,0.21098459756826451,0.12236908889566876,0.15108295145019177,0.34425501156299865,0.1212293181489433,0.07277334538799142,0.13173907636734042
1710.9375,4237.949,4244.615,4188.718,4202.051,4246.667,0.12598951490628932,0.06694511311715845,0.07138562923903043,0.15947676134144373,0.11321791661327803,0.2837498253667187,0.19266152039279558,0.21098459756826451,0.12236908889566876,0.15108295145019177,0.34425501156299865,0.1212293181489433,0.07277334538799142,0.13173907636734042
1718.75,4236.41,4223.077,4169.231,4198.462,4255.897,0.12598951490628932,0.06694511311715845,0.07138562923903043,0.15947676134144373,0.11321791661327803,0.2837498253667187,0.19266152039279558,0.21098459756826451,0.12236908889566876,0.15108295145019177,0.34425501156299865,0.1212293181489433,0.07277334538799142,0.13173907636734042
1726.5625,4252.308,4215.385,4170.769,4208.205,4258.974,0.12598951490628932,0.06694511311715845,0.07138562923903043,0.15947676134144373,0.11321791661327803,0.2837498253667187,0.19266152039279558,0.21098459756826451,0.12236908889566876,0.15108295145019177,0.34425501156299865,0.1212293181489433,0.07277334538799142,0.13173907636734042
1734.375,4248.205,4228.718,4185.641,4217.436,4248.205,0.12598951490628932,0.06694511311715845,0.07138562923903043,0.15947676134144373,0.11321791661327803,0.2837498253667187,0.19266152039279558,0.21098459756826451,0.12236908889566876,0.15108295145019177,0.34425501156299865,0.1212293181489433,0.07277334538799142,0.13173907636734042
1742.1875,4222.051,4230.256,4181.538,4203.077,4230.769,0.12598951490628932,0.06694511311715845,0.07138562923903043,0.15947676134144373,0.11321791661327803,0.2837498253667187,0.19266152039279558,0.21098459756826451,0.12236908889566876,0.15108295145019177,0.34425501156299865,0.1212293181489433,0.07277334538799142,0.13173907636734042
1750.0,4218.974,4221.538,4163.59,4189.744,4235.385,0.12598951490628932,0.06694511311715845,0.07138562923903043,0.15947676134144373,0.11321791661327803,0.2837498253667187,0.19266152039279558,0.21098459756826451,0.12236908889566876,0.15108295145019177,0.34425501156299865,0.1212293181489433,0.07277334538799142,0.13173907636734042
1757.8125,4253.846,4223.59,4168.718,4206.154,4261.026,0.12598951490628932,0.06694511311715845,0.07138562923903043,0.15947676134144373,0.11321791661327803,0.2837498253667187,0.19266152039279558,0.21098459756826451,0.12236908889566876,0.15108295145019177,0.34425501156299865,0.1212293181489433,0.07277334538799142,0.13173907636734042
1765.625,4274.872,4227.179,4191.282,4221.538,4266.667,0.12598951490628932,0.06694511311715845,0.07138562923903043,0.15947676134144373,0.11321791661327803,0.2837498253667187,0.19266152039279558,0.21098459756826451,0.12236908889566876,0.15108295145019177,0.34425501156299865,0.1212293181489433,0.07277334538799142,0.13173907636734042
1773.4375,4255.385,4224.103,4196.41,4203.077,4255.897,0.12598951490628932,0.06694511311715845,0.07138562923903043,0.15947676134144373,0.11321791661327803,0.2837498253667187,0.19266152039279558,0.21098459756826451,0.12236908889566876,0.15108295145019177,0.34425501156299865,0.1212293181489433,0.07277334538799142,0.13173907636734042
1781.25,4238.974,4229.744,4189.231,4181.026,4251.282,0.12598951490628932,0.06694511311715845,0.07138562923903043,0.15947676134144373,0.11321791661327803,0.2837498253667187,0.19266152039279558,0.21098459756826451,0.12236908889566876,0.15108295145019177,0.34425501156299865,0.1212293181489433,0.07277334538799142,0.13173907636734042
1789.0625,4244.615,4237.436,4185.128,4184.103,4249.231,0.12598951490628932,0.06694511311715845,0.07138562923903043,0.15947676134144373,0.11321791661327803,0.2837498253667187,0.19266152039279558,0.21098459756826451,0.12236908889566876,0.15108295145019177,0.34425501156299865,0.1212293181489433,0.07277334538799142,0.13173907636734042
1796.875,4251.282,4231.282,4185.128,4197.436,4244.615,0.12598951490628932,0.06694511311715845,0.07138562923903043,0.15947676134144373,0.11321791661327803,0.2837498253667187,0.19266152039279558,0.21098459756826451,0.12236908889566876,0.15108295145019177,0.34425501156299865,0.1212293181489433,0.07277334538799142,0.13173907636734042
1804.6875,4254.359,4227.179,4189.231,4206.667,4243.59,0.12598951490628932,0.06694511311715845,0.07138562923903043,0.15947676134144373,0.11321791661327803,0.2837498253667187,0.19266152039279558,0.21098459756826451,0.12236908889566876,0.15108295145019177,0.34425501156299865,0.1212293181489433,0.07277334538799142,0.13173907636734042
1812.5,4246.667,4225.641,4185.128,4200.0,4234.359,0.12598951490628932,0.06694511311715845,0.07138562923903043,0.15947676134144373,0.11321791661327803,0.2837498253667187,0.19266152039279558,0.21098459756826451,0.12236908889566876,0.15108295145019177,0.34425501156299865,0.1212293181489433,0.07277334538799142,0.13173907636734042
1820.3125,4235.897,4225.641,4173.846,4187.179,4230.256,0.12598951490628932,0.06694511311715845,0.07138562923903043,0.15947676134144373,0.11321791661327803,0.2837498253667187,0.19266152039279558,0.21098459756826451,0.12236908889566876,0.15108295145019177,0.34425501156299865,0.1212293181489433,0.07277334538799142,0.13173907636734042
1828.125,4237.949,4240.0,4178.462,4192.821,4260.0,0.12598951490628932,0.06694511311715845,0.07138562923903043,0.15947676134144373,0.11321791661327803,0.2837498253667187,0.19266152039279558,0.21098459756826451,0.12236908889566876,0.15108295145019177,0.34425501156299865,0.1212293181489433,0.07277334538799142,0.13173907636734042
1835.9375,4240.513,4236.41,4184.615,4205.641,4278.974,0.12598951490628932,0.06694511311715845,0.07138562923903043,0.15947676134144373,0.11321791661327803,0.2837498253667187,0.19266152039279558,0.21098459756826451,0.12236908889566876,0.15108295145019177,0.34425501156299865,0.1212293181489433,0.07277334538799142,0.13173907636734042
1843.75,4252.308,4214.872,4176.923,4209.744,4252.821,0.12598951490628932,0.06694511311715845,0.07138562923903043,0.15947676134144373,0.11321791661327803,0.2837498253667187,0.19266152039279558,0.21098459756826451,0.12236908889566876,0.15108295145019177,0.34425501156299865,0.1212293181489433,0.07277334538799142,0.13173907636734042
1851.5625,4269.231,4224.103,4178.462,4214.359,4236.923,0.12598951490628932,0.06694511311715845,0.07138562923903043,0.15947676134144373,0.11321791661327803,0.2837498253667187,0.19266152039279558,0.21098459756826451,0.12236908889566876,0.15108295145019177,0.34425501156299865,0.1212293181489433,0.07277334538799142,0.13173907636734042
1859.375,4267.692,4250.769,4183.077,4216.923,4260.513,0.12598951490628932,0.06694511311715845,0.07138562923903043,0.15947676134144373,0.11321791661327803,0.2837498253667187,0.19266152039279558,0.21098459756826451,0.12236908889566876,0.15108295145019177,0.34425501156299865,0.1212293181489433,0.07277334538799142,0.13173907636734042
1867.1875,4257.949,4249.231,4166.667,4206.154,4272.821,0.12598951490628932,0.06694511311715845,0.07138562923903043,0.15947676134144373,0.11321791661327803,0.2837498253667187,0.19266152039279558,0.21098459756826451,0.12236908889566876,0.15108295145019177,0.34425501156299865,0.1212293181489433,0.07277334538799142,0.13173907636734042
1875.0,4265.128,4228.205,4161.538,4197.949,4258.974,0.12598951490628932,0.06694511311715845,0.07138562923903043,0.15947676134144373,0.11321791661327803,0.2837498253667187,0.19266152039279558,0.21098459756826451,0.12236908889566876,0.15108295145019177,0.34425501156299865,0.1212293181489433,0.07277334538799142,0.13173907636734042
1882.8125,4273.333,4222.051,4185.641,4202.564,4255.385,0.12598951490628932,0.06694511311715845,0.07138562923903043,0.15947676134144373,0.11321791661327803,0.2837498253667187,0.19266152039279558,0.21098459756826451,0.12236908889566876,0.15108295145019177,0.34425501156299865,0.1212293181489433,0.07277334538799142,0.13173907636734042
1890.625,4269.744,4238.462,4201.538,4207.179,4264.615,0.12598951490628932,0.06694511311715845,0.07138562923903043,0.15947676134144373,0.11321791661327803,0.2837498253667187,0.19266152039279558,0.21098459756826451,0.12236908889566876,0.15108295145019177,0.34425501156299865,0.1212293181489433,0.07277334538799142,0.13173907636734042
1898.4375,4271.282,4256.923,4198.974,4219.487,4278.974,0.12598951490628932,0.06694511311715845,0.07138562923903043,0.15947676134144373,0.11321791661327803,0.2837498253667187,0.19266152039279558,0.21098459756826451,0.12236908889566876,0.15108295145019177,0.34425501156299865,0.1212293181489433,0.07277334538799142,0.13173907636734042
1906.25,4284.103,4265.641,4202.051,4245.641,4291.795,0.12598951490628932,0.06694511311715845,0.07138562923903043,0.15947676134144373,0.11321791661327803,0.2837498253667187,0.19266152039279558,0.21098459756826451,0.12236908889566876,0.15108295145019177,0.34425501156299865,0.1212293181489433,0.07277334538799142,0.13173907636734042
1914.0625,4274.359,4255.897,4204.615,4248.205,4280.513,0.12598951490628932,0.06694511311715845,0.07138562923903043,0.15947676134144373,0.11321791661327803,0.2837498253667187,0.19266152039279558,0.21098459756826451,0.12236908889566876,0.15108295145019177,0.34425501156299865,0.1212293181489433,0.07277334538799142,0.13173907636734042
1921.875,4233.846,4231.795,4187.692,4208.718,4248.205,0.12598951490628932,0.06694511311715845,0.07138562923903043,0.15947676134144373,0.11321791661327803,0.2837498253667187,0.19266152039279558,0.21098459756826451,0.12236908889566876,0.15108295145019177,0.34425501156299865,0.1212293181489433,0.07277334538799142,0.13173907636734042
1929.6875,4214.359,4207.692,4158.974,4174.872,4225.128,0.12598951490628932,0.06694511311715845,0.07138562923903043,0.15947676134144373,0.11321791661327803,0.2837498253667187,0.19266152039279558,0.21098459756826451,0.12236908889566876,0.15108295145019177,0.34425501156299865,0.1212293181489433,0.07277334538799142,0.13173907636734042
1937.5,4211.282,4206.154,4137.949,4170.769,4217.949,0.12598951490628932,0.06694511311715845,0.07138562923903043,0.15947676134144373,0.11321791661327803,0.2837498253667187,0.19266152039279558,0.21098459756826451,0.12236908889566876,0.15108295145019177,0.34425501156299865,0.1212293181489433,0.07277334538799142,0.13173907636734042
1945.3125,4201.026,4225.641,4145.641,4180.0,4217.436,0.12598951490628932,0.06694511311715845,0.07138562923903043,0.15947676134144373,0.11321791661327803,0.2837498253667187,0.19266152039279558,0.21098459756826451,0.12236908889566876,0.15108295145019177,0.34425501156299865,0.1212293181489433,0.07277334538799142,0.13173907636734042
1953.125,4223.077,4241.026,4173.333,4210.769,4236.923,0.12598951490628932,0.06694511311715845,0.07138562923903043,0.15947676134144373,0.11321791661327803,0.2837498253667187,0.19266152039279558,0.21098459756826451,0.12236908889566876,0.15108295145019177,0.34425501156299865,0.1212293181489433,0.07277334538799142,0.13173907636734042
1960.9375,4265.641,4240.513,4185.641,4244.615,4273.333,0.12598951490628932,0.06694511311715845,0.07138562923903043,0.15947676134144373,0.11321791661327803,0.2837498253667187,0.19266152039279558,0.21098459756826451,0.12236908889566876,0.15108295145019177,0.34425501156299865,0.1212293181489433,0.07277334538799142,0.13173907636734042
1968.75,4266.667,4224.615,4178.974,4241.026,4269.744,0.12598951490628932,0.06694511311715845,0.07138562923903043,0.15947676134144373,0.11321791661327803,0.2837498253667187,0.19266152039279558,0.21098459756826451,0.12236908889566876,0.15108295145019177,0.34425501156299865,0.1212293181489433,0.07277334538799142,0.13173907636734042
1976.5625,4242.051,4221.026,4175.385,4222.051,4236.923,0.12598951490628932,0.06694511311715845,0.07138562923903043,0.15947676134144373,0.11321791661327803,0.2837498253667187,0.19266152039279558,0.21098459756826451,0.12236908889566876,0.15108295145019177,0.34425501156299865,0.1212293181489433,0.07277334538799142,0.13173907636734042
1984.375,4236.923,4241.026,4177.949,4218.462,4234.872,0.12598951490628932,0.06694511311715845,0.07138562923903043,0.15947676134144373,0.11321791661327803,0.2837498253667187,0.19266152039279558,0.21098459756826451,0.12236908889566876,0.15108295145019177,0.34425501156299865,0.1212293181489433,0.07277334538799142,0.13173907636734042
1992.1875,4254.359,4253.846,4180.513,4225.641,4249.231,0.12598951490628932,0.06694511311715845,0.07138562923903043,0.15947676134144373,0.11321791661327803,0.2837498253667187,0.19266152039279558,0.21098459756826451,0.12236908889566876,0.15108295145019177,0.34425501156299865,0.1212293181489433,0.07277334538799142,0.13173907636734042
2000.0,4274.872,4241.538,4184.615,4239.487,4262.051,0.12598951490628932,0.06694511311715845,0.07138562923903043,0.15947676134144373,0.11321791661327803,0.2837498253667187,0.19266152039279558,0.21098459756826451,0.12236908889566876,0.15108295145019177,0.34425501156299865,0.1212293181489433,0.07277334538799142,0.13173907636734042
2007.8125,4276.41,4227.692,4192.308,4243.077,4274.359,0.12598951490628932,0.06694511311715845,0.07138562923903043,0.15947676134144373,0.11321791661327803,0.2837498253667187,0.19266152039279558,0.21098459756826451,0.12236908889566876,0.15108295145019177,0.34425501156299865,0.1212293181489433,0.07277334538799142,0.13173907636734042
2015.625,4258.462,4242.051,4192.821,4233.333,4268.718,0.12598951490628932,0.06694511311715845,0.07138562923903043,0.15947676134144373,0.11321791661327803,0.2837498253667187,0.19266152039279558,0.21098459756826451,0.12236908889566876,0.15108295145019177,0.34425501156299865,0.1212293181489433,0.07277334538799142,0.13173907636734042
2023.4375,4244.615,4262.564,4183.077,4231.795,4261.538,0.12598951490628932,0.06694511311715845,0.07138562923903043,0.15947676134144373,0.11321791661327803,0.2837498253667187,0.19266152039279558,0.21098459756826451,0.12236908889566876,0.15108295145019177,0.34425501156299865,0.1212293181489433,0.07277334538799142,0.13173907636734042
2031.25,4247.179,4260.513,4172.821,4240.0,4267.692,0.12598951490628932,0.06694511311715845,0.07138562923903043,0.15947676134144373,0.11321791661327803,0.2837498253667187,0.19266152039279558,0.21098459756826451,0.12236908889566876,0.15108295145019177,0.34425501156299865,0.1212293181489433,0.07277334538799142,0.13173907636734042
2039.0625,4254.359,4242.564,4173.846,4241.026,4249.231,0.12598951490628932,0.06694511311715845,0.07138562923903043,0.15947676134144373,0.11321791661327803,0.2837498253667187,0.19266152039279558,0.21098459756826451,0.12236908889566876,0.15108295145019177,0.34425501156299865,0.1212293181489433,0.07277334538799142,0.13173907636734042
2046.875,4253.846,4235.897,4188.205,4243.077,4226.154,0.12598951490628932,0.06694511311715845,0.07138562923903043,0.15947676134144373,0.11321791661327803,0.2837498253667187,0.19266152039279558,0.21098459756826451,0.12236908889566876,0.15108295145019177,0.34425501156299865,0.1212293181489433,0.07277334538799142,0.13173907636734042
2054.6875,4254.872,4249.231,4196.41,4252.821,4246.667,0.12598951490628932,0.06694511311715845,0.07138562923903043,0.15947676134144373,0.11321791661327803,0.2837498253667187,0.19266152039279558,0.21098459756826451,0.12236908889566876,0.15108295145019177,0.34425501156299865,0.1212293181489433,0.07277334538799142,0.13173907636734042
2062.5,4260.0,4265.641,4191.282,4262.051,4280.513,0.12598951490628932,0.06694511311715845,0.07138562923903043,0.15947676134144373,0.11321791661327803,0.2837498253667187,0.19266152039279558,0.21098459756826451,0.12236908889566876,0.15108295145019177,0.34425501156299865,0.1212293181489433,0.07277334538799142,0.13173907636734042
2070.3125,4257.949,4264.615,4188.205,4263.59,4293.333,0.12598951490628932,0.06694511311715845,0.07138562923903043,0.15947676134144373,0.11321791661327803,0.2837498253667187,0.19266152039279558,0.21098459756826451,0.12236908889566876,0.15108295145019177,0.34425501156299865,0.1212293181489433,0.07277334538799142,0.13173907636734042
2078.125,4248.205,4242.051,4186.154,4254.872,4277.949,0.12598951490628932,0.06694511311715845,0.07138562923903043,0.15947676134144373,0.11321791661327803,0.2837498253667187,0.19266152039279558,0.21098459756826451,0.12236908889566876,0.15108295145019177,0.34425501156299865,0.1212293181489433,0.07277334538799142,0.13173907636734042
2085.9375,4243.077,4219.487,4174.359,4241.538,4248.718,0.12598951490628932,0.06694511311715845,0.07138562923903043,0.15947676134144373,0.11321791661327803,0.2837498253667187,0.19266152039279558,0.21098459756826451,0.12236908889566876,0.15108295145019177,0.34425501156299865,0.1212293181489433,0.07277334538799142,0.13173907636734042
2093.75,4241.026,4223.077,4163.59,4237.949,4252.308,0.12598951490628932,0.06694511311715845,0.07138562923903043,0.15947676134144373,0.11321791661327803,0.2837498253667187,0.19266152039279558,0.21098459756826451,0.12236908889566876,0.15108295145019177,0.34425501156299865,0.1212293181489433,0.07277334538799142,0.13173907636734042
2101.5625,4240.0,4237.949,4158.974,4245.641,4281.538,0.12598951490628932,0.06694511311715845,0.07138562923903043,0.15947676134144373,0.11321791661327803,0.2837498253667187,0.19266152039279558,0.21098459756826451,0.12236908889566876,0.15108295145019177,0.34425501156299865,0.1212293181489433,0.07277334538799142,0.13173907636734042
2109.375,4247.179,4235.897,4151.795,4250.256,4280.513,0.12598951490628932,0.06694511311715845,0.07138562923903043,0.15947676134144373,0.11321791661327803,0.2837498253667187,0.19266152039279558,0.21098459756826451,0.12236908889566876,0.15108295145019177,0.34425501156299865,0.1212293181489433,0.07277334538799142,0.13173907636734042
2117.1875,4261.538,4231.795,4161.538,4251.795,4264.103,0.12598951490628932,0.06694511311715845,0.07138562923903043,0.15947676134144373,0.11321791661327803,0.2837498253667187,0.19266152039279558,0.21098459756826451,0.12236908889566876,0.15108295145019177,0.34425501156299865,0.1212293181489433,0.07277334538799142,0.13173907636734042
2125.0,4263.59,4235.385,4181.026,4250.256,4267.692,0.12598951490628932,0.06694511311715845,0.07138562923903043,0.15947676134144373,0.11321791661327803,0.2837498253667187,0.19266152039279558,0.21098459756826451,0.12236908889566876,0.15108295145019177,0.34425501156299865,0.1212293181489433,0.07277334538799142,0.13173907636734042
2132.8125,4241.026,4236.923,4175.897,4244.103,4269.231,0.12598951490628932,0.06694511311715845,0.07138562923903043,0.15947676134144373,0.11321791661327803,0.2837498253667187,0.19266152039279558,0.21098459756826451,0.12236908889566876,0.15108295145019177,0.34425501156299865,0.1212293181489433,0.07277334538799142,0.13173907636734042
2140.625,4229.231,4241.026,4154.872,4245.641,4255.385,0.12598951490628932,0.06694511311715845,0.07138562923903043,0.15947676134144373,0.11321791661327803,0.2837498253667187,0.19266152039279558,0.21098459756826451,0.12236908889566876,0.15108295145019177,0.34425501156299865,0.1212293181489433,0.07277334538799142,0.13173907636734042
2148.4375,4242.051,4246.667,4141.026,4253.846,4254.872,0.12598951490628932,0.06694511311715845,0.07138562923903043,0.15947676134144373,0.11321791661327803,0.2837498253667187,0.19266152039279558,0.21098459756826451,0.12236908889566876,0.15108295145019177,0.34425501156299865,0.1212293181489433,0.07277334538799142,0.13173907636734042
2156.25,4253.333,4243.59,4152.821,4251.795,4268.205,0.12598951490628932,0.06694511311715845,0.07138562923903043,0.15947676134144373,0.11321791661327803,0.2837498253667187,0.19266152039279558,0.21098459756826451,0.12236908889566876,0.15108295145019177,0.34425501156299865,0.1212293181489433,0.07277334538799142,0.13173907636734042
2164.0625,4238.462,4229.231,4175.897,4244.103,4257.949,0.12598951490628932,0.06694511311715845,0.07138562923903043,0.15947676134144373,0.11321791661327803,0.2837498253667187,0.19266152039279558,0.21098459756826451,0.12236908889566876,0.15108295145019177,0.34425501156299865,0.1212293181489433,0.07277334538799142,0.13173907636734042
2171.875,4216.41,4226.154,4173.333,4244.103,4240.0,0.12598951490628932,0.06694511311715845,0.07138562923903043,0.15947676134144373,0.11321791661327803,0.2837498253667187,0.19266152039279558,0.21098459756826451,0.12236908889566876,0.15108295145019177,0.34425501156299865,0.1212293181489433,0.07277334538799142,0.13173907636734042
2179.6875,4224.103,4237.436,4147.692,4254.872,4261.538,0.12598951490628932,0.06694511311715845,0.07138562923903043,0.15947676134144373,0.11321791661327803,0.2837498253667187,0.19266152039279558,0.21098459756826451,0.12236908889566876,0.15108295145019177,0.34425501156299865,0.1212293181489433,0.07277334538799142,0.13173907636734042
2187.5,4238.462,4242.564,4126.667,4258.974,4282.564,0.12598951490628932,0.06694511311715845,0.07138562923903043,0.15947676134144373,0.11321791661327803,0.2837498253667187,0.19266152039279558,0.21098459756826451,0.12236908889566876,0.15108295145019177,0.34425501156299865,0.1212293181489433,0.07277334538799142,0.13173907636734042
2195.3125,4223.077,4223.59,4118.462,4243.59,4252.821,0.12598951490628932,0.06694511311715845,0.07138562923903043,0.15947676134144373,0.11321791661327803,0.2837498253667187,0.19266152039279558,0.21098459756826451,0.12236908889566876,0.15108295145019177,0.34425501156299865,0.1212293181489433,0.07277334538799142,0.13173907636734042
2203.125,4211.282,4200.0,4117.949,4233.846,4229.231,0.12598951490628932,0.06694511311715845,0.07138562923903043,0.15947676134144373,0.11321791661327803,0.2837498253667187,0.19266152039279558,0.21098459756826451,0.12236908889566876,0.15108295145019177,0.34425501156299865,0.1212293181489433,0.07277334538799142,0.13173907636734042
2210.9375,4223.077,4203.077,4121.026,4245.641,4246.667,0.12598951490628932,0.06694511311715845,0.07138562923903043,0.15947676134144373,0.11321791661327803,0.2837498253667187,0.19266152039279558,0.21098459756826451,0.12236908889566876,0.15108295145019177,0.34425501156299865,0.1212293181489433,0.07277334538799142,0.13173907636734042
2218.75,4215.385,4212.308,4122.564,4248.205,4242.564,0.12598951490628932,0.06694511311715845,0.07138562923903043,0.15947676134144373,0.11321791661327803,0.2837498253667187,0.19266152039279558,0.21098459756826451,0.12236908889566876,0.15108295145019177,0.34425501156299865,0.1212293181489433,0.07277334538799142,0.13173907636734042
2226.5625,4201.026,4201.026,4123.077,4233.846,4219.487,0.12598951490628932,0.06694511311715845,0.07138562923903043,0.15947676134144373,0.11321791661327803,0.2837498253667187,0.19266152039279558,0.21098459756826451,0.12236908889566876,0.15108295145019177,0.34425501156299865,0.1212293181489433,0.07277334538799142,0.13173907636734042
2234.375,4211.795,4192.308,4122.051,4235.385,4232.308,0.12598951490628932,0.06694511311715845,0.07138562923903043,0.15947676134144373,0.11321791661327803,0.2837498253667187,0.19266152039279558,0.21098459756826451,0.12236908889566876,0.15108295145019177,0.34425501156299865,0.1212293181489433,0.07277334538799142,0.13173907636734042
2242.1875,4212.308,4202.051,4113.333,4247.692,4248.205,0.12598951490628932,0.06694511311715845,0.07138562923903043,0.15947676134144373,0.11321791661327803,0.2837498253667187,0.19266152039279558,0.21098459756826451,0.12236908889566876,0.15108295145019177,0.34425501156299865,0.1212293181489433,0.07277334538799142,0.13173907636734042
2250.0,4197.436,4203.59,4107.179,4250.769,4238.462,0.12598951490628932,0.06694511311715845,0.07138562923903043,0.15947676134144373,0.11321791661327803,0.2837498253667187,0.19266152039279558,0.21098459756826451,0.12236908889566876,0.15108295145019177,0.34425501156299865,0.1212293181489433,0.07277334538799142,0.13173907636734042
2257.8125,4207.692,4195.897,4114.872,4256.41,4229.744,0.12598951490628932,0.06694511311715845,0.07138562923903043,0.15947676134144373,0.11321791661327803,0.2837498253667187,0.19266152039279558,0.21098459756826451,0.12236908889566876,0.15108295145019177,0.34425501156299865,0.1212293181489433,0.07277334538799142,0.13173907636734042
2265.625,4228.718,4202.051,4125.641,4267.692,4230.769,0.12598951490628932,0.06694511311715845,0.07138562923903043,0.15947676134144373,0.11321791661327803,0.2837498253667187,0.19266152039279558,0.21098459756826451,0.12236908889566876,0.15108295145019177,0.34425501156299865,0.1212293181489433,0.07277334538799142,0.13173907636734042
2273.4375,4225.128,4204.103,4128.718,4265.128,4230.256,0.12598951490628932,0.06694511311715845,0.07138562923903043,0.15947676134144373,0.11321791661327803,0.2837498253667187,0.19266152039279558,0.21098459756826451,0.12236908889566876,0.15108295145019177,0.34425501156299865,0.1212293181489433,0.07277334538799142,0.13173907636734042
2281.25,4206.667,4183.59,4126.667,4246.154,4212.821,0.12598951490628932,0.06694511311715845,0.07138562923903043,0.15947676134144373,0.11321791661327803,0.2837498253667187,0.19266152039279558,0.21098459756826451,0.12236908889566876,0.15108295145019177,0.34425501156299865,0.1212293181489433,0.07277334538799142,0.13173907636734042
2289.0625,4197.436,4171.282,4122.564,4237.436,4190.256,0.12598951490628932,0.06694511311715845,0.07138562923903043,0.15947676134144373,0.11321791661327803,0.2837498253667187,0.19266152039279558,0.21098459756826451,0.12236908889566876,0.15108295145019177,0.34425501156299865,0.1212293181489433,0.07277334538799142,0.13173907636734042
2296.875,4195.897,4185.128,4122.051,4246.154,4197.436,0.12598951490628932,0.06694511311715845,0.07138562923903043,0.15947676134144373,0.11321791661327803,0.2837498253667187,0.19266152039279558,0.21098459756826451,0.12236908889566876,0.15108295145019177,0.34425501156299865,0.1212293181489433,0.07277334538799142,0.13173907636734042
2304.6875,4197.436,4195.385,4128.718,4257.436,4229.231,0.12598951490628932,0.06694511311715845,0.07138562923903043,0.15947676134144373,0.11321791661327803,0.2837498253667187,0.19266152039279558,0.21098459756826451,0.12236908889566876,0.15108295145019177,0.34425501156299865,0.1212293181489433,0.07277334538799142,0.13173907636734042
2312.5,4194.872,4189.744,4120.0,4260.0,4232.821,0.12598951490628932,0.06694511311715845,0.07138562923903043,0.15947676134144373,0.11321791661327803,0.2837498253667187,0.19266152039279558,0.21098459756826451,0.12236908889566876,0.15108295145019177,0.34425501156299865,0.1212293181489433,0.07277334538799142,0.13173907636734042
2320.3125,4183.077,4189.231,4102.564,4254.872,4213.846,0.12598951490628932,0.06694511311715845,0.07138562923903043,0.15947676134144373,0.11321791661327803,0.2837498253667187,0.19266152039279558,0.21098459756826451,0.12236908889566876,0.15108295145019177,0.34425501156299865,0.1212293181489433,0.07277334538799142,0.13173907636734042
2328.125,4181.026,4201.538,4112.821,4257.949,4210.769,0.12598951490628932,0.06694511311715845,0.07138562923903043,0.15947676134144373,0.11321791661327803,0.2837498253667187,0.19266152039279558,0.21098459756826451,0.12236908889566876,0.15108295145019177,0.34425501156299865,0.1212293181489433,0.07277334538799142,0.13173907636734042
2335.9375,4195.385,4207.692,4120.513,4269.231,4215.385,0.12598951490628932,0.06694511311715845,0.07138562923903043,0.15947676134144373,0.11321791661327803,0.2837498253667187,0.19266152039279558,0.21098459756826451,0.12236908889566876,0.15108295145019177,0.34425501156299865,0.1212293181489433,0.07277334538799142,0.13173907636734042
2343.75,4198.974,4210.769,4111.282,4283.59,4221.026,0.12598951490628932,0.06694511311715845,0.07138562923903043,0.15947676134144373,0.11321791661327803,0.2837498253667187,0.19266152039279558,0.21098459756826451,0.12236908889566876,0.15108295145019177,0.34425501156299865,0.1212293181489433,0.07277334538799142,0.13173907636734042
2351.5625,4194.872,4215.897,4116.923,4298.462,4230.256,0.12598951490628932,0.06694511311715845,0.07138562923903043,0.15947676134144373,0.11321791661327803,0.2837498253667187,0.19266152039279558,0.21098459756826451,0.12236908889566876,0.15108295145019177,0.34425501156299865,0.1212293181489433,0.07277334538799142,0.13173907636734042
2359.375,4201.538,4201.026,4126.667,4307.179,4223.59,0.12598951490628932,0.06694511311715845,0.07138562923903043,0.15947676134144373,0.11321791661327803,0.2837498253667187,0.19266152039279558,0.21098459756826451,0.12236908889566876,0.15108295145019177,0.34425501156299865,0.1212293181489433,0.07277334538799142,0.13173907636734042
2367.1875,4186.154,4176.923,4108.205,4291.282,4198.974,0.12598951490628932,0.06694511311715845,0.07138562923903043,0.15947676134144373,0.11321791661327803,0.2837498253667187,0.19266152039279558,0.21098459756826451,0.12236908889566876,0.15108295145019177,0.34425501156299865,0.1212293181489433,0.07277334538799142,0.13173907636734042
2375.0,4149.744,4175.385,4084.615,4273.333,4193.333,0.12598951490628932,0.06694511311715845,0.07138562923903043,0.15947676134144373,0.11321791661327803,0.2837498253667187,0.19266152039279558,0.21098459756826451,0.12236908889566876,0.15108295145019177,0.34425501156299865,0.1212293181489433,0.07277334538799142,0.13173907636734042
2382.8125,4145.128,4187.179,4089.231,4275.385,4198.974,0.12598951490628932,0.06694511311715845,0.07138562923903043,0.15947676134144373,0.11321791661327803,0.2837498253667187,0.19266152039279558,0.21098459756826451,0.12236908889566876,0.15108295145019177,0.34425501156299865,0.1212293181489433,0.07277334538799142,0.13173907636734042
2390.625,4155.385,4189.744,4098.462,4266.154,4181.026,0.12598951490628932,0.06694511311715845,0.07138562923903043,0.15947676134144373,0.11321791661327803,0.2837498253667187,0.19266152039279558,0.21098459756826451,0.12236908889566876,0.15108295145019177,0.34425501156299865,0.1212293181489433,0.07277334538799142,0.13173907636734042
2398.4375,4149.744,4181.026,4089.231,4246.667,4173.846,0.12598951490628932,0.06694511311715845,0.07138562923903043,0.15947676134144373,0.11321791661327803,0.2837498253667187,0.19266152039279558,0.21098459756826451,0.12236908889566876,0.15108295145019177,0.34425501156299865,0.1212293181489433,0.07277334538799142,0.13173907636734042
2406.25,4140.513,4174.359,4084.103,4236.41,4179.487,0.12598951490628932,0.06694511311715845,0.07138562923903043,0.15947676134144373,0.11321791661327803,0.2837498253667187,0.19266152039279558,0.21098459756826451,0.12236908889566876,0.15108295145019177,0.34425501156299865,0.1212293181489433,0.07277334538799142,0.13173907636734042
2414.0625,4132.308,4181.538,4085.641,4236.41,4170.256,0.12598951490628932,0.06694511311715845,0.07138562923903043,0.15947676134144373,0.11321791661327803,0.2837498253667187,0.19266152039279558,0.21098459756826451,0.12236908889566876,0.15108295145019177,0.34425501156299865,0.1212293181489433,0.07277334538799142,0.13173907636734042
2421.875,4121.026,4172.308,4073.333,4238.974,4154.359,0.12598951490628932,0.06694511311715845,0.07138562923903043,0.15947676134144373,0.11321791661327803,0.2837498253667187,0.19266152039279558,0.21098459756826451,0.12236908889566876,0.15108295145019177,0.34425501156299865,0.1212293181489433,0.07277334538799142,0.13173907636734042
2429.6875,4110.256,4145.128,4057.949,4234.872,4142.564,0.12598951490628932,0.06694511311715845,0.07138562923903043,0.15947676134144373,0.11321791661327803,0.2837498253667187,0.19266152039279558,0.21098459756826451,0.12236908889566876,0.15108295145019177,0.34425501156299865,0.1212293181489433,0.07277334538799142,0.13173907636734042
2437.5,4105.641,4153.333,4058.974,4238.462,4153.846,0.12598951490628932,0.06694511311715845,0.07138562923903043,0.15947676134144373,0.11321791661327803,0.2837498253667187,0.19266152039279558,0.21098459756826451,0.12236908889566876,0.15108295145019177,0.34425501156299865,0.1212293181489433,0.07277334538799142,0.13173907636734042
2445.3125,4112.821,4173.333,4061.026,4258.974,4176.41,0.12598951490628932,0.06694511311715845,0.07138562923903043,0.15947676134144373,0.11321791661327803,0.2837498253667187,0.19266152039279558,0.21098459756826451,0.12236908889566876,0.15108295145019177,0.34425501156299865,0.1212293181489433,0.07277334538799142,0.13173907636734042
2453.125,4122.051,4159.487,4068.718,4264.103,4168.205,0.12598951490628932,0.06694511311715845,0.07138562923903043,0.15947676134144373,0.11321791661327803,0.2837498253667187,0.19266152039279558,0.21098459756826451,0.12236908889566876,0.15108295145019177,0.34425501156299865,0.1212293181489433,0.07277334538799142,0.13173907636734042
2460.9375,4115.385,4161.538,4074.359,4249.231,4162.564,0.12598951490628932,0.06694511311715845,0.07138562923903043,0.15947676134144373,0.11321791661327803,0.2837498253667187,0.19266152039279558,0.21098459756826451,0.12236908889566876,0.15108295145019177,0.34425501156299865,0.1212293181489433,0.07277334538799142,0.13173907636734042
2468.75,4113.846,4181.538,4049.744,4244.103,4173.333,0.12598951490628932,0.06694511311715845,0.07138562923903043,0.15947676134144373,0.11321791661327803,0.2837498253667187,0.19266152039279558,0.21098459756826451,0.12236908889566876,0.15108295145019177,0.34425501156299865,0.1212293181489433,0.07277334538799142,0.13173907636734042
2476.5625,4112.821,4158.974,4034.359,4223.59,4148.205,0.12598951490628932,0.06694511311715845,0.07138562923903043,0.15947676134144373,0.11321791661327803,0.2837498253667187,0.19266152039279558,0.21098459756826451,0.12236908889566876,0.15108295145019177,0.34425501156299865,0.1212293181489433,0.07277334538799142,0.13173907636734042
2484.375,4115.385,4146.667,4056.41,4211.795,4139.487,0.12598951490628932,0.06694511311715845,0.07138562923903043,0.15947676134144373,0.11321791661327803,0.2837498253667187,0.19266152039279558,0.21098459756826451,0.12236908889566876,0.15108295145019177,0.34425501156299865,0.1212293181489433,0.07277334538799142,0.13173907636734042
2492.1875,4141.538,4183.59,4068.205,4246.667,4178.462,0.12598951490628932,0.06694511311715845,0.07138562923903043,0.15947676134144373,0.11321791661327803,0.2837498253667187,0.19266152039279558,0.21098459756826451,0.12236908889566876,0.15108295145019177,0.34425501156299865,0.1212293181489433,0.07277334538799142,0.13173907636734042
2500.0,4150.256,4200.513,4070.256,4264.615,4181.538,0.12598951490628932,0.06694511311715845,0.07138562923903043,0.15947676134144373,0.11321791661327803,0.2837498253667187,0.19266152039279558,0.21098459756826451,0.12236908889566876,0.15108295145019177,0.34425501156299865,0.1212293181489433,0.07277334538799142,0.13173907636734042
2507.8125,4149.231,4191.282,4090.769,4261.538,4169.231,0.12598951490628932,0.06694511311715845,0.07138562923903043,0.15947676134144373,0.11321791661327803,0.2837498253667187,0.19266152039279558,0.21098459756826451,0.12236908889566876,0.15108295145019177,0.34425501156299865,0.1212293181489433,0.07277334538799142,0.13173907636734042
2515.625,4163.077,4193.846,4104.103,4270.769,4180.513,0.12598951490628932,0.06694511311715845,0.07138562923903043,0.15947676134144373,0.11321791661327803,0.2837498253667187,0.19266152039279558,0.21098459756826451,0.12236908889566876,0.15108295145019177,0.34425501156299865,0.1212293181489433,0.07277334538799142,0.13173907636734042
2523.4375,4163.59,4198.462,4091.282,4267.179,4177.949,0.12598951490628932,0.06694511311715845,0.07138562923903043,0.15947676134144373,0.11321791661327803,0.2837498253667187,0.19266152039279558,0.21098459756826451,0.12236908889566876,0.15108295145019177,0.34425501156299865,0.1212293181489433,0.07277334538799142,0.13173907636734042
2531.25,4151.795,4192.821,4081.538,4260.0,4173.846,0.12598951490628932,0.06694511311715845,0.07138562923903043,0.15947676134144373,0.11321791661327803,0.2837498253667187,0.19266152039279558,0.21098459756826451,0.12236908889566876,0.15108295145019177,0.34425501156299865,0.1212293181489433,0.07277334538799142,0.13173907636734042
2539.0625,4157.949,4192.821,4090.256,4275.897,4187.179,0.12598951490628932,0.06694511311715845,0.07138562923903043,0.15947676134144373,0.11321791661327803,0.2837498253667187,0.19266152039279558,0.21098459756826451,0.12236908889566876,0.15108295145019177,0.34425501156299865,0.1212293181489433,0.07277334538799142,0.13173907636734042
2546.875,4167.692,4195.897,4102.051,4286.667,4195.897,0.12598951490628932,0.06694511311715845,0.07138562923903043,0.15947676134144373,0.11321791661327803,0.2837498253667187,0.19266152039279558,0.21098459756826451,0.12236908889566876,0.15108295145019177,0.34425501156299865,0.1212293181489433,0.07277334538799142,0.13173907636734042
2554.6875,4149.231,4193.846,4094.872,4275.385,4189.744,0.12598951490628932,0.06694511311715845,0.07138562923903043,0.15947676134144373,0.11321791661327803,0.2837498253667187,0.19266152039279558,0.21098459756826451,0.12236908889566876,0.15108295145019177,0.34425501156299865,0.1212293181489433,0.07277334538799142,0.13173907636734042
2562.5,4134.872,4190.769,4060.0,4262.051,4184.103,0.12598951490628932,0.06694511311715845,0.07138562923903043,0.15947676134144373,0.11321791661327803,0.2837498253667187,0.19266152039279558,0.21098459756826451,0.12236908889566876,0.15108295145019177,0.34425501156299865,0.1212293181489433,0.07277334538799142,0.13173907636734042
2570.3125,4144.103,4181.538,4037.436,4253.333,4185.128,0.12598951490628932,0.06694511311715845,0.07138562923903043,0.15947676134144373,0.11321791661327803,0.2837498253667187,0.19266152039279558,0.21098459756826451,0.12236908889566876,0.15108295145019177,0.34425501156299865,0.1212293181489433,0.07277334538799142,0.13173907636734042
2578.125,4141.538,4174.872,4054.359,4249.744,4182.564,0.12598951490628932,0.06694511311715845,0.07138562923903043,0.15947676134144373,0.11321791661327803,0.2837498253667187,0.19266152039279558,0.21098459756826451,0.12236908889566876,0.15108295145019177,0.34425501156299865,0.1212293181489433,0.07277334538799142,0.13173907636734042
2585.9375,4118.462,4177.949,4069.231,4252.308,4177.949,0.12598951490628932,0.06694511311715845,0.07138562923903043,0.15947676134144373,0.11321791661327803,0.2837498253667187,0.19266152039279558,0.21098459756826451,0.12236908889566876,0.15108295145019177,0.34425501156299865,0.1212293181489433,0.07277334538799142,0.13173907636734042
2593.75,4112.308,4175.897,4049.231,4254.872,4174.359,0.12598951490628932,0.06694511311715845,0.07138562923903043,0.15947676134144373,0.11321791661327803,0.2837498253667187,0.19266152039279558,0.21098459756826451,0.12236908889566876,0.15108295145019177,0.34425501156299865,0.1212293181489433,0.07277334538799142,0.13173907636734042
2601.5625,4116.41,4159.487,4038.462,4243.077,4149.231,0.12598951490628932,0.06694511311715845,0.07138562923903043,0.15947676134144373,0.11321791661327803,0.2837498253667187,0.19266152039279558,0.21098459756826451,0.12236908889566876,0.15108295145019177,0.34425501156299865,0.1212293181489433,0.07277334538799142,0.13173907636734042
2609.375,4078.462,4147.692,4042.051,4212.821,4112.821,0.12598951490628932,0.06694511311715845,0.07138562923903043,0.15947676134144373,0.11321791661327803,0.2837498253667187,0.19266152039279558,0.21098459756826451,0.12236908889566876,0.15108295145019177,0.34425501156299865,0.1212293181489433,0.07277334538799142,0.13173907636734042
2617.1875,4047.692,4148.718,4005.641,4206.154,4114.872,0.12598951490628932,0.06694511311715845,0.07138562923903043,0.15947676134144373,0.11321791661327803,0.2837498253667187,0.19266152039279558,0.21098459756826451,0.12236908889566876,0.15108295145019177,0.34425501156299865,0.1212293181489433,0.07277334538799142,0.13173907636734042
2625.0,4087.179,4150.769,3983.59,4237.436,4146.667,0.12598951490628932,0.06694511311715845,0.07138562923903043,0.15947676134144373,0.11321791661327803,0.2837498253667187,0.19266152039279558,0.21098459756826451,0.12236908889566876,0.15108295145019177,0.34425501156299865,0.1212293181489433,0.07277334538799142,0.13173907636734042
2632.8125,4121.538,4158.462,4015.897,4246.667,4155.897,0.12598951490628932,0.06694511311715845,0.07138562923903043,0.15947676134144373,0.11321791661327803,0.2837498253667187,0.19266152039279558,0.21098459756826451,0.12236908889566876,0.15108295145019177,0.34425501156299865,0.1212293181489433,0.07277334538799142,0.13173907636734042
2640.625,4087.179,4152.821,4005.641,4216.41,4140.0,0.12598951490628932,0.06694511311715845,0.07138562923903043,0.15947676134144373,0.11321791661327803,0.2837498253667187,0.19266152039279558,0.21098459756826451,0.12236908889566876,0.15108295145019177,0.34425501156299865,0.1212293181489433,0.07277334538799142,0.13173907636734042
2648.4375,4062.051,4136.923,3968.718,4203.077,4132.821,0.12598951490628932,0.06694511311715845,0.07138562923903043,0.15947676134144373,0.11321791661327803,0.2837498253667187,0.19266152039279558,0.21098459756826451,0.12236908889566876,0.15108295145019177,0.34425501156299865,0.1212293181489433,0.07277334538799142,0.13173907636734042
2656.25,4092.821,4148.718,4002.564,4220.513,4144.615,0.12598951490628932,0.06694511311715845,0.07138562923903043,0.15947676134144373,0.11321791661327803,0.2837498253667187,0.19266152039279558,0.21098459756826451,0.12236908889566876,0.15108295145019177,0.34425501156299865,0.1212293181489433,0.07277334538799142,0.13173907636734042
2664.0625,4113.333,4176.923,4045.641,4233.846,4161.538,0.12598951490628932,0.06694511311715845,0.07138562923903043,0.15947676134144373,0.11321791661327803,0.2837498253667187,0.19266152039279558,0.21098459756826451,0.12236908889566876,0.15108295145019177,0.34425501156299865,0.1212293181489433,0.07277334538799142,0.13173907636734042
2671.875,4111.282,4176.923,4032.821,4239.487,4170.769,0.12598951490628932,0.06694511311715845,0.07138562923903043,0.15947676134144373,0.11321791661327803,0.2837498253667187,0.19266152039279558,0.21098459756826451,0.12236908889566876,0.15108295145019177,0.34425501156299865,0.1212293181489433,0.07277334538799142,0.13173907636734042
2679.6875,4114.359,4162.051,4042.564,4242.051,4168.718,0.12598951490628932,0.06694511311715845,0.07138562923903043,0.15947676134144373,0.11321791661327803,0.2837498253667187,0.19266152039279558,0.21098459756826451,0.12236908889566876,0.15108295145019177,0.34425501156299865,0.1212293181489433,0.07277334538799142,0.13173907636734042
2687.5,4109.231,4167.692,4060.0,4230.256,4156.923,0.12598951490628932,0.06694511311715845,0.07138562923903043,0.15947676134144373,0.11321791661327803,0.2837498253667187,0.19266152039279558,0.21098459756826451,0.12236908889566876,0.15108295145019177,0.34425501156299865,0.1212293181489433,0.07277334538799142,0.13173907636734042
2695.3125,4101.026,4163.59,4019.487,4218.974,4141.026,0.12598951490628932,0.06694511311715845,0.07138562923903043,0.15947676134144373,0.11321791661327803,0.2837498253667187,0.19266152039279558,0.21098459756826451,0.12236908889566876,0.15108295145019177,0.34425501156299865,0.1212293181489433,0.07277334538799142,0.13173907636734042
2703.125,4104.103,4147.692,4000.0,4224.615,4125.641,0.12598951490628932,0.06694511311715845,0.07138562923903043,0.15947676134144373,0.11321791661327803,0.2837498253667187,0.19266152039279558,0.21098459756826451,0.12236908889566876,0.15108295145019177,0.34425501156299865,0.1212293181489433,0.07277334538799142,0.13173907636734042
2710.9375,4090.256,4143.59,4014.359,4213.846,4114.359,0.12598951490628932,0.06694511311715845,0.07138562923903043,0.15947676134144373,0.11321791661327803,0.2837498253667187,0.19266152039279558,0.21098459756826451,0.12236908889566876,0.15108295145019177,0.34425501156299865,0.1212293181489433,0.07277334538799142,0.13173907636734042
2718.75,4062.564,4143.077,3988.205,4186.667,4117.436,0.12598951490628932,0.06694511311715845,0.07138562923903043,0.15947676134144373,0.11321791661327803,0.2837498253667187,0.19266152039279558,0.21098459756826451,0.12236908889566876,0.15108295145019177,0.34425501156299865,0.1212293181489433,0.07277334538799142,0.13173907636734042
2726.5625,4062.051,4142.051,3969.744,4187.692,4133.846,0.12598951490628932,0.06694511311715845,0.07138562923903043,0.15947676134144373,0.11321791661327803,0.2837498253667187,0.19266152039279558,0.21098459756826451,0.12236908889566876,0.15108295145019177,0.34425501156299865,0.1212293181489433,0.07277334538799142,0.13173907636734042
2734.375,4086.154,4149.231,4019.487,4205.128,4145.641,0.12598951490628932,0.06694511311715845,0.07138562923903043,0.15947676134144373,0.11321791661327803,0.2837498253667187,0.19266152039279558,0.21098459756826451,0.12236908889566876,0.15108295145019177,0.34425501156299865,0.1212293181489433,0.07277334538799142,0.13173907636734042
2742.1875,4104.615,4165.641,4060.513,4208.718,4153.846,0.12598951490628932,0.06694511311715845,0.07138562923903043,0.15947676134144373,0.11321791661327803,0.2837498253667187,0.19266152039279558,0.21098459756826451,0.12236908889566876,0.15108295145019177,0.34425501156299865,0.1212293181489433,0.07277334538799142,0.13173907636734042
2750.0,4104.103,4166.667,4040.0,4200.0,4155.897,0.12598951490628932,0.06694511311715845,0.07138562923903043,0.15947676134144373,0.11321791661327803,0.2837498253667187,0.19266152039279558,0.21098459756826451,0.12236908889566876,0.15108295145019177,0.34425501156299865,0.1212293181489433,0.07277334538799142,0.13173907636734042
2757.8125,4104.103,4138.462,4022.051,4188.205,4137.949,0.12598951490628932,0.06694511311715845,0.07138562923903043,0.15947676134144373,0.11321791661327803,0.2837498253667187,0.19266152039279558,0.21098459756826451,0.12236908889566876,0.15108295145019177,0.34425501156299865,0.1212293181489433,0.07277334538799142,0.13173907636734042
2765.625,4108.718,4117.436,4032.821,4187.179,4122.564,0.12598951490628932,0.06694511311715845,0.07138562923903043,0.15947676134144373,0.11321791661327803,0.2837498253667187,0.19266152039279558,0.21098459756826451,0.12236908889566876,0.15108295145019177,0.34425501156299865,0.1212293181489433,0.07277334538799142,0.13173907636734042
2773.4375,4092.308,4124.103,4017.949,4191.795,4122.051,0.12598951490628932,0.06694511311715845,0.07138562923903043,0.15947676134144373,0.11321791661327803,0.2837498253667187,0.19266152039279558,0.21098459756826451,0.12236908889566876,0.15108295145019177,0.34425501156299865,0.1212293181489433,0.07277334538799142,0.13173907636734042
2781.25,4062.051,4125.641,3970.256,4185.641,4111.795,0.12598951490628932,0.06694511311715845,0.07138562923903043,0.15947676134144373,0.11321791661327803,0.2837498253667187,0.19266152039279558,0.21098459756826451,0.12236908889566876,0.15108295145019177,0.34425501156299865,0.1212293181489433,0.07277334538799142,0.13173907636734042
2789.0625,4053.333,4118.462,3955.897,4180.0,4095.897,0.12598951490628932,0.06694511311715845,0.07138562923903043,0.15947676134144373,0.11321791661327803,0.2837498253667187,0.19266152039279558,0.21098459756826451,0.12236908889566876,0.15108295145019177,0.34425501156299865,0.1212293181489433,0.07277334538799142,0.13173907636734042
2796.875,4051.795,4117.436,3982.051,4178.462,4084.615,0.12598951490628932,0.06694511311715845,0.07138562923903043,0.15947676134144373,0.11321791661327803,0.2837498253667187,0.19266152039279558,0.21098459756826451,0.12236908889566876,0.15108295145019177,0.34425501156299865,0.1212293181489433,0.07277334538799142,0.13173907636734042
2804.6875,4038.462,4100.0,3994.359,4161.538,4069.231,0.12598951490628932,0.06694511311715845,0.07138562923903043,0.15947676134144373,0.11321791661327803,0.2837498253667187,0.19266152039279558,0.21098459756826451,0.12236908889566876,0.15108295145019177,0.34425501156299865,0.1212293181489433,0.07277334538799142,0.13173907636734042
2812.5,4031.795,4087.179,3974.359,4147.692,4068.718,0.12598951490628932,0.06694511311715845,0.07138562923903043,0.15947676134144373,0.11321791661327803,0.2837498253667187,0.19266152039279558,0.21098459756826451,0.12236908889566876,0.15108295145019177,0.34425501156299865,0.1212293181489433,0.07277334538799142,0.13173907636734042
2820.3125,4026.154,4103.077,3961.538,4150.256,4074.359,0.12598951490628932,0.06694511311715845,0.07138562923903043,0.15947676134144373,0.11321791661327803,0.2837498253667187,0.19266152039279558,0.21098459756826451,0.12236908889566876,0.15108295145019177,0.34425501156299865,0.1212293181489433,0.07277334538799142,0.13173907636734042
2828.125,4009.744,4108.718,3970.769,4143.077,4062.564,0.12598951490628932,0.06694511311715845,0.07138562923903043,0.15947676134144373,0.11321791661327803,0.2837498253667187,0.19266152039279558,0.21098459756826451,0.12236908889566876,0.15108295145019177,0.34425501156299865,0.1212293181489433,0.07277334538799142,0.13173907636734042
2835.9375,4008.718,4103.59,3975.385,4136.41,4066.154,0.12598951490628932,0.06694511311715845,0.07138562923903043,0.15947676134144373,0.11321791661327803,0.2837498253667187,0.19266152039279558,0.21098459756826451,0.12236908889566876,0.15108295145019177,0.34425501156299865,0.1212293181489433,0.07277334538799142,0.13173907636734042
2843.75,4035.385,4119.487,3972.308,4157.436,4095.897,0.12598951490628932,0.06694511311715845,0.07138562923903043,0.15947676134144373,0.11321791661327803,0.2837498253667187,0.19266152039279558,0.21098459756826451,0.12236908889566876,0.15108295145019177,0.34425501156299865,0.1212293181489433,0.07277334538799142,0.13173907636734042
2851.5625,4059.487,4126.667,3970.769,4173.333,4114.872,0.12598951490628932,0.06694511311715845,0.07138562923903043,0.15947676134144373,0.11321791661327803,0.2837498253667187,0.19266152039279558,0.21098459756826451,0.12236908889566876,0.15108295145019177,0.34425501156299865,0.1212293181489433,0.07277334538799142,0.13173907636734042
2859.375,4069.744,4116.41,3980.0,4156.41,4114.359,0.12598951490628932,0.06694511311715845,0.07138562923903043,0.15947676134144373,0.11321791661327803,0.2837498253667187,0.19266152039279558,0.21098459756826451,0.12236908889566876,0.15108295145019177,0.34425501156299865,0.1212293181489433,0.07277334538799142,0.13173907636734042
2867.1875,4064.615,4117.436,3993.333,4133.333,4102.564,0.12598951490628932,0.06694511311715845,0.07138562923903043,0.15947676134144373,0.11321791661327803,0.2837498253667187,0.19266152039279558,0.21098459756826451,0.12236908889566876,0.15108295145019177,0.34425501156299865,0.1212293181489433,0.07277334538799142,0.13173907636734042
2875.0,4048.718,4122.564,3986.154,4134.872,4094.872,0.12598951490628932,0.06694511311715845,0.07138562923903043,0.15947676134144373,0.11321791661327803,0.2837498253667187,0.19266152039279558,0.21098459756826451,0.12236908889566876,0.15108295145019177,0.34425501156299865,0.1212293181489433,0.07277334538799142,0.13173907636734042
2882.8125,4042.051,4126.667,3967.179,4156.923,4105.128,0.12598951490628932,0.06694511311715845,0.07138562923903043,0.15947676134144373,0.11321791661327803,0.2837498253667187,0.19266152039279558,0.21098459756826451,0.12236908889566876,0.15108295145019177,0.34425501156299865,0.1212293181489433,0.07277334538799142,0.13173907636734042
2890.625,4040.513,4129.231,3961.026,4163.077,4108.205,0.12598951490628932,0.06694511311715845,0.07138562923903043,0.15947676134144373,0.11321791661327803,0.2837498253667187,0.19266152039279558,0.21098459756826451,0.12236908889566876,0.15108295145019177,0.34425501156299865,0.1212293181489433,0.07277334538799142,0.13173907636734042
2898.4375,4037.949,4110.256,3961.538,4139.487,4086.667,0.12598951490628932,0.06694511311715845,0.07138562923903043,0.15947676134144373,0.11321791661327803,0.2837498253667187,0.19266152039279558,0.21098459756826451,0.12236908889566876,0.15108295145019177,0.34425501156299865,0.1212293181489433,0.07277334538799142,0.13173907636734042
2906.25,4047.179,4085.128,3960.513,4124.103,4074.359,0.12598951490628932,0.06694511311715845,0.07138562923903043,0.15947676134144373,0.11321791661327803,0.2837498253667187,0.19266152039279558,0.21098459756826451,0.12236908889566876,0.15108295145019177,0.34425501156299865,0.1212293181489433,0.07277334538799142,0.13173907636734042
2914.0625,4056.41,4101.538,3974.872,4140.0,4089.231,0.12598951490628932,0.06694511311715845,0.07138562923903043,0.15947676134144373,0.11321791661327803,0.2837498253667187,0.19266152039279558,0.21098459756826451,0.12236908889566876,0.15108295145019177,0.34425501156299865,0.1212293181489433,0.07277334538799142,0.13173907636734042
2921.875,4049.231,4138.462,4004.103,4149.744,4104.615,0.12598951490628932,0.06694511311715845,0.07138562923903043,0.15947676134144373,0.11321791661327803,0.2837498253667187,0.19266152039279558,0.21098459756826451,0.12236908889566876,0.15108295145019177,0.34425501156299865,0.1212293181489433,0.07277334538799142,0.13173907636734042
2929.6875,4044.103,4140.513,4005.128,4132.308,4100.513,0.12598951490628932,0.06694511311715845,0.07138562923903043,0.15947676134144373,0.11321791661327803,0.2837498253667187,0.19266152039279558,0.21098459756826451,0.12236908889566876,0.15108295145019177,0.34425501156299865,0.1212293181489433,0.07277334538799142,0.13173907636734042
2937.5,4056.923,4114.872,3972.821,4130.769,4103.59,0.12598951490628932,0.06694511311715845,0.07138562923903043,0.15947676134144373,0.11321791661327803,0.2837498253667187,0.19266152039279558,0.21098459756826451,0.12236908889566876,0.15108295145019177,0.34425501156299865,0.1212293181489433,0.07277334538799142,0.13173907636734042
2945.3125,4056.41,4100.0,3950.769,4145.641,4120.0,0.12598951490628932,0.06694511311715845,0.07138562923903043,0.15947676134144373,0.11321791661327803,0.2837498253667187,0.19266152039279558,0.21098459756826451,0.12236908889566876,0.15108295145019177,0.34425501156299865,0.1212293181489433,0.07277334538799142,0.13173907636734042
2953.125,4037.949,4097.436,3956.41,4136.923,4114.872,0.12598951490628932,0.06694511311715845,0.07138562923903043,0.15947676134144373,0.11321791661327803,0.2837498253667187,0.19266152039279558,0.21098459756826451,0.12236908889566876,0.15108295145019177,0.34425501156299865,0.1212293181489433,0.07277334538799142,0.13173907636734042
2960.9375,4043.077,4089.231,3965.641,4116.923,4089.744,0.12598951490628932,0.06694511311715845,0.07138562923903043,0.15947676134144373,0.11321791661327803,0.2837498253667187,0.19266152039279558,0.21098459756826451,0.12236908889566876,0.15108295145019177,0.34425501156299865,0.1212293181489433,0.07277334538799142,0.13173907636734042
2968.75,4064.615,4087.692,3964.103,4121.026,4078.974,0.12598951490628932,0.06694511311715845,0.07138562923903043,0.15947676134144373,0.11321791661327803,0.2837498253667187,0.19266152039279558,0.21098459756826451,0.12236908889566876,0.15108295145019177,0.34425501156299865,0.1212293181489433,0.07277334538799142,0.13173907636734042
2976.5625,4053.333,4107.692,3967.179,4127.692,4086.154,0.12598951490628932,0.06694511311715845,0.07138562923903043,0.15947676134144373,0.11321791661327803,0.2837498253667187,0.19266152039279558,0.21098459756826451,0.12236908889566876,0.15108295145019177,0.34425501156299865,0.1212293181489433,0.07277334538799142,0.13173907636734042
2984.375,4021.026,4115.385,3971.282,4106.667,4088.205,0.12598951490628932,0.06694511311715845,0.07138562923903043,0.15947676134144373,0.11321791661327803,0.2837498253667187,0.19266152039279558,0.21098459756826451,0.12236908889566876,0.15108295145019177,0.34425501156299865,0.1212293181489433,0.07277334538799142,0.13173907636734042
2992.1875,4022.051,4103.077,3969.231,4095.385,4089.231,0.12598951490628932,0.06694511311715845,0.07138562923903043,0.15947676134144373,0.11321791661327803,0.2837498253667187,0.19266152039279558,0.21098459756826451,0.12236908889566876,0.15108295145019177,0.34425501156299865,0.1212293181489433,0.07277334538799142,0.13173907636734042
