timestamp,AF3,T7,Pz,T8,AF4,AF3_theta,AF3_alpha,AF3_beta,T7_theta,T7_mu,T7_beta,Pz_alpha,Pz_beta,T8_theta,T8_mu,T8_beta,AF4_theta,AF4_alpha,AF4_beta
0.0,4221.538,4205.128,4100.513,4166.667,4209.231,0.08854920933510414,0.18447783573195625,0.33921653402848057,0.060712411664759186,0.1272355086064854,0.33250827575553554,0.2276349679685334,0.28262557166464874,0.10272815803613448,0.2219051309347233,0.21321016911142285,0.08004236537885674,0.20072207231038902,0.3402542323261629
7.8125,4225.641,4190.256,4110.769,4166.667,4195.385,0.08854920933510414,0.18447783573195625,0.33921653402848057,0.060712411664759186,0.1272355086064854,0.33250827575553554,0.2276349679685334,0.28262557166464874,0.10272815803613448,0.2219051309347233,0.21321016911142285,0.08004236537885674,0.20072207231038902,0.3402542323261629
15.625,4197.949,4165.128,4097.949,4130.256,4170.769,0.08854920933510414,0.18447783573195625,0.33921653402848057,0.060712411664759186,0.1272355086064854,0.33250827575553554,0.2276349679685334,0.28262557166464874,0.10272815803613448,0.2219051309347233,0.21321016911142285,0.08004236537885674,0.20072207231038902,0.3402542323261629
23.4375,4190.769,4176.41,4082.564,4125.128,4178.462,0.08854920933510414,0.18447783573195625,0.33921653402848057,0.060712411664759186,0.1272355086064854,0.33250827575553554,0.2276349679685334,0.28262557166464874,0.10272815803613448,0.2219051309347233,0.21321016911142285,0.08004236537885674,0.20072207231038902,0.3402542323261629
31.25,4212.308,4193.846,4097.949,4157.436,4194.359,0.08854920933510414,0.18447783573195625,0.33921653402848057,0.060712411664759186,0.1272355086064854,0.33250827575553554,0.2276349679685334,0.28262557166464874,0.10272815803613448,0.2219051309347233,0.21321016911142285,0.08004236537885674,0.20072207231038902,0.3402542323261629
39.0625,4207.179,4174.872,4102.051,4157.949,4180.0,0.08854920933510414,0.18447783573195625,0.33921653402848057,0.060712411664759186,0.1272355086064854,0.33250827575553554,0.2276349679685334,0.28262557166464874,0.10272815803613448,0.2219051309347233,0.21321016911142285,0.08004236537885674,0.20072207231038902,0.3402542323261629
46.875,4190.256,4163.077,4088.718,4134.872,4166.154,0.08854920933510414,0.18447783573195625,0.33921653402848057,0.060712411664759186,0.1272355086064854,0.33250827575553554,0.2276349679685334,0.28262557166464874,0.10272815803613448,0.2219051309347233,0.21321016911142285,0.08004236537885674,0.20072207231038902,0.3402542323261629
54.6875,4200.513,4187.179,4091.795,4137.949,4187.692,0.08854920933510414,0.18447783573195625,0.33921653402848057,0.060712411664759186,0.1272355086064854,0.33250827575553554,0.2276349679685334,0.28262557166464874,0.10272815803613448,0.2219051309347233,0.21321016911142285,0.08004236537885674,0.20072207231038902,0.3402542323261629
62.5,4219.487,4199.487,4099.487,4152.821,4205.641,0.08854920933510414,0.18447783573195625,0.33921653402848057,0.060712411664759186,0.1272355086064854,0.33250827575553554,0.2276349679685334,0.28262557166464874,0.10272815803613448,0.2219051309347233,0.21321016911142285,0.08004236537885674,0.20072207231038902,0.3402542323261629
70.3125,4222.564,4185.641,4108.718,4154.872,4195.385,0.08854920933510414,0.18447783573195625,0.33921653402848057,0.060712411664759186,0.1272355086064854,0.33250827575553554,0.2276349679685334,0.28262557166464874,0.10272815803613448,0.2219051309347233,0.21321016911142285,0.08004236537885674,0.20072207231038902,0.3402542323261629
78.125,4215.897,4181.026,4124.615,4146.154,4196.41,0.08854920933510414,0.18447783573195625,0.33921653402848057,0.060712411664759186,0.1272355086064854,0.33250827575553554,0.2276349679685334,0.28262557166464874,0.10272815803613448,0.2219051309347233,0.21321016911142285,0.08004236537885674,0.20072207231038902,0.3402542323261629
85.9375,4202.564,4182.564,4108.205,4127.692,4196.41,0.08854920933510414,0.18447783573195625,0.33921653402848057,0.060712411664759186,0.1272355086064854,0.33250827575553554,0.2276349679685334,0.28262557166464874,0.10272815803613448,0.2219051309347233,0.21321016911142285,0.08004236537885674,0.20072207231038902,0.3402542323261629
93.75,4202.051,4180.513,4075.385,4130.769,4189.744,0.08854920933510414,0.18447783573195625,0.33921653402848057,0.060712411664759186,0.1272355086064854,0.33250827575553554,0.2276349679685334,0.28262557166464874,0.10272815803613448,0.2219051309347233,0.21321016911142285,0.08004236537885674,0.20072207231038902,0.3402542323261629
101.5625,4219.487,4181.026,4074.359,4151.795,4197.949,0.08854920933510414,0.18447783573195625,0.33921653402848057,0.060712411664759186,0.1272355086064854,0.33250827575553554,0.2276349679685334,0.28262557166464874,0.10272815803613448,0.2219051309347233,0.21321016911142285,0.08004236537885674,0.20072207231038902,0.3402542323261629
109.375,4225.641,4182.051,4091.795,4144.103,4196.41,0.08854920933510414,0.18447783573195625,0.33921653402848057,0.060712411664759186,0.1272355086064854,0.33250827575553554,0.2276349679685334,0.28262557166464874,0.10272815803613448,0.2219051309347233,0.21321016911142285,0.08004236537885674,0.20072207231038902,0.3402542323261629
117.1875,4218.974,4190.769,4103.077,4128.205,4185.128,0.08854920933510414,0.18447783573195625,0.33921653402848057,0.060712411664759186,0.1272355086064854,0.33250827575553554,0.2276349679685334,0.28262557166464874,0.10272815803613448,0.2219051309347233,0.21321016911142285,0.08004236537885674,0.20072207231038902,0.3402542323261629
125.0,4220.0,4209.231,4107.179,4135.897,4205.128,0.08854920933510414,0.18447783573195625,0.33921653402848057,0.060712411664759186,0.1272355086064854,0.33250827575553554,0.2276349679685334,0.28262557166464874,0.10272815803613448,0.2219051309347233,0.21321016911142285,0.08004236537885674,0.20072207231038902,0.3402542323261629
132.8125,4226.154,4205.128,4109.231,4141.026,4216.41,0.08854920933510414,0.18447783573195625,0.33921653402848057,0.060712411664759186,0.1272355086064854,0.33250827575553554,0.2276349679685334,0.28262557166464874,0.10272815803613448,0.2219051309347233,0.21321016911142285,0.08004236537885674,0.20072207231038902,0.3402542323261629
140.625,4215.897,4174.872,4114.872,4127.692,4174.872,0.08854920933510414,0.18447783573195625,0.33921653402848057,0.060712411664759186,0.1272355086064854,0.33250827575553554,0.2276349679685334,0.28262557166464874,0.10272815803613448,0.2219051309347233,0.21321016911142285,0.08004236537885674,0.20072207231038902,0.3402542323261629
148.4375,4200.513,4166.154,4125.641,4128.718,4171.282,0.08854920933510414,0.18447783573195625,0.33921653402848057,0.060712411664759186,0.1272355086064854,0.33250827575553554,0.2276349679685334,0.28262557166464874,0.10272815803613448,0.2219051309347233,0.21321016911142285,0.08004236537885674,0.20072207231038902,0.3402542323261629
156.25,4197.436,4177.436,4109.231,4135.385,4210.769,0.08854920933510414,0.18447783573195625,0.33921653402848057,0.060712411664759186,0.1272355086064854,0.33250827575553554,0.2276349679685334,0.28262557166464874,0.10272815803613448,0.2219051309347233,0.21321016911142285,0.08004236537885674,0.20072207231038902,0.3402542323261629
164.0625,4197.436,4171.795,4069.744,4126.154,4202.564,0.08854920933510414,0.18447783573195625,0.33921653402848057,0.060712411664759186,0.1272355086064854,0.33250827575553554,0.2276349679685334,0.28262557166464874,0.10272815803613448,0.2219051309347233,0.21321016911142285,0.08004236537885674,0.20072207231038902,0.3402542323261629
171.875,4212.821,4177.949,4071.282,4138.974,4190.769,0.08854920933510414,0.18447783573195625,0.33921653402848057,0.060712411664759186,0.1272355086064854,0.33250827575553554,0.2276349679685334,0.28262557166464874,0.10272815803613448,0.2219051309347233,0.21321016911142285,0.08004236537885674,0.20072207231038902,0.3402542323261629
179.6875,4220.513,4191.282,4097.949,4151.795,4205.128,0.08854920933510414,0.18447783573195625,0.33921653402848057,0.060712411664759186,0.1272355086064854,0.33250827575553554,0.2276349679685334,0.28262557166464874,0.10272815803613448,0.2219051309347233,0.21321016911142285,0.08004236537885674,0.20072207231038902,0.3402542323261629
187.5,4197.436,4175.385,4092.308,4122.564,4186.154,0.08854920933510414,0.18447783573195625,0.33921653402848057,0.060712411664759186,0.1272355086064854,0.33250827575553554,0.2276349679685334,0.28262557166464874,0.10272815803613448,0.2219051309347233,0.21321016911142285,0.08004236537885674,0.20072207231038902,0.3402542323261629
195.3125,4185.641,4177.436,4080.0,4103.59,4167.692,0.08854920933510414,0.18447783573195625,0.33921653402848057,0.060712411664759186,0.1272355086064854,0.33250827575553554,0.2276349679685334,0.28262557166464874,0.10272815803613448,0.2219051309347233,0.21321016911142285,0.08004236537885674,0.20072207231038902,0.3402542323261629
203.125,4203.077,4206.667,4094.872,4130.256,4195.897,0.08854920933510414,0.18447783573195625,0.33921653402848057,0.060712411664759186,0.1272355086064854,0.33250827575553554,0.2276349679685334,0.28262557166464874,0.10272815803613448,0.2219051309347233,0.21321016911142285,0.08004236537885674,0.20072207231038902,0.3402542323261629
210.9375,4221.538,4202.564,4111.795,4155.897,4221.026,0.08854920933510414,0.18447783573195625,0.33921653402848057,0.060712411664759186,0.1272355086064854,0.33250827575553554,0.2276349679685334,0.28262557166464874,0.10272815803613448,0.2219051309347233,0.21321016911142285,0.08004236537885674,0.20072207231038902,0.3402542323261629
218.75,4234.872,4178.974,4123.59,4157.949,4224.103,0.08854920933510414,0.18447783573195625,0.33921653402848057,0.060712411664759186,0.1272355086064854,0.33250827575553554,0.2276349679685334,0.28262557166464874,0.10272815803613448,0.2219051309347233,0.21321016911142285,0.08004236537885674,0.20072207231038902,0.3402542323261629
226.5625,4245.641,4190.769,4146.154,4159.487,4225.641,0.08854920933510414,0.18447783573195625,0.33921653402848057,0.060712411664759186,0.1272355086064854,0.33250827575553554,0.2276349679685334,0.28262557166464874,0.10272815803613448,0.2219051309347233,0.21321016911142285,0.08004236537885674,0.20072207231038902,0.3402542323261629
234.375,4248.205,4215.385,4154.359,4168.205,4233.846,0.08854920933510414,0.18447783573195625,0.33921653402848057,0.060712411664759186,0.1272355086064854,0.33250827575553554,0.2276349679685334,0.28262557166464874,0.10272815803613448,0.2219051309347233,0.21321016911142285,0.08004236537885674,0.20072207231038902,0.3402542323261629
242.1875,4237.436,4202.051,4128.718,4157.949,4225.641,0.08854920933510414,0.18447783573195625,0.33921653402848057,0.060712411664759186,0.1272355086064854,0.33250827575553554,0.2276349679685334,0.28262557166464874,0.10272815803613448,0.2219051309347233,0.21321016911142285,0.08004236537885674,0.20072207231038902,0.3402542323261629
250.0,4216.41,4174.872,4109.231,4131.795,4190.769,0.08854920933510414,0.18447783573195625,0.33921653402848057,0.060712411664759186,0.1272355086064854,0.33250827575553554,0.2276349679685334,0.28262557166464874,0.10272815803613448,0.2219051309347233,0.21321016911142285,0.08004236537885674,0.20072207231038902,0.3402542323261629
257.8125,4207.692,4184.103,4126.154,4131.282,4186.667,0.08854920933510414,0.18447783573195625,0.33921653402848057,0.060712411664759186,0.1272355086064854,0.33250827575553554,0.2276349679685334,0.28262557166464874,0.10272815803613448,0.2219051309347233,0.21321016911142285,0.08004236537885674,0.20072207231038902,0.3402542323261629
265.625,4209.744,4199.487,4133.846,4149.231,4213.333,0.08854920933510414,0.18447783573195625,0.33921653402848057,0.060712411664759186,0.1272355086064854,0.33250827575553554,0.2276349679685334,0.28262557166464874,0.10272815803613448,0.2219051309347233,0.21321016911142285,0.08004236537885674,0.20072207231038902,0.3402542323261629
273.4375,4214.872,4192.821,4123.59,4152.821,4209.231,0.08854920933510414,0.18447783573195625,0.33921653402848057,0.060712411664759186,0.1272355086064854,0.33250827575553554,0.2276349679685334,0.28262557166464874,0.10272815803613448,0.2219051309347233,0.21321016911142285,0.08004236537885674,0.20072207231038902,0.3402542323261629
281.25,4240.513,4199.487,4140.513,4159.487,4207.179,0.08854920933510414,0.18447783573195625,0.33921653402848057,0.060712411664759186,0.1272355086064854,0.33250827575553554,0.2276349679685334,0.28262557166464874,0.10272815803613448,0.2219051309347233,0.21321016911142285,0.08004236537885674,0.20072207231038902,0.3402542323261629
289.0625,4261.026,4220.513,4160.0,4171.282,4244.615,0.08854920933510414,0.18447783573195625,0.33921653402848057,0.060712411664759186,0.1272355086064854,0.33250827575553554,0.2276349679685334,0.28262557166464874,0.10272815803613448,0.2219051309347233,0.21321016911142285,0.08004236537885674,0.20072207231038902,0.3402542323261629
296.875,4254.359,4216.923,4149.744,4166.667,4256.923,0.08854920933510414,0.18447783573195625,0.33921653402848057,0.060712411664759186,0.1272355086064854,0.33250827575553554,0.2276349679685334,0.28262557166464874,0.10272815803613448,0.2219051309347233,0.21321016911142285,0.08004236537885674,0.20072207231038902,0.3402542323261629
304.6875,4253.333,4197.436,4145.641,4157.949,4231.795,0.08854920933510414,0.18447783573195625,0.33921653402848057,0.060712411664759186,0.1272355086064854,0.33250827575553554,0.2276349679685334,0.28262557166464874,0.10272815803613448,0.2219051309347233,0.21321016911142285,0.08004236537885674,0.20072207231038902,0.3402542323261629
312.5,4251.282,4194.359,4145.641,4150.256,4214.359,0.08854920933510414,0.18447783573195625,0.33921653402848057,0.060712411664759186,0.1272355086064854,0.33250827575553554,0.2276349679685334,0.28262557166464874,0.10272815803613448,0.2219051309347233,0.21321016911142285,0.08004236537885674,0.20072207231038902,0.3402542323261629
320.3125,4229.231,4200.513,4121.538,4140.0,4213.846,0.08854920933510414,0.18447783573195625,0.33921653402848057,0.060712411664759186,0.1272355086064854,0.33250827575553554,0.2276349679685334,0.28262557166464874,0.10272815803613448,0.2219051309347233,0.21321016911142285,0.08004236537885674,0.20072207231038902,0.3402542323261629
328.125,4215.897,4187.692,4093.333,4135.385,4207.692,0.08854920933510414,0.18447783573195625,0.33921653402848057,0.060712411664759186,0.1272355086064854,0.33250827575553554,0.2276349679685334,0.28262557166464874,0.10272815803613448,0.2219051309347233,0.21321016911142285,0.08004236537885674,0.20072207231038902,0.3402542323261629
335.9375,4214.872,4167.179,4100.0,4128.205,4192.821,0.08854920933510414,0.18447783573195625,0.33921653402848057,0.060712411664759186,0.1272355086064854,0.33250827575553554,0.2276349679685334,0.28262557166464874,0.10272815803613448,0.2219051309347233,0.21321016911142285,0.08004236537885674,0.20072207231038902,0.3402542323261629
343.75,4214.872,4178.462,4125.641,4132.821,4200.513,0.08854920933510414,0.18447783573195625,0.33921653402848057,0.060712411664759186,0.1272355086064854,0.33250827575553554,0.2276349679685334,0.28262557166464874,0.10272815803613448,0.2219051309347233,0.21321016911142285,0.08004236537885674,0.20072207231038902,0.3402542323261629
351.5625,4224.103,4201.538,4125.641,4153.333,4223.077,0.08854920933510414,0.18447783573195625,0.33921653402848057,0.060712411664759186,0.1272355086064854,0.33250827575553554,0.2276349679685334,0.28262557166464874,0.10272815803613448,0.2219051309347233,0.21321016911142285,0.08004236537885674,0.20072207231038902,0.3402542323261629
359.375,4245.641,4203.077,4126.154,4162.564,4232.821,0.08854920933510414,0.18447783573195625,0.33921653402848057,0.060712411664759186,0.1272355086064854,0.33250827575553554,0.2276349679685334,0.28262557166464874,0.10272815803613448,0.2219051309347233,0.21321016911142285,0.08004236537885674,0.20072207231038902,0.3402542323261629
367.1875,4258.974,4209.744,4157.949,4160.0,4234.872,0.08854920933510414,0.18447783573195625,0.33921653402848057,0.060712411664759186,0.1272355086064854,0.33250827575553554,0.2276349679685334,0.28262557166464874,0.10272815803613448,0.2219051309347233,0.21321016911142285,0.08004236537885674,0.20072207231038902,0.3402542323261629
375.0,4251.282,4221.026,4169.231,4164.615,4238.974,0.08854920933510414,0.18447783573195625,0.33921653402848057,0.060712411664759186,0.1272355086064854,0.33250827575553554,0.2276349679685334,0.28262557166464874,0.10272815803613448,0.2219051309347233,0.21321016911142285,0.08004236537885674,0.20072207231038902,0.3402542323261629
382.8125,4246.154,4211.795,4153.333,4170.769,4241.538,0.08854920933510414,0.18447783573195625,0.33921653402848057,0.060712411664759186,0.1272355086064854,0.33250827575553554,0.2276349679685334,0.28262557166464874,0.10272815803613448,0.2219051309347233,0.21321016911142285,0.08004236537885674,0.20072207231038902,0.3402542323261629
390.625,4257.949,4208.205,4161.026,4170.256,4244.615,0.08854920933510414,0.18447783573195625,0.33921653402848057,0.060712411664759186,0.1272355086064854,0.33250827575553554,0.2276349679685334,0.28262557166464874,0.10272815803613448,0.2219051309347233,0.21321016911142285,0.08004236537885674,0.20072207231038902,0.3402542323261629
398.4375,4271.282,4219.487,4170.256,4171.795,4238.462,0.08854920933510414,0.18447783573195625,0.33921653402848057,0.060712411664759186,0.1272355086064854,0.33250827575553554,0.2276349679685334,0.28262557166464874,0.10272815803613448,0.2219051309347233,0.21321016911142285,0.08004236537885674,0.20072207231038902,0.3402542323261629
406.25,4271.282,4205.128,4149.744,4170.256,4222.051,0.08854920933510414,0.18447783573195625,0.33921653402848057,0.060712411664759186,0.1272355086064854,0.33250827575553554,0.2276349679685334,0.28262557166464874,0.10272815803613448,0.2219051309347233,0.21321016911142285,0.08004236537885674,0.20072207231038902,0.3402542323261629
414.0625,4259.487,4187.179,4144.103,4162.051,4228.205,0.08854920933510414,0.18447783573195625,0.33921653402848057,0.060712411664759186,0.1272355086064854,0.33250827575553554,0.2276349679685334,0.28262557166464874,0.10272815803613448,0.2219051309347233,0.21321016911142285,0.08004236537885674,0.20072207231038902,0.3402542323261629
421.875,4243.59,4201.538,4149.231,4162.564,4235.385,0.08854920933510414,0.18447783573195625,0.33921653402848057,0.060712411664759186,0.1272355086064854,0.33250827575553554,0.2276349679685334,0.28262557166464874,0.10272815803613448,0.2219051309347233,0.21321016911142285,0.08004236537885674,0.20072207231038902,0.3402542323261629
429.6875,4235.897,4198.974,4133.333,4155.385,4218.462,0.08854920933510414,0.18447783573195625,0.33921653402848057,0.060712411664759186,0.1272355086064854,0.33250827575553554,0.2276349679685334,0.28262557166464874,0.10272815803613448,0.2219051309347233,0.21321016911142285,0.08004236537885674,0.20072207231038902,0.3402542323261629
437.5,4228.205,4157.949,4113.846,4126.667,4187.179,0.08854920933510414,0.18447783573195625,0.33921653402848057,0.060712411664759186,0.1272355086064854,0.33250827575553554,0.2276349679685334,0.28262557166464874,0.10272815803613448,0.2219051309347233,0.21321016911142285,0.08004236537885674,0.20072207231038902,0.3402542323261629
445.3125,4211.282,4149.231,4108.718,4113.333,4162.051,0.08854920933510414,0.18447783573195625,0.33921653402848057,0.060712411664759186,0.1272355086064854,0.33250827575553554,0.2276349679685334,0.28262557166464874,0.10272815803613448,0.2219051309347233,0.21321016911142285,0.08004236537885674,0.20072207231038902,0.3402542323261629
453.125,4205.128,4175.897,4098.462,4131.282,4167.179,0.08854920933510414,0.18447783573195625,0.33921653402848057,0.060712411664759186,0.1272355086064854,0.33250827575553554,0.2276349679685334,0.28262557166464874,0.10272815803613448,0.2219051309347233,0.21321016911142285,0.08004236537885674,0.20072207231038902,0.3402542323261629
460.9375,4225.128,4183.59,4097.949,4149.231,4198.462,0.08854920933510414,0.18447783573195625,0.33921653402848057,0.060712411664759186,0.1272355086064854,0.33250827575553554,0.2276349679685334,0.28262557166464874,0.10272815803613448,0.2219051309347233,0.21321016911142285,0.08004236537885674,0.20072207231038902,0.3402542323261629
468.75,4243.59,4183.077,4126.154,4153.333,4209.744,0.08854920933510414,0.18447783573195625,0.33921653402848057,0.060712411664759186,0.1272355086064854,0.33250827575553554,0.2276349679685334,0.28262557166464874,0.10272815803613448,0.2219051309347233,0.21321016911142285,0.08004236537885674,0.20072207231038902,0.3402542323261629
476.5625,4231.282,4191.795,4140.0,4152.821,4196.41,0.08854920933510414,0.18447783573195625,0.33921653402848057,0.060712411664759186,0.1272355086064854,0.33250827575553554,0.2276349679685334,0.28262557166464874,0.10272815803613448,0.2219051309347233,0.21321016911142285,0.08004236537885674,0.20072207231038902,0.3402542323261629
484.375,4223.077,4188.718,4125.641,4158.974,4218.462,0.08854920933510414,0.18447783573195625,0.33921653402848057,0.060712411664759186,0.1272355086064854,0.33250827575553554,0.2276349679685334,0.28262557166464874,0.10272815803613448,0.2219051309347233,0.21321016911142285,0.08004236537885674,0.20072207231038902,0.3402542323261629
492.1875,4248.718,4182.564,4134.872,4165.641,4243.59,0.08854920933510414,0.18447783573195625,0.33921653402848057,0.060712411664759186,0.1272355086064854,0.33250827575553554,0.2276349679685334,0.28262557166464874,0.10272815803613448,0.2219051309347233,0.21321016911142285,0.08004236537885674,0.20072207231038902,0.3402542323261629
500.0,4265.641,4191.282,4162.051,4167.179,4223.077,0.08854920933510414,0.18447783573195625,0.33921653402848057,0.060712411664759186,0.1272355086064854,0.33250827575553554,0.2276349679685334,0.28262557166464874,0.10272815803613448,0.2219051309347233,0.21321016911142285,0.08004236537885674,0.20072207231038902,0.3402542323261629
507.8125,4236.41,4190.769,4148.205,4156.41,4201.026,0.08854920933510414,0.18447783573195625,0.33921653402848057,0.060712411664759186,0.1272355086064854,0.33250827575553554,0.2276349679685334,0.28262557166464874,0.10272815803613448,0.2219051309347233,0.21321016911142285,0.08004236537885674,0.20072207231038902,0.3402542323261629
515.625,4213.846,4175.897,4119.487,4141.026,4197.949,0.08854920933510414,0.18447783573195625,0.33921653402848057,0.060712411664759186,0.1272355086064854,0.33250827575553554,0.2276349679685334,0.28262557166464874,0.10272815803613448,0.2219051309347233,0.21321016911142285,0.08004236537885674,0.20072207231038902,0.3402542323261629
523.4375,4230.256,4174.359,4135.897,4135.897,4195.385,0.08854920933510414,0.18447783573195625,0.33921653402848057,0.060712411664759186,0.1272355086064854,0.33250827575553554,0.2276349679685334,0.28262557166464874,0.10272815803613448,0.2219051309347233,0.21321016911142285,0.08004236537885674,0.20072207231038902,0.3402542323261629
531.25,4232.308,4184.103,4147.692,4134.872,4189.744,0.08854920933510414,0.18447783573195625,0.33921653402848057,0.060712411664759186,0.1272355086064854,0.33250827575553554,0.2276349679685334,0.28262557166464874,0.10272815803613448,0.2219051309347233,0.21321016911142285,0.08004236537885674,0.20072207231038902,0.3402542323261629
539.0625,4208.205,4184.103,4116.923,4126.154,4184.615,0.08854920933510414,0.18447783573195625,0.33921653402848057,0.060712411664759186,0.1272355086064854,0.33250827575553554,0.2276349679685334,0.28262557166464874,0.10272815803613448,0.2219051309347233,0.21321016911142285,0.08004236537885674,0.20072207231038902,0.3402542323261629
546.875,4198.462,4172.308,4089.231,4120.513,4176.41,0.08854920933510414,0.18447783573195625,0.33921653402848057,0.060712411664759186,0.1272355086064854,0.33250827575553554,0.2276349679685334,0.28262557166464874,0.10272815803613448,0.2219051309347233,0.21321016911142285,0.08004236537885674,0.20072207231038902,0.3402542323261629
554.6875,4202.564,4160.0,4096.923,4129.231,4169.744,0.08854920933510414,0.18447783573195625,0.33921653402848057,0.060712411664759186,0.1272355086064854,0.33250827575553554,0.2276349679685334,0.28262557166464874,0.10272815803613448,0.2219051309347233,0.21321016911142285,0.08004236537885674,0.20072207231038902,0.3402542323261629
562.5,4203.077,4161.538,4115.897,4138.974,4175.897,0.08854920933510414,0.18447783573195625,0.33921653402848057,0.060712411664759186,0.1272355086064854,0.33250827575553554,0.2276349679685334,0.28262557166464874,0.10272815803613448,0.2219051309347233,0.21321016911142285,0.08004236537885674,0.20072207231038902,0.3402542323261629
570.3125,4206.667,4170.256,4114.359,4137.436,4193.333,0.08854920933510414,0.18447783573195625,0.33921653402848057,0.060712411664759186,0.1272355086064854,0.33250827575553554,0.2276349679685334,0.28262557166464874,0.10272815803613448,0.2219051309347233,0.21321016911142285,0.08004236537885674,0.20072207231038902,0.3402542323261629
578.125,4178.462,4148.205,4072.308,4108.718,4179.487,0.08854920933510414,0.18447783573195625,0.33921653402848057,0.060712411664759186,0.1272355086064854,0.33250827575553554,0.2276349679685334,0.28262557166464874,0.10272815803613448,0.2219051309347233,0.21321016911142285,0.08004236537885674,0.20072207231038902,0.3402542323261629
585.9375,4129.231,4110.256,4028.718,4069.231,4133.333,0.08854920933510414,0.18447783573195625,0.33921653402848057,0.060712411664759186,0.1272355086064854,0.33250827575553554,0.2276349679685334,0.28262557166464874,0.10272815803613448,0.2219051309347233,0.21321016911142285,0.08004236537885674,0.20072207231038902,0.3402542323261629
593.75,4157.949,4127.692,4064.103,4089.744,4154.359,0.08854920933510414,0.18447783573195625,0.33921653402848057,0.060712411664759186,0.1272355086064854,0.33250827575553554,0.2276349679685334,0.28262557166464874,0.10272815803613448,0.2219051309347233,0.21321016911142285,0.08004236537885674,0.20072207231038902,0.3402542323261629
601.5625,4231.795,4181.026,4141.026,4147.692,4220.0,0.08854920933510414,0.18447783573195625,0.33921653402848057,0.060712411664759186,0.1272355086064854,0.33250827575553554,0.2276349679685334,0.28262557166464874,0.10272815803613448,0.2219051309347233,0.21321016911142285,0.08004236537885674,0.20072207231038902,0.3402542323261629
609.375,4248.205,4207.179,4172.308,4166.667,4224.103,0.08854920933510414,0.18447783573195625,0.33921653402848057,0.060712411664759186,0.1272355086064854,0.33250827575553554,0.2276349679685334,0.28262557166464874,0.10272815803613448,0.2219051309347233,0.21321016911142285,0.08004236537885674,0.20072207231038902,0.3402542323261629
617.1875,4238.462,4213.333,4160.513,4162.564,4206.667,0.08854920933510414,0.18447783573195625,0.33921653402848057,0.060712411664759186,0.1272355086064854,0.33250827575553554,0.2276349679685334,0.28262557166464874,0.10272815803613448,0.2219051309347233,0.21321016911142285,0.08004236537885674,0.20072207231038902,0.3402542323261629
625.0,4232.308,4193.333,4125.641,4153.846,4205.641,0.08854920933510414,0.18447783573195625,0.33921653402848057,0.060712411664759186,0.1272355086064854,0.33250827575553554,0.2276349679685334,0.28262557166464874,0.10272815803613448,0.2219051309347233,0.21321016911142285,0.08004236537885674,0.20072207231038902,0.3402542323261629
632.8125,4207.692,4155.385,4104.103,4128.205,4189.744,0.08854920933510414,0.18447783573195625,0.33921653402848057,0.060712411664759186,0.1272355086064854,0.33250827575553554,0.2276349679685334,0.28262557166464874,0.10272815803613448,0.2219051309347233,0.21321016911142285,0.08004236537885674,0.20072207231038902,0.3402542323261629
640.625,4204.615,4164.615,4127.179,4124.615,4177.436,0.08854920933510414,0.18447783573195625,0.33921653402848057,0.060712411664759186,0.1272355086064854,0.33250827575553554,0.2276349679685334,0.28262557166464874,0.10272815803613448,0.2219051309347233,0.21321016911142285,0.08004236537885674,0.20072207231038902,0.3402542323261629
648.4375,4224.103,4197.436,4139.487,4142.564,4198.974,0.08854920933510414,0.18447783573195625,0.33921653402848057,0.060712411664759186,0.1272355086064854,0.33250827575553554,0.2276349679685334,0.28262557166464874,0.10272815803613448,0.2219051309347233,0.21321016911142285,0.08004236537885674,0.20072207231038902,0.3402542323261629
656.25,4223.077,4188.205,4113.333,4144.103,4211.282,0.08854920933510414,0.18447783573195625,0.33921653402848057,0.060712411664759186,0.1272355086064854,0.33250827575553554,0.2276349679685334,0.28262557166464874,0.10272815803613448,0.2219051309347233,0.21321016911142285,0.08004236537885674,0.20072207231038902,0.3402542323261629
664.0625,4221.538,4168.718,4115.897,4149.744,4192.308,0.08854920933510414,0.18447783573195625,0.33921653402848057,0.060712411664759186,0.1272355086064854,0.33250827575553554,0.2276349679685334,0.28262557166464874,0.10272815803613448,0.2219051309347233,0.21321016911142285,0.08004236537885674,0.20072207231038902,0.3402542323261629
671.875,4226.154,4183.59,4147.692,4164.615,4190.256,0.08854920933510414,0.18447783573195625,0.33921653402848057,0.060712411664759186,0.1272355086064854,0.33250827575553554,0.2276349679685334,0.28262557166464874,0.10272815803613448,0.2219051309347233,0.21321016911142285,0.08004236537885674,0.20072207231038902,0.3402542323261629
679.6875,4218.974,4202.564,4149.744,4157.949,4215.897,0.08854920933510414,0.18447783573195625,0.33921653402848057,0.060712411664759186,0.1272355086064854,0.33250827575553554,0.2276349679685334,0.28262557166464874,0.10272815803613448,0.2219051309347233,0.21321016911142285,0.08004236537885674,0.20072207231038902,0.3402542323261629
687.5,4218.462,4191.282,4127.179,4135.897,4215.897,0.08854920933510414,0.18447783573195625,0.33921653402848057,0.060712411664759186,0.1272355086064854,0.33250827575553554,0.2276349679685334,0.28262557166464874,0.10272815803613448,0.2219051309347233,0.21321016911142285,0.08004236537885674,0.20072207231038902,0.3402542323261629
695.3125,4216.41,4172.821,4121.026,4117.949,4183.59,0.08854920933510414,0.18447783573195625,0.33921653402848057,0.060712411664759186,0.1272355086064854,0.33250827575553554,0.2276349679685334,0.28262557166464874,0.10272815803613448,0.2219051309347233,0.21321016911142285,0.08004236537885674,0.20072207231038902,0.3402542323261629
703.125,4209.744,4187.692,4134.359,4126.154,4192.308,0.08854920933510414,0.18447783573195625,0.33921653402848057,0.060712411664759186,0.1272355086064854,0.33250827575553554,0.2276349679685334,0.28262557166464874,0.10272815803613448,0.2219051309347233,0.21321016911142285,0.08004236537885674,0.20072207231038902,0.3402542323261629
710.9375,4227.179,4204.615,4140.513,4153.846,4222.564,0.08854920933510414,0.18447783573195625,0.33921653402848057,0.060712411664759186,0.1272355086064854,0.33250827575553554,0.2276349679685334,0.28262557166464874,0.10272815803613448,0.2219051309347233,0.21321016911142285,0.08004236537885674,0.20072207231038902,0.3402542323261629
718.75,4253.846,4195.385,4150.769,4168.205,4213.333,0.08854920933510414,0.18447783573195625,0.33921653402848057,0.060712411664759186,0.1272355086064854,0.33250827575553554,0.2276349679685334,0.28262557166464874,0.10272815803613448,0.2219051309347233,0.21321016911142285,0.08004236537885674,0.20072207231038902,0.3402542323261629
726.5625,4251.795,4198.974,4168.205,4172.308,4215.385,0.08854920933510414,0.18447783573195625,0.33921653402848057,0.060712411664759186,0.1272355086064854,0.33250827575553554,0.2276349679685334,0.28262557166464874,0.10272815803613448,0.2219051309347233,0.21321016911142285,0.08004236537885674,0.20072207231038902,0.3402542323261629
734.375,4240.0,4206.667,4159.487,4182.051,4246.667,0.08854920933510414,0.18447783573195625,0.33921653402848057,0.060712411664759186,0.1272355086064854,0.33250827575553554,0.2276349679685334,0.28262557166464874,0.10272815803613448,0.2219051309347233,0.21321016911142285,0.08004236537885674,0.20072207231038902,0.3402542323261629
742.1875,4242.051,4192.821,4145.641,4188.205,4241.538,0.08854920933510414,0.18447783573195625,0.33921653402848057,0.060712411664759186,0.1272355086064854,0.33250827575553554,0.2276349679685334,0.28262557166464874,0.10272815803613448,0.2219051309347233,0.21321016911142285,0.08004236537885674,0.20072207231038902,0.3402542323261629
750.0,4235.385,4188.718,4153.333,4180.513,4201.538,0.08854920933510414,0.18447783573195625,0.33921653402848057,0.060712411664759186,0.1272355086064854,0.33250827575553554,0.2276349679685334,0.28262557166464874,0.10272815803613448,0.2219051309347233,0.21321016911142285,0.08004236537885674,0.20072207231038902,0.3402542323261629
757.8125,4219.487,4201.026,4146.154,4163.59,4197.949,0.08854920933510414,0.18447783573195625,0.33921653402848057,0.060712411664759186,0.1272355086064854,0.33250827575553554,0.2276349679685334,0.28262557166464874,0.10272815803613448,0.2219051309347233,0.21321016911142285,0.08004236537885674,0.20072207231038902,0.3402542323261629
765.625,4225.641,4201.538,4127.692,4156.41,4210.769,0.08854920933510414,0.18447783573195625,0.33921653402848057,0.060712411664759186,0.1272355086064854,0.33250827575553554,0.2276349679685334,0.28262557166464874,0.10272815803613448,0.2219051309347233,0.21321016911142285,0.08004236537885674,0.20072207231038902,0.3402542323261629
773.4375,4246.667,4205.641,4136.923,4162.051,4206.154,0.08854920933510414,0.18447783573195625,0.33921653402848057,0.060712411664759186,0.1272355086064854,0.33250827575553554,0.2276349679685334,0.28262557166464874,0.10272815803613448,0.2219051309347233,0.21321016911142285,0.08004236537885674,0.20072207231038902,0.3402542323261629
781.25,4247.692,4218.462,4138.462,4161.026,4220.0,0.08854920933510414,0.18447783573195625,0.33921653402848057,0.060712411664759186,0.1272355086064854,0.33250827575553554,0.2276349679685334,0.28262557166464874,0.10272815803613448,0.2219051309347233,0.21321016911142285,0.08004236537885674,0.20072207231038902,0.3402542323261629
789.0625,4238.974,4205.641,4113.333,4156.923,4235.897,0.08854920933510414,0.18447783573195625,0.33921653402848057,0.060712411664759186,0.1272355086064854,0.33250827575553554,0.2276349679685334,0.28262557166464874,0.10272815803613448,0.2219051309347233,0.21321016911142285,0.08004236537885674,0.20072207231038902,0.3402542323261629
796.875,4237.949,4183.077,4111.282,4159.487,4216.923,0.08854920933510414,0.18447783573195625,0.33921653402848057,0.060712411664759186,0.1272355086064854,0.33250827575553554,0.2276349679685334,0.28262557166464874,0.10272815803613448,0.2219051309347233,0.21321016911142285,0.08004236537885674,0.20072207231038902,0.3402542323261629
804.6875,4236.41,4193.846,4134.872,4159.487,4202.564,0.08854920933510414,0.18447783573195625,0.33921653402848057,0.060712411664759186,0.1272355086064854,0.33250827575553554,0.2276349679685334,0.28262557166464874,0.10272815803613448,0.2219051309347233,0.21321016911142285,0.08004236537885674,0.20072207231038902,0.3402542323261629
812.5,4234.872,4212.821,4133.846,4157.436,4212.308,0.08854920933510414,0.18447783573195625,0.33921653402848057,0.060712411664759186,0.1272355086064854,0.33250827575553554,0.2276349679685334,0.28262557166464874,0.10272815803613448,0.2219051309347233,0.21321016911142285,0.08004236537885674,0.20072207231038902,0.3402542323261629
820.3125,4237.436,4194.359,4113.846,4151.282,4204.615,0.08854920933510414,0.18447783573195625,0.33921653402848057,0.060712411664759186,0.1272355086064854,0.33250827575553554,0.2276349679685334,0.28262557166464874,0.10272815803613448,0.2219051309347233,0.21321016911142285,0.08004236537885674,0.20072207231038902,0.3402542323261629
828.125,4238.462,4174.872,4121.538,4136.41,4189.744,0.08854920933510414,0.18447783573195625,0.33921653402848057,0.060712411664759186,0.1272355086064854,0.33250827575553554,0.2276349679685334,0.28262557166464874,0.10272815803613448,0.2219051309347233,0.21321016911142285,0.08004236537885674,0.20072207231038902,0.3402542323261629
835.9375,4225.641,4181.538,4131.795,4121.026,4189.744,0.08854920933510414,0.18447783573195625,0.33921653402848057,0.060712411664759186,0.1272355086064854,0.33250827575553554,0.2276349679685334,0.28262557166464874,0.10272815803613448,0.2219051309347233,0.21321016911142285,0.08004236537885674,0.20072207231038902,0.3402542323261629
843.75,4226.667,4196.923,4124.103,4134.872,4203.59,0.08854920933510414,0.18447783573195625,0.33921653402848057,0.060712411664759186,0.1272355086064854,0.33250827575553554,0.2276349679685334,0.28262557166464874,0.10272815803613448,0.2219051309347233,0.21321016911142285,0.08004236537885674,0.20072207231038902,0.3402542323261629
851.5625,4242.051,4194.359,4132.821,4162.564,4214.872,0.08854920933510414,0.18447783573195625,0.33921653402848057,0.060712411664759186,0.1272355086064854,0.33250827575553554,0.2276349679685334,0.28262557166464874,0.10272815803613448,0.2219051309347233,0.21321016911142285,0.08004236537885674,0.20072207231038902,0.3402542323261629
859.375,4226.667,4167.179,4129.744,4151.282,4202.051,0.08854920933510414,0.18447783573195625,0.33921653402848057,0.060712411664759186,0.1272355086064854,0.33250827575553554,0.2276349679685334,0.28262557166464874,0.10272815803613448,0.2219051309347233,0.21321016911142285,0.08004236537885674,0.20072207231038902,0.3402542323261629
867.1875,4208.718,4164.103,4102.051,4131.282,4191.282,0.08854920933510414,0.18447783573195625,0.33921653402848057,0.060712411664759186,0.1272355086064854,0.33250827575553554,0.2276349679685334,0.28262557166464874,0.10272815803613448,0.2219051309347233,0.21321016911142285,0.08004236537885674,0.20072207231038902,0.3402542323261629
875.0,4235.385,4190.769,4108.718,4154.872,4207.179,0.08854920933510414,0.18447783573195625,0.33921653402848057,0.060712411664759186,0.1272355086064854,0.33250827575553554,0.2276349679685334,0.28262557166464874,0.10272815803613448,0.2219051309347233,0.21321016911142285,0.08004236537885674,0.20072207231038902,0.3402542323261629
882.8125,4260.513,4194.872,4146.154,4171.795,4222.564,0.08854920933510414,0.18447783573195625,0.33921653402848057,0.060712411664759186,0.1272355086064854,0.33250827575553554,0.2276349679685334,0.28262557166464874,0.10272815803613448,0.2219051309347233,0.21321016911142285,0.08004236537885674,0.20072207231038902,0.3402542323261629
890.625,4240.0,4187.179,4148.205,4141.538,4215.385,0.08854920933510414,0.18447783573195625,0.33921653402848057,0.060712411664759186,0.1272355086064854,0.33250827575553554,0.2276349679685334,0.28262557166464874,0.10272815803613448,0.2219051309347233,0.21321016911142285,0.08004236537885674,0.20072207231038902,0.3402542323261629
898.4375,4225.128,4201.026,4129.231,4124.103,4211.282,0.08854920933510414,0.18447783573195625,0.33921653402848057,0.060712411664759186,0.1272355086064854,0.33250827575553554,0.2276349679685334,0.28262557166464874,0.10272815803613448,0.2219051309347233,0.21321016911142285,0.08004236537885674,0.20072207231038902,0.3402542323261629
906.25,4230.769,4196.41,4125.128,4132.308,4208.718,0.08854920933510414,0.18447783573195625,0.33921653402848057,0.060712411664759186,0.1272355086064854,0.33250827575553554,0.2276349679685334,0.28262557166464874,0.10272815803613448,0.2219051309347233,0.21321016911142285,0.08004236537885674,0.20072207231038902,0.3402542323261629
914.0625,4224.615,4177.436,4121.026,4125.128,4192.308,0.08854920933510414,0.18447783573195625,0.33921653402848057,0.060712411664759186,0.1272355086064854,0.33250827575553554,0.2276349679685334,0.28262557166464874,0.10272815803613448,0.2219051309347233,0.21321016911142285,0.08004236537885674,0.20072207231038902,0.3402542323261629
921.875,4218.974,4195.385,4117.949,4122.051,4178.462,0.08854920933510414,0.18447783573195625,0.33921653402848057,0.060712411664759186,0.1272355086064854,0.33250827575553554,0.2276349679685334,0.28262557166464874,0.10272815803613448,0.2219051309347233,0.21321016911142285,0.08004236537885674,0.20072207231038902,0.3402542323261629
929.6875,4237.949,4212.308,4123.077,4143.59,4187.692,0.08854920933510414,0.18447783573195625,0.33921653402848057,0.060712411664759186,0.1272355086064854,0.33250827575553554,0.2276349679685334,0.28262557166464874,0.10272815803613448,0.2219051309347233,0.21321016911142285,0.08004236537885674,0.20072207231038902,0.3402542323261629
937.5,4261.026,4199.487,4131.282,4155.385,4213.846,0.08854920933510414,0.18447783573195625,0.33921653402848057,0.060712411664759186,0.1272355086064854,0.33250827575553554,0.2276349679685334,0.28262557166464874,0.10272815803613448,0.2219051309347233,0.21321016911142285,0.08004236537885674,0.20072207231038902,0.3402542323261629
945.3125,4260.513,4200.0,4132.821,4145.641,4230.256,0.08854920933510414,0.18447783573195625,0.33921653402848057,0.060712411664759186,0.1272355086064854,0.33250827575553554,0.2276349679685334,0.28262557166464874,0.10272815803613448,0.2219051309347233,0.21321016911142285,0.08004236537885674,0.20072207231038902,0.3402542323261629
953.125,4256.923,4209.231,4127.179,4143.077,4228.205,0.08854920933510414,0.18447783573195625,0.33921653402848057,0.060712411664759186,0.1272355086064854,0.33250827575553554,0.2276349679685334,0.28262557166464874,0.10272815803613448,0.2219051309347233,0.21321016911142285,0.08004236537885674,0.20072207231038902,0.3402542323261629
960.9375,4266.667,4197.949,4126.667,4146.154,4221.538,0.08854920933510414,0.18447783573195625,0.33921653402848057,0.060712411664759186,0.1272355086064854,0.33250827575553554,0.2276349679685334,0.28262557166464874,0.10272815803613448,0.2219051309347233,0.21321016911142285,0.08004236537885674,0.20072207231038902,0.3402542323261629
968.75,4268.205,4188.718,4125.641,4138.462,4220.513,0.08854920933510414,0.18447783573195625,0.33921653402848057,0.060712411664759186,0.1272355086064854,0.33250827575553554,0.2276349679685334,0.28262557166464874,0.10272815803613448,0.2219051309347233,0.21321016911142285,0.08004236537885674,0.20072207231038902,0.3402542323261629
976.5625,4257.436,4197.436,4113.846,4134.359,4221.538,0.08854920933510414,0.18447783573195625,0.33921653402848057,0.060712411664759186,0.1272355086064854,0.33250827575553554,0.2276349679685334,0.28262557166464874,0.10272815803613448,0.2219051309347233,0.21321016911142285,0.08004236537885674,0.20072207231038902,0.3402542323261629
984.375,4256.41,4200.0,4114.872,4139.487,4215.385,0.08854920933510414,0.18447783573195625,0.33921653402848057,0.060712411664759186,0.1272355086064854,0.33250827575553554,0.2276349679685334,0.28262557166464874,0.10272815803613448,0.2219051309347233,0.21321016911142285,0.08004236537885674,0.20072207231038902,0.3402542323261629
992.1875,4244.615,4186.667,4120.0,4123.077,4201.026,0.08854920933510414,0.18447783573195625,0.33921653402848057,0.060712411664759186,0.1272355086064854,0.33250827575553554,0.2276349679685334,0.28262557166464874,0.10272815803613448,0.2219051309347233,0.21321016911142285,0.08004236537885674,0.20072207231038902,0.3402542323261629
1000.0,4217.949,4183.077,4102.564,4101.538,4195.897,0.08854920933510414,0.18447783573195625,0.33921653402848057,0.060712411664759186,0.1272355086064854,0.33250827575553554,0.2276349679685334,0.28262557166464874,0.10272815803613448,0.2219051309347233,0.21321016911142285,0.08004236537885674,0.20072207231038902,0.3402542323261629
1007.8125,4230.256,4190.769,4097.949,4118.974,4201.538,0.08854920933510414,0.18447783573195625,0.33921653402848057,0.060712411664759186,0.1272355086064854,0.33250827575553554,0.2276349679685334,0.28262557166464874,0.10272815803613448,0.2219051309347233,0.21321016911142285,0.08004236537885674,0.20072207231038902,0.3402542323261629
1015.625,4262.051,4193.846,4115.385,4134.872,4200.513,0.08854920933510414,0.18447783573195625,0.33921653402848057,0.060712411664759186,0.1272355086064854,0.33250827575553554,0.2276349679685334,0.28262557166464874,0.10272815803613448,0.2219051309347233,0.21321016911142285,0.08004236537885674,0.20072207231038902,0.3402542323261629
1023.4375,4258.974,4200.0,4113.333,4122.564,4198.974,0.08854920933510414,0.18447783573195625,0.33921653402848057,0.060712411664759186,0.1272355086064854,0.33250827575553554,0.2276349679685334,0.28262557166464874,0.10272815803613448,0.2219051309347233,0.21321016911142285,0.08004236537885674,0.20072207231038902,0.3402542323261629
1031.25,4247.179,4203.077,4103.077,4122.564,4203.59,0.08854920933510414,0.18447783573195625,0.33921653402848057,0.060712411664759186,0.1272355086064854,0.33250827575553554,0.2276349679685334,0.28262557166464874,0.10272815803613448,0.2219051309347233,0.21321016911142285,0.08004236537885674,0.20072207231038902,0.3402542323261629
1039.0625,4252.821,4195.385,4119.487,4134.359,4210.256,0.08854920933510414,0.18447783573195625,0.33921653402848057,0.060712411664759186,0.1272355086064854,0.33250827575553554,0.2276349679685334,0.28262557166464874,0.10272815803613448,0.2219051309347233,0.21321016911142285,0.08004236537885674,0.20072207231038902,0.3402542323261629
1046.875,4250.769,4201.026,4136.41,4131.282,4223.59,0.08854920933510414,0.18447783573195625,0.33921653402848057,0.060712411664759186,0.1272355086064854,0.33250827575553554,0.2276349679685334,0.28262557166464874,0.10272815803613448,0.2219051309347233,0.21321016911142285,0.08004236537885674,0.20072207231038902,0.3402542323261629
1054.6875,4249.231,4214.872,4132.308,4130.256,4235.385,0.08854920933510414,0.18447783573195625,0.33921653402848057,0.060712411664759186,0.1272355086064854,0.33250827575553554,0.2276349679685334,0.28262557166464874,0.10272815803613448,0.2219051309347233,0.21321016911142285,0.08004236537885674,0.20072207231038902,0.3402542323261629
1062.5,4251.795,4198.974,4121.538,4123.59,4212.308,0.08854920933510414,0.18447783573195625,0.33921653402848057,0.060712411664759186,0.1272355086064854,0.33250827575553554,0.2276349679685334,0.28262557166464874,0.10272815803613448,0.2219051309347233,0.21321016911142285,0.08004236537885674,0.20072207231038902,0.3402542323261629
1070.3125,4241.538,4182.564,4114.872,4103.077,4186.667,0.08854920933510414,0.18447783573195625,0.33921653402848057,0.060712411664759186,0.1272355086064854,0.33250827575553554,0.2276349679685334,0.28262557166464874,0.10272815803613448,0.2219051309347233,0.21321016911142285,0.08004236537885674,0.20072207231038902,0.3402542323261629
1078.125,4242.051,4193.333,4116.41,4105.128,4202.051,0.08854920933510414,0.18447783573195625,0.33921653402848057,0.060712411664759186,0.1272355086064854,0.33250827575553554,0.2276349679685334,0.28262557166464874,0.10272815803613448,0.2219051309347233,0.21321016911142285,0.08004236537885674,0.20072207231038902,0.3402542323261629
1085.9375,4258.462,4194.359,4124.615,4124.103,4213.333,0.08854920933510414,0.18447783573195625,0.33921653402848057,0.060712411664759186,0.1272355086064854,0.33250827575553554,0.2276349679685334,0.28262557166464874,0.10272815803613448,0.2219051309347233,0.21321016911142285,0.08004236537885674,0.20072207231038902,0.3402542323261629
1093.75,4253.333,4187.692,4131.282,4127.692,4204.615,0.08854920933510414,0.18447783573195625,0.33921653402848057,0.060712411664759186,0.1272355086064854,0.33250827575553554,0.2276349679685334,0.28262557166464874,0.10272815803613448,0.2219051309347233,0.21321016911142285,0.08004236537885674,0.20072207231038902,0.3402542323261629
1101.5625,4237.436,4195.385,4126.667,4123.59,4210.769,0.08854920933510414,0.18447783573195625,0.33921653402848057,0.060712411664759186,0.1272355086064854,0.33250827575553554,0.2276349679685334,0.28262557166464874,0.10272815803613448,0.2219051309347233,0.21321016911142285,0.08004236537885674,0.20072207231038902,0.3402542323261629
1109.375,4250.769,4204.103,4134.872,4135.385,4223.077,0.08854920933510414,0.18447783573195625,0.33921653402848057,0.060712411664759186,0.1272355086064854,0.33250827575553554,0.2276349679685334,0.28262557166464874,0.10272815803613448,0.2219051309347233,0.21321016911142285,0.08004236537885674,0.20072207231038902,0.3402542323261629
1117.1875,4270.769,4207.692,4153.333,4146.667,4222.564,0.08854920933510414,0.18447783573195625,0.33921653402848057,0.060712411664759186,0.1272355086064854,0.33250827575553554,0.2276349679685334,0.28262557166464874,0.10272815803613448,0.2219051309347233,0.21321016911142285,0.08004236537885674,0.20072207231038902,0.3402542323261629
1125.0,4261.538,4208.718,4143.59,4139.487,4225.641,0.08854920933510414,0.18447783573195625,0.33921653402848057,0.060712411664759186,0.1272355086064854,0.33250827575553554,0.2276349679685334,0.28262557166464874,0.10272815803613448,0.2219051309347233,0.21321016911142285,0.08004236537885674,0.20072207231038902,0.3402542323261629
1132.8125,4246.154,4200.0,4126.667,4128.718,4227.179,0.08854920933510414,0.18447783573195625,0.33921653402848057,0.060712411664759186,0.1272355086064854,0.33250827575553554,0.2276349679685334,0.28262557166464874,0.10272815803613448,0.2219051309347233,0.21321016911142285,0.08004236537885674,0.20072207231038902,0.3402542323261629
1140.625,4242.051,4191.795,4132.308,4121.538,4211.282,0.08854920933510414,0.18447783573195625,0.33921653402848057,0.060712411664759186,0.1272355086064854,0.33250827575553554,0.2276349679685334,0.28262557166464874,0.10272815803613448,0.2219051309347233,0.21321016911142285,0.08004236537885674,0.20072207231038902,0.3402542323261629
1148.4375,4238.462,4200.513,4136.923,4116.923,4200.0,0.08854920933510414,0.18447783573195625,0.33921653402848057,0.060712411664759186,0.1272355086064854,0.33250827575553554,0.2276349679685334,0.28262557166464874,0.10272815803613448,0.2219051309347233,0.21321016911142285,0.08004236537885674,0.20072207231038902,0.3402542323261629
1156.25,4230.256,4198.974,4124.103,4116.923,4195.897,0.08854920933510414,0.18447783573195625,0.33921653402848057,0.060712411664759186,0.1272355086064854,0.33250827575553554,0.2276349679685334,0.28262557166464874,0.10272815803613448,0.2219051309347233,0.21321016911142285,0.08004236537885674,0.20072207231038902,0.3402542323261629
1164.0625,4230.769,4181.026,4122.051,4116.923,4194.872,0.08854920933510414,0.18447783573195625,0.33921653402848057,0.060712411664759186,0.1272355086064854,0.33250827575553554,0.2276349679685334,0.28262557166464874,0.10272815803613448,0.2219051309347233,0.21321016911142285,0.08004236537885674,0.20072207231038902,0.3402542323261629
1171.875,4246.667,4191.282,4132.308,4118.974,4215.385,0.08854920933510414,0.18447783573195625,0.33921653402848057,0.060712411664759186,0.1272355086064854,0.33250827575553554,0.2276349679685334,0.28262557166464874,0.10272815803613448,0.2219051309347233,0.21321016911142285,0.08004236537885674,0.20072207231038902,0.3402542323261629
1179.6875,4264.615,4217.949,4143.59,4126.667,4247.179,0.08854920933510414,0.18447783573195625,0.33921653402848057,0.060712411664759186,0.1272355086064854,0.33250827575553554,0.2276349679685334,0.28262557166464874,0.10272815803613448,0.2219051309347233,0.21321016911142285,0.08004236537885674,0.20072207231038902,0.3402542323261629
1187.5,4273.846,4226.154,4167.692,4136.41,4257.436,0.08854920933510414,0.18447783573195625,0.33921653402848057,0.060712411664759186,0.1272355086064854,0.33250827575553554,0.2276349679685334,0.28262557166464874,0.10272815803613448,0.2219051309347233,0.21321016911142285,0.08004236537885674,0.20072207231038902,0.3402542323261629
1195.3125,4274.872,4223.59,4174.872,4144.103,4250.256,0.08854920933510414,0.18447783573195625,0.33921653402848057,0.060712411664759186,0.1272355086064854,0.33250827575553554,0.2276349679685334,0.28262557166464874,0.10272815803613448,0.2219051309347233,0.21321016911142285,0.08004236537885674,0.20072207231038902,0.3402542323261629
1203.125,4265.641,4216.923,4149.744,4149.744,4234.872,0.08854920933510414,0.18447783573195625,0.33921653402848057,0.060712411664759186,0.1272355086064854,0.33250827575553554,0.2276349679685334,0.28262557166464874,0.10272815803613448,0.2219051309347233,0.21321016911142285,0.08004236537885674,0.20072207231038902,0.3402542323261629
1210.9375,4252.308,4214.872,4136.41,4144.615,4221.538,0.08854920933510414,0.18447783573195625,0.33921653402848057,0.060712411664759186,0.1272355086064854,0.33250827575553554,0.2276349679685334,0.28262557166464874,0.10272815803613448,0.2219051309347233,0.21321016911142285,0.08004236537885674,0.20072207231038902,0.3402542323261629
1218.75,4253.846,4226.154,4149.744,4143.59,4238.974,0.08854920933510414,0.18447783573195625,0.33921653402848057,0.060712411664759186,0.1272355086064854,0.33250827575553554,0.2276349679685334,0.28262557166464874,0.10272815803613448,0.2219051309347233,0.21321016911142285,0.08004236537885674,0.20072207231038902,0.3402542323261629
1226.5625,4268.718,4221.026,4155.385,4157.949,4259.487,0.08854920933510414,0.18447783573195625,0.33921653402848057,0.060712411664759186,0.1272355086064854,0.33250827575553554,0.2276349679685334,0.28262557166464874,0.10272815803613448,0.2219051309347233,0.21321016911142285,0.08004236537885674,0.20072207231038902,0.3402542323261629
1234.375,4272.308,4203.59,4145.641,4162.051,4249.231,0.08854920933510414,0.18447783573195625,0.33921653402848057,0.060712411664759186,0.1272355086064854,0.33250827575553554,0.2276349679685334,0.28262557166464874,0.10272815803613448,0.2219051309347233,0.21321016911142285,0.08004236537885674,0.20072207231038902,0.3402542323261629
1242.1875,4265.641,4211.282,4143.59,4151.282,4240.0,0.08854920933510414,0.18447783573195625,0.33921653402848057,0.060712411664759186,0.1272355086064854,0.33250827575553554,0.2276349679685334,0.28262557166464874,0.10272815803613448,0.2219051309347233,0.21321016911142285,0.08004236537885674,0.20072207231038902,0.3402542323261629
1250.0,4263.59,4225.128,4157.436,4145.128,4240.513,0.08854920933510414,0.18447783573195625,0.33921653402848057,0.060712411664759186,0.1272355086064854,0.33250827575553554,0.2276349679685334,0.28262557166464874,0.10272815803613448,0.2219051309347233,0.21321016911142285,0.08004236537885674,0.20072207231038902,0.3402542323261629
1257.8125,4269.744,4226.667,4171.795,4148.205,4233.333,0.08854920933510414,0.18447783573195625,0.33921653402848057,0.060712411664759186,0.1272355086064854,0.33250827575553554,0.2276349679685334,0.28262557166464874,0.10272815803613448,0.2219051309347233,0.21321016911142285,0.08004236537885674,0.20072207231038902,0.3402542323261629
1265.625,4272.308,4225.128,4169.231,4145.128,4238.462,0.08854920933510414,0.18447783573195625,0.33921653402848057,0.060712411664759186,0.1272355086064854,0.33250827575553554,0.2276349679685334,0.28262557166464874,0.10272815803613448,0.2219051309347233,0.21321016911142285,0.08004236537885674,0.20072207231038902,0.3402542323261629
1273.4375,4263.077,4222.564,4160.513,4131.795,4250.256,0.08854920933510414,0.18447783573195625,0.33921653402848057,0.060712411664759186,0.1272355086064854,0.33250827575553554,0.2276349679685334,0.28262557166464874,0.10272815803613448,0.2219051309347233,0.21321016911142285,0.08004236537885674,0.20072207231038902,0.3402542323261629
1281.25,4256.41,4222.051,4161.538,4131.282,4238.974,0.08854920933510414,0.18447783573195625,0.33921653402848057,0.060712411664759186,0.1272355086064854,0.33250827575553554,0.2276349679685334,0.28262557166464874,0.10272815803613448,0.2219051309347233,0.21321016911142285,0.08004236537885674,0.20072207231038902,0.3402542323261629
1289.0625,4254.872,4214.359,4161.026,4140.513,4228.718,0.08854920933510414,0.18447783573195625,0.33921653402848057,0.060712411664759186,0.1272355086064854,0.33250827575553554,0.2276349679685334,0.28262557166464874,0.10272815803613448,0.2219051309347233,0.21321016911142285,0.08004236537885674,0.20072207231038902,0.3402542323261629
1296.875,4248.205,4206.154,4155.385,4130.256,4237.436,0.08854920933510414,0.18447783573195625,0.33921653402848057,0.060712411664759186,0.1272355086064854,0.33250827575553554,0.2276349679685334,0.28262557166464874,0.10272815803613448,0.2219051309347233,0.21321016911142285,0.08004236537885674,0.20072207231038902,0.3402542323261629
1304.6875,4246.667,4216.923,4152.821,4121.538,4242.564,0.08854920933510414,0.18447783573195625,0.33921653402848057,0.060712411664759186,0.1272355086064854,0.33250827575553554,0.2276349679685334,0.28262557166464874,0.10272815803613448,0.2219051309347233,0.21321016911142285,0.08004236537885674,0.20072207231038902,0.3402542323261629
1312.5,4251.795,4221.026,4160.513,4130.256,4236.923,0.08854920933510414,0.18447783573195625,0.33921653402848057,0.060712411664759186,0.1272355086064854,0.33250827575553554,0.2276349679685334,0.28262557166464874,0.10272815803613448,0.2219051309347233,0.21321016911142285,0.08004236537885674,0.20072207231038902,0.3402542323261629
1320.3125,4248.718,4213.333,4164.615,4122.564,4241.026,0.08854920933510414,0.18447783573195625,0.33921653402848057,0.060712411664759186,0.1272355086064854,0.33250827575553554,0.2276349679685334,0.28262557166464874,0.10272815803613448,0.2219051309347233,0.21321016911142285,0.08004236537885674,0.20072207231038902,0.3402542323261629
1328.125,4245.128,4213.846,4150.256,4108.718,4253.333,0.08854920933510414,0.18447783573195625,0.33921653402848057,0.060712411664759186,0.1272355086064854,0.33250827575553554,0.2276349679685334,0.28262557166464874,0.10272815803613448,0.2219051309347233,0.21321016911142285,0.08004236537885674,0.20072207231038902,0.3402542323261629
1335.9375,4253.333,4218.974,4146.154,4116.923,4243.077,0.08854920933510414,0.18447783573195625,0.33921653402848057,0.060712411664759186,0.1272355086064854,0.33250827575553554,0.2276349679685334,0.28262557166464874,0.10272815803613448,0.2219051309347233,0.21321016911142285,0.08004236537885674,0.20072207231038902,0.3402542323261629
1343.75,4261.538,4227.692,4163.077,4133.846,4234.359,0.08854920933510414,0.18447783573195625,0.33921653402848057,0.060712411664759186,0.1272355086064854,0.33250827575553554,0.2276349679685334,0.28262557166464874,0.10272815803613448,0.2219051309347233,0.21321016911142285,0.08004236537885674,0.20072207231038902,0.3402542323261629
1351.5625,4263.59,4228.205,4170.256,4145.641,4253.333,0.08854920933510414,0.18447783573195625,0.33921653402848057,0.060712411664759186,0.1272355086064854,0.33250827575553554,0.2276349679685334,0.28262557166464874,0.10272815803613448,0.2219051309347233,0.21321016911142285,0.08004236537885674,0.20072207231038902,0.3402542323261629
1359.375,4256.923,4214.872,4166.667,4151.282,4260.0,0.08854920933510414,0.18447783573195625,0.33921653402848057,0.060712411664759186,0.1272355086064854,0.33250827575553554,0.2276349679685334,0.28262557166464874,0.10272815803613448,0.2219051309347233,0.21321016911142285,0.08004236537885674,0.20072207231038902,0.3402542323261629
1367.1875,4246.667,4214.872,4166.154,4148.718,4251.282,0.08854920933510414,0.18447783573195625,0.33921653402848057,0.060712411664759186,0.1272355086064854,0.33250827575553554,0.2276349679685334,0.28262557166464874,0.10272815803613448,0.2219051309347233,0.21321016911142285,0.08004236537885674,0.20072207231038902,0.3402542323261629
1375.0,4254.872,4227.692,4171.282,4146.667,4256.41,0.08854920933510414,0.18447783573195625,0.33921653402848057,0.060712411664759186,0.1272355086064854,0.33250827575553554,0.2276349679685334,0.28262557166464874,0.10272815803613448,0.2219051309347233,0.21321016911142285,0.08004236537885674,0.20072207231038902,0.3402542323261629
1382.8125,4266.154,4225.641,4172.821,4146.154,4258.974,0.08854920933510414,0.18447783573195625,0.33921653402848057,0.060712411664759186,0.1272355086064854,0.33250827575553554,0.2276349679685334,0.28262557166464874,0.10272815803613448,0.2219051309347233,0.21321016911142285,0.08004236537885674,0.20072207231038902,0.3402542323261629
1390.625,4256.41,4209.744,4150.256,4137.436,4239.487,0.08854920933510414,0.18447783573195625,0.33921653402848057,0.060712411664759186,0.1272355086064854,0.33250827575553554,0.2276349679685334,0.28262557166464874,0.10272815803613448,0.2219051309347233,0.21321016911142285,0.08004236537885674,0.20072207231038902,0.3402542323261629
1398.4375,4240.513,4196.923,4126.154,4115.897,4215.385,0.08854920933510414,0.18447783573195625,0.33921653402848057,0.060712411664759186,0.1272355086064854,0.33250827575553554,0.2276349679685334,0.28262557166464874,0.10272815803613448,0.2219051309347233,0.21321016911142285,0.08004236537885674,0.20072207231038902,0.3402542323261629
1406.25,4235.385,4196.923,4130.769,4097.436,4211.795,0.08854920933510414,0.18447783573195625,0.33921653402848057,0.060712411664759186,0.1272355086064854,0.33250827575553554,0.2276349679685334,0.28262557166464874,0.10272815803613448,0.2219051309347233,0.21321016911142285,0.08004236537885674,0.20072207231038902,0.3402542323261629
1414.0625,4246.154,4211.795,4137.436,4103.59,4235.385,0.08854920933510414,0.18447783573195625,0.33921653402848057,0.060712411664759186,0.1272355086064854,0.33250827575553554,0.2276349679685334,0.28262557166464874,0.10272815803613448,0.2219051309347233,0.21321016911142285,0.08004236537885674,0.20072207231038902,0.3402542323261629
1421.875,4257.436,4214.872,4133.333,4109.744,4250.256,0.08854920933510414,0.18447783573195625,0.33921653402848057,0.060712411664759186,0.1272355086064854,0.33250827575553554,0.2276349679685334,0.28262557166464874,0.10272815803613448,0.2219051309347233,0.21321016911142285,0.08004236537885674,0.20072207231038902,0.3402542323261629
1429.6875,4251.282,4206.667,4130.256,4093.846,4240.513,0.08854920933510414,0.18447783573195625,0.33921653402848057,0.060712411664759186,0.1272355086064854,0.33250827575553554,0.2276349679685334,0.28262557166464874,0.10272815803613448,0.2219051309347233,0.21321016911142285,0.08004236537885674,0.20072207231038902,0.3402542323261629
1437.5,4250.256,4213.846,4128.718,4100.0,4241.538,0.08854920933510414,0.18447783573195625,0.33921653402848057,0.060712411664759186,0.1272355086064854,0.33250827575553554,0.2276349679685334,0.28262557166464874,0.10272815803613448,0.2219051309347233,0.21321016911142285,0.08004236537885674,0.20072207231038902,0.3402542323261629
1445.3125,4259.487,4213.333,4131.795,4123.59,4237.436,0.08854920933510414,0.18447783573195625,0.33921653402848057,0.060712411664759186,0.1272355086064854,0.33250827575553554,0.2276349679685334,0.28262557166464874,0.10272815803613448,0.2219051309347233,0.21321016911142285,0.08004236537885674,0.20072207231038902,0.3402542323261629
1453.125,4248.205,4197.949,4126.667,4121.026,4217.949,0.08854920933510414,0.18447783573195625,0.33921653402848057,0.060712411664759186,0.1272355086064854,0.33250827575553554,0.2276349679685334,0.28262557166464874,0.10272815803613448,0.2219051309347233,0.21321016911142285,0.08004236537885674,0.20072207231038902,0.3402542323261629
1460.9375,4233.846,4200.513,4117.436,4123.59,4225.128,0.08854920933510414,0.18447783573195625,0.33921653402848057,0.060712411664759186,0.1272355086064854,0.33250827575553554,0.2276349679685334,0.28262557166464874,0.10272815803613448,0.2219051309347233,0.21321016911142285,0.08004236537885674,0.20072207231038902,0.3402542323261629
1468.75,4256.41,4219.487,4148.205,4148.205,4246.154,0.08854920933510414,0.18447783573195625,0.33921653402848057,0.060712411664759186,0.1272355086064854,0.33250827575553554,0.2276349679685334,0.28262557166464874,0.10272815803613448,0.2219051309347233,0.21321016911142285,0.08004236537885674,0.20072207231038902,0.3402542323261629
1476.5625,4279.487,4224.615,4181.026,4156.41,4255.897,0.08854920933510414,0.18447783573195625,0.33921653402848057,0.060712411664759186,0.1272355086064854,0.33250827575553554,0.2276349679685334,0.28262557166464874,0.10272815803613448,0.2219051309347233,0.21321016911142285,0.08004236537885674,0.20072207231038902,0.3402542323261629
1484.375,4276.923,4213.846,4170.769,4149.744,4261.538,0.08854920933510414,0.18447783573195625,0.33921653402848057,0.060712411664759186,0.1272355086064854,0.33250827575553554,0.2276349679685334,0.28262557166464874,0.10272815803613448,0.2219051309347233,0.21321016911142285,0.08004236537885674,0.20072207231038902,0.3402542323261629
1492.1875,4266.667,4212.308,4162.564,4143.077,4252.308,0.08854920933510414,0.18447783573195625,0.33921653402848057,0.060712411664759186,0.1272355086064854,0.33250827575553554,0.2276349679685334,0.28262557166464874,0.10272815803613448,0.2219051309347233,0.21321016911142285,0.08004236537885674,0.20072207231038902,0.3402542323261629
1500.0,4254.872,4216.923,4167.179,4133.846,4237.436,0.08854920933510414,0.18447783573195625,0.33921653402848057,0.060712411664759186,0.1272355086064854,0.33250827575553554,0.2276349679685334,0.28262557166464874,0.10272815803613448,0.2219051309347233,0.21321016911142285,0.08004236537885674,0.20072207231038902,0.3402542323261629
1507.8125,4251.795,4211.282,4158.974,4127.692,4247.692,0.08854920933510414,0.18447783573195625,0.33921653402848057,0.060712411664759186,0.1272355086064854,0.33250827575553554,0.2276349679685334,0.28262557166464874,0.10272815803613448,0.2219051309347233,0.21321016911142285,0.08004236537885674,0.20072207231038902,0.3402542323261629
1515.625,4253.846,4205.641,4158.462,4121.538,4251.282,0.08854920933510414,0.18447783573195625,0.33921653402848057,0.060712411664759186,0.1272355086064854,0.33250827575553554,0.2276349679685334,0.28262557166464874,0.10272815803613448,0.2219051309347233,0.21321016911142285,0.08004236537885674,0.20072207231038902,0.3402542323261629
1523.4375,4256.41,4219.487,4170.769,4118.974,4237.949,0.08854920933510414,0.18447783573195625,0.33921653402848057,0.060712411664759186,0.1272355086064854,0.33250827575553554,0.2276349679685334,0.28262557166464874,0.10272815803613448,0.2219051309347233,0.21321016911142285,0.08004236537885674,0.20072207231038902,0.3402542323261629
1531.25,4261.538,4220.513,4169.231,4125.128,4241.026,0.08854920933510414,0.18447783573195625,0.33921653402848057,0.060712411664759186,0.1272355086064854,0.33250827575553554,0.2276349679685334,0.28262557166464874,0.10272815803613448,0.2219051309347233,0.21321016911142285,0.08004236537885674,0.20072207231038902,0.3402542323261629
1539.0625,4250.256,4193.333,4153.333,4119.487,4241.538,0.08854920933510414,0.18447783573195625,0.33921653402848057,0.060712411664759186,0.1272355086064854,0.33250827575553554,0.2276349679685334,0.28262557166464874,0.10272815803613448,0.2219051309347233,0.21321016911142285,0.08004236537885674,0.20072207231038902,0.3402542323261629
1546.875,4235.385,4188.205,4134.359,4116.923,4233.333,0.08854920933510414,0.18447783573195625,0.33921653402848057,0.060712411664759186,0.1272355086064854,0.33250827575553554,0.2276349679685334,0.28262557166464874,0.10272815803613448,0.2219051309347233,0.21321016911142285,0.08004236537885674,0.20072207231038902,0.3402542323261629
1554.6875,4250.256,4203.077,4135.897,4140.513,4237.949,0.08854920933510414,0.18447783573195625,0.33921653402848057,0.060712411664759186,0.1272355086064854,0.33250827575553554,0.2276349679685334,0.28262557166464874,0.10272815803613448,0.2219051309347233,0.21321016911142285,0.08004236537885674,0.20072207231038902,0.3402542323261629
1562.5,4259.487,4201.026,4147.179,4145.128,4243.59,0.08854920933510414,0.18447783573195625,0.33921653402848057,0.060712411664759186,0.1272355086064854,0.33250827575553554,0.2276349679685334,0.28262557166464874,0.10272815803613448,0.2219051309347233,0.21321016911142285,0.08004236537885674,0.20072207231038902,0.3402542323261629
1570.3125,4242.564,4200.0,4135.897,4128.205,4241.538,0.08854920933510414,0.18447783573195625,0.33921653402848057,0.060712411664759186,0.1272355086064854,0.33250827575553554,0.2276349679685334,0.28262557166464874,0.10272815803613448,0.2219051309347233,0.21321016911142285,0.08004236537885674,0.20072207231038902,0.3402542323261629
1578.125,4247.692,4211.282,4131.282,4131.282,4238.974,0.08854920933510414,0.18447783573195625,0.33921653402848057,0.060712411664759186,0.1272355086064854,0.33250827575553554,0.2276349679685334,0.28262557166464874,0.10272815803613448,0.2219051309347233,0.21321016911142285,0.08004236537885674,0.20072207231038902,0.3402542323261629
1585.9375,4262.051,4212.308,4147.179,4136.41,4247.179,0.08854920933510414,0.18447783573195625,0.33921653402848057,0.060712411664759186,0.1272355086064854,0.33250827575553554,0.2276349679685334,0.28262557166464874,0.10272815803613448,0.2219051309347233,0.21321016911142285,0.08004236537885674,0.20072207231038902,0.3402542323261629
1593.75,4262.051,4206.154,4150.256,4135.385,4264.103,0.08854920933510414,0.18447783573195625,0.33921653402848057,0.060712411664759186,0.1272355086064854,0.33250827575553554,0.2276349679685334,0.28262557166464874,0.10272815803613448,0.2219051309347233,0.21321016911142285,0.08004236537885674,0.20072207231038902,0.3402542323261629
1601.5625,4264.615,4203.59,4148.718,4137.436,4256.41,0.08854920933510414,0.18447783573195625,0.33921653402848057,0.060712411664759186,0.1272355086064854,0.33250827575553554,0.2276349679685334,0.28262557166464874,0.10272815803613448,0.2219051309347233,0.21321016911142285,0.08004236537885674,0.20072207231038902,0.3402542323261629
1609.375,4258.974,4213.846,4156.923,4128.205,4241.026,0.08854920933510414,0.18447783573195625,0.33921653402848057,0.060712411664759186,0.1272355086064854,0.33250827575553554,0.2276349679685334,0.28262557166464874,0.10272815803613448,0.2219051309347233,0.21321016911142285,0.08004236537885674,0.20072207231038902,0.3402542323261629
1617.1875,4251.795,4226.667,4154.872,4117.436,4250.769,0.08854920933510414,0.18447783573195625,0.33921653402848057,0.060712411664759186,0.1272355086064854,0.33250827575553554,0.2276349679685334,0.28262557166464874,0.10272815803613448,0.2219051309347233,0.21321016911142285,0.08004236537885674,0.20072207231038902,0.3402542323261629
1625.0,4254.359,4213.333,4142.051,4117.949,4249.231,0.08854920933510414,0.18447783573195625,0.33921653402848057,0.060712411664759186,0.1272355086064854,0.33250827575553554,0.2276349679685334,0.28262557166464874,0.10272815803613448,0.2219051309347233,0.21321016911142285,0.08004236537885674,0.20072207231038902,0.3402542323261629
1632.8125,4252.308,4201.026,4127.692,4122.051,4231.795,0.08854920933510414,0.18447783573195625,0.33921653402848057,0.060712411664759186,0.1272355086064854,0.33250827575553554,0.2276349679685334,0.28262557166464874,0.10272815803613448,0.2219051309347233,0.21321016911142285,0.08004236537885674,0.20072207231038902,0.3402542323261629
1640.625,4251.282,4213.333,4119.487,4138.974,4236.923,0.08854920933510414,0.18447783573195625,0.33921653402848057,0.060712411664759186,0.1272355086064854,0.33250827575553554,0.2276349679685334,0.28262557166464874,0.10272815803613448,0.2219051309347233,0.21321016911142285,0.08004236537885674,0.20072207231038902,0.3402542323261629
1648.4375,4253.333,4217.436,4129.231,4152.308,4242.051,0.08854920933510414,0.18447783573195625,0.33921653402848057,0.060712411664759186,0.1272355086064854,0.33250827575553554,0.2276349679685334,0.28262557166464874,0.10272815803613448,0.2219051309347233,0.21321016911142285,0.08004236537885674,0.20072207231038902,0.3402542323261629
1656.25,4242.051,4208.718,4132.308,4144.615,4233.333,0.08854920933510414,0.18447783573195625,0.33921653402848057,0.060712411664759186,0.1272355086064854,0.33250827575553554,0.2276349679685334,0.28262557166464874,0.10272815803613448,0.2219051309347233,0.21321016911142285,0.08004236537885674,0.20072207231038902,0.3402542323261629
1664.0625,4243.59,4209.744,4117.436,4146.667,4240.513,0.08854920933510414,0.18447783573195625,0.33921653402848057,0.060712411664759186,0.1272355086064854,0.33250827575553554,0.2276349679685334,0.28262557166464874,0.10272815803613448,0.2219051309347233,0.21321016911142285,0.08004236537885674,0.20072207231038902,0.3402542323261629
1671.875,4254.359,4209.231,4120.0,4153.846,4251.795,0.08854920933510414,0.18447783573195625,0.33921653402848057,0.060712411664759186,0.1272355086064854,0.33250827575553554,0.2276349679685334,0.28262557166464874,0.10272815803613448,0.2219051309347233,0.21321016911142285,0.08004236537885674,0.20072207231038902,0.3402542323261629
1679.6875,4244.103,4209.744,4134.359,4141.538,4245.128,0.08854920933510414,0.18447783573195625,0.33921653402848057,0.060712411664759186,0.1272355086064854,0.33250827575553554,0.2276349679685334,0.28262557166464874,0.10272815803613448,0.2219051309347233,0.21321016911142285,0.08004236537885674,0.20072207231038902,0.3402542323261629
1687.5,4248.205,4218.974,4144.615,4142.051,4241.538,0.08854920933510414,0.18447783573195625,0.33921653402848057,0.060712411664759186,0.1272355086064854,0.33250827575553554,0.2276349679685334,0.28262557166464874,0.10272815803613448,0.2219051309347233,0.21321016911142285,0.08004236537885674,0.20072207231038902,0.3402542323261629
1695.3125,4266.154,4220.0,4156.41,4155.385,4261.026,0.08854920933510414,0.18447783573195625,0.33921653402848057,0.060712411664759186,0.1272355086064854,0.33250827575553554,0.2276349679685334,0.28262557166464874,0.10272815803613448,0.2219051309347233,0.21321016911142285,0.08004236537885674,0.20072207231038902,0.3402542323261629
1703.125,4263.077,4214.359,4155.897,4156.923,4275.385,0.08854920933510414,0.18447783573195625,0.33921653402848057,0.060712411664759186,0.1272355086064854,0.33250827575553554,0.2276349679685334,0.28262557166464874,0.10272815803613448,0.2219051309347233,0.21321016911142285,0.08004236537885674,0.20072207231038902,0.3402542323261629
1710.9375,4258.462,4210.256,4149.744,4165.641,4257.949,0.08854920933510414,0.18447783573195625,0.33921653402848057,0.060712411664759186,0.1272355086064854,0.33250827575553554,0.2276349679685334,0.28262557166464874,0.10272815803613448,0.2219051309347233,0.21321016911142285,0.08004236537885674,0.20072207231038902,0.3402542323261629
1718.75,4252.821,4207.692,4148.718,4175.385,4240.0,0.08854920933510414,0.18447783573195625,0.33921653402848057,0.060712411664759186,0.1272355086064854,0.33250827575553554,0.2276349679685334,0.28262557166464874,0.10272815803613448,0.2219051309347233,0.21321016911142285,0.08004236537885674,0.20072207231038902,0.3402542323261629
1726.5625,4237.949,4216.41,4135.897,4177.949,4251.795,0.08854920933510414,0.18447783573195625,0.33921653402848057,0.060712411664759186,0.1272355086064854,0.33250827575553554,0.2276349679685334,0.28262557166464874,0.10272815803613448,0.2219051309347233,0.21321016911142285,0.08004236537885674,0.20072207231038902,0.3402542323261629
1734.375,4237.949,4219.487,4123.077,4177.436,4253.846,0.08854920933510414,0.18447783573195625,0.33921653402848057,0.060712411664759186,0.1272355086064854,0.33250827575553554,0.2276349679685334,0.28262557166464874,0.10272815803613448,0.2219051309347233,0.21321016911142285,0.08004236537885674,0.20072207231038902,0.3402542323261629
1742.1875,4242.564,4208.718,4132.308,4161.538,4233.333,0.08854920933510414,0.18447783573195625,0.33921653402848057,0.060712411664759186,0.1272355086064854,0.33250827575553554,0.2276349679685334,0.28262557166464874,0.10272815803613448,0.2219051309347233,0.21321016911142285,0.08004236537885674,0.20072207231038902,0.3402542323261629
1750.0,4246.154,4215.897,4141.026,4146.667,4239.487,0.08854920933510414,0.18447783573195625,0.33921653402848057,0.060712411664759186,0.1272355086064854,0.33250827575553554,0.2276349679685334,0.28262557166464874,0.10272815803613448,0.2219051309347233,0.21321016911142285,0.08004236537885674,0.20072207231038902,0.3402542323261629
1757.8125,4266.667,4238.462,4143.077,4161.026,4269.231,0.08854920933510414,0.18447783573195625,0.33921653402848057,0.060712411664759186,0.1272355086064854,0.33250827575553554,0.2276349679685334,0.28262557166464874,0.10272815803613448,0.2219051309347233,0.21321016911142285,0.08004236537885674,0.20072207231038902,0.3402542323261629
1765.625,4273.333,4238.462,4142.051,4169.744,4269.744,0.08854920933510414,0.18447783573195625,0.33921653402848057,0.060712411664759186,0.1272355086064854,0.33250827575553554,0.2276349679685334,0.28262557166464874,0.10272815803613448,0.2219051309347233,0.21321016911142285,0.08004236537885674,0.20072207231038902,0.3402542323261629
1773.4375,4256.41,4222.051,4131.282,4154.359,4240.513,0.08854920933510414,0.18447783573195625,0.33921653402848057,0.060712411664759186,0.1272355086064854,0.33250827575553554,0.2276349679685334,0.28262557166464874,0.10272815803613448,0.2219051309347233,0.21321016911142285,0.08004236537885674,0.20072207231038902,0.3402542323261629
1781.25,4253.333,4220.0,4133.846,4160.513,4238.974,0.08854920933510414,0.18447783573195625,0.33921653402848057,0.060712411664759186,0.1272355086064854,0.33250827575553554,0.2276349679685334,0.28262557166464874,0.10272815803613448,0.2219051309347233,0.21321016911142285,0.08004236537885674,0.20072207231038902,0.3402542323261629
1789.0625,4256.923,4229.744,4145.641,4181.026,4256.41,0.08854920933510414,0.18447783573195625,0.33921653402848057,0.060712411664759186,0.1272355086064854,0.33250827575553554,0.2276349679685334,0.28262557166464874,0.10272815803613448,0.2219051309347233,0.21321016911142285,0.08004236537885674,0.20072207231038902,0.3402542323261629
1796.875,4256.41,4229.231,4147.692,4184.615,4254.359,0.08854920933510414,0.18447783573195625,0.33921653402848057,0.060712411664759186,0.1272355086064854,0.33250827575553554,0.2276349679685334,0.28262557166464874,0.10272815803613448,0.2219051309347233,0.21321016911142285,0.08004236537885674,0.20072207231038902,0.3402542323261629
1804.6875,4257.949,4216.923,4149.744,4178.462,4241.538,0.08854920933510414,0.18447783573195625,0.33921653402848057,0.060712411664759186,0.1272355086064854,0.33250827575553554,0.2276349679685334,0.28262557166464874,0.10272815803613448,0.2219051309347233,0.21321016911142285,0.08004236537885674,0.20072207231038902,0.3402542323261629
1812.5,4256.923,4217.436,4151.795,4175.897,4248.205,0.08854920933510414,0.18447783573195625,0.33921653402848057,0.060712411664759186,0.1272355086064854,0.33250827575553554,0.2276349679685334,0.28262557166464874,0.10272815803613448,0.2219051309347233,0.21321016911142285,0.08004236537885674,0.20072207231038902,0.3402542323261629
1820.3125,4260.0,4224.103,4157.436,4180.513,4262.564,0.08854920933510414,0.18447783573195625,0.33921653402848057,0.060712411664759186,0.1272355086064854,0.33250827575553554,0.2276349679685334,0.28262557166464874,0.10272815803613448,0.2219051309347233,0.21321016911142285,0.08004236537885674,0.20072207231038902,0.3402542323261629
1828.125,4258.462,4220.513,4171.795,4178.462,4252.821,0.08854920933510414,0.18447783573195625,0.33921653402848057,0.060712411664759186,0.1272355086064854,0.33250827575553554,0.2276349679685334,0.28262557166464874,0.10272815803613448,0.2219051309347233,0.21321016911142285,0.08004236537885674,0.20072207231038902,0.3402542323261629
1835.9375,4253.846,4210.769,4173.846,4173.333,4246.154,0.08854920933510414,0.18447783573195625,0.33921653402848057,0.060712411664759186,0.1272355086064854,0.33250827575553554,0.2276349679685334,0.28262557166464874,0.10272815803613448,0.2219051309347233,0.21321016911142285,0.08004236537885674,0.20072207231038902,0.3402542323261629
1843.75,4257.436,4202.564,4161.026,4171.282,4250.769,0.08854920933510414,0.18447783573195625,0.33921653402848057,0.060712411664759186,0.1272355086064854,0.33250827575553554,0.2276349679685334,0.28262557166464874,0.10272815803613448,0.2219051309347233,0.21321016911142285,0.08004236537885674,0.20072207231038902,0.3402542323261629
1851.5625,4257.436,4208.205,4147.179,4165.641,4253.333,0.08854920933510414,0.18447783573195625,0.33921653402848057,0.060712411664759186,0.1272355086064854,0.33250827575553554,0.2276349679685334,0.28262557166464874,0.10272815803613448,0.2219051309347233,0.21321016911142285,0.08004236537885674,0.20072207231038902,0.3402542323261629
1859.375,4252.308,4222.564,4133.846,4155.897,4253.846,0.08854920933510414,0.18447783573195625,0.33921653402848057,0.060712411664759186,0.1272355086064854,0.33250827575553554,0.2276349679685334,0.28262557166464874,0.10272815803613448,0.2219051309347233,0.21321016911142285,0.08004236537885674,0.20072207231038902,0.3402542323261629
1867.1875,4262.564,4225.128,4140.513,4149.231,4247.179,0.08854920933510414,0.18447783573195625,0.33921653402848057,0.060712411664759186,0.1272355086064854,0.33250827575553554,0.2276349679685334,0.28262557166464874,0.10272815803613448,0.2219051309347233,0.21321016911142285,0.08004236537885674,0.20072207231038902,0.3402542323261629
1875.0,4265.641,4230.769,4154.359,4145.128,4239.487,0.08854920933510414,0.18447783573195625,0.33921653402848057,0.060712411664759186,0.1272355086064854,0.33250827575553554,0.2276349679685334,0.28262557166464874,0.10272815803613448,0.2219051309347233,0.21321016911142285,0.08004236537885674,0.20072207231038902,0.3402542323261629
1882.8125,4252.308,4240.0,4133.846,4137.436,4238.974,0.08854920933510414,0.18447783573195625,0.33921653402848057,0.060712411664759186,0.1272355086064854,0.33250827575553554,0.2276349679685334,0.28262557166464874,0.10272815803613448,0.2219051309347233,0.21321016911142285,0.08004236537885674,0.20072207231038902,0.3402542323261629
1890.625,4255.385,4229.744,4119.487,4132.308,4236.923,0.08854920933510414,0.18447783573195625,0.33921653402848057,0.060712411664759186,0.1272355086064854,0.33250827575553554,0.2276349679685334,0.28262557166464874,0.10272815803613448,0.2219051309347233,0.21321016911142285,0.08004236537885674,0.20072207231038902,0.3402542323261629
1898.4375,4257.949,4216.923,4124.103,4127.692,4227.179,0.08854920933510414,0.18447783573195625,0.33921653402848057,0.060712411664759186,0.1272355086064854,0.33250827575553554,0.2276349679685334,0.28262557166464874,0.10272815803613448,0.2219051309347233,0.21321016911142285,0.08004236537885674,0.20072207231038902,0.3402542323261629
1906.25,4245.641,4217.949,4104.615,4129.231,4226.154,0.08854920933510414,0.18447783573195625,0.33921653402848057,0.060712411664759186,0.1272355086064854,0.33250827575553554,0.2276349679685334,0.28262557166464874,0.10272815803613448,0.2219051309347233,0.21321016911142285,0.08004236537885674,0.20072207231038902,0.3402542323261629
1914.0625,4240.0,4208.718,4099.487,4135.385,4229.231,0.08854920933510414,0.18447783573195625,0.33921653402848057,0.060712411664759186,0.1272355086064854,0.33250827575553554,0.2276349679685334,0.28262557166464874,0.10272815803613448,0.2219051309347233,0.21321016911142285,0.08004236537885674,0.20072207231038902,0.3402542323261629
1921.875,4245.641,4200.513,4129.231,4131.282,4230.256,0.08854920933510414,0.18447783573195625,0.33921653402848057,0.060712411664759186,0.1272355086064854,0.33250827575553554,0.2276349679685334,0.28262557166464874,0.10272815803613448,0.2219051309347233,0.21321016911142285,0.08004236537885674,0.20072207231038902,0.3402542323261629
1929.6875,4256.41,4204.615,4132.308,4134.872,4241.026,0.08854920933510414,0.18447783573195625,0.33921653402848057,0.060712411664759186,0.1272355086064854,0.33250827575553554,0.2276349679685334,0.28262557166464874,0.10272815803613448,0.2219051309347233,0.21321016911142285,0.08004236537885674,0.20072207231038902,0.3402542323261629
1937.5,4260.0,4204.615,4120.513,4151.795,4248.718,0.08854920933510414,0.18447783573195625,0.33921653402848057,0.060712411664759186,0.1272355086064854,0.33250827575553554,0.2276349679685334,0.28262557166464874,0.10272815803613448,0.2219051309347233,0.21321016911142285,0.08004236537885674,0.20072207231038902,0.3402542323261629
1945.3125,4254.872,4205.128,4137.949,4160.0,4252.821,0.08854920933510414,0.18447783573195625,0.33921653402848057,0.060712411664759186,0.1272355086064854,0.33250827575553554,0.2276349679685334,0.28262557166464874,0.10272815803613448,0.2219051309347233,0.21321016911142285,0.08004236537885674,0.20072207231038902,0.3402542323261629
1953.125,4262.564,4213.846,4150.769,4166.154,4263.59,0.08854920933510414,0.18447783573195625,0.33921653402848057,0.060712411664759186,0.1272355086064854,0.33250827575553554,0.2276349679685334,0.28262557166464874,0.10272815803613448,0.2219051309347233,0.21321016911142285,0.08004236537885674,0.20072207231038902,0.3402542323261629
1960.9375,4283.59,4223.077,4151.282,4178.462,4272.308,0.08854920933510414,0.18447783573195625,0.33921653402848057,0.060712411664759186,0.1272355086064854,0.33250827575553554,0.2276349679685334,0.28262557166464874,0.10272815803613448,0.2219051309347233,0.21321016911142285,0.08004236537885674,0.20072207231038902,0.3402542323261629
1968.75,4287.179,4228.205,4154.872,4174.872,4274.872,0.08854920933510414,0.18447783573195625,0.33921653402848057,0.060712411664759186,0.1272355086064854,0.33250827575553554,0.2276349679685334,0.28262557166464874,0.10272815803613448,0.2219051309347233,0.21321016911142285,0.08004236537885674,0.20072207231038902,0.3402542323261629
1976.5625,4275.385,4226.154,4149.744,4161.026,4262.564,0.08854920933510414,0.18447783573195625,0.33921653402848057,0.060712411664759186,0.1272355086064854,0.33250827575553554,0.2276349679685334,0.28262557166464874,0.10272815803613448,0.2219051309347233,0.21321016911142285,0.08004236537885674,0.20072207231038902,0.3402542323261629
1984.375,4267.179,4229.231,4146.154,4154.872,4248.718,0.08854920933510414,0.18447783573195625,0.33921653402848057,0.060712411664759186,0.1272355086064854,0.33250827575553554,0.2276349679685334,0.28262557166464874,0.10272815803613448,0.2219051309347233,0.21321016911142285,0.08004236537885674,0.20072207231038902,0.3402542323261629
1992.1875,4262.051,4235.897,4141.026,4147.692,4254.872,0.08854920933510414,0.18447783573195625,0.33921653402848057,0.060712411664759186,0.1272355086064854,0.33250827575553554,0.2276349679685334,0.28262557166464874,0.10272815803613448,0.2219051309347233,0.21321016911142285,0.08004236537885674,0.20072207231038902,0.3402542323261629
2000.0,4260.0,4229.231,4128.205,4144.103,4260.513,0.08854920933510414,0.18447783573195625,0.33921653402848057,0.060712411664759186,0.1272355086064854,0.33250827575553554,0.2276349679685334,0.28262557166464874,0.10272815803613448,0.2219051309347233,0.21321016911142285,0.08004236537885674,0.20072207231038902,0.3402542323261629
2007.8125,4258.974,4219.487,4124.103,4142.564,4243.077,0.08854920933510414,0.18447783573195625,0.33921653402848057,0.060712411664759186,0.1272355086064854,0.33250827575553554,0.2276349679685334,0.28262557166464874,0.10272815803613448,0.2219051309347233,0.21321016911142285,0.08004236537885674,0.20072207231038902,0.3402542323261629
2015.625,4252.308,4220.513,4119.487,4137.436,4226.667,0.08854920933510414,0.18447783573195625,0.33921653402848057,0.060712411664759186,0.1272355086064854,0.33250827575553554,0.2276349679685334,0.28262557166464874,0.10272815803613448,0.2219051309347233,0.21321016911142285,0.08004236537885674,0.20072207231038902,0.3402542323261629
2023.4375,4251.795,4216.41,4111.795,4145.641,4241.026,0.08854920933510414,0.18447783573195625,0.33921653402848057,0.060712411664759186,0.1272355086064854,0.33250827575553554,0.2276349679685334,0.28262557166464874,0.10272815803613448,0.2219051309347233,0.21321016911142285,0.08004236537885674,0.20072207231038902,0.3402542323261629
2031.25,4261.026,4218.462,4125.641,4161.538,4263.077,0.08854920933510414,0.18447783573195625,0.33921653402848057,0.060712411664759186,0.1272355086064854,0.33250827575553554,0.2276349679685334,0.28262557166464874,0.10272815803613448,0.2219051309347233,0.21321016911142285,0.08004236537885674,0.20072207231038902,0.3402542323261629
2039.0625,4270.769,4235.385,4146.154,4170.769,4271.282,0.08854920933510414,0.18447783573195625,0.33921653402848057,0.060712411664759186,0.1272355086064854,0.33250827575553554,0.2276349679685334,0.28262557166464874,0.10272815803613448,0.2219051309347233,0.21321016911142285,0.08004236537885674,0.20072207231038902,0.3402542323261629
2046.875,4277.436,4233.846,4157.949,4180.513,4269.231,0.08854920933510414,0.18447783573195625,0.33921653402848057,0.060712411664759186,0.1272355086064854,0.33250827575553554,0.2276349679685334,0.28262557166464874,0.10272815803613448,0.2219051309347233,0.21321016911142285,0.08004236537885674,0.20072207231038902,0.3402542323261629
2054.6875,4275.385,4220.513,4164.615,4183.59,4271.795,0.08854920933510414,0.18447783573195625,0.33921653402848057,0.060712411664759186,0.1272355086064854,0.33250827575553554,0.2276349679685334,0.28262557166464874,0.10272815803613448,0.2219051309347233,0.21321016911142285,0.08004236537885674,0.20072207231038902,0.3402542323261629
2062.5,4267.692,4227.179,4153.333,4175.897,4268.718,0.08854920933510414,0.18447783573195625,0.33921653402848057,0.060712411664759186,0.1272355086064854,0.33250827575553554,0.2276349679685334,0.28262557166464874,0.10272815803613448,0.2219051309347233,0.21321016911142285,0.08004236537885674,0.20072207231038902,0.3402542323261629
2070.3125,4258.974,4225.641,4138.974,4162.564,4244.615,0.08854920933510414,0.18447783573195625,0.33921653402848057,0.060712411664759186,0.1272355086064854,0.33250827575553554,0.2276349679685334,0.28262557166464874,0.10272815803613448,0.2219051309347233,0.21321016911142285,0.08004236537885674,0.20072207231038902,0.3402542323261629
2078.125,4245.641,4207.179,4137.436,4145.641,4228.205,0.08854920933510414,0.18447783573195625,0.33921653402848057,0.060712411664759186,0.1272355086064854,0.33250827575553554,0.2276349679685334,0.28262557166464874,0.10272815803613448,0.2219051309347233,0.21321016911142285,0.08004236537885674,0.20072207231038902,0.3402542323261629
2085.9375,4233.333,4213.846,4127.179,4140.0,4236.923,0.08854920933510414,0.18447783573195625,0.33921653402848057,0.060712411664759186,0.1272355086064854,0.33250827575553554,0.2276349679685334,0.28262557166464874,0.10272815803613448,0.2219051309347233,0.21321016911142285,0.08004236537885674,0.20072207231038902,0.3402542323261629
2093.75,4240.513,4230.256,4118.974,4148.718,4245.128,0.08854920933510414,0.18447783573195625,0.33921653402848057,0.060712411664759186,0.1272355086064854,0.33250827575553554,0.2276349679685334,0.28262557166464874,0.10272815803613448,0.2219051309347233,0.21321016911142285,0.08004236537885674,0.20072207231038902,0.3402542323261629
2101.5625,4251.795,4225.641,4130.769,4145.641,4235.385,0.08854920933510414,0.18447783573195625,0.33921653402848057,0.060712411664759186,0.1272355086064854,0.33250827575553554,0.2276349679685334,0.28262557166464874,0.10272815803613448,0.2219051309347233,0.21321016911142285,0.08004236537885674,0.20072207231038902,0.3402542323261629
2109.375,4240.0,4217.436,4124.615,4136.923,4227.179,0.08854920933510414,0.18447783573195625,0.33921653402848057,0.060712411664759186,0.1272355086064854,0.33250827575553554,0.2276349679685334,0.28262557166464874,0.10272815803613448,0.2219051309347233,0.21321016911142285,0.08004236537885674,0.20072207231038902,0.3402542323261629
2117.1875,4231.282,4214.872,4104.615,4142.564,4229.744,0.08854920933510414,0.18447783573195625,0.33921653402848057,0.060712411664759186,0.1272355086064854,0.33250827575553554,0.2276349679685334,0.28262557166464874,0.10272815803613448,0.2219051309347233,0.21321016911142285,0.08004236537885674,0.20072207231038902,0.3402542323261629
2125.0,4246.667,4213.846,4118.974,4147.692,4233.333,0.08854920933510414,0.18447783573195625,0.33921653402848057,0.060712411664759186,0.1272355086064854,0.33250827575553554,0.2276349679685334,0.28262557166464874,0.10272815803613448,0.2219051309347233,0.21321016911142285,0.08004236537885674,0.20072207231038902,0.3402542323261629
2132.8125,4260.0,4221.538,4140.0,4151.282,4237.949,0.08854920933510414,0.18447783573195625,0.33921653402848057,0.060712411664759186,0.1272355086064854,0.33250827575553554,0.2276349679685334,0.28262557166464874,0.10272815803613448,0.2219051309347233,0.21321016911142285,0.08004236537885674,0.20072207231038902,0.3402542323261629
2140.625,4261.026,4230.769,4138.462,4162.051,4247.692,0.08854920933510414,0.18447783573195625,0.33921653402848057,0.060712411664759186,0.1272355086064854,0.33250827575553554,0.2276349679685334,0.28262557166464874,0.10272815803613448,0.2219051309347233,0.21321016911142285,0.08004236537885674,0.20072207231038902,0.3402542323261629
2148.4375,4258.462,4219.487,4140.513,4166.667,4257.949,0.08854920933510414,0.18447783573195625,0.33921653402848057,0.060712411664759186,0.1272355086064854,0.33250827575553554,0.2276349679685334,0.28262557166464874,0.10272815803613448,0.2219051309347233,0.21321016911142285,0.08004236537885674,0.20072207231038902,0.3402542323261629
2156.25,4257.436,4209.231,4150.256,4171.795,4261.026,0.08854920933510414,0.18447783573195625,0.33921653402848057,0.060712411664759186,0.1272355086064854,0.33250827575553554,0.2276349679685334,0.28262557166464874,0.10272815803613448,0.2219051309347233,0.21321016911142285,0.08004236537885674,0.20072207231038902,0.3402542323261629
2164.0625,4257.949,4212.821,4148.205,4184.615,4258.462,0.08854920933510414,0.18447783573195625,0.33921653402848057,0.060712411664759186,0.1272355086064854,0.33250827575553554,0.2276349679685334,0.28262557166464874,0.10272815803613448,0.2219051309347233,0.21321016911142285,0.08004236537885674,0.20072207231038902,0.3402542323261629
2171.875,4253.846,4211.282,4150.256,4185.128,4252.308,0.08854920933510414,0.18447783573195625,0.33921653402848057,0.060712411664759186,0.1272355086064854,0.33250827575553554,0.2276349679685334,0.28262557166464874,0.10272815803613448,0.2219051309347233,0.21321016911142285,0.08004236537885674,0.20072207231038902,0.3402542323261629
2179.6875,4248.205,4211.282,4155.385,4177.949,4245.641,0.08854920933510414,0.18447783573195625,0.33921653402848057,0.060712411664759186,0.1272355086064854,0.33250827575553554,0.2276349679685334,0.28262557166464874,0.10272815803613448,0.2219051309347233,0.21321016911142285,0.08004236537885674,0.20072207231038902,0.3402542323261629
2187.5,4253.333,4215.385,4148.718,4182.564,4240.0,0.08854920933510414,0.18447783573195625,0.33921653402848057,0.060712411664759186,0.1272355086064854,0.33250827575553554,0.2276349679685334,0.28262557166464874,0.10272815803613448,0.2219051309347233,0.21321016911142285,0.08004236537885674,0.20072207231038902,0.3402542323261629
2195.3125,4252.308,4214.359,4146.154,4184.615,4246.154,0.08854920933510414,0.18447783573195625,0.33921653402848057,0.060712411664759186,0.1272355086064854,0.33250827575553554,0.2276349679685334,0.28262557166464874,0.10272815803613448,0.2219051309347233,0.21321016911142285,0.08004236537885674,0.20072207231038902,0.3402542323261629
2203.125,4234.872,4214.359,4139.487,4171.795,4248.718,0.08854920933510414,0.18447783573195625,0.33921653402848057,0.060712411664759186,0.1272355086064854,0.33250827575553554,0.2276349679685334,0.28262557166464874,0.10272815803613448,0.2219051309347233,0.21321016911142285,0.08004236537885674,0.20072207231038902,0.3402542323261629
2210.9375,4234.359,4219.487,4126.667,4172.308,4236.923,0.08854920933510414,0.18447783573195625,0.33921653402848057,0.060712411664759186,0.1272355086064854,0.33250827575553554,0.2276349679685334,0.28262557166464874,0.10272815803613448,0.2219051309347233,0.21321016911142285,0.08004236537885674,0.20072207231038902,0.3402542323261629
2218.75,4247.179,4215.897,4134.872,4182.051,4234.359,0.08854920933510414,0.18447783573195625,0.33921653402848057,0.060712411664759186,0.1272355086064854,0.33250827575553554,0.2276349679685334,0.28262557166464874,0.10272815803613448,0.2219051309347233,0.21321016911142285,0.08004236537885674,0.20072207231038902,0.3402542323261629
2226.5625,4235.897,4210.256,4135.897,4170.256,4233.846,0.08854920933510414,0.18447783573195625,0.33921653402848057,0.060712411664759186,0.1272355086064854,0.33250827575553554,0.2276349679685334,0.28262557166464874,0.10272815803613448,0.2219051309347233,0.21321016911142285,0.08004236537885674,0.20072207231038902,0.3402542323261629
2234.375,4227.692,4212.308,4115.897,4155.385,4218.462,0.08854920933510414,0.18447783573195625,0.33921653402848057,0.060712411664759186,0.1272355086064854,0.33250827575553554,0.2276349679685334,0.28262557166464874,0.10272815803613448,0.2219051309347233,0.21321016911142285,0.08004236537885674,0.20072207231038902,0.3402542323261629
2242.1875,4241.538,4208.718,4117.436,4161.026,4215.897,0.08854920933510414,0.18447783573195625,0.33921653402848057,0.060712411664759186,0.1272355086064854,0.33250827575553554,0.2276349679685334,0.28262557166464874,0.10272815803613448,0.2219051309347233,0.21321016911142285,0.08004236537885674,0.20072207231038902,0.3402542323261629
2250.0,4241.538,4205.641,4130.256,4172.821,4238.462,0.08854920933510414,0.18447783573195625,0.33921653402848057,0.060712411664759186,0.1272355086064854,0.33250827575553554,0.2276349679685334,0.28262557166464874,0.10272815803613448,0.2219051309347233,0.21321016911142285,0.08004236537885674,0.20072207231038902,0.3402542323261629
2257.8125,4232.308,4207.179,4121.026,4180.0,4246.667,0.08854920933510414,0.18447783573195625,0.33921653402848057,0.060712411664759186,0.1272355086064854,0.33250827575553554,0.2276349679685334,0.28262557166464874,0.10272815803613448,0.2219051309347233,0.21321016911142285,0.08004236537885674,0.20072207231038902,0.3402542323261629
2265.625,4240.0,4197.949,4114.872,4185.128,4234.359,0.08854920933510414,0.18447783573195625,0.33921653402848057,0.060712411664759186,0.1272355086064854,0.33250827575553554,0.2276349679685334,0.28262557166464874,0.10272815803613448,0.2219051309347233,0.21321016911142285,0.08004236537885674,0.20072207231038902,0.3402542323261629
2273.4375,4237.949,4196.41,4121.538,4181.026,4227.179,0.08854920933510414,0.18447783573195625,0.33921653402848057,0.060712411664759186,0.1272355086064854,0.33250827575553554,0.2276349679685334,0.28262557166464874,0.10272815803613448,0.2219051309347233,0.21321016911142285,0.08004236537885674,0.20072207231038902,0.3402542323261629
2281.25,4224.103,4207.692,4113.333,4177.949,4234.359,0.08854920933510414,0.18447783573195625,0.33921653402848057,0.060712411664759186,0.1272355086064854,0.33250827575553554,0.2276349679685334,0.28262557166464874,0.10272815803613448,0.2219051309347233,0.21321016911142285,0.08004236537885674,0.20072207231038902,0.3402542323261629
2289.0625,4234.359,4207.179,4105.641,4182.564,4238.462,0.08854920933510414,0.18447783573195625,0.33921653402848057,0.060712411664759186,0.1272355086064854,0.33250827575553554,0.2276349679685334,0.28262557166464874,0.10272815803613448,0.2219051309347233,0.21321016911142285,0.08004236537885674,0.20072207231038902,0.3402542323261629
2296.875,4245.128,4201.538,4115.385,4176.41,4229.744,0.08854920933510414,0.18447783573195625,0.33921653402848057,0.060712411664759186,0.1272355086064854,0.33250827575553554,0.2276349679685334,0.28262557166464874,0.10272815803613448,0.2219051309347233,0.21321016911142285,0.08004236537885674,0.20072207231038902,0.3402542323261629
2304.6875,4233.846,4213.333,4117.436,4170.256,4233.846,0.08854920933510414,0.18447783573195625,0.33921653402848057,0.060712411664759186,0.1272355086064854,0.33250827575553554,0.2276349679685334,0.28262557166464874,0.10272815803613448,0.2219051309347233,0.21321016911142285,0.08004236537885674,0.20072207231038902,0.3402542323261629
2312.5,4227.692,4211.282,4109.231,4175.897,4243.077,0.08854920933510414,0.18447783573195625,0.33921653402848057,0.060712411664759186,0.1272355086064854,0.33250827575553554,0.2276349679685334,0.28262557166464874,0.10272815803613448,0.2219051309347233,0.21321016911142285,0.08004236537885674,0.20072207231038902,0.3402542323261629
2320.3125,4232.308,4190.256,4107.179,4175.385,4226.154,0.08854920933510414,0.18447783573195625,0.33921653402848057,0.060712411664759186,0.1272355086064854,0.33250827575553554,0.2276349679685334,0.28262557166464874,0.10272815803613448,0.2219051309347233,0.21321016911142285,0.08004236537885674,0.20072207231038902,0.3402542323261629
2328.125,4234.872,4203.077,4113.333,4179.487,4222.051,0.08854920933510414,0.18447783573195625,0.33921653402848057,0.060712411664759186,0.1272355086064854,0.33250827575553554,0.2276349679685334,0.28262557166464874,0.10272815803613448,0.2219051309347233,0.21321016911142285,0.08004236537885674,0.20072207231038902,0.3402542323261629
2335.9375,4248.205,4226.667,4127.179,4205.128,4243.59,0.08854920933510414,0.18447783573195625,0.33921653402848057,0.060712411664759186,0.1272355086064854,0.33250827575553554,0.2276349679685334,0.28262557166464874,0.10272815803613448,0.2219051309347233,0.21321016911142285,0.08004236537885674,0.20072207231038902,0.3402542323261629
2343.75,4258.462,4220.0,4148.205,4217.436,4242.564,0.08854920933510414,0.18447783573195625,0.33921653402848057,0.060712411664759186,0.1272355086064854,0.33250827575553554,0.2276349679685334,0.28262557166464874,0.10272815803613448,0.2219051309347233,0.21321016911142285,0.08004236537885674,0.20072207231038902,0.3402542323261629
2351.5625,4247.692,4213.333,4148.718,4201.026,4237.436,0.08854920933510414,0.18447783573195625,0.33921653402848057,0.060712411664759186,0.1272355086064854,0.33250827575553554,0.2276349679685334,0.28262557166464874,0.10272815803613448,0.2219051309347233,0.21321016911142285,0.08004236537885674,0.20072207231038902,0.3402542323261629
2359.375,4237.949,4213.333,4122.564,4187.692,4252.308,0.08854920933510414,0.18447783573195625,0.33921653402848057,0.060712411664759186,0.1272355086064854,0.33250827575553554,0.2276349679685334,0.28262557166464874,0.10272815803613448,0.2219051309347233,0.21321016911142285,0.08004236537885674,0.20072207231038902,0.3402542323261629
2367.1875,4241.538,4203.59,4118.462,4176.923,4250.256,0.08854920933510414,0.18447783573195625,0.33921653402848057,0.060712411664759186,0.1272355086064854,0.33250827575553554,0.2276349679685334,0.28262557166464874,0.10272815803613448,0.2219051309347233,0.21321016911142285,0.08004236537885674,0.20072207231038902,0.3402542323261629
2375.0,4240.0,4203.077,4129.231,4165.128,4234.872,0.08854920933510414,0.18447783573195625,0.33921653402848057,0.060712411664759186,0.1272355086064854,0.33250827575553554,0.2276349679685334,0.28262557166464874,0.10272815803613448,0.2219051309347233,0.21321016911142285,0.08004236537885674,0.20072207231038902,0.3402542323261629
2382.8125,4231.795,4210.769,4118.462,4175.897,4232.821,0.08854920933510414,0.18447783573195625,0.33921653402848057,0.060712411664759186,0.1272355086064854,0.33250827575553554,0.2276349679685334,0.28262557166464874,0.10272815803613448,0.2219051309347233,0.21321016911142285,0.08004236537885674,0.20072207231038902,0.3402542323261629
2390.625,4231.795,4205.641,4117.949,4191.795,4226.154,0.08854920933510414,0.18447783573195625,0.33921653402848057,0.060712411664759186,0.1272355086064854,0.33250827575553554,0.2276349679685334,0.28262557166464874,0.10272815803613448,0.2219051309347233,0.21321016911142285,0.08004236537885674,0.20072207231038902,0.3402542323261629
2398.4375,4231.282,4202.051,4135.385,4188.718,4219.487,0.08854920933510414,0.18447783573195625,0.33921653402848057,0.060712411664759186,0.1272355086064854,0.33250827575553554,0.2276349679685334,0.28262557166464874,0.10272815803613448,0.2219051309347233,0.21321016911142285,0.08004236537885674,0.20072207231038902,0.3402542323261629
2406.25,4237.436,4209.744,4138.974,4191.795,4244.103,0.08854920933510414,0.18447783573195625,0.33921653402848057,0.060712411664759186,0.1272355086064854,0.33250827575553554,0.2276349679685334,0.28262557166464874,0.10272815803613448,0.2219051309347233,0.21321016911142285,0.08004236537885674,0.20072207231038902,0.3402542323261629
2414.0625,4249.744,4217.436,4144.615,4205.641,4264.103,0.08854920933510414,0.18447783573195625,0.33921653402848057,0.060712411664759186,0.1272355086064854,0.33250827575553554,0.2276349679685334,0.28262557166464874,0.10272815803613448,0.2219051309347233,0.21321016911142285,0.08004236537885674,0.20072207231038902,0.3402542323261629
2421.875,4252.308,4224.103,4155.385,4200.513,4250.769,0.08854920933510414,0.18447783573195625,0.33921653402848057,0.060712411664759186,0.1272355086064854,0.33250827575553554,0.2276349679685334,0.28262557166464874,0.10272815803613448,0.2219051309347233,0.21321016911142285,0.08004236537885674,0.20072207231038902,0.3402542323261629
2429.6875,4250.256,4218.462,4142.051,4179.487,4229.744,0.08854920933510414,0.18447783573195625,0.33921653402848057,0.060712411664759186,0.1272355086064854,0.33250827575553554,0.2276349679685334,0.28262557166464874,0.10272815803613448,0.2219051309347233,0.21321016911142285,0.08004236537885674,0.20072207231038902,0.3402542323261629
2437.5,4251.795,4213.333,4136.41,4171.282,4231.282,0.08854920933510414,0.18447783573195625,0.33921653402848057,0.060712411664759186,0.1272355086064854,0.33250827575553554,0.2276349679685334,0.28262557166464874,0.10272815803613448,0.2219051309347233,0.21321016911142285,0.08004236537885674,0.20072207231038902,0.3402542323261629
2445.3125,4254.872,4232.821,4156.41,4182.564,4254.359,0.08854920933510414,0.18447783573195625,0.33921653402848057,0.060712411664759186,0.1272355086064854,0.33250827575553554,0.2276349679685334,0.28262557166464874,0.10272815803613448,0.2219051309347233,0.21321016911142285,0.08004236537885674,0.20072207231038902,0.3402542323261629
2453.125,4262.051,4238.974,4163.077,4193.333,4264.615,0.08854920933510414,0.18447783573195625,0.33921653402848057,0.060712411664759186,0.1272355086064854,0.33250827575553554,0.2276349679685334,0.28262557166464874,0.10272815803613448,0.2219051309347233,0.21321016911142285,0.08004236537885674,0.20072207231038902,0.3402542323261629
2460.9375,4273.846,4227.692,4164.615,4198.462,4258.974,0.08854920933510414,0.18447783573195625,0.33921653402848057,0.060712411664759186,0.1272355086064854,0.33250827575553554,0.2276349679685334,0.28262557166464874,0.10272815803613448,0.2219051309347233,0.21321016911142285,0.08004236537885674,0.20072207231038902,0.3402542323261629
2468.75,4269.231,4235.385,4167.179,4201.026,4262.564,0.08854920933510414,0.18447783573195625,0.33921653402848057,0.060712411664759186,0.1272355086064854,0.33250827575553554,0.2276349679685334,0.28262557166464874,0.10272815803613448,0.2219051309347233,0.21321016911142285,0.08004236537885674,0.20072207231038902,0.3402542323261629
2476.5625,4241.026,4224.615,4144.103,4187.179,4253.333,0.08854920933510414,0.18447783573195625,0.33921653402848057,0.060712411664759186,0.1272355086064854,0.33250827575553554,0.2276349679685334,0.28262557166464874,0.10272815803613448,0.2219051309347233,0.21321016911142285,0.08004236537885674,0.20072207231038902,0.3402542323261629
2484.375,4227.692,4190.256,4134.872,4173.846,4221.026,0.08854920933510414,0.18447783573195625,0.33921653402848057,0.060712411664759186,0.1272355086064854,0.33250827575553554,0.2276349679685334,0.28262557166464874,0.10272815803613448,0.2219051309347233,0.21321016911142285,0.08004236537885674,0.20072207231038902,0.3402542323261629
2492.1875,4241.026,4199.487,4151.795,4175.897,4224.103,0.08854920933510414,0.18447783573195625,0.33921653402848057,0.060712411664759186,0.1272355086064854,0.33250827575553554,0.2276349679685334,0.28262557166464874,0.10272815803613448,0.2219051309347233,0.21321016911142285,0.08004236537885674,0.20072207231038902,0.3402542323261629
2500.0,4250.769,4223.077,4150.769,4171.795,4253.846,0.08854920933510414,0.18447783573195625,0.33921653402848057,0.060712411664759186,0.1272355086064854,0.33250827575553554,0.2276349679685334,0.28262557166464874,0.10272815803613448,0.2219051309347233,0.21321016911142285,0.08004236537885674,0.20072207231038902,0.3402542323261629
2507.8125,4252.308,4218.462,4154.872,4157.436,4250.769,0.08854920933510414,0.18447783573195625,0.33921653402848057,0.060712411664759186,0.1272355086064854,0.33250827575553554,0.2276349679685334,0.28262557166464874,0.10272815803613448,0.2219051309347233,0.21321016911142285,0.08004236537885674,0.20072207231038902,0.3402542323261629
2515.625,4255.385,4222.564,4166.154,4148.205,4228.718,0.08854920933510414,0.18447783573195625,0.33921653402848057,0.060712411664759186,0.1272355086064854,0.33250827575553554,0.2276349679685334,0.28262557166464874,0.10272815803613448,0.2219051309347233,0.21321016911142285,0.08004236537885674,0.20072207231038902,0.3402542323261629
2523.4375,4254.359,4226.667,4149.231,4147.692,4232.308,0.08854920933510414,0.18447783573195625,0.33921653402848057,0.060712411664759186,0.1272355086064854,0.33250827575553554,0.2276349679685334,0.28262557166464874,0.10272815803613448,0.2219051309347233,0.21321016911142285,0.08004236537885674,0.20072207231038902,0.3402542323261629
2531.25,4258.974,4223.077,4143.59,4161.026,4252.308,0.08854920933510414,0.18447783573195625,0.33921653402848057,0.060712411664759186,0.1272355086064854,0.33250827575553554,0.2276349679685334,0.28262557166464874,0.10272815803613448,0.2219051309347233,0.21321016911142285,0.08004236537885674,0.20072207231038902,0.3402542323261629
2539.0625,4277.436,4235.897,4169.231,4186.154,4261.026,0.08854920933510414,0.18447783573195625,0.33921653402848057,0.060712411664759186,0.1272355086064854,0.33250827575553554,0.2276349679685334,0.28262557166464874,0.10272815803613448,0.2219051309347233,0.21321016911142285,0.08004236537885674,0.20072207231038902,0.3402542323261629
2546.875,4278.974,4235.385,4175.385,4197.436,4251.282,0.08854920933510414,0.18447783573195625,0.33921653402848057,0.060712411664759186,0.1272355086064854,0.33250827575553554,0.2276349679685334,0.28262557166464874,0.10272815803613448,0.2219051309347233,0.21321016911142285,0.08004236537885674,0.20072207231038902,0.3402542323261629
2554.6875,4265.641,4226.667,4160.0,4193.846,4243.077,0.08854920933510414,0.18447783573195625,0.33921653402848057,0.060712411664759186,0.1272355086064854,0.33250827575553554,0.2276349679685334,0.28262557166464874,0.10272815803613448,0.2219051309347233,0.21321016911142285,0.08004236537885674,0.20072207231038902,0.3402542323261629
2562.5,4258.462,4228.718,4147.179,4182.564,4242.564,0.08854920933510414,0.18447783573195625,0.33921653402848057,0.060712411664759186,0.1272355086064854,0.33250827575553554,0.2276349679685334,0.28262557166464874,0.10272815803613448,0.2219051309347233,0.21321016911142285,0.08004236537885674,0.20072207231038902,0.3402542323261629
2570.3125,4240.513,4211.282,4133.846,4152.821,4221.026,0.08854920933510414,0.18447783573195625,0.33921653402848057,0.060712411664759186,0.1272355086064854,0.33250827575553554,0.2276349679685334,0.28262557166464874,0.10272815803613448,0.2219051309347233,0.21321016911142285,0.08004236537885674,0.20072207231038902,0.3402542323261629
2578.125,4228.718,4202.564,4132.821,4137.436,4205.641,0.08854920933510414,0.18447783573195625,0.33921653402848057,0.060712411664759186,0.1272355086064854,0.33250827575553554,0.2276349679685334,0.28262557166464874,0.10272815803613448,0.2219051309347233,0.21321016911142285,0.08004236537885674,0.20072207231038902,0.3402542323261629
2585.9375,4247.179,4226.667,4141.538,4153.333,4222.564,0.08854920933510414,0.18447783573195625,0.33921653402848057,0.060712411664759186,0.1272355086064854,0.33250827575553554,0.2276349679685334,0.28262557166464874,0.10272815803613448,0.2219051309347233,0.21321016911142285,0.08004236537885674,0.20072207231038902,0.3402542323261629
2593.75,4257.949,4230.256,4143.077,4159.487,4232.308,0.08854920933510414,0.18447783573195625,0.33921653402848057,0.060712411664759186,0.1272355086064854,0.33250827575553554,0.2276349679685334,0.28262557166464874,0.10272815803613448,0.2219051309347233,0.21321016911142285,0.08004236537885674,0.20072207231038902,0.3402542323261629
2601.5625,4255.385,4227.179,4153.846,4159.487,4237.949,0.08854920933510414,0.18447783573195625,0.33921653402848057,0.060712411664759186,0.1272355086064854,0.33250827575553554,0.2276349679685334,0.28262557166464874,0.10272815803613448,0.2219051309347233,0.21321016911142285,0.08004236537885674,0.20072207231038902,0.3402542323261629
2609.375,4266.154,4243.077,4172.821,4182.051,4254.359,0.08854920933510414,0.18447783573195625,0.33921653402848057,0.060712411664759186,0.1272355086064854,0.33250827575553554,0.2276349679685334,0.28262557166464874,0.10272815803613448,0.2219051309347233,0.21321016911142285,0.08004236537885674,0.20072207231038902,0.3402542323261629
2617.1875,4265.641,4227.692,4160.0,4187.179,4247.179,0.08854920933510414,0.18447783573195625,0.33921653402848057,0.060712411664759186,0.1272355086064854,0.33250827575553554,0.2276349679685334,0.28262557166464874,0.10272815803613448,0.2219051309347233,0.21321016911142285,0.08004236537885674,0.20072207231038902,0.3402542323261629
2625.0,4252.821,4206.667,4133.846,4173.846,4228.718,0.08854920933510414,0.18447783573195625,0.33921653402848057,0.060712411664759186,0.1272355086064854,0.33250827575553554,0.2276349679685334,0.28262557166464874,0.10272815803613448,0.2219051309347233,0.21321016911142285,0.08004236537885674,0.20072207231038902,0.3402542323261629
2632.8125,4261.026,4227.692,4149.231,4192.308,4245.128,0.08854920933510414,0.18447783573195625,0.33921653402848057,0.060712411664759186,0.1272355086064854,0.33250827575553554,0.2276349679685334,0.28262557166464874,0.10272815803613448,0.2219051309347233,0.21321016911142285,0.08004236537885674,0.20072207231038902,0.3402542323261629
2640.625,4261.538,4237.436,4167.692,4200.513,4262.564,0.08854920933510414,0.18447783573195625,0.33921653402848057,0.060712411664759186,0.1272355086064854,0.33250827575553554,0.2276349679685334,0.28262557166464874,0.10272815803613448,0.2219051309347233,0.21321016911142285,0.08004236537885674,0.20072207231038902,0.3402542323261629
2648.4375,4252.308,4217.949,4149.231,4172.308,4254.872,0.08854920933510414,0.18447783573195625,0.33921653402848057,0.060712411664759186,0.1272355086064854,0.33250827575553554,0.2276349679685334,0.28262557166464874,0.10272815803613448,0.2219051309347233,0.21321016911142285,0.08004236537885674,0.20072207231038902,0.3402542323261629
2656.25,4263.59,4214.872,4144.103,4161.026,4250.769,0.08854920933510414,0.18447783573195625,0.33921653402848057,0.060712411664759186,0.1272355086064854,0.33250827575553554,0.2276349679685334,0.28262557166464874,0.10272815803613448,0.2219051309347233,0.21321016911142285,0.08004236537885674,0.20072207231038902,0.3402542323261629
2664.0625,4269.744,4227.179,4155.897,4166.667,4247.179,0.08854920933510414,0.18447783573195625,0.33921653402848057,0.060712411664759186,0.1272355086064854,0.33250827575553554,0.2276349679685334,0.28262557166464874,0.10272815803613448,0.2219051309347233,0.21321016911142285,0.08004236537885674,0.20072207231038902,0.3402542323261629
2671.875,4249.231,4219.487,4146.154,4158.462,4232.308,0.08854920933510414,0.18447783573195625,0.33921653402848057,0.060712411664759186,0.1272355086064854,0.33250827575553554,0.2276349679685334,0.28262557166464874,0.10272815803613448,0.2219051309347233,0.21321016911142285,0.08004236537885674,0.20072207231038902,0.3402542323261629
2679.6875,4239.487,4210.769,4139.487,4154.359,4231.795,0.08854920933510414,0.18447783573195625,0.33921653402848057,0.060712411664759186,0.1272355086064854,0.33250827575553554,0.2276349679685334,0.28262557166464874,0.10272815803613448,0.2219051309347233,0.21321016911142285,0.08004236537885674,0.20072207231038902,0.3402542323261629
2687.5,4251.282,4218.974,4145.641,4162.051,4239.487,0.08854920933510414,0.18447783573195625,0.33921653402848057,0.060712411664759186,0.1272355086064854,0.33250827575553554,0.2276349679685334,0.28262557166464874,0.10272815803613448,0.2219051309347233,0.21321016911142285,0.08004236537885674,0.20072207231038902,0.3402542323261629
2695.3125,4264.103,4234.872,4158.462,4171.282,4244.615,0.08854920933510414,0.18447783573195625,0.33921653402848057,0.060712411664759186,0.1272355086064854,0.33250827575553554,0.2276349679685334,0.28262557166464874,0.10272815803613448,0.2219051309347233,0.21321016911142285,0.08004236537885674,0.20072207231038902,0.3402542323261629
2703.125,4260.0,4239.487,4165.128,4176.41,4252.308,0.08854920933510414,0.18447783573195625,0.33921653402848057,0.060712411664759186,0.1272355086064854,0.33250827575553554,0.2276349679685334,0.28262557166464874,0.10272815803613448,0.2219051309347233,0.21321016911142285,0.08004236537885674,0.20072207231038902,0.3402542323261629
2710.9375,4236.923,4213.846,4136.41,4160.513,4231.795,0.08854920933510414,0.18447783573195625,0.33921653402848057,0.060712411664759186,0.1272355086064854,0.33250827575553554,0.2276349679685334,0.28262557166464874,0.10272815803613448,0.2219051309347233,0.21321016911142285,0.08004236537885674,0.20072207231038902,0.3402542323261629
2718.75,4225.128,4188.718,4112.821,4139.487,4198.974,0.08854920933510414,0.18447783573195625,0.33921653402848057,0.060712411664759186,0.1272355086064854,0.33250827575553554,0.2276349679685334,0.28262557166464874,0.10272815803613448,0.2219051309347233,0.21321016911142285,0.08004236537885674,0.20072207231038902,0.3402542323261629
2726.5625,4240.513,4210.769,4138.462,4147.692,4230.256,0.08854920933510414,0.18447783573195625,0.33921653402848057,0.060712411664759186,0.1272355086064854,0.33250827575553554,0.2276349679685334,0.28262557166464874,0.10272815803613448,0.2219051309347233,0.21321016911142285,0.08004236537885674,0.20072207231038902,0.3402542323261629
2734.375,4270.769,4254.359,4179.487,4177.436,4281.026,0.08854920933510414,0.18447783573195625,0.33921653402848057,0.060712411664759186,0.1272355086064854,0.33250827575553554,0.2276349679685334,0.28262557166464874,0.10272815803613448,0.2219051309347233,0.21321016911142285,0.08004236537885674,0.20072207231038902,0.3402542323261629
2742.1875,4270.256,4245.128,4168.205,4165.641,4245.641,0.08854920933510414,0.18447783573195625,0.33921653402848057,0.060712411664759186,0.1272355086064854,0.33250827575553554,0.2276349679685334,0.28262557166464874,0.10272815803613448,0.2219051309347233,0.21321016911142285,0.08004236537885674,0.20072207231038902,0.3402542323261629
2750.0,4231.795,4204.615,4121.026,4113.846,4192.308,0.08854920933510414,0.18447783573195625,0.33921653402848057,0.060712411664759186,0.1272355086064854,0.33250827575553554,0.2276349679685334,0.28262557166464874,0.10272815803613448,0.2219051309347233,0.21321016911142285,0.08004236537885674,0.20072207231038902,0.3402542323261629
2757.8125,4231.282,4211.795,4121.538,4112.308,4215.897,0.08854920933510414,0.18447783573195625,0.33921653402848057,0.060712411664759186,0.1272355086064854,0.33250827575553554,0.2276349679685334,0.28262557166464874,0.10272815803613448,0.2219051309347233,0.21321016911142285,0.08004236537885674,0.20072207231038902,0.3402542323261629
2765.625,4277.436,4255.385,4172.308,4167.179,4260.0,0.08854920933510414,0.18447783573195625,0.33921653402848057,0.060712411664759186,0.1272355086064854,0.33250827575553554,0.2276349679685334,0.28262557166464874,0.10272815803613448,0.2219051309347233,0.21321016911142285,0.08004236537885674,0.20072207231038902,0.3402542323261629
2773.4375,4292.308,4267.692,4190.769,4186.667,4264.103,0.08854920933510414,0.18447783573195625,0.33921653402848057,0.060712411664759186,0.1272355086064854,0.33250827575553554,0.2276349679685334,0.28262557166464874,0.10272815803613448,0.2219051309347233,0.21321016911142285,0.08004236537885674,0.20072207231038902,0.3402542323261629
2781.25,4275.385,4252.821,4171.282,4163.59,4251.282,0.08854920933510414,0.18447783573195625,0.33921653402848057,0.060712411664759186,0.1272355086064854,0.33250827575553554,0.2276349679685334,0.28262557166464874,0.10272815803613448,0.2219051309347233,0.21321016911142285,0.08004236537885674,0.20072207231038902,0.3402542323261629
2789.0625,4282.564,4253.333,4174.872,4162.564,4254.359,0.08854920933510414,0.18447783573195625,0.33921653402848057,0.060712411664759186,0.1272355086064854,0.33250827575553554,0.2276349679685334,0.28262557166464874,0.10272815803613448,0.2219051309347233,0.21321016911142285,0.08004236537885674,0.20072207231038902,0.3402542323261629
2796.875,4283.077,4245.128,4176.923,4162.051,4255.385,0.08854920933510414,0.18447783573195625,0.33921653402848057,0.060712411664759186,0.1272355086064854,0.33250827575553554,0.2276349679685334,0.28262557166464874,0.10272815803613448,0.2219051309347233,0.21321016911142285,0.08004236537885674,0.20072207231038902,0.3402542323261629
2804.6875,4262.051,4230.769,4162.051,4144.615,4256.41,0.08854920933510414,0.18447783573195625,0.33921653402848057,0.060712411664759186,0.1272355086064854,0.33250827575553554,0.2276349679685334,0.28262557166464874,0.10272815803613448,0.2219051309347233,0.21321016911142285,0.08004236537885674,0.20072207231038902,0.3402542323261629
2812.5,4267.179,4243.59,4174.872,4146.154,4262.564,0.08854920933510414,0.18447783573195625,0.33921653402848057,0.060712411664759186,0.1272355086064854,0.33250827575553554,0.2276349679685334,0.28262557166464874,0.10272815803613448,0.2219051309347233,0.21321016911142285,0.08004236537885674,0.20072207231038902,0.3402542323261629
2820.3125,4278.974,4254.359,4187.179,4148.718,4245.128,0.08854920933510414,0.18447783573195625,0.33921653402848057,0.060712411664759186,0.1272355086064854,0.33250827575553554,0.2276349679685334,0.28262557166464874,0.10272815803613448,0.2219051309347233,0.21321016911142285,0.08004236537885674,0.20072207231038902,0.3402542323261629
2828.125,4263.077,4239.487,4164.615,4135.897,4232.308,0.08854920933510414,0.18447783573195625,0.33921653402848057,0.060712411664759186,0.1272355086064854,0.33250827575553554,0.2276349679685334,0.28262557166464874,0.10272815803613448,0.2219051309347233,0.21321016911142285,0.08004236537885674,0.20072207231038902,0.3402542323261629
2835.9375,4249.744,4233.846,4152.308,4132.821,4252.821,0.08854920933510414,0.18447783573195625,0.33921653402848057,0.060712411664759186,0.1272355086064854,0.33250827575553554,0.2276349679685334,0.28262557166464874,0.10272815803613448,0.2219051309347233,0.21321016911142285,0.08004236537885674,0.20072207231038902,0.3402542323261629
2843.75,4255.385,4243.077,4169.231,4143.59,4263.077,0.08854920933510414,0.18447783573195625,0.33921653402848057,0.060712411664759186,0.1272355086064854,0.33250827575553554,0.2276349679685334,0.28262557166464874,0.10272815803613448,0.2219051309347233,0.21321016911142285,0.08004236537885674,0.20072207231038902,0.3402542323261629
2851.5625,4254.359,4237.436,4173.333,4149.231,4248.205,0.08854920933510414,0.18447783573195625,0.33921653402848057,0.060712411664759186,0.1272355086064854,0.33250827575553554,0.2276349679685334,0.28262557166464874,0.10272815803613448,0.2219051309347233,0.21321016911142285,0.08004236537885674,0.20072207231038902,0.3402542323261629
2859.375,4256.41,4233.333,4174.872,4157.436,4252.821,0.08854920933510414,0.18447783573195625,0.33921653402848057,0.060712411664759186,0.1272355086064854,0.33250827575553554,0.2276349679685334,0.28262557166464874,0.10272815803613448,0.2219051309347233,0.21321016911142285,0.08004236537885674,0.20072207231038902,0.3402542323261629
2867.1875,4269.744,4243.077,4180.513,4166.667,4264.103,0.08854920933510414,0.18447783573195625,0.33921653402848057,0.060712411664759186,0.1272355086064854,0.33250827575553554,0.2276349679685334,0.28262557166464874,0.10272815803613448,0.2219051309347233,0.21321016911142285,0.08004236537885674,0.20072207231038902,0.3402542323261629
2875.0,4268.205,4238.462,4166.667,4157.436,4252.821,0.08854920933510414,0.18447783573195625,0.33921653402848057,0.060712411664759186,0.1272355086064854,0.33250827575553554,0.2276349679685334,0.28262557166464874,0.10272815803613448,0.2219051309347233,0.21321016911142285,0.08004236537885674,0.20072207231038902,0.3402542323261629
2882.8125,4251.282,4218.462,4153.333,4136.41,4235.385,0.08854920933510414,0.18447783573195625,0.33921653402848057,0.060712411664759186,0.1272355086064854,0.33250827575553554,0.2276349679685334,0.28262557166464874,0.10272815803613448,0.2219051309347233,0.21321016911142285,0.08004236537885674,0.20072207231038902,0.3402542323261629
2890.625,4251.282,4215.897,4154.359,4131.795,4233.333,0.08854920933510414,0.18447783573195625,0.33921653402848057,0.060712411664759186,0.1272355086064854,0.33250827575553554,0.2276349679685334,0.28262557166464874,0.10272815803613448,0.2219051309347233,0.21321016911142285,0.08004236537885674,0.20072207231038902,0.3402542323261629
2898.4375,4258.462,4227.179,4158.974,4143.077,4250.769,0.08854920933510414,0.18447783573195625,0.33921653402848057,0.060712411664759186,0.1272355086064854,0.33250827575553554,0.2276349679685334,0.28262557166464874,0.10272815803613448,0.2219051309347233,0.21321016911142285,0.08004236537885674,0.20072207231038902,0.3402542323261629
2906.25,4250.769,4226.667,4163.077,4133.333,4250.769,0.08854920933510414,0.18447783573195625,0.33921653402848057,0.060712411664759186,0.1272355086064854,0.33250827575553554,0.2276349679685334,0.28262557166464874,0.10272815803613448,0.2219051309347233,0.21321016911142285,0.08004236537885674,0.20072207231038902,0.3402542323261629
2914.0625,4246.667,4222.051,4164.615,4118.974,4232.821,0.08854920933510414,0.18447783573195625,0.33921653402848057,0.060712411664759186,0.1272355086064854,0.33250827575553554,0.2276349679685334,0.28262557166464874,0.10272815803613448,0.2219051309347233,0.21321016911142285,0.08004236537885674,0.20072207231038902,0.3402542323261629
2921.875,4257.949,4231.795,4170.769,4128.205,4244.103,0.08854920933510414,0.18447783573195625,0.33921653402848057,0.060712411664759186,0.1272355086064854,0.33250827575553554,0.2276349679685334,0.28262557166464874,0.10272815803613448,0.2219051309347233,0.21321016911142285,0.08004236537885674,0.20072207231038902,0.3402542323261629
2929.6875,4251.795,4236.923,4173.846,4132.308,4253.333,0.08854920933510414,0.18447783573195625,0.33921653402848057,0.060712411664759186,0.1272355086064854,0.33250827575553554,0.2276349679685334,0.28262557166464874,0.10272815803613448,0.2219051309347233,0.21321016911142285,0.08004236537885674,0.20072207231038902,0.3402542323261629
2937.5,4240.513,4228.718,4172.821,4127.179,4240.0,0.08854920933510414,0.18447783573195625,0.33921653402848057,0.060712411664759186,0.1272355086064854,0.33250827575553554,0.2276349679685334,0.28262557166464874,0.10272815803613448,0.2219051309347233,0.21321016911142285,0.08004236537885674,0.20072207231038902,0.3402542323261629
2945.3125,4252.308,4231.282,4180.513,4133.333,4251.282,0.08854920933510414,0.18447783573195625,0.33921653402848057,0.060712411664759186,0.1272355086064854,0.33250827575553554,0.2276349679685334,0.28262557166464874,0.10272815803613448,0.2219051309347233,0.21321016911142285,0.08004236537885674,0.20072207231038902,0.3402542323261629
2953.125,4249.744,4226.667,4170.769,4129.231,4252.308,0.08854920933510414,0.18447783573195625,0.33921653402848057,0.060712411664759186,0.1272355086064854,0.33250827575553554,0.2276349679685334,0.28262557166464874,0.10272815803613448,0.2219051309347233,0.21321016911142285,0.08004236537885674,0.20072207231038902,0.3402542323261629
2960.9375,4235.897,4217.949,4158.974,4122.051,4225.641,0.08854920933510414,0.18447783573195625,0.33921653402848057,0.060712411664759186,0.1272355086064854,0.33250827575553554,0.2276349679685334,0.28262557166464874,0.10272815803613448,0.2219051309347233,0.21321016911142285,0.08004236537885674,0.20072207231038902,0.3402542323261629
2968.75,4253.333,4241.026,4186.667,4141.026,4242.564,0.08854920933510414,0.18447783573195625,0.33921653402848057,0.060712411664759186,0.1272355086064854,0.33250827575553554,0.2276349679685334,0.28262557166464874,0.10272815803613448,0.2219051309347233,0.21321016911142285,0.08004236537885674,0.20072207231038902,0.3402542323261629
2976.5625,4275.897,4266.667,4212.821,4159.487,4280.513,0.08854920933510414,0.18447783573195625,0.33921653402848057,0.060712411664759186,0.1272355086064854,0.33250827575553554,0.2276349679685334,0.28262557166464874,0.10272815803613448,0.2219051309347233,0.21321016911142285,0.08004236537885674,0.20072207231038902,0.3402542323261629
2984.375,4281.538,4271.795,4211.282,4165.641,4289.231,0.08854920933510414,0.18447783573195625,0.33921653402848057,0.060712411664759186,0.1272355086064854,0.33250827575553554,0.2276349679685334,0.28262557166464874,0.10272815803613448,0.2219051309347233,0.21321016911142285,0.08004236537885674,0.20072207231038902,0.3402542323261629
2992.1875,4276.41,4258.974,4204.103,4158.974,4274.872,0.08854920933510414,0.18447783573195625,0.33921653402848057,0.060712411664759186,0.1272355086064854,0.33250827575553554,0.2276349679685334,0.28262557166464874,0.10272815803613448,0.2219051309347233,0.21321016911142285,0.08004236537885674,0.20072207231038902,0.3402542323261629
