timestamp,AF3,T7,Pz,T8,AF4,AF3_theta,AF3_alpha,AF3_beta,T7_theta,T7_mu,T7_beta,Pz_alpha,Pz_beta,T8_theta,T8_mu,T8_beta,AF4_theta,AF4_alpha,AF4_beta
0.0,4257.949,4209.744,4194.359,4152.308,4095.385,0.19110103074545778,0.02435847910439104,0.047672361584407,0.10113797266177411,0.09596207909878904,0.39656180896851556,0.11277724153982387,0.34294384015123697,0.07496625240421097,0.06258588715277441,0.2821455519932018,0.1785033991586943,0.029172575531264303,0.0712749599765164
7.8125,4279.487,4199.487,4187.179,4191.795,4108.718,0.19110103074545778,0.02435847910439104,0.047672361584407,0.10113797266177411,0.09596207909878904,0.39656180896851556,0.11277724153982387,0.34294384015123697,0.07496625240421097,0.06258588715277441,0.2821455519932018,0.1785033991586943,0.029172575531264303,0.0712749599765164
15.625,4261.026,4246.154,4160.513,4210.769,4152.308,0.19110103074545778,0.02435847910439104,0.047672361584407,0.10113797266177411,0.09596207909878904,0.39656180896851556,0.11277724153982387,0.34294384015123697,0.07496625240421097,0.06258588715277441,0.2821455519932018,0.1785033991586943,0.029172575531264303,0.0712749599765164
23.4375,4241.026,4242.051,4192.308,4188.205,4132.821,0.19110103074545778,0.02435847910439104,0.047672361584407,0.10113797266177411,0.09596207909878904,0.39656180896851556,0.11277724153982387,0.34294384015123697,0.07496625240421097,0.06258588715277441,0.2821455519932018,0.1785033991586943,0.029172575531264303,0.0712749599765164
31.25,4226.667,4183.59,4177.949,4169.744,4081.538,0.19110103074545778,0.02435847910439104,0.047672361584407,0.10113797266177411,0.09596207909878904,0.39656180896851556,0.11277724153982387,0.34294384015123697,0.07496625240421097,0.06258588715277441,0.2821455519932018,0.1785033991586943,0.029172575531264303,0.0712749599765164
39.0625,4185.128,4148.205,4103.077,4124.615,4041.538,0.19110103074545778,0.02435847910439104,0.047672361584407,0.10113797266177411,0.09596207909878904,0.39656180896851556,0.11277724153982387,0.34294384015123697,0.07496625240421097,0.06258588715277441,0.2821455519932018,0.1785033991586943,0.029172575531264303,0.0712749599765164
46.875,4184.103,4156.41,4104.103,4103.59,4033.846,0.19110103074545778,0.02435847910439104,0.047672361584407,0.10113797266177411,0.09596207909878904,0.39656180896851556,0.11277724153982387,0.34294384015123697,0.07496625240421097,0.06258588715277441,0.2821455519932018,0.1785033991586943,0.029172575531264303,0.0712749599765164
54.6875,4229.231,4194.359,4155.385,4158.462,4077.436,0.19110103074545778,0.02435847910439104,0.047672361584407,0.10113797266177411,0.09596207909878904,0.39656180896851556,0.11277724153982387,0.34294384015123697,0.07496625240421097,0.06258588715277441,0.2821455519932018,0.1785033991586943,0.029172575531264303,0.0712749599765164
62.5,4231.795,4215.897,4158.462,4177.949,4095.897,0.19110103074545778,0.02435847910439104,0.047672361584407,0.10113797266177411,0.09596207909878904,0.39656180896851556,0.11277724153982387,0.34294384015123697,0.07496625240421097,0.06258588715277441,0.2821455519932018,0.1785033991586943,0.029172575531264303,0.0712749599765164
70.3125,4215.897,4194.359,4132.821,4137.949,4058.974,0.19110103074545778,0.02435847910439104,0.047672361584407,0.10113797266177411,0.09596207909878904,0.39656180896851556,0.11277724153982387,0.34294384015123697,0.07496625240421097,0.06258588715277441,0.2821455519932018,0.1785033991586943,0.029172575531264303,0.0712749599765164
78.125,4228.718,4192.308,4120.0,4141.026,4063.59,0.19110103074545778,0.02435847910439104,0.047672361584407,0.10113797266177411,0.09596207909878904,0.39656180896851556,0.11277724153982387,0.34294384015123697,0.07496625240421097,0.06258588715277441,0.2821455519932018,0.1785033991586943,0.029172575531264303,0.0712749599765164
85.9375,4233.846,4212.308,4130.769,4167.692,4103.59,0.19110103074545778,0.02435847910439104,0.047672361584407,0.10113797266177411,0.09596207909878904,0.39656180896851556,0.11277724153982387,0.34294384015123697,0.07496625240421097,0.06258588715277441,0.2821455519932018,0.1785033991586943,0.029172575531264303,0.0712749599765164
93.75,4219.487,4190.256,4133.846,4157.436,4096.923,0.19110103074545778,0.02435847910439104,0.047672361584407,0.10113797266177411,0.09596207909878904,0.39656180896851556,0.11277724153982387,0.34294384015123697,0.07496625240421097,0.06258588715277441,0.2821455519932018,0.1785033991586943,0.029172575531264303,0.0712749599765164
101.5625,4208.718,4171.282,4115.385,4142.051,4074.872,0.19110103074545778,0.02435847910439104,0.047672361584407,0.10113797266177411,0.09596207909878904,0.39656180896851556,0.11277724153982387,0.34294384015123697,0.07496625240421097,0.06258588715277441,0.2821455519932018,0.1785033991586943,0.029172575531264303,0.0712749599765164
109.375,4209.231,4183.59,4118.974,4136.923,4075.897,0.19110103074545778,0.02435847910439104,0.047672361584407,0.10113797266177411,0.09596207909878904,0.39656180896851556,0.11277724153982387,0.34294384015123697,0.07496625240421097,0.06258588715277441,0.2821455519932018,0.1785033991586943,0.029172575531264303,0.0712749599765164
117.1875,4225.128,4191.282,4128.718,4132.308,4080.0,0.19110103074545778,0.02435847910439104,0.047672361584407,0.10113797266177411,0.09596207909878904,0.39656180896851556,0.11277724153982387,0.34294384015123697,0.07496625240421097,0.06258588715277441,0.2821455519932018,0.1785033991586943,0.029172575531264303,0.0712749599765164
125.0,4212.308,4176.923,4090.769,4103.077,4061.026,0.19110103074545778,0.02435847910439104,0.047672361584407,0.10113797266177411,0.09596207909878904,0.39656180896851556,0.11277724153982387,0.34294384015123697,0.07496625240421097,0.06258588715277441,0.2821455519932018,0.1785033991586943,0.029172575531264303,0.0712749599765164
132.8125,4173.846,4161.538,4064.103,4065.641,4037.949,0.19110103074545778,0.02435847910439104,0.047672361584407,0.10113797266177411,0.09596207909878904,0.39656180896851556,0.11277724153982387,0.34294384015123697,0.07496625240421097,0.06258588715277441,0.2821455519932018,0.1785033991586943,0.029172575531264303,0.0712749599765164
140.625,4182.564,4178.974,4100.513,4080.513,4061.026,0.19110103074545778,0.02435847910439104,0.047672361584407,0.10113797266177411,0.09596207909878904,0.39656180896851556,0.11277724153982387,0.34294384015123697,0.07496625240421097,0.06258588715277441,0.2821455519932018,0.1785033991586943,0.029172575531264303,0.0712749599765164
148.4375,4185.641,4182.051,4104.615,4089.231,4069.231,0.19110103074545778,0.02435847910439104,0.047672361584407,0.10113797266177411,0.09596207909878904,0.39656180896851556,0.11277724153982387,0.34294384015123697,0.07496625240421097,0.06258588715277441,0.2821455519932018,0.1785033991586943,0.029172575531264303,0.0712749599765164
156.25,4130.256,4121.538,4046.667,4033.846,3995.897,0.19110103074545778,0.02435847910439104,0.047672361584407,0.10113797266177411,0.09596207909878904,0.39656180896851556,0.11277724153982387,0.34294384015123697,0.07496625240421097,0.06258588715277441,0.2821455519932018,0.1785033991586943,0.029172575531264303,0.0712749599765164
164.0625,4111.795,4097.949,4033.333,4018.974,3967.692,0.19110103074545778,0.02435847910439104,0.047672361584407,0.10113797266177411,0.09596207909878904,0.39656180896851556,0.11277724153982387,0.34294384015123697,0.07496625240421097,0.06258588715277441,0.2821455519932018,0.1785033991586943,0.029172575531264303,0.0712749599765164
171.875,4170.769,4172.308,4105.128,4078.974,4043.59,0.19110103074545778,0.02435847910439104,0.047672361584407,0.10113797266177411,0.09596207909878904,0.39656180896851556,0.11277724153982387,0.34294384015123697,0.07496625240421097,0.06258588715277441,0.2821455519932018,0.1785033991586943,0.029172575531264303,0.0712749599765164
179.6875,4199.487,4202.051,4142.051,4093.333,4074.872,0.19110103074545778,0.02435847910439104,0.047672361584407,0.10113797266177411,0.09596207909878904,0.39656180896851556,0.11277724153982387,0.34294384015123697,0.07496625240421097,0.06258588715277441,0.2821455519932018,0.1785033991586943,0.029172575531264303,0.0712749599765164
187.5,4166.667,4152.821,4109.231,4044.615,4027.692,0.19110103074545778,0.02435847910439104,0.047672361584407,0.10113797266177411,0.09596207909878904,0.39656180896851556,0.11277724153982387,0.34294384015123697,0.07496625240421097,0.06258588715277441,0.2821455519932018,0.1785033991586943,0.029172575531264303,0.0712749599765164
195.3125,4173.846,4151.282,4109.231,4041.538,4026.154,0.19110103074545778,0.02435847910439104,0.047672361584407,0.10113797266177411,0.09596207909878904,0.39656180896851556,0.11277724153982387,0.34294384015123697,0.07496625240421097,0.06258588715277441,0.2821455519932018,0.1785033991586943,0.029172575531264303,0.0712749599765164
203.125,4215.897,4199.487,4133.333,4078.462,4082.564,0.19110103074545778,0.02435847910439104,0.047672361584407,0.10113797266177411,0.09596207909878904,0.39656180896851556,0.11277724153982387,0.34294384015123697,0.07496625240421097,0.06258588715277441,0.2821455519932018,0.1785033991586943,0.029172575531264303,0.0712749599765164
210.9375,4232.308,4209.744,4142.051,4087.692,4111.282,0.19110103074545778,0.02435847910439104,0.047672361584407,0.10113797266177411,0.09596207909878904,0.39656180896851556,0.11277724153982387,0.34294384015123697,0.07496625240421097,0.06258588715277441,0.2821455519932018,0.1785033991586943,0.029172575531264303,0.0712749599765164
218.75,4242.051,4193.846,4136.923,4098.974,4107.179,0.19110103074545778,0.02435847910439104,0.047672361584407,0.10113797266177411,0.09596207909878904,0.39656180896851556,0.11277724153982387,0.34294384015123697,0.07496625240421097,0.06258588715277441,0.2821455519932018,0.1785033991586943,0.029172575531264303,0.0712749599765164
226.5625,4237.949,4210.256,4124.615,4116.923,4104.615,0.19110103074545778,0.02435847910439104,0.047672361584407,0.10113797266177411,0.09596207909878904,0.39656180896851556,0.11277724153982387,0.34294384015123697,0.07496625240421097,0.06258588715277441,0.2821455519932018,0.1785033991586943,0.029172575531264303,0.0712749599765164
234.375,4224.103,4224.615,4132.821,4098.462,4100.513,0.19110103074545778,0.02435847910439104,0.047672361584407,0.10113797266177411,0.09596207909878904,0.39656180896851556,0.11277724153982387,0.34294384015123697,0.07496625240421097,0.06258588715277441,0.2821455519932018,0.1785033991586943,0.029172575531264303,0.0712749599765164
242.1875,4243.077,4212.308,4139.487,4098.974,4101.026,0.19110103074545778,0.02435847910439104,0.047672361584407,0.10113797266177411,0.09596207909878904,0.39656180896851556,0.11277724153982387,0.34294384015123697,0.07496625240421097,0.06258588715277441,0.2821455519932018,0.1785033991586943,0.029172575531264303,0.0712749599765164
250.0,4251.795,4216.41,4112.308,4126.154,4111.795,0.19110103074545778,0.02435847910439104,0.047672361584407,0.10113797266177411,0.09596207909878904,0.39656180896851556,0.11277724153982387,0.34294384015123697,0.07496625240421097,0.06258588715277441,0.2821455519932018,0.1785033991586943,0.029172575531264303,0.0712749599765164
257.8125,4228.205,4226.667,4123.077,4110.256,4111.282,0.19110103074545778,0.02435847910439104,0.047672361584407,0.10113797266177411,0.09596207909878904,0.39656180896851556,0.11277724153982387,0.34294384015123697,0.07496625240421097,0.06258588715277441,0.2821455519932018,0.1785033991586943,0.029172575531264303,0.0712749599765164
265.625,4240.513,4213.846,4167.179,4092.821,4104.615,0.19110103074545778,0.02435847910439104,0.047672361584407,0.10113797266177411,0.09596207909878904,0.39656180896851556,0.11277724153982387,0.34294384015123697,0.07496625240421097,0.06258588715277441,0.2821455519932018,0.1785033991586943,0.029172575531264303,0.0712749599765164
273.4375,4248.205,4219.487,4156.41,4108.718,4102.564,0.19110103074545778,0.02435847910439104,0.047672361584407,0.10113797266177411,0.09596207909878904,0.39656180896851556,0.11277724153982387,0.34294384015123697,0.07496625240421097,0.06258588715277441,0.2821455519932018,0.1785033991586943,0.029172575531264303,0.0712749599765164
281.25,4225.641,4233.846,4154.359,4104.615,4096.41,0.19110103074545778,0.02435847910439104,0.047672361584407,0.10113797266177411,0.09596207909878904,0.39656180896851556,0.11277724153982387,0.34294384015123697,0.07496625240421097,0.06258588715277441,0.2821455519932018,0.1785033991586943,0.029172575531264303,0.0712749599765164
289.0625,4244.103,4229.231,4184.103,4106.154,4109.231,0.19110103074545778,0.02435847910439104,0.047672361584407,0.10113797266177411,0.09596207909878904,0.39656180896851556,0.11277724153982387,0.34294384015123697,0.07496625240421097,0.06258588715277441,0.2821455519932018,0.1785033991586943,0.029172575531264303,0.0712749599765164
296.875,4258.462,4232.821,4172.308,4117.436,4130.256,0.19110103074545778,0.02435847910439104,0.047672361584407,0.10113797266177411,0.09596207909878904,0.39656180896851556,0.11277724153982387,0.34294384015123697,0.07496625240421097,0.06258588715277441,0.2821455519932018,0.1785033991586943,0.029172575531264303,0.0712749599765164
304.6875,4237.436,4226.154,4152.821,4098.462,4110.769,0.19110103074545778,0.02435847910439104,0.047672361584407,0.10113797266177411,0.09596207909878904,0.39656180896851556,0.11277724153982387,0.34294384015123697,0.07496625240421097,0.06258588715277441,0.2821455519932018,0.1785033991586943,0.029172575531264303,0.0712749599765164
312.5,4243.59,4207.692,4153.846,4098.462,4098.974,0.19110103074545778,0.02435847910439104,0.047672361584407,0.10113797266177411,0.09596207909878904,0.39656180896851556,0.11277724153982387,0.34294384015123697,0.07496625240421097,0.06258588715277441,0.2821455519932018,0.1785033991586943,0.029172575531264303,0.0712749599765164
320.3125,4249.231,4209.231,4147.692,4122.051,4119.487,0.19110103074545778,0.02435847910439104,0.047672361584407,0.10113797266177411,0.09596207909878904,0.39656180896851556,0.11277724153982387,0.34294384015123697,0.07496625240421097,0.06258588715277441,0.2821455519932018,0.1785033991586943,0.029172575531264303,0.0712749599765164
328.125,4223.077,4203.077,4132.821,4110.769,4115.897,0.19110103074545778,0.02435847910439104,0.047672361584407,0.10113797266177411,0.09596207909878904,0.39656180896851556,0.11277724153982387,0.34294384015123697,0.07496625240421097,0.06258588715277441,0.2821455519932018,0.1785033991586943,0.029172575531264303,0.0712749599765164
335.9375,4207.179,4180.0,4117.949,4085.128,4087.179,0.19110103074545778,0.02435847910439104,0.047672361584407,0.10113797266177411,0.09596207909878904,0.39656180896851556,0.11277724153982387,0.34294384015123697,0.07496625240421097,0.06258588715277441,0.2821455519932018,0.1785033991586943,0.029172575531264303,0.0712749599765164
343.75,4208.205,4177.436,4101.538,4086.667,4076.41,0.19110103074545778,0.02435847910439104,0.047672361584407,0.10113797266177411,0.09596207909878904,0.39656180896851556,0.11277724153982387,0.34294384015123697,0.07496625240421097,0.06258588715277441,0.2821455519932018,0.1785033991586943,0.029172575531264303,0.0712749599765164
351.5625,4196.41,4188.718,4109.231,4085.128,4081.026,0.19110103074545778,0.02435847910439104,0.047672361584407,0.10113797266177411,0.09596207909878904,0.39656180896851556,0.11277724153982387,0.34294384015123697,0.07496625240421097,0.06258588715277441,0.2821455519932018,0.1785033991586943,0.029172575531264303,0.0712749599765164
359.375,4188.718,4179.487,4134.872,4073.333,4077.949,0.19110103074545778,0.02435847910439104,0.047672361584407,0.10113797266177411,0.09596207909878904,0.39656180896851556,0.11277724153982387,0.34294384015123697,0.07496625240421097,0.06258588715277441,0.2821455519932018,0.1785033991586943,0.029172575531264303,0.0712749599765164
367.1875,4195.385,4184.615,4142.564,4080.0,4089.744,0.19110103074545778,0.02435847910439104,0.047672361584407,0.10113797266177411,0.09596207909878904,0.39656180896851556,0.11277724153982387,0.34294384015123697,0.07496625240421097,0.06258588715277441,0.2821455519932018,0.1785033991586943,0.029172575531264303,0.0712749599765164
375.0,4202.051,4211.282,4149.231,4081.538,4102.051,0.19110103074545778,0.02435847910439104,0.047672361584407,0.10113797266177411,0.09596207909878904,0.39656180896851556,0.11277724153982387,0.34294384015123697,0.07496625240421097,0.06258588715277441,0.2821455519932018,0.1785033991586943,0.029172575531264303,0.0712749599765164
382.8125,4218.974,4213.846,4171.795,4083.077,4101.026,0.19110103074545778,0.02435847910439104,0.047672361584407,0.10113797266177411,0.09596207909878904,0.39656180896851556,0.11277724153982387,0.34294384015123697,0.07496625240421097,0.06258588715277441,0.2821455519932018,0.1785033991586943,0.029172575531264303,0.0712749599765164
390.625,4247.692,4218.462,4181.538,4122.051,4131.282,0.19110103074545778,0.02435847910439104,0.047672361584407,0.10113797266177411,0.09596207909878904,0.39656180896851556,0.11277724153982387,0.34294384015123697,0.07496625240421097,0.06258588715277441,0.2821455519932018,0.1785033991586943,0.029172575531264303,0.0712749599765164
398.4375,4252.821,4248.718,4170.769,4149.744,4174.872,0.19110103074545778,0.02435847910439104,0.047672361584407,0.10113797266177411,0.09596207909878904,0.39656180896851556,0.11277724153982387,0.34294384015123697,0.07496625240421097,0.06258588715277441,0.2821455519932018,0.1785033991586943,0.029172575531264303,0.0712749599765164
406.25,4244.615,4250.256,4178.462,4121.026,4163.59,0.19110103074545778,0.02435847910439104,0.047672361584407,0.10113797266177411,0.09596207909878904,0.39656180896851556,0.11277724153982387,0.34294384015123697,0.07496625240421097,0.06258588715277441,0.2821455519932018,0.1785033991586943,0.029172575531264303,0.0712749599765164
414.0625,4271.795,4225.641,4188.205,4109.744,4149.744,0.19110103074545778,0.02435847910439104,0.047672361584407,0.10113797266177411,0.09596207909878904,0.39656180896851556,0.11277724153982387,0.34294384015123697,0.07496625240421097,0.06258588715277441,0.2821455519932018,0.1785033991586943,0.029172575531264303,0.0712749599765164
421.875,4280.513,4248.718,4163.077,4135.385,4182.564,0.19110103074545778,0.02435847910439104,0.047672361584407,0.10113797266177411,0.09596207909878904,0.39656180896851556,0.11277724153982387,0.34294384015123697,0.07496625240421097,0.06258588715277441,0.2821455519932018,0.1785033991586943,0.029172575531264303,0.0712749599765164
429.6875,4244.615,4264.103,4165.641,4124.615,4169.231,0.19110103074545778,0.02435847910439104,0.047672361584407,0.10113797266177411,0.09596207909878904,0.39656180896851556,0.11277724153982387,0.34294384015123697,0.07496625240421097,0.06258588715277441,0.2821455519932018,0.1785033991586943,0.029172575531264303,0.0712749599765164
437.5,4249.744,4222.564,4184.615,4118.462,4128.205,0.19110103074545778,0.02435847910439104,0.047672361584407,0.10113797266177411,0.09596207909878904,0.39656180896851556,0.11277724153982387,0.34294384015123697,0.07496625240421097,0.06258588715277441,0.2821455519932018,0.1785033991586943,0.029172575531264303,0.0712749599765164
445.3125,4266.667,4217.436,4156.923,4140.0,4150.769,0.19110103074545778,0.02435847910439104,0.047672361584407,0.10113797266177411,0.09596207909878904,0.39656180896851556,0.11277724153982387,0.34294384015123697,0.07496625240421097,0.06258588715277441,0.2821455519932018,0.1785033991586943,0.029172575531264303,0.0712749599765164
453.125,4235.897,4232.308,4144.615,4126.154,4163.077,0.19110103074545778,0.02435847910439104,0.047672361584407,0.10113797266177411,0.09596207909878904,0.39656180896851556,0.11277724153982387,0.34294384015123697,0.07496625240421097,0.06258588715277441,0.2821455519932018,0.1785033991586943,0.029172575531264303,0.0712749599765164
460.9375,4224.103,4204.103,4160.0,4108.205,4130.769,0.19110103074545778,0.02435847910439104,0.047672361584407,0.10113797266177411,0.09596207909878904,0.39656180896851556,0.11277724153982387,0.34294384015123697,0.07496625240421097,0.06258588715277441,0.2821455519932018,0.1785033991586943,0.029172575531264303,0.0712749599765164
468.75,4237.436,4208.205,4145.128,4116.923,4136.923,0.19110103074545778,0.02435847910439104,0.047672361584407,0.10113797266177411,0.09596207909878904,0.39656180896851556,0.11277724153982387,0.34294384015123697,0.07496625240421097,0.06258588715277441,0.2821455519932018,0.1785033991586943,0.029172575531264303,0.0712749599765164
476.5625,4232.821,4247.692,4151.282,4105.128,4155.897,0.19110103074545778,0.02435847910439104,0.047672361584407,0.10113797266177411,0.09596207909878904,0.39656180896851556,0.11277724153982387,0.34294384015123697,0.07496625240421097,0.06258588715277441,0.2821455519932018,0.1785033991586943,0.029172575531264303,0.0712749599765164
484.375,4237.949,4235.897,4182.051,4084.103,4140.513,0.19110103074545778,0.02435847910439104,0.047672361584407,0.10113797266177411,0.09596207909878904,0.39656180896851556,0.11277724153982387,0.34294384015123697,0.07496625240421097,0.06258588715277441,0.2821455519932018,0.1785033991586943,0.029172575531264303,0.0712749599765164
492.1875,4232.821,4211.282,4160.0,4081.538,4129.744,0.19110103074545778,0.02435847910439104,0.047672361584407,0.10113797266177411,0.09596207909878904,0.39656180896851556,0.11277724153982387,0.34294384015123697,0.07496625240421097,0.06258588715277441,0.2821455519932018,0.1785033991586943,0.029172575531264303,0.0712749599765164
500.0,4205.641,4213.846,4138.974,4074.359,4120.513,0.19110103074545778,0.02435847910439104,0.047672361584407,0.10113797266177411,0.09596207909878904,0.39656180896851556,0.11277724153982387,0.34294384015123697,0.07496625240421097,0.06258588715277441,0.2821455519932018,0.1785033991586943,0.029172575531264303,0.0712749599765164
507.8125,4217.436,4208.205,4156.923,4084.615,4121.026,0.19110103074545778,0.02435847910439104,0.047672361584407,0.10113797266177411,0.09596207909878904,0.39656180896851556,0.11277724153982387,0.34294384015123697,0.07496625240421097,0.06258588715277441,0.2821455519932018,0.1785033991586943,0.029172575531264303,0.0712749599765164
515.625,4238.974,4219.487,4156.41,4114.359,4158.462,0.19110103074545778,0.02435847910439104,0.047672361584407,0.10113797266177411,0.09596207909878904,0.39656180896851556,0.11277724153982387,0.34294384015123697,0.07496625240421097,0.06258588715277441,0.2821455519932018,0.1785033991586943,0.029172575531264303,0.0712749599765164
523.4375,4237.949,4239.487,4167.692,4119.487,4170.256,0.19110103074545778,0.02435847910439104,0.047672361584407,0.10113797266177411,0.09596207909878904,0.39656180896851556,0.11277724153982387,0.34294384015123697,0.07496625240421097,0.06258588715277441,0.2821455519932018,0.1785033991586943,0.029172575531264303,0.0712749599765164
531.25,4245.641,4224.615,4185.128,4113.846,4142.051,0.19110103074545778,0.02435847910439104,0.047672361584407,0.10113797266177411,0.09596207909878904,0.39656180896851556,0.11277724153982387,0.34294384015123697,0.07496625240421097,0.06258588715277441,0.2821455519932018,0.1785033991586943,0.029172575531264303,0.0712749599765164
539.0625,4233.333,4210.256,4161.538,4100.513,4130.769,0.19110103074545778,0.02435847910439104,0.047672361584407,0.10113797266177411,0.09596207909878904,0.39656180896851556,0.11277724153982387,0.34294384015123697,0.07496625240421097,0.06258588715277441,0.2821455519932018,0.1785033991586943,0.029172575531264303,0.0712749599765164
546.875,4206.667,4213.846,4145.128,4078.974,4125.641,0.19110103074545778,0.02435847910439104,0.047672361584407,0.10113797266177411,0.09596207909878904,0.39656180896851556,0.11277724153982387,0.34294384015123697,0.07496625240421097,0.06258588715277441,0.2821455519932018,0.1785033991586943,0.029172575531264303,0.0712749599765164
554.6875,4205.128,4211.282,4151.282,4078.974,4105.128,0.19110103074545778,0.02435847910439104,0.047672361584407,0.10113797266177411,0.09596207909878904,0.39656180896851556,0.11277724153982387,0.34294384015123697,0.07496625240421097,0.06258588715277441,0.2821455519932018,0.1785033991586943,0.029172575531264303,0.0712749599765164
562.5,4202.564,4204.615,4147.692,4082.051,4090.769,0.19110103074545778,0.02435847910439104,0.047672361584407,0.10113797266177411,0.09596207909878904,0.39656180896851556,0.11277724153982387,0.34294384015123697,0.07496625240421097,0.06258588715277441,0.2821455519932018,0.1785033991586943,0.029172575531264303,0.0712749599765164
570.3125,4197.949,4209.231,4150.769,4081.026,4104.103,0.19110103074545778,0.02435847910439104,0.047672361584407,0.10113797266177411,0.09596207909878904,0.39656180896851556,0.11277724153982387,0.34294384015123697,0.07496625240421097,0.06258588715277441,0.2821455519932018,0.1785033991586943,0.029172575531264303,0.0712749599765164
578.125,4211.795,4228.718,4164.103,4083.59,4132.821,0.19110103074545778,0.02435847910439104,0.047672361584407,0.10113797266177411,0.09596207909878904,0.39656180896851556,0.11277724153982387,0.34294384015123697,0.07496625240421097,0.06258588715277441,0.2821455519932018,0.1785033991586943,0.029172575531264303,0.0712749599765164
585.9375,4225.641,4236.41,4175.385,4083.077,4137.949,0.19110103074545778,0.02435847910439104,0.047672361584407,0.10113797266177411,0.09596207909878904,0.39656180896851556,0.11277724153982387,0.34294384015123697,0.07496625240421097,0.06258588715277441,0.2821455519932018,0.1785033991586943,0.029172575531264303,0.0712749599765164
593.75,4231.282,4232.821,4177.949,4095.385,4135.897,0.19110103074545778,0.02435847910439104,0.047672361584407,0.10113797266177411,0.09596207909878904,0.39656180896851556,0.11277724153982387,0.34294384015123697,0.07496625240421097,0.06258588715277441,0.2821455519932018,0.1785033991586943,0.029172575531264303,0.0712749599765164
601.5625,4227.179,4242.051,4170.256,4104.615,4150.769,0.19110103074545778,0.02435847910439104,0.047672361584407,0.10113797266177411,0.09596207909878904,0.39656180896851556,0.11277724153982387,0.34294384015123697,0.07496625240421097,0.06258588715277441,0.2821455519932018,0.1785033991586943,0.029172575531264303,0.0712749599765164
609.375,4215.897,4236.41,4158.974,4080.0,4145.641,0.19110103074545778,0.02435847910439104,0.047672361584407,0.10113797266177411,0.09596207909878904,0.39656180896851556,0.11277724153982387,0.34294384015123697,0.07496625240421097,0.06258588715277441,0.2821455519932018,0.1785033991586943,0.029172575531264303,0.0712749599765164
617.1875,4220.513,4217.949,4159.487,4071.795,4126.667,0.19110103074545778,0.02435847910439104,0.047672361584407,0.10113797266177411,0.09596207909878904,0.39656180896851556,0.11277724153982387,0.34294384015123697,0.07496625240421097,0.06258588715277441,0.2821455519932018,0.1785033991586943,0.029172575531264303,0.0712749599765164
625.0,4203.077,4211.795,4150.256,4078.974,4109.231,0.19110103074545778,0.02435847910439104,0.047672361584407,0.10113797266177411,0.09596207909878904,0.39656180896851556,0.11277724153982387,0.34294384015123697,0.07496625240421097,0.06258588715277441,0.2821455519932018,0.1785033991586943,0.029172575531264303,0.0712749599765164
632.8125,4148.718,4184.103,4121.538,4034.872,4069.231,0.19110103074545778,0.02435847910439104,0.047672361584407,0.10113797266177411,0.09596207909878904,0.39656180896851556,0.11277724153982387,0.34294384015123697,0.07496625240421097,0.06258588715277441,0.2821455519932018,0.1785033991586943,0.029172575531264303,0.0712749599765164
640.625,4137.949,4146.667,4100.0,4001.538,4050.256,0.19110103074545778,0.02435847910439104,0.047672361584407,0.10113797266177411,0.09596207909878904,0.39656180896851556,0.11277724153982387,0.34294384015123697,0.07496625240421097,0.06258588715277441,0.2821455519932018,0.1785033991586943,0.029172575531264303,0.0712749599765164
648.4375,4167.179,4163.077,4097.436,4033.333,4088.205,0.19110103074545778,0.02435847910439104,0.047672361584407,0.10113797266177411,0.09596207909878904,0.39656180896851556,0.11277724153982387,0.34294384015123697,0.07496625240421097,0.06258588715277441,0.2821455519932018,0.1785033991586943,0.029172575531264303,0.0712749599765164
656.25,4191.795,4193.333,4126.667,4070.256,4117.949,0.19110103074545778,0.02435847910439104,0.047672361584407,0.10113797266177411,0.09596207909878904,0.39656180896851556,0.11277724153982387,0.34294384015123697,0.07496625240421097,0.06258588715277441,0.2821455519932018,0.1785033991586943,0.029172575531264303,0.0712749599765164
664.0625,4227.179,4201.026,4155.897,4103.59,4132.308,0.19110103074545778,0.02435847910439104,0.047672361584407,0.10113797266177411,0.09596207909878904,0.39656180896851556,0.11277724153982387,0.34294384015123697,0.07496625240421097,0.06258588715277441,0.2821455519932018,0.1785033991586943,0.029172575531264303,0.0712749599765164
671.875,4244.103,4219.487,4153.846,4125.128,4160.0,0.19110103074545778,0.02435847910439104,0.047672361584407,0.10113797266177411,0.09596207909878904,0.39656180896851556,0.11277724153982387,0.34294384015123697,0.07496625240421097,0.06258588715277441,0.2821455519932018,0.1785033991586943,0.029172575531264303,0.0712749599765164
679.6875,4227.179,4212.821,4140.0,4098.974,4154.359,0.19110103074545778,0.02435847910439104,0.047672361584407,0.10113797266177411,0.09596207909878904,0.39656180896851556,0.11277724153982387,0.34294384015123697,0.07496625240421097,0.06258588715277441,0.2821455519932018,0.1785033991586943,0.029172575531264303,0.0712749599765164
687.5,4207.692,4189.231,4125.641,4065.641,4111.795,0.19110103074545778,0.02435847910439104,0.047672361584407,0.10113797266177411,0.09596207909878904,0.39656180896851556,0.11277724153982387,0.34294384015123697,0.07496625240421097,0.06258588715277441,0.2821455519932018,0.1785033991586943,0.029172575531264303,0.0712749599765164
695.3125,4201.538,4192.821,4130.769,4066.154,4097.949,0.19110103074545778,0.02435847910439104,0.047672361584407,0.10113797266177411,0.09596207909878904,0.39656180896851556,0.11277724153982387,0.34294384015123697,0.07496625240421097,0.06258588715277441,0.2821455519932018,0.1785033991586943,0.029172575531264303,0.0712749599765164
703.125,4210.769,4204.615,4142.564,4084.615,4132.308,0.19110103074545778,0.02435847910439104,0.047672361584407,0.10113797266177411,0.09596207909878904,0.39656180896851556,0.11277724153982387,0.34294384015123697,0.07496625240421097,0.06258588715277441,0.2821455519932018,0.1785033991586943,0.029172575531264303,0.0712749599765164
710.9375,4229.744,4223.077,4147.692,4102.564,4161.538,0.19110103074545778,0.02435847910439104,0.047672361584407,0.10113797266177411,0.09596207909878904,0.39656180896851556,0.11277724153982387,0.34294384015123697,0.07496625240421097,0.06258588715277441,0.2821455519932018,0.1785033991586943,0.029172575531264303,0.0712749599765164
718.75,4234.359,4243.59,4160.0,4098.974,4147.692,0.19110103074545778,0.02435847910439104,0.047672361584407,0.10113797266177411,0.09596207909878904,0.39656180896851556,0.11277724153982387,0.34294384015123697,0.07496625240421097,0.06258588715277441,0.2821455519932018,0.1785033991586943,0.029172575531264303,0.0712749599765164
726.5625,4236.41,4237.436,4170.256,4090.256,4135.385,0.19110103074545778,0.02435847910439104,0.047672361584407,0.10113797266177411,0.09596207909878904,0.39656180896851556,0.11277724153982387,0.34294384015123697,0.07496625240421097,0.06258588715277441,0.2821455519932018,0.1785033991586943,0.029172575531264303,0.0712749599765164
734.375,4240.0,4227.179,4147.179,4096.923,4150.256,0.19110103074545778,0.02435847910439104,0.047672361584407,0.10113797266177411,0.09596207909878904,0.39656180896851556,0.11277724153982387,0.34294384015123697,0.07496625240421097,0.06258588715277441,0.2821455519932018,0.1785033991586943,0.029172575531264303,0.0712749599765164
742.1875,4234.872,4237.436,4140.513,4098.974,4153.846,0.19110103074545778,0.02435847910439104,0.047672361584407,0.10113797266177411,0.09596207909878904,0.39656180896851556,0.11277724153982387,0.34294384015123697,0.07496625240421097,0.06258588715277441,0.2821455519932018,0.1785033991586943,0.029172575531264303,0.0712749599765164
750.0,4248.718,4223.077,4173.846,4101.538,4148.205,0.19110103074545778,0.02435847910439104,0.047672361584407,0.10113797266177411,0.09596207909878904,0.39656180896851556,0.11277724153982387,0.34294384015123697,0.07496625240421097,0.06258588715277441,0.2821455519932018,0.1785033991586943,0.029172575531264303,0.0712749599765164
757.8125,4262.564,4217.436,4168.718,4125.641,4169.744,0.19110103074545778,0.02435847910439104,0.047672361584407,0.10113797266177411,0.09596207909878904,0.39656180896851556,0.11277724153982387,0.34294384015123697,0.07496625240421097,0.06258588715277441,0.2821455519932018,0.1785033991586943,0.029172575531264303,0.0712749599765164
765.625,4242.564,4234.359,4153.846,4127.179,4174.872,0.19110103074545778,0.02435847910439104,0.047672361584407,0.10113797266177411,0.09596207909878904,0.39656180896851556,0.11277724153982387,0.34294384015123697,0.07496625240421097,0.06258588715277441,0.2821455519932018,0.1785033991586943,0.029172575531264303,0.0712749599765164
773.4375,4243.59,4217.436,4168.718,4118.974,4152.821,0.19110103074545778,0.02435847910439104,0.047672361584407,0.10113797266177411,0.09596207909878904,0.39656180896851556,0.11277724153982387,0.34294384015123697,0.07496625240421097,0.06258588715277441,0.2821455519932018,0.1785033991586943,0.029172575531264303,0.0712749599765164
781.25,4255.897,4215.897,4154.359,4131.795,4156.923,0.19110103074545778,0.02435847910439104,0.047672361584407,0.10113797266177411,0.09596207909878904,0.39656180896851556,0.11277724153982387,0.34294384015123697,0.07496625240421097,0.06258588715277441,0.2821455519932018,0.1785033991586943,0.029172575531264303,0.0712749599765164
789.0625,4231.795,4232.821,4138.974,4110.769,4142.564,0.19110103074545778,0.02435847910439104,0.047672361584407,0.10113797266177411,0.09596207909878904,0.39656180896851556,0.11277724153982387,0.34294384015123697,0.07496625240421097,0.06258588715277441,0.2821455519932018,0.1785033991586943,0.029172575531264303,0.0712749599765164
796.875,4222.564,4217.436,4147.692,4094.359,4113.846,0.19110103074545778,0.02435847910439104,0.047672361584407,0.10113797266177411,0.09596207909878904,0.39656180896851556,0.11277724153982387,0.34294384015123697,0.07496625240421097,0.06258588715277441,0.2821455519932018,0.1785033991586943,0.029172575531264303,0.0712749599765164
804.6875,4236.41,4227.692,4134.359,4123.59,4141.026,0.19110103074545778,0.02435847910439104,0.047672361584407,0.10113797266177411,0.09596207909878904,0.39656180896851556,0.11277724153982387,0.34294384015123697,0.07496625240421097,0.06258588715277441,0.2821455519932018,0.1785033991586943,0.029172575531264303,0.0712749599765164
812.5,4226.667,4249.744,4135.385,4126.154,4151.795,0.19110103074545778,0.02435847910439104,0.047672361584407,0.10113797266177411,0.09596207909878904,0.39656180896851556,0.11277724153982387,0.34294384015123697,0.07496625240421097,0.06258588715277441,0.2821455519932018,0.1785033991586943,0.029172575531264303,0.0712749599765164
820.3125,4233.333,4225.128,4164.103,4124.103,4127.179,0.19110103074545778,0.02435847910439104,0.047672361584407,0.10113797266177411,0.09596207909878904,0.39656180896851556,0.11277724153982387,0.34294384015123697,0.07496625240421097,0.06258588715277441,0.2821455519932018,0.1785033991586943,0.029172575531264303,0.0712749599765164
828.125,4255.385,4229.744,4157.436,4153.333,4151.795,0.19110103074545778,0.02435847910439104,0.047672361584407,0.10113797266177411,0.09596207909878904,0.39656180896851556,0.11277724153982387,0.34294384015123697,0.07496625240421097,0.06258588715277441,0.2821455519932018,0.1785033991586943,0.029172575531264303,0.0712749599765164
835.9375,4242.564,4257.436,4154.359,4139.487,4168.205,0.19110103074545778,0.02435847910439104,0.047672361584407,0.10113797266177411,0.09596207909878904,0.39656180896851556,0.11277724153982387,0.34294384015123697,0.07496625240421097,0.06258588715277441,0.2821455519932018,0.1785033991586943,0.029172575531264303,0.0712749599765164
843.75,4239.487,4228.205,4185.128,4108.718,4138.462,0.19110103074545778,0.02435847910439104,0.047672361584407,0.10113797266177411,0.09596207909878904,0.39656180896851556,0.11277724153982387,0.34294384015123697,0.07496625240421097,0.06258588715277441,0.2821455519932018,0.1785033991586943,0.029172575531264303,0.0712749599765164
851.5625,4257.436,4214.359,4170.769,4123.077,4144.615,0.19110103074545778,0.02435847910439104,0.047672361584407,0.10113797266177411,0.09596207909878904,0.39656180896851556,0.11277724153982387,0.34294384015123697,0.07496625240421097,0.06258588715277441,0.2821455519932018,0.1785033991586943,0.029172575531264303,0.0712749599765164
859.375,4250.256,4237.949,4144.103,4115.385,4162.564,0.19110103074545778,0.02435847910439104,0.047672361584407,0.10113797266177411,0.09596207909878904,0.39656180896851556,0.11277724153982387,0.34294384015123697,0.07496625240421097,0.06258588715277441,0.2821455519932018,0.1785033991586943,0.029172575531264303,0.0712749599765164
867.1875,4247.692,4227.692,4156.41,4097.949,4149.231,0.19110103074545778,0.02435847910439104,0.047672361584407,0.10113797266177411,0.09596207909878904,0.39656180896851556,0.11277724153982387,0.34294384015123697,0.07496625240421097,0.06258588715277441,0.2821455519932018,0.1785033991586943,0.029172575531264303,0.0712749599765164
875.0,4241.026,4207.692,4146.667,4100.0,4132.308,0.19110103074545778,0.02435847910439104,0.047672361584407,0.10113797266177411,0.09596207909878904,0.39656180896851556,0.11277724153982387,0.34294384015123697,0.07496625240421097,0.06258588715277441,0.2821455519932018,0.1785033991586943,0.029172575531264303,0.0712749599765164
882.8125,4210.769,4203.077,4124.103,4080.513,4111.795,0.19110103074545778,0.02435847910439104,0.047672361584407,0.10113797266177411,0.09596207909878904,0.39656180896851556,0.11277724153982387,0.34294384015123697,0.07496625240421097,0.06258588715277441,0.2821455519932018,0.1785033991586943,0.029172575531264303,0.0712749599765164
890.625,4207.179,4205.641,4125.641,4072.821,4106.154,0.19110103074545778,0.02435847910439104,0.047672361584407,0.10113797266177411,0.09596207909878904,0.39656180896851556,0.11277724153982387,0.34294384015123697,0.07496625240421097,0.06258588715277441,0.2821455519932018,0.1785033991586943,0.029172575531264303,0.0712749599765164
898.4375,4220.513,4212.821,4127.179,4091.282,4118.974,0.19110103074545778,0.02435847910439104,0.047672361584407,0.10113797266177411,0.09596207909878904,0.39656180896851556,0.11277724153982387,0.34294384015123697,0.07496625240421097,0.06258588715277441,0.2821455519932018,0.1785033991586943,0.029172575531264303,0.0712749599765164
906.25,4223.077,4217.949,4131.282,4096.923,4115.897,0.19110103074545778,0.02435847910439104,0.047672361584407,0.10113797266177411,0.09596207909878904,0.39656180896851556,0.11277724153982387,0.34294384015123697,0.07496625240421097,0.06258588715277441,0.2821455519932018,0.1785033991586943,0.029172575531264303,0.0712749599765164
914.0625,4229.744,4220.513,4142.051,4095.385,4101.538,0.19110103074545778,0.02435847910439104,0.047672361584407,0.10113797266177411,0.09596207909878904,0.39656180896851556,0.11277724153982387,0.34294384015123697,0.07496625240421097,0.06258588715277441,0.2821455519932018,0.1785033991586943,0.029172575531264303,0.0712749599765164
921.875,4217.949,4211.795,4125.641,4081.026,4089.231,0.19110103074545778,0.02435847910439104,0.047672361584407,0.10113797266177411,0.09596207909878904,0.39656180896851556,0.11277724153982387,0.34294384015123697,0.07496625240421097,0.06258588715277441,0.2821455519932018,0.1785033991586943,0.029172575531264303,0.0712749599765164
929.6875,4191.282,4192.308,4102.051,4050.769,4082.564,0.19110103074545778,0.02435847910439104,0.047672361584407,0.10113797266177411,0.09596207909878904,0.39656180896851556,0.11277724153982387,0.34294384015123697,0.07496625240421097,0.06258588715277441,0.2821455519932018,0.1785033991586943,0.029172575531264303,0.0712749599765164
937.5,4198.462,4176.923,4109.231,4050.256,4088.718,0.19110103074545778,0.02435847910439104,0.047672361584407,0.10113797266177411,0.09596207909878904,0.39656180896851556,0.11277724153982387,0.34294384015123697,0.07496625240421097,0.06258588715277441,0.2821455519932018,0.1785033991586943,0.029172575531264303,0.0712749599765164
945.3125,4204.615,4174.359,4105.128,4071.795,4095.385,0.19110103074545778,0.02435847910439104,0.047672361584407,0.10113797266177411,0.09596207909878904,0.39656180896851556,0.11277724153982387,0.34294384015123697,0.07496625240421097,0.06258588715277441,0.2821455519932018,0.1785033991586943,0.029172575531264303,0.0712749599765164
953.125,4192.821,4169.744,4096.41,4075.385,4093.846,0.19110103074545778,0.02435847910439104,0.047672361584407,0.10113797266177411,0.09596207909878904,0.39656180896851556,0.11277724153982387,0.34294384015123697,0.07496625240421097,0.06258588715277441,0.2821455519932018,0.1785033991586943,0.029172575531264303,0.0712749599765164
960.9375,4208.718,4176.923,4112.308,4094.872,4105.128,0.19110103074545778,0.02435847910439104,0.047672361584407,0.10113797266177411,0.09596207909878904,0.39656180896851556,0.11277724153982387,0.34294384015123697,0.07496625240421097,0.06258588715277441,0.2821455519932018,0.1785033991586943,0.029172575531264303,0.0712749599765164
968.75,4221.538,4206.667,4128.718,4123.59,4111.795,0.19110103074545778,0.02435847910439104,0.047672361584407,0.10113797266177411,0.09596207909878904,0.39656180896851556,0.11277724153982387,0.34294384015123697,0.07496625240421097,0.06258588715277441,0.2821455519932018,0.1785033991586943,0.029172575531264303,0.0712749599765164
976.5625,4215.385,4211.282,4131.795,4126.154,4107.692,0.19110103074545778,0.02435847910439104,0.047672361584407,0.10113797266177411,0.09596207909878904,0.39656180896851556,0.11277724153982387,0.34294384015123697,0.07496625240421097,0.06258588715277441,0.2821455519932018,0.1785033991586943,0.029172575531264303,0.0712749599765164
984.375,4224.103,4208.205,4133.846,4129.231,4118.974,0.19110103074545778,0.02435847910439104,0.047672361584407,0.10113797266177411,0.09596207909878904,0.39656180896851556,0.11277724153982387,0.34294384015123697,0.07496625240421097,0.06258588715277441,0.2821455519932018,0.1785033991586943,0.029172575531264303,0.0712749599765164
992.1875,4227.692,4214.872,4135.897,4134.359,4123.59,0.19110103074545778,0.02435847910439104,0.047672361584407,0.10113797266177411,0.09596207909878904,0.39656180896851556,0.11277724153982387,0.34294384015123697,0.07496625240421097,0.06258588715277441,0.2821455519932018,0.1785033991586943,0.029172575531264303,0.0712749599765164
1000.0,4206.154,4205.128,4113.333,4115.897,4109.744,0.19110103074545778,0.02435847910439104,0.047672361584407,0.10113797266177411,0.09596207909878904,0.39656180896851556,0.11277724153982387,0.34294384015123697,0.07496625240421097,0.06258588715277441,0.2821455519932018,0.1785033991586943,0.029172575531264303,0.0712749599765164
1007.8125,4189.744,4181.026,4103.077,4085.641,4099.487,0.19110103074545778,0.02435847910439104,0.047672361584407,0.10113797266177411,0.09596207909878904,0.39656180896851556,0.11277724153982387,0.34294384015123697,0.07496625240421097,0.06258588715277441,0.2821455519932018,0.1785033991586943,0.029172575531264303,0.0712749599765164
1015.625,4199.487,4172.308,4114.359,4083.077,4102.564,0.19110103074545778,0.02435847910439104,0.047672361584407,0.10113797266177411,0.09596207909878904,0.39656180896851556,0.11277724153982387,0.34294384015123697,0.07496625240421097,0.06258588715277441,0.2821455519932018,0.1785033991586943,0.029172575531264303,0.0712749599765164
1023.4375,4205.128,4198.462,4123.59,4097.436,4113.846,0.19110103074545778,0.02435847910439104,0.047672361584407,0.10113797266177411,0.09596207909878904,0.39656180896851556,0.11277724153982387,0.34294384015123697,0.07496625240421097,0.06258588715277441,0.2821455519932018,0.1785033991586943,0.029172575531264303,0.0712749599765164
1031.25,4216.923,4215.897,4152.821,4113.333,4117.436,0.19110103074545778,0.02435847910439104,0.047672361584407,0.10113797266177411,0.09596207909878904,0.39656180896851556,0.11277724153982387,0.34294384015123697,0.07496625240421097,0.06258588715277441,0.2821455519932018,0.1785033991586943,0.029172575531264303,0.0712749599765164
1039.0625,4243.59,4209.231,4171.795,4141.026,4128.205,0.19110103074545778,0.02435847910439104,0.047672361584407,0.10113797266177411,0.09596207909878904,0.39656180896851556,0.11277724153982387,0.34294384015123697,0.07496625240421097,0.06258588715277441,0.2821455519932018,0.1785033991586943,0.029172575531264303,0.0712749599765164
1046.875,4238.974,4207.692,4153.333,4151.282,4145.641,0.19110103074545778,0.02435847910439104,0.047672361584407,0.10113797266177411,0.09596207909878904,0.39656180896851556,0.11277724153982387,0.34294384015123697,0.07496625240421097,0.06258588715277441,0.2821455519932018,0.1785033991586943,0.029172575531264303,0.0712749599765164
1054.6875,4220.0,4209.744,4145.641,4143.59,4140.0,0.19110103074545778,0.02435847910439104,0.047672361584407,0.10113797266177411,0.09596207909878904,0.39656180896851556,0.11277724153982387,0.34294384015123697,0.07496625240421097,0.06258588715277441,0.2821455519932018,0.1785033991586943,0.029172575531264303,0.0712749599765164
1062.5,4229.231,4204.103,4148.205,4145.641,4124.615,0.19110103074545778,0.02435847910439104,0.047672361584407,0.10113797266177411,0.09596207909878904,0.39656180896851556,0.11277724153982387,0.34294384015123697,0.07496625240421097,0.06258588715277441,0.2821455519932018,0.1785033991586943,0.029172575531264303,0.0712749599765164
1070.3125,4234.359,4208.718,4133.846,4142.051,4127.179,0.19110103074545778,0.02435847910439104,0.047672361584407,0.10113797266177411,0.09596207909878904,0.39656180896851556,0.11277724153982387,0.34294384015123697,0.07496625240421097,0.06258588715277441,0.2821455519932018,0.1785033991586943,0.029172575531264303,0.0712749599765164
1078.125,4225.641,4218.462,4140.0,4126.154,4130.256,0.19110103074545778,0.02435847910439104,0.047672361584407,0.10113797266177411,0.09596207909878904,0.39656180896851556,0.11277724153982387,0.34294384015123697,0.07496625240421097,0.06258588715277441,0.2821455519932018,0.1785033991586943,0.029172575531264303,0.0712749599765164
1085.9375,4231.282,4213.333,4156.923,4119.487,4123.077,0.19110103074545778,0.02435847910439104,0.047672361584407,0.10113797266177411,0.09596207909878904,0.39656180896851556,0.11277724153982387,0.34294384015123697,0.07496625240421097,0.06258588715277441,0.2821455519932018,0.1785033991586943,0.029172575531264303,0.0712749599765164
1093.75,4235.897,4210.256,4155.385,4115.897,4124.103,0.19110103074545778,0.02435847910439104,0.047672361584407,0.10113797266177411,0.09596207909878904,0.39656180896851556,0.11277724153982387,0.34294384015123697,0.07496625240421097,0.06258588715277441,0.2821455519932018,0.1785033991586943,0.029172575531264303,0.0712749599765164
1101.5625,4232.308,4211.282,4165.128,4105.128,4127.692,0.19110103074545778,0.02435847910439104,0.047672361584407,0.10113797266177411,0.09596207909878904,0.39656180896851556,0.11277724153982387,0.34294384015123697,0.07496625240421097,0.06258588715277441,0.2821455519932018,0.1785033991586943,0.029172575531264303,0.0712749599765164
1109.375,4236.923,4204.103,4163.077,4102.564,4130.769,0.19110103074545778,0.02435847910439104,0.047672361584407,0.10113797266177411,0.09596207909878904,0.39656180896851556,0.11277724153982387,0.34294384015123697,0.07496625240421097,0.06258588715277441,0.2821455519932018,0.1785033991586943,0.029172575531264303,0.0712749599765164
1117.1875,4228.205,4188.205,4124.103,4093.846,4127.179,0.19110103074545778,0.02435847910439104,0.047672361584407,0.10113797266177411,0.09596207909878904,0.39656180896851556,0.11277724153982387,0.34294384015123697,0.07496625240421097,0.06258588715277441,0.2821455519932018,0.1785033991586943,0.029172575531264303,0.0712749599765164
1125.0,4187.692,4156.41,4087.179,4065.128,4089.744,0.19110103074545778,0.02435847910439104,0.047672361584407,0.10113797266177411,0.09596207909878904,0.39656180896851556,0.11277724153982387,0.34294384015123697,0.07496625240421097,0.06258588715277441,0.2821455519932018,0.1785033991586943,0.029172575531264303,0.0712749599765164
1132.8125,4175.385,4138.462,4088.205,4061.026,4061.026,0.19110103074545778,0.02435847910439104,0.047672361584407,0.10113797266177411,0.09596207909878904,0.39656180896851556,0.11277724153982387,0.34294384015123697,0.07496625240421097,0.06258588715277441,0.2821455519932018,0.1785033991586943,0.029172575531264303,0.0712749599765164
1140.625,4203.077,4169.231,4111.795,4094.359,4091.282,0.19110103074545778,0.02435847910439104,0.047672361584407,0.10113797266177411,0.09596207909878904,0.39656180896851556,0.11277724153982387,0.34294384015123697,0.07496625240421097,0.06258588715277441,0.2821455519932018,0.1785033991586943,0.029172575531264303,0.0712749599765164
1148.4375,4220.0,4195.897,4133.846,4108.205,4123.077,0.19110103074545778,0.02435847910439104,0.047672361584407,0.10113797266177411,0.09596207909878904,0.39656180896851556,0.11277724153982387,0.34294384015123697,0.07496625240421097,0.06258588715277441,0.2821455519932018,0.1785033991586943,0.029172575531264303,0.0712749599765164
1156.25,4228.718,4192.821,4141.026,4104.615,4122.564,0.19110103074545778,0.02435847910439104,0.047672361584407,0.10113797266177411,0.09596207909878904,0.39656180896851556,0.11277724153982387,0.34294384015123697,0.07496625240421097,0.06258588715277441,0.2821455519932018,0.1785033991586943,0.029172575531264303,0.0712749599765164
1164.0625,4220.0,4172.821,4118.974,4091.282,4097.436,0.19110103074545778,0.02435847910439104,0.047672361584407,0.10113797266177411,0.09596207909878904,0.39656180896851556,0.11277724153982387,0.34294384015123697,0.07496625240421097,0.06258588715277441,0.2821455519932018,0.1785033991586943,0.029172575531264303,0.0712749599765164
1171.875,4177.949,4138.974,4068.205,4055.897,4058.974,0.19110103074545778,0.02435847910439104,0.047672361584407,0.10113797266177411,0.09596207909878904,0.39656180896851556,0.11277724153982387,0.34294384015123697,0.07496625240421097,0.06258588715277441,0.2821455519932018,0.1785033991586943,0.029172575531264303,0.0712749599765164
1179.6875,4156.923,4144.103,4063.59,4043.077,4054.872,0.19110103074545778,0.02435847910439104,0.047672361584407,0.10113797266177411,0.09596207909878904,0.39656180896851556,0.11277724153982387,0.34294384015123697,0.07496625240421097,0.06258588715277441,0.2821455519932018,0.1785033991586943,0.029172575531264303,0.0712749599765164
1187.5,4190.256,4175.897,4106.667,4077.949,4080.513,0.19110103074545778,0.02435847910439104,0.047672361584407,0.10113797266177411,0.09596207909878904,0.39656180896851556,0.11277724153982387,0.34294384015123697,0.07496625240421097,0.06258588715277441,0.2821455519932018,0.1785033991586943,0.029172575531264303,0.0712749599765164
1195.3125,4211.795,4190.256,4113.333,4107.179,4097.436,0.19110103074545778,0.02435847910439104,0.047672361584407,0.10113797266177411,0.09596207909878904,0.39656180896851556,0.11277724153982387,0.34294384015123697,0.07496625240421097,0.06258588715277441,0.2821455519932018,0.1785033991586943,0.029172575531264303,0.0712749599765164
1203.125,4217.949,4196.923,4118.462,4116.41,4106.667,0.19110103074545778,0.02435847910439104,0.047672361584407,0.10113797266177411,0.09596207909878904,0.39656180896851556,0.11277724153982387,0.34294384015123697,0.07496625240421097,0.06258588715277441,0.2821455519932018,0.1785033991586943,0.029172575531264303,0.0712749599765164
1210.9375,4218.462,4194.359,4133.846,4116.923,4106.667,0.19110103074545778,0.02435847910439104,0.047672361584407,0.10113797266177411,0.09596207909878904,0.39656180896851556,0.11277724153982387,0.34294384015123697,0.07496625240421097,0.06258588715277441,0.2821455519932018,0.1785033991586943,0.029172575531264303,0.0712749599765164
1218.75,4192.821,4169.231,4122.564,4100.513,4073.333,0.19110103074545778,0.02435847910439104,0.047672361584407,0.10113797266177411,0.09596207909878904,0.39656180896851556,0.11277724153982387,0.34294384015123697,0.07496625240421097,0.06258588715277441,0.2821455519932018,0.1785033991586943,0.029172575531264303,0.0712749599765164
1226.5625,4200.513,4170.769,4115.897,4108.205,4076.41,0.19110103074545778,0.02435847910439104,0.047672361584407,0.10113797266177411,0.09596207909878904,0.39656180896851556,0.11277724153982387,0.34294384015123697,0.07496625240421097,0.06258588715277441,0.2821455519932018,0.1785033991586943,0.029172575531264303,0.0712749599765164
1234.375,4241.026,4216.923,4135.385,4145.128,4138.974,0.19110103074545778,0.02435847910439104,0.047672361584407,0.10113797266177411,0.09596207909878904,0.39656180896851556,0.11277724153982387,0.34294384015123697,0.07496625240421097,0.06258588715277441,0.2821455519932018,0.1785033991586943,0.029172575531264303,0.0712749599765164
1242.1875,4234.359,4214.359,4140.0,4147.692,4138.462,0.19110103074545778,0.02435847910439104,0.047672361584407,0.10113797266177411,0.09596207909878904,0.39656180896851556,0.11277724153982387,0.34294384015123697,0.07496625240421097,0.06258588715277441,0.2821455519932018,0.1785033991586943,0.029172575531264303,0.0712749599765164
1250.0,4184.103,4154.872,4115.897,4104.103,4068.718,0.19110103074545778,0.02435847910439104,0.047672361584407,0.10113797266177411,0.09596207909878904,0.39656180896851556,0.11277724153982387,0.34294384015123697,0.07496625240421097,0.06258588715277441,0.2821455519932018,0.1785033991586943,0.029172575531264303,0.0712749599765164
1257.8125,4170.769,4135.897,4107.179,4088.718,4052.821,0.19110103074545778,0.02435847910439104,0.047672361584407,0.10113797266177411,0.09596207909878904,0.39656180896851556,0.11277724153982387,0.34294384015123697,0.07496625240421097,0.06258588715277441,0.2821455519932018,0.1785033991586943,0.029172575531264303,0.0712749599765164
1265.625,4196.923,4174.872,4129.231,4121.026,4104.615,0.19110103074545778,0.02435847910439104,0.047672361584407,0.10113797266177411,0.09596207909878904,0.39656180896851556,0.11277724153982387,0.34294384015123697,0.07496625240421097,0.06258588715277441,0.2821455519932018,0.1785033991586943,0.029172575531264303,0.0712749599765164
1273.4375,4200.0,4180.0,4131.282,4133.333,4117.436,0.19110103074545778,0.02435847910439104,0.047672361584407,0.10113797266177411,0.09596207909878904,0.39656180896851556,0.11277724153982387,0.34294384015123697,0.07496625240421097,0.06258588715277441,0.2821455519932018,0.1785033991586943,0.029172575531264303,0.0712749599765164
1281.25,4168.718,4145.128,4089.231,4108.205,4078.974,0.19110103074545778,0.02435847910439104,0.047672361584407,0.10113797266177411,0.09596207909878904,0.39656180896851556,0.11277724153982387,0.34294384015123697,0.07496625240421097,0.06258588715277441,0.2821455519932018,0.1785033991586943,0.029172575531264303,0.0712749599765164
1289.0625,4173.333,4144.615,4086.667,4121.538,4072.821,0.19110103074545778,0.02435847910439104,0.047672361584407,0.10113797266177411,0.09596207909878904,0.39656180896851556,0.11277724153982387,0.34294384015123697,0.07496625240421097,0.06258588715277441,0.2821455519932018,0.1785033991586943,0.029172575531264303,0.0712749599765164
1296.875,4211.282,4178.462,4116.923,4176.923,4113.333,0.19110103074545778,0.02435847910439104,0.047672361584407,0.10113797266177411,0.09596207909878904,0.39656180896851556,0.11277724153982387,0.34294384015123697,0.07496625240421097,0.06258588715277441,0.2821455519932018,0.1785033991586943,0.029172575531264303,0.0712749599765164
1304.6875,4204.103,4201.026,4122.051,4188.205,4130.769,0.19110103074545778,0.02435847910439104,0.047672361584407,0.10113797266177411,0.09596207909878904,0.39656180896851556,0.11277724153982387,0.34294384015123697,0.07496625240421097,0.06258588715277441,0.2821455519932018,0.1785033991586943,0.029172575531264303,0.0712749599765164
1312.5,4213.846,4198.974,4147.179,4188.718,4128.718,0.19110103074545778,0.02435847910439104,0.047672361584407,0.10113797266177411,0.09596207909878904,0.39656180896851556,0.11277724153982387,0.34294384015123697,0.07496625240421097,0.06258588715277441,0.2821455519932018,0.1785033991586943,0.029172575531264303,0.0712749599765164
1320.3125,4262.564,4192.308,4159.487,4215.385,4156.923,0.19110103074545778,0.02435847910439104,0.047672361584407,0.10113797266177411,0.09596207909878904,0.39656180896851556,0.11277724153982387,0.34294384015123697,0.07496625240421097,0.06258588715277441,0.2821455519932018,0.1785033991586943,0.029172575531264303,0.0712749599765164
1328.125,4277.436,4195.897,4133.846,4208.205,4190.256,0.19110103074545778,0.02435847910439104,0.047672361584407,0.10113797266177411,0.09596207909878904,0.39656180896851556,0.11277724153982387,0.34294384015123697,0.07496625240421097,0.06258588715277441,0.2821455519932018,0.1785033991586943,0.029172575531264303,0.0712749599765164
1335.9375,4288.205,4191.282,4127.692,4168.205,4202.051,0.19110103074545778,0.02435847910439104,0.047672361584407,0.10113797266177411,0.09596207909878904,0.39656180896851556,0.11277724153982387,0.34294384015123697,0.07496625240421097,0.06258588715277441,0.2821455519932018,0.1785033991586943,0.029172575531264303,0.0712749599765164
1343.75,4354.872,4140.513,4128.718,4145.641,4213.846,0.19110103074545778,0.02435847910439104,0.047672361584407,0.10113797266177411,0.09596207909878904,0.39656180896851556,0.11277724153982387,0.34294384015123697,0.07496625240421097,0.06258588715277441,0.2821455519932018,0.1785033991586943,0.029172575531264303,0.0712749599765164
1351.5625,4445.128,4094.872,4100.513,4136.923,4263.077,0.19110103074545778,0.02435847910439104,0.047672361584407,0.10113797266177411,0.09596207909878904,0.39656180896851556,0.11277724153982387,0.34294384015123697,0.07496625240421097,0.06258588715277441,0.2821455519932018,0.1785033991586943,0.029172575531264303,0.0712749599765164
1359.375,4549.231,4140.513,4097.949,4147.692,4380.513,0.19110103074545778,0.02435847910439104,0.047672361584407,0.10113797266177411,0.09596207909878904,0.39656180896851556,0.11277724153982387,0.34294384015123697,0.07496625240421097,0.06258588715277441,0.2821455519932018,0.1785033991586943,0.029172575531264303,0.0712749599765164
1367.1875,4669.231,4216.923,4146.154,4196.41,4507.692,0.19110103074545778,0.02435847910439104,0.047672361584407,0.10113797266177411,0.09596207909878904,0.39656180896851556,0.11277724153982387,0.34294384015123697,0.07496625240421097,0.06258588715277441,0.2821455519932018,0.1785033991586943,0.029172575531264303,0.0712749599765164
1375.0,4721.538,4241.026,4174.872,4222.051,4554.359,0.19110103074545778,0.02435847910439104,0.047672361584407,0.10113797266177411,0.09596207909878904,0.39656180896851556,0.11277724153982387,0.34294384015123697,0.07496625240421097,0.06258588715277441,0.2821455519932018,0.1785033991586943,0.029172575531264303,0.0712749599765164
1382.8125,4705.128,4230.256,4164.615,4208.205,4540.513,0.19110103074545778,0.02435847910439104,0.047672361584407,0.10113797266177411,0.09596207909878904,0.39656180896851556,0.11277724153982387,0.34294384015123697,0.07496625240421097,0.06258588715277441,0.2821455519932018,0.1785033991586943,0.029172575531264303,0.0712749599765164
1390.625,4684.103,4229.231,4168.718,4207.692,4529.231,0.19110103074545778,0.02435847910439104,0.047672361584407,0.10113797266177411,0.09596207909878904,0.39656180896851556,0.11277724153982387,0.34294384015123697,0.07496625240421097,0.06258588715277441,0.2821455519932018,0.1785033991586943,0.029172575531264303,0.0712749599765164
1398.4375,4659.487,4242.051,4193.333,4225.641,4522.564,0.19110103074545778,0.02435847910439104,0.047672361584407,0.10113797266177411,0.09596207909878904,0.39656180896851556,0.11277724153982387,0.34294384015123697,0.07496625240421097,0.06258588715277441,0.2821455519932018,0.1785033991586943,0.029172575531264303,0.0712749599765164
1406.25,4622.051,4237.436,4188.718,4237.949,4496.923,0.19110103074545778,0.02435847910439104,0.047672361584407,0.10113797266177411,0.09596207909878904,0.39656180896851556,0.11277724153982387,0.34294384015123697,0.07496625240421097,0.06258588715277441,0.2821455519932018,0.1785033991586943,0.029172575531264303,0.0712749599765164
1414.0625,4560.0,4184.615,4147.692,4204.103,4411.795,0.19110103074545778,0.02435847910439104,0.047672361584407,0.10113797266177411,0.09596207909878904,0.39656180896851556,0.11277724153982387,0.34294384015123697,0.07496625240421097,0.06258588715277441,0.2821455519932018,0.1785033991586943,0.029172575531264303,0.0712749599765164
1421.875,4489.744,4139.487,4141.538,4150.256,4311.795,0.19110103074545778,0.02435847910439104,0.047672361584407,0.10113797266177411,0.09596207909878904,0.39656180896851556,0.11277724153982387,0.34294384015123697,0.07496625240421097,0.06258588715277441,0.2821455519932018,0.1785033991586943,0.029172575531264303,0.0712749599765164
1429.6875,4453.846,4167.692,4174.872,4156.923,4294.359,0.19110103074545778,0.02435847910439104,0.047672361584407,0.10113797266177411,0.09596207909878904,0.39656180896851556,0.11277724153982387,0.34294384015123697,0.07496625240421097,0.06258588715277441,0.2821455519932018,0.1785033991586943,0.029172575531264303,0.0712749599765164
1437.5,4436.923,4196.923,4183.59,4193.333,4297.436,0.19110103074545778,0.02435847910439104,0.047672361584407,0.10113797266177411,0.09596207909878904,0.39656180896851556,0.11277724153982387,0.34294384015123697,0.07496625240421097,0.06258588715277441,0.2821455519932018,0.1785033991586943,0.029172575531264303,0.0712749599765164
1445.3125,4409.231,4187.692,4180.0,4191.795,4255.897,0.19110103074545778,0.02435847910439104,0.047672361584407,0.10113797266177411,0.09596207909878904,0.39656180896851556,0.11277724153982387,0.34294384015123697,0.07496625240421097,0.06258588715277441,0.2821455519932018,0.1785033991586943,0.029172575531264303,0.0712749599765164
1453.125,4392.308,4191.282,4196.41,4196.41,4234.359,0.19110103074545778,0.02435847910439104,0.047672361584407,0.10113797266177411,0.09596207909878904,0.39656180896851556,0.11277724153982387,0.34294384015123697,0.07496625240421097,0.06258588715277441,0.2821455519932018,0.1785033991586943,0.029172575531264303,0.0712749599765164
1460.9375,4395.385,4204.103,4199.487,4226.667,4251.795,0.19110103074545778,0.02435847910439104,0.047672361584407,0.10113797266177411,0.09596207909878904,0.39656180896851556,0.11277724153982387,0.34294384015123697,0.07496625240421097,0.06258588715277441,0.2821455519932018,0.1785033991586943,0.029172575531264303,0.0712749599765164
1468.75,4366.154,4209.231,4151.282,4224.615,4254.872,0.19110103074545778,0.02435847910439104,0.047672361584407,0.10113797266177411,0.09596207909878904,0.39656180896851556,0.11277724153982387,0.34294384015123697,0.07496625240421097,0.06258588715277441,0.2821455519932018,0.1785033991586943,0.029172575531264303,0.0712749599765164
1476.5625,4286.154,4182.564,4106.154,4163.59,4202.051,0.19110103074545778,0.02435847910439104,0.047672361584407,0.10113797266177411,0.09596207909878904,0.39656180896851556,0.11277724153982387,0.34294384015123697,0.07496625240421097,0.06258588715277441,0.2821455519932018,0.1785033991586943,0.029172575531264303,0.0712749599765164
1484.375,4240.513,4137.436,4097.949,4113.333,4137.436,0.19110103074545778,0.02435847910439104,0.047672361584407,0.10113797266177411,0.09596207909878904,0.39656180896851556,0.11277724153982387,0.34294384015123697,0.07496625240421097,0.06258588715277441,0.2821455519932018,0.1785033991586943,0.029172575531264303,0.0712749599765164
1492.1875,4253.333,4147.179,4095.385,4128.205,4140.513,0.19110103074545778,0.02435847910439104,0.047672361584407,0.10113797266177411,0.09596207909878904,0.39656180896851556,0.11277724153982387,0.34294384015123697,0.07496625240421097,0.06258588715277441,0.2821455519932018,0.1785033991586943,0.029172575531264303,0.0712749599765164
1500.0,4243.59,4166.667,4094.872,4132.821,4154.872,0.19110103074545778,0.02435847910439104,0.047672361584407,0.10113797266177411,0.09596207909878904,0.39656180896851556,0.11277724153982387,0.34294384015123697,0.07496625240421097,0.06258588715277441,0.2821455519932018,0.1785033991586943,0.029172575531264303,0.0712749599765164
1507.8125,4216.923,4151.795,4104.615,4108.205,4132.308,0.19110103074545778,0.02435847910439104,0.047672361584407,0.10113797266177411,0.09596207909878904,0.39656180896851556,0.11277724153982387,0.34294384015123697,0.07496625240421097,0.06258588715277441,0.2821455519932018,0.1785033991586943,0.029172575531264303,0.0712749599765164
1515.625,4232.821,4175.897,4135.385,4127.179,4142.564,0.19110103074545778,0.02435847910439104,0.047672361584407,0.10113797266177411,0.09596207909878904,0.39656180896851556,0.11277724153982387,0.34294384015123697,0.07496625240421097,0.06258588715277441,0.2821455519932018,0.1785033991586943,0.029172575531264303,0.0712749599765164
1523.4375,4248.718,4201.538,4156.41,4162.564,4162.051,0.19110103074545778,0.02435847910439104,0.047672361584407,0.10113797266177411,0.09596207909878904,0.39656180896851556,0.11277724153982387,0.34294384015123697,0.07496625240421097,0.06258588715277441,0.2821455519932018,0.1785033991586943,0.029172575531264303,0.0712749599765164
1531.25,4240.0,4188.205,4143.59,4172.308,4155.385,0.19110103074545778,0.02435847910439104,0.047672361584407,0.10113797266177411,0.09596207909878904,0.39656180896851556,0.11277724153982387,0.34294384015123697,0.07496625240421097,0.06258588715277441,0.2821455519932018,0.1785033991586943,0.029172575531264303,0.0712749599765164
1539.0625,4246.667,4208.718,4158.974,4185.128,4169.744,0.19110103074545778,0.02435847910439104,0.047672361584407,0.10113797266177411,0.09596207909878904,0.39656180896851556,0.11277724153982387,0.34294384015123697,0.07496625240421097,0.06258588715277441,0.2821455519932018,0.1785033991586943,0.029172575531264303,0.0712749599765164
1546.875,4262.564,4235.385,4209.231,4203.077,4190.256,0.19110103074545778,0.02435847910439104,0.047672361584407,0.10113797266177411,0.09596207909878904,0.39656180896851556,0.11277724153982387,0.34294384015123697,0.07496625240421097,0.06258588715277441,0.2821455519932018,0.1785033991586943,0.029172575531264303,0.0712749599765164
1554.6875,4257.436,4213.333,4198.974,4203.077,4177.949,0.19110103074545778,0.02435847910439104,0.047672361584407,0.10113797266177411,0.09596207909878904,0.39656180896851556,0.11277724153982387,0.34294384015123697,0.07496625240421097,0.06258588715277441,0.2821455519932018,0.1785033991586943,0.029172575531264303,0.0712749599765164
1562.5,4220.513,4182.564,4140.513,4177.436,4138.462,0.19110103074545778,0.02435847910439104,0.047672361584407,0.10113797266177411,0.09596207909878904,0.39656180896851556,0.11277724153982387,0.34294384015123697,0.07496625240421097,0.06258588715277441,0.2821455519932018,0.1785033991586943,0.029172575531264303,0.0712749599765164
1570.3125,4199.487,4174.359,4133.846,4159.487,4109.231,0.19110103074545778,0.02435847910439104,0.047672361584407,0.10113797266177411,0.09596207909878904,0.39656180896851556,0.11277724153982387,0.34294384015123697,0.07496625240421097,0.06258588715277441,0.2821455519932018,0.1785033991586943,0.029172575531264303,0.0712749599765164
1578.125,4195.385,4171.795,4141.538,4166.667,4101.538,0.19110103074545778,0.02435847910439104,0.047672361584407,0.10113797266177411,0.09596207909878904,0.39656180896851556,0.11277724153982387,0.34294384015123697,0.07496625240421097,0.06258588715277441,0.2821455519932018,0.1785033991586943,0.029172575531264303,0.0712749599765164
1585.9375,4140.513,4141.026,4087.179,4134.359,4062.564,0.19110103074545778,0.02435847910439104,0.047672361584407,0.10113797266177411,0.09596207909878904,0.39656180896851556,0.11277724153982387,0.34294384015123697,0.07496625240421097,0.06258588715277441,0.2821455519932018,0.1785033991586943,0.029172575531264303,0.0712749599765164
1593.75,4091.795,4093.333,4036.41,4085.128,4013.846,0.19110103074545778,0.02435847910439104,0.047672361584407,0.10113797266177411,0.09596207909878904,0.39656180896851556,0.11277724153982387,0.34294384015123697,0.07496625240421097,0.06258588715277441,0.2821455519932018,0.1785033991586943,0.029172575531264303,0.0712749599765164
1601.5625,4137.949,4124.615,4075.897,4122.051,4051.795,0.19110103074545778,0.02435847910439104,0.047672361584407,0.10113797266177411,0.09596207909878904,0.39656180896851556,0.11277724153982387,0.34294384015123697,0.07496625240421097,0.06258588715277441,0.2821455519932018,0.1785033991586943,0.029172575531264303,0.0712749599765164
1609.375,4198.462,4185.128,4139.487,4185.128,4114.359,0.19110103074545778,0.02435847910439104,0.047672361584407,0.10113797266177411,0.09596207909878904,0.39656180896851556,0.11277724153982387,0.34294384015123697,0.07496625240421097,0.06258588715277441,0.2821455519932018,0.1785033991586943,0.029172575531264303,0.0712749599765164
1617.1875,4202.564,4184.103,4137.436,4192.308,4128.205,0.19110103074545778,0.02435847910439104,0.047672361584407,0.10113797266177411,0.09596207909878904,0.39656180896851556,0.11277724153982387,0.34294384015123697,0.07496625240421097,0.06258588715277441,0.2821455519932018,0.1785033991586943,0.029172575531264303,0.0712749599765164
1625.0,4193.333,4175.385,4122.051,4183.59,4133.846,0.19110103074545778,0.02435847910439104,0.047672361584407,0.10113797266177411,0.09596207909878904,0.39656180896851556,0.11277724153982387,0.34294384015123697,0.07496625240421097,0.06258588715277441,0.2821455519932018,0.1785033991586943,0.029172575531264303,0.0712749599765164
1632.8125,4196.41,4188.205,4144.103,4182.564,4131.795,0.19110103074545778,0.02435847910439104,0.047672361584407,0.10113797266177411,0.09596207909878904,0.39656180896851556,0.11277724153982387,0.34294384015123697,0.07496625240421097,0.06258588715277441,0.2821455519932018,0.1785033991586943,0.029172575531264303,0.0712749599765164
1640.625,4184.103,4170.769,4140.513,4162.564,4104.615,0.19110103074545778,0.02435847910439104,0.047672361584407,0.10113797266177411,0.09596207909878904,0.39656180896851556,0.11277724153982387,0.34294384015123697,0.07496625240421097,0.06258588715277441,0.2821455519932018,0.1785033991586943,0.029172575531264303,0.0712749599765164
1648.4375,4148.718,4134.872,4092.308,4121.026,4084.103,0.19110103074545778,0.02435847910439104,0.047672361584407,0.10113797266177411,0.09596207909878904,0.39656180896851556,0.11277724153982387,0.34294384015123697,0.07496625240421097,0.06258588715277441,0.2821455519932018,0.1785033991586943,0.029172575531264303,0.0712749599765164
1656.25,4151.282,4144.615,4091.282,4115.385,4101.538,0.19110103074545778,0.02435847910439104,0.047672361584407,0.10113797266177411,0.09596207909878904,0.39656180896851556,0.11277724153982387,0.34294384015123697,0.07496625240421097,0.06258588715277441,0.2821455519932018,0.1785033991586943,0.029172575531264303,0.0712749599765164
1664.0625,4192.821,4181.026,4127.179,4149.744,4133.333,0.19110103074545778,0.02435847910439104,0.047672361584407,0.10113797266177411,0.09596207909878904,0.39656180896851556,0.11277724153982387,0.34294384015123697,0.07496625240421097,0.06258588715277441,0.2821455519932018,0.1785033991586943,0.029172575531264303,0.0712749599765164
1671.875,4184.103,4169.231,4111.282,4133.333,4115.897,0.19110103074545778,0.02435847910439104,0.047672361584407,0.10113797266177411,0.09596207909878904,0.39656180896851556,0.11277724153982387,0.34294384015123697,0.07496625240421097,0.06258588715277441,0.2821455519932018,0.1785033991586943,0.029172575531264303,0.0712749599765164
1679.6875,4166.667,4144.615,4092.308,4100.513,4095.385,0.19110103074545778,0.02435847910439104,0.047672361584407,0.10113797266177411,0.09596207909878904,0.39656180896851556,0.11277724153982387,0.34294384015123697,0.07496625240421097,0.06258588715277441,0.2821455519932018,0.1785033991586943,0.029172575531264303,0.0712749599765164
1687.5,4202.564,4172.308,4123.077,4126.154,4136.41,0.19110103074545778,0.02435847910439104,0.047672361584407,0.10113797266177411,0.09596207909878904,0.39656180896851556,0.11277724153982387,0.34294384015123697,0.07496625240421097,0.06258588715277441,0.2821455519932018,0.1785033991586943,0.029172575531264303,0.0712749599765164
1695.3125,4211.795,4185.128,4132.308,4139.487,4152.308,0.19110103074545778,0.02435847910439104,0.047672361584407,0.10113797266177411,0.09596207909878904,0.39656180896851556,0.11277724153982387,0.34294384015123697,0.07496625240421097,0.06258588715277441,0.2821455519932018,0.1785033991586943,0.029172575531264303,0.0712749599765164
1703.125,4178.974,4167.179,4112.821,4120.0,4118.974,0.19110103074545778,0.02435847910439104,0.047672361584407,0.10113797266177411,0.09596207909878904,0.39656180896851556,0.11277724153982387,0.34294384015123697,0.07496625240421097,0.06258588715277441,0.2821455519932018,0.1785033991586943,0.029172575531264303,0.0712749599765164
1710.9375,4176.41,4187.179,4130.769,4142.564,4118.462,0.19110103074545778,0.02435847910439104,0.047672361584407,0.10113797266177411,0.09596207909878904,0.39656180896851556,0.11277724153982387,0.34294384015123697,0.07496625240421097,0.06258588715277441,0.2821455519932018,0.1785033991586943,0.029172575531264303,0.0712749599765164
1718.75,4146.154,4182.051,4123.077,4142.564,4094.359,0.19110103074545778,0.02435847910439104,0.047672361584407,0.10113797266177411,0.09596207909878904,0.39656180896851556,0.11277724153982387,0.34294384015123697,0.07496625240421097,0.06258588715277441,0.2821455519932018,0.1785033991586943,0.029172575531264303,0.0712749599765164
1726.5625,4061.026,4135.897,4064.103,4082.051,4020.0,0.19110103074545778,0.02435847910439104,0.047672361584407,0.10113797266177411,0.09596207909878904,0.39656180896851556,0.11277724153982387,0.34294384015123697,0.07496625240421097,0.06258588715277441,0.2821455519932018,0.1785033991586943,0.029172575531264303,0.0712749599765164
1734.375,4011.795,4126.667,4037.949,4065.128,3990.256,0.19110103074545778,0.02435847910439104,0.047672361584407,0.10113797266177411,0.09596207909878904,0.39656180896851556,0.11277724153982387,0.34294384015123697,0.07496625240421097,0.06258588715277441,0.2821455519932018,0.1785033991586943,0.029172575531264303,0.0712749599765164
1742.1875,4000.513,4127.692,4038.974,4086.154,3987.692,0.19110103074545778,0.02435847910439104,0.047672361584407,0.10113797266177411,0.09596207909878904,0.39656180896851556,0.11277724153982387,0.34294384015123697,0.07496625240421097,0.06258588715277441,0.2821455519932018,0.1785033991586943,0.029172575531264303,0.0712749599765164
1750.0,3999.487,4111.282,4046.667,4093.846,3972.308,0.19110103074545778,0.02435847910439104,0.047672361584407,0.10113797266177411,0.09596207909878904,0.39656180896851556,0.11277724153982387,0.34294384015123697,0.07496625240421097,0.06258588715277441,0.2821455519932018,0.1785033991586943,0.029172575531264303,0.0712749599765164
1757.8125,4018.462,4135.385,4076.923,4112.821,3994.359,0.19110103074545778,0.02435847910439104,0.047672361584407,0.10113797266177411,0.09596207909878904,0.39656180896851556,0.11277724153982387,0.34294384015123697,0.07496625240421097,0.06258588715277441,0.2821455519932018,0.1785033991586943,0.029172575531264303,0.0712749599765164
1765.625,4044.103,4187.179,4105.641,4139.487,4044.103,0.19110103074545778,0.02435847910439104,0.047672361584407,0.10113797266177411,0.09596207909878904,0.39656180896851556,0.11277724153982387,0.34294384015123697,0.07496625240421097,0.06258588715277441,0.2821455519932018,0.1785033991586943,0.029172575531264303,0.0712749599765164
1773.4375,4062.564,4205.641,4110.769,4155.897,4066.154,0.19110103074545778,0.02435847910439104,0.047672361584407,0.10113797266177411,0.09596207909878904,0.39656180896851556,0.11277724153982387,0.34294384015123697,0.07496625240421097,0.06258588715277441,0.2821455519932018,0.1785033991586943,0.029172575531264303,0.0712749599765164
1781.25,4052.308,4175.897,4102.051,4147.179,4043.59,0.19110103074545778,0.02435847910439104,0.047672361584407,0.10113797266177411,0.09596207909878904,0.39656180896851556,0.11277724153982387,0.34294384015123697,0.07496625240421097,0.06258588715277441,0.2821455519932018,0.1785033991586943,0.029172575531264303,0.0712749599765164
1789.0625,4002.051,4132.308,4076.923,4106.154,3992.821,0.19110103074545778,0.02435847910439104,0.047672361584407,0.10113797266177411,0.09596207909878904,0.39656180896851556,0.11277724153982387,0.34294384015123697,0.07496625240421097,0.06258588715277441,0.2821455519932018,0.1785033991586943,0.029172575531264303,0.0712749599765164
1796.875,3979.487,4136.41,4064.103,4087.179,3981.026,0.19110103074545778,0.02435847910439104,0.047672361584407,0.10113797266177411,0.09596207909878904,0.39656180896851556,0.11277724153982387,0.34294384015123697,0.07496625240421097,0.06258588715277441,0.2821455519932018,0.1785033991586943,0.029172575531264303,0.0712749599765164
1804.6875,4017.949,4169.744,4093.846,4126.154,4023.077,0.19110103074545778,0.02435847910439104,0.047672361584407,0.10113797266177411,0.09596207909878904,0.39656180896851556,0.11277724153982387,0.34294384015123697,0.07496625240421097,0.06258588715277441,0.2821455519932018,0.1785033991586943,0.029172575531264303,0.0712749599765164
1812.5,4043.077,4171.282,4132.308,4153.333,4038.974,0.19110103074545778,0.02435847910439104,0.047672361584407,0.10113797266177411,0.09596207909878904,0.39656180896851556,0.11277724153982387,0.34294384015123697,0.07496625240421097,0.06258588715277441,0.2821455519932018,0.1785033991586943,0.029172575531264303,0.0712749599765164
1820.3125,4046.667,4181.538,4147.692,4158.974,4031.282,0.19110103074545778,0.02435847910439104,0.047672361584407,0.10113797266177411,0.09596207909878904,0.39656180896851556,0.11277724153982387,0.34294384015123697,0.07496625240421097,0.06258588715277441,0.2821455519932018,0.1785033991586943,0.029172575531264303,0.0712749599765164
1828.125,4060.513,4216.41,4140.513,4186.154,4048.205,0.19110103074545778,0.02435847910439104,0.047672361584407,0.10113797266177411,0.09596207909878904,0.39656180896851556,0.11277724153982387,0.34294384015123697,0.07496625240421097,0.06258588715277441,0.2821455519932018,0.1785033991586943,0.029172575531264303,0.0712749599765164
1835.9375,4062.051,4208.718,4120.513,4193.333,4050.256,0.19110103074545778,0.02435847910439104,0.047672361584407,0.10113797266177411,0.09596207909878904,0.39656180896851556,0.11277724153982387,0.34294384015123697,0.07496625240421097,0.06258588715277441,0.2821455519932018,0.1785033991586943,0.029172575531264303,0.0712749599765164
1843.75,4050.769,4189.744,4109.744,4173.846,4033.846,0.19110103074545778,0.02435847910439104,0.047672361584407,0.10113797266177411,0.09596207909878904,0.39656180896851556,0.11277724153982387,0.34294384015123697,0.07496625240421097,0.06258588715277441,0.2821455519932018,0.1785033991586943,0.029172575531264303,0.0712749599765164
1851.5625,4040.513,4198.974,4099.487,4166.154,4037.949,0.19110103074545778,0.02435847910439104,0.047672361584407,0.10113797266177411,0.09596207909878904,0.39656180896851556,0.11277724153982387,0.34294384015123697,0.07496625240421097,0.06258588715277441,0.2821455519932018,0.1785033991586943,0.029172575531264303,0.0712749599765164
1859.375,4035.385,4189.744,4090.256,4166.154,4042.564,0.19110103074545778,0.02435847910439104,0.047672361584407,0.10113797266177411,0.09596207909878904,0.39656180896851556,0.11277724153982387,0.34294384015123697,0.07496625240421097,0.06258588715277441,0.2821455519932018,0.1785033991586943,0.029172575531264303,0.0712749599765164
1867.1875,4049.744,4183.59,4111.795,4179.487,4049.231,0.19110103074545778,0.02435847910439104,0.047672361584407,0.10113797266177411,0.09596207909878904,0.39656180896851556,0.11277724153982387,0.34294384015123697,0.07496625240421097,0.06258588715277441,0.2821455519932018,0.1785033991586943,0.029172575531264303,0.0712749599765164
1875.0,4061.026,4197.436,4122.051,4203.077,4062.051,0.19110103074545778,0.02435847910439104,0.047672361584407,0.10113797266177411,0.09596207909878904,0.39656180896851556,0.11277724153982387,0.34294384015123697,0.07496625240421097,0.06258588715277441,0.2821455519932018,0.1785033991586943,0.029172575531264303,0.0712749599765164
1882.8125,4058.462,4188.205,4101.026,4204.103,4057.436,0.19110103074545778,0.02435847910439104,0.047672361584407,0.10113797266177411,0.09596207909878904,0.39656180896851556,0.11277724153982387,0.34294384015123697,0.07496625240421097,0.06258588715277441,0.2821455519932018,0.1785033991586943,0.029172575531264303,0.0712749599765164
1890.625,4066.154,4186.154,4103.077,4192.821,4049.744,0.19110103074545778,0.02435847910439104,0.047672361584407,0.10113797266177411,0.09596207909878904,0.39656180896851556,0.11277724153982387,0.34294384015123697,0.07496625240421097,0.06258588715277441,0.2821455519932018,0.1785033991586943,0.029172575531264303,0.0712749599765164
1898.4375,4059.487,4202.564,4106.154,4182.051,4043.59,0.19110103074545778,0.02435847910439104,0.047672361584407,0.10113797266177411,0.09596207909878904,0.39656180896851556,0.11277724153982387,0.34294384015123697,0.07496625240421097,0.06258588715277441,0.2821455519932018,0.1785033991586943,0.029172575531264303,0.0712749599765164
1906.25,4039.487,4191.795,4091.282,4159.487,4026.667,0.19110103074545778,0.02435847910439104,0.047672361584407,0.10113797266177411,0.09596207909878904,0.39656180896851556,0.11277724153982387,0.34294384015123697,0.07496625240421097,0.06258588715277441,0.2821455519932018,0.1785033991586943,0.029172575531264303,0.0712749599765164
1914.0625,4048.718,4187.692,4107.692,4142.564,4027.692,0.19110103074545778,0.02435847910439104,0.047672361584407,0.10113797266177411,0.09596207909878904,0.39656180896851556,0.11277724153982387,0.34294384015123697,0.07496625240421097,0.06258588715277441,0.2821455519932018,0.1785033991586943,0.029172575531264303,0.0712749599765164
1921.875,4076.923,4216.41,4139.487,4161.538,4055.897,0.19110103074545778,0.02435847910439104,0.047672361584407,0.10113797266177411,0.09596207909878904,0.39656180896851556,0.11277724153982387,0.34294384015123697,0.07496625240421097,0.06258588715277441,0.2821455519932018,0.1785033991586943,0.029172575531264303,0.0712749599765164
1929.6875,4095.897,4230.769,4149.744,4191.795,4077.436,0.19110103074545778,0.02435847910439104,0.047672361584407,0.10113797266177411,0.09596207909878904,0.39656180896851556,0.11277724153982387,0.34294384015123697,0.07496625240421097,0.06258588715277441,0.2821455519932018,0.1785033991586943,0.029172575531264303,0.0712749599765164
1937.5,4106.667,4227.179,4149.231,4207.179,4084.615,0.19110103074545778,0.02435847910439104,0.047672361584407,0.10113797266177411,0.09596207909878904,0.39656180896851556,0.11277724153982387,0.34294384015123697,0.07496625240421097,0.06258588715277441,0.2821455519932018,0.1785033991586943,0.029172575531264303,0.0712749599765164
1945.3125,4094.359,4216.41,4137.436,4203.077,4068.205,0.19110103074545778,0.02435847910439104,0.047672361584407,0.10113797266177411,0.09596207909878904,0.39656180896851556,0.11277724153982387,0.34294384015123697,0.07496625240421097,0.06258588715277441,0.2821455519932018,0.1785033991586943,0.029172575531264303,0.0712749599765164
1953.125,4058.974,4193.333,4116.923,4178.974,4034.359,0.19110103074545778,0.02435847910439104,0.047672361584407,0.10113797266177411,0.09596207909878904,0.39656180896851556,0.11277724153982387,0.34294384015123697,0.07496625240421097,0.06258588715277441,0.2821455519932018,0.1785033991586943,0.029172575531264303,0.0712749599765164
1960.9375,4053.333,4197.436,4118.974,4170.256,4038.974,0.19110103074545778,0.02435847910439104,0.047672361584407,0.10113797266177411,0.09596207909878904,0.39656180896851556,0.11277724153982387,0.34294384015123697,0.07496625240421097,0.06258588715277441,0.2821455519932018,0.1785033991586943,0.029172575531264303,0.0712749599765164
1968.75,4086.667,4223.077,4141.538,4189.744,4072.821,0.19110103074545778,0.02435847910439104,0.047672361584407,0.10113797266177411,0.09596207909878904,0.39656180896851556,0.11277724153982387,0.34294384015123697,0.07496625240421097,0.06258588715277441,0.2821455519932018,0.1785033991586943,0.029172575531264303,0.0712749599765164
1976.5625,4077.436,4202.564,4123.59,4168.718,4051.282,0.19110103074545778,0.02435847910439104,0.047672361584407,0.10113797266177411,0.09596207909878904,0.39656180896851556,0.11277724153982387,0.34294384015123697,0.07496625240421097,0.06258588715277441,0.2821455519932018,0.1785033991586943,0.029172575531264303,0.0712749599765164
1984.375,4014.359,4140.513,4050.769,4092.821,3989.744,0.19110103074545778,0.02435847910439104,0.047672361584407,0.10113797266177411,0.09596207909878904,0.39656180896851556,0.11277724153982387,0.34294384015123697,0.07496625240421097,0.06258588715277441,0.2821455519932018,0.1785033991586943,0.029172575531264303,0.0712749599765164
1992.1875,4021.538,4136.923,4042.564,4092.308,4003.59,0.19110103074545778,0.02435847910439104,0.047672361584407,0.10113797266177411,0.09596207909878904,0.39656180896851556,0.11277724153982387,0.34294384015123697,0.07496625240421097,0.06258588715277441,0.2821455519932018,0.1785033991586943,0.029172575531264303,0.0712749599765164
2000.0,4112.308,4213.846,4135.897,4187.692,4086.667,0.19110103074545778,0.02435847910439104,0.047672361584407,0.10113797266177411,0.09596207909878904,0.39656180896851556,0.11277724153982387,0.34294384015123697,0.07496625240421097,0.06258588715277441,0.2821455519932018,0.1785033991586943,0.029172575531264303,0.0712749599765164
2007.8125,4148.718,4257.436,4181.538,4227.692,4111.282,0.19110103074545778,0.02435847910439104,0.047672361584407,0.10113797266177411,0.09596207909878904,0.39656180896851556,0.11277724153982387,0.34294384015123697,0.07496625240421097,0.06258588715277441,0.2821455519932018,0.1785033991586943,0.029172575531264303,0.0712749599765164
2015.625,4106.667,4232.308,4140.0,4181.026,4066.667,0.19110103074545778,0.02435847910439104,0.047672361584407,0.10113797266177411,0.09596207909878904,0.39656180896851556,0.11277724153982387,0.34294384015123697,0.07496625240421097,0.06258588715277441,0.2821455519932018,0.1785033991586943,0.029172575531264303,0.0712749599765164
2023.4375,4097.949,4222.564,4136.923,4162.051,4051.282,0.19110103074545778,0.02435847910439104,0.047672361584407,0.10113797266177411,0.09596207909878904,0.39656180896851556,0.11277724153982387,0.34294384015123697,0.07496625240421097,0.06258588715277441,0.2821455519932018,0.1785033991586943,0.029172575531264303,0.0712749599765164
2031.25,4125.641,4243.077,4172.821,4180.513,4070.769,0.19110103074545778,0.02435847910439104,0.047672361584407,0.10113797266177411,0.09596207909878904,0.39656180896851556,0.11277724153982387,0.34294384015123697,0.07496625240421097,0.06258588715277441,0.2821455519932018,0.1785033991586943,0.029172575531264303,0.0712749599765164
2039.0625,4110.256,4231.282,4154.872,4156.41,4056.923,0.19110103074545778,0.02435847910439104,0.047672361584407,0.10113797266177411,0.09596207909878904,0.39656180896851556,0.11277724153982387,0.34294384015123697,0.07496625240421097,0.06258588715277441,0.2821455519932018,0.1785033991586943,0.029172575531264303,0.0712749599765164
2046.875,4080.0,4207.179,4120.513,4116.41,4029.744,0.19110103074545778,0.02435847910439104,0.047672361584407,0.10113797266177411,0.09596207909878904,0.39656180896851556,0.11277724153982387,0.34294384015123697,0.07496625240421097,0.06258588715277441,0.2821455519932018,0.1785033991586943,0.029172575531264303,0.0712749599765164
2054.6875,4093.333,4222.564,4126.667,4121.026,4042.564,0.19110103074545778,0.02435847910439104,0.047672361584407,0.10113797266177411,0.09596207909878904,0.39656180896851556,0.11277724153982387,0.34294384015123697,0.07496625240421097,0.06258588715277441,0.2821455519932018,0.1785033991586943,0.029172575531264303,0.0712749599765164
2062.5,4117.436,4236.923,4140.513,4140.513,4061.538,0.19110103074545778,0.02435847910439104,0.047672361584407,0.10113797266177411,0.09596207909878904,0.39656180896851556,0.11277724153982387,0.34294384015123697,0.07496625240421097,0.06258588715277441,0.2821455519932018,0.1785033991586943,0.029172575531264303,0.0712749599765164
2070.3125,4120.0,4235.897,4143.077,4151.795,4069.744,0.19110103074545778,0.02435847910439104,0.047672361584407,0.10113797266177411,0.09596207909878904,0.39656180896851556,0.11277724153982387,0.34294384015123697,0.07496625240421097,0.06258588715277441,0.2821455519932018,0.1785033991586943,0.029172575531264303,0.0712749599765164
2078.125,4128.718,4241.026,4157.436,4174.359,4091.282,0.19110103074545778,0.02435847910439104,0.047672361584407,0.10113797266177411,0.09596207909878904,0.39656180896851556,0.11277724153982387,0.34294384015123697,0.07496625240421097,0.06258588715277441,0.2821455519932018,0.1785033991586943,0.029172575531264303,0.0712749599765164
2085.9375,4124.103,4230.769,4153.333,4175.385,4088.205,0.19110103074545778,0.02435847910439104,0.047672361584407,0.10113797266177411,0.09596207909878904,0.39656180896851556,0.11277724153982387,0.34294384015123697,0.07496625240421097,0.06258588715277441,0.2821455519932018,0.1785033991586943,0.029172575531264303,0.0712749599765164
2093.75,4107.692,4215.385,4131.282,4155.385,4064.103,0.19110103074545778,0.02435847910439104,0.047672361584407,0.10113797266177411,0.09596207909878904,0.39656180896851556,0.11277724153982387,0.34294384015123697,0.07496625240421097,0.06258588715277441,0.2821455519932018,0.1785033991586943,0.029172575531264303,0.0712749599765164
2101.5625,4116.923,4227.179,4142.051,4163.077,4073.846,0.19110103074545778,0.02435847910439104,0.047672361584407,0.10113797266177411,0.09596207909878904,0.39656180896851556,0.11277724153982387,0.34294384015123697,0.07496625240421097,0.06258588715277441,0.2821455519932018,0.1785033991586943,0.029172575531264303,0.0712749599765164
2109.375,4130.769,4246.667,4156.41,4181.538,4092.308,0.19110103074545778,0.02435847910439104,0.047672361584407,0.10113797266177411,0.09596207909878904,0.39656180896851556,0.11277724153982387,0.34294384015123697,0.07496625240421097,0.06258588715277441,0.2821455519932018,0.1785033991586943,0.029172575531264303,0.0712749599765164
2117.1875,4118.462,4235.897,4137.949,4169.744,4078.974,0.19110103074545778,0.02435847910439104,0.047672361584407,0.10113797266177411,0.09596207909878904,0.39656180896851556,0.11277724153982387,0.34294384015123697,0.07496625240421097,0.06258588715277441,0.2821455519932018,0.1785033991586943,0.029172575531264303,0.0712749599765164
2125.0,4102.564,4225.128,4125.641,4156.923,4072.308,0.19110103074545778,0.02435847910439104,0.047672361584407,0.10113797266177411,0.09596207909878904,0.39656180896851556,0.11277724153982387,0.34294384015123697,0.07496625240421097,0.06258588715277441,0.2821455519932018,0.1785033991586943,0.029172575531264303,0.0712749599765164
2132.8125,4110.256,4230.769,4130.256,4166.667,4077.436,0.19110103074545778,0.02435847910439104,0.047672361584407,0.10113797266177411,0.09596207909878904,0.39656180896851556,0.11277724153982387,0.34294384015123697,0.07496625240421097,0.06258588715277441,0.2821455519932018,0.1785033991586943,0.029172575531264303,0.0712749599765164
2140.625,4123.077,4233.846,4132.821,4170.769,4072.308,0.19110103074545778,0.02435847910439104,0.047672361584407,0.10113797266177411,0.09596207909878904,0.39656180896851556,0.11277724153982387,0.34294384015123697,0.07496625240421097,0.06258588715277441,0.2821455519932018,0.1785033991586943,0.029172575531264303,0.0712749599765164
2148.4375,4128.205,4236.923,4136.923,4165.641,4081.538,0.19110103074545778,0.02435847910439104,0.047672361584407,0.10113797266177411,0.09596207909878904,0.39656180896851556,0.11277724153982387,0.34294384015123697,0.07496625240421097,0.06258588715277441,0.2821455519932018,0.1785033991586943,0.029172575531264303,0.0712749599765164
2156.25,4133.846,4245.641,4146.667,4164.615,4095.897,0.19110103074545778,0.02435847910439104,0.047672361584407,0.10113797266177411,0.09596207909878904,0.39656180896851556,0.11277724153982387,0.34294384015123697,0.07496625240421097,0.06258588715277441,0.2821455519932018,0.1785033991586943,0.029172575531264303,0.0712749599765164
2164.0625,4146.154,4251.795,4155.385,4166.667,4095.897,0.19110103074545778,0.02435847910439104,0.047672361584407,0.10113797266177411,0.09596207909878904,0.39656180896851556,0.11277724153982387,0.34294384015123697,0.07496625240421097,0.06258588715277441,0.2821455519932018,0.1785033991586943,0.029172575531264303,0.0712749599765164
2171.875,4125.641,4221.538,4130.256,4147.692,4076.923,0.19110103074545778,0.02435847910439104,0.047672361584407,0.10113797266177411,0.09596207909878904,0.39656180896851556,0.11277724153982387,0.34294384015123697,0.07496625240421097,0.06258588715277441,0.2821455519932018,0.1785033991586943,0.029172575531264303,0.0712749599765164
2179.6875,4098.974,4198.974,4096.923,4132.308,4067.179,0.19110103074545778,0.02435847910439104,0.047672361584407,0.10113797266177411,0.09596207909878904,0.39656180896851556,0.11277724153982387,0.34294384015123697,0.07496625240421097,0.06258588715277441,0.2821455519932018,0.1785033991586943,0.029172575531264303,0.0712749599765164
2187.5,4116.923,4222.564,4112.821,4150.769,4089.231,0.19110103074545778,0.02435847910439104,0.047672361584407,0.10113797266177411,0.09596207909878904,0.39656180896851556,0.11277724153982387,0.34294384015123697,0.07496625240421097,0.06258588715277441,0.2821455519932018,0.1785033991586943,0.029172575531264303,0.0712749599765164
2195.3125,4122.564,4227.692,4129.744,4151.795,4094.872,0.19110103074545778,0.02435847910439104,0.047672361584407,0.10113797266177411,0.09596207909878904,0.39656180896851556,0.11277724153982387,0.34294384015123697,0.07496625240421097,0.06258588715277441,0.2821455519932018,0.1785033991586943,0.029172575531264303,0.0712749599765164
2203.125,4109.231,4213.846,4117.436,4137.949,4082.051,0.19110103074545778,0.02435847910439104,0.047672361584407,0.10113797266177411,0.09596207909878904,0.39656180896851556,0.11277724153982387,0.34294384015123697,0.07496625240421097,0.06258588715277441,0.2821455519932018,0.1785033991586943,0.029172575531264303,0.0712749599765164
2210.9375,4127.692,4233.846,4123.59,4152.308,4092.821,0.19110103074545778,0.02435847910439104,0.047672361584407,0.10113797266177411,0.09596207909878904,0.39656180896851556,0.11277724153982387,0.34294384015123697,0.07496625240421097,0.06258588715277441,0.2821455519932018,0.1785033991586943,0.029172575531264303,0.0712749599765164
2218.75,4150.769,4255.385,4147.179,4168.718,4109.744,0.19110103074545778,0.02435847910439104,0.047672361584407,0.10113797266177411,0.09596207909878904,0.39656180896851556,0.11277724153982387,0.34294384015123697,0.07496625240421097,0.06258588715277441,0.2821455519932018,0.1785033991586943,0.029172575531264303,0.0712749599765164
2226.5625,4134.872,4236.41,4141.026,4150.256,4096.923,0.19110103074545778,0.02435847910439104,0.047672361584407,0.10113797266177411,0.09596207909878904,0.39656180896851556,0.11277724153982387,0.34294384015123697,0.07496625240421097,0.06258588715277441,0.2821455519932018,0.1785033991586943,0.029172575531264303,0.0712749599765164
2234.375,4118.462,4218.974,4124.103,4127.179,4080.0,0.19110103074545778,0.02435847910439104,0.047672361584407,0.10113797266177411,0.09596207909878904,0.39656180896851556,0.11277724153982387,0.34294384015123697,0.07496625240421097,0.06258588715277441,0.2821455519932018,0.1785033991586943,0.029172575531264303,0.0712749599765164
2242.1875,4121.026,4224.615,4123.59,4124.103,4081.538,0.19110103074545778,0.02435847910439104,0.047672361584407,0.10113797266177411,0.09596207909878904,0.39656180896851556,0.11277724153982387,0.34294384015123697,0.07496625240421097,0.06258588715277441,0.2821455519932018,0.1785033991586943,0.029172575531264303,0.0712749599765164
2250.0,4131.795,4235.385,4136.923,4132.821,4094.872,0.19110103074545778,0.02435847910439104,0.047672361584407,0.10113797266177411,0.09596207909878904,0.39656180896851556,0.11277724153982387,0.34294384015123697,0.07496625240421097,0.06258588715277441,0.2821455519932018,0.1785033991586943,0.029172575531264303,0.0712749599765164
2257.8125,4139.487,4237.949,4143.59,4140.0,4105.128,0.19110103074545778,0.02435847910439104,0.047672361584407,0.10113797266177411,0.09596207909878904,0.39656180896851556,0.11277724153982387,0.34294384015123697,0.07496625240421097,0.06258588715277441,0.2821455519932018,0.1785033991586943,0.029172575531264303,0.0712749599765164
2265.625,4131.795,4228.718,4130.256,4134.359,4097.436,0.19110103074545778,0.02435847910439104,0.047672361584407,0.10113797266177411,0.09596207909878904,0.39656180896851556,0.11277724153982387,0.34294384015123697,0.07496625240421097,0.06258588715277441,0.2821455519932018,0.1785033991586943,0.029172575531264303,0.0712749599765164
2273.4375,4138.462,4239.487,4131.795,4141.026,4102.564,0.19110103074545778,0.02435847910439104,0.047672361584407,0.10113797266177411,0.09596207909878904,0.39656180896851556,0.11277724153982387,0.34294384015123697,0.07496625240421097,0.06258588715277441,0.2821455519932018,0.1785033991586943,0.029172575531264303,0.0712749599765164
2281.25,4143.59,4246.667,4128.718,4141.026,4107.692,0.19110103074545778,0.02435847910439104,0.047672361584407,0.10113797266177411,0.09596207909878904,0.39656180896851556,0.11277724153982387,0.34294384015123697,0.07496625240421097,0.06258588715277441,0.2821455519932018,0.1785033991586943,0.029172575531264303,0.0712749599765164
2289.0625,4125.128,4228.205,4101.026,4119.487,4087.179,0.19110103074545778,0.02435847910439104,0.047672361584407,0.10113797266177411,0.09596207909878904,0.39656180896851556,0.11277724153982387,0.34294384015123697,0.07496625240421097,0.06258588715277441,0.2821455519932018,0.1785033991586943,0.029172575531264303,0.0712749599765164
2296.875,4126.667,4225.128,4098.462,4124.615,4088.718,0.19110103074545778,0.02435847910439104,0.047672361584407,0.10113797266177411,0.09596207909878904,0.39656180896851556,0.11277724153982387,0.34294384015123697,0.07496625240421097,0.06258588715277441,0.2821455519932018,0.1785033991586943,0.029172575531264303,0.0712749599765164
2304.6875,4138.974,4233.333,4125.128,4138.974,4107.179,0.19110103074545778,0.02435847910439104,0.047672361584407,0.10113797266177411,0.09596207909878904,0.39656180896851556,0.11277724153982387,0.34294384015123697,0.07496625240421097,0.06258588715277441,0.2821455519932018,0.1785033991586943,0.029172575531264303,0.0712749599765164
2312.5,4146.154,4237.436,4141.026,4143.59,4120.0,0.19110103074545778,0.02435847910439104,0.047672361584407,0.10113797266177411,0.09596207909878904,0.39656180896851556,0.11277724153982387,0.34294384015123697,0.07496625240421097,0.06258588715277441,0.2821455519932018,0.1785033991586943,0.029172575531264303,0.0712749599765164
2320.3125,4163.59,4255.385,4151.282,4160.513,4132.821,0.19110103074545778,0.02435847910439104,0.047672361584407,0.10113797266177411,0.09596207909878904,0.39656180896851556,0.11277724153982387,0.34294384015123697,0.07496625240421097,0.06258588715277441,0.2821455519932018,0.1785033991586943,0.029172575531264303,0.0712749599765164
2328.125,4168.718,4264.103,4158.974,4163.59,4123.077,0.19110103074545778,0.02435847910439104,0.047672361584407,0.10113797266177411,0.09596207909878904,0.39656180896851556,0.11277724153982387,0.34294384015123697,0.07496625240421097,0.06258588715277441,0.2821455519932018,0.1785033991586943,0.029172575531264303,0.0712749599765164
2335.9375,4146.667,4244.103,4147.179,4136.41,4101.026,0.19110103074545778,0.02435847910439104,0.047672361584407,0.10113797266177411,0.09596207909878904,0.39656180896851556,0.11277724153982387,0.34294384015123697,0.07496625240421097,0.06258588715277441,0.2821455519932018,0.1785033991586943,0.029172575531264303,0.0712749599765164
2343.75,4137.436,4227.692,4127.692,4120.513,4102.564,0.19110103074545778,0.02435847910439104,0.047672361584407,0.10113797266177411,0.09596207909878904,0.39656180896851556,0.11277724153982387,0.34294384015123697,0.07496625240421097,0.06258588715277441,0.2821455519932018,0.1785033991586943,0.029172575531264303,0.0712749599765164
2351.5625,4138.462,4219.487,4120.513,4107.179,4098.974,0.19110103074545778,0.02435847910439104,0.047672361584407,0.10113797266177411,0.09596207909878904,0.39656180896851556,0.11277724153982387,0.34294384015123697,0.07496625240421097,0.06258588715277441,0.2821455519932018,0.1785033991586943,0.029172575531264303,0.0712749599765164
2359.375,4134.359,4210.769,4120.513,4091.795,4083.077,0.19110103074545778,0.02435847910439104,0.047672361584407,0.10113797266177411,0.09596207909878904,0.39656180896851556,0.11277724153982387,0.34294384015123697,0.07496625240421097,0.06258588715277441,0.2821455519932018,0.1785033991586943,0.029172575531264303,0.0712749599765164
2367.1875,4143.077,4214.359,4129.231,4104.615,4091.795,0.19110103074545778,0.02435847910439104,0.047672361584407,0.10113797266177411,0.09596207909878904,0.39656180896851556,0.11277724153982387,0.34294384015123697,0.07496625240421097,0.06258588715277441,0.2821455519932018,0.1785033991586943,0.029172575531264303,0.0712749599765164
2375.0,4162.564,4230.769,4144.103,4125.128,4114.872,0.19110103074545778,0.02435847910439104,0.047672361584407,0.10113797266177411,0.09596207909878904,0.39656180896851556,0.11277724153982387,0.34294384015123697,0.07496625240421097,0.06258588715277441,0.2821455519932018,0.1785033991586943,0.029172575531264303,0.0712749599765164
2382.8125,4170.769,4245.128,4154.872,4120.0,4130.256,0.19110103074545778,0.02435847910439104,0.047672361584407,0.10113797266177411,0.09596207909878904,0.39656180896851556,0.11277724153982387,0.34294384015123697,0.07496625240421097,0.06258588715277441,0.2821455519932018,0.1785033991586943,0.029172575531264303,0.0712749599765164
2390.625,4168.718,4241.026,4145.128,4096.41,4132.308,0.19110103074545778,0.02435847910439104,0.047672361584407,0.10113797266177411,0.09596207909878904,0.39656180896851556,0.11277724153982387,0.34294384015123697,0.07496625240421097,0.06258588715277441,0.2821455519932018,0.1785033991586943,0.029172575531264303,0.0712749599765164
2398.4375,4165.641,4227.179,4129.231,4082.564,4116.41,0.19110103074545778,0.02435847910439104,0.047672361584407,0.10113797266177411,0.09596207909878904,0.39656180896851556,0.11277724153982387,0.34294384015123697,0.07496625240421097,0.06258588715277441,0.2821455519932018,0.1785033991586943,0.029172575531264303,0.0712749599765164
2406.25,4163.077,4224.103,4122.564,4098.462,4108.718,0.19110103074545778,0.02435847910439104,0.047672361584407,0.10113797266177411,0.09596207909878904,0.39656180896851556,0.11277724153982387,0.34294384015123697,0.07496625240421097,0.06258588715277441,0.2821455519932018,0.1785033991586943,0.029172575531264303,0.0712749599765164
2414.0625,4150.256,4217.949,4118.462,4104.103,4106.667,0.19110103074545778,0.02435847910439104,0.047672361584407,0.10113797266177411,0.09596207909878904,0.39656180896851556,0.11277724153982387,0.34294384015123697,0.07496625240421097,0.06258588715277441,0.2821455519932018,0.1785033991586943,0.029172575531264303,0.0712749599765164
2421.875,4148.718,4216.41,4116.923,4098.462,4108.205,0.19110103074545778,0.02435847910439104,0.047672361584407,0.10113797266177411,0.09596207909878904,0.39656180896851556,0.11277724153982387,0.34294384015123697,0.07496625240421097,0.06258588715277441,0.2821455519932018,0.1785033991586943,0.029172575531264303,0.0712749599765164
2429.6875,4173.333,4236.923,4129.231,4109.744,4127.692,0.19110103074545778,0.02435847910439104,0.047672361584407,0.10113797266177411,0.09596207909878904,0.39656180896851556,0.11277724153982387,0.34294384015123697,0.07496625240421097,0.06258588715277441,0.2821455519932018,0.1785033991586943,0.029172575531264303,0.0712749599765164
2437.5,4193.333,4247.179,4143.59,4123.59,4146.667,0.19110103074545778,0.02435847910439104,0.047672361584407,0.10113797266177411,0.09596207909878904,0.39656180896851556,0.11277724153982387,0.34294384015123697,0.07496625240421097,0.06258588715277441,0.2821455519932018,0.1785033991586943,0.029172575531264303,0.0712749599765164
2445.3125,4184.103,4236.41,4140.0,4118.974,4135.385,0.19110103074545778,0.02435847910439104,0.047672361584407,0.10113797266177411,0.09596207909878904,0.39656180896851556,0.11277724153982387,0.34294384015123697,0.07496625240421097,0.06258588715277441,0.2821455519932018,0.1785033991586943,0.029172575531264303,0.0712749599765164
2453.125,4168.205,4225.641,4128.718,4112.308,4118.974,0.19110103074545778,0.02435847910439104,0.047672361584407,0.10113797266177411,0.09596207909878904,0.39656180896851556,0.11277724153982387,0.34294384015123697,0.07496625240421097,0.06258588715277441,0.2821455519932018,0.1785033991586943,0.029172575531264303,0.0712749599765164
2460.9375,4166.667,4217.949,4134.359,4103.077,4120.0,0.19110103074545778,0.02435847910439104,0.047672361584407,0.10113797266177411,0.09596207909878904,0.39656180896851556,0.11277724153982387,0.34294384015123697,0.07496625240421097,0.06258588715277441,0.2821455519932018,0.1785033991586943,0.029172575531264303,0.0712749599765164
2468.75,4162.564,4212.308,4133.333,4082.564,4116.41,0.19110103074545778,0.02435847910439104,0.047672361584407,0.10113797266177411,0.09596207909878904,0.39656180896851556,0.11277724153982387,0.34294384015123697,0.07496625240421097,0.06258588715277441,0.2821455519932018,0.1785033991586943,0.029172575531264303,0.0712749599765164
2476.5625,4158.462,4211.282,4125.641,4076.923,4116.41,0.19110103074545778,0.02435847910439104,0.047672361584407,0.10113797266177411,0.09596207909878904,0.39656180896851556,0.11277724153982387,0.34294384015123697,0.07496625240421097,0.06258588715277441,0.2821455519932018,0.1785033991586943,0.029172575531264303,0.0712749599765164
2484.375,4174.872,4216.41,4134.872,4098.462,4137.436,0.19110103074545778,0.02435847910439104,0.047672361584407,0.10113797266177411,0.09596207909878904,0.39656180896851556,0.11277724153982387,0.34294384015123697,0.07496625240421097,0.06258588715277441,0.2821455519932018,0.1785033991586943,0.029172575531264303,0.0712749599765164
2492.1875,4183.59,4217.949,4141.026,4098.974,4138.462,0.19110103074545778,0.02435847910439104,0.047672361584407,0.10113797266177411,0.09596207909878904,0.39656180896851556,0.11277724153982387,0.34294384015123697,0.07496625240421097,0.06258588715277441,0.2821455519932018,0.1785033991586943,0.029172575531264303,0.0712749599765164
2500.0,4168.718,4207.692,4123.077,4070.769,4122.051,0.19110103074545778,0.02435847910439104,0.047672361584407,0.10113797266177411,0.09596207909878904,0.39656180896851556,0.11277724153982387,0.34294384015123697,0.07496625240421097,0.06258588715277441,0.2821455519932018,0.1785033991586943,0.029172575531264303,0.0712749599765164
2507.8125,4161.026,4200.513,4122.051,4067.692,4130.256,0.19110103074545778,0.02435847910439104,0.047672361584407,0.10113797266177411,0.09596207909878904,0.39656180896851556,0.11277724153982387,0.34294384015123697,0.07496625240421097,0.06258588715277441,0.2821455519932018,0.1785033991586943,0.029172575531264303,0.0712749599765164
2515.625,4173.333,4213.846,4138.974,4096.41,4150.256,0.19110103074545778,0.02435847910439104,0.047672361584407,0.10113797266177411,0.09596207909878904,0.39656180896851556,0.11277724153982387,0.34294384015123697,0.07496625240421097,0.06258588715277441,0.2821455519932018,0.1785033991586943,0.029172575531264303,0.0712749599765164
2523.4375,4173.846,4221.026,4134.359,4097.436,4144.103,0.19110103074545778,0.02435847910439104,0.047672361584407,0.10113797266177411,0.09596207909878904,0.39656180896851556,0.11277724153982387,0.34294384015123697,0.07496625240421097,0.06258588715277441,0.2821455519932018,0.1785033991586943,0.029172575531264303,0.0712749599765164
2531.25,4169.231,4209.744,4122.564,4084.103,4136.923,0.19110103074545778,0.02435847910439104,0.047672361584407,0.10113797266177411,0.09596207909878904,0.39656180896851556,0.11277724153982387,0.34294384015123697,0.07496625240421097,0.06258588715277441,0.2821455519932018,0.1785033991586943,0.029172575531264303,0.0712749599765164
2539.0625,4170.769,4208.718,4124.103,4083.077,4144.615,0.19110103074545778,0.02435847910439104,0.047672361584407,0.10113797266177411,0.09596207909878904,0.39656180896851556,0.11277724153982387,0.34294384015123697,0.07496625240421097,0.06258588715277441,0.2821455519932018,0.1785033991586943,0.029172575531264303,0.0712749599765164
2546.875,4169.231,4213.846,4129.231,4082.051,4144.103,0.19110103074545778,0.02435847910439104,0.047672361584407,0.10113797266177411,0.09596207909878904,0.39656180896851556,0.11277724153982387,0.34294384015123697,0.07496625240421097,0.06258588715277441,0.2821455519932018,0.1785033991586943,0.029172575531264303,0.0712749599765164
2554.6875,4175.897,4221.538,4133.333,4091.795,4151.282,0.19110103074545778,0.02435847910439104,0.047672361584407,0.10113797266177411,0.09596207909878904,0.39656180896851556,0.11277724153982387,0.34294384015123697,0.07496625240421097,0.06258588715277441,0.2821455519932018,0.1785033991586943,0.029172575531264303,0.0712749599765164
2562.5,4186.667,4223.077,4131.282,4100.0,4160.513,0.19110103074545778,0.02435847910439104,0.047672361584407,0.10113797266177411,0.09596207909878904,0.39656180896851556,0.11277724153982387,0.34294384015123697,0.07496625240421097,0.06258588715277441,0.2821455519932018,0.1785033991586943,0.029172575531264303,0.0712749599765164
2570.3125,4189.744,4217.949,4128.718,4095.385,4162.564,0.19110103074545778,0.02435847910439104,0.047672361584407,0.10113797266177411,0.09596207909878904,0.39656180896851556,0.11277724153982387,0.34294384015123697,0.07496625240421097,0.06258588715277441,0.2821455519932018,0.1785033991586943,0.029172575531264303,0.0712749599765164
2578.125,4178.974,4218.974,4129.231,4092.308,4162.051,0.19110103074545778,0.02435847910439104,0.047672361584407,0.10113797266177411,0.09596207909878904,0.39656180896851556,0.11277724153982387,0.34294384015123697,0.07496625240421097,0.06258588715277441,0.2821455519932018,0.1785033991586943,0.029172575531264303,0.0712749599765164
2585.9375,4138.974,4195.897,4107.179,4061.538,4125.641,0.19110103074545778,0.02435847910439104,0.047672361584407,0.10113797266177411,0.09596207909878904,0.39656180896851556,0.11277724153982387,0.34294384015123697,0.07496625240421097,0.06258588715277441,0.2821455519932018,0.1785033991586943,0.029172575531264303,0.0712749599765164
2593.75,4106.154,4156.923,4079.487,4017.949,4079.487,0.19110103074545778,0.02435847910439104,0.047672361584407,0.10113797266177411,0.09596207909878904,0.39656180896851556,0.11277724153982387,0.34294384015123697,0.07496625240421097,0.06258588715277441,0.2821455519932018,0.1785033991586943,0.029172575531264303,0.0712749599765164
2601.5625,4121.026,4164.615,4096.923,4023.59,4094.872,0.19110103074545778,0.02435847910439104,0.047672361584407,0.10113797266177411,0.09596207909878904,0.39656180896851556,0.11277724153982387,0.34294384015123697,0.07496625240421097,0.06258588715277441,0.2821455519932018,0.1785033991586943,0.029172575531264303,0.0712749599765164
2609.375,4153.333,4202.564,4134.359,4064.615,4138.974,0.19110103074545778,0.02435847910439104,0.047672361584407,0.10113797266177411,0.09596207909878904,0.39656180896851556,0.11277724153982387,0.34294384015123697,0.07496625240421097,0.06258588715277441,0.2821455519932018,0.1785033991586943,0.029172575531264303,0.0712749599765164
2617.1875,4160.513,4212.308,4144.615,4084.615,4144.615,0.19110103074545778,0.02435847910439104,0.047672361584407,0.10113797266177411,0.09596207909878904,0.39656180896851556,0.11277724153982387,0.34294384015123697,0.07496625240421097,0.06258588715277441,0.2821455519932018,0.1785033991586943,0.029172575531264303,0.0712749599765164
2625.0,4170.256,4214.359,4149.744,4093.846,4143.59,0.19110103074545778,0.02435847910439104,0.047672361584407,0.10113797266177411,0.09596207909878904,0.39656180896851556,0.11277724153982387,0.34294384015123697,0.07496625240421097,0.06258588715277441,0.2821455519932018,0.1785033991586943,0.029172575531264303,0.0712749599765164
2632.8125,4170.769,4213.846,4141.026,4078.462,4143.59,0.19110103074545778,0.02435847910439104,0.047672361584407,0.10113797266177411,0.09596207909878904,0.39656180896851556,0.11277724153982387,0.34294384015123697,0.07496625240421097,0.06258588715277441,0.2821455519932018,0.1785033991586943,0.029172575531264303,0.0712749599765164
2640.625,4152.308,4182.564,4110.256,4040.0,4127.179,0.19110103074545778,0.02435847910439104,0.047672361584407,0.10113797266177411,0.09596207909878904,0.39656180896851556,0.11277724153982387,0.34294384015123697,0.07496625240421097,0.06258588715277441,0.2821455519932018,0.1785033991586943,0.029172575531264303,0.0712749599765164
2648.4375,4157.436,4178.974,4100.0,4046.154,4139.487,0.19110103074545778,0.02435847910439104,0.047672361584407,0.10113797266177411,0.09596207909878904,0.39656180896851556,0.11277724153982387,0.34294384015123697,0.07496625240421097,0.06258588715277441,0.2821455519932018,0.1785033991586943,0.029172575531264303,0.0712749599765164
2656.25,4169.231,4207.692,4120.0,4069.744,4151.282,0.19110103074545778,0.02435847910439104,0.047672361584407,0.10113797266177411,0.09596207909878904,0.39656180896851556,0.11277724153982387,0.34294384015123697,0.07496625240421097,0.06258588715277441,0.2821455519932018,0.1785033991586943,0.029172575531264303,0.0712749599765164
2664.0625,4184.615,4221.538,4141.026,4080.0,4152.821,0.19110103074545778,0.02435847910439104,0.047672361584407,0.10113797266177411,0.09596207909878904,0.39656180896851556,0.11277724153982387,0.34294384015123697,0.07496625240421097,0.06258588715277441,0.2821455519932018,0.1785033991586943,0.029172575531264303,0.0712749599765164
2671.875,4210.769,4236.923,4150.256,4102.564,4190.256,0.19110103074545778,0.02435847910439104,0.047672361584407,0.10113797266177411,0.09596207909878904,0.39656180896851556,0.11277724153982387,0.34294384015123697,0.07496625240421097,0.06258588715277441,0.2821455519932018,0.1785033991586943,0.029172575531264303,0.0712749599765164
2679.6875,4215.897,4245.128,4153.333,4110.256,4210.256,0.19110103074545778,0.02435847910439104,0.047672361584407,0.10113797266177411,0.09596207909878904,0.39656180896851556,0.11277724153982387,0.34294384015123697,0.07496625240421097,0.06258588715277441,0.2821455519932018,0.1785033991586943,0.029172575531264303,0.0712749599765164
2687.5,4205.128,4231.282,4145.128,4098.974,4191.282,0.19110103074545778,0.02435847910439104,0.047672361584407,0.10113797266177411,0.09596207909878904,0.39656180896851556,0.11277724153982387,0.34294384015123697,0.07496625240421097,0.06258588715277441,0.2821455519932018,0.1785033991586943,0.029172575531264303,0.0712749599765164
2695.3125,4188.205,4209.744,4125.128,4088.718,4171.282,0.19110103074545778,0.02435847910439104,0.047672361584407,0.10113797266177411,0.09596207909878904,0.39656180896851556,0.11277724153982387,0.34294384015123697,0.07496625240421097,0.06258588715277441,0.2821455519932018,0.1785033991586943,0.029172575531264303,0.0712749599765164
2703.125,4169.744,4197.949,4112.821,4076.41,4156.41,0.19110103074545778,0.02435847910439104,0.047672361584407,0.10113797266177411,0.09596207909878904,0.39656180896851556,0.11277724153982387,0.34294384015123697,0.07496625240421097,0.06258588715277441,0.2821455519932018,0.1785033991586943,0.029172575531264303,0.0712749599765164
2710.9375,4166.154,4207.179,4127.692,4068.718,4148.718,0.19110103074545778,0.02435847910439104,0.047672361584407,0.10113797266177411,0.09596207909878904,0.39656180896851556,0.11277724153982387,0.34294384015123697,0.07496625240421097,0.06258588715277441,0.2821455519932018,0.1785033991586943,0.029172575531264303,0.0712749599765164
2718.75,4180.0,4215.385,4139.487,4077.436,4158.462,0.19110103074545778,0.02435847910439104,0.047672361584407,0.10113797266177411,0.09596207909878904,0.39656180896851556,0.11277724153982387,0.34294384015123697,0.07496625240421097,0.06258588715277441,0.2821455519932018,0.1785033991586943,0.029172575531264303,0.0712749599765164
2726.5625,4163.59,4194.359,4104.103,4061.026,4157.436,0.19110103074545778,0.02435847910439104,0.047672361584407,0.10113797266177411,0.09596207909878904,0.39656180896851556,0.11277724153982387,0.34294384015123697,0.07496625240421097,0.06258588715277441,0.2821455519932018,0.1785033991586943,0.029172575531264303,0.0712749599765164
2734.375,4153.333,4171.282,4080.513,4037.949,4143.077,0.19110103074545778,0.02435847910439104,0.047672361584407,0.10113797266177411,0.09596207909878904,0.39656180896851556,0.11277724153982387,0.34294384015123697,0.07496625240421097,0.06258588715277441,0.2821455519932018,0.1785033991586943,0.029172575531264303,0.0712749599765164
2742.1875,4179.487,4189.744,4103.077,4053.846,4157.949,0.19110103074545778,0.02435847910439104,0.047672361584407,0.10113797266177411,0.09596207909878904,0.39656180896851556,0.11277724153982387,0.34294384015123697,0.07496625240421097,0.06258588715277441,0.2821455519932018,0.1785033991586943,0.029172575531264303,0.0712749599765164
2750.0,4188.205,4204.615,4130.769,4067.179,4172.821,0.19110103074545778,0.02435847910439104,0.047672361584407,0.10113797266177411,0.09596207909878904,0.39656180896851556,0.11277724153982387,0.34294384015123697,0.07496625240421097,0.06258588715277441,0.2821455519932018,0.1785033991586943,0.029172575531264303,0.0712749599765164
2757.8125,4175.897,4197.436,4124.615,4058.974,4169.744,0.19110103074545778,0.02435847910439104,0.047672361584407,0.10113797266177411,0.09596207909878904,0.39656180896851556,0.11277724153982387,0.34294384015123697,0.07496625240421097,0.06258588715277441,0.2821455519932018,0.1785033991586943,0.029172575531264303,0.0712749599765164
2765.625,4170.769,4193.333,4114.359,4048.205,4169.231,0.19110103074545778,0.02435847910439104,0.047672361584407,0.10113797266177411,0.09596207909878904,0.39656180896851556,0.11277724153982387,0.34294384015123697,0.07496625240421097,0.06258588715277441,0.2821455519932018,0.1785033991586943,0.029172575531264303,0.0712749599765164
2773.4375,4188.205,4200.0,4123.077,4053.333,4172.821,0.19110103074545778,0.02435847910439104,0.047672361584407,0.10113797266177411,0.09596207909878904,0.39656180896851556,0.11277724153982387,0.34294384015123697,0.07496625240421097,0.06258588715277441,0.2821455519932018,0.1785033991586943,0.029172575531264303,0.0712749599765164
2781.25,4195.897,4211.282,4129.744,4065.128,4172.821,0.19110103074545778,0.02435847910439104,0.047672361584407,0.10113797266177411,0.09596207909878904,0.39656180896851556,0.11277724153982387,0.34294384015123697,0.07496625240421097,0.06258588715277441,0.2821455519932018,0.1785033991586943,0.029172575531264303,0.0712749599765164
2789.0625,4186.154,4206.667,4124.103,4063.077,4166.667,0.19110103074545778,0.02435847910439104,0.047672361584407,0.10113797266177411,0.09596207909878904,0.39656180896851556,0.11277724153982387,0.34294384015123697,0.07496625240421097,0.06258588715277441,0.2821455519932018,0.1785033991586943,0.029172575531264303,0.0712749599765164
2796.875,4182.051,4207.179,4123.077,4063.59,4170.256,0.19110103074545778,0.02435847910439104,0.047672361584407,0.10113797266177411,0.09596207909878904,0.39656180896851556,0.11277724153982387,0.34294384015123697,0.07496625240421097,0.06258588715277441,0.2821455519932018,0.1785033991586943,0.029172575531264303,0.0712749599765164
2804.6875,4192.308,4216.923,4134.359,4076.41,4169.231,0.19110103074545778,0.02435847910439104,0.047672361584407,0.10113797266177411,0.09596207909878904,0.39656180896851556,0.11277724153982387,0.34294384015123697,0.07496625240421097,0.06258588715277441,0.2821455519932018,0.1785033991586943,0.029172575531264303,0.0712749599765164
2812.5,4197.949,4220.0,4128.718,4094.359,4171.795,0.19110103074545778,0.02435847910439104,0.047672361584407,0.10113797266177411,0.09596207909878904,0.39656180896851556,0.11277724153982387,0.34294384015123697,0.07496625240421097,0.06258588715277441,0.2821455519932018,0.1785033991586943,0.029172575531264303,0.0712749599765164
2820.3125,4188.718,4217.436,4124.103,4107.692,4175.897,0.19110103074545778,0.02435847910439104,0.047672361584407,0.10113797266177411,0.09596207909878904,0.39656180896851556,0.11277724153982387,0.34294384015123697,0.07496625240421097,0.06258588715277441,0.2821455519932018,0.1785033991586943,0.029172575531264303,0.0712749599765164
2828.125,4184.615,4217.949,4125.641,4118.974,4166.154,0.19110103074545778,0.02435847910439104,0.047672361584407,0.10113797266177411,0.09596207909878904,0.39656180896851556,0.11277724153982387,0.34294384015123697,0.07496625240421097,0.06258588715277441,0.2821455519932018,0.1785033991586943,0.029172575531264303,0.0712749599765164
2835.9375,4178.974,4214.872,4121.538,4111.282,4156.41,0.19110103074545778,0.02435847910439104,0.047672361584407,0.10113797266177411,0.09596207909878904,0.39656180896851556,0.11277724153982387,0.34294384015123697,0.07496625240421097,0.06258588715277441,0.2821455519932018,0.1785033991586943,0.029172575531264303,0.0712749599765164
2843.75,4188.205,4213.333,4129.231,4110.256,4165.128,0.19110103074545778,0.02435847910439104,0.047672361584407,0.10113797266177411,0.09596207909878904,0.39656180896851556,0.11277724153982387,0.34294384015123697,0.07496625240421097,0.06258588715277441,0.2821455519932018,0.1785033991586943,0.029172575531264303,0.0712749599765164
2851.5625,4199.487,4228.205,4137.436,4128.205,4177.949,0.19110103074545778,0.02435847910439104,0.047672361584407,0.10113797266177411,0.09596207909878904,0.39656180896851556,0.11277724153982387,0.34294384015123697,0.07496625240421097,0.06258588715277441,0.2821455519932018,0.1785033991586943,0.029172575531264303,0.0712749599765164
2859.375,4187.179,4223.077,4121.538,4121.538,4167.179,0.19110103074545778,0.02435847910439104,0.047672361584407,0.10113797266177411,0.09596207909878904,0.39656180896851556,0.11277724153982387,0.34294384015123697,0.07496625240421097,0.06258588715277441,0.2821455519932018,0.1785033991586943,0.029172575531264303,0.0712749599765164
2867.1875,4165.641,4207.692,4096.923,4097.949,4151.795,0.19110103074545778,0.02435847910439104,0.047672361584407,0.10113797266177411,0.09596207909878904,0.39656180896851556,0.11277724153982387,0.34294384015123697,0.07496625240421097,0.06258588715277441,0.2821455519932018,0.1785033991586943,0.029172575531264303,0.0712749599765164
2875.0,4165.128,4204.615,4104.103,4094.359,4144.103,0.19110103074545778,0.02435847910439104,0.047672361584407,0.10113797266177411,0.09596207909878904,0.39656180896851556,0.11277724153982387,0.34294384015123697,0.07496625240421097,0.06258588715277441,0.2821455519932018,0.1785033991586943,0.029172575531264303,0.0712749599765164
2882.8125,4178.462,4213.846,4120.0,4112.821,4153.333,0.19110103074545778,0.02435847910439104,0.047672361584407,0.10113797266177411,0.09596207909878904,0.39656180896851556,0.11277724153982387,0.34294384015123697,0.07496625240421097,0.06258588715277441,0.2821455519932018,0.1785033991586943,0.029172575531264303,0.0712749599765164
2890.625,4174.872,4214.872,4122.564,4116.41,4165.128,0.19110103074545778,0.02435847910439104,0.047672361584407,0.10113797266177411,0.09596207909878904,0.39656180896851556,0.11277724153982387,0.34294384015123697,0.07496625240421097,0.06258588715277441,0.2821455519932018,0.1785033991586943,0.029172575531264303,0.0712749599765164
2898.4375,4174.872,4206.154,4112.821,4108.718,4164.103,0.19110103074545778,0.02435847910439104,0.047672361584407,0.10113797266177411,0.09596207909878904,0.39656180896851556,0.11277724153982387,0.34294384015123697,0.07496625240421097,0.06258588715277441,0.2821455519932018,0.1785033991586943,0.029172575531264303,0.0712749599765164
2906.25,4178.974,4209.744,4111.282,4101.538,4161.538,0.19110103074545778,0.02435847910439104,0.047672361584407,0.10113797266177411,0.09596207909878904,0.39656180896851556,0.11277724153982387,0.34294384015123697,0.07496625240421097,0.06258588715277441,0.2821455519932018,0.1785033991586943,0.029172575531264303,0.0712749599765164
2914.0625,4196.41,4214.872,4134.872,4106.667,4173.333,0.19110103074545778,0.02435847910439104,0.047672361584407,0.10113797266177411,0.09596207909878904,0.39656180896851556,0.11277724153982387,0.34294384015123697,0.07496625240421097,0.06258588715277441,0.2821455519932018,0.1785033991586943,0.029172575531264303,0.0712749599765164
2921.875,4216.41,4222.564,4144.615,4125.128,4195.897,0.19110103074545778,0.02435847910439104,0.047672361584407,0.10113797266177411,0.09596207909878904,0.39656180896851556,0.11277724153982387,0.34294384015123697,0.07496625240421097,0.06258588715277441,0.2821455519932018,0.1785033991586943,0.029172575531264303,0.0712749599765164
2929.6875,4203.59,4216.923,4133.333,4116.923,4184.615,0.19110103074545778,0.02435847910439104,0.047672361584407,0.10113797266177411,0.09596207909878904,0.39656180896851556,0.11277724153982387,0.34294384015123697,0.07496625240421097,0.06258588715277441,0.2821455519932018,0.1785033991586943,0.029172575531264303,0.0712749599765164
2937.5,4182.564,4205.641,4118.974,4104.615,4163.59,0.19110103074545778,0.02435847910439104,0.047672361584407,0.10113797266177411,0.09596207909878904,0.39656180896851556,0.11277724153982387,0.34294384015123697,0.07496625240421097,0.06258588715277441,0.2821455519932018,0.1785033991586943,0.029172575531264303,0.0712749599765164
2945.3125,4178.974,4197.949,4114.872,4113.333,4164.103,0.19110103074545778,0.02435847910439104,0.047672361584407,0.10113797266177411,0.09596207909878904,0.39656180896851556,0.11277724153982387,0.34294384015123697,0.07496625240421097,0.06258588715277441,0.2821455519932018,0.1785033991586943,0.029172575531264303,0.0712749599765164
2953.125,4182.564,4191.282,4106.667,4128.205,4164.615,0.19110103074545778,0.02435847910439104,0.047672361584407,0.10113797266177411,0.09596207909878904,0.39656180896851556,0.11277724153982387,0.34294384015123697,0.07496625240421097,0.06258588715277441,0.2821455519932018,0.1785033991586943,0.029172575531264303,0.0712749599765164
2960.9375,4177.436,4194.872,4101.026,4124.615,4153.846,0.19110103074545778,0.02435847910439104,0.047672361584407,0.10113797266177411,0.09596207909878904,0.39656180896851556,0.11277724153982387,0.34294384015123697,0.07496625240421097,0.06258588715277441,0.2821455519932018,0.1785033991586943,0.029172575531264303,0.0712749599765164
2968.75,4187.179,4190.769,4113.333,4119.487,4153.846,0.19110103074545778,0.02435847910439104,0.047672361584407,0.10113797266177411,0.09596207909878904,0.39656180896851556,0.11277724153982387,0.34294384015123697,0.07496625240421097,0.06258588715277441,0.2821455519932018,0.1785033991586943,0.029172575531264303,0.0712749599765164
2976.5625,4216.923,4204.103,4126.154,4140.513,4196.41,0.19110103074545778,0.02435847910439104,0.047672361584407,0.10113797266177411,0.09596207909878904,0.39656180896851556,0.11277724153982387,0.34294384015123697,0.07496625240421097,0.06258588715277441,0.2821455519932018,0.1785033991586943,0.029172575531264303,0.0712749599765164
2984.375,4234.359,4235.385,4138.974,4157.949,4229.231,0.19110103074545778,0.02435847910439104,0.047672361584407,0.10113797266177411,0.09596207909878904,0.39656180896851556,0.11277724153982387,0.34294384015123697,0.07496625240421097,0.06258588715277441,0.2821455519932018,0.1785033991586943,0.029172575531264303,0.0712749599765164
2992.1875,4229.231,4234.359,4137.436,4159.487,4207.179,0.19110103074545778,0.02435847910439104,0.047672361584407,0.10113797266177411,0.09596207909878904,0.39656180896851556,0.11277724153982387,0.34294384015123697,0.07496625240421097,0.06258588715277441,0.2821455519932018,0.1785033991586943,0.029172575531264303,0.0712749599765164
