timestamp,AF3,T7,Pz,T8,AF4,AF3_theta,AF3_alpha,AF3_beta,T7_theta,T7_mu,T7_beta,Pz_alpha,Pz_beta,T8_theta,T8_mu,T8_beta,AF4_theta,AF4_alpha,AF4_beta
0.0,4230.256,4202.051,4120.0,4088.205,4221.026,0.1044557948761476,0.25316621700163555,0.3022383392796178,0.10448165455381396,0.18831907973506876,0.29790861352136183,0.20208845730081945,0.26437744618968684,0.10009618402124505,0.15071323636593462,0.3943897841624329,0.07304182852550506,0.21963782671684803,0.3057876658185083
7.8125,4239.487,4197.949,4134.872,4078.974,4200.0,0.1044557948761476,0.25316621700163555,0.3022383392796178,0.10448165455381396,0.18831907973506876,0.29790861352136183,0.20208845730081945,0.26437744618968684,0.10009618402124505,0.15071323636593462,0.3943897841624329,0.07304182852550506,0.21963782671684803,0.3057876658185083
15.625,4238.974,4216.923,4140.513,4086.667,4228.718,0.1044557948761476,0.25316621700163555,0.3022383392796178,0.10448165455381396,0.18831907973506876,0.29790861352136183,0.20208845730081945,0.26437744618968684,0.10009618402124505,0.15071323636593462,0.3943897841624329,0.07304182852550506,0.21963782671684803,0.3057876658185083
23.4375,4244.103,4221.026,4137.949,4104.615,4260.0,0.1044557948761476,0.25316621700163555,0.3022383392796178,0.10448165455381396,0.18831907973506876,0.29790861352136183,0.20208845730081945,0.26437744618968684,0.10009618402124505,0.15071323636593462,0.3943897841624329,0.07304182852550506,0.21963782671684803,0.3057876658185083
31.25,4261.538,4213.333,4151.282,4110.769,4255.897,0.1044557948761476,0.25316621700163555,0.3022383392796178,0.10448165455381396,0.18831907973506876,0.29790861352136183,0.20208845730081945,0.26437744618968684,0.10009618402124505,0.15071323636593462,0.3943897841624329,0.07304182852550506,0.21963782671684803,0.3057876658185083
39.0625,4270.769,4218.974,4153.846,4115.385,4254.359,0.1044557948761476,0.25316621700163555,0.3022383392796178,0.10448165455381396,0.18831907973506876,0.29790861352136183,0.20208845730081945,0.26437744618968684,0.10009618402124505,0.15071323636593462,0.3943897841624329,0.07304182852550506,0.21963782671684803,0.3057876658185083
46.875,4266.667,4221.538,4142.051,4129.231,4262.051,0.1044557948761476,0.25316621700163555,0.3022383392796178,0.10448165455381396,0.18831907973506876,0.29790861352136183,0.20208845730081945,0.26437744618968684,0.10009618402124505,0.15071323636593462,0.3943897841624329,0.07304182852550506,0.21963782671684803,0.3057876658185083
54.6875,4257.436,4217.949,4137.949,4131.795,4258.974,0.1044557948761476,0.25316621700163555,0.3022383392796178,0.10448165455381396,0.18831907973506876,0.29790861352136183,0.20208845730081945,0.26437744618968684,0.10009618402124505,0.15071323636593462,0.3943897841624329,0.07304182852550506,0.21963782671684803,0.3057876658185083
62.5,4263.59,4221.026,4141.026,4126.154,4257.436,0.1044557948761476,0.25316621700163555,0.3022383392796178,0.10448165455381396,0.18831907973506876,0.29790861352136183,0.20208845730081945,0.26437744618968684,0.10009618402124505,0.15071323636593462,0.3943897841624329,0.07304182852550506,0.21963782671684803,0.3057876658185083
70.3125,4262.564,4210.256,4137.949,4117.436,4243.077,0.1044557948761476,0.25316621700163555,0.3022383392796178,0.10448165455381396,0.18831907973506876,0.29790861352136183,0.20208845730081945,0.26437744618968684,0.10009618402124505,0.15071323636593462,0.3943897841624329,0.07304182852550506,0.21963782671684803,0.3057876658185083
78.125,4231.795,4195.385,4125.641,4094.359,4204.615,0.1044557948761476,0.25316621700163555,0.3022383392796178,0.10448165455381396,0.18831907973506876,0.29790861352136183,0.20208845730081945,0.26437744618968684,0.10009618402124505,0.15071323636593462,0.3943897841624329,0.07304182852550506,0.21963782671684803,0.3057876658185083
85.9375,4225.641,4205.128,4121.026,4096.41,4209.744,0.1044557948761476,0.25316621700163555,0.3022383392796178,0.10448165455381396,0.18831907973506876,0.29790861352136183,0.20208845730081945,0.26437744618968684,0.10009618402124505,0.15071323636593462,0.3943897841624329,0.07304182852550506,0.21963782671684803,0.3057876658185083
93.75,4255.897,4215.897,4135.385,4128.205,4243.077,0.1044557948761476,0.25316621700163555,0.3022383392796178,0.10448165455381396,0.18831907973506876,0.29790861352136183,0.20208845730081945,0.26437744618968684,0.10009618402124505,0.15071323636593462,0.3943897841624329,0.07304182852550506,0.21963782671684803,0.3057876658185083
101.5625,4259.487,4211.795,4136.41,4131.795,4236.923,0.1044557948761476,0.25316621700163555,0.3022383392796178,0.10448165455381396,0.18831907973506876,0.29790861352136183,0.20208845730081945,0.26437744618968684,0.10009618402124505,0.15071323636593462,0.3943897841624329,0.07304182852550506,0.21963782671684803,0.3057876658185083
109.375,4253.333,4210.769,4130.769,4124.103,4228.718,0.1044557948761476,0.25316621700163555,0.3022383392796178,0.10448165455381396,0.18831907973506876,0.29790861352136183,0.20208845730081945,0.26437744618968684,0.10009618402124505,0.15071323636593462,0.3943897841624329,0.07304182852550506,0.21963782671684803,0.3057876658185083
117.1875,4264.103,4212.821,4145.641,4136.923,4243.077,0.1044557948761476,0.25316621700163555,0.3022383392796178,0.10448165455381396,0.18831907973506876,0.29790861352136183,0.20208845730081945,0.26437744618968684,0.10009618402124505,0.15071323636593462,0.3943897841624329,0.07304182852550506,0.21963782671684803,0.3057876658185083
125.0,4254.359,4213.846,4144.103,4136.41,4236.41,0.1044557948761476,0.25316621700163555,0.3022383392796178,0.10448165455381396,0.18831907973506876,0.29790861352136183,0.20208845730081945,0.26437744618968684,0.10009618402124505,0.15071323636593462,0.3943897841624329,0.07304182852550506,0.21963782671684803,0.3057876658185083
132.8125,4237.436,4212.821,4122.564,4124.103,4214.872,0.1044557948761476,0.25316621700163555,0.3022383392796178,0.10448165455381396,0.18831907973506876,0.29790861352136183,0.20208845730081945,0.26437744618968684,0.10009618402124505,0.15071323636593462,0.3943897841624329,0.07304182852550506,0.21963782671684803,0.3057876658185083
140.625,4243.59,4205.641,4132.821,4121.538,4206.667,0.1044557948761476,0.25316621700163555,0.3022383392796178,0.10448165455381396,0.18831907973506876,0.29790861352136183,0.20208845730081945,0.26437744618968684,0.10009618402124505,0.15071323636593462,0.3943897841624329,0.07304182852550506,0.21963782671684803,0.3057876658185083
148.4375,4236.41,4200.0,4142.051,4108.718,4200.513,0.1044557948761476,0.25316621700163555,0.3022383392796178,0.10448165455381396,0.18831907973506876,0.29790861352136183,0.20208845730081945,0.26437744618968684,0.10009618402124505,0.15071323636593462,0.3943897841624329,0.07304182852550506,0.21963782671684803,0.3057876658185083
156.25,4216.41,4196.923,4114.872,4096.923,4199.487,0.1044557948761476,0.25316621700163555,0.3022383392796178,0.10448165455381396,0.18831907973506876,0.29790861352136183,0.20208845730081945,0.26437744618968684,0.10009618402124505,0.15071323636593462,0.3943897841624329,0.07304182852550506,0.21963782671684803,0.3057876658185083
164.0625,4225.128,4189.744,4113.333,4106.667,4212.821,0.1044557948761476,0.25316621700163555,0.3022383392796178,0.10448165455381396,0.18831907973506876,0.29790861352136183,0.20208845730081945,0.26437744618968684,0.10009618402124505,0.15071323636593462,0.3943897841624329,0.07304182852550506,0.21963782671684803,0.3057876658185083
171.875,4227.692,4179.487,4122.051,4100.0,4209.744,0.1044557948761476,0.25316621700163555,0.3022383392796178,0.10448165455381396,0.18831907973506876,0.29790861352136183,0.20208845730081945,0.26437744618968684,0.10009618402124505,0.15071323636593462,0.3943897841624329,0.07304182852550506,0.21963782671684803,0.3057876658185083
179.6875,4208.205,4175.897,4084.615,4078.462,4190.769,0.1044557948761476,0.25316621700163555,0.3022383392796178,0.10448165455381396,0.18831907973506876,0.29790861352136183,0.20208845730081945,0.26437744618968684,0.10009618402124505,0.15071323636593462,0.3943897841624329,0.07304182852550506,0.21963782671684803,0.3057876658185083
187.5,4223.59,4188.205,4074.872,4098.462,4198.462,0.1044557948761476,0.25316621700163555,0.3022383392796178,0.10448165455381396,0.18831907973506876,0.29790861352136183,0.20208845730081945,0.26437744618968684,0.10009618402124505,0.15071323636593462,0.3943897841624329,0.07304182852550506,0.21963782671684803,0.3057876658185083
195.3125,4257.436,4204.103,4123.077,4136.41,4222.051,0.1044557948761476,0.25316621700163555,0.3022383392796178,0.10448165455381396,0.18831907973506876,0.29790861352136183,0.20208845730081945,0.26437744618968684,0.10009618402124505,0.15071323636593462,0.3943897841624329,0.07304182852550506,0.21963782671684803,0.3057876658185083
203.125,4250.769,4208.718,4139.487,4133.846,4223.077,0.1044557948761476,0.25316621700163555,0.3022383392796178,0.10448165455381396,0.18831907973506876,0.29790861352136183,0.20208845730081945,0.26437744618968684,0.10009618402124505,0.15071323636593462,0.3943897841624329,0.07304182852550506,0.21963782671684803,0.3057876658185083
210.9375,4234.872,4206.667,4132.308,4116.923,4213.846,0.1044557948761476,0.25316621700163555,0.3022383392796178,0.10448165455381396,0.18831907973506876,0.29790861352136183,0.20208845730081945,0.26437744618968684,0.10009618402124505,0.15071323636593462,0.3943897841624329,0.07304182852550506,0.21963782671684803,0.3057876658185083
218.75,4245.128,4212.821,4150.256,4120.513,4220.513,0.1044557948761476,0.25316621700163555,0.3022383392796178,0.10448165455381396,0.18831907973506876,0.29790861352136183,0.20208845730081945,0.26437744618968684,0.10009618402124505,0.15071323636593462,0.3943897841624329,0.07304182852550506,0.21963782671684803,0.3057876658185083
226.5625,4258.974,4220.513,4153.333,4127.692,4237.436,0.1044557948761476,0.25316621700163555,0.3022383392796178,0.10448165455381396,0.18831907973506876,0.29790861352136183,0.20208845730081945,0.26437744618968684,0.10009618402124505,0.15071323636593462,0.3943897841624329,0.07304182852550506,0.21963782671684803,0.3057876658185083
234.375,4263.077,4205.641,4131.795,4126.667,4237.436,0.1044557948761476,0.25316621700163555,0.3022383392796178,0.10448165455381396,0.18831907973506876,0.29790861352136183,0.20208845730081945,0.26437744618968684,0.10009618402124505,0.15071323636593462,0.3943897841624329,0.07304182852550506,0.21963782671684803,0.3057876658185083
242.1875,4259.487,4193.333,4126.667,4128.205,4228.718,0.1044557948761476,0.25316621700163555,0.3022383392796178,0.10448165455381396,0.18831907973506876,0.29790861352136183,0.20208845730081945,0.26437744618968684,0.10009618402124505,0.15071323636593462,0.3943897841624329,0.07304182852550506,0.21963782671684803,0.3057876658185083
250.0,4258.974,4204.103,4135.385,4134.359,4235.385,0.1044557948761476,0.25316621700163555,0.3022383392796178,0.10448165455381396,0.18831907973506876,0.29790861352136183,0.20208845730081945,0.26437744618968684,0.10009618402124505,0.15071323636593462,0.3943897841624329,0.07304182852550506,0.21963782671684803,0.3057876658185083
257.8125,4262.051,4199.487,4137.949,4134.872,4233.333,0.1044557948761476,0.25316621700163555,0.3022383392796178,0.10448165455381396,0.18831907973506876,0.29790861352136183,0.20208845730081945,0.26437744618968684,0.10009618402124505,0.15071323636593462,0.3943897841624329,0.07304182852550506,0.21963782671684803,0.3057876658185083
265.625,4250.769,4181.026,4127.692,4129.744,4220.513,0.1044557948761476,0.25316621700163555,0.3022383392796178,0.10448165455381396,0.18831907973506876,0.29790861352136183,0.20208845730081945,0.26437744618968684,0.10009618402124505,0.15071323636593462,0.3943897841624329,0.07304182852550506,0.21963782671684803,0.3057876658185083
273.4375,4244.103,4189.744,4116.923,4128.205,4228.718,0.1044557948761476,0.25316621700163555,0.3022383392796178,0.10448165455381396,0.18831907973506876,0.29790861352136183,0.20208845730081945,0.26437744618968684,0.10009618402124505,0.15071323636593462,0.3943897841624329,0.07304182852550506,0.21963782671684803,0.3057876658185083
281.25,4253.333,4203.077,4122.051,4126.667,4233.846,0.1044557948761476,0.25316621700163555,0.3022383392796178,0.10448165455381396,0.18831907973506876,0.29790861352136183,0.20208845730081945,0.26437744618968684,0.10009618402124505,0.15071323636593462,0.3943897841624329,0.07304182852550506,0.21963782671684803,0.3057876658185083
289.0625,4254.359,4203.59,4122.051,4119.487,4220.513,0.1044557948761476,0.25316621700163555,0.3022383392796178,0.10448165455381396,0.18831907973506876,0.29790861352136183,0.20208845730081945,0.26437744618968684,0.10009618402124505,0.15071323636593462,0.3943897841624329,0.07304182852550506,0.21963782671684803,0.3057876658185083
296.875,4261.538,4216.41,4112.821,4117.436,4232.821,0.1044557948761476,0.25316621700163555,0.3022383392796178,0.10448165455381396,0.18831907973506876,0.29790861352136183,0.20208845730081945,0.26437744618968684,0.10009618402124505,0.15071323636593462,0.3943897841624329,0.07304182852550506,0.21963782671684803,0.3057876658185083
304.6875,4272.821,4226.154,4126.667,4110.256,4246.667,0.1044557948761476,0.25316621700163555,0.3022383392796178,0.10448165455381396,0.18831907973506876,0.29790861352136183,0.20208845730081945,0.26437744618968684,0.10009618402124505,0.15071323636593462,0.3943897841624329,0.07304182852550506,0.21963782671684803,0.3057876658185083
312.5,4248.205,4217.949,4137.949,4076.923,4218.974,0.1044557948761476,0.25316621700163555,0.3022383392796178,0.10448165455381396,0.18831907973506876,0.29790861352136183,0.20208845730081945,0.26437744618968684,0.10009618402124505,0.15071323636593462,0.3943897841624329,0.07304182852550506,0.21963782671684803,0.3057876658185083
320.3125,4223.59,4218.462,4125.641,4060.513,4203.59,0.1044557948761476,0.25316621700163555,0.3022383392796178,0.10448165455381396,0.18831907973506876,0.29790861352136183,0.20208845730081945,0.26437744618968684,0.10009618402124505,0.15071323636593462,0.3943897841624329,0.07304182852550506,0.21963782671684803,0.3057876658185083
328.125,4233.846,4225.128,4133.846,4083.59,4220.0,0.1044557948761476,0.25316621700163555,0.3022383392796178,0.10448165455381396,0.18831907973506876,0.29790861352136183,0.20208845730081945,0.26437744618968684,0.10009618402124505,0.15071323636593462,0.3943897841624329,0.07304182852550506,0.21963782671684803,0.3057876658185083
335.9375,4241.538,4218.462,4157.436,4102.564,4228.718,0.1044557948761476,0.25316621700163555,0.3022383392796178,0.10448165455381396,0.18831907973506876,0.29790861352136183,0.20208845730081945,0.26437744618968684,0.10009618402124505,0.15071323636593462,0.3943897841624329,0.07304182852550506,0.21963782671684803,0.3057876658185083
343.75,4247.692,4207.179,4147.692,4106.154,4229.231,0.1044557948761476,0.25316621700163555,0.3022383392796178,0.10448165455381396,0.18831907973506876,0.29790861352136183,0.20208845730081945,0.26437744618968684,0.10009618402124505,0.15071323636593462,0.3943897841624329,0.07304182852550506,0.21963782671684803,0.3057876658185083
351.5625,4261.026,4202.051,4127.179,4110.769,4226.154,0.1044557948761476,0.25316621700163555,0.3022383392796178,0.10448165455381396,0.18831907973506876,0.29790861352136183,0.20208845730081945,0.26437744618968684,0.10009618402124505,0.15071323636593462,0.3943897841624329,0.07304182852550506,0.21963782671684803,0.3057876658185083
359.375,4249.744,4198.462,4127.692,4100.513,4218.462,0.1044557948761476,0.25316621700163555,0.3022383392796178,0.10448165455381396,0.18831907973506876,0.29790861352136183,0.20208845730081945,0.26437744618968684,0.10009618402124505,0.15071323636593462,0.3943897841624329,0.07304182852550506,0.21963782671684803,0.3057876658185083
367.1875,4235.385,4196.41,4126.154,4088.205,4219.487,0.1044557948761476,0.25316621700163555,0.3022383392796178,0.10448165455381396,0.18831907973506876,0.29790861352136183,0.20208845730081945,0.26437744618968684,0.10009618402124505,0.15071323636593462,0.3943897841624329,0.07304182852550506,0.21963782671684803,0.3057876658185083
375.0,4243.077,4200.513,4119.487,4098.974,4216.41,0.1044557948761476,0.25316621700163555,0.3022383392796178,0.10448165455381396,0.18831907973506876,0.29790861352136183,0.20208845730081945,0.26437744618968684,0.10009618402124505,0.15071323636593462,0.3943897841624329,0.07304182852550506,0.21963782671684803,0.3057876658185083
382.8125,4231.282,4194.872,4118.974,4092.821,4195.897,0.1044557948761476,0.25316621700163555,0.3022383392796178,0.10448165455381396,0.18831907973506876,0.29790861352136183,0.20208845730081945,0.26437744618968684,0.10009618402124505,0.15071323636593462,0.3943897841624329,0.07304182852550506,0.21963782671684803,0.3057876658185083
390.625,4214.359,4189.744,4115.385,4069.231,4194.359,0.1044557948761476,0.25316621700163555,0.3022383392796178,0.10448165455381396,0.18831907973506876,0.29790861352136183,0.20208845730081945,0.26437744618968684,0.10009618402124505,0.15071323636593462,0.3943897841624329,0.07304182852550506,0.21963782671684803,0.3057876658185083
398.4375,4232.308,4200.513,4111.282,4073.333,4214.359,0.1044557948761476,0.25316621700163555,0.3022383392796178,0.10448165455381396,0.18831907973506876,0.29790861352136183,0.20208845730081945,0.26437744618968684,0.10009618402124505,0.15071323636593462,0.3943897841624329,0.07304182852550506,0.21963782671684803,0.3057876658185083
406.25,4247.692,4206.667,4122.564,4082.051,4206.667,0.1044557948761476,0.25316621700163555,0.3022383392796178,0.10448165455381396,0.18831907973506876,0.29790861352136183,0.20208845730081945,0.26437744618968684,0.10009618402124505,0.15071323636593462,0.3943897841624329,0.07304182852550506,0.21963782671684803,0.3057876658185083
414.0625,4245.128,4210.769,4136.923,4081.538,4205.641,0.1044557948761476,0.25316621700163555,0.3022383392796178,0.10448165455381396,0.18831907973506876,0.29790861352136183,0.20208845730081945,0.26437744618968684,0.10009618402124505,0.15071323636593462,0.3943897841624329,0.07304182852550506,0.21963782671684803,0.3057876658185083
421.875,4249.744,4213.846,4132.821,4088.205,4231.795,0.1044557948761476,0.25316621700163555,0.3022383392796178,0.10448165455381396,0.18831907973506876,0.29790861352136183,0.20208845730081945,0.26437744618968684,0.10009618402124505,0.15071323636593462,0.3943897841624329,0.07304182852550506,0.21963782671684803,0.3057876658185083
429.6875,4252.308,4198.974,4122.564,4083.59,4229.744,0.1044557948761476,0.25316621700163555,0.3022383392796178,0.10448165455381396,0.18831907973506876,0.29790861352136183,0.20208845730081945,0.26437744618968684,0.10009618402124505,0.15071323636593462,0.3943897841624329,0.07304182852550506,0.21963782671684803,0.3057876658185083
437.5,4249.231,4193.846,4125.641,4076.923,4214.872,0.1044557948761476,0.25316621700163555,0.3022383392796178,0.10448165455381396,0.18831907973506876,0.29790861352136183,0.20208845730081945,0.26437744618968684,0.10009618402124505,0.15071323636593462,0.3943897841624329,0.07304182852550506,0.21963782671684803,0.3057876658185083
445.3125,4258.462,4213.333,4141.026,4094.872,4224.615,0.1044557948761476,0.25316621700163555,0.3022383392796178,0.10448165455381396,0.18831907973506876,0.29790861352136183,0.20208845730081945,0.26437744618968684,0.10009618402124505,0.15071323636593462,0.3943897841624329,0.07304182852550506,0.21963782671684803,0.3057876658185083
453.125,4265.128,4214.872,4153.846,4104.103,4230.256,0.1044557948761476,0.25316621700163555,0.3022383392796178,0.10448165455381396,0.18831907973506876,0.29790861352136183,0.20208845730081945,0.26437744618968684,0.10009618402124505,0.15071323636593462,0.3943897841624329,0.07304182852550506,0.21963782671684803,0.3057876658185083
460.9375,4255.897,4211.795,4150.256,4094.359,4230.769,0.1044557948761476,0.25316621700163555,0.3022383392796178,0.10448165455381396,0.18831907973506876,0.29790861352136183,0.20208845730081945,0.26437744618968684,0.10009618402124505,0.15071323636593462,0.3943897841624329,0.07304182852550506,0.21963782671684803,0.3057876658185083
468.75,4250.769,4223.59,4136.41,4095.385,4231.282,0.1044557948761476,0.25316621700163555,0.3022383392796178,0.10448165455381396,0.18831907973506876,0.29790861352136183,0.20208845730081945,0.26437744618968684,0.10009618402124505,0.15071323636593462,0.3943897841624329,0.07304182852550506,0.21963782671684803,0.3057876658185083
476.5625,4256.41,4216.41,4134.359,4101.026,4207.692,0.1044557948761476,0.25316621700163555,0.3022383392796178,0.10448165455381396,0.18831907973506876,0.29790861352136183,0.20208845730081945,0.26437744618968684,0.10009618402124505,0.15071323636593462,0.3943897841624329,0.07304182852550506,0.21963782671684803,0.3057876658185083
484.375,4251.795,4202.564,4134.872,4095.385,4193.846,0.1044557948761476,0.25316621700163555,0.3022383392796178,0.10448165455381396,0.18831907973506876,0.29790861352136183,0.20208845730081945,0.26437744618968684,0.10009618402124505,0.15071323636593462,0.3943897841624329,0.07304182852550506,0.21963782671684803,0.3057876658185083
492.1875,4227.179,4198.462,4106.154,4077.436,4193.333,0.1044557948761476,0.25316621700163555,0.3022383392796178,0.10448165455381396,0.18831907973506876,0.29790861352136183,0.20208845730081945,0.26437744618968684,0.10009618402124505,0.15071323636593462,0.3943897841624329,0.07304182852550506,0.21963782671684803,0.3057876658185083
500.0,4212.308,4184.615,4080.513,4057.436,4168.205,0.1044557948761476,0.25316621700163555,0.3022383392796178,0.10448165455381396,0.18831907973506876,0.29790861352136183,0.20208845730081945,0.26437744618968684,0.10009618402124505,0.15071323636593462,0.3943897841624329,0.07304182852550506,0.21963782671684803,0.3057876658185083
507.8125,4224.615,4181.026,4096.41,4055.385,4161.538,0.1044557948761476,0.25316621700163555,0.3022383392796178,0.10448165455381396,0.18831907973506876,0.29790861352136183,0.20208845730081945,0.26437744618968684,0.10009618402124505,0.15071323636593462,0.3943897841624329,0.07304182852550506,0.21963782671684803,0.3057876658185083
515.625,4231.795,4199.487,4112.308,4065.128,4190.769,0.1044557948761476,0.25316621700163555,0.3022383392796178,0.10448165455381396,0.18831907973506876,0.29790861352136183,0.20208845730081945,0.26437744618968684,0.10009618402124505,0.15071323636593462,0.3943897841624329,0.07304182852550506,0.21963782671684803,0.3057876658185083
523.4375,4226.154,4200.513,4101.538,4066.154,4198.462,0.1044557948761476,0.25316621700163555,0.3022383392796178,0.10448165455381396,0.18831907973506876,0.29790861352136183,0.20208845730081945,0.26437744618968684,0.10009618402124505,0.15071323636593462,0.3943897841624329,0.07304182852550506,0.21963782671684803,0.3057876658185083
531.25,4236.41,4190.769,4107.179,4063.59,4189.744,0.1044557948761476,0.25316621700163555,0.3022383392796178,0.10448165455381396,0.18831907973506876,0.29790861352136183,0.20208845730081945,0.26437744618968684,0.10009618402124505,0.15071323636593462,0.3943897841624329,0.07304182852550506,0.21963782671684803,0.3057876658185083
539.0625,4255.897,4206.154,4131.282,4068.718,4200.513,0.1044557948761476,0.25316621700163555,0.3022383392796178,0.10448165455381396,0.18831907973506876,0.29790861352136183,0.20208845730081945,0.26437744618968684,0.10009618402124505,0.15071323636593462,0.3943897841624329,0.07304182852550506,0.21963782671684803,0.3057876658185083
546.875,4262.051,4218.462,4133.333,4077.436,4216.41,0.1044557948761476,0.25316621700163555,0.3022383392796178,0.10448165455381396,0.18831907973506876,0.29790861352136183,0.20208845730081945,0.26437744618968684,0.10009618402124505,0.15071323636593462,0.3943897841624329,0.07304182852550506,0.21963782671684803,0.3057876658185083
554.6875,4263.59,4206.667,4129.744,4084.103,4220.0,0.1044557948761476,0.25316621700163555,0.3022383392796178,0.10448165455381396,0.18831907973506876,0.29790861352136183,0.20208845730081945,0.26437744618968684,0.10009618402124505,0.15071323636593462,0.3943897841624329,0.07304182852550506,0.21963782671684803,0.3057876658185083
562.5,4256.41,4203.59,4137.436,4083.59,4209.231,0.1044557948761476,0.25316621700163555,0.3022383392796178,0.10448165455381396,0.18831907973506876,0.29790861352136183,0.20208845730081945,0.26437744618968684,0.10009618402124505,0.15071323636593462,0.3943897841624329,0.07304182852550506,0.21963782671684803,0.3057876658185083
570.3125,4240.513,4214.872,4131.282,4085.128,4193.846,0.1044557948761476,0.25316621700163555,0.3022383392796178,0.10448165455381396,0.18831907973506876,0.29790861352136183,0.20208845730081945,0.26437744618968684,0.10009618402124505,0.15071323636593462,0.3943897841624329,0.07304182852550506,0.21963782671684803,0.3057876658185083
578.125,4237.949,4209.744,4116.923,4086.667,4186.154,0.1044557948761476,0.25316621700163555,0.3022383392796178,0.10448165455381396,0.18831907973506876,0.29790861352136183,0.20208845730081945,0.26437744618968684,0.10009618402124505,0.15071323636593462,0.3943897841624329,0.07304182852550506,0.21963782671684803,0.3057876658185083
585.9375,4242.051,4202.051,4113.333,4074.872,4190.769,0.1044557948761476,0.25316621700163555,0.3022383392796178,0.10448165455381396,0.18831907973506876,0.29790861352136183,0.20208845730081945,0.26437744618968684,0.10009618402124505,0.15071323636593462,0.3943897841624329,0.07304182852550506,0.21963782671684803,0.3057876658185083
593.75,4248.718,4216.923,4114.359,4068.718,4206.154,0.1044557948761476,0.25316621700163555,0.3022383392796178,0.10448165455381396,0.18831907973506876,0.29790861352136183,0.20208845730081945,0.26437744618968684,0.10009618402124505,0.15071323636593462,0.3943897841624329,0.07304182852550506,0.21963782671684803,0.3057876658185083
601.5625,4250.769,4216.923,4112.821,4068.718,4205.641,0.1044557948761476,0.25316621700163555,0.3022383392796178,0.10448165455381396,0.18831907973506876,0.29790861352136183,0.20208845730081945,0.26437744618968684,0.10009618402124505,0.15071323636593462,0.3943897841624329,0.07304182852550506,0.21963782671684803,0.3057876658185083
609.375,4241.538,4205.128,4111.795,4058.462,4189.744,0.1044557948761476,0.25316621700163555,0.3022383392796178,0.10448165455381396,0.18831907973506876,0.29790861352136183,0.20208845730081945,0.26437744618968684,0.10009618402124505,0.15071323636593462,0.3943897841624329,0.07304182852550506,0.21963782671684803,0.3057876658185083
617.1875,4252.821,4217.949,4121.026,4066.154,4202.051,0.1044557948761476,0.25316621700163555,0.3022383392796178,0.10448165455381396,0.18831907973506876,0.29790861352136183,0.20208845730081945,0.26437744618968684,0.10009618402124505,0.15071323636593462,0.3943897841624329,0.07304182852550506,0.21963782671684803,0.3057876658185083
625.0,4249.744,4200.513,4108.205,4054.872,4190.769,0.1044557948761476,0.25316621700163555,0.3022383392796178,0.10448165455381396,0.18831907973506876,0.29790861352136183,0.20208845730081945,0.26437744618968684,0.10009618402124505,0.15071323636593462,0.3943897841624329,0.07304182852550506,0.21963782671684803,0.3057876658185083
632.8125,4200.513,4151.282,4073.846,4007.179,4141.026,0.1044557948761476,0.25316621700163555,0.3022383392796178,0.10448165455381396,0.18831907973506876,0.29790861352136183,0.20208845730081945,0.26437744618968684,0.10009618402124505,0.15071323636593462,0.3943897841624329,0.07304182852550506,0.21963782671684803,0.3057876658185083
640.625,4200.0,4168.205,4084.615,4027.179,4165.128,0.1044557948761476,0.25316621700163555,0.3022383392796178,0.10448165455381396,0.18831907973506876,0.29790861352136183,0.20208845730081945,0.26437744618968684,0.10009618402124505,0.15071323636593462,0.3943897841624329,0.07304182852550506,0.21963782671684803,0.3057876658185083
648.4375,4260.513,4217.949,4134.359,4095.385,4227.179,0.1044557948761476,0.25316621700163555,0.3022383392796178,0.10448165455381396,0.18831907973506876,0.29790861352136183,0.20208845730081945,0.26437744618968684,0.10009618402124505,0.15071323636593462,0.3943897841624329,0.07304182852550506,0.21963782671684803,0.3057876658185083
656.25,4266.667,4205.641,4135.385,4092.308,4207.179,0.1044557948761476,0.25316621700163555,0.3022383392796178,0.10448165455381396,0.18831907973506876,0.29790861352136183,0.20208845730081945,0.26437744618968684,0.10009618402124505,0.15071323636593462,0.3943897841624329,0.07304182852550506,0.21963782671684803,0.3057876658185083
664.0625,4233.333,4185.641,4097.949,4063.077,4171.795,0.1044557948761476,0.25316621700163555,0.3022383392796178,0.10448165455381396,0.18831907973506876,0.29790861352136183,0.20208845730081945,0.26437744618968684,0.10009618402124505,0.15071323636593462,0.3943897841624329,0.07304182852550506,0.21963782671684803,0.3057876658185083
671.875,4244.103,4209.231,4105.128,4091.795,4195.897,0.1044557948761476,0.25316621700163555,0.3022383392796178,0.10448165455381396,0.18831907973506876,0.29790861352136183,0.20208845730081945,0.26437744618968684,0.10009618402124505,0.15071323636593462,0.3943897841624329,0.07304182852550506,0.21963782671684803,0.3057876658185083
679.6875,4258.462,4223.59,4137.949,4110.256,4206.667,0.1044557948761476,0.25316621700163555,0.3022383392796178,0.10448165455381396,0.18831907973506876,0.29790861352136183,0.20208845730081945,0.26437744618968684,0.10009618402124505,0.15071323636593462,0.3943897841624329,0.07304182852550506,0.21963782671684803,0.3057876658185083
687.5,4234.359,4208.205,4123.59,4072.308,4179.487,0.1044557948761476,0.25316621700163555,0.3022383392796178,0.10448165455381396,0.18831907973506876,0.29790861352136183,0.20208845730081945,0.26437744618968684,0.10009618402124505,0.15071323636593462,0.3943897841624329,0.07304182852550506,0.21963782671684803,0.3057876658185083
695.3125,4216.41,4198.974,4091.795,4051.795,4170.769,0.1044557948761476,0.25316621700163555,0.3022383392796178,0.10448165455381396,0.18831907973506876,0.29790861352136183,0.20208845730081945,0.26437744618968684,0.10009618402124505,0.15071323636593462,0.3943897841624329,0.07304182852550506,0.21963782671684803,0.3057876658185083
703.125,4233.846,4209.744,4107.179,4071.282,4183.59,0.1044557948761476,0.25316621700163555,0.3022383392796178,0.10448165455381396,0.18831907973506876,0.29790861352136183,0.20208845730081945,0.26437744618968684,0.10009618402124505,0.15071323636593462,0.3943897841624329,0.07304182852550506,0.21963782671684803,0.3057876658185083
710.9375,4243.59,4210.256,4122.564,4070.256,4182.564,0.1044557948761476,0.25316621700163555,0.3022383392796178,0.10448165455381396,0.18831907973506876,0.29790861352136183,0.20208845730081945,0.26437744618968684,0.10009618402124505,0.15071323636593462,0.3943897841624329,0.07304182852550506,0.21963782671684803,0.3057876658185083
718.75,4229.744,4201.026,4101.538,4050.769,4169.744,0.1044557948761476,0.25316621700163555,0.3022383392796178,0.10448165455381396,0.18831907973506876,0.29790861352136183,0.20208845730081945,0.26437744618968684,0.10009618402124505,0.15071323636593462,0.3943897841624329,0.07304182852550506,0.21963782671684803,0.3057876658185083
726.5625,4240.0,4214.872,4109.744,4065.128,4183.077,0.1044557948761476,0.25316621700163555,0.3022383392796178,0.10448165455381396,0.18831907973506876,0.29790861352136183,0.20208845730081945,0.26437744618968684,0.10009618402124505,0.15071323636593462,0.3943897841624329,0.07304182852550506,0.21963782671684803,0.3057876658185083
734.375,4266.667,4238.974,4143.59,4093.333,4209.744,0.1044557948761476,0.25316621700163555,0.3022383392796178,0.10448165455381396,0.18831907973506876,0.29790861352136183,0.20208845730081945,0.26437744618968684,0.10009618402124505,0.15071323636593462,0.3943897841624329,0.07304182852550506,0.21963782671684803,0.3057876658185083
742.1875,4276.923,4238.974,4156.923,4102.564,4225.128,0.1044557948761476,0.25316621700163555,0.3022383392796178,0.10448165455381396,0.18831907973506876,0.29790861352136183,0.20208845730081945,0.26437744618968684,0.10009618402124505,0.15071323636593462,0.3943897841624329,0.07304182852550506,0.21963782671684803,0.3057876658185083
750.0,4281.026,4234.359,4167.692,4115.897,4232.308,0.1044557948761476,0.25316621700163555,0.3022383392796178,0.10448165455381396,0.18831907973506876,0.29790861352136183,0.20208845730081945,0.26437744618968684,0.10009618402124505,0.15071323636593462,0.3943897841624329,0.07304182852550506,0.21963782671684803,0.3057876658185083
757.8125,4275.897,4242.051,4173.846,4124.615,4226.154,0.1044557948761476,0.25316621700163555,0.3022383392796178,0.10448165455381396,0.18831907973506876,0.29790861352136183,0.20208845730081945,0.26437744618968684,0.10009618402124505,0.15071323636593462,0.3943897841624329,0.07304182852550506,0.21963782671684803,0.3057876658185083
765.625,4255.897,4235.385,4157.436,4101.538,4208.205,0.1044557948761476,0.25316621700163555,0.3022383392796178,0.10448165455381396,0.18831907973506876,0.29790861352136183,0.20208845730081945,0.26437744618968684,0.10009618402124505,0.15071323636593462,0.3943897841624329,0.07304182852550506,0.21963782671684803,0.3057876658185083
773.4375,4253.333,4226.667,4153.846,4090.769,4203.077,0.1044557948761476,0.25316621700163555,0.3022383392796178,0.10448165455381396,0.18831907973506876,0.29790861352136183,0.20208845730081945,0.26437744618968684,0.10009618402124505,0.15071323636593462,0.3943897841624329,0.07304182852550506,0.21963782671684803,0.3057876658185083
781.25,4268.718,4234.872,4162.051,4119.487,4216.41,0.1044557948761476,0.25316621700163555,0.3022383392796178,0.10448165455381396,0.18831907973506876,0.29790861352136183,0.20208845730081945,0.26437744618968684,0.10009618402124505,0.15071323636593462,0.3943897841624329,0.07304182852550506,0.21963782671684803,0.3057876658185083
789.0625,4267.692,4235.385,4154.359,4128.205,4215.385,0.1044557948761476,0.25316621700163555,0.3022383392796178,0.10448165455381396,0.18831907973506876,0.29790861352136183,0.20208845730081945,0.26437744618968684,0.10009618402124505,0.15071323636593462,0.3943897841624329,0.07304182852550506,0.21963782671684803,0.3057876658185083
796.875,4243.077,4220.0,4136.923,4090.256,4192.821,0.1044557948761476,0.25316621700163555,0.3022383392796178,0.10448165455381396,0.18831907973506876,0.29790861352136183,0.20208845730081945,0.26437744618968684,0.10009618402124505,0.15071323636593462,0.3943897841624329,0.07304182852550506,0.21963782671684803,0.3057876658185083
804.6875,4231.282,4217.436,4128.718,4071.282,4191.795,0.1044557948761476,0.25316621700163555,0.3022383392796178,0.10448165455381396,0.18831907973506876,0.29790861352136183,0.20208845730081945,0.26437744618968684,0.10009618402124505,0.15071323636593462,0.3943897841624329,0.07304182852550506,0.21963782671684803,0.3057876658185083
812.5,4247.692,4228.205,4143.59,4096.923,4207.179,0.1044557948761476,0.25316621700163555,0.3022383392796178,0.10448165455381396,0.18831907973506876,0.29790861352136183,0.20208845730081945,0.26437744618968684,0.10009618402124505,0.15071323636593462,0.3943897841624329,0.07304182852550506,0.21963782671684803,0.3057876658185083
820.3125,4258.974,4231.282,4155.897,4111.282,4208.205,0.1044557948761476,0.25316621700163555,0.3022383392796178,0.10448165455381396,0.18831907973506876,0.29790861352136183,0.20208845730081945,0.26437744618968684,0.10009618402124505,0.15071323636593462,0.3943897841624329,0.07304182852550506,0.21963782671684803,0.3057876658185083
828.125,4267.179,4235.385,4151.282,4112.821,4223.59,0.1044557948761476,0.25316621700163555,0.3022383392796178,0.10448165455381396,0.18831907973506876,0.29790861352136183,0.20208845730081945,0.26437744618968684,0.10009618402124505,0.15071323636593462,0.3943897841624329,0.07304182852550506,0.21963782671684803,0.3057876658185083
835.9375,4285.641,4244.103,4154.872,4123.59,4258.462,0.1044557948761476,0.25316621700163555,0.3022383392796178,0.10448165455381396,0.18831907973506876,0.29790861352136183,0.20208845730081945,0.26437744618968684,0.10009618402124505,0.15071323636593462,0.3943897841624329,0.07304182852550506,0.21963782671684803,0.3057876658185083
843.75,4284.103,4249.744,4158.974,4121.538,4252.821,0.1044557948761476,0.25316621700163555,0.3022383392796178,0.10448165455381396,0.18831907973506876,0.29790861352136183,0.20208845730081945,0.26437744618968684,0.10009618402124505,0.15071323636593462,0.3943897841624329,0.07304182852550506,0.21963782671684803,0.3057876658185083
851.5625,4254.359,4241.538,4144.615,4098.462,4211.282,0.1044557948761476,0.25316621700163555,0.3022383392796178,0.10448165455381396,0.18831907973506876,0.29790861352136183,0.20208845730081945,0.26437744618968684,0.10009618402124505,0.15071323636593462,0.3943897841624329,0.07304182852550506,0.21963782671684803,0.3057876658185083
859.375,4242.051,4224.615,4141.026,4084.103,4193.846,0.1044557948761476,0.25316621700163555,0.3022383392796178,0.10448165455381396,0.18831907973506876,0.29790861352136183,0.20208845730081945,0.26437744618968684,0.10009618402124505,0.15071323636593462,0.3943897841624329,0.07304182852550506,0.21963782671684803,0.3057876658185083
867.1875,4263.077,4224.615,4150.769,4098.462,4217.436,0.1044557948761476,0.25316621700163555,0.3022383392796178,0.10448165455381396,0.18831907973506876,0.29790861352136183,0.20208845730081945,0.26437744618968684,0.10009618402124505,0.15071323636593462,0.3943897841624329,0.07304182852550506,0.21963782671684803,0.3057876658185083
875.0,4270.769,4231.795,4142.051,4112.821,4226.154,0.1044557948761476,0.25316621700163555,0.3022383392796178,0.10448165455381396,0.18831907973506876,0.29790861352136183,0.20208845730081945,0.26437744618968684,0.10009618402124505,0.15071323636593462,0.3943897841624329,0.07304182852550506,0.21963782671684803,0.3057876658185083
882.8125,4241.026,4218.974,4123.077,4094.872,4198.462,0.1044557948761476,0.25316621700163555,0.3022383392796178,0.10448165455381396,0.18831907973506876,0.29790861352136183,0.20208845730081945,0.26437744618968684,0.10009618402124505,0.15071323636593462,0.3943897841624329,0.07304182852550506,0.21963782671684803,0.3057876658185083
890.625,4223.077,4207.179,4120.0,4076.923,4192.821,0.1044557948761476,0.25316621700163555,0.3022383392796178,0.10448165455381396,0.18831907973506876,0.29790861352136183,0.20208845730081945,0.26437744618968684,0.10009618402124505,0.15071323636593462,0.3943897841624329,0.07304182852550506,0.21963782671684803,0.3057876658185083
898.4375,4246.667,4213.333,4135.385,4094.359,4214.359,0.1044557948761476,0.25316621700163555,0.3022383392796178,0.10448165455381396,0.18831907973506876,0.29790861352136183,0.20208845730081945,0.26437744618968684,0.10009618402124505,0.15071323636593462,0.3943897841624329,0.07304182852550506,0.21963782671684803,0.3057876658185083
906.25,4262.051,4223.59,4143.59,4103.59,4212.308,0.1044557948761476,0.25316621700163555,0.3022383392796178,0.10448165455381396,0.18831907973506876,0.29790861352136183,0.20208845730081945,0.26437744618968684,0.10009618402124505,0.15071323636593462,0.3943897841624329,0.07304182852550506,0.21963782671684803,0.3057876658185083
914.0625,4236.41,4229.744,4132.308,4072.821,4198.462,0.1044557948761476,0.25316621700163555,0.3022383392796178,0.10448165455381396,0.18831907973506876,0.29790861352136183,0.20208845730081945,0.26437744618968684,0.10009618402124505,0.15071323636593462,0.3943897841624329,0.07304182852550506,0.21963782671684803,0.3057876658185083
921.875,4220.0,4221.026,4132.821,4049.744,4196.41,0.1044557948761476,0.25316621700163555,0.3022383392796178,0.10448165455381396,0.18831907973506876,0.29790861352136183,0.20208845730081945,0.26437744618968684,0.10009618402124505,0.15071323636593462,0.3943897841624329,0.07304182852550506,0.21963782671684803,0.3057876658185083
929.6875,4237.949,4216.923,4152.308,4057.436,4200.0,0.1044557948761476,0.25316621700163555,0.3022383392796178,0.10448165455381396,0.18831907973506876,0.29790861352136183,0.20208845730081945,0.26437744618968684,0.10009618402124505,0.15071323636593462,0.3943897841624329,0.07304182852550506,0.21963782671684803,0.3057876658185083
937.5,4262.051,4235.897,4151.795,4068.205,4218.462,0.1044557948761476,0.25316621700163555,0.3022383392796178,0.10448165455381396,0.18831907973506876,0.29790861352136183,0.20208845730081945,0.26437744618968684,0.10009618402124505,0.15071323636593462,0.3943897841624329,0.07304182852550506,0.21963782671684803,0.3057876658185083
945.3125,4264.615,4230.769,4136.41,4066.667,4233.846,0.1044557948761476,0.25316621700163555,0.3022383392796178,0.10448165455381396,0.18831907973506876,0.29790861352136183,0.20208845730081945,0.26437744618968684,0.10009618402124505,0.15071323636593462,0.3943897841624329,0.07304182852550506,0.21963782671684803,0.3057876658185083
953.125,4249.231,4197.436,4134.872,4066.154,4220.513,0.1044557948761476,0.25316621700163555,0.3022383392796178,0.10448165455381396,0.18831907973506876,0.29790861352136183,0.20208845730081945,0.26437744618968684,0.10009618402124505,0.15071323636593462,0.3943897841624329,0.07304182852550506,0.21963782671684803,0.3057876658185083
960.9375,4252.821,4201.538,4133.846,4090.769,4227.179,0.1044557948761476,0.25316621700163555,0.3022383392796178,0.10448165455381396,0.18831907973506876,0.29790861352136183,0.20208845730081945,0.26437744618968684,0.10009618402124505,0.15071323636593462,0.3943897841624329,0.07304182852550506,0.21963782671684803,0.3057876658185083
968.75,4276.923,4229.744,4136.923,4125.128,4255.897,0.1044557948761476,0.25316621700163555,0.3022383392796178,0.10448165455381396,0.18831907973506876,0.29790861352136183,0.20208845730081945,0.26437744618968684,0.10009618402124505,0.15071323636593462,0.3943897841624329,0.07304182852550506,0.21963782671684803,0.3057876658185083
976.5625,4277.949,4226.154,4150.256,4129.231,4254.872,0.1044557948761476,0.25316621700163555,0.3022383392796178,0.10448165455381396,0.18831907973506876,0.29790861352136183,0.20208845730081945,0.26437744618968684,0.10009618402124505,0.15071323636593462,0.3943897841624329,0.07304182852550506,0.21963782671684803,0.3057876658185083
984.375,4231.282,4193.846,4128.205,4091.282,4215.897,0.1044557948761476,0.25316621700163555,0.3022383392796178,0.10448165455381396,0.18831907973506876,0.29790861352136183,0.20208845730081945,0.26437744618968684,0.10009618402124505,0.15071323636593462,0.3943897841624329,0.07304182852550506,0.21963782671684803,0.3057876658185083
992.1875,4171.795,4152.308,4068.718,4040.513,4164.103,0.1044557948761476,0.25316621700163555,0.3022383392796178,0.10448165455381396,0.18831907973506876,0.29790861352136183,0.20208845730081945,0.26437744618968684,0.10009618402124505,0.15071323636593462,0.3943897841624329,0.07304182852550506,0.21963782671684803,0.3057876658185083
1000.0,4166.667,4143.59,4059.487,4026.154,4144.103,0.1044557948761476,0.25316621700163555,0.3022383392796178,0.10448165455381396,0.18831907973506876,0.29790861352136183,0.20208845730081945,0.26437744618968684,0.10009618402124505,0.15071323636593462,0.3943897841624329,0.07304182852550506,0.21963782671684803,0.3057876658185083
1007.8125,4204.615,4181.026,4102.564,4050.769,4166.154,0.1044557948761476,0.25316621700163555,0.3022383392796178,0.10448165455381396,0.18831907973506876,0.29790861352136183,0.20208845730081945,0.26437744618968684,0.10009618402124505,0.15071323636593462,0.3943897841624329,0.07304182852550506,0.21963782671684803,0.3057876658185083
1015.625,4214.359,4205.641,4107.692,4068.718,4187.179,0.1044557948761476,0.25316621700163555,0.3022383392796178,0.10448165455381396,0.18831907973506876,0.29790861352136183,0.20208845730081945,0.26437744618968684,0.10009618402124505,0.15071323636593462,0.3943897841624329,0.07304182852550506,0.21963782671684803,0.3057876658185083
1023.4375,4217.436,4208.205,4099.487,4082.564,4200.513,0.1044557948761476,0.25316621700163555,0.3022383392796178,0.10448165455381396,0.18831907973506876,0.29790861352136183,0.20208845730081945,0.26437744618968684,0.10009618402124505,0.15071323636593462,0.3943897841624329,0.07304182852550506,0.21963782671684803,0.3057876658185083
1031.25,4252.821,4227.179,4132.308,4111.795,4230.256,0.1044557948761476,0.25316621700163555,0.3022383392796178,0.10448165455381396,0.18831907973506876,0.29790861352136183,0.20208845730081945,0.26437744618968684,0.10009618402124505,0.15071323636593462,0.3943897841624329,0.07304182852550506,0.21963782671684803,0.3057876658185083
1039.0625,4269.744,4241.026,4157.949,4118.462,4254.359,0.1044557948761476,0.25316621700163555,0.3022383392796178,0.10448165455381396,0.18831907973506876,0.29790861352136183,0.20208845730081945,0.26437744618968684,0.10009618402124505,0.15071323636593462,0.3943897841624329,0.07304182852550506,0.21963782671684803,0.3057876658185083
1046.875,4274.359,4241.538,4160.513,4112.308,4261.026,0.1044557948761476,0.25316621700163555,0.3022383392796178,0.10448165455381396,0.18831907973506876,0.29790861352136183,0.20208845730081945,0.26437744618968684,0.10009618402124505,0.15071323636593462,0.3943897841624329,0.07304182852550506,0.21963782671684803,0.3057876658185083
1054.6875,4290.256,4247.692,4165.128,4115.385,4261.538,0.1044557948761476,0.25316621700163555,0.3022383392796178,0.10448165455381396,0.18831907973506876,0.29790861352136183,0.20208845730081945,0.26437744618968684,0.10009618402124505,0.15071323636593462,0.3943897841624329,0.07304182852550506,0.21963782671684803,0.3057876658185083
1062.5,4263.59,4233.333,4139.487,4089.744,4238.974,0.1044557948761476,0.25316621700163555,0.3022383392796178,0.10448165455381396,0.18831907973506876,0.29790861352136183,0.20208845730081945,0.26437744618968684,0.10009618402124505,0.15071323636593462,0.3943897841624329,0.07304182852550506,0.21963782671684803,0.3057876658185083
1070.3125,4228.205,4211.795,4106.154,4069.231,4217.949,0.1044557948761476,0.25316621700163555,0.3022383392796178,0.10448165455381396,0.18831907973506876,0.29790861352136183,0.20208845730081945,0.26437744618968684,0.10009618402124505,0.15071323636593462,0.3943897841624329,0.07304182852550506,0.21963782671684803,0.3057876658185083
1078.125,4245.128,4216.41,4123.59,4090.256,4226.154,0.1044557948761476,0.25316621700163555,0.3022383392796178,0.10448165455381396,0.18831907973506876,0.29790861352136183,0.20208845730081945,0.26437744618968684,0.10009618402124505,0.15071323636593462,0.3943897841624329,0.07304182852550506,0.21963782671684803,0.3057876658185083
1085.9375,4253.333,4227.179,4140.513,4098.974,4217.436,0.1044557948761476,0.25316621700163555,0.3022383392796178,0.10448165455381396,0.18831907973506876,0.29790861352136183,0.20208845730081945,0.26437744618968684,0.10009618402124505,0.15071323636593462,0.3943897841624329,0.07304182852550506,0.21963782671684803,0.3057876658185083
1093.75,4237.949,4227.179,4122.564,4086.667,4198.462,0.1044557948761476,0.25316621700163555,0.3022383392796178,0.10448165455381396,0.18831907973506876,0.29790861352136183,0.20208845730081945,0.26437744618968684,0.10009618402124505,0.15071323636593462,0.3943897841624329,0.07304182852550506,0.21963782671684803,0.3057876658185083
1101.5625,4237.436,4220.0,4121.026,4076.41,4200.0,0.1044557948761476,0.25316621700163555,0.3022383392796178,0.10448165455381396,0.18831907973506876,0.29790861352136183,0.20208845730081945,0.26437744618968684,0.10009618402124505,0.15071323636593462,0.3943897841624329,0.07304182852550506,0.21963782671684803,0.3057876658185083
1109.375,4233.846,4216.923,4130.769,4055.897,4197.949,0.1044557948761476,0.25316621700163555,0.3022383392796178,0.10448165455381396,0.18831907973506876,0.29790861352136183,0.20208845730081945,0.26437744618968684,0.10009618402124505,0.15071323636593462,0.3943897841624329,0.07304182852550506,0.21963782671684803,0.3057876658185083
1117.1875,4235.385,4230.769,4128.205,4050.769,4193.333,0.1044557948761476,0.25316621700163555,0.3022383392796178,0.10448165455381396,0.18831907973506876,0.29790861352136183,0.20208845730081945,0.26437744618968684,0.10009618402124505,0.15071323636593462,0.3943897841624329,0.07304182852550506,0.21963782671684803,0.3057876658185083
1125.0,4256.41,4248.205,4142.051,4073.333,4215.897,0.1044557948761476,0.25316621700163555,0.3022383392796178,0.10448165455381396,0.18831907973506876,0.29790861352136183,0.20208845730081945,0.26437744618968684,0.10009618402124505,0.15071323636593462,0.3943897841624329,0.07304182852550506,0.21963782671684803,0.3057876658185083
1132.8125,4267.692,4249.744,4160.513,4080.0,4245.641,0.1044557948761476,0.25316621700163555,0.3022383392796178,0.10448165455381396,0.18831907973506876,0.29790861352136183,0.20208845730081945,0.26437744618968684,0.10009618402124505,0.15071323636593462,0.3943897841624329,0.07304182852550506,0.21963782671684803,0.3057876658185083
1140.625,4269.231,4242.564,4152.821,4066.154,4240.0,0.1044557948761476,0.25316621700163555,0.3022383392796178,0.10448165455381396,0.18831907973506876,0.29790861352136183,0.20208845730081945,0.26437744618968684,0.10009618402124505,0.15071323636593462,0.3943897841624329,0.07304182852550506,0.21963782671684803,0.3057876658185083
1148.4375,4262.051,4241.538,4141.026,4053.333,4214.359,0.1044557948761476,0.25316621700163555,0.3022383392796178,0.10448165455381396,0.18831907973506876,0.29790861352136183,0.20208845730081945,0.26437744618968684,0.10009618402124505,0.15071323636593462,0.3943897841624329,0.07304182852550506,0.21963782671684803,0.3057876658185083
1156.25,4250.769,4238.974,4138.462,4056.41,4211.282,0.1044557948761476,0.25316621700163555,0.3022383392796178,0.10448165455381396,0.18831907973506876,0.29790861352136183,0.20208845730081945,0.26437744618968684,0.10009618402124505,0.15071323636593462,0.3943897841624329,0.07304182852550506,0.21963782671684803,0.3057876658185083
1164.0625,4255.385,4227.179,4135.385,4079.487,4229.744,0.1044557948761476,0.25316621700163555,0.3022383392796178,0.10448165455381396,0.18831907973506876,0.29790861352136183,0.20208845730081945,0.26437744618968684,0.10009618402124505,0.15071323636593462,0.3943897841624329,0.07304182852550506,0.21963782671684803,0.3057876658185083
1171.875,4255.897,4216.923,4132.821,4091.282,4232.821,0.1044557948761476,0.25316621700163555,0.3022383392796178,0.10448165455381396,0.18831907973506876,0.29790861352136183,0.20208845730081945,0.26437744618968684,0.10009618402124505,0.15071323636593462,0.3943897841624329,0.07304182852550506,0.21963782671684803,0.3057876658185083
1179.6875,4235.897,4216.41,4120.0,4084.103,4215.897,0.1044557948761476,0.25316621700163555,0.3022383392796178,0.10448165455381396,0.18831907973506876,0.29790861352136183,0.20208845730081945,0.26437744618968684,0.10009618402124505,0.15071323636593462,0.3943897841624329,0.07304182852550506,0.21963782671684803,0.3057876658185083
1187.5,4228.205,4213.846,4111.795,4091.795,4212.308,0.1044557948761476,0.25316621700163555,0.3022383392796178,0.10448165455381396,0.18831907973506876,0.29790861352136183,0.20208845730081945,0.26437744618968684,0.10009618402124505,0.15071323636593462,0.3943897841624329,0.07304182852550506,0.21963782671684803,0.3057876658185083
1195.3125,4242.051,4216.923,4139.487,4105.641,4228.205,0.1044557948761476,0.25316621700163555,0.3022383392796178,0.10448165455381396,0.18831907973506876,0.29790861352136183,0.20208845730081945,0.26437744618968684,0.10009618402124505,0.15071323636593462,0.3943897841624329,0.07304182852550506,0.21963782671684803,0.3057876658185083
1203.125,4250.769,4230.256,4167.179,4104.103,4242.051,0.1044557948761476,0.25316621700163555,0.3022383392796178,0.10448165455381396,0.18831907973506876,0.29790861352136183,0.20208845730081945,0.26437744618968684,0.10009618402124505,0.15071323636593462,0.3943897841624329,0.07304182852550506,0.21963782671684803,0.3057876658185083
1210.9375,4254.872,4232.821,4173.846,4102.564,4244.103,0.1044557948761476,0.25316621700163555,0.3022383392796178,0.10448165455381396,0.18831907973506876,0.29790861352136183,0.20208845730081945,0.26437744618968684,0.10009618402124505,0.15071323636593462,0.3943897841624329,0.07304182852550506,0.21963782671684803,0.3057876658185083
1218.75,4258.462,4232.308,4181.026,4099.487,4241.026,0.1044557948761476,0.25316621700163555,0.3022383392796178,0.10448165455381396,0.18831907973506876,0.29790861352136183,0.20208845730081945,0.26437744618968684,0.10009618402124505,0.15071323636593462,0.3943897841624329,0.07304182852550506,0.21963782671684803,0.3057876658185083
1226.5625,4258.462,4233.846,4176.923,4078.974,4239.487,0.1044557948761476,0.25316621700163555,0.3022383392796178,0.10448165455381396,0.18831907973506876,0.29790861352136183,0.20208845730081945,0.26437744618968684,0.10009618402124505,0.15071323636593462,0.3943897841624329,0.07304182852550506,0.21963782671684803,0.3057876658185083
1234.375,4263.077,4227.692,4167.692,4065.128,4241.026,0.1044557948761476,0.25316621700163555,0.3022383392796178,0.10448165455381396,0.18831907973506876,0.29790861352136183,0.20208845730081945,0.26437744618968684,0.10009618402124505,0.15071323636593462,0.3943897841624329,0.07304182852550506,0.21963782671684803,0.3057876658185083
1242.1875,4271.795,4236.923,4174.359,4078.974,4252.821,0.1044557948761476,0.25316621700163555,0.3022383392796178,0.10448165455381396,0.18831907973506876,0.29790861352136183,0.20208845730081945,0.26437744618968684,0.10009618402124505,0.15071323636593462,0.3943897841624329,0.07304182852550506,0.21963782671684803,0.3057876658185083
1250.0,4276.923,4250.256,4177.949,4098.974,4261.026,0.1044557948761476,0.25316621700163555,0.3022383392796178,0.10448165455381396,0.18831907973506876,0.29790861352136183,0.20208845730081945,0.26437744618968684,0.10009618402124505,0.15071323636593462,0.3943897841624329,0.07304182852550506,0.21963782671684803,0.3057876658185083
1257.8125,4277.436,4244.103,4169.231,4107.179,4257.436,0.1044557948761476,0.25316621700163555,0.3022383392796178,0.10448165455381396,0.18831907973506876,0.29790861352136183,0.20208845730081945,0.26437744618968684,0.10009618402124505,0.15071323636593462,0.3943897841624329,0.07304182852550506,0.21963782671684803,0.3057876658185083
1265.625,4281.538,4238.462,4160.0,4110.256,4261.026,0.1044557948761476,0.25316621700163555,0.3022383392796178,0.10448165455381396,0.18831907973506876,0.29790861352136183,0.20208845730081945,0.26437744618968684,0.10009618402124505,0.15071323636593462,0.3943897841624329,0.07304182852550506,0.21963782671684803,0.3057876658185083
1273.4375,4285.641,4245.641,4153.333,4113.333,4266.667,0.1044557948761476,0.25316621700163555,0.3022383392796178,0.10448165455381396,0.18831907973506876,0.29790861352136183,0.20208845730081945,0.26437744618968684,0.10009618402124505,0.15071323636593462,0.3943897841624329,0.07304182852550506,0.21963782671684803,0.3057876658185083
1281.25,4283.077,4244.103,4148.718,4112.821,4254.872,0.1044557948761476,0.25316621700163555,0.3022383392796178,0.10448165455381396,0.18831907973506876,0.29790861352136183,0.20208845730081945,0.26437744618968684,0.10009618402124505,0.15071323636593462,0.3943897841624329,0.07304182852550506,0.21963782671684803,0.3057876658185083
1289.0625,4275.897,4232.821,4149.231,4103.59,4241.026,0.1044557948761476,0.25316621700163555,0.3022383392796178,0.10448165455381396,0.18831907973506876,0.29790861352136183,0.20208845730081945,0.26437744618968684,0.10009618402124505,0.15071323636593462,0.3943897841624329,0.07304182852550506,0.21963782671684803,0.3057876658185083
1296.875,4272.821,4224.615,4148.718,4094.359,4249.744,0.1044557948761476,0.25316621700163555,0.3022383392796178,0.10448165455381396,0.18831907973506876,0.29790861352136183,0.20208845730081945,0.26437744618968684,0.10009618402124505,0.15071323636593462,0.3943897841624329,0.07304182852550506,0.21963782671684803,0.3057876658185083
1304.6875,4272.308,4220.0,4149.744,4095.897,4255.385,0.1044557948761476,0.25316621700163555,0.3022383392796178,0.10448165455381396,0.18831907973506876,0.29790861352136183,0.20208845730081945,0.26437744618968684,0.10009618402124505,0.15071323636593462,0.3943897841624329,0.07304182852550506,0.21963782671684803,0.3057876658185083
1312.5,4272.308,4225.128,4152.308,4098.974,4246.154,0.1044557948761476,0.25316621700163555,0.3022383392796178,0.10448165455381396,0.18831907973506876,0.29790861352136183,0.20208845730081945,0.26437744618968684,0.10009618402124505,0.15071323636593462,0.3943897841624329,0.07304182852550506,0.21963782671684803,0.3057876658185083
1320.3125,4276.923,4242.564,4149.231,4095.897,4255.385,0.1044557948761476,0.25316621700163555,0.3022383392796178,0.10448165455381396,0.18831907973506876,0.29790861352136183,0.20208845730081945,0.26437744618968684,0.10009618402124505,0.15071323636593462,0.3943897841624329,0.07304182852550506,0.21963782671684803,0.3057876658185083
1328.125,4271.795,4239.487,4139.487,4081.026,4256.41,0.1044557948761476,0.25316621700163555,0.3022383392796178,0.10448165455381396,0.18831907973506876,0.29790861352136183,0.20208845730081945,0.26437744618968684,0.10009618402124505,0.15071323636593462,0.3943897841624329,0.07304182852550506,0.21963782671684803,0.3057876658185083
1335.9375,4244.615,4211.282,4131.795,4057.436,4207.179,0.1044557948761476,0.25316621700163555,0.3022383392796178,0.10448165455381396,0.18831907973506876,0.29790861352136183,0.20208845730081945,0.26437744618968684,0.10009618402124505,0.15071323636593462,0.3943897841624329,0.07304182852550506,0.21963782671684803,0.3057876658185083
1343.75,4227.692,4208.205,4134.359,4053.846,4183.077,0.1044557948761476,0.25316621700163555,0.3022383392796178,0.10448165455381396,0.18831907973506876,0.29790861352136183,0.20208845730081945,0.26437744618968684,0.10009618402124505,0.15071323636593462,0.3943897841624329,0.07304182852550506,0.21963782671684803,0.3057876658185083
1351.5625,4249.231,4236.41,4155.385,4082.051,4240.0,0.1044557948761476,0.25316621700163555,0.3022383392796178,0.10448165455381396,0.18831907973506876,0.29790861352136183,0.20208845730081945,0.26437744618968684,0.10009618402124505,0.15071323636593462,0.3943897841624329,0.07304182852550506,0.21963782671684803,0.3057876658185083
1359.375,4269.744,4247.692,4177.436,4109.231,4275.897,0.1044557948761476,0.25316621700163555,0.3022383392796178,0.10448165455381396,0.18831907973506876,0.29790861352136183,0.20208845730081945,0.26437744618968684,0.10009618402124505,0.15071323636593462,0.3943897841624329,0.07304182852550506,0.21963782671684803,0.3057876658185083
1367.1875,4248.205,4226.667,4158.462,4105.128,4236.41,0.1044557948761476,0.25316621700163555,0.3022383392796178,0.10448165455381396,0.18831907973506876,0.29790861352136183,0.20208845730081945,0.26437744618968684,0.10009618402124505,0.15071323636593462,0.3943897841624329,0.07304182852550506,0.21963782671684803,0.3057876658185083
1375.0,4232.821,4205.128,4132.308,4098.974,4212.821,0.1044557948761476,0.25316621700163555,0.3022383392796178,0.10448165455381396,0.18831907973506876,0.29790861352136183,0.20208845730081945,0.26437744618968684,0.10009618402124505,0.15071323636593462,0.3943897841624329,0.07304182852550506,0.21963782671684803,0.3057876658185083
1382.8125,4267.179,4224.103,4163.59,4117.949,4243.077,0.1044557948761476,0.25316621700163555,0.3022383392796178,0.10448165455381396,0.18831907973506876,0.29790861352136183,0.20208845730081945,0.26437744618968684,0.10009618402124505,0.15071323636593462,0.3943897841624329,0.07304182852550506,0.21963782671684803,0.3057876658185083
1390.625,4287.692,4249.744,4183.59,4123.077,4250.769,0.1044557948761476,0.25316621700163555,0.3022383392796178,0.10448165455381396,0.18831907973506876,0.29790861352136183,0.20208845730081945,0.26437744618968684,0.10009618402124505,0.15071323636593462,0.3943897841624329,0.07304182852550506,0.21963782671684803,0.3057876658185083
1398.4375,4267.692,4229.744,4156.41,4096.41,4221.538,0.1044557948761476,0.25316621700163555,0.3022383392796178,0.10448165455381396,0.18831907973506876,0.29790861352136183,0.20208845730081945,0.26437744618968684,0.10009618402124505,0.15071323636593462,0.3943897841624329,0.07304182852550506,0.21963782671684803,0.3057876658185083
1406.25,4266.154,4219.487,4154.872,4087.179,4227.692,0.1044557948761476,0.25316621700163555,0.3022383392796178,0.10448165455381396,0.18831907973506876,0.29790861352136183,0.20208845730081945,0.26437744618968684,0.10009618402124505,0.15071323636593462,0.3943897841624329,0.07304182852550506,0.21963782671684803,0.3057876658185083
1414.0625,4280.0,4247.179,4169.231,4104.103,4254.872,0.1044557948761476,0.25316621700163555,0.3022383392796178,0.10448165455381396,0.18831907973506876,0.29790861352136183,0.20208845730081945,0.26437744618968684,0.10009618402124505,0.15071323636593462,0.3943897841624329,0.07304182852550506,0.21963782671684803,0.3057876658185083
1421.875,4273.333,4256.41,4161.026,4105.641,4245.641,0.1044557948761476,0.25316621700163555,0.3022383392796178,0.10448165455381396,0.18831907973506876,0.29790861352136183,0.20208845730081945,0.26437744618968684,0.10009618402124505,0.15071323636593462,0.3943897841624329,0.07304182852550506,0.21963782671684803,0.3057876658185083
1429.6875,4276.923,4253.333,4160.513,4108.718,4239.487,0.1044557948761476,0.25316621700163555,0.3022383392796178,0.10448165455381396,0.18831907973506876,0.29790861352136183,0.20208845730081945,0.26437744618968684,0.10009618402124505,0.15071323636593462,0.3943897841624329,0.07304182852550506,0.21963782671684803,0.3057876658185083
1437.5,4293.333,4252.308,4171.282,4117.949,4256.41,0.1044557948761476,0.25316621700163555,0.3022383392796178,0.10448165455381396,0.18831907973506876,0.29790861352136183,0.20208845730081945,0.26437744618968684,0.10009618402124505,0.15071323636593462,0.3943897841624329,0.07304182852550506,0.21963782671684803,0.3057876658185083
1445.3125,4280.0,4238.974,4165.641,4095.385,4243.077,0.1044557948761476,0.25316621700163555,0.3022383392796178,0.10448165455381396,0.18831907973506876,0.29790861352136183,0.20208845730081945,0.26437744618968684,0.10009618402124505,0.15071323636593462,0.3943897841624329,0.07304182852550506,0.21963782671684803,0.3057876658185083
1453.125,4261.026,4240.0,4159.487,4076.41,4233.333,0.1044557948761476,0.25316621700163555,0.3022383392796178,0.10448165455381396,0.18831907973506876,0.29790861352136183,0.20208845730081945,0.26437744618968684,0.10009618402124505,0.15071323636593462,0.3943897841624329,0.07304182852550506,0.21963782671684803,0.3057876658185083
1460.9375,4274.872,4246.154,4162.051,4092.821,4252.821,0.1044557948761476,0.25316621700163555,0.3022383392796178,0.10448165455381396,0.18831907973506876,0.29790861352136183,0.20208845730081945,0.26437744618968684,0.10009618402124505,0.15071323636593462,0.3943897841624329,0.07304182852550506,0.21963782671684803,0.3057876658185083
1468.75,4284.615,4232.821,4157.436,4100.513,4255.897,0.1044557948761476,0.25316621700163555,0.3022383392796178,0.10448165455381396,0.18831907973506876,0.29790861352136183,0.20208845730081945,0.26437744618968684,0.10009618402124505,0.15071323636593462,0.3943897841624329,0.07304182852550506,0.21963782671684803,0.3057876658185083
1476.5625,4259.487,4224.615,4137.949,4078.974,4243.077,0.1044557948761476,0.25316621700163555,0.3022383392796178,0.10448165455381396,0.18831907973506876,0.29790861352136183,0.20208845730081945,0.26437744618968684,0.10009618402124505,0.15071323636593462,0.3943897841624329,0.07304182852550506,0.21963782671684803,0.3057876658185083
1484.375,4250.256,4231.282,4144.615,4072.821,4248.205,0.1044557948761476,0.25316621700163555,0.3022383392796178,0.10448165455381396,0.18831907973506876,0.29790861352136183,0.20208845730081945,0.26437744618968684,0.10009618402124505,0.15071323636593462,0.3943897841624329,0.07304182852550506,0.21963782671684803,0.3057876658185083
1492.1875,4288.718,4252.308,4186.154,4102.564,4266.667,0.1044557948761476,0.25316621700163555,0.3022383392796178,0.10448165455381396,0.18831907973506876,0.29790861352136183,0.20208845730081945,0.26437744618968684,0.10009618402124505,0.15071323636593462,0.3943897841624329,0.07304182852550506,0.21963782671684803,0.3057876658185083
1500.0,4307.179,4263.077,4192.308,4115.385,4265.128,0.1044557948761476,0.25316621700163555,0.3022383392796178,0.10448165455381396,0.18831907973506876,0.29790861352136183,0.20208845730081945,0.26437744618968684,0.10009618402124505,0.15071323636593462,0.3943897841624329,0.07304182852550506,0.21963782671684803,0.3057876658185083
1507.8125,4284.615,4250.769,4162.564,4092.821,4251.282,0.1044557948761476,0.25316621700163555,0.3022383392796178,0.10448165455381396,0.18831907973506876,0.29790861352136183,0.20208845730081945,0.26437744618968684,0.10009618402124505,0.15071323636593462,0.3943897841624329,0.07304182852550506,0.21963782671684803,0.3057876658185083
1515.625,4276.923,4248.205,4155.897,4076.923,4250.256,0.1044557948761476,0.25316621700163555,0.3022383392796178,0.10448165455381396,0.18831907973506876,0.29790861352136183,0.20208845730081945,0.26437744618968684,0.10009618402124505,0.15071323636593462,0.3943897841624329,0.07304182852550506,0.21963782671684803,0.3057876658185083
1523.4375,4265.128,4236.41,4147.692,4048.718,4231.795,0.1044557948761476,0.25316621700163555,0.3022383392796178,0.10448165455381396,0.18831907973506876,0.29790861352136183,0.20208845730081945,0.26437744618968684,0.10009618402124505,0.15071323636593462,0.3943897841624329,0.07304182852550506,0.21963782671684803,0.3057876658185083
1531.25,4241.026,4212.821,4130.256,4014.359,4205.641,0.1044557948761476,0.25316621700163555,0.3022383392796178,0.10448165455381396,0.18831907973506876,0.29790861352136183,0.20208845730081945,0.26437744618968684,0.10009618402124505,0.15071323636593462,0.3943897841624329,0.07304182852550506,0.21963782671684803,0.3057876658185083
1539.0625,4252.821,4226.154,4140.0,4031.282,4231.282,0.1044557948761476,0.25316621700163555,0.3022383392796178,0.10448165455381396,0.18831907973506876,0.29790861352136183,0.20208845730081945,0.26437744618968684,0.10009618402124505,0.15071323636593462,0.3943897841624329,0.07304182852550506,0.21963782671684803,0.3057876658185083
1546.875,4281.026,4250.256,4163.077,4070.256,4266.667,0.1044557948761476,0.25316621700163555,0.3022383392796178,0.10448165455381396,0.18831907973506876,0.29790861352136183,0.20208845730081945,0.26437744618968684,0.10009618402124505,0.15071323636593462,0.3943897841624329,0.07304182852550506,0.21963782671684803,0.3057876658185083
1554.6875,4284.103,4245.128,4175.897,4078.462,4266.154,0.1044557948761476,0.25316621700163555,0.3022383392796178,0.10448165455381396,0.18831907973506876,0.29790861352136183,0.20208845730081945,0.26437744618968684,0.10009618402124505,0.15071323636593462,0.3943897841624329,0.07304182852550506,0.21963782671684803,0.3057876658185083
1562.5,4285.128,4243.59,4178.462,4083.59,4275.385,0.1044557948761476,0.25316621700163555,0.3022383392796178,0.10448165455381396,0.18831907973506876,0.29790861352136183,0.20208845730081945,0.26437744618968684,0.10009618402124505,0.15071323636593462,0.3943897841624329,0.07304182852550506,0.21963782671684803,0.3057876658185083
1570.3125,4263.077,4226.154,4149.231,4058.974,4258.462,0.1044557948761476,0.25316621700163555,0.3022383392796178,0.10448165455381396,0.18831907973506876,0.29790861352136183,0.20208845730081945,0.26437744618968684,0.10009618402124505,0.15071323636593462,0.3943897841624329,0.07304182852550506,0.21963782671684803,0.3057876658185083
1578.125,4224.615,4203.59,4113.846,4005.128,4216.41,0.1044557948761476,0.25316621700163555,0.3022383392796178,0.10448165455381396,0.18831907973506876,0.29790861352136183,0.20208845730081945,0.26437744618968684,0.10009618402124505,0.15071323636593462,0.3943897841624329,0.07304182852550506,0.21963782671684803,0.3057876658185083
1585.9375,4244.103,4231.282,4129.744,4016.923,4239.487,0.1044557948761476,0.25316621700163555,0.3022383392796178,0.10448165455381396,0.18831907973506876,0.29790861352136183,0.20208845730081945,0.26437744618968684,0.10009618402124505,0.15071323636593462,0.3943897841624329,0.07304182852550506,0.21963782671684803,0.3057876658185083
1593.75,4287.692,4256.923,4165.128,4054.872,4274.872,0.1044557948761476,0.25316621700163555,0.3022383392796178,0.10448165455381396,0.18831907973506876,0.29790861352136183,0.20208845730081945,0.26437744618968684,0.10009618402124505,0.15071323636593462,0.3943897841624329,0.07304182852550506,0.21963782671684803,0.3057876658185083
1601.5625,4284.615,4253.333,4169.231,4044.615,4253.846,0.1044557948761476,0.25316621700163555,0.3022383392796178,0.10448165455381396,0.18831907973506876,0.29790861352136183,0.20208845730081945,0.26437744618968684,0.10009618402124505,0.15071323636593462,0.3943897841624329,0.07304182852550506,0.21963782671684803,0.3057876658185083
1609.375,4283.59,4262.051,4173.333,4046.667,4262.564,0.1044557948761476,0.25316621700163555,0.3022383392796178,0.10448165455381396,0.18831907973506876,0.29790861352136183,0.20208845730081945,0.26437744618968684,0.10009618402124505,0.15071323636593462,0.3943897841624329,0.07304182852550506,0.21963782671684803,0.3057876658185083
1617.1875,4303.59,4276.41,4192.821,4070.769,4306.667,0.1044557948761476,0.25316621700163555,0.3022383392796178,0.10448165455381396,0.18831907973506876,0.29790861352136183,0.20208845730081945,0.26437744618968684,0.10009618402124505,0.15071323636593462,0.3943897841624329,0.07304182852550506,0.21963782671684803,0.3057876658185083
1625.0,4312.308,4278.462,4198.974,4065.641,4308.205,0.1044557948761476,0.25316621700163555,0.3022383392796178,0.10448165455381396,0.18831907973506876,0.29790861352136183,0.20208845730081945,0.26437744618968684,0.10009618402124505,0.15071323636593462,0.3943897841624329,0.07304182852550506,0.21963782671684803,0.3057876658185083
1632.8125,4309.231,4276.41,4186.667,4044.103,4296.923,0.1044557948761476,0.25316621700163555,0.3022383392796178,0.10448165455381396,0.18831907973506876,0.29790861352136183,0.20208845730081945,0.26437744618968684,0.10009618402124505,0.15071323636593462,0.3943897841624329,0.07304182852550506,0.21963782671684803,0.3057876658185083
1640.625,4298.462,4265.128,4178.462,4043.077,4303.59,0.1044557948761476,0.25316621700163555,0.3022383392796178,0.10448165455381396,0.18831907973506876,0.29790861352136183,0.20208845730081945,0.26437744618968684,0.10009618402124505,0.15071323636593462,0.3943897841624329,0.07304182852550506,0.21963782671684803,0.3057876658185083
1648.4375,4288.205,4254.872,4188.205,4048.205,4295.897,0.1044557948761476,0.25316621700163555,0.3022383392796178,0.10448165455381396,0.18831907973506876,0.29790861352136183,0.20208845730081945,0.26437744618968684,0.10009618402124505,0.15071323636593462,0.3943897841624329,0.07304182852550506,0.21963782671684803,0.3057876658185083
1656.25,4288.718,4257.949,4199.487,4042.051,4276.923,0.1044557948761476,0.25316621700163555,0.3022383392796178,0.10448165455381396,0.18831907973506876,0.29790861352136183,0.20208845730081945,0.26437744618968684,0.10009618402124505,0.15071323636593462,0.3943897841624329,0.07304182852550506,0.21963782671684803,0.3057876658185083
1664.0625,4284.103,4250.769,4188.718,4030.256,4275.385,0.1044557948761476,0.25316621700163555,0.3022383392796178,0.10448165455381396,0.18831907973506876,0.29790861352136183,0.20208845730081945,0.26437744618968684,0.10009618402124505,0.15071323636593462,0.3943897841624329,0.07304182852550506,0.21963782671684803,0.3057876658185083
1671.875,4277.436,4239.487,4173.333,4032.308,4283.077,0.1044557948761476,0.25316621700163555,0.3022383392796178,0.10448165455381396,0.18831907973506876,0.29790861352136183,0.20208845730081945,0.26437744618968684,0.10009618402124505,0.15071323636593462,0.3943897841624329,0.07304182852550506,0.21963782671684803,0.3057876658185083
1679.6875,4292.821,4249.231,4179.487,4057.949,4289.744,0.1044557948761476,0.25316621700163555,0.3022383392796178,0.10448165455381396,0.18831907973506876,0.29790861352136183,0.20208845730081945,0.26437744618968684,0.10009618402124505,0.15071323636593462,0.3943897841624329,0.07304182852550506,0.21963782671684803,0.3057876658185083
1687.5,4303.59,4265.641,4187.692,4067.179,4295.897,0.1044557948761476,0.25316621700163555,0.3022383392796178,0.10448165455381396,0.18831907973506876,0.29790861352136183,0.20208845730081945,0.26437744618968684,0.10009618402124505,0.15071323636593462,0.3943897841624329,0.07304182852550506,0.21963782671684803,0.3057876658185083
1695.3125,4290.256,4258.974,4175.897,4052.308,4290.769,0.1044557948761476,0.25316621700163555,0.3022383392796178,0.10448165455381396,0.18831907973506876,0.29790861352136183,0.20208845730081945,0.26437744618968684,0.10009618402124505,0.15071323636593462,0.3943897841624329,0.07304182852550506,0.21963782671684803,0.3057876658185083
1703.125,4273.846,4231.282,4160.513,4042.564,4273.333,0.1044557948761476,0.25316621700163555,0.3022383392796178,0.10448165455381396,0.18831907973506876,0.29790861352136183,0.20208845730081945,0.26437744618968684,0.10009618402124505,0.15071323636593462,0.3943897841624329,0.07304182852550506,0.21963782671684803,0.3057876658185083
1710.9375,4257.949,4214.359,4152.821,4028.205,4250.769,0.1044557948761476,0.25316621700163555,0.3022383392796178,0.10448165455381396,0.18831907973506876,0.29790861352136183,0.20208845730081945,0.26437744618968684,0.10009618402124505,0.15071323636593462,0.3943897841624329,0.07304182852550506,0.21963782671684803,0.3057876658185083
1718.75,4253.333,4220.513,4153.846,4012.308,4250.769,0.1044557948761476,0.25316621700163555,0.3022383392796178,0.10448165455381396,0.18831907973506876,0.29790861352136183,0.20208845730081945,0.26437744618968684,0.10009618402124505,0.15071323636593462,0.3943897841624329,0.07304182852550506,0.21963782671684803,0.3057876658185083
1726.5625,4269.231,4234.872,4167.179,4017.436,4265.128,0.1044557948761476,0.25316621700163555,0.3022383392796178,0.10448165455381396,0.18831907973506876,0.29790861352136183,0.20208845730081945,0.26437744618968684,0.10009618402124505,0.15071323636593462,0.3943897841624329,0.07304182852550506,0.21963782671684803,0.3057876658185083
1734.375,4282.564,4244.103,4181.026,4028.718,4266.154,0.1044557948761476,0.25316621700163555,0.3022383392796178,0.10448165455381396,0.18831907973506876,0.29790861352136183,0.20208845730081945,0.26437744618968684,0.10009618402124505,0.15071323636593462,0.3943897841624329,0.07304182852550506,0.21963782671684803,0.3057876658185083
1742.1875,4286.154,4244.615,4186.154,4028.718,4277.436,0.1044557948761476,0.25316621700163555,0.3022383392796178,0.10448165455381396,0.18831907973506876,0.29790861352136183,0.20208845730081945,0.26437744618968684,0.10009618402124505,0.15071323636593462,0.3943897841624329,0.07304182852550506,0.21963782671684803,0.3057876658185083
1750.0,4292.821,4245.641,4182.564,4034.359,4300.513,0.1044557948761476,0.25316621700163555,0.3022383392796178,0.10448165455381396,0.18831907973506876,0.29790861352136183,0.20208845730081945,0.26437744618968684,0.10009618402124505,0.15071323636593462,0.3943897841624329,0.07304182852550506,0.21963782671684803,0.3057876658185083
1757.8125,4282.051,4242.564,4162.564,4027.179,4288.718,0.1044557948761476,0.25316621700163555,0.3022383392796178,0.10448165455381396,0.18831907973506876,0.29790861352136183,0.20208845730081945,0.26437744618968684,0.10009618402124505,0.15071323636593462,0.3943897841624329,0.07304182852550506,0.21963782671684803,0.3057876658185083
1765.625,4261.538,4226.667,4145.128,4010.256,4261.026,0.1044557948761476,0.25316621700163555,0.3022383392796178,0.10448165455381396,0.18831907973506876,0.29790861352136183,0.20208845730081945,0.26437744618968684,0.10009618402124505,0.15071323636593462,0.3943897841624329,0.07304182852550506,0.21963782671684803,0.3057876658185083
1773.4375,4257.436,4207.692,4152.308,4010.769,4254.872,0.1044557948761476,0.25316621700163555,0.3022383392796178,0.10448165455381396,0.18831907973506876,0.29790861352136183,0.20208845730081945,0.26437744618968684,0.10009618402124505,0.15071323636593462,0.3943897841624329,0.07304182852550506,0.21963782671684803,0.3057876658185083
1781.25,4253.846,4213.333,4161.538,4011.282,4257.949,0.1044557948761476,0.25316621700163555,0.3022383392796178,0.10448165455381396,0.18831907973506876,0.29790861352136183,0.20208845730081945,0.26437744618968684,0.10009618402124505,0.15071323636593462,0.3943897841624329,0.07304182852550506,0.21963782671684803,0.3057876658185083
1789.0625,4258.974,4236.41,4165.128,4019.487,4262.564,0.1044557948761476,0.25316621700163555,0.3022383392796178,0.10448165455381396,0.18831907973506876,0.29790861352136183,0.20208845730081945,0.26437744618968684,0.10009618402124505,0.15071323636593462,0.3943897841624329,0.07304182852550506,0.21963782671684803,0.3057876658185083
1796.875,4278.462,4241.026,4179.487,4034.872,4264.615,0.1044557948761476,0.25316621700163555,0.3022383392796178,0.10448165455381396,0.18831907973506876,0.29790861352136183,0.20208845730081945,0.26437744618968684,0.10009618402124505,0.15071323636593462,0.3943897841624329,0.07304182852550506,0.21963782671684803,0.3057876658185083
1804.6875,4274.872,4233.846,4174.872,4028.205,4262.564,0.1044557948761476,0.25316621700163555,0.3022383392796178,0.10448165455381396,0.18831907973506876,0.29790861352136183,0.20208845730081945,0.26437744618968684,0.10009618402124505,0.15071323636593462,0.3943897841624329,0.07304182852550506,0.21963782671684803,0.3057876658185083
1812.5,4252.308,4226.667,4143.077,4012.308,4264.103,0.1044557948761476,0.25316621700163555,0.3022383392796178,0.10448165455381396,0.18831907973506876,0.29790861352136183,0.20208845730081945,0.26437744618968684,0.10009618402124505,0.15071323636593462,0.3943897841624329,0.07304182852550506,0.21963782671684803,0.3057876658185083
1820.3125,4251.282,4216.41,4143.59,4010.256,4257.436,0.1044557948761476,0.25316621700163555,0.3022383392796178,0.10448165455381396,0.18831907973506876,0.29790861352136183,0.20208845730081945,0.26437744618968684,0.10009618402124505,0.15071323636593462,0.3943897841624329,0.07304182852550506,0.21963782671684803,0.3057876658185083
1828.125,4261.538,4223.59,4169.231,4014.359,4253.846,0.1044557948761476,0.25316621700163555,0.3022383392796178,0.10448165455381396,0.18831907973506876,0.29790861352136183,0.20208845730081945,0.26437744618968684,0.10009618402124505,0.15071323636593462,0.3943897841624329,0.07304182852550506,0.21963782671684803,0.3057876658185083
1835.9375,4259.487,4237.436,4162.051,4013.846,4260.0,0.1044557948761476,0.25316621700163555,0.3022383392796178,0.10448165455381396,0.18831907973506876,0.29790861352136183,0.20208845730081945,0.26437744618968684,0.10009618402124505,0.15071323636593462,0.3943897841624329,0.07304182852550506,0.21963782671684803,0.3057876658185083
1843.75,4248.205,4217.436,4142.051,4001.026,4237.949,0.1044557948761476,0.25316621700163555,0.3022383392796178,0.10448165455381396,0.18831907973506876,0.29790861352136183,0.20208845730081945,0.26437744618968684,0.10009618402124505,0.15071323636593462,0.3943897841624329,0.07304182852550506,0.21963782671684803,0.3057876658185083
1851.5625,4245.128,4196.41,4150.769,3990.769,4223.077,0.1044557948761476,0.25316621700163555,0.3022383392796178,0.10448165455381396,0.18831907973506876,0.29790861352136183,0.20208845730081945,0.26437744618968684,0.10009618402124505,0.15071323636593462,0.3943897841624329,0.07304182852550506,0.21963782671684803,0.3057876658185083
1859.375,4262.564,4220.0,4165.641,4007.179,4263.077,0.1044557948761476,0.25316621700163555,0.3022383392796178,0.10448165455381396,0.18831907973506876,0.29790861352136183,0.20208845730081945,0.26437744618968684,0.10009618402124505,0.15071323636593462,0.3943897841624329,0.07304182852550506,0.21963782671684803,0.3057876658185083
1867.1875,4272.821,4235.385,4164.615,4019.487,4276.923,0.1044557948761476,0.25316621700163555,0.3022383392796178,0.10448165455381396,0.18831907973506876,0.29790861352136183,0.20208845730081945,0.26437744618968684,0.10009618402124505,0.15071323636593462,0.3943897841624329,0.07304182852550506,0.21963782671684803,0.3057876658185083
1875.0,4260.0,4222.051,4164.615,4008.718,4246.667,0.1044557948761476,0.25316621700163555,0.3022383392796178,0.10448165455381396,0.18831907973506876,0.29790861352136183,0.20208845730081945,0.26437744618968684,0.10009618402124505,0.15071323636593462,0.3943897841624329,0.07304182852550506,0.21963782671684803,0.3057876658185083
1882.8125,4248.205,4223.59,4159.487,4003.59,4245.128,0.1044557948761476,0.25316621700163555,0.3022383392796178,0.10448165455381396,0.18831907973506876,0.29790861352136183,0.20208845730081945,0.26437744618968684,0.10009618402124505,0.15071323636593462,0.3943897841624329,0.07304182852550506,0.21963782671684803,0.3057876658185083
1890.625,4247.692,4225.641,4150.769,4002.051,4254.872,0.1044557948761476,0.25316621700163555,0.3022383392796178,0.10448165455381396,0.18831907973506876,0.29790861352136183,0.20208845730081945,0.26437744618968684,0.10009618402124505,0.15071323636593462,0.3943897841624329,0.07304182852550506,0.21963782671684803,0.3057876658185083
1898.4375,4253.846,4220.0,4167.692,4003.077,4240.0,0.1044557948761476,0.25316621700163555,0.3022383392796178,0.10448165455381396,0.18831907973506876,0.29790861352136183,0.20208845730081945,0.26437744618968684,0.10009618402124505,0.15071323636593462,0.3943897841624329,0.07304182852550506,0.21963782671684803,0.3057876658185083
1906.25,4271.795,4233.333,4188.718,4018.462,4241.026,0.1044557948761476,0.25316621700163555,0.3022383392796178,0.10448165455381396,0.18831907973506876,0.29790861352136183,0.20208845730081945,0.26437744618968684,0.10009618402124505,0.15071323636593462,0.3943897841624329,0.07304182852550506,0.21963782671684803,0.3057876658185083
1914.0625,4276.41,4233.846,4175.385,4020.513,4252.821,0.1044557948761476,0.25316621700163555,0.3022383392796178,0.10448165455381396,0.18831907973506876,0.29790861352136183,0.20208845730081945,0.26437744618968684,0.10009618402124505,0.15071323636593462,0.3943897841624329,0.07304182852550506,0.21963782671684803,0.3057876658185083
1921.875,4254.872,4221.026,4154.359,4003.077,4249.231,0.1044557948761476,0.25316621700163555,0.3022383392796178,0.10448165455381396,0.18831907973506876,0.29790861352136183,0.20208845730081945,0.26437744618968684,0.10009618402124505,0.15071323636593462,0.3943897841624329,0.07304182852550506,0.21963782671684803,0.3057876658185083
1929.6875,4257.436,4235.897,4165.641,4013.846,4257.436,0.1044557948761476,0.25316621700163555,0.3022383392796178,0.10448165455381396,0.18831907973506876,0.29790861352136183,0.20208845730081945,0.26437744618968684,0.10009618402124505,0.15071323636593462,0.3943897841624329,0.07304182852550506,0.21963782671684803,0.3057876658185083
1937.5,4269.231,4241.538,4177.949,4028.718,4253.333,0.1044557948761476,0.25316621700163555,0.3022383392796178,0.10448165455381396,0.18831907973506876,0.29790861352136183,0.20208845730081945,0.26437744618968684,0.10009618402124505,0.15071323636593462,0.3943897841624329,0.07304182852550506,0.21963782671684803,0.3057876658185083
1945.3125,4236.923,4209.744,4143.077,3995.385,4222.564,0.1044557948761476,0.25316621700163555,0.3022383392796178,0.10448165455381396,0.18831907973506876,0.29790861352136183,0.20208845730081945,0.26437744618968684,0.10009618402124505,0.15071323636593462,0.3943897841624329,0.07304182852550506,0.21963782671684803,0.3057876658185083
1953.125,4219.487,4195.385,4112.308,3974.359,4214.872,0.1044557948761476,0.25316621700163555,0.3022383392796178,0.10448165455381396,0.18831907973506876,0.29790861352136183,0.20208845730081945,0.26437744618968684,0.10009618402124505,0.15071323636593462,0.3943897841624329,0.07304182852550506,0.21963782671684803,0.3057876658185083
1960.9375,4243.59,4211.795,4136.923,3996.923,4230.256,0.1044557948761476,0.25316621700163555,0.3022383392796178,0.10448165455381396,0.18831907973506876,0.29790861352136183,0.20208845730081945,0.26437744618968684,0.10009618402124505,0.15071323636593462,0.3943897841624329,0.07304182852550506,0.21963782671684803,0.3057876658185083
1968.75,4248.718,4221.538,4157.949,4004.615,4231.795,0.1044557948761476,0.25316621700163555,0.3022383392796178,0.10448165455381396,0.18831907973506876,0.29790861352136183,0.20208845730081945,0.26437744618968684,0.10009618402124505,0.15071323636593462,0.3943897841624329,0.07304182852550506,0.21963782671684803,0.3057876658185083
1976.5625,4242.564,4222.564,4144.615,4000.513,4236.41,0.1044557948761476,0.25316621700163555,0.3022383392796178,0.10448165455381396,0.18831907973506876,0.29790861352136183,0.20208845730081945,0.26437744618968684,0.10009618402124505,0.15071323636593462,0.3943897841624329,0.07304182852550506,0.21963782671684803,0.3057876658185083
1984.375,4253.846,4227.179,4144.615,4013.333,4254.359,0.1044557948761476,0.25316621700163555,0.3022383392796178,0.10448165455381396,0.18831907973506876,0.29790861352136183,0.20208845730081945,0.26437744618968684,0.10009618402124505,0.15071323636593462,0.3943897841624329,0.07304182852550506,0.21963782671684803,0.3057876658185083
1992.1875,4253.333,4228.718,4152.308,4017.949,4260.0,0.1044557948761476,0.25316621700163555,0.3022383392796178,0.10448165455381396,0.18831907973506876,0.29790861352136183,0.20208845730081945,0.26437744618968684,0.10009618402124505,0.15071323636593462,0.3943897841624329,0.07304182852550506,0.21963782671684803,0.3057876658185083
2000.0,4251.282,4224.103,4149.744,4021.538,4249.231,0.1044557948761476,0.25316621700163555,0.3022383392796178,0.10448165455381396,0.18831907973506876,0.29790861352136183,0.20208845730081945,0.26437744618968684,0.10009618402124505,0.15071323636593462,0.3943897841624329,0.07304182852550506,0.21963782671684803,0.3057876658185083
2007.8125,4253.333,4218.974,4147.692,4026.667,4227.179,0.1044557948761476,0.25316621700163555,0.3022383392796178,0.10448165455381396,0.18831907973506876,0.29790861352136183,0.20208845730081945,0.26437744618968684,0.10009618402124505,0.15071323636593462,0.3943897841624329,0.07304182852550506,0.21963782671684803,0.3057876658185083
2015.625,4234.359,4215.897,4134.872,4006.154,4215.385,0.1044557948761476,0.25316621700163555,0.3022383392796178,0.10448165455381396,0.18831907973506876,0.29790861352136183,0.20208845730081945,0.26437744618968684,0.10009618402124505,0.15071323636593462,0.3943897841624329,0.07304182852550506,0.21963782671684803,0.3057876658185083
2023.4375,4232.308,4211.282,4125.641,3992.308,4232.821,0.1044557948761476,0.25316621700163555,0.3022383392796178,0.10448165455381396,0.18831907973506876,0.29790861352136183,0.20208845730081945,0.26437744618968684,0.10009618402124505,0.15071323636593462,0.3943897841624329,0.07304182852550506,0.21963782671684803,0.3057876658185083
2031.25,4260.513,4217.436,4138.462,4004.103,4248.205,0.1044557948761476,0.25316621700163555,0.3022383392796178,0.10448165455381396,0.18831907973506876,0.29790861352136183,0.20208845730081945,0.26437744618968684,0.10009618402124505,0.15071323636593462,0.3943897841624329,0.07304182852550506,0.21963782671684803,0.3057876658185083
2039.0625,4271.795,4237.949,4140.513,4018.462,4250.256,0.1044557948761476,0.25316621700163555,0.3022383392796178,0.10448165455381396,0.18831907973506876,0.29790861352136183,0.20208845730081945,0.26437744618968684,0.10009618402124505,0.15071323636593462,0.3943897841624329,0.07304182852550506,0.21963782671684803,0.3057876658185083
2046.875,4267.179,4240.0,4135.897,4030.256,4254.359,0.1044557948761476,0.25316621700163555,0.3022383392796178,0.10448165455381396,0.18831907973506876,0.29790861352136183,0.20208845730081945,0.26437744618968684,0.10009618402124505,0.15071323636593462,0.3943897841624329,0.07304182852550506,0.21963782671684803,0.3057876658185083
2054.6875,4268.205,4226.667,4150.769,4034.359,4258.462,0.1044557948761476,0.25316621700163555,0.3022383392796178,0.10448165455381396,0.18831907973506876,0.29790861352136183,0.20208845730081945,0.26437744618968684,0.10009618402124505,0.15071323636593462,0.3943897841624329,0.07304182852550506,0.21963782671684803,0.3057876658185083
2062.5,4268.205,4228.205,4150.769,4024.615,4253.846,0.1044557948761476,0.25316621700163555,0.3022383392796178,0.10448165455381396,0.18831907973506876,0.29790861352136183,0.20208845730081945,0.26437744618968684,0.10009618402124505,0.15071323636593462,0.3943897841624329,0.07304182852550506,0.21963782671684803,0.3057876658185083
2070.3125,4270.769,4231.282,4134.872,4015.897,4245.641,0.1044557948761476,0.25316621700163555,0.3022383392796178,0.10448165455381396,0.18831907973506876,0.29790861352136183,0.20208845730081945,0.26437744618968684,0.10009618402124505,0.15071323636593462,0.3943897841624329,0.07304182852550506,0.21963782671684803,0.3057876658185083
2078.125,4268.718,4222.051,4136.41,4008.205,4245.641,0.1044557948761476,0.25316621700163555,0.3022383392796178,0.10448165455381396,0.18831907973506876,0.29790861352136183,0.20208845730081945,0.26437744618968684,0.10009618402124505,0.15071323636593462,0.3943897841624329,0.07304182852550506,0.21963782671684803,0.3057876658185083
2085.9375,4256.923,4216.41,4141.026,4000.513,4256.41,0.1044557948761476,0.25316621700163555,0.3022383392796178,0.10448165455381396,0.18831907973506876,0.29790861352136183,0.20208845730081945,0.26437744618968684,0.10009618402124505,0.15071323636593462,0.3943897841624329,0.07304182852550506,0.21963782671684803,0.3057876658185083
2093.75,4257.436,4217.949,4137.949,4004.615,4254.872,0.1044557948761476,0.25316621700163555,0.3022383392796178,0.10448165455381396,0.18831907973506876,0.29790861352136183,0.20208845730081945,0.26437744618968684,0.10009618402124505,0.15071323636593462,0.3943897841624329,0.07304182852550506,0.21963782671684803,0.3057876658185083
2101.5625,4270.769,4227.179,4139.487,4015.897,4248.205,0.1044557948761476,0.25316621700163555,0.3022383392796178,0.10448165455381396,0.18831907973506876,0.29790861352136183,0.20208845730081945,0.26437744618968684,0.10009618402124505,0.15071323636593462,0.3943897841624329,0.07304182852550506,0.21963782671684803,0.3057876658185083
2109.375,4275.385,4231.795,4144.103,4021.026,4264.103,0.1044557948761476,0.25316621700163555,0.3022383392796178,0.10448165455381396,0.18831907973506876,0.29790861352136183,0.20208845730081945,0.26437744618968684,0.10009618402124505,0.15071323636593462,0.3943897841624329,0.07304182852550506,0.21963782671684803,0.3057876658185083
2117.1875,4270.769,4221.538,4143.077,4016.41,4260.513,0.1044557948761476,0.25316621700163555,0.3022383392796178,0.10448165455381396,0.18831907973506876,0.29790861352136183,0.20208845730081945,0.26437744618968684,0.10009618402124505,0.15071323636593462,0.3943897841624329,0.07304182852550506,0.21963782671684803,0.3057876658185083
2125.0,4275.385,4224.103,4140.513,4017.949,4237.436,0.1044557948761476,0.25316621700163555,0.3022383392796178,0.10448165455381396,0.18831907973506876,0.29790861352136183,0.20208845730081945,0.26437744618968684,0.10009618402124505,0.15071323636593462,0.3943897841624329,0.07304182852550506,0.21963782671684803,0.3057876658185083
2132.8125,4283.077,4241.538,4141.538,4031.795,4255.897,0.1044557948761476,0.25316621700163555,0.3022383392796178,0.10448165455381396,0.18831907973506876,0.29790861352136183,0.20208845730081945,0.26437744618968684,0.10009618402124505,0.15071323636593462,0.3943897841624329,0.07304182852550506,0.21963782671684803,0.3057876658185083
2140.625,4278.462,4242.564,4141.026,4034.359,4283.59,0.1044557948761476,0.25316621700163555,0.3022383392796178,0.10448165455381396,0.18831907973506876,0.29790861352136183,0.20208845730081945,0.26437744618968684,0.10009618402124505,0.15071323636593462,0.3943897841624329,0.07304182852550506,0.21963782671684803,0.3057876658185083
2148.4375,4268.718,4228.718,4137.436,4023.077,4269.231,0.1044557948761476,0.25316621700163555,0.3022383392796178,0.10448165455381396,0.18831907973506876,0.29790861352136183,0.20208845730081945,0.26437744618968684,0.10009618402124505,0.15071323636593462,0.3943897841624329,0.07304182852550506,0.21963782671684803,0.3057876658185083
2156.25,4260.0,4220.0,4131.282,4019.487,4246.667,0.1044557948761476,0.25316621700163555,0.3022383392796178,0.10448165455381396,0.18831907973506876,0.29790861352136183,0.20208845730081945,0.26437744618968684,0.10009618402124505,0.15071323636593462,0.3943897841624329,0.07304182852550506,0.21963782671684803,0.3057876658185083
2164.0625,4253.846,4220.513,4127.692,4026.667,4240.0,0.1044557948761476,0.25316621700163555,0.3022383392796178,0.10448165455381396,0.18831907973506876,0.29790861352136183,0.20208845730081945,0.26437744618968684,0.10009618402124505,0.15071323636593462,0.3943897841624329,0.07304182852550506,0.21963782671684803,0.3057876658185083
2171.875,4262.051,4228.718,4137.949,4038.462,4236.923,0.1044557948761476,0.25316621700163555,0.3022383392796178,0.10448165455381396,0.18831907973506876,0.29790861352136183,0.20208845730081945,0.26437744618968684,0.10009618402124505,0.15071323636593462,0.3943897841624329,0.07304182852550506,0.21963782671684803,0.3057876658185083
2179.6875,4275.897,4236.41,4154.359,4048.205,4251.795,0.1044557948761476,0.25316621700163555,0.3022383392796178,0.10448165455381396,0.18831907973506876,0.29790861352136183,0.20208845730081945,0.26437744618968684,0.10009618402124505,0.15071323636593462,0.3943897841624329,0.07304182852550506,0.21963782671684803,0.3057876658185083
2187.5,4274.872,4241.026,4161.538,4046.154,4270.256,0.1044557948761476,0.25316621700163555,0.3022383392796178,0.10448165455381396,0.18831907973506876,0.29790861352136183,0.20208845730081945,0.26437744618968684,0.10009618402124505,0.15071323636593462,0.3943897841624329,0.07304182852550506,0.21963782671684803,0.3057876658185083
2195.3125,4272.821,4246.667,4158.974,4041.538,4265.641,0.1044557948761476,0.25316621700163555,0.3022383392796178,0.10448165455381396,0.18831907973506876,0.29790861352136183,0.20208845730081945,0.26437744618968684,0.10009618402124505,0.15071323636593462,0.3943897841624329,0.07304182852550506,0.21963782671684803,0.3057876658185083
2203.125,4286.154,4240.0,4162.051,4044.103,4265.128,0.1044557948761476,0.25316621700163555,0.3022383392796178,0.10448165455381396,0.18831907973506876,0.29790861352136183,0.20208845730081945,0.26437744618968684,0.10009618402124505,0.15071323636593462,0.3943897841624329,0.07304182852550506,0.21963782671684803,0.3057876658185083
2210.9375,4295.385,4239.487,4170.256,4049.744,4280.0,0.1044557948761476,0.25316621700163555,0.3022383392796178,0.10448165455381396,0.18831907973506876,0.29790861352136183,0.20208845730081945,0.26437744618968684,0.10009618402124505,0.15071323636593462,0.3943897841624329,0.07304182852550506,0.21963782671684803,0.3057876658185083
2218.75,4292.821,4253.846,4175.385,4057.436,4277.436,0.1044557948761476,0.25316621700163555,0.3022383392796178,0.10448165455381396,0.18831907973506876,0.29790861352136183,0.20208845730081945,0.26437744618968684,0.10009618402124505,0.15071323636593462,0.3943897841624329,0.07304182852550506,0.21963782671684803,0.3057876658185083
2226.5625,4289.231,4252.308,4176.41,4054.359,4258.462,0.1044557948761476,0.25316621700163555,0.3022383392796178,0.10448165455381396,0.18831907973506876,0.29790861352136183,0.20208845730081945,0.26437744618968684,0.10009618402124505,0.15071323636593462,0.3943897841624329,0.07304182852550506,0.21963782671684803,0.3057876658185083
2234.375,4288.718,4244.615,4173.333,4053.846,4262.051,0.1044557948761476,0.25316621700163555,0.3022383392796178,0.10448165455381396,0.18831907973506876,0.29790861352136183,0.20208845730081945,0.26437744618968684,0.10009618402124505,0.15071323636593462,0.3943897841624329,0.07304182852550506,0.21963782671684803,0.3057876658185083
2242.1875,4289.744,4248.718,4178.462,4064.615,4274.359,0.1044557948761476,0.25316621700163555,0.3022383392796178,0.10448165455381396,0.18831907973506876,0.29790861352136183,0.20208845730081945,0.26437744618968684,0.10009618402124505,0.15071323636593462,0.3943897841624329,0.07304182852550506,0.21963782671684803,0.3057876658185083
2250.0,4287.179,4251.282,4174.872,4057.949,4274.359,0.1044557948761476,0.25316621700163555,0.3022383392796178,0.10448165455381396,0.18831907973506876,0.29790861352136183,0.20208845730081945,0.26437744618968684,0.10009618402124505,0.15071323636593462,0.3943897841624329,0.07304182852550506,0.21963782671684803,0.3057876658185083
2257.8125,4286.667,4247.179,4163.077,4041.538,4270.769,0.1044557948761476,0.25316621700163555,0.3022383392796178,0.10448165455381396,0.18831907973506876,0.29790861352136183,0.20208845730081945,0.26437744618968684,0.10009618402124505,0.15071323636593462,0.3943897841624329,0.07304182852550506,0.21963782671684803,0.3057876658185083
2265.625,4285.128,4245.641,4155.385,4039.487,4266.667,0.1044557948761476,0.25316621700163555,0.3022383392796178,0.10448165455381396,0.18831907973506876,0.29790861352136183,0.20208845730081945,0.26437744618968684,0.10009618402124505,0.15071323636593462,0.3943897841624329,0.07304182852550506,0.21963782671684803,0.3057876658185083
2273.4375,4270.256,4234.359,4137.949,4037.436,4257.949,0.1044557948761476,0.25316621700163555,0.3022383392796178,0.10448165455381396,0.18831907973506876,0.29790861352136183,0.20208845730081945,0.26437744618968684,0.10009618402124505,0.15071323636593462,0.3943897841624329,0.07304182852550506,0.21963782671684803,0.3057876658185083
2281.25,4264.615,4230.769,4134.872,4037.436,4255.897,0.1044557948761476,0.25316621700163555,0.3022383392796178,0.10448165455381396,0.18831907973506876,0.29790861352136183,0.20208845730081945,0.26437744618968684,0.10009618402124505,0.15071323636593462,0.3943897841624329,0.07304182852550506,0.21963782671684803,0.3057876658185083
2289.0625,4284.615,4251.795,4159.487,4056.41,4272.308,0.1044557948761476,0.25316621700163555,0.3022383392796178,0.10448165455381396,0.18831907973506876,0.29790861352136183,0.20208845730081945,0.26437744618968684,0.10009618402124505,0.15071323636593462,0.3943897841624329,0.07304182852550506,0.21963782671684803,0.3057876658185083
2296.875,4298.462,4261.026,4179.487,4072.821,4283.077,0.1044557948761476,0.25316621700163555,0.3022383392796178,0.10448165455381396,0.18831907973506876,0.29790861352136183,0.20208845730081945,0.26437744618968684,0.10009618402124505,0.15071323636593462,0.3943897841624329,0.07304182852550506,0.21963782671684803,0.3057876658185083
2304.6875,4290.256,4253.846,4175.897,4077.949,4276.41,0.1044557948761476,0.25316621700163555,0.3022383392796178,0.10448165455381396,0.18831907973506876,0.29790861352136183,0.20208845730081945,0.26437744618968684,0.10009618402124505,0.15071323636593462,0.3943897841624329,0.07304182852550506,0.21963782671684803,0.3057876658185083
2312.5,4288.718,4254.359,4181.026,4091.282,4272.308,0.1044557948761476,0.25316621700163555,0.3022383392796178,0.10448165455381396,0.18831907973506876,0.29790861352136183,0.20208845730081945,0.26437744618968684,0.10009618402124505,0.15071323636593462,0.3943897841624329,0.07304182852550506,0.21963782671684803,0.3057876658185083
2320.3125,4294.359,4261.026,4189.744,4099.487,4282.051,0.1044557948761476,0.25316621700163555,0.3022383392796178,0.10448165455381396,0.18831907973506876,0.29790861352136183,0.20208845730081945,0.26437744618968684,0.10009618402124505,0.15071323636593462,0.3943897841624329,0.07304182852550506,0.21963782671684803,0.3057876658185083
2328.125,4290.256,4255.385,4178.462,4087.179,4272.821,0.1044557948761476,0.25316621700163555,0.3022383392796178,0.10448165455381396,0.18831907973506876,0.29790861352136183,0.20208845730081945,0.26437744618968684,0.10009618402124505,0.15071323636593462,0.3943897841624329,0.07304182852550506,0.21963782671684803,0.3057876658185083
2335.9375,4278.974,4247.179,4170.256,4069.231,4260.0,0.1044557948761476,0.25316621700163555,0.3022383392796178,0.10448165455381396,0.18831907973506876,0.29790861352136183,0.20208845730081945,0.26437744618968684,0.10009618402124505,0.15071323636593462,0.3943897841624329,0.07304182852550506,0.21963782671684803,0.3057876658185083
2343.75,4274.359,4249.744,4172.821,4066.667,4272.821,0.1044557948761476,0.25316621700163555,0.3022383392796178,0.10448165455381396,0.18831907973506876,0.29790861352136183,0.20208845730081945,0.26437744618968684,0.10009618402124505,0.15071323636593462,0.3943897841624329,0.07304182852550506,0.21963782671684803,0.3057876658185083
2351.5625,4273.333,4252.821,4164.103,4074.872,4269.231,0.1044557948761476,0.25316621700163555,0.3022383392796178,0.10448165455381396,0.18831907973506876,0.29790861352136183,0.20208845730081945,0.26437744618968684,0.10009618402124505,0.15071323636593462,0.3943897841624329,0.07304182852550506,0.21963782671684803,0.3057876658185083
2359.375,4266.667,4252.308,4149.744,4079.487,4254.359,0.1044557948761476,0.25316621700163555,0.3022383392796178,0.10448165455381396,0.18831907973506876,0.29790861352136183,0.20208845730081945,0.26437744618968684,0.10009618402124505,0.15071323636593462,0.3943897841624329,0.07304182852550506,0.21963782671684803,0.3057876658185083
2367.1875,4273.333,4255.385,4166.154,4085.128,4267.692,0.1044557948761476,0.25316621700163555,0.3022383392796178,0.10448165455381396,0.18831907973506876,0.29790861352136183,0.20208845730081945,0.26437744618968684,0.10009618402124505,0.15071323636593462,0.3943897841624329,0.07304182852550506,0.21963782671684803,0.3057876658185083
2375.0,4296.923,4266.667,4191.795,4098.462,4289.744,0.1044557948761476,0.25316621700163555,0.3022383392796178,0.10448165455381396,0.18831907973506876,0.29790861352136183,0.20208845730081945,0.26437744618968684,0.10009618402124505,0.15071323636593462,0.3943897841624329,0.07304182852550506,0.21963782671684803,0.3057876658185083
2382.8125,4307.179,4270.769,4186.667,4107.692,4287.692,0.1044557948761476,0.25316621700163555,0.3022383392796178,0.10448165455381396,0.18831907973506876,0.29790861352136183,0.20208845730081945,0.26437744618968684,0.10009618402124505,0.15071323636593462,0.3943897841624329,0.07304182852550506,0.21963782671684803,0.3057876658185083
2390.625,4295.385,4263.077,4171.282,4109.744,4274.872,0.1044557948761476,0.25316621700163555,0.3022383392796178,0.10448165455381396,0.18831907973506876,0.29790861352136183,0.20208845730081945,0.26437744618968684,0.10009618402124505,0.15071323636593462,0.3943897841624329,0.07304182852550506,0.21963782671684803,0.3057876658185083
2398.4375,4288.205,4257.949,4170.256,4110.769,4265.128,0.1044557948761476,0.25316621700163555,0.3022383392796178,0.10448165455381396,0.18831907973506876,0.29790861352136183,0.20208845730081945,0.26437744618968684,0.10009618402124505,0.15071323636593462,0.3943897841624329,0.07304182852550506,0.21963782671684803,0.3057876658185083
2406.25,4286.667,4257.949,4183.077,4101.538,4257.949,0.1044557948761476,0.25316621700163555,0.3022383392796178,0.10448165455381396,0.18831907973506876,0.29790861352136183,0.20208845730081945,0.26437744618968684,0.10009618402124505,0.15071323636593462,0.3943897841624329,0.07304182852550506,0.21963782671684803,0.3057876658185083
2414.0625,4279.487,4256.41,4184.615,4086.154,4259.487,0.1044557948761476,0.25316621700163555,0.3022383392796178,0.10448165455381396,0.18831907973506876,0.29790861352136183,0.20208845730081945,0.26437744618968684,0.10009618402124505,0.15071323636593462,0.3943897841624329,0.07304182852550506,0.21963782671684803,0.3057876658185083
2421.875,4268.718,4240.513,4160.513,4070.256,4244.103,0.1044557948761476,0.25316621700163555,0.3022383392796178,0.10448165455381396,0.18831907973506876,0.29790861352136183,0.20208845730081945,0.26437744618968684,0.10009618402124505,0.15071323636593462,0.3943897841624329,0.07304182852550506,0.21963782671684803,0.3057876658185083
2429.6875,4255.897,4221.538,4132.308,4051.795,4224.103,0.1044557948761476,0.25316621700163555,0.3022383392796178,0.10448165455381396,0.18831907973506876,0.29790861352136183,0.20208845730081945,0.26437744618968684,0.10009618402124505,0.15071323636593462,0.3943897841624329,0.07304182852550506,0.21963782671684803,0.3057876658185083
2437.5,4251.795,4226.667,4128.718,4050.769,4230.769,0.1044557948761476,0.25316621700163555,0.3022383392796178,0.10448165455381396,0.18831907973506876,0.29790861352136183,0.20208845730081945,0.26437744618968684,0.10009618402124505,0.15071323636593462,0.3943897841624329,0.07304182852550506,0.21963782671684803,0.3057876658185083
2445.3125,4248.718,4236.41,4146.667,4071.795,4240.513,0.1044557948761476,0.25316621700163555,0.3022383392796178,0.10448165455381396,0.18831907973506876,0.29790861352136183,0.20208845730081945,0.26437744618968684,0.10009618402124505,0.15071323636593462,0.3943897841624329,0.07304182852550506,0.21963782671684803,0.3057876658185083
2453.125,4242.564,4230.256,4165.641,4084.615,4228.205,0.1044557948761476,0.25316621700163555,0.3022383392796178,0.10448165455381396,0.18831907973506876,0.29790861352136183,0.20208845730081945,0.26437744618968684,0.10009618402124505,0.15071323636593462,0.3943897841624329,0.07304182852550506,0.21963782671684803,0.3057876658185083
2460.9375,4247.179,4223.59,4168.205,4080.0,4220.0,0.1044557948761476,0.25316621700163555,0.3022383392796178,0.10448165455381396,0.18831907973506876,0.29790861352136183,0.20208845730081945,0.26437744618968684,0.10009618402124505,0.15071323636593462,0.3943897841624329,0.07304182852550506,0.21963782671684803,0.3057876658185083
2468.75,4254.872,4224.615,4153.333,4068.718,4228.718,0.1044557948761476,0.25316621700163555,0.3022383392796178,0.10448165455381396,0.18831907973506876,0.29790861352136183,0.20208845730081945,0.26437744618968684,0.10009618402124505,0.15071323636593462,0.3943897841624329,0.07304182852550506,0.21963782671684803,0.3057876658185083
2476.5625,4254.872,4230.769,4150.256,4066.667,4229.231,0.1044557948761476,0.25316621700163555,0.3022383392796178,0.10448165455381396,0.18831907973506876,0.29790861352136183,0.20208845730081945,0.26437744618968684,0.10009618402124505,0.15071323636593462,0.3943897841624329,0.07304182852550506,0.21963782671684803,0.3057876658185083
2484.375,4252.308,4235.897,4156.923,4072.821,4227.692,0.1044557948761476,0.25316621700163555,0.3022383392796178,0.10448165455381396,0.18831907973506876,0.29790861352136183,0.20208845730081945,0.26437744618968684,0.10009618402124505,0.15071323636593462,0.3943897841624329,0.07304182852550506,0.21963782671684803,0.3057876658185083
2492.1875,4250.769,4229.231,4155.385,4064.615,4225.641,0.1044557948761476,0.25316621700163555,0.3022383392796178,0.10448165455381396,0.18831907973506876,0.29790861352136183,0.20208845730081945,0.26437744618968684,0.10009618402124505,0.15071323636593462,0.3943897841624329,0.07304182852550506,0.21963782671684803,0.3057876658185083
2500.0,4248.205,4227.179,4157.436,4052.821,4219.487,0.1044557948761476,0.25316621700163555,0.3022383392796178,0.10448165455381396,0.18831907973506876,0.29790861352136183,0.20208845730081945,0.26437744618968684,0.10009618402124505,0.15071323636593462,0.3943897841624329,0.07304182852550506,0.21963782671684803,0.3057876658185083
2507.8125,4256.41,4234.872,4163.59,4073.333,4222.051,0.1044557948761476,0.25316621700163555,0.3022383392796178,0.10448165455381396,0.18831907973506876,0.29790861352136183,0.20208845730081945,0.26437744618968684,0.10009618402124505,0.15071323636593462,0.3943897841624329,0.07304182852550506,0.21963782671684803,0.3057876658185083
2515.625,4263.077,4225.641,4163.077,4100.0,4224.615,0.1044557948761476,0.25316621700163555,0.3022383392796178,0.10448165455381396,0.18831907973506876,0.29790861352136183,0.20208845730081945,0.26437744618968684,0.10009618402124505,0.15071323636593462,0.3943897841624329,0.07304182852550506,0.21963782671684803,0.3057876658185083
2523.4375,4249.744,4216.923,4149.231,4092.821,4225.641,0.1044557948761476,0.25316621700163555,0.3022383392796178,0.10448165455381396,0.18831907973506876,0.29790861352136183,0.20208845730081945,0.26437744618968684,0.10009618402124505,0.15071323636593462,0.3943897841624329,0.07304182852550506,0.21963782671684803,0.3057876658185083
2531.25,4242.564,4226.667,4141.538,4082.564,4226.154,0.1044557948761476,0.25316621700163555,0.3022383392796178,0.10448165455381396,0.18831907973506876,0.29790861352136183,0.20208845730081945,0.26437744618968684,0.10009618402124505,0.15071323636593462,0.3943897841624329,0.07304182852550506,0.21963782671684803,0.3057876658185083
2539.0625,4245.641,4221.538,4145.128,4076.923,4209.231,0.1044557948761476,0.25316621700163555,0.3022383392796178,0.10448165455381396,0.18831907973506876,0.29790861352136183,0.20208845730081945,0.26437744618968684,0.10009618402124505,0.15071323636593462,0.3943897841624329,0.07304182852550506,0.21963782671684803,0.3057876658185083
2546.875,4237.949,4205.128,4131.795,4063.077,4194.359,0.1044557948761476,0.25316621700163555,0.3022383392796178,0.10448165455381396,0.18831907973506876,0.29790861352136183,0.20208845730081945,0.26437744618968684,0.10009618402124505,0.15071323636593462,0.3943897841624329,0.07304182852550506,0.21963782671684803,0.3057876658185083
2554.6875,4238.462,4210.769,4120.0,4074.359,4206.154,0.1044557948761476,0.25316621700163555,0.3022383392796178,0.10448165455381396,0.18831907973506876,0.29790861352136183,0.20208845730081945,0.26437744618968684,0.10009618402124505,0.15071323636593462,0.3943897841624329,0.07304182852550506,0.21963782671684803,0.3057876658185083
2562.5,4250.769,4221.538,4143.59,4097.436,4217.949,0.1044557948761476,0.25316621700163555,0.3022383392796178,0.10448165455381396,0.18831907973506876,0.29790861352136183,0.20208845730081945,0.26437744618968684,0.10009618402124505,0.15071323636593462,0.3943897841624329,0.07304182852550506,0.21963782671684803,0.3057876658185083
2570.3125,4256.923,4220.0,4162.051,4103.077,4218.462,0.1044557948761476,0.25316621700163555,0.3022383392796178,0.10448165455381396,0.18831907973506876,0.29790861352136183,0.20208845730081945,0.26437744618968684,0.10009618402124505,0.15071323636593462,0.3943897841624329,0.07304182852550506,0.21963782671684803,0.3057876658185083
2578.125,4265.641,4218.974,4155.897,4107.692,4225.128,0.1044557948761476,0.25316621700163555,0.3022383392796178,0.10448165455381396,0.18831907973506876,0.29790861352136183,0.20208845730081945,0.26437744618968684,0.10009618402124505,0.15071323636593462,0.3943897841624329,0.07304182852550506,0.21963782671684803,0.3057876658185083
2585.9375,4271.282,4226.154,4148.205,4104.103,4228.718,0.1044557948761476,0.25316621700163555,0.3022383392796178,0.10448165455381396,0.18831907973506876,0.29790861352136183,0.20208845730081945,0.26437744618968684,0.10009618402124505,0.15071323636593462,0.3943897841624329,0.07304182852550506,0.21963782671684803,0.3057876658185083
2593.75,4266.667,4225.128,4144.103,4095.385,4228.718,0.1044557948761476,0.25316621700163555,0.3022383392796178,0.10448165455381396,0.18831907973506876,0.29790861352136183,0.20208845730081945,0.26437744618968684,0.10009618402124505,0.15071323636593462,0.3943897841624329,0.07304182852550506,0.21963782671684803,0.3057876658185083
2601.5625,4272.821,4226.154,4158.974,4118.462,4236.923,0.1044557948761476,0.25316621700163555,0.3022383392796178,0.10448165455381396,0.18831907973506876,0.29790861352136183,0.20208845730081945,0.26437744618968684,0.10009618402124505,0.15071323636593462,0.3943897841624329,0.07304182852550506,0.21963782671684803,0.3057876658185083
2609.375,4271.795,4230.769,4171.795,4129.231,4233.846,0.1044557948761476,0.25316621700163555,0.3022383392796178,0.10448165455381396,0.18831907973506876,0.29790861352136183,0.20208845730081945,0.26437744618968684,0.10009618402124505,0.15071323636593462,0.3943897841624329,0.07304182852550506,0.21963782671684803,0.3057876658185083
2617.1875,4242.051,4206.154,4137.436,4087.692,4211.282,0.1044557948761476,0.25316621700163555,0.3022383392796178,0.10448165455381396,0.18831907973506876,0.29790861352136183,0.20208845730081945,0.26437744618968684,0.10009618402124505,0.15071323636593462,0.3943897841624329,0.07304182852550506,0.21963782671684803,0.3057876658185083
2625.0,4235.385,4188.718,4121.026,4065.641,4200.0,0.1044557948761476,0.25316621700163555,0.3022383392796178,0.10448165455381396,0.18831907973506876,0.29790861352136183,0.20208845730081945,0.26437744618968684,0.10009618402124505,0.15071323636593462,0.3943897841624329,0.07304182852550506,0.21963782671684803,0.3057876658185083
2632.8125,4256.923,4206.667,4150.769,4081.026,4210.769,0.1044557948761476,0.25316621700163555,0.3022383392796178,0.10448165455381396,0.18831907973506876,0.29790861352136183,0.20208845730081945,0.26437744618968684,0.10009618402124505,0.15071323636593462,0.3943897841624329,0.07304182852550506,0.21963782671684803,0.3057876658185083
2640.625,4268.205,4212.308,4158.974,4084.103,4222.564,0.1044557948761476,0.25316621700163555,0.3022383392796178,0.10448165455381396,0.18831907973506876,0.29790861352136183,0.20208845730081945,0.26437744618968684,0.10009618402124505,0.15071323636593462,0.3943897841624329,0.07304182852550506,0.21963782671684803,0.3057876658185083
2648.4375,4267.692,4209.744,4146.667,4083.077,4224.615,0.1044557948761476,0.25316621700163555,0.3022383392796178,0.10448165455381396,0.18831907973506876,0.29790861352136183,0.20208845730081945,0.26437744618968684,0.10009618402124505,0.15071323636593462,0.3943897841624329,0.07304182852550506,0.21963782671684803,0.3057876658185083
2656.25,4267.179,4220.513,4149.744,4087.692,4224.103,0.1044557948761476,0.25316621700163555,0.3022383392796178,0.10448165455381396,0.18831907973506876,0.29790861352136183,0.20208845730081945,0.26437744618968684,0.10009618402124505,0.15071323636593462,0.3943897841624329,0.07304182852550506,0.21963782671684803,0.3057876658185083
2664.0625,4263.077,4213.333,4157.436,4086.667,4227.179,0.1044557948761476,0.25316621700163555,0.3022383392796178,0.10448165455381396,0.18831907973506876,0.29790861352136183,0.20208845730081945,0.26437744618968684,0.10009618402124505,0.15071323636593462,0.3943897841624329,0.07304182852550506,0.21963782671684803,0.3057876658185083
2671.875,4252.308,4197.949,4160.513,4091.795,4226.667,0.1044557948761476,0.25316621700163555,0.3022383392796178,0.10448165455381396,0.18831907973506876,0.29790861352136183,0.20208845730081945,0.26437744618968684,0.10009618402124505,0.15071323636593462,0.3943897841624329,0.07304182852550506,0.21963782671684803,0.3057876658185083
2679.6875,4256.923,4207.179,4163.077,4110.256,4226.154,0.1044557948761476,0.25316621700163555,0.3022383392796178,0.10448165455381396,0.18831907973506876,0.29790861352136183,0.20208845730081945,0.26437744618968684,0.10009618402124505,0.15071323636593462,0.3943897841624329,0.07304182852550506,0.21963782671684803,0.3057876658185083
2687.5,4273.333,4218.974,4162.564,4112.821,4227.692,0.1044557948761476,0.25316621700163555,0.3022383392796178,0.10448165455381396,0.18831907973506876,0.29790861352136183,0.20208845730081945,0.26437744618968684,0.10009618402124505,0.15071323636593462,0.3943897841624329,0.07304182852550506,0.21963782671684803,0.3057876658185083
2695.3125,4263.59,4216.923,4151.282,4087.179,4221.026,0.1044557948761476,0.25316621700163555,0.3022383392796178,0.10448165455381396,0.18831907973506876,0.29790861352136183,0.20208845730081945,0.26437744618968684,0.10009618402124505,0.15071323636593462,0.3943897841624329,0.07304182852550506,0.21963782671684803,0.3057876658185083
2703.125,4250.256,4213.846,4141.538,4074.872,4220.513,0.1044557948761476,0.25316621700163555,0.3022383392796178,0.10448165455381396,0.18831907973506876,0.29790861352136183,0.20208845730081945,0.26437744618968684,0.10009618402124505,0.15071323636593462,0.3943897841624329,0.07304182852550506,0.21963782671684803,0.3057876658185083
2710.9375,4265.641,4212.308,4149.744,4088.718,4236.41,0.1044557948761476,0.25316621700163555,0.3022383392796178,0.10448165455381396,0.18831907973506876,0.29790861352136183,0.20208845730081945,0.26437744618968684,0.10009618402124505,0.15071323636593462,0.3943897841624329,0.07304182852550506,0.21963782671684803,0.3057876658185083
2718.75,4273.846,4214.359,4157.949,4100.0,4245.641,0.1044557948761476,0.25316621700163555,0.3022383392796178,0.10448165455381396,0.18831907973506876,0.29790861352136183,0.20208845730081945,0.26437744618968684,0.10009618402124505,0.15071323636593462,0.3943897841624329,0.07304182852550506,0.21963782671684803,0.3057876658185083
2726.5625,4260.513,4212.821,4151.282,4092.821,4230.256,0.1044557948761476,0.25316621700163555,0.3022383392796178,0.10448165455381396,0.18831907973506876,0.29790861352136183,0.20208845730081945,0.26437744618968684,0.10009618402124505,0.15071323636593462,0.3943897841624329,0.07304182852550506,0.21963782671684803,0.3057876658185083
2734.375,4252.308,4205.641,4143.59,4069.744,4209.744,0.1044557948761476,0.25316621700163555,0.3022383392796178,0.10448165455381396,0.18831907973506876,0.29790861352136183,0.20208845730081945,0.26437744618968684,0.10009618402124505,0.15071323636593462,0.3943897841624329,0.07304182852550506,0.21963782671684803,0.3057876658185083
2742.1875,4252.308,4207.692,4135.385,4061.026,4208.718,0.1044557948761476,0.25316621700163555,0.3022383392796178,0.10448165455381396,0.18831907973506876,0.29790861352136183,0.20208845730081945,0.26437744618968684,0.10009618402124505,0.15071323636593462,0.3943897841624329,0.07304182852550506,0.21963782671684803,0.3057876658185083
2750.0,4257.436,4210.769,4133.846,4082.051,4217.949,0.1044557948761476,0.25316621700163555,0.3022383392796178,0.10448165455381396,0.18831907973506876,0.29790861352136183,0.20208845730081945,0.26437744618968684,0.10009618402124505,0.15071323636593462,0.3943897841624329,0.07304182852550506,0.21963782671684803,0.3057876658185083
2757.8125,4245.128,4194.872,4129.231,4085.641,4203.59,0.1044557948761476,0.25316621700163555,0.3022383392796178,0.10448165455381396,0.18831907973506876,0.29790861352136183,0.20208845730081945,0.26437744618968684,0.10009618402124505,0.15071323636593462,0.3943897841624329,0.07304182852550506,0.21963782671684803,0.3057876658185083
2765.625,4219.487,4174.872,4101.026,4059.487,4181.538,0.1044557948761476,0.25316621700163555,0.3022383392796178,0.10448165455381396,0.18831907973506876,0.29790861352136183,0.20208845730081945,0.26437744618968684,0.10009618402124505,0.15071323636593462,0.3943897841624329,0.07304182852550506,0.21963782671684803,0.3057876658185083
2773.4375,4226.667,4179.487,4096.41,4062.051,4192.308,0.1044557948761476,0.25316621700163555,0.3022383392796178,0.10448165455381396,0.18831907973506876,0.29790861352136183,0.20208845730081945,0.26437744618968684,0.10009618402124505,0.15071323636593462,0.3943897841624329,0.07304182852550506,0.21963782671684803,0.3057876658185083
2781.25,4245.641,4190.769,4132.308,4074.872,4189.744,0.1044557948761476,0.25316621700163555,0.3022383392796178,0.10448165455381396,0.18831907973506876,0.29790861352136183,0.20208845730081945,0.26437744618968684,0.10009618402124505,0.15071323636593462,0.3943897841624329,0.07304182852550506,0.21963782671684803,0.3057876658185083
2789.0625,4238.974,4193.333,4143.077,4061.538,4172.821,0.1044557948761476,0.25316621700163555,0.3022383392796178,0.10448165455381396,0.18831907973506876,0.29790861352136183,0.20208845730081945,0.26437744618968684,0.10009618402124505,0.15071323636593462,0.3943897841624329,0.07304182852550506,0.21963782671684803,0.3057876658185083
2796.875,4235.897,4195.385,4124.103,4052.308,4194.359,0.1044557948761476,0.25316621700163555,0.3022383392796178,0.10448165455381396,0.18831907973506876,0.29790861352136183,0.20208845730081945,0.26437744618968684,0.10009618402124505,0.15071323636593462,0.3943897841624329,0.07304182852550506,0.21963782671684803,0.3057876658185083
2804.6875,4242.564,4203.077,4135.897,4063.077,4214.359,0.1044557948761476,0.25316621700163555,0.3022383392796178,0.10448165455381396,0.18831907973506876,0.29790861352136183,0.20208845730081945,0.26437744618968684,0.10009618402124505,0.15071323636593462,0.3943897841624329,0.07304182852550506,0.21963782671684803,0.3057876658185083
2812.5,4249.231,4216.41,4163.077,4079.487,4215.385,0.1044557948761476,0.25316621700163555,0.3022383392796178,0.10448165455381396,0.18831907973506876,0.29790861352136183,0.20208845730081945,0.26437744618968684,0.10009618402124505,0.15071323636593462,0.3943897841624329,0.07304182852550506,0.21963782671684803,0.3057876658185083
2820.3125,4273.846,4228.205,4168.718,4097.949,4229.744,0.1044557948761476,0.25316621700163555,0.3022383392796178,0.10448165455381396,0.18831907973506876,0.29790861352136183,0.20208845730081945,0.26437744618968684,0.10009618402124505,0.15071323636593462,0.3943897841624329,0.07304182852550506,0.21963782671684803,0.3057876658185083
2828.125,4285.641,4230.769,4167.179,4111.282,4230.769,0.1044557948761476,0.25316621700163555,0.3022383392796178,0.10448165455381396,0.18831907973506876,0.29790861352136183,0.20208845730081945,0.26437744618968684,0.10009618402124505,0.15071323636593462,0.3943897841624329,0.07304182852550506,0.21963782671684803,0.3057876658185083
2835.9375,4257.949,4224.615,4162.564,4112.821,4204.615,0.1044557948761476,0.25316621700163555,0.3022383392796178,0.10448165455381396,0.18831907973506876,0.29790861352136183,0.20208845730081945,0.26437744618968684,0.10009618402124505,0.15071323636593462,0.3943897841624329,0.07304182852550506,0.21963782671684803,0.3057876658185083
2843.75,4235.385,4207.692,4145.128,4100.0,4197.436,0.1044557948761476,0.25316621700163555,0.3022383392796178,0.10448165455381396,0.18831907973506876,0.29790861352136183,0.20208845730081945,0.26437744618968684,0.10009618402124505,0.15071323636593462,0.3943897841624329,0.07304182852550506,0.21963782671684803,0.3057876658185083
2851.5625,4250.256,4209.744,4147.179,4094.359,4215.897,0.1044557948761476,0.25316621700163555,0.3022383392796178,0.10448165455381396,0.18831907973506876,0.29790861352136183,0.20208845730081945,0.26437744618968684,0.10009618402124505,0.15071323636593462,0.3943897841624329,0.07304182852550506,0.21963782671684803,0.3057876658185083
2859.375,4264.615,4236.923,4160.0,4112.821,4227.179,0.1044557948761476,0.25316621700163555,0.3022383392796178,0.10448165455381396,0.18831907973506876,0.29790861352136183,0.20208845730081945,0.26437744618968684,0.10009618402124505,0.15071323636593462,0.3943897841624329,0.07304182852550506,0.21963782671684803,0.3057876658185083
2867.1875,4215.897,4196.41,4112.308,4091.282,4177.436,0.1044557948761476,0.25316621700163555,0.3022383392796178,0.10448165455381396,0.18831907973506876,0.29790861352136183,0.20208845730081945,0.26437744618968684,0.10009618402124505,0.15071323636593462,0.3943897841624329,0.07304182852550506,0.21963782671684803,0.3057876658185083
2875.0,4146.154,4107.692,4053.846,4018.462,4100.513,0.1044557948761476,0.25316621700163555,0.3022383392796178,0.10448165455381396,0.18831907973506876,0.29790861352136183,0.20208845730081945,0.26437744618968684,0.10009618402124505,0.15071323636593462,0.3943897841624329,0.07304182852550506,0.21963782671684803,0.3057876658185083
2882.8125,4159.487,4126.667,4087.692,4016.923,4121.538,0.1044557948761476,0.25316621700163555,0.3022383392796178,0.10448165455381396,0.18831907973506876,0.29790861352136183,0.20208845730081945,0.26437744618968684,0.10009618402124505,0.15071323636593462,0.3943897841624329,0.07304182852550506,0.21963782671684803,0.3057876658185083
2890.625,4229.744,4209.231,4145.641,4089.744,4200.0,0.1044557948761476,0.25316621700163555,0.3022383392796178,0.10448165455381396,0.18831907973506876,0.29790861352136183,0.20208845730081945,0.26437744618968684,0.10009618402124505,0.15071323636593462,0.3943897841624329,0.07304182852550506,0.21963782671684803,0.3057876658185083
2898.4375,4252.821,4216.41,4146.154,4116.41,4213.846,0.1044557948761476,0.25316621700163555,0.3022383392796178,0.10448165455381396,0.18831907973506876,0.29790861352136183,0.20208845730081945,0.26437744618968684,0.10009618402124505,0.15071323636593462,0.3943897841624329,0.07304182852550506,0.21963782671684803,0.3057876658185083
2906.25,4234.872,4196.41,4131.282,4098.974,4196.41,0.1044557948761476,0.25316621700163555,0.3022383392796178,0.10448165455381396,0.18831907973506876,0.29790861352136183,0.20208845730081945,0.26437744618968684,0.10009618402124505,0.15071323636593462,0.3943897841624329,0.07304182852550506,0.21963782671684803,0.3057876658185083
2914.0625,4238.462,4215.897,4138.462,4108.718,4213.333,0.1044557948761476,0.25316621700163555,0.3022383392796178,0.10448165455381396,0.18831907973506876,0.29790861352136183,0.20208845730081945,0.26437744618968684,0.10009618402124505,0.15071323636593462,0.3943897841624329,0.07304182852550506,0.21963782671684803,0.3057876658185083
2921.875,4252.821,4224.615,4155.897,4123.59,4227.179,0.1044557948761476,0.25316621700163555,0.3022383392796178,0.10448165455381396,0.18831907973506876,0.29790861352136183,0.20208845730081945,0.26437744618968684,0.10009618402124505,0.15071323636593462,0.3943897841624329,0.07304182852550506,0.21963782671684803,0.3057876658185083
2929.6875,4248.718,4215.385,4168.205,4115.385,4216.41,0.1044557948761476,0.25316621700163555,0.3022383392796178,0.10448165455381396,0.18831907973506876,0.29790861352136183,0.20208845730081945,0.26437744618968684,0.10009618402124505,0.15071323636593462,0.3943897841624329,0.07304182852550506,0.21963782671684803,0.3057876658185083
2937.5,4242.051,4224.615,4157.949,4108.718,4210.769,0.1044557948761476,0.25316621700163555,0.3022383392796178,0.10448165455381396,0.18831907973506876,0.29790861352136183,0.20208845730081945,0.26437744618968684,0.10009618402124505,0.15071323636593462,0.3943897841624329,0.07304182852550506,0.21963782671684803,0.3057876658185083
2945.3125,4244.103,4226.667,4142.564,4100.0,4207.179,0.1044557948761476,0.25316621700163555,0.3022383392796178,0.10448165455381396,0.18831907973506876,0.29790861352136183,0.20208845730081945,0.26437744618968684,0.10009618402124505,0.15071323636593462,0.3943897841624329,0.07304182852550506,0.21963782671684803,0.3057876658185083
2953.125,4235.897,4211.795,4143.077,4075.385,4191.795,0.1044557948761476,0.25316621700163555,0.3022383392796178,0.10448165455381396,0.18831907973506876,0.29790861352136183,0.20208845730081945,0.26437744618968684,0.10009618402124505,0.15071323636593462,0.3943897841624329,0.07304182852550506,0.21963782671684803,0.3057876658185083
2960.9375,4232.821,4218.974,4149.744,4079.487,4197.436,0.1044557948761476,0.25316621700163555,0.3022383392796178,0.10448165455381396,0.18831907973506876,0.29790861352136183,0.20208845730081945,0.26437744618968684,0.10009618402124505,0.15071323636593462,0.3943897841624329,0.07304182852550506,0.21963782671684803,0.3057876658185083
2968.75,4238.974,4230.256,4164.103,4106.667,4217.436,0.1044557948761476,0.25316621700163555,0.3022383392796178,0.10448165455381396,0.18831907973506876,0.29790861352136183,0.20208845730081945,0.26437744618968684,0.10009618402124505,0.15071323636593462,0.3943897841624329,0.07304182852550506,0.21963782671684803,0.3057876658185083
2976.5625,4212.821,4209.231,4170.769,4087.692,4187.179,0.1044557948761476,0.25316621700163555,0.3022383392796178,0.10448165455381396,0.18831907973506876,0.29790861352136183,0.20208845730081945,0.26437744618968684,0.10009618402124505,0.15071323636593462,0.3943897841624329,0.07304182852550506,0.21963782671684803,0.3057876658185083
2984.375,4185.641,4192.821,4146.154,4055.385,4153.846,0.1044557948761476,0.25316621700163555,0.3022383392796178,0.10448165455381396,0.18831907973506876,0.29790861352136183,0.20208845730081945,0.26437744618968684,0.10009618402124505,0.15071323636593462,0.3943897841624329,0.07304182852550506,0.21963782671684803,0.3057876658185083
2992.1875,4206.154,4204.103,4127.179,4070.769,4180.0,0.1044557948761476,0.25316621700163555,0.3022383392796178,0.10448165455381396,0.18831907973506876,0.29790861352136183,0.20208845730081945,0.26437744618968684,0.10009618402124505,0.15071323636593462,0.3943897841624329,0.07304182852550506,0.21963782671684803,0.3057876658185083
