timestamp,AF3,T7,Pz,T8,AF4,AF3_theta,AF3_alpha,AF3_beta,T7_theta,T7_mu,T7_beta,Pz_alpha,Pz_beta,T8_theta,T8_mu,T8_beta,AF4_theta,AF4_alpha,AF4_beta
0.0,4289.744,4300.0,4229.231,4217.949,4273.333,0.2371949156154764,0.024325271019832014,0.024530080939537163,0.18672083897798872,0.10618757480226582,0.23996894322381568,0.18304679418570063,0.13560759569594755,0.11855112924726388,0.25696310226835817,0.18945808453261118,0.22740318600632886,0.04380794874147323,0.03689122195513394
7.8125,4286.667,4290.256,4206.667,4215.385,4264.615,0.2371949156154764,0.024325271019832014,0.024530080939537163,0.18672083897798872,0.10618757480226582,0.23996894322381568,0.18304679418570063,0.13560759569594755,0.11855112924726388,0.25696310226835817,0.18945808453261118,0.22740318600632886,0.04380794874147323,0.03689122195513394
15.625,4272.308,4294.872,4188.718,4198.462,4263.59,0.2371949156154764,0.024325271019832014,0.024530080939537163,0.18672083897798872,0.10618757480226582,0.23996894322381568,0.18304679418570063,0.13560759569594755,0.11855112924726388,0.25696310226835817,0.18945808453261118,0.22740318600632886,0.04380794874147323,0.03689122195513394
23.4375,4271.282,4296.923,4192.308,4193.846,4254.359,0.2371949156154764,0.024325271019832014,0.024530080939537163,0.18672083897798872,0.10618757480226582,0.23996894322381568,0.18304679418570063,0.13560759569594755,0.11855112924726388,0.25696310226835817,0.18945808453261118,0.22740318600632886,0.04380794874147323,0.03689122195513394
31.25,4269.744,4298.462,4187.179,4203.59,4254.359,0.2371949156154764,0.024325271019832014,0.024530080939537163,0.18672083897798872,0.10618757480226582,0.23996894322381568,0.18304679418570063,0.13560759569594755,0.11855112924726388,0.25696310226835817,0.18945808453261118,0.22740318600632886,0.04380794874147323,0.03689122195513394
39.0625,4273.846,4303.59,4197.949,4216.41,4265.128,0.2371949156154764,0.024325271019832014,0.024530080939537163,0.18672083897798872,0.10618757480226582,0.23996894322381568,0.18304679418570063,0.13560759569594755,0.11855112924726388,0.25696310226835817,0.18945808453261118,0.22740318600632886,0.04380794874147323,0.03689122195513394
46.875,4268.205,4293.846,4203.077,4221.538,4260.0,0.2371949156154764,0.024325271019832014,0.024530080939537163,0.18672083897798872,0.10618757480226582,0.23996894322381568,0.18304679418570063,0.13560759569594755,0.11855112924726388,0.25696310226835817,0.18945808453261118,0.22740318600632886,0.04380794874147323,0.03689122195513394
54.6875,4247.179,4268.205,4179.487,4203.59,4239.487,0.2371949156154764,0.024325271019832014,0.024530080939537163,0.18672083897798872,0.10618757480226582,0.23996894322381568,0.18304679418570063,0.13560759569594755,0.11855112924726388,0.25696310226835817,0.18945808453261118,0.22740318600632886,0.04380794874147323,0.03689122195513394
62.5,4256.41,4278.974,4179.487,4196.923,4248.718,0.2371949156154764,0.024325271019832014,0.024530080939537163,0.18672083897798872,0.10618757480226582,0.23996894322381568,0.18304679418570063,0.13560759569594755,0.11855112924726388,0.25696310226835817,0.18945808453261118,0.22740318600632886,0.04380794874147323,0.03689122195513394
70.3125,4283.59,4309.231,4204.103,4210.256,4274.872,0.2371949156154764,0.024325271019832014,0.024530080939537163,0.18672083897798872,0.10618757480226582,0.23996894322381568,0.18304679418570063,0.13560759569594755,0.11855112924726388,0.25696310226835817,0.18945808453261118,0.22740318600632886,0.04380794874147323,0.03689122195513394
78.125,4287.692,4302.051,4202.564,4217.436,4280.513,0.2371949156154764,0.024325271019832014,0.024530080939537163,0.18672083897798872,0.10618757480226582,0.23996894322381568,0.18304679418570063,0.13560759569594755,0.11855112924726388,0.25696310226835817,0.18945808453261118,0.22740318600632886,0.04380794874147323,0.03689122195513394
85.9375,4281.538,4289.744,4197.436,4217.949,4281.538,0.2371949156154764,0.024325271019832014,0.024530080939537163,0.18672083897798872,0.10618757480226582,0.23996894322381568,0.18304679418570063,0.13560759569594755,0.11855112924726388,0.25696310226835817,0.18945808453261118,0.22740318600632886,0.04380794874147323,0.03689122195513394
93.75,4286.667,4303.59,4218.462,4220.513,4283.077,0.2371949156154764,0.024325271019832014,0.024530080939537163,0.18672083897798872,0.10618757480226582,0.23996894322381568,0.18304679418570063,0.13560759569594755,0.11855112924726388,0.25696310226835817,0.18945808453261118,0.22740318600632886,0.04380794874147323,0.03689122195513394
101.5625,4294.359,4315.385,4222.564,4216.41,4273.846,0.2371949156154764,0.024325271019832014,0.024530080939537163,0.18672083897798872,0.10618757480226582,0.23996894322381568,0.18304679418570063,0.13560759569594755,0.11855112924726388,0.25696310226835817,0.18945808453261118,0.22740318600632886,0.04380794874147323,0.03689122195513394
109.375,4290.769,4314.872,4203.077,4210.769,4273.333,0.2371949156154764,0.024325271019832014,0.024530080939537163,0.18672083897798872,0.10618757480226582,0.23996894322381568,0.18304679418570063,0.13560759569594755,0.11855112924726388,0.25696310226835817,0.18945808453261118,0.22740318600632886,0.04380794874147323,0.03689122195513394
117.1875,4274.872,4311.795,4191.795,4204.103,4272.308,0.2371949156154764,0.024325271019832014,0.024530080939537163,0.18672083897798872,0.10618757480226582,0.23996894322381568,0.18304679418570063,0.13560759569594755,0.11855112924726388,0.25696310226835817,0.18945808453261118,0.22740318600632886,0.04380794874147323,0.03689122195513394
125.0,4263.59,4305.641,4190.769,4190.769,4257.436,0.2371949156154764,0.024325271019832014,0.024530080939537163,0.18672083897798872,0.10618757480226582,0.23996894322381568,0.18304679418570063,0.13560759569594755,0.11855112924726388,0.25696310226835817,0.18945808453261118,0.22740318600632886,0.04380794874147323,0.03689122195513394
132.8125,4267.179,4303.59,4175.897,4196.41,4258.462,0.2371949156154764,0.024325271019832014,0.024530080939537163,0.18672083897798872,0.10618757480226582,0.23996894322381568,0.18304679418570063,0.13560759569594755,0.11855112924726388,0.25696310226835817,0.18945808453261118,0.22740318600632886,0.04380794874147323,0.03689122195513394
140.625,4260.513,4300.0,4163.077,4202.051,4261.538,0.2371949156154764,0.024325271019832014,0.024530080939537163,0.18672083897798872,0.10618757480226582,0.23996894322381568,0.18304679418570063,0.13560759569594755,0.11855112924726388,0.25696310226835817,0.18945808453261118,0.22740318600632886,0.04380794874147323,0.03689122195513394
148.4375,4265.641,4289.231,4180.513,4211.282,4257.949,0.2371949156154764,0.024325271019832014,0.024530080939537163,0.18672083897798872,0.10618757480226582,0.23996894322381568,0.18304679418570063,0.13560759569594755,0.11855112924726388,0.25696310226835817,0.18945808453261118,0.22740318600632886,0.04380794874147323,0.03689122195513394
156.25,4278.974,4291.282,4187.179,4233.333,4274.872,0.2371949156154764,0.024325271019832014,0.024530080939537163,0.18672083897798872,0.10618757480226582,0.23996894322381568,0.18304679418570063,0.13560759569594755,0.11855112924726388,0.25696310226835817,0.18945808453261118,0.22740318600632886,0.04380794874147323,0.03689122195513394
164.0625,4270.256,4290.256,4180.513,4229.231,4277.949,0.2371949156154764,0.024325271019832014,0.024530080939537163,0.18672083897798872,0.10618757480226582,0.23996894322381568,0.18304679418570063,0.13560759569594755,0.11855112924726388,0.25696310226835817,0.18945808453261118,0.22740318600632886,0.04380794874147323,0.03689122195513394
171.875,4273.846,4285.128,4186.667,4226.154,4270.256,0.2371949156154764,0.024325271019832014,0.024530080939537163,0.18672083897798872,0.10618757480226582,0.23996894322381568,0.18304679418570063,0.13560759569594755,0.11855112924726388,0.25696310226835817,0.18945808453261118,0.22740318600632886,0.04380794874147323,0.03689122195513394
179.6875,4287.692,4295.897,4187.692,4242.051,4288.205,0.2371949156154764,0.024325271019832014,0.024530080939537163,0.18672083897798872,0.10618757480226582,0.23996894322381568,0.18304679418570063,0.13560759569594755,0.11855112924726388,0.25696310226835817,0.18945808453261118,0.22740318600632886,0.04380794874147323,0.03689122195513394
187.5,4285.128,4284.103,4177.949,4235.897,4290.256,0.2371949156154764,0.024325271019832014,0.024530080939537163,0.18672083897798872,0.10618757480226582,0.23996894322381568,0.18304679418570063,0.13560759569594755,0.11855112924726388,0.25696310226835817,0.18945808453261118,0.22740318600632886,0.04380794874147323,0.03689122195513394
195.3125,4283.077,4267.179,4170.256,4224.103,4283.59,0.2371949156154764,0.024325271019832014,0.024530080939537163,0.18672083897798872,0.10618757480226582,0.23996894322381568,0.18304679418570063,0.13560759569594755,0.11855112924726388,0.25696310226835817,0.18945808453261118,0.22740318600632886,0.04380794874147323,0.03689122195513394
203.125,4294.359,4287.692,4187.179,4238.462,4301.026,0.2371949156154764,0.024325271019832014,0.024530080939537163,0.18672083897798872,0.10618757480226582,0.23996894322381568,0.18304679418570063,0.13560759569594755,0.11855112924726388,0.25696310226835817,0.18945808453261118,0.22740318600632886,0.04380794874147323,0.03689122195513394
210.9375,4296.923,4299.487,4198.462,4242.051,4303.59,0.2371949156154764,0.024325271019832014,0.024530080939537163,0.18672083897798872,0.10618757480226582,0.23996894322381568,0.18304679418570063,0.13560759569594755,0.11855112924726388,0.25696310226835817,0.18945808453261118,0.22740318600632886,0.04380794874147323,0.03689122195513394
218.75,4276.923,4283.077,4182.564,4212.308,4268.205,0.2371949156154764,0.024325271019832014,0.024530080939537163,0.18672083897798872,0.10618757480226582,0.23996894322381568,0.18304679418570063,0.13560759569594755,0.11855112924726388,0.25696310226835817,0.18945808453261118,0.22740318600632886,0.04380794874147323,0.03689122195513394
226.5625,4272.821,4278.974,4181.026,4197.949,4250.769,0.2371949156154764,0.024325271019832014,0.024530080939537163,0.18672083897798872,0.10618757480226582,0.23996894322381568,0.18304679418570063,0.13560759569594755,0.11855112924726388,0.25696310226835817,0.18945808453261118,0.22740318600632886,0.04380794874147323,0.03689122195513394
234.375,4291.282,4291.282,4197.949,4213.846,4275.385,0.2371949156154764,0.024325271019832014,0.024530080939537163,0.18672083897798872,0.10618757480226582,0.23996894322381568,0.18304679418570063,0.13560759569594755,0.11855112924726388,0.25696310226835817,0.18945808453261118,0.22740318600632886,0.04380794874147323,0.03689122195513394
242.1875,4293.846,4291.282,4202.564,4219.487,4288.205,0.2371949156154764,0.024325271019832014,0.024530080939537163,0.18672083897798872,0.10618757480226582,0.23996894322381568,0.18304679418570063,0.13560759569594755,0.11855112924726388,0.25696310226835817,0.18945808453261118,0.22740318600632886,0.04380794874147323,0.03689122195513394
250.0,4290.769,4291.282,4192.308,4218.462,4279.487,0.2371949156154764,0.024325271019832014,0.024530080939537163,0.18672083897798872,0.10618757480226582,0.23996894322381568,0.18304679418570063,0.13560759569594755,0.11855112924726388,0.25696310226835817,0.18945808453261118,0.22740318600632886,0.04380794874147323,0.03689122195513394
257.8125,4291.282,4290.769,4182.564,4225.128,4266.667,0.2371949156154764,0.024325271019832014,0.024530080939537163,0.18672083897798872,0.10618757480226582,0.23996894322381568,0.18304679418570063,0.13560759569594755,0.11855112924726388,0.25696310226835817,0.18945808453261118,0.22740318600632886,0.04380794874147323,0.03689122195513394
265.625,4287.179,4279.487,4177.436,4228.205,4253.846,0.2371949156154764,0.024325271019832014,0.024530080939537163,0.18672083897798872,0.10618757480226582,0.23996894322381568,0.18304679418570063,0.13560759569594755,0.11855112924726388,0.25696310226835817,0.18945808453261118,0.22740318600632886,0.04380794874147323,0.03689122195513394
273.4375,4286.667,4290.256,4178.462,4227.179,4256.923,0.2371949156154764,0.024325271019832014,0.024530080939537163,0.18672083897798872,0.10618757480226582,0.23996894322381568,0.18304679418570063,0.13560759569594755,0.11855112924726388,0.25696310226835817,0.18945808453261118,0.22740318600632886,0.04380794874147323,0.03689122195513394
281.25,4287.179,4297.436,4186.667,4215.897,4254.359,0.2371949156154764,0.024325271019832014,0.024530080939537163,0.18672083897798872,0.10618757480226582,0.23996894322381568,0.18304679418570063,0.13560759569594755,0.11855112924726388,0.25696310226835817,0.18945808453261118,0.22740318600632886,0.04380794874147323,0.03689122195513394
289.0625,4288.205,4280.513,4184.615,4213.846,4249.744,0.2371949156154764,0.024325271019832014,0.024530080939537163,0.18672083897798872,0.10618757480226582,0.23996894322381568,0.18304679418570063,0.13560759569594755,0.11855112924726388,0.25696310226835817,0.18945808453261118,0.22740318600632886,0.04380794874147323,0.03689122195513394
296.875,4301.538,4289.231,4193.846,4231.282,4268.718,0.2371949156154764,0.024325271019832014,0.024530080939537163,0.18672083897798872,0.10618757480226582,0.23996894322381568,0.18304679418570063,0.13560759569594755,0.11855112924726388,0.25696310226835817,0.18945808453261118,0.22740318600632886,0.04380794874147323,0.03689122195513394
304.6875,4315.897,4305.641,4208.205,4242.564,4282.564,0.2371949156154764,0.024325271019832014,0.024530080939537163,0.18672083897798872,0.10618757480226582,0.23996894322381568,0.18304679418570063,0.13560759569594755,0.11855112924726388,0.25696310226835817,0.18945808453261118,0.22740318600632886,0.04380794874147323,0.03689122195513394
312.5,4296.41,4284.103,4189.744,4227.179,4263.077,0.2371949156154764,0.024325271019832014,0.024530080939537163,0.18672083897798872,0.10618757480226582,0.23996894322381568,0.18304679418570063,0.13560759569594755,0.11855112924726388,0.25696310226835817,0.18945808453261118,0.22740318600632886,0.04380794874147323,0.03689122195513394
320.3125,4274.872,4263.59,4172.821,4208.205,4240.513,0.2371949156154764,0.024325271019832014,0.024530080939537163,0.18672083897798872,0.10618757480226582,0.23996894322381568,0.18304679418570063,0.13560759569594755,0.11855112924726388,0.25696310226835817,0.18945808453261118,0.22740318600632886,0.04380794874147323,0.03689122195513394
328.125,4279.487,4277.436,4172.308,4208.718,4244.615,0.2371949156154764,0.024325271019832014,0.024530080939537163,0.18672083897798872,0.10618757480226582,0.23996894322381568,0.18304679418570063,0.13560759569594755,0.11855112924726388,0.25696310226835817,0.18945808453261118,0.22740318600632886,0.04380794874147323,0.03689122195513394
335.9375,4270.256,4275.897,4160.0,4190.256,4233.333,0.2371949156154764,0.024325271019832014,0.024530080939537163,0.18672083897798872,0.10618757480226582,0.23996894322381568,0.18304679418570063,0.13560759569594755,0.11855112924726388,0.25696310226835817,0.18945808453261118,0.22740318600632886,0.04380794874147323,0.03689122195513394
343.75,4254.359,4255.385,4140.513,4167.692,4213.333,0.2371949156154764,0.024325271019832014,0.024530080939537163,0.18672083897798872,0.10618757480226582,0.23996894322381568,0.18304679418570063,0.13560759569594755,0.11855112924726388,0.25696310226835817,0.18945808453261118,0.22740318600632886,0.04380794874147323,0.03689122195513394
351.5625,4251.795,4267.692,4145.641,4177.949,4222.564,0.2371949156154764,0.024325271019832014,0.024530080939537163,0.18672083897798872,0.10618757480226582,0.23996894322381568,0.18304679418570063,0.13560759569594755,0.11855112924726388,0.25696310226835817,0.18945808453261118,0.22740318600632886,0.04380794874147323,0.03689122195513394
359.375,4269.744,4280.513,4171.282,4201.538,4232.821,0.2371949156154764,0.024325271019832014,0.024530080939537163,0.18672083897798872,0.10618757480226582,0.23996894322381568,0.18304679418570063,0.13560759569594755,0.11855112924726388,0.25696310226835817,0.18945808453261118,0.22740318600632886,0.04380794874147323,0.03689122195513394
367.1875,4275.385,4276.41,4163.077,4205.641,4232.308,0.2371949156154764,0.024325271019832014,0.024530080939537163,0.18672083897798872,0.10618757480226582,0.23996894322381568,0.18304679418570063,0.13560759569594755,0.11855112924726388,0.25696310226835817,0.18945808453261118,0.22740318600632886,0.04380794874147323,0.03689122195513394
375.0,4261.538,4280.0,4157.949,4185.128,4229.231,0.2371949156154764,0.024325271019832014,0.024530080939537163,0.18672083897798872,0.10618757480226582,0.23996894322381568,0.18304679418570063,0.13560759569594755,0.11855112924726388,0.25696310226835817,0.18945808453261118,0.22740318600632886,0.04380794874147323,0.03689122195513394
382.8125,4286.667,4290.256,4182.564,4195.897,4244.103,0.2371949156154764,0.024325271019832014,0.024530080939537163,0.18672083897798872,0.10618757480226582,0.23996894322381568,0.18304679418570063,0.13560759569594755,0.11855112924726388,0.25696310226835817,0.18945808453261118,0.22740318600632886,0.04380794874147323,0.03689122195513394
390.625,4314.359,4305.641,4185.641,4228.205,4270.256,0.2371949156154764,0.024325271019832014,0.024530080939537163,0.18672083897798872,0.10618757480226582,0.23996894322381568,0.18304679418570063,0.13560759569594755,0.11855112924726388,0.25696310226835817,0.18945808453261118,0.22740318600632886,0.04380794874147323,0.03689122195513394
398.4375,4304.103,4303.077,4176.41,4226.667,4267.692,0.2371949156154764,0.024325271019832014,0.024530080939537163,0.18672083897798872,0.10618757480226582,0.23996894322381568,0.18304679418570063,0.13560759569594755,0.11855112924726388,0.25696310226835817,0.18945808453261118,0.22740318600632886,0.04380794874147323,0.03689122195513394
406.25,4300.513,4289.231,4182.564,4224.103,4263.077,0.2371949156154764,0.024325271019832014,0.024530080939537163,0.18672083897798872,0.10618757480226582,0.23996894322381568,0.18304679418570063,0.13560759569594755,0.11855112924726388,0.25696310226835817,0.18945808453261118,0.22740318600632886,0.04380794874147323,0.03689122195513394
414.0625,4309.231,4294.872,4189.744,4241.026,4277.949,0.2371949156154764,0.024325271019832014,0.024530080939537163,0.18672083897798872,0.10618757480226582,0.23996894322381568,0.18304679418570063,0.13560759569594755,0.11855112924726388,0.25696310226835817,0.18945808453261118,0.22740318600632886,0.04380794874147323,0.03689122195513394
421.875,4304.615,4303.59,4193.333,4239.487,4276.923,0.2371949156154764,0.024325271019832014,0.024530080939537163,0.18672083897798872,0.10618757480226582,0.23996894322381568,0.18304679418570063,0.13560759569594755,0.11855112924726388,0.25696310226835817,0.18945808453261118,0.22740318600632886,0.04380794874147323,0.03689122195513394
429.6875,4303.59,4294.359,4194.872,4226.154,4265.641,0.2371949156154764,0.024325271019832014,0.024530080939537163,0.18672083897798872,0.10618757480226582,0.23996894322381568,0.18304679418570063,0.13560759569594755,0.11855112924726388,0.25696310226835817,0.18945808453261118,0.22740318600632886,0.04380794874147323,0.03689122195513394
437.5,4300.513,4287.692,4181.538,4217.949,4268.718,0.2371949156154764,0.024325271019832014,0.024530080939537163,0.18672083897798872,0.10618757480226582,0.23996894322381568,0.18304679418570063,0.13560759569594755,0.11855112924726388,0.25696310226835817,0.18945808453261118,0.22740318600632886,0.04380794874147323,0.03689122195513394
445.3125,4285.641,4287.179,4172.821,4207.179,4269.231,0.2371949156154764,0.024325271019832014,0.024530080939537163,0.18672083897798872,0.10618757480226582,0.23996894322381568,0.18304679418570063,0.13560759569594755,0.11855112924726388,0.25696310226835817,0.18945808453261118,0.22740318600632886,0.04380794874147323,0.03689122195513394
453.125,4291.282,4289.231,4182.564,4215.385,4274.359,0.2371949156154764,0.024325271019832014,0.024530080939537163,0.18672083897798872,0.10618757480226582,0.23996894322381568,0.18304679418570063,0.13560759569594755,0.11855112924726388,0.25696310226835817,0.18945808453261118,0.22740318600632886,0.04380794874147323,0.03689122195513394
460.9375,4301.026,4300.513,4197.436,4228.718,4284.103,0.2371949156154764,0.024325271019832014,0.024530080939537163,0.18672083897798872,0.10618757480226582,0.23996894322381568,0.18304679418570063,0.13560759569594755,0.11855112924726388,0.25696310226835817,0.18945808453261118,0.22740318600632886,0.04380794874147323,0.03689122195513394
468.75,4306.154,4288.718,4212.821,4229.744,4275.897,0.2371949156154764,0.024325271019832014,0.024530080939537163,0.18672083897798872,0.10618757480226582,0.23996894322381568,0.18304679418570063,0.13560759569594755,0.11855112924726388,0.25696310226835817,0.18945808453261118,0.22740318600632886,0.04380794874147323,0.03689122195513394
476.5625,4318.974,4283.59,4207.692,4244.615,4288.205,0.2371949156154764,0.024325271019832014,0.024530080939537163,0.18672083897798872,0.10618757480226582,0.23996894322381568,0.18304679418570063,0.13560759569594755,0.11855112924726388,0.25696310226835817,0.18945808453261118,0.22740318600632886,0.04380794874147323,0.03689122195513394
484.375,4313.846,4299.487,4202.564,4246.154,4301.026,0.2371949156154764,0.024325271019832014,0.024530080939537163,0.18672083897798872,0.10618757480226582,0.23996894322381568,0.18304679418570063,0.13560759569594755,0.11855112924726388,0.25696310226835817,0.18945808453261118,0.22740318600632886,0.04380794874147323,0.03689122195513394
492.1875,4302.051,4282.564,4206.667,4223.59,4271.795,0.2371949156154764,0.024325271019832014,0.024530080939537163,0.18672083897798872,0.10618757480226582,0.23996894322381568,0.18304679418570063,0.13560759569594755,0.11855112924726388,0.25696310226835817,0.18945808453261118,0.22740318600632886,0.04380794874147323,0.03689122195513394
500.0,4300.0,4271.795,4186.667,4222.564,4263.077,0.2371949156154764,0.024325271019832014,0.024530080939537163,0.18672083897798872,0.10618757480226582,0.23996894322381568,0.18304679418570063,0.13560759569594755,0.11855112924726388,0.25696310226835817,0.18945808453261118,0.22740318600632886,0.04380794874147323,0.03689122195513394
507.8125,4295.385,4281.538,4177.949,4230.769,4276.923,0.2371949156154764,0.024325271019832014,0.024530080939537163,0.18672083897798872,0.10618757480226582,0.23996894322381568,0.18304679418570063,0.13560759569594755,0.11855112924726388,0.25696310226835817,0.18945808453261118,0.22740318600632886,0.04380794874147323,0.03689122195513394
515.625,4297.436,4268.205,4180.0,4237.436,4276.41,0.2371949156154764,0.024325271019832014,0.024530080939537163,0.18672083897798872,0.10618757480226582,0.23996894322381568,0.18304679418570063,0.13560759569594755,0.11855112924726388,0.25696310226835817,0.18945808453261118,0.22740318600632886,0.04380794874147323,0.03689122195513394
523.4375,4297.949,4265.128,4167.692,4244.615,4278.462,0.2371949156154764,0.024325271019832014,0.024530080939537163,0.18672083897798872,0.10618757480226582,0.23996894322381568,0.18304679418570063,0.13560759569594755,0.11855112924726388,0.25696310226835817,0.18945808453261118,0.22740318600632886,0.04380794874147323,0.03689122195513394
531.25,4296.41,4274.359,4171.795,4228.718,4272.308,0.2371949156154764,0.024325271019832014,0.024530080939537163,0.18672083897798872,0.10618757480226582,0.23996894322381568,0.18304679418570063,0.13560759569594755,0.11855112924726388,0.25696310226835817,0.18945808453261118,0.22740318600632886,0.04380794874147323,0.03689122195513394
539.0625,4304.103,4276.41,4176.41,4220.513,4268.718,0.2371949156154764,0.024325271019832014,0.024530080939537163,0.18672083897798872,0.10618757480226582,0.23996894322381568,0.18304679418570063,0.13560759569594755,0.11855112924726388,0.25696310226835817,0.18945808453261118,0.22740318600632886,0.04380794874147323,0.03689122195513394
546.875,4297.949,4282.564,4167.179,4224.615,4274.359,0.2371949156154764,0.024325271019832014,0.024530080939537163,0.18672083897798872,0.10618757480226582,0.23996894322381568,0.18304679418570063,0.13560759569594755,0.11855112924726388,0.25696310226835817,0.18945808453261118,0.22740318600632886,0.04380794874147323,0.03689122195513394
554.6875,4295.897,4276.923,4169.744,4222.051,4266.154,0.2371949156154764,0.024325271019832014,0.024530080939537163,0.18672083897798872,0.10618757480226582,0.23996894322381568,0.18304679418570063,0.13560759569594755,0.11855112924726388,0.25696310226835817,0.18945808453261118,0.22740318600632886,0.04380794874147323,0.03689122195513394
562.5,4307.179,4273.846,4170.769,4228.718,4271.282,0.2371949156154764,0.024325271019832014,0.024530080939537163,0.18672083897798872,0.10618757480226582,0.23996894322381568,0.18304679418570063,0.13560759569594755,0.11855112924726388,0.25696310226835817,0.18945808453261118,0.22740318600632886,0.04380794874147323,0.03689122195513394
570.3125,4303.59,4284.103,4172.821,4228.718,4286.667,0.2371949156154764,0.024325271019832014,0.024530080939537163,0.18672083897798872,0.10618757480226582,0.23996894322381568,0.18304679418570063,0.13560759569594755,0.11855112924726388,0.25696310226835817,0.18945808453261118,0.22740318600632886,0.04380794874147323,0.03689122195513394
578.125,4305.128,4277.436,4187.692,4228.205,4287.179,0.2371949156154764,0.024325271019832014,0.024530080939537163,0.18672083897798872,0.10618757480226582,0.23996894322381568,0.18304679418570063,0.13560759569594755,0.11855112924726388,0.25696310226835817,0.18945808453261118,0.22740318600632886,0.04380794874147323,0.03689122195513394
585.9375,4314.872,4282.564,4188.718,4245.128,4295.897,0.2371949156154764,0.024325271019832014,0.024530080939537163,0.18672083897798872,0.10618757480226582,0.23996894322381568,0.18304679418570063,0.13560759569594755,0.11855112924726388,0.25696310226835817,0.18945808453261118,0.22740318600632886,0.04380794874147323,0.03689122195513394
593.75,4309.231,4290.256,4191.282,4236.923,4294.872,0.2371949156154764,0.024325271019832014,0.024530080939537163,0.18672083897798872,0.10618757480226582,0.23996894322381568,0.18304679418570063,0.13560759569594755,0.11855112924726388,0.25696310226835817,0.18945808453261118,0.22740318600632886,0.04380794874147323,0.03689122195513394
601.5625,4312.308,4275.897,4190.769,4223.59,4288.205,0.2371949156154764,0.024325271019832014,0.024530080939537163,0.18672083897798872,0.10618757480226582,0.23996894322381568,0.18304679418570063,0.13560759569594755,0.11855112924726388,0.25696310226835817,0.18945808453261118,0.22740318600632886,0.04380794874147323,0.03689122195513394
609.375,4315.385,4293.333,4174.359,4241.538,4312.821,0.2371949156154764,0.024325271019832014,0.024530080939537163,0.18672083897798872,0.10618757480226582,0.23996894322381568,0.18304679418570063,0.13560759569594755,0.11855112924726388,0.25696310226835817,0.18945808453261118,0.22740318600632886,0.04380794874147323,0.03689122195513394
617.1875,4308.205,4310.256,4188.205,4246.667,4316.41,0.2371949156154764,0.024325271019832014,0.024530080939537163,0.18672083897798872,0.10618757480226582,0.23996894322381568,0.18304679418570063,0.13560759569594755,0.11855112924726388,0.25696310226835817,0.18945808453261118,0.22740318600632886,0.04380794874147323,0.03689122195513394
625.0,4311.282,4288.205,4195.385,4238.974,4300.513,0.2371949156154764,0.024325271019832014,0.024530080939537163,0.18672083897798872,0.10618757480226582,0.23996894322381568,0.18304679418570063,0.13560759569594755,0.11855112924726388,0.25696310226835817,0.18945808453261118,0.22740318600632886,0.04380794874147323,0.03689122195513394
632.8125,4304.615,4302.051,4182.051,4242.051,4318.462,0.2371949156154764,0.024325271019832014,0.024530080939537163,0.18672083897798872,0.10618757480226582,0.23996894322381568,0.18304679418570063,0.13560759569594755,0.11855112924726388,0.25696310226835817,0.18945808453261118,0.22740318600632886,0.04380794874147323,0.03689122195513394
640.625,4308.205,4322.051,4204.615,4242.564,4326.154,0.2371949156154764,0.024325271019832014,0.024530080939537163,0.18672083897798872,0.10618757480226582,0.23996894322381568,0.18304679418570063,0.13560759569594755,0.11855112924726388,0.25696310226835817,0.18945808453261118,0.22740318600632886,0.04380794874147323,0.03689122195513394
648.4375,4334.872,4308.718,4207.692,4256.41,4322.051,0.2371949156154764,0.024325271019832014,0.024530080939537163,0.18672083897798872,0.10618757480226582,0.23996894322381568,0.18304679418570063,0.13560759569594755,0.11855112924726388,0.25696310226835817,0.18945808453261118,0.22740318600632886,0.04380794874147323,0.03689122195513394
656.25,4322.564,4312.821,4177.949,4255.897,4330.769,0.2371949156154764,0.024325271019832014,0.024530080939537163,0.18672083897798872,0.10618757480226582,0.23996894322381568,0.18304679418570063,0.13560759569594755,0.11855112924726388,0.25696310226835817,0.18945808453261118,0.22740318600632886,0.04380794874147323,0.03689122195513394
664.0625,4307.692,4308.205,4198.462,4231.282,4314.872,0.2371949156154764,0.024325271019832014,0.024530080939537163,0.18672083897798872,0.10618757480226582,0.23996894322381568,0.18304679418570063,0.13560759569594755,0.11855112924726388,0.25696310226835817,0.18945808453261118,0.22740318600632886,0.04380794874147323,0.03689122195513394
671.875,4328.205,4292.308,4216.41,4238.462,4305.128,0.2371949156154764,0.024325271019832014,0.024530080939537163,0.18672083897798872,0.10618757480226582,0.23996894322381568,0.18304679418570063,0.13560759569594755,0.11855112924726388,0.25696310226835817,0.18945808453261118,0.22740318600632886,0.04380794874147323,0.03689122195513394
679.6875,4315.385,4303.077,4203.077,4247.179,4316.923,0.2371949156154764,0.024325271019832014,0.024530080939537163,0.18672083897798872,0.10618757480226582,0.23996894322381568,0.18304679418570063,0.13560759569594755,0.11855112924726388,0.25696310226835817,0.18945808453261118,0.22740318600632886,0.04380794874147323,0.03689122195513394
687.5,4304.615,4297.436,4225.641,4237.436,4305.128,0.2371949156154764,0.024325271019832014,0.024530080939537163,0.18672083897798872,0.10618757480226582,0.23996894322381568,0.18304679418570063,0.13560759569594755,0.11855112924726388,0.25696310226835817,0.18945808453261118,0.22740318600632886,0.04380794874147323,0.03689122195513394
695.3125,4340.0,4283.077,4232.821,4264.615,4312.308,0.2371949156154764,0.024325271019832014,0.024530080939537163,0.18672083897798872,0.10618757480226582,0.23996894322381568,0.18304679418570063,0.13560759569594755,0.11855112924726388,0.25696310226835817,0.18945808453261118,0.22740318600632886,0.04380794874147323,0.03689122195513394
703.125,4338.974,4311.795,4209.744,4286.154,4342.564,0.2371949156154764,0.024325271019832014,0.024530080939537163,0.18672083897798872,0.10618757480226582,0.23996894322381568,0.18304679418570063,0.13560759569594755,0.11855112924726388,0.25696310226835817,0.18945808453261118,0.22740318600632886,0.04380794874147323,0.03689122195513394
710.9375,4322.564,4318.462,4235.897,4267.179,4324.103,0.2371949156154764,0.024325271019832014,0.024530080939537163,0.18672083897798872,0.10618757480226582,0.23996894322381568,0.18304679418570063,0.13560759569594755,0.11855112924726388,0.25696310226835817,0.18945808453261118,0.22740318600632886,0.04380794874147323,0.03689122195513394
718.75,4344.615,4284.103,4241.538,4265.128,4303.59,0.2371949156154764,0.024325271019832014,0.024530080939537163,0.18672083897798872,0.10618757480226582,0.23996894322381568,0.18304679418570063,0.13560759569594755,0.11855112924726388,0.25696310226835817,0.18945808453261118,0.22740318600632886,0.04380794874147323,0.03689122195513394
726.5625,4324.103,4285.128,4187.692,4258.462,4317.949,0.2371949156154764,0.024325271019832014,0.024530080939537163,0.18672083897798872,0.10618757480226582,0.23996894322381568,0.18304679418570063,0.13560759569594755,0.11855112924726388,0.25696310226835817,0.18945808453261118,0.22740318600632886,0.04380794874147323,0.03689122195513394
734.375,4282.564,4294.872,4185.128,4225.641,4298.462,0.2371949156154764,0.024325271019832014,0.024530080939537163,0.18672083897798872,0.10618757480226582,0.23996894322381568,0.18304679418570063,0.13560759569594755,0.11855112924726388,0.25696310226835817,0.18945808453261118,0.22740318600632886,0.04380794874147323,0.03689122195513394
742.1875,4309.231,4290.769,4207.692,4233.846,4275.897,0.2371949156154764,0.024325271019832014,0.024530080939537163,0.18672083897798872,0.10618757480226582,0.23996894322381568,0.18304679418570063,0.13560759569594755,0.11855112924726388,0.25696310226835817,0.18945808453261118,0.22740318600632886,0.04380794874147323,0.03689122195513394
750.0,4323.077,4310.256,4181.538,4247.179,4293.846,0.2371949156154764,0.024325271019832014,0.024530080939537163,0.18672083897798872,0.10618757480226582,0.23996894322381568,0.18304679418570063,0.13560759569594755,0.11855112924726388,0.25696310226835817,0.18945808453261118,0.22740318600632886,0.04380794874147323,0.03689122195513394
757.8125,4295.897,4315.385,4188.718,4221.026,4291.795,0.2371949156154764,0.024325271019832014,0.024530080939537163,0.18672083897798872,0.10618757480226582,0.23996894322381568,0.18304679418570063,0.13560759569594755,0.11855112924726388,0.25696310226835817,0.18945808453261118,0.22740318600632886,0.04380794874147323,0.03689122195513394
765.625,4308.205,4296.923,4225.128,4224.103,4283.59,0.2371949156154764,0.024325271019832014,0.024530080939537163,0.18672083897798872,0.10618757480226582,0.23996894322381568,0.18304679418570063,0.13560759569594755,0.11855112924726388,0.25696310226835817,0.18945808453261118,0.22740318600632886,0.04380794874147323,0.03689122195513394
773.4375,4321.538,4316.923,4226.667,4246.667,4301.538,0.2371949156154764,0.024325271019832014,0.024530080939537163,0.18672083897798872,0.10618757480226582,0.23996894322381568,0.18304679418570063,0.13560759569594755,0.11855112924726388,0.25696310226835817,0.18945808453261118,0.22740318600632886,0.04380794874147323,0.03689122195513394
781.25,4309.231,4332.821,4241.538,4232.308,4294.359,0.2371949156154764,0.024325271019832014,0.024530080939537163,0.18672083897798872,0.10618757480226582,0.23996894322381568,0.18304679418570063,0.13560759569594755,0.11855112924726388,0.25696310226835817,0.18945808453261118,0.22740318600632886,0.04380794874147323,0.03689122195513394
789.0625,4328.205,4309.231,4255.897,4235.897,4290.769,0.2371949156154764,0.024325271019832014,0.024530080939537163,0.18672083897798872,0.10618757480226582,0.23996894322381568,0.18304679418570063,0.13560759569594755,0.11855112924726388,0.25696310226835817,0.18945808453261118,0.22740318600632886,0.04380794874147323,0.03689122195513394
796.875,4343.077,4307.179,4217.436,4263.59,4326.667,0.2371949156154764,0.024325271019832014,0.024530080939537163,0.18672083897798872,0.10618757480226582,0.23996894322381568,0.18304679418570063,0.13560759569594755,0.11855112924726388,0.25696310226835817,0.18945808453261118,0.22740318600632886,0.04380794874147323,0.03689122195513394
804.6875,4328.718,4311.795,4211.795,4253.333,4332.308,0.2371949156154764,0.024325271019832014,0.024530080939537163,0.18672083897798872,0.10618757480226582,0.23996894322381568,0.18304679418570063,0.13560759569594755,0.11855112924726388,0.25696310226835817,0.18945808453261118,0.22740318600632886,0.04380794874147323,0.03689122195513394
812.5,4351.795,4285.641,4254.872,4255.897,4318.462,0.2371949156154764,0.024325271019832014,0.024530080939537163,0.18672083897798872,0.10618757480226582,0.23996894322381568,0.18304679418570063,0.13560759569594755,0.11855112924726388,0.25696310226835817,0.18945808453261118,0.22740318600632886,0.04380794874147323,0.03689122195513394
820.3125,4375.897,4296.41,4248.205,4296.41,4345.128,0.2371949156154764,0.024325271019832014,0.024530080939537163,0.18672083897798872,0.10618757480226582,0.23996894322381568,0.18304679418570063,0.13560759569594755,0.11855112924726388,0.25696310226835817,0.18945808453261118,0.22740318600632886,0.04380794874147323,0.03689122195513394
828.125,4345.641,4341.026,4234.872,4289.231,4352.821,0.2371949156154764,0.024325271019832014,0.024530080939537163,0.18672083897798872,0.10618757480226582,0.23996894322381568,0.18304679418570063,0.13560759569594755,0.11855112924726388,0.25696310226835817,0.18945808453261118,0.22740318600632886,0.04380794874147323,0.03689122195513394
835.9375,4332.821,4327.692,4268.718,4245.641,4313.333,0.2371949156154764,0.024325271019832014,0.024530080939537163,0.18672083897798872,0.10618757480226582,0.23996894322381568,0.18304679418570063,0.13560759569594755,0.11855112924726388,0.25696310226835817,0.18945808453261118,0.22740318600632886,0.04380794874147323,0.03689122195513394
843.75,4365.128,4299.487,4260.0,4259.487,4315.897,0.2371949156154764,0.024325271019832014,0.024530080939537163,0.18672083897798872,0.10618757480226582,0.23996894322381568,0.18304679418570063,0.13560759569594755,0.11855112924726388,0.25696310226835817,0.18945808453261118,0.22740318600632886,0.04380794874147323,0.03689122195513394
851.5625,4355.897,4325.641,4200.513,4285.128,4349.744,0.2371949156154764,0.024325271019832014,0.024530080939537163,0.18672083897798872,0.10618757480226582,0.23996894322381568,0.18304679418570063,0.13560759569594755,0.11855112924726388,0.25696310226835817,0.18945808453261118,0.22740318600632886,0.04380794874147323,0.03689122195513394
859.375,4313.846,4327.179,4186.667,4248.205,4324.103,0.2371949156154764,0.024325271019832014,0.024530080939537163,0.18672083897798872,0.10618757480226582,0.23996894322381568,0.18304679418570063,0.13560759569594755,0.11855112924726388,0.25696310226835817,0.18945808453261118,0.22740318600632886,0.04380794874147323,0.03689122195513394
867.1875,4318.462,4289.744,4200.0,4219.487,4288.205,0.2371949156154764,0.024325271019832014,0.024530080939537163,0.18672083897798872,0.10618757480226582,0.23996894322381568,0.18304679418570063,0.13560759569594755,0.11855112924726388,0.25696310226835817,0.18945808453261118,0.22740318600632886,0.04380794874147323,0.03689122195513394
875.0,4326.154,4297.949,4184.615,4225.641,4297.436,0.2371949156154764,0.024325271019832014,0.024530080939537163,0.18672083897798872,0.10618757480226582,0.23996894322381568,0.18304679418570063,0.13560759569594755,0.11855112924726388,0.25696310226835817,0.18945808453261118,0.22740318600632886,0.04380794874147323,0.03689122195513394
882.8125,4306.154,4313.333,4182.564,4210.769,4290.769,0.2371949156154764,0.024325271019832014,0.024530080939537163,0.18672083897798872,0.10618757480226582,0.23996894322381568,0.18304679418570063,0.13560759569594755,0.11855112924726388,0.25696310226835817,0.18945808453261118,0.22740318600632886,0.04380794874147323,0.03689122195513394
890.625,4311.282,4294.359,4193.333,4205.128,4281.026,0.2371949156154764,0.024325271019832014,0.024530080939537163,0.18672083897798872,0.10618757480226582,0.23996894322381568,0.18304679418570063,0.13560759569594755,0.11855112924726388,0.25696310226835817,0.18945808453261118,0.22740318600632886,0.04380794874147323,0.03689122195513394
898.4375,4322.051,4302.564,4187.179,4223.59,4302.051,0.2371949156154764,0.024325271019832014,0.024530080939537163,0.18672083897798872,0.10618757480226582,0.23996894322381568,0.18304679418570063,0.13560759569594755,0.11855112924726388,0.25696310226835817,0.18945808453261118,0.22740318600632886,0.04380794874147323,0.03689122195513394
906.25,4315.897,4309.231,4201.538,4223.077,4296.41,0.2371949156154764,0.024325271019832014,0.024530080939537163,0.18672083897798872,0.10618757480226582,0.23996894322381568,0.18304679418570063,0.13560759569594755,0.11855112924726388,0.25696310226835817,0.18945808453261118,0.22740318600632886,0.04380794874147323,0.03689122195513394
914.0625,4331.795,4283.077,4227.179,4246.667,4294.872,0.2371949156154764,0.024325271019832014,0.024530080939537163,0.18672083897798872,0.10618757480226582,0.23996894322381568,0.18304679418570063,0.13560759569594755,0.11855112924726388,0.25696310226835817,0.18945808453261118,0.22740318600632886,0.04380794874147323,0.03689122195513394
921.875,4341.026,4296.923,4229.231,4289.231,4338.462,0.2371949156154764,0.024325271019832014,0.024530080939537163,0.18672083897798872,0.10618757480226582,0.23996894322381568,0.18304679418570063,0.13560759569594755,0.11855112924726388,0.25696310226835817,0.18945808453261118,0.22740318600632886,0.04380794874147323,0.03689122195513394
929.6875,4317.949,4318.974,4249.744,4268.718,4335.385,0.2371949156154764,0.024325271019832014,0.024530080939537163,0.18672083897798872,0.10618757480226582,0.23996894322381568,0.18304679418570063,0.13560759569594755,0.11855112924726388,0.25696310226835817,0.18945808453261118,0.22740318600632886,0.04380794874147323,0.03689122195513394
937.5,4328.718,4295.385,4278.462,4243.077,4296.41,0.2371949156154764,0.024325271019832014,0.024530080939537163,0.18672083897798872,0.10618757480226582,0.23996894322381568,0.18304679418570063,0.13560759569594755,0.11855112924726388,0.25696310226835817,0.18945808453261118,0.22740318600632886,0.04380794874147323,0.03689122195513394
945.3125,4353.846,4305.128,4249.231,4255.897,4319.487,0.2371949156154764,0.024325271019832014,0.024530080939537163,0.18672083897798872,0.10618757480226582,0.23996894322381568,0.18304679418570063,0.13560759569594755,0.11855112924726388,0.25696310226835817,0.18945808453261118,0.22740318600632886,0.04380794874147323,0.03689122195513394
953.125,4332.308,4348.718,4215.385,4228.205,4343.59,0.2371949156154764,0.024325271019832014,0.024530080939537163,0.18672083897798872,0.10618757480226582,0.23996894322381568,0.18304679418570063,0.13560759569594755,0.11855112924726388,0.25696310226835817,0.18945808453261118,0.22740318600632886,0.04380794874147323,0.03689122195513394
960.9375,4325.128,4337.436,4230.256,4184.103,4315.897,0.2371949156154764,0.024325271019832014,0.024530080939537163,0.18672083897798872,0.10618757480226582,0.23996894322381568,0.18304679418570063,0.13560759569594755,0.11855112924726388,0.25696310226835817,0.18945808453261118,0.22740318600632886,0.04380794874147323,0.03689122195513394
968.75,4378.974,4303.59,4236.41,4207.179,4322.564,0.2371949156154764,0.024325271019832014,0.024530080939537163,0.18672083897798872,0.10618757480226582,0.23996894322381568,0.18304679418570063,0.13560759569594755,0.11855112924726388,0.25696310226835817,0.18945808453261118,0.22740318600632886,0.04380794874147323,0.03689122195513394
976.5625,4431.282,4315.897,4212.308,4255.897,4380.0,0.2371949156154764,0.024325271019832014,0.024530080939537163,0.18672083897798872,0.10618757480226582,0.23996894322381568,0.18304679418570063,0.13560759569594755,0.11855112924726388,0.25696310226835817,0.18945808453261118,0.22740318600632886,0.04380794874147323,0.03689122195513394
984.375,4445.641,4344.103,4203.59,4277.436,4421.538,0.2371949156154764,0.024325271019832014,0.024530080939537163,0.18672083897798872,0.10618757480226582,0.23996894322381568,0.18304679418570063,0.13560759569594755,0.11855112924726388,0.25696310226835817,0.18945808453261118,0.22740318600632886,0.04380794874147323,0.03689122195513394
992.1875,4464.103,4344.103,4219.487,4298.462,4446.154,0.2371949156154764,0.024325271019832014,0.024530080939537163,0.18672083897798872,0.10618757480226582,0.23996894322381568,0.18304679418570063,0.13560759569594755,0.11855112924726388,0.25696310226835817,0.18945808453261118,0.22740318600632886,0.04380794874147323,0.03689122195513394
1000.0,4508.205,4334.872,4230.769,4322.051,4484.615,0.2371949156154764,0.024325271019832014,0.024530080939537163,0.18672083897798872,0.10618757480226582,0.23996894322381568,0.18304679418570063,0.13560759569594755,0.11855112924726388,0.25696310226835817,0.18945808453261118,0.22740318600632886,0.04380794874147323,0.03689122195513394
1007.8125,4546.667,4343.077,4231.282,4313.333,4513.846,0.2371949156154764,0.024325271019832014,0.024530080939537163,0.18672083897798872,0.10618757480226582,0.23996894322381568,0.18304679418570063,0.13560759569594755,0.11855112924726388,0.25696310226835817,0.18945808453261118,0.22740318600632886,0.04380794874147323,0.03689122195513394
1015.625,4566.154,4343.59,4230.769,4279.487,4505.641,0.2371949156154764,0.024325271019832014,0.024530080939537163,0.18672083897798872,0.10618757480226582,0.23996894322381568,0.18304679418570063,0.13560759569594755,0.11855112924726388,0.25696310226835817,0.18945808453261118,0.22740318600632886,0.04380794874147323,0.03689122195513394
1023.4375,4580.513,4317.949,4244.615,4260.513,4497.436,0.2371949156154764,0.024325271019832014,0.024530080939537163,0.18672083897798872,0.10618757480226582,0.23996894322381568,0.18304679418570063,0.13560759569594755,0.11855112924726388,0.25696310226835817,0.18945808453261118,0.22740318600632886,0.04380794874147323,0.03689122195513394
1031.25,4592.821,4308.718,4270.256,4252.821,4513.846,0.2371949156154764,0.024325271019832014,0.024530080939537163,0.18672083897798872,0.10618757480226582,0.23996894322381568,0.18304679418570063,0.13560759569594755,0.11855112924726388,0.25696310226835817,0.18945808453261118,0.22740318600632886,0.04380794874147323,0.03689122195513394
1039.0625,4588.205,4340.0,4280.513,4226.667,4531.282,0.2371949156154764,0.024325271019832014,0.024530080939537163,0.18672083897798872,0.10618757480226582,0.23996894322381568,0.18304679418570063,0.13560759569594755,0.11855112924726388,0.25696310226835817,0.18945808453261118,0.22740318600632886,0.04380794874147323,0.03689122195513394
1046.875,4583.59,4370.769,4277.949,4215.385,4550.256,0.2371949156154764,0.024325271019832014,0.024530080939537163,0.18672083897798872,0.10618757480226582,0.23996894322381568,0.18304679418570063,0.13560759569594755,0.11855112924726388,0.25696310226835817,0.18945808453261118,0.22740318600632886,0.04380794874147323,0.03689122195513394
1054.6875,4601.538,4356.923,4266.154,4248.205,4572.821,0.2371949156154764,0.024325271019832014,0.024530080939537163,0.18672083897798872,0.10618757480226582,0.23996894322381568,0.18304679418570063,0.13560759569594755,0.11855112924726388,0.25696310226835817,0.18945808453261118,0.22740318600632886,0.04380794874147323,0.03689122195513394
1062.5,4624.103,4323.077,4276.923,4287.692,4571.282,0.2371949156154764,0.024325271019832014,0.024530080939537163,0.18672083897798872,0.10618757480226582,0.23996894322381568,0.18304679418570063,0.13560759569594755,0.11855112924726388,0.25696310226835817,0.18945808453261118,0.22740318600632886,0.04380794874147323,0.03689122195513394
1070.3125,4618.462,4332.821,4333.333,4314.359,4549.231,0.2371949156154764,0.024325271019832014,0.024530080939537163,0.18672083897798872,0.10618757480226582,0.23996894322381568,0.18304679418570063,0.13560759569594755,0.11855112924726388,0.25696310226835817,0.18945808453261118,0.22740318600632886,0.04380794874147323,0.03689122195513394
1078.125,4574.359,4371.795,4368.718,4328.205,4536.923,0.2371949156154764,0.024325271019832014,0.024530080939537163,0.18672083897798872,0.10618757480226582,0.23996894322381568,0.18304679418570063,0.13560759569594755,0.11855112924726388,0.25696310226835817,0.18945808453261118,0.22740318600632886,0.04380794874147323,0.03689122195513394
1085.9375,4512.821,4371.795,4335.897,4324.103,4510.769,0.2371949156154764,0.024325271019832014,0.024530080939537163,0.18672083897798872,0.10618757480226582,0.23996894322381568,0.18304679418570063,0.13560759569594755,0.11855112924726388,0.25696310226835817,0.18945808453261118,0.22740318600632886,0.04380794874147323,0.03689122195513394
1093.75,4457.436,4354.872,4283.077,4303.077,4457.436,0.2371949156154764,0.024325271019832014,0.024530080939537163,0.18672083897798872,0.10618757480226582,0.23996894322381568,0.18304679418570063,0.13560759569594755,0.11855112924726388,0.25696310226835817,0.18945808453261118,0.22740318600632886,0.04380794874147323,0.03689122195513394
1101.5625,4408.718,4347.179,4252.308,4264.615,4395.897,0.2371949156154764,0.024325271019832014,0.024530080939537163,0.18672083897798872,0.10618757480226582,0.23996894322381568,0.18304679418570063,0.13560759569594755,0.11855112924726388,0.25696310226835817,0.18945808453261118,0.22740318600632886,0.04380794874147323,0.03689122195513394
1109.375,4372.821,4311.795,4231.795,4220.513,4332.821,0.2371949156154764,0.024325271019832014,0.024530080939537163,0.18672083897798872,0.10618757480226582,0.23996894322381568,0.18304679418570063,0.13560759569594755,0.11855112924726388,0.25696310226835817,0.18945808453261118,0.22740318600632886,0.04380794874147323,0.03689122195513394
1117.1875,4379.487,4276.41,4212.308,4218.462,4304.103,0.2371949156154764,0.024325271019832014,0.024530080939537163,0.18672083897798872,0.10618757480226582,0.23996894322381568,0.18304679418570063,0.13560759569594755,0.11855112924726388,0.25696310226835817,0.18945808453261118,0.22740318600632886,0.04380794874147323,0.03689122195513394
1125.0,4388.718,4301.538,4187.692,4250.256,4325.641,0.2371949156154764,0.024325271019832014,0.024530080939537163,0.18672083897798872,0.10618757480226582,0.23996894322381568,0.18304679418570063,0.13560759569594755,0.11855112924726388,0.25696310226835817,0.18945808453261118,0.22740318600632886,0.04380794874147323,0.03689122195513394
1132.8125,4344.103,4337.436,4175.385,4239.487,4332.308,0.2371949156154764,0.024325271019832014,0.024530080939537163,0.18672083897798872,0.10618757480226582,0.23996894322381568,0.18304679418570063,0.13560759569594755,0.11855112924726388,0.25696310226835817,0.18945808453261118,0.22740318600632886,0.04380794874147323,0.03689122195513394
1140.625,4313.333,4318.974,4202.051,4206.667,4296.923,0.2371949156154764,0.024325271019832014,0.024530080939537163,0.18672083897798872,0.10618757480226582,0.23996894322381568,0.18304679418570063,0.13560759569594755,0.11855112924726388,0.25696310226835817,0.18945808453261118,0.22740318600632886,0.04380794874147323,0.03689122195513394
1148.4375,4347.692,4285.128,4226.154,4223.59,4284.615,0.2371949156154764,0.024325271019832014,0.024530080939537163,0.18672083897798872,0.10618757480226582,0.23996894322381568,0.18304679418570063,0.13560759569594755,0.11855112924726388,0.25696310226835817,0.18945808453261118,0.22740318600632886,0.04380794874147323,0.03689122195513394
1156.25,4380.513,4299.487,4220.0,4272.821,4322.051,0.2371949156154764,0.024325271019832014,0.024530080939537163,0.18672083897798872,0.10618757480226582,0.23996894322381568,0.18304679418570063,0.13560759569594755,0.11855112924726388,0.25696310226835817,0.18945808453261118,0.22740318600632886,0.04380794874147323,0.03689122195513394
1164.0625,4359.487,4332.821,4220.0,4277.949,4341.538,0.2371949156154764,0.024325271019832014,0.024530080939537163,0.18672083897798872,0.10618757480226582,0.23996894322381568,0.18304679418570063,0.13560759569594755,0.11855112924726388,0.25696310226835817,0.18945808453261118,0.22740318600632886,0.04380794874147323,0.03689122195513394
1171.875,4342.564,4330.256,4251.795,4250.769,4319.487,0.2371949156154764,0.024325271019832014,0.024530080939537163,0.18672083897798872,0.10618757480226582,0.23996894322381568,0.18304679418570063,0.13560759569594755,0.11855112924726388,0.25696310226835817,0.18945808453261118,0.22740318600632886,0.04380794874147323,0.03689122195513394
1179.6875,4372.821,4304.615,4286.154,4258.462,4302.564,0.2371949156154764,0.024325271019832014,0.024530080939537163,0.18672083897798872,0.10618757480226582,0.23996894322381568,0.18304679418570063,0.13560759569594755,0.11855112924726388,0.25696310226835817,0.18945808453261118,0.22740318600632886,0.04380794874147323,0.03689122195513394
1187.5,4398.462,4305.128,4273.333,4292.821,4324.103,0.2371949156154764,0.024325271019832014,0.024530080939537163,0.18672083897798872,0.10618757480226582,0.23996894322381568,0.18304679418570063,0.13560759569594755,0.11855112924726388,0.25696310226835817,0.18945808453261118,0.22740318600632886,0.04380794874147323,0.03689122195513394
1195.3125,4382.564,4335.897,4231.795,4303.077,4358.974,0.2371949156154764,0.024325271019832014,0.024530080939537163,0.18672083897798872,0.10618757480226582,0.23996894322381568,0.18304679418570063,0.13560759569594755,0.11855112924726388,0.25696310226835817,0.18945808453261118,0.22740318600632886,0.04380794874147323,0.03689122195513394
1203.125,4347.179,4354.359,4229.744,4277.949,4350.769,0.2371949156154764,0.024325271019832014,0.024530080939537163,0.18672083897798872,0.10618757480226582,0.23996894322381568,0.18304679418570063,0.13560759569594755,0.11855112924726388,0.25696310226835817,0.18945808453261118,0.22740318600632886,0.04380794874147323,0.03689122195513394
1210.9375,4338.462,4320.513,4259.487,4247.692,4300.0,0.2371949156154764,0.024325271019832014,0.024530080939537163,0.18672083897798872,0.10618757480226582,0.23996894322381568,0.18304679418570063,0.13560759569594755,0.11855112924726388,0.25696310226835817,0.18945808453261118,0.22740318600632886,0.04380794874147323,0.03689122195513394
1218.75,4344.615,4275.385,4231.795,4238.462,4273.846,0.2371949156154764,0.024325271019832014,0.024530080939537163,0.18672083897798872,0.10618757480226582,0.23996894322381568,0.18304679418570063,0.13560759569594755,0.11855112924726388,0.25696310226835817,0.18945808453261118,0.22740318600632886,0.04380794874147323,0.03689122195513394
1226.5625,4318.462,4292.308,4178.974,4227.692,4287.692,0.2371949156154764,0.024325271019832014,0.024530080939537163,0.18672083897798872,0.10618757480226582,0.23996894322381568,0.18304679418570063,0.13560759569594755,0.11855112924726388,0.25696310226835817,0.18945808453261118,0.22740318600632886,0.04380794874147323,0.03689122195513394
1234.375,4295.385,4315.897,4203.077,4205.641,4281.026,0.2371949156154764,0.024325271019832014,0.024530080939537163,0.18672083897798872,0.10618757480226582,0.23996894322381568,0.18304679418570063,0.13560759569594755,0.11855112924726388,0.25696310226835817,0.18945808453261118,0.22740318600632886,0.04380794874147323,0.03689122195513394
1242.1875,4315.897,4292.821,4228.718,4209.231,4265.641,0.2371949156154764,0.024325271019832014,0.024530080939537163,0.18672083897798872,0.10618757480226582,0.23996894322381568,0.18304679418570063,0.13560759569594755,0.11855112924726388,0.25696310226835817,0.18945808453261118,0.22740318600632886,0.04380794874147323,0.03689122195513394
1250.0,4315.385,4288.718,4193.846,4226.154,4277.949,0.2371949156154764,0.024325271019832014,0.024530080939537163,0.18672083897798872,0.10618757480226582,0.23996894322381568,0.18304679418570063,0.13560759569594755,0.11855112924726388,0.25696310226835817,0.18945808453261118,0.22740318600632886,0.04380794874147323,0.03689122195513394
1257.8125,4280.0,4297.949,4189.231,4214.872,4269.231,0.2371949156154764,0.024325271019832014,0.024530080939537163,0.18672083897798872,0.10618757480226582,0.23996894322381568,0.18304679418570063,0.13560759569594755,0.11855112924726388,0.25696310226835817,0.18945808453261118,0.22740318600632886,0.04380794874147323,0.03689122195513394
1265.625,4279.487,4281.538,4208.718,4204.615,4252.821,0.2371949156154764,0.024325271019832014,0.024530080939537163,0.18672083897798872,0.10618757480226582,0.23996894322381568,0.18304679418570063,0.13560759569594755,0.11855112924726388,0.25696310226835817,0.18945808453261118,0.22740318600632886,0.04380794874147323,0.03689122195513394
1273.4375,4290.256,4274.359,4195.897,4208.205,4265.128,0.2371949156154764,0.024325271019832014,0.024530080939537163,0.18672083897798872,0.10618757480226582,0.23996894322381568,0.18304679418570063,0.13560759569594755,0.11855112924726388,0.25696310226835817,0.18945808453261118,0.22740318600632886,0.04380794874147323,0.03689122195513394
1281.25,4284.103,4275.897,4188.718,4205.128,4265.641,0.2371949156154764,0.024325271019832014,0.024530080939537163,0.18672083897798872,0.10618757480226582,0.23996894322381568,0.18304679418570063,0.13560759569594755,0.11855112924726388,0.25696310226835817,0.18945808453261118,0.22740318600632886,0.04380794874147323,0.03689122195513394
1289.0625,4281.026,4261.026,4195.385,4204.103,4246.154,0.2371949156154764,0.024325271019832014,0.024530080939537163,0.18672083897798872,0.10618757480226582,0.23996894322381568,0.18304679418570063,0.13560759569594755,0.11855112924726388,0.25696310226835817,0.18945808453261118,0.22740318600632886,0.04380794874147323,0.03689122195513394
1296.875,4279.487,4254.872,4203.077,4209.231,4235.897,0.2371949156154764,0.024325271019832014,0.024530080939537163,0.18672083897798872,0.10618757480226582,0.23996894322381568,0.18304679418570063,0.13560759569594755,0.11855112924726388,0.25696310226835817,0.18945808453261118,0.22740318600632886,0.04380794874147323,0.03689122195513394
1304.6875,4285.128,4268.718,4221.026,4221.538,4246.667,0.2371949156154764,0.024325271019832014,0.024530080939537163,0.18672083897798872,0.10618757480226582,0.23996894322381568,0.18304679418570063,0.13560759569594755,0.11855112924726388,0.25696310226835817,0.18945808453261118,0.22740318600632886,0.04380794874147323,0.03689122195513394
1312.5,4286.667,4287.179,4223.077,4226.154,4263.59,0.2371949156154764,0.024325271019832014,0.024530080939537163,0.18672083897798872,0.10618757480226582,0.23996894322381568,0.18304679418570063,0.13560759569594755,0.11855112924726388,0.25696310226835817,0.18945808453261118,0.22740318600632886,0.04380794874147323,0.03689122195513394
1320.3125,4288.205,4292.308,4215.897,4216.41,4263.59,0.2371949156154764,0.024325271019832014,0.024530080939537163,0.18672083897798872,0.10618757480226582,0.23996894322381568,0.18304679418570063,0.13560759569594755,0.11855112924726388,0.25696310226835817,0.18945808453261118,0.22740318600632886,0.04380794874147323,0.03689122195513394
1328.125,4310.256,4286.667,4212.308,4231.282,4270.769,0.2371949156154764,0.024325271019832014,0.024530080939537163,0.18672083897798872,0.10618757480226582,0.23996894322381568,0.18304679418570063,0.13560759569594755,0.11855112924726388,0.25696310226835817,0.18945808453261118,0.22740318600632886,0.04380794874147323,0.03689122195513394
1335.9375,4305.641,4296.923,4195.385,4247.179,4285.641,0.2371949156154764,0.024325271019832014,0.024530080939537163,0.18672083897798872,0.10618757480226582,0.23996894322381568,0.18304679418570063,0.13560759569594755,0.11855112924726388,0.25696310226835817,0.18945808453261118,0.22740318600632886,0.04380794874147323,0.03689122195513394
1343.75,4278.974,4301.026,4197.436,4230.256,4270.256,0.2371949156154764,0.024325271019832014,0.024530080939537163,0.18672083897798872,0.10618757480226582,0.23996894322381568,0.18304679418570063,0.13560759569594755,0.11855112924726388,0.25696310226835817,0.18945808453261118,0.22740318600632886,0.04380794874147323,0.03689122195513394
1351.5625,4288.718,4285.128,4208.205,4230.769,4263.077,0.2371949156154764,0.024325271019832014,0.024530080939537163,0.18672083897798872,0.10618757480226582,0.23996894322381568,0.18304679418570063,0.13560759569594755,0.11855112924726388,0.25696310226835817,0.18945808453261118,0.22740318600632886,0.04380794874147323,0.03689122195513394
1359.375,4295.385,4284.103,4196.923,4238.974,4286.154,0.2371949156154764,0.024325271019832014,0.024530080939537163,0.18672083897798872,0.10618757480226582,0.23996894322381568,0.18304679418570063,0.13560759569594755,0.11855112924726388,0.25696310226835817,0.18945808453261118,0.22740318600632886,0.04380794874147323,0.03689122195513394
1367.1875,4285.128,4290.256,4202.051,4225.128,4281.538,0.2371949156154764,0.024325271019832014,0.024530080939537163,0.18672083897798872,0.10618757480226582,0.23996894322381568,0.18304679418570063,0.13560759569594755,0.11855112924726388,0.25696310226835817,0.18945808453261118,0.22740318600632886,0.04380794874147323,0.03689122195513394
1375.0,4290.769,4294.359,4208.205,4230.769,4264.615,0.2371949156154764,0.024325271019832014,0.024530080939537163,0.18672083897798872,0.10618757480226582,0.23996894322381568,0.18304679418570063,0.13560759569594755,0.11855112924726388,0.25696310226835817,0.18945808453261118,0.22740318600632886,0.04380794874147323,0.03689122195513394
1382.8125,4283.077,4295.385,4197.949,4238.462,4263.077,0.2371949156154764,0.024325271019832014,0.024530080939537163,0.18672083897798872,0.10618757480226582,0.23996894322381568,0.18304679418570063,0.13560759569594755,0.11855112924726388,0.25696310226835817,0.18945808453261118,0.22740318600632886,0.04380794874147323,0.03689122195513394
1390.625,4275.897,4283.59,4211.282,4226.154,4262.051,0.2371949156154764,0.024325271019832014,0.024530080939537163,0.18672083897798872,0.10618757480226582,0.23996894322381568,0.18304679418570063,0.13560759569594755,0.11855112924726388,0.25696310226835817,0.18945808453261118,0.22740318600632886,0.04380794874147323,0.03689122195513394
1398.4375,4283.59,4277.949,4228.205,4225.128,4268.718,0.2371949156154764,0.024325271019832014,0.024530080939537163,0.18672083897798872,0.10618757480226582,0.23996894322381568,0.18304679418570063,0.13560759569594755,0.11855112924726388,0.25696310226835817,0.18945808453261118,0.22740318600632886,0.04380794874147323,0.03689122195513394
1406.25,4268.205,4278.462,4205.128,4226.154,4271.282,0.2371949156154764,0.024325271019832014,0.024530080939537163,0.18672083897798872,0.10618757480226582,0.23996894322381568,0.18304679418570063,0.13560759569594755,0.11855112924726388,0.25696310226835817,0.18945808453261118,0.22740318600632886,0.04380794874147323,0.03689122195513394
1414.0625,4247.179,4263.59,4177.436,4211.282,4246.154,0.2371949156154764,0.024325271019832014,0.024530080939537163,0.18672083897798872,0.10618757480226582,0.23996894322381568,0.18304679418570063,0.13560759569594755,0.11855112924726388,0.25696310226835817,0.18945808453261118,0.22740318600632886,0.04380794874147323,0.03689122195513394
1421.875,4255.897,4255.385,4170.769,4206.154,4235.385,0.2371949156154764,0.024325271019832014,0.024530080939537163,0.18672083897798872,0.10618757480226582,0.23996894322381568,0.18304679418570063,0.13560759569594755,0.11855112924726388,0.25696310226835817,0.18945808453261118,0.22740318600632886,0.04380794874147323,0.03689122195513394
1429.6875,4254.872,4272.308,4166.667,4204.103,4245.641,0.2371949156154764,0.024325271019832014,0.024530080939537163,0.18672083897798872,0.10618757480226582,0.23996894322381568,0.18304679418570063,0.13560759569594755,0.11855112924726388,0.25696310226835817,0.18945808453261118,0.22740318600632886,0.04380794874147323,0.03689122195513394
1437.5,4255.385,4278.974,4167.692,4201.538,4244.615,0.2371949156154764,0.024325271019832014,0.024530080939537163,0.18672083897798872,0.10618757480226582,0.23996894322381568,0.18304679418570063,0.13560759569594755,0.11855112924726388,0.25696310226835817,0.18945808453261118,0.22740318600632886,0.04380794874147323,0.03689122195513394
1445.3125,4272.308,4280.0,4164.103,4215.897,4254.359,0.2371949156154764,0.024325271019832014,0.024530080939537163,0.18672083897798872,0.10618757480226582,0.23996894322381568,0.18304679418570063,0.13560759569594755,0.11855112924726388,0.25696310226835817,0.18945808453261118,0.22740318600632886,0.04380794874147323,0.03689122195513394
1453.125,4271.282,4285.128,4163.59,4222.564,4264.615,0.2371949156154764,0.024325271019832014,0.024530080939537163,0.18672083897798872,0.10618757480226582,0.23996894322381568,0.18304679418570063,0.13560759569594755,0.11855112924726388,0.25696310226835817,0.18945808453261118,0.22740318600632886,0.04380794874147323,0.03689122195513394
1460.9375,4272.308,4283.59,4172.821,4230.769,4271.282,0.2371949156154764,0.024325271019832014,0.024530080939537163,0.18672083897798872,0.10618757480226582,0.23996894322381568,0.18304679418570063,0.13560759569594755,0.11855112924726388,0.25696310226835817,0.18945808453261118,0.22740318600632886,0.04380794874147323,0.03689122195513394
1468.75,4284.615,4283.077,4186.667,4244.103,4292.308,0.2371949156154764,0.024325271019832014,0.024530080939537163,0.18672083897798872,0.10618757480226582,0.23996894322381568,0.18304679418570063,0.13560759569594755,0.11855112924726388,0.25696310226835817,0.18945808453261118,0.22740318600632886,0.04380794874147323,0.03689122195513394
1476.5625,4286.667,4273.333,4200.0,4241.026,4299.487,0.2371949156154764,0.024325271019832014,0.024530080939537163,0.18672083897798872,0.10618757480226582,0.23996894322381568,0.18304679418570063,0.13560759569594755,0.11855112924726388,0.25696310226835817,0.18945808453261118,0.22740318600632886,0.04380794874147323,0.03689122195513394
1484.375,4270.256,4251.282,4184.615,4222.564,4272.308,0.2371949156154764,0.024325271019832014,0.024530080939537163,0.18672083897798872,0.10618757480226582,0.23996894322381568,0.18304679418570063,0.13560759569594755,0.11855112924726388,0.25696310226835817,0.18945808453261118,0.22740318600632886,0.04380794874147323,0.03689122195513394
1492.1875,4256.41,4226.154,4165.641,4200.513,4241.026,0.2371949156154764,0.024325271019832014,0.024530080939537163,0.18672083897798872,0.10618757480226582,0.23996894322381568,0.18304679418570063,0.13560759569594755,0.11855112924726388,0.25696310226835817,0.18945808453261118,0.22740318600632886,0.04380794874147323,0.03689122195513394
1500.0,4255.897,4233.846,4169.744,4196.41,4244.103,0.2371949156154764,0.024325271019832014,0.024530080939537163,0.18672083897798872,0.10618757480226582,0.23996894322381568,0.18304679418570063,0.13560759569594755,0.11855112924726388,0.25696310226835817,0.18945808453261118,0.22740318600632886,0.04380794874147323,0.03689122195513394
1507.8125,4248.718,4256.923,4179.487,4197.949,4238.974,0.2371949156154764,0.024325271019832014,0.024530080939537163,0.18672083897798872,0.10618757480226582,0.23996894322381568,0.18304679418570063,0.13560759569594755,0.11855112924726388,0.25696310226835817,0.18945808453261118,0.22740318600632886,0.04380794874147323,0.03689122195513394
1515.625,4252.821,4256.923,4163.077,4202.051,4227.179,0.2371949156154764,0.024325271019832014,0.024530080939537163,0.18672083897798872,0.10618757480226582,0.23996894322381568,0.18304679418570063,0.13560759569594755,0.11855112924726388,0.25696310226835817,0.18945808453261118,0.22740318600632886,0.04380794874147323,0.03689122195513394
1523.4375,4259.487,4256.923,4141.026,4202.051,4230.769,0.2371949156154764,0.024325271019832014,0.024530080939537163,0.18672083897798872,0.10618757480226582,0.23996894322381568,0.18304679418570063,0.13560759569594755,0.11855112924726388,0.25696310226835817,0.18945808453261118,0.22740318600632886,0.04380794874147323,0.03689122195513394
1531.25,4270.256,4254.359,4143.077,4204.615,4230.769,0.2371949156154764,0.024325271019832014,0.024530080939537163,0.18672083897798872,0.10618757480226582,0.23996894322381568,0.18304679418570063,0.13560759569594755,0.11855112924726388,0.25696310226835817,0.18945808453261118,0.22740318600632886,0.04380794874147323,0.03689122195513394
1539.0625,4288.718,4270.769,4148.718,4225.128,4249.231,0.2371949156154764,0.024325271019832014,0.024530080939537163,0.18672083897798872,0.10618757480226582,0.23996894322381568,0.18304679418570063,0.13560759569594755,0.11855112924726388,0.25696310226835817,0.18945808453261118,0.22740318600632886,0.04380794874147323,0.03689122195513394
1546.875,4293.333,4291.282,4166.154,4228.205,4263.077,0.2371949156154764,0.024325271019832014,0.024530080939537163,0.18672083897798872,0.10618757480226582,0.23996894322381568,0.18304679418570063,0.13560759569594755,0.11855112924726388,0.25696310226835817,0.18945808453261118,0.22740318600632886,0.04380794874147323,0.03689122195513394
1554.6875,4288.718,4275.385,4177.436,4215.385,4246.154,0.2371949156154764,0.024325271019832014,0.024530080939537163,0.18672083897798872,0.10618757480226582,0.23996894322381568,0.18304679418570063,0.13560759569594755,0.11855112924726388,0.25696310226835817,0.18945808453261118,0.22740318600632886,0.04380794874147323,0.03689122195513394
1562.5,4287.692,4273.333,4171.795,4216.923,4243.077,0.2371949156154764,0.024325271019832014,0.024530080939537163,0.18672083897798872,0.10618757480226582,0.23996894322381568,0.18304679418570063,0.13560759569594755,0.11855112924726388,0.25696310226835817,0.18945808453261118,0.22740318600632886,0.04380794874147323,0.03689122195513394
1570.3125,4290.769,4288.718,4180.513,4226.154,4253.333,0.2371949156154764,0.024325271019832014,0.024530080939537163,0.18672083897798872,0.10618757480226582,0.23996894322381568,0.18304679418570063,0.13560759569594755,0.11855112924726388,0.25696310226835817,0.18945808453261118,0.22740318600632886,0.04380794874147323,0.03689122195513394
1578.125,4280.0,4273.846,4182.051,4226.154,4244.615,0.2371949156154764,0.024325271019832014,0.024530080939537163,0.18672083897798872,0.10618757480226582,0.23996894322381568,0.18304679418570063,0.13560759569594755,0.11855112924726388,0.25696310226835817,0.18945808453261118,0.22740318600632886,0.04380794874147323,0.03689122195513394
1585.9375,4272.308,4260.513,4175.897,4230.769,4240.0,0.2371949156154764,0.024325271019832014,0.024530080939537163,0.18672083897798872,0.10618757480226582,0.23996894322381568,0.18304679418570063,0.13560759569594755,0.11855112924726388,0.25696310226835817,0.18945808453261118,0.22740318600632886,0.04380794874147323,0.03689122195513394
1593.75,4290.256,4273.846,4187.692,4250.256,4259.487,0.2371949156154764,0.024325271019832014,0.024530080939537163,0.18672083897798872,0.10618757480226582,0.23996894322381568,0.18304679418570063,0.13560759569594755,0.11855112924726388,0.25696310226835817,0.18945808453261118,0.22740318600632886,0.04380794874147323,0.03689122195513394
1601.5625,4297.436,4263.077,4188.718,4257.949,4260.513,0.2371949156154764,0.024325271019832014,0.024530080939537163,0.18672083897798872,0.10618757480226582,0.23996894322381568,0.18304679418570063,0.13560759569594755,0.11855112924726388,0.25696310226835817,0.18945808453261118,0.22740318600632886,0.04380794874147323,0.03689122195513394
1609.375,4276.923,4241.538,4167.179,4240.0,4241.538,0.2371949156154764,0.024325271019832014,0.024530080939537163,0.18672083897798872,0.10618757480226582,0.23996894322381568,0.18304679418570063,0.13560759569594755,0.11855112924726388,0.25696310226835817,0.18945808453261118,0.22740318600632886,0.04380794874147323,0.03689122195513394
1617.1875,4265.128,4249.744,4170.769,4224.615,4236.41,0.2371949156154764,0.024325271019832014,0.024530080939537163,0.18672083897798872,0.10618757480226582,0.23996894322381568,0.18304679418570063,0.13560759569594755,0.11855112924726388,0.25696310226835817,0.18945808453261118,0.22740318600632886,0.04380794874147323,0.03689122195513394
1625.0,4273.846,4255.897,4188.205,4231.282,4241.026,0.2371949156154764,0.024325271019832014,0.024530080939537163,0.18672083897798872,0.10618757480226582,0.23996894322381568,0.18304679418570063,0.13560759569594755,0.11855112924726388,0.25696310226835817,0.18945808453261118,0.22740318600632886,0.04380794874147323,0.03689122195513394
1632.8125,4275.385,4262.051,4177.949,4244.615,4249.744,0.2371949156154764,0.024325271019832014,0.024530080939537163,0.18672083897798872,0.10618757480226582,0.23996894322381568,0.18304679418570063,0.13560759569594755,0.11855112924726388,0.25696310226835817,0.18945808453261118,0.22740318600632886,0.04380794874147323,0.03689122195513394
1640.625,4260.513,4269.744,4165.128,4235.897,4250.256,0.2371949156154764,0.024325271019832014,0.024530080939537163,0.18672083897798872,0.10618757480226582,0.23996894322381568,0.18304679418570063,0.13560759569594755,0.11855112924726388,0.25696310226835817,0.18945808453261118,0.22740318600632886,0.04380794874147323,0.03689122195513394
1648.4375,4259.487,4255.897,4155.897,4217.949,4244.615,0.2371949156154764,0.024325271019832014,0.024530080939537163,0.18672083897798872,0.10618757480226582,0.23996894322381568,0.18304679418570063,0.13560759569594755,0.11855112924726388,0.25696310226835817,0.18945808453261118,0.22740318600632886,0.04380794874147323,0.03689122195513394
1656.25,4266.154,4257.436,4151.795,4216.41,4248.718,0.2371949156154764,0.024325271019832014,0.024530080939537163,0.18672083897798872,0.10618757480226582,0.23996894322381568,0.18304679418570063,0.13560759569594755,0.11855112924726388,0.25696310226835817,0.18945808453261118,0.22740318600632886,0.04380794874147323,0.03689122195513394
1664.0625,4271.282,4276.41,4171.795,4223.59,4254.359,0.2371949156154764,0.024325271019832014,0.024530080939537163,0.18672083897798872,0.10618757480226582,0.23996894322381568,0.18304679418570063,0.13560759569594755,0.11855112924726388,0.25696310226835817,0.18945808453261118,0.22740318600632886,0.04380794874147323,0.03689122195513394
1671.875,4272.308,4277.949,4173.846,4223.077,4255.897,0.2371949156154764,0.024325271019832014,0.024530080939537163,0.18672083897798872,0.10618757480226582,0.23996894322381568,0.18304679418570063,0.13560759569594755,0.11855112924726388,0.25696310226835817,0.18945808453261118,0.22740318600632886,0.04380794874147323,0.03689122195513394
1679.6875,4267.692,4262.564,4150.256,4197.949,4238.462,0.2371949156154764,0.024325271019832014,0.024530080939537163,0.18672083897798872,0.10618757480226582,0.23996894322381568,0.18304679418570063,0.13560759569594755,0.11855112924726388,0.25696310226835817,0.18945808453261118,0.22740318600632886,0.04380794874147323,0.03689122195513394
1687.5,4276.41,4265.128,4141.026,4193.846,4238.462,0.2371949156154764,0.024325271019832014,0.024530080939537163,0.18672083897798872,0.10618757480226582,0.23996894322381568,0.18304679418570063,0.13560759569594755,0.11855112924726388,0.25696310226835817,0.18945808453261118,0.22740318600632886,0.04380794874147323,0.03689122195513394
1695.3125,4285.641,4289.231,4154.872,4223.077,4269.744,0.2371949156154764,0.024325271019832014,0.024530080939537163,0.18672083897798872,0.10618757480226582,0.23996894322381568,0.18304679418570063,0.13560759569594755,0.11855112924726388,0.25696310226835817,0.18945808453261118,0.22740318600632886,0.04380794874147323,0.03689122195513394
1703.125,4285.641,4283.077,4169.744,4233.846,4274.359,0.2371949156154764,0.024325271019832014,0.024530080939537163,0.18672083897798872,0.10618757480226582,0.23996894322381568,0.18304679418570063,0.13560759569594755,0.11855112924726388,0.25696310226835817,0.18945808453261118,0.22740318600632886,0.04380794874147323,0.03689122195513394
1710.9375,4283.59,4268.205,4167.692,4227.179,4268.205,0.2371949156154764,0.024325271019832014,0.024530080939537163,0.18672083897798872,0.10618757480226582,0.23996894322381568,0.18304679418570063,0.13560759569594755,0.11855112924726388,0.25696310226835817,0.18945808453261118,0.22740318600632886,0.04380794874147323,0.03689122195513394
1718.75,4283.077,4276.41,4175.385,4224.615,4276.923,0.2371949156154764,0.024325271019832014,0.024530080939537163,0.18672083897798872,0.10618757480226582,0.23996894322381568,0.18304679418570063,0.13560759569594755,0.11855112924726388,0.25696310226835817,0.18945808453261118,0.22740318600632886,0.04380794874147323,0.03689122195513394
1726.5625,4280.0,4276.923,4176.41,4224.615,4273.333,0.2371949156154764,0.024325271019832014,0.024530080939537163,0.18672083897798872,0.10618757480226582,0.23996894322381568,0.18304679418570063,0.13560759569594755,0.11855112924726388,0.25696310226835817,0.18945808453261118,0.22740318600632886,0.04380794874147323,0.03689122195513394
1734.375,4253.846,4250.256,4148.205,4204.615,4241.026,0.2371949156154764,0.024325271019832014,0.024530080939537163,0.18672083897798872,0.10618757480226582,0.23996894322381568,0.18304679418570063,0.13560759569594755,0.11855112924726388,0.25696310226835817,0.18945808453261118,0.22740318600632886,0.04380794874147323,0.03689122195513394
1742.1875,4236.41,4235.897,4135.897,4190.769,4224.615,0.2371949156154764,0.024325271019832014,0.024530080939537163,0.18672083897798872,0.10618757480226582,0.23996894322381568,0.18304679418570063,0.13560759569594755,0.11855112924726388,0.25696310226835817,0.18945808453261118,0.22740318600632886,0.04380794874147323,0.03689122195513394
1750.0,4235.385,4252.821,4154.359,4200.513,4230.769,0.2371949156154764,0.024325271019832014,0.024530080939537163,0.18672083897798872,0.10618757480226582,0.23996894322381568,0.18304679418570063,0.13560759569594755,0.11855112924726388,0.25696310226835817,0.18945808453261118,0.22740318600632886,0.04380794874147323,0.03689122195513394
1757.8125,4223.59,4252.308,4152.308,4203.077,4215.385,0.2371949156154764,0.024325271019832014,0.024530080939537163,0.18672083897798872,0.10618757480226582,0.23996894322381568,0.18304679418570063,0.13560759569594755,0.11855112924726388,0.25696310226835817,0.18945808453261118,0.22740318600632886,0.04380794874147323,0.03689122195513394
1765.625,4215.385,4243.077,4137.949,4195.385,4204.615,0.2371949156154764,0.024325271019832014,0.024530080939537163,0.18672083897798872,0.10618757480226582,0.23996894322381568,0.18304679418570063,0.13560759569594755,0.11855112924726388,0.25696310226835817,0.18945808453261118,0.22740318600632886,0.04380794874147323,0.03689122195513394
1773.4375,4236.41,4255.385,4148.718,4191.795,4216.923,0.2371949156154764,0.024325271019832014,0.024530080939537163,0.18672083897798872,0.10618757480226582,0.23996894322381568,0.18304679418570063,0.13560759569594755,0.11855112924726388,0.25696310226835817,0.18945808453261118,0.22740318600632886,0.04380794874147323,0.03689122195513394
1781.25,4250.256,4262.564,4149.231,4183.59,4217.949,0.2371949156154764,0.024325271019832014,0.024530080939537163,0.18672083897798872,0.10618757480226582,0.23996894322381568,0.18304679418570063,0.13560759569594755,0.11855112924726388,0.25696310226835817,0.18945808453261118,0.22740318600632886,0.04380794874147323,0.03689122195513394
1789.0625,4235.897,4253.333,4130.769,4172.821,4208.718,0.2371949156154764,0.024325271019832014,0.024530080939537163,0.18672083897798872,0.10618757480226582,0.23996894322381568,0.18304679418570063,0.13560759569594755,0.11855112924726388,0.25696310226835817,0.18945808453261118,0.22740318600632886,0.04380794874147323,0.03689122195513394
1796.875,4243.59,4247.179,4135.897,4178.462,4220.513,0.2371949156154764,0.024325271019832014,0.024530080939537163,0.18672083897798872,0.10618757480226582,0.23996894322381568,0.18304679418570063,0.13560759569594755,0.11855112924726388,0.25696310226835817,0.18945808453261118,0.22740318600632886,0.04380794874147323,0.03689122195513394
1804.6875,4268.718,4256.41,4155.385,4194.359,4244.615,0.2371949156154764,0.024325271019832014,0.024530080939537163,0.18672083897798872,0.10618757480226582,0.23996894322381568,0.18304679418570063,0.13560759569594755,0.11855112924726388,0.25696310226835817,0.18945808453261118,0.22740318600632886,0.04380794874147323,0.03689122195513394
1812.5,4275.385,4271.282,4167.179,4202.564,4252.308,0.2371949156154764,0.024325271019832014,0.024530080939537163,0.18672083897798872,0.10618757480226582,0.23996894322381568,0.18304679418570063,0.13560759569594755,0.11855112924726388,0.25696310226835817,0.18945808453261118,0.22740318600632886,0.04380794874147323,0.03689122195513394
1820.3125,4276.923,4280.0,4176.41,4215.897,4254.872,0.2371949156154764,0.024325271019832014,0.024530080939537163,0.18672083897798872,0.10618757480226582,0.23996894322381568,0.18304679418570063,0.13560759569594755,0.11855112924726388,0.25696310226835817,0.18945808453261118,0.22740318600632886,0.04380794874147323,0.03689122195513394
1828.125,4274.872,4276.923,4179.487,4230.769,4260.513,0.2371949156154764,0.024325271019832014,0.024530080939537163,0.18672083897798872,0.10618757480226582,0.23996894322381568,0.18304679418570063,0.13560759569594755,0.11855112924726388,0.25696310226835817,0.18945808453261118,0.22740318600632886,0.04380794874147323,0.03689122195513394
1835.9375,4265.641,4265.128,4172.821,4227.692,4256.41,0.2371949156154764,0.024325271019832014,0.024530080939537163,0.18672083897798872,0.10618757480226582,0.23996894322381568,0.18304679418570063,0.13560759569594755,0.11855112924726388,0.25696310226835817,0.18945808453261118,0.22740318600632886,0.04380794874147323,0.03689122195513394
1843.75,4266.667,4271.795,4161.538,4223.077,4254.872,0.2371949156154764,0.024325271019832014,0.024530080939537163,0.18672083897798872,0.10618757480226582,0.23996894322381568,0.18304679418570063,0.13560759569594755,0.11855112924726388,0.25696310226835817,0.18945808453261118,0.22740318600632886,0.04380794874147323,0.03689122195513394
1851.5625,4280.0,4289.231,4168.205,4225.641,4255.385,0.2371949156154764,0.024325271019832014,0.024530080939537163,0.18672083897798872,0.10618757480226582,0.23996894322381568,0.18304679418570063,0.13560759569594755,0.11855112924726388,0.25696310226835817,0.18945808453261118,0.22740318600632886,0.04380794874147323,0.03689122195513394
1859.375,4291.282,4289.744,4178.974,4226.667,4253.333,0.2371949156154764,0.024325271019832014,0.024530080939537163,0.18672083897798872,0.10618757480226582,0.23996894322381568,0.18304679418570063,0.13560759569594755,0.11855112924726388,0.25696310226835817,0.18945808453261118,0.22740318600632886,0.04380794874147323,0.03689122195513394
1867.1875,4283.59,4282.564,4167.692,4213.333,4249.231,0.2371949156154764,0.024325271019832014,0.024530080939537163,0.18672083897798872,0.10618757480226582,0.23996894322381568,0.18304679418570063,0.13560759569594755,0.11855112924726388,0.25696310226835817,0.18945808453261118,0.22740318600632886,0.04380794874147323,0.03689122195513394
1875.0,4271.795,4281.026,4159.487,4196.41,4243.59,0.2371949156154764,0.024325271019832014,0.024530080939537163,0.18672083897798872,0.10618757480226582,0.23996894322381568,0.18304679418570063,0.13560759569594755,0.11855112924726388,0.25696310226835817,0.18945808453261118,0.22740318600632886,0.04380794874147323,0.03689122195513394
1882.8125,4266.667,4277.949,4155.897,4186.667,4230.769,0.2371949156154764,0.024325271019832014,0.024530080939537163,0.18672083897798872,0.10618757480226582,0.23996894322381568,0.18304679418570063,0.13560759569594755,0.11855112924726388,0.25696310226835817,0.18945808453261118,0.22740318600632886,0.04380794874147323,0.03689122195513394
1890.625,4262.051,4256.41,4138.462,4172.821,4212.308,0.2371949156154764,0.024325271019832014,0.024530080939537163,0.18672083897798872,0.10618757480226582,0.23996894322381568,0.18304679418570063,0.13560759569594755,0.11855112924726388,0.25696310226835817,0.18945808453261118,0.22740318600632886,0.04380794874147323,0.03689122195513394
1898.4375,4248.718,4237.436,4116.41,4157.436,4206.667,0.2371949156154764,0.024325271019832014,0.024530080939537163,0.18672083897798872,0.10618757480226582,0.23996894322381568,0.18304679418570063,0.13560759569594755,0.11855112924726388,0.25696310226835817,0.18945808453261118,0.22740318600632886,0.04380794874147323,0.03689122195513394
1906.25,4243.59,4232.308,4111.795,4158.462,4208.718,0.2371949156154764,0.024325271019832014,0.024530080939537163,0.18672083897798872,0.10618757480226582,0.23996894322381568,0.18304679418570063,0.13560759569594755,0.11855112924726388,0.25696310226835817,0.18945808453261118,0.22740318600632886,0.04380794874147323,0.03689122195513394
1914.0625,4250.256,4238.462,4113.333,4180.513,4218.974,0.2371949156154764,0.024325271019832014,0.024530080939537163,0.18672083897798872,0.10618757480226582,0.23996894322381568,0.18304679418570063,0.13560759569594755,0.11855112924726388,0.25696310226835817,0.18945808453261118,0.22740318600632886,0.04380794874147323,0.03689122195513394
1921.875,4255.897,4248.205,4119.487,4192.821,4228.205,0.2371949156154764,0.024325271019832014,0.024530080939537163,0.18672083897798872,0.10618757480226582,0.23996894322381568,0.18304679418570063,0.13560759569594755,0.11855112924726388,0.25696310226835817,0.18945808453261118,0.22740318600632886,0.04380794874147323,0.03689122195513394
1929.6875,4262.564,4252.821,4125.641,4191.795,4232.821,0.2371949156154764,0.024325271019832014,0.024530080939537163,0.18672083897798872,0.10618757480226582,0.23996894322381568,0.18304679418570063,0.13560759569594755,0.11855112924726388,0.25696310226835817,0.18945808453261118,0.22740318600632886,0.04380794874147323,0.03689122195513394
1937.5,4262.564,4253.846,4127.692,4192.308,4234.872,0.2371949156154764,0.024325271019832014,0.024530080939537163,0.18672083897798872,0.10618757480226582,0.23996894322381568,0.18304679418570063,0.13560759569594755,0.11855112924726388,0.25696310226835817,0.18945808453261118,0.22740318600632886,0.04380794874147323,0.03689122195513394
1945.3125,4256.41,4251.795,4130.256,4186.667,4234.359,0.2371949156154764,0.024325271019832014,0.024530080939537163,0.18672083897798872,0.10618757480226582,0.23996894322381568,0.18304679418570063,0.13560759569594755,0.11855112924726388,0.25696310226835817,0.18945808453261118,0.22740318600632886,0.04380794874147323,0.03689122195513394
1953.125,4249.744,4250.256,4131.282,4176.923,4230.256,0.2371949156154764,0.024325271019832014,0.024530080939537163,0.18672083897798872,0.10618757480226582,0.23996894322381568,0.18304679418570063,0.13560759569594755,0.11855112924726388,0.25696310226835817,0.18945808453261118,0.22740318600632886,0.04380794874147323,0.03689122195513394
1960.9375,4257.436,4258.462,4141.538,4186.154,4232.821,0.2371949156154764,0.024325271019832014,0.024530080939537163,0.18672083897798872,0.10618757480226582,0.23996894322381568,0.18304679418570063,0.13560759569594755,0.11855112924726388,0.25696310226835817,0.18945808453261118,0.22740318600632886,0.04380794874147323,0.03689122195513394
1968.75,4270.769,4278.462,4158.974,4203.59,4247.692,0.2371949156154764,0.024325271019832014,0.024530080939537163,0.18672083897798872,0.10618757480226582,0.23996894322381568,0.18304679418570063,0.13560759569594755,0.11855112924726388,0.25696310226835817,0.18945808453261118,0.22740318600632886,0.04380794874147323,0.03689122195513394
1976.5625,4269.744,4277.949,4162.051,4198.974,4245.128,0.2371949156154764,0.024325271019832014,0.024530080939537163,0.18672083897798872,0.10618757480226582,0.23996894322381568,0.18304679418570063,0.13560759569594755,0.11855112924726388,0.25696310226835817,0.18945808453261118,0.22740318600632886,0.04380794874147323,0.03689122195513394
1984.375,4256.923,4265.128,4149.231,4183.077,4227.179,0.2371949156154764,0.024325271019832014,0.024530080939537163,0.18672083897798872,0.10618757480226582,0.23996894322381568,0.18304679418570063,0.13560759569594755,0.11855112924726388,0.25696310226835817,0.18945808453261118,0.22740318600632886,0.04380794874147323,0.03689122195513394
1992.1875,4252.308,4262.051,4148.205,4179.487,4210.256,0.2371949156154764,0.024325271019832014,0.024530080939537163,0.18672083897798872,0.10618757480226582,0.23996894322381568,0.18304679418570063,0.13560759569594755,0.11855112924726388,0.25696310226835817,0.18945808453261118,0.22740318600632886,0.04380794874147323,0.03689122195513394
2000.0,4266.667,4276.923,4158.462,4200.0,4224.615,0.2371949156154764,0.024325271019832014,0.024530080939537163,0.18672083897798872,0.10618757480226582,0.23996894322381568,0.18304679418570063,0.13560759569594755,0.11855112924726388,0.25696310226835817,0.18945808453261118,0.22740318600632886,0.04380794874147323,0.03689122195513394
2007.8125,4271.282,4289.744,4175.385,4215.897,4246.667,0.2371949156154764,0.024325271019832014,0.024530080939537163,0.18672083897798872,0.10618757480226582,0.23996894322381568,0.18304679418570063,0.13560759569594755,0.11855112924726388,0.25696310226835817,0.18945808453261118,0.22740318600632886,0.04380794874147323,0.03689122195513394
2015.625,4274.872,4273.846,4185.641,4215.897,4243.077,0.2371949156154764,0.024325271019832014,0.024530080939537163,0.18672083897798872,0.10618757480226582,0.23996894322381568,0.18304679418570063,0.13560759569594755,0.11855112924726388,0.25696310226835817,0.18945808453261118,0.22740318600632886,0.04380794874147323,0.03689122195513394
2023.4375,4282.051,4270.769,4177.949,4216.923,4246.154,0.2371949156154764,0.024325271019832014,0.024530080939537163,0.18672083897798872,0.10618757480226582,0.23996894322381568,0.18304679418570063,0.13560759569594755,0.11855112924726388,0.25696310226835817,0.18945808453261118,0.22740318600632886,0.04380794874147323,0.03689122195513394
2031.25,4292.821,4288.718,4189.231,4225.128,4254.872,0.2371949156154764,0.024325271019832014,0.024530080939537163,0.18672083897798872,0.10618757480226582,0.23996894322381568,0.18304679418570063,0.13560759569594755,0.11855112924726388,0.25696310226835817,0.18945808453261118,0.22740318600632886,0.04380794874147323,0.03689122195513394
2039.0625,4311.282,4296.923,4198.974,4238.974,4261.538,0.2371949156154764,0.024325271019832014,0.024530080939537163,0.18672083897798872,0.10618757480226582,0.23996894322381568,0.18304679418570063,0.13560759569594755,0.11855112924726388,0.25696310226835817,0.18945808453261118,0.22740318600632886,0.04380794874147323,0.03689122195513394
2046.875,4306.154,4294.359,4181.026,4233.846,4266.154,0.2371949156154764,0.024325271019832014,0.024530080939537163,0.18672083897798872,0.10618757480226582,0.23996894322381568,0.18304679418570063,0.13560759569594755,0.11855112924726388,0.25696310226835817,0.18945808453261118,0.22740318600632886,0.04380794874147323,0.03689122195513394
2054.6875,4289.744,4287.692,4168.718,4216.41,4258.974,0.2371949156154764,0.024325271019832014,0.024530080939537163,0.18672083897798872,0.10618757480226582,0.23996894322381568,0.18304679418570063,0.13560759569594755,0.11855112924726388,0.25696310226835817,0.18945808453261118,0.22740318600632886,0.04380794874147323,0.03689122195513394
2062.5,4295.385,4284.103,4170.769,4220.0,4252.821,0.2371949156154764,0.024325271019832014,0.024530080939537163,0.18672083897798872,0.10618757480226582,0.23996894322381568,0.18304679418570063,0.13560759569594755,0.11855112924726388,0.25696310226835817,0.18945808453261118,0.22740318600632886,0.04380794874147323,0.03689122195513394
2070.3125,4305.641,4300.0,4174.872,4234.359,4257.949,0.2371949156154764,0.024325271019832014,0.024530080939537163,0.18672083897798872,0.10618757480226582,0.23996894322381568,0.18304679418570063,0.13560759569594755,0.11855112924726388,0.25696310226835817,0.18945808453261118,0.22740318600632886,0.04380794874147323,0.03689122195513394
2078.125,4292.308,4306.154,4178.974,4225.128,4252.308,0.2371949156154764,0.024325271019832014,0.024530080939537163,0.18672083897798872,0.10618757480226582,0.23996894322381568,0.18304679418570063,0.13560759569594755,0.11855112924726388,0.25696310226835817,0.18945808453261118,0.22740318600632886,0.04380794874147323,0.03689122195513394
2085.9375,4277.949,4275.897,4173.333,4203.59,4231.282,0.2371949156154764,0.024325271019832014,0.024530080939537163,0.18672083897798872,0.10618757480226582,0.23996894322381568,0.18304679418570063,0.13560759569594755,0.11855112924726388,0.25696310226835817,0.18945808453261118,0.22740318600632886,0.04380794874147323,0.03689122195513394
2093.75,4286.667,4269.231,4174.872,4205.641,4232.308,0.2371949156154764,0.024325271019832014,0.024530080939537163,0.18672083897798872,0.10618757480226582,0.23996894322381568,0.18304679418570063,0.13560759569594755,0.11855112924726388,0.25696310226835817,0.18945808453261118,0.22740318600632886,0.04380794874147323,0.03689122195513394
2101.5625,4295.897,4298.974,4180.0,4220.0,4246.667,0.2371949156154764,0.024325271019832014,0.024530080939537163,0.18672083897798872,0.10618757480226582,0.23996894322381568,0.18304679418570063,0.13560759569594755,0.11855112924726388,0.25696310226835817,0.18945808453261118,0.22740318600632886,0.04380794874147323,0.03689122195513394
2109.375,4287.179,4303.077,4166.667,4214.359,4243.077,0.2371949156154764,0.024325271019832014,0.024530080939537163,0.18672083897798872,0.10618757480226582,0.23996894322381568,0.18304679418570063,0.13560759569594755,0.11855112924726388,0.25696310226835817,0.18945808453261118,0.22740318600632886,0.04380794874147323,0.03689122195513394
2117.1875,4283.077,4276.41,4171.795,4212.308,4232.308,0.2371949156154764,0.024325271019832014,0.024530080939537163,0.18672083897798872,0.10618757480226582,0.23996894322381568,0.18304679418570063,0.13560759569594755,0.11855112924726388,0.25696310226835817,0.18945808453261118,0.22740318600632886,0.04380794874147323,0.03689122195513394
2125.0,4305.641,4280.0,4195.897,4247.692,4253.846,0.2371949156154764,0.024325271019832014,0.024530080939537163,0.18672083897798872,0.10618757480226582,0.23996894322381568,0.18304679418570063,0.13560759569594755,0.11855112924726388,0.25696310226835817,0.18945808453261118,0.22740318600632886,0.04380794874147323,0.03689122195513394
2132.8125,4311.795,4307.179,4195.897,4261.538,4278.462,0.2371949156154764,0.024325271019832014,0.024530080939537163,0.18672083897798872,0.10618757480226582,0.23996894322381568,0.18304679418570063,0.13560759569594755,0.11855112924726388,0.25696310226835817,0.18945808453261118,0.22740318600632886,0.04380794874147323,0.03689122195513394
2140.625,4295.897,4297.949,4197.436,4232.821,4261.538,0.2371949156154764,0.024325271019832014,0.024530080939537163,0.18672083897798872,0.10618757480226582,0.23996894322381568,0.18304679418570063,0.13560759569594755,0.11855112924726388,0.25696310226835817,0.18945808453261118,0.22740318600632886,0.04380794874147323,0.03689122195513394
2148.4375,4306.154,4289.744,4201.538,4238.974,4258.974,0.2371949156154764,0.024325271019832014,0.024530080939537163,0.18672083897798872,0.10618757480226582,0.23996894322381568,0.18304679418570063,0.13560759569594755,0.11855112924726388,0.25696310226835817,0.18945808453261118,0.22740318600632886,0.04380794874147323,0.03689122195513394
2156.25,4310.256,4314.359,4191.795,4252.308,4276.923,0.2371949156154764,0.024325271019832014,0.024530080939537163,0.18672083897798872,0.10618757480226582,0.23996894322381568,0.18304679418570063,0.13560759569594755,0.11855112924726388,0.25696310226835817,0.18945808453261118,0.22740318600632886,0.04380794874147323,0.03689122195513394
2164.0625,4296.41,4307.179,4190.769,4223.59,4255.897,0.2371949156154764,0.024325271019832014,0.024530080939537163,0.18672083897798872,0.10618757480226582,0.23996894322381568,0.18304679418570063,0.13560759569594755,0.11855112924726388,0.25696310226835817,0.18945808453261118,0.22740318600632886,0.04380794874147323,0.03689122195513394
2171.875,4289.744,4291.282,4178.462,4207.179,4243.59,0.2371949156154764,0.024325271019832014,0.024530080939537163,0.18672083897798872,0.10618757480226582,0.23996894322381568,0.18304679418570063,0.13560759569594755,0.11855112924726388,0.25696310226835817,0.18945808453261118,0.22740318600632886,0.04380794874147323,0.03689122195513394
2179.6875,4288.718,4305.128,4170.256,4214.872,4250.256,0.2371949156154764,0.024325271019832014,0.024530080939537163,0.18672083897798872,0.10618757480226582,0.23996894322381568,0.18304679418570063,0.13560759569594755,0.11855112924726388,0.25696310226835817,0.18945808453261118,0.22740318600632886,0.04380794874147323,0.03689122195513394
2187.5,4287.692,4287.179,4172.821,4209.744,4236.41,0.2371949156154764,0.024325271019832014,0.024530080939537163,0.18672083897798872,0.10618757480226582,0.23996894322381568,0.18304679418570063,0.13560759569594755,0.11855112924726388,0.25696310226835817,0.18945808453261118,0.22740318600632886,0.04380794874147323,0.03689122195513394
2195.3125,4273.333,4256.923,4151.795,4191.282,4222.051,0.2371949156154764,0.024325271019832014,0.024530080939537163,0.18672083897798872,0.10618757480226582,0.23996894322381568,0.18304679418570063,0.13560759569594755,0.11855112924726388,0.25696310226835817,0.18945808453261118,0.22740318600632886,0.04380794874147323,0.03689122195513394
2203.125,4258.974,4268.205,4138.974,4185.641,4224.103,0.2371949156154764,0.024325271019832014,0.024530080939537163,0.18672083897798872,0.10618757480226582,0.23996894322381568,0.18304679418570063,0.13560759569594755,0.11855112924726388,0.25696310226835817,0.18945808453261118,0.22740318600632886,0.04380794874147323,0.03689122195513394
2210.9375,4254.872,4277.436,4147.179,4189.744,4222.564,0.2371949156154764,0.024325271019832014,0.024530080939537163,0.18672083897798872,0.10618757480226582,0.23996894322381568,0.18304679418570063,0.13560759569594755,0.11855112924726388,0.25696310226835817,0.18945808453261118,0.22740318600632886,0.04380794874147323,0.03689122195513394
2218.75,4254.359,4253.333,4138.462,4178.974,4209.744,0.2371949156154764,0.024325271019832014,0.024530080939537163,0.18672083897798872,0.10618757480226582,0.23996894322381568,0.18304679418570063,0.13560759569594755,0.11855112924726388,0.25696310226835817,0.18945808453261118,0.22740318600632886,0.04380794874147323,0.03689122195513394
2226.5625,4263.077,4255.897,4131.282,4176.41,4214.872,0.2371949156154764,0.024325271019832014,0.024530080939537163,0.18672083897798872,0.10618757480226582,0.23996894322381568,0.18304679418570063,0.13560759569594755,0.11855112924726388,0.25696310226835817,0.18945808453261118,0.22740318600632886,0.04380794874147323,0.03689122195513394
2234.375,4274.359,4283.077,4149.744,4187.692,4233.846,0.2371949156154764,0.024325271019832014,0.024530080939537163,0.18672083897798872,0.10618757480226582,0.23996894322381568,0.18304679418570063,0.13560759569594755,0.11855112924726388,0.25696310226835817,0.18945808453261118,0.22740318600632886,0.04380794874147323,0.03689122195513394
2242.1875,4276.923,4279.487,4154.359,4188.718,4237.436,0.2371949156154764,0.024325271019832014,0.024530080939537163,0.18672083897798872,0.10618757480226582,0.23996894322381568,0.18304679418570063,0.13560759569594755,0.11855112924726388,0.25696310226835817,0.18945808453261118,0.22740318600632886,0.04380794874147323,0.03689122195513394
2250.0,4275.897,4266.154,4142.564,4178.974,4232.308,0.2371949156154764,0.024325271019832014,0.024530080939537163,0.18672083897798872,0.10618757480226582,0.23996894322381568,0.18304679418570063,0.13560759569594755,0.11855112924726388,0.25696310226835817,0.18945808453261118,0.22740318600632886,0.04380794874147323,0.03689122195513394
2257.8125,4276.923,4268.718,4140.513,4173.333,4229.744,0.2371949156154764,0.024325271019832014,0.024530080939537163,0.18672083897798872,0.10618757480226582,0.23996894322381568,0.18304679418570063,0.13560759569594755,0.11855112924726388,0.25696310226835817,0.18945808453261118,0.22740318600632886,0.04380794874147323,0.03689122195513394
2265.625,4267.692,4269.231,4141.538,4174.872,4228.718,0.2371949156154764,0.024325271019832014,0.024530080939537163,0.18672083897798872,0.10618757480226582,0.23996894322381568,0.18304679418570063,0.13560759569594755,0.11855112924726388,0.25696310226835817,0.18945808453261118,0.22740318600632886,0.04380794874147323,0.03689122195513394
2273.4375,4261.538,4262.564,4151.282,4177.436,4225.128,0.2371949156154764,0.024325271019832014,0.024530080939537163,0.18672083897798872,0.10618757480226582,0.23996894322381568,0.18304679418570063,0.13560759569594755,0.11855112924726388,0.25696310226835817,0.18945808453261118,0.22740318600632886,0.04380794874147323,0.03689122195513394
2281.25,4281.538,4269.231,4168.718,4196.923,4240.513,0.2371949156154764,0.024325271019832014,0.024530080939537163,0.18672083897798872,0.10618757480226582,0.23996894322381568,0.18304679418570063,0.13560759569594755,0.11855112924726388,0.25696310226835817,0.18945808453261118,0.22740318600632886,0.04380794874147323,0.03689122195513394
2289.0625,4296.923,4293.333,4173.333,4213.846,4258.462,0.2371949156154764,0.024325271019832014,0.024530080939537163,0.18672083897798872,0.10618757480226582,0.23996894322381568,0.18304679418570063,0.13560759569594755,0.11855112924726388,0.25696310226835817,0.18945808453261118,0.22740318600632886,0.04380794874147323,0.03689122195513394
2296.875,4288.718,4303.077,4174.359,4203.077,4255.385,0.2371949156154764,0.024325271019832014,0.024530080939537163,0.18672083897798872,0.10618757480226582,0.23996894322381568,0.18304679418570063,0.13560759569594755,0.11855112924726388,0.25696310226835817,0.18945808453261118,0.22740318600632886,0.04380794874147323,0.03689122195513394
2304.6875,4289.231,4289.231,4183.077,4196.923,4258.974,0.2371949156154764,0.024325271019832014,0.024530080939537163,0.18672083897798872,0.10618757480226582,0.23996894322381568,0.18304679418570063,0.13560759569594755,0.11855112924726388,0.25696310226835817,0.18945808453261118,0.22740318600632886,0.04380794874147323,0.03689122195513394
2312.5,4297.949,4279.487,4177.436,4207.179,4267.179,0.2371949156154764,0.024325271019832014,0.024530080939537163,0.18672083897798872,0.10618757480226582,0.23996894322381568,0.18304679418570063,0.13560759569594755,0.11855112924726388,0.25696310226835817,0.18945808453261118,0.22740318600632886,0.04380794874147323,0.03689122195513394
2320.3125,4284.615,4276.41,4155.385,4199.487,4254.359,0.2371949156154764,0.024325271019832014,0.024530080939537163,0.18672083897798872,0.10618757480226582,0.23996894322381568,0.18304679418570063,0.13560759569594755,0.11855112924726388,0.25696310226835817,0.18945808453261118,0.22740318600632886,0.04380794874147323,0.03689122195513394
2328.125,4271.282,4267.179,4154.359,4186.154,4241.538,0.2371949156154764,0.024325271019832014,0.024530080939537163,0.18672083897798872,0.10618757480226582,0.23996894322381568,0.18304679418570063,0.13560759569594755,0.11855112924726388,0.25696310226835817,0.18945808453261118,0.22740318600632886,0.04380794874147323,0.03689122195513394
2335.9375,4275.897,4263.59,4158.974,4193.333,4250.256,0.2371949156154764,0.024325271019832014,0.024530080939537163,0.18672083897798872,0.10618757480226582,0.23996894322381568,0.18304679418570063,0.13560759569594755,0.11855112924726388,0.25696310226835817,0.18945808453261118,0.22740318600632886,0.04380794874147323,0.03689122195513394
2343.75,4263.077,4261.026,4135.897,4182.051,4238.974,0.2371949156154764,0.024325271019832014,0.024530080939537163,0.18672083897798872,0.10618757480226582,0.23996894322381568,0.18304679418570063,0.13560759569594755,0.11855112924726388,0.25696310226835817,0.18945808453261118,0.22740318600632886,0.04380794874147323,0.03689122195513394
2351.5625,4244.615,4232.308,4116.923,4155.385,4204.103,0.2371949156154764,0.024325271019832014,0.024530080939537163,0.18672083897798872,0.10618757480226582,0.23996894322381568,0.18304679418570063,0.13560759569594755,0.11855112924726388,0.25696310226835817,0.18945808453261118,0.22740318600632886,0.04380794874147323,0.03689122195513394
2359.375,4242.564,4221.538,4110.769,4155.385,4204.103,0.2371949156154764,0.024325271019832014,0.024530080939537163,0.18672083897798872,0.10618757480226582,0.23996894322381568,0.18304679418570063,0.13560759569594755,0.11855112924726388,0.25696310226835817,0.18945808453261118,0.22740318600632886,0.04380794874147323,0.03689122195513394
2367.1875,4253.846,4252.308,4137.436,4166.154,4224.615,0.2371949156154764,0.024325271019832014,0.024530080939537163,0.18672083897798872,0.10618757480226582,0.23996894322381568,0.18304679418570063,0.13560759569594755,0.11855112924726388,0.25696310226835817,0.18945808453261118,0.22740318600632886,0.04380794874147323,0.03689122195513394
2375.0,4283.59,4266.154,4177.436,4185.641,4234.872,0.2371949156154764,0.024325271019832014,0.024530080939537163,0.18672083897798872,0.10618757480226582,0.23996894322381568,0.18304679418570063,0.13560759569594755,0.11855112924726388,0.25696310226835817,0.18945808453261118,0.22740318600632886,0.04380794874147323,0.03689122195513394
2382.8125,4290.769,4269.231,4170.769,4203.59,4245.641,0.2371949156154764,0.024325271019832014,0.024530080939537163,0.18672083897798872,0.10618757480226582,0.23996894322381568,0.18304679418570063,0.13560759569594755,0.11855112924726388,0.25696310226835817,0.18945808453261118,0.22740318600632886,0.04380794874147323,0.03689122195513394
2390.625,4270.769,4281.026,4163.077,4191.282,4244.103,0.2371949156154764,0.024325271019832014,0.024530080939537163,0.18672083897798872,0.10618757480226582,0.23996894322381568,0.18304679418570063,0.13560759569594755,0.11855112924726388,0.25696310226835817,0.18945808453261118,0.22740318600632886,0.04380794874147323,0.03689122195513394
2398.4375,4278.974,4273.333,4177.949,4187.692,4244.103,0.2371949156154764,0.024325271019832014,0.024530080939537163,0.18672083897798872,0.10618757480226582,0.23996894322381568,0.18304679418570063,0.13560759569594755,0.11855112924726388,0.25696310226835817,0.18945808453261118,0.22740318600632886,0.04380794874147323,0.03689122195513394
2406.25,4298.462,4267.179,4178.462,4212.308,4270.256,0.2371949156154764,0.024325271019832014,0.024530080939537163,0.18672083897798872,0.10618757480226582,0.23996894322381568,0.18304679418570063,0.13560759569594755,0.11855112924726388,0.25696310226835817,0.18945808453261118,0.22740318600632886,0.04380794874147323,0.03689122195513394
2414.0625,4293.846,4278.974,4184.615,4219.487,4278.462,0.2371949156154764,0.024325271019832014,0.024530080939537163,0.18672083897798872,0.10618757480226582,0.23996894322381568,0.18304679418570063,0.13560759569594755,0.11855112924726388,0.25696310226835817,0.18945808453261118,0.22740318600632886,0.04380794874147323,0.03689122195513394
2421.875,4290.256,4274.359,4196.41,4206.667,4256.41,0.2371949156154764,0.024325271019832014,0.024530080939537163,0.18672083897798872,0.10618757480226582,0.23996894322381568,0.18304679418570063,0.13560759569594755,0.11855112924726388,0.25696310226835817,0.18945808453261118,0.22740318600632886,0.04380794874147323,0.03689122195513394
2429.6875,4302.051,4277.949,4181.538,4215.897,4269.744,0.2371949156154764,0.024325271019832014,0.024530080939537163,0.18672083897798872,0.10618757480226582,0.23996894322381568,0.18304679418570063,0.13560759569594755,0.11855112924726388,0.25696310226835817,0.18945808453261118,0.22740318600632886,0.04380794874147323,0.03689122195513394
2437.5,4306.154,4313.333,4188.718,4222.564,4295.385,0.2371949156154764,0.024325271019832014,0.024530080939537163,0.18672083897798872,0.10618757480226582,0.23996894322381568,0.18304679418570063,0.13560759569594755,0.11855112924726388,0.25696310226835817,0.18945808453261118,0.22740318600632886,0.04380794874147323,0.03689122195513394
2445.3125,4311.795,4310.769,4213.846,4218.462,4282.051,0.2371949156154764,0.024325271019832014,0.024530080939537163,0.18672083897798872,0.10618757480226582,0.23996894322381568,0.18304679418570063,0.13560759569594755,0.11855112924726388,0.25696310226835817,0.18945808453261118,0.22740318600632886,0.04380794874147323,0.03689122195513394
2453.125,4303.077,4293.846,4181.026,4222.564,4273.846,0.2371949156154764,0.024325271019832014,0.024530080939537163,0.18672083897798872,0.10618757480226582,0.23996894322381568,0.18304679418570063,0.13560759569594755,0.11855112924726388,0.25696310226835817,0.18945808453261118,0.22740318600632886,0.04380794874147323,0.03689122195513394
2460.9375,4292.821,4299.487,4168.718,4215.385,4276.41,0.2371949156154764,0.024325271019832014,0.024530080939537163,0.18672083897798872,0.10618757480226582,0.23996894322381568,0.18304679418570063,0.13560759569594755,0.11855112924726388,0.25696310226835817,0.18945808453261118,0.22740318600632886,0.04380794874147323,0.03689122195513394
2468.75,4319.487,4287.692,4191.795,4217.436,4278.974,0.2371949156154764,0.024325271019832014,0.024530080939537163,0.18672083897798872,0.10618757480226582,0.23996894322381568,0.18304679418570063,0.13560759569594755,0.11855112924726388,0.25696310226835817,0.18945808453261118,0.22740318600632886,0.04380794874147323,0.03689122195513394
2476.5625,4318.974,4277.949,4169.231,4224.103,4287.179,0.2371949156154764,0.024325271019832014,0.024530080939537163,0.18672083897798872,0.10618757480226582,0.23996894322381568,0.18304679418570063,0.13560759569594755,0.11855112924726388,0.25696310226835817,0.18945808453261118,0.22740318600632886,0.04380794874147323,0.03689122195513394
2484.375,4279.487,4275.385,4147.692,4200.0,4266.667,0.2371949156154764,0.024325271019832014,0.024530080939537163,0.18672083897798872,0.10618757480226582,0.23996894322381568,0.18304679418570063,0.13560759569594755,0.11855112924726388,0.25696310226835817,0.18945808453261118,0.22740318600632886,0.04380794874147323,0.03689122195513394
2492.1875,4276.41,4271.795,4156.923,4187.179,4247.692,0.2371949156154764,0.024325271019832014,0.024530080939537163,0.18672083897798872,0.10618757480226582,0.23996894322381568,0.18304679418570063,0.13560759569594755,0.11855112924726388,0.25696310226835817,0.18945808453261118,0.22740318600632886,0.04380794874147323,0.03689122195513394
2500.0,4289.231,4278.462,4163.59,4196.41,4261.538,0.2371949156154764,0.024325271019832014,0.024530080939537163,0.18672083897798872,0.10618757480226582,0.23996894322381568,0.18304679418570063,0.13560759569594755,0.11855112924726388,0.25696310226835817,0.18945808453261118,0.22740318600632886,0.04380794874147323,0.03689122195513394
2507.8125,4289.744,4271.282,4167.692,4197.436,4266.667,0.2371949156154764,0.024325271019832014,0.024530080939537163,0.18672083897798872,0.10618757480226582,0.23996894322381568,0.18304679418570063,0.13560759569594755,0.11855112924726388,0.25696310226835817,0.18945808453261118,0.22740318600632886,0.04380794874147323,0.03689122195513394
2515.625,4298.974,4265.128,4165.641,4212.308,4279.487,0.2371949156154764,0.024325271019832014,0.024530080939537163,0.18672083897798872,0.10618757480226582,0.23996894322381568,0.18304679418570063,0.13560759569594755,0.11855112924726388,0.25696310226835817,0.18945808453261118,0.22740318600632886,0.04380794874147323,0.03689122195513394
2523.4375,4310.256,4283.59,4177.436,4228.718,4304.615,0.2371949156154764,0.024325271019832014,0.024530080939537163,0.18672083897798872,0.10618757480226582,0.23996894322381568,0.18304679418570063,0.13560759569594755,0.11855112924726388,0.25696310226835817,0.18945808453261118,0.22740318600632886,0.04380794874147323,0.03689122195513394
2531.25,4321.026,4283.59,4204.103,4218.462,4297.949,0.2371949156154764,0.024325271019832014,0.024530080939537163,0.18672083897798872,0.10618757480226582,0.23996894322381568,0.18304679418570063,0.13560759569594755,0.11855112924726388,0.25696310226835817,0.18945808453261118,0.22740318600632886,0.04380794874147323,0.03689122195513394
2539.0625,4314.872,4263.59,4185.641,4201.538,4278.462,0.2371949156154764,0.024325271019832014,0.024530080939537163,0.18672083897798872,0.10618757480226582,0.23996894322381568,0.18304679418570063,0.13560759569594755,0.11855112924726388,0.25696310226835817,0.18945808453261118,0.22740318600632886,0.04380794874147323,0.03689122195513394
2546.875,4287.692,4262.564,4168.718,4188.718,4260.513,0.2371949156154764,0.024325271019832014,0.024530080939537163,0.18672083897798872,0.10618757480226582,0.23996894322381568,0.18304679418570063,0.13560759569594755,0.11855112924726388,0.25696310226835817,0.18945808453261118,0.22740318600632886,0.04380794874147323,0.03689122195513394
2554.6875,4292.308,4270.769,4193.333,4198.462,4253.333,0.2371949156154764,0.024325271019832014,0.024530080939537163,0.18672083897798872,0.10618757480226582,0.23996894322381568,0.18304679418570063,0.13560759569594755,0.11855112924726388,0.25696310226835817,0.18945808453261118,0.22740318600632886,0.04380794874147323,0.03689122195513394
2562.5,4306.667,4284.615,4193.333,4213.846,4277.436,0.2371949156154764,0.024325271019832014,0.024530080939537163,0.18672083897798872,0.10618757480226582,0.23996894322381568,0.18304679418570063,0.13560759569594755,0.11855112924726388,0.25696310226835817,0.18945808453261118,0.22740318600632886,0.04380794874147323,0.03689122195513394
2570.3125,4295.897,4286.154,4192.308,4197.949,4280.513,0.2371949156154764,0.024325271019832014,0.024530080939537163,0.18672083897798872,0.10618757480226582,0.23996894322381568,0.18304679418570063,0.13560759569594755,0.11855112924726388,0.25696310226835817,0.18945808453261118,0.22740318600632886,0.04380794874147323,0.03689122195513394
2578.125,4317.436,4275.897,4218.462,4205.641,4272.308,0.2371949156154764,0.024325271019832014,0.024530080939537163,0.18672083897798872,0.10618757480226582,0.23996894322381568,0.18304679418570063,0.13560759569594755,0.11855112924726388,0.25696310226835817,0.18945808453261118,0.22740318600632886,0.04380794874147323,0.03689122195513394
2585.9375,4339.487,4307.179,4215.385,4242.051,4303.077,0.2371949156154764,0.024325271019832014,0.024530080939537163,0.18672083897798872,0.10618757480226582,0.23996894322381568,0.18304679418570063,0.13560759569594755,0.11855112924726388,0.25696310226835817,0.18945808453261118,0.22740318600632886,0.04380794874147323,0.03689122195513394
2593.75,4315.385,4330.769,4217.436,4226.154,4307.179,0.2371949156154764,0.024325271019832014,0.024530080939537163,0.18672083897798872,0.10618757480226582,0.23996894322381568,0.18304679418570063,0.13560759569594755,0.11855112924726388,0.25696310226835817,0.18945808453261118,0.22740318600632886,0.04380794874147323,0.03689122195513394
2601.5625,4308.718,4293.846,4232.308,4201.026,4268.718,0.2371949156154764,0.024325271019832014,0.024530080939537163,0.18672083897798872,0.10618757480226582,0.23996894322381568,0.18304679418570063,0.13560759569594755,0.11855112924726388,0.25696310226835817,0.18945808453261118,0.22740318600632886,0.04380794874147323,0.03689122195513394
2609.375,4297.949,4273.333,4194.359,4206.154,4257.949,0.2371949156154764,0.024325271019832014,0.024530080939537163,0.18672083897798872,0.10618757480226582,0.23996894322381568,0.18304679418570063,0.13560759569594755,0.11855112924726388,0.25696310226835817,0.18945808453261118,0.22740318600632886,0.04380794874147323,0.03689122195513394
2617.1875,4264.103,4280.513,4175.385,4192.308,4254.872,0.2371949156154764,0.024325271019832014,0.024530080939537163,0.18672083897798872,0.10618757480226582,0.23996894322381568,0.18304679418570063,0.13560759569594755,0.11855112924726388,0.25696310226835817,0.18945808453261118,0.22740318600632886,0.04380794874147323,0.03689122195513394
2625.0,4277.436,4270.769,4205.641,4191.282,4248.205,0.2371949156154764,0.024325271019832014,0.024530080939537163,0.18672083897798872,0.10618757480226582,0.23996894322381568,0.18304679418570063,0.13560759569594755,0.11855112924726388,0.25696310226835817,0.18945808453261118,0.22740318600632886,0.04380794874147323,0.03689122195513394
2632.8125,4303.59,4284.615,4206.667,4216.41,4267.179,0.2371949156154764,0.024325271019832014,0.024530080939537163,0.18672083897798872,0.10618757480226582,0.23996894322381568,0.18304679418570063,0.13560759569594755,0.11855112924726388,0.25696310226835817,0.18945808453261118,0.22740318600632886,0.04380794874147323,0.03689122195513394
2640.625,4296.41,4311.282,4209.231,4215.385,4269.744,0.2371949156154764,0.024325271019832014,0.024530080939537163,0.18672083897798872,0.10618757480226582,0.23996894322381568,0.18304679418570063,0.13560759569594755,0.11855112924726388,0.25696310226835817,0.18945808453261118,0.22740318600632886,0.04380794874147323,0.03689122195513394
2648.4375,4307.179,4294.359,4226.667,4213.333,4255.385,0.2371949156154764,0.024325271019832014,0.024530080939537163,0.18672083897798872,0.10618757480226582,0.23996894322381568,0.18304679418570063,0.13560759569594755,0.11855112924726388,0.25696310226835817,0.18945808453261118,0.22740318600632886,0.04380794874147323,0.03689122195513394
2656.25,4323.077,4288.718,4207.692,4234.359,4274.359,0.2371949156154764,0.024325271019832014,0.024530080939537163,0.18672083897798872,0.10618757480226582,0.23996894322381568,0.18304679418570063,0.13560759569594755,0.11855112924726388,0.25696310226835817,0.18945808453261118,0.22740318600632886,0.04380794874147323,0.03689122195513394
2664.0625,4307.692,4309.744,4194.359,4226.154,4280.0,0.2371949156154764,0.024325271019832014,0.024530080939537163,0.18672083897798872,0.10618757480226582,0.23996894322381568,0.18304679418570063,0.13560759569594755,0.11855112924726388,0.25696310226835817,0.18945808453261118,0.22740318600632886,0.04380794874147323,0.03689122195513394
2671.875,4306.154,4292.308,4205.641,4206.667,4255.897,0.2371949156154764,0.024325271019832014,0.024530080939537163,0.18672083897798872,0.10618757480226582,0.23996894322381568,0.18304679418570063,0.13560759569594755,0.11855112924726388,0.25696310226835817,0.18945808453261118,0.22740318600632886,0.04380794874147323,0.03689122195513394
2679.6875,4305.128,4278.462,4190.769,4207.179,4256.923,0.2371949156154764,0.024325271019832014,0.024530080939537163,0.18672083897798872,0.10618757480226582,0.23996894322381568,0.18304679418570063,0.13560759569594755,0.11855112924726388,0.25696310226835817,0.18945808453261118,0.22740318600632886,0.04380794874147323,0.03689122195513394
2687.5,4289.231,4283.077,4194.872,4192.308,4259.487,0.2371949156154764,0.024325271019832014,0.024530080939537163,0.18672083897798872,0.10618757480226582,0.23996894322381568,0.18304679418570063,0.13560759569594755,0.11855112924726388,0.25696310226835817,0.18945808453261118,0.22740318600632886,0.04380794874147323,0.03689122195513394
2695.3125,4312.821,4265.641,4218.462,4189.744,4249.231,0.2371949156154764,0.024325271019832014,0.024530080939537163,0.18672083897798872,0.10618757480226582,0.23996894322381568,0.18304679418570063,0.13560759569594755,0.11855112924726388,0.25696310226835817,0.18945808453261118,0.22740318600632886,0.04380794874147323,0.03689122195513394
2703.125,4324.615,4272.308,4192.308,4206.154,4257.949,0.2371949156154764,0.024325271019832014,0.024530080939537163,0.18672083897798872,0.10618757480226582,0.23996894322381568,0.18304679418570063,0.13560759569594755,0.11855112924726388,0.25696310226835817,0.18945808453261118,0.22740318600632886,0.04380794874147323,0.03689122195513394
2710.9375,4293.333,4293.333,4178.974,4192.308,4251.282,0.2371949156154764,0.024325271019832014,0.024530080939537163,0.18672083897798872,0.10618757480226582,0.23996894322381568,0.18304679418570063,0.13560759569594755,0.11855112924726388,0.25696310226835817,0.18945808453261118,0.22740318600632886,0.04380794874147323,0.03689122195513394
2718.75,4289.231,4269.744,4195.385,4180.513,4232.821,0.2371949156154764,0.024325271019832014,0.024530080939537163,0.18672083897798872,0.10618757480226582,0.23996894322381568,0.18304679418570063,0.13560759569594755,0.11855112924726388,0.25696310226835817,0.18945808453261118,0.22740318600632886,0.04380794874147323,0.03689122195513394
2726.5625,4291.282,4259.487,4178.974,4192.821,4236.41,0.2371949156154764,0.024325271019832014,0.024530080939537163,0.18672083897798872,0.10618757480226582,0.23996894322381568,0.18304679418570063,0.13560759569594755,0.11855112924726388,0.25696310226835817,0.18945808453261118,0.22740318600632886,0.04380794874147323,0.03689122195513394
2734.375,4276.41,4283.077,4169.231,4186.154,4232.308,0.2371949156154764,0.024325271019832014,0.024530080939537163,0.18672083897798872,0.10618757480226582,0.23996894322381568,0.18304679418570063,0.13560759569594755,0.11855112924726388,0.25696310226835817,0.18945808453261118,0.22740318600632886,0.04380794874147323,0.03689122195513394
2742.1875,4282.564,4280.0,4176.923,4172.308,4222.051,0.2371949156154764,0.024325271019832014,0.024530080939537163,0.18672083897798872,0.10618757480226582,0.23996894322381568,0.18304679418570063,0.13560759569594755,0.11855112924726388,0.25696310226835817,0.18945808453261118,0.22740318600632886,0.04380794874147323,0.03689122195513394
2750.0,4277.949,4258.974,4164.103,4163.59,4219.487,0.2371949156154764,0.024325271019832014,0.024530080939537163,0.18672083897798872,0.10618757480226582,0.23996894322381568,0.18304679418570063,0.13560759569594755,0.11855112924726388,0.25696310226835817,0.18945808453261118,0.22740318600632886,0.04380794874147323,0.03689122195513394
2757.8125,4268.205,4253.333,4162.564,4155.897,4214.872,0.2371949156154764,0.024325271019832014,0.024530080939537163,0.18672083897798872,0.10618757480226582,0.23996894322381568,0.18304679418570063,0.13560759569594755,0.11855112924726388,0.25696310226835817,0.18945808453261118,0.22740318600632886,0.04380794874147323,0.03689122195513394
2765.625,4300.0,4274.872,4180.513,4174.872,4236.41,0.2371949156154764,0.024325271019832014,0.024530080939537163,0.18672083897798872,0.10618757480226582,0.23996894322381568,0.18304679418570063,0.13560759569594755,0.11855112924726388,0.25696310226835817,0.18945808453261118,0.22740318600632886,0.04380794874147323,0.03689122195513394
2773.4375,4313.846,4294.872,4190.256,4188.205,4260.513,0.2371949156154764,0.024325271019832014,0.024530080939537163,0.18672083897798872,0.10618757480226582,0.23996894322381568,0.18304679418570063,0.13560759569594755,0.11855112924726388,0.25696310226835817,0.18945808453261118,0.22740318600632886,0.04380794874147323,0.03689122195513394
2781.25,4298.974,4273.333,4186.667,4176.923,4250.769,0.2371949156154764,0.024325271019832014,0.024530080939537163,0.18672083897798872,0.10618757480226582,0.23996894322381568,0.18304679418570063,0.13560759569594755,0.11855112924726388,0.25696310226835817,0.18945808453261118,0.22740318600632886,0.04380794874147323,0.03689122195513394
2789.0625,4309.744,4267.692,4165.128,4191.282,4262.051,0.2371949156154764,0.024325271019832014,0.024530080939537163,0.18672083897798872,0.10618757480226582,0.23996894322381568,0.18304679418570063,0.13560759569594755,0.11855112924726388,0.25696310226835817,0.18945808453261118,0.22740318600632886,0.04380794874147323,0.03689122195513394
2796.875,4307.179,4291.795,4156.923,4195.385,4274.359,0.2371949156154764,0.024325271019832014,0.024530080939537163,0.18672083897798872,0.10618757480226582,0.23996894322381568,0.18304679418570063,0.13560759569594755,0.11855112924726388,0.25696310226835817,0.18945808453261118,0.22740318600632886,0.04380794874147323,0.03689122195513394
2804.6875,4289.744,4273.846,4174.872,4169.231,4242.051,0.2371949156154764,0.024325271019832014,0.024530080939537163,0.18672083897798872,0.10618757480226582,0.23996894322381568,0.18304679418570063,0.13560759569594755,0.11855112924726388,0.25696310226835817,0.18945808453261118,0.22740318600632886,0.04380794874147323,0.03689122195513394
2812.5,4288.718,4256.41,4158.974,4172.821,4237.949,0.2371949156154764,0.024325271019832014,0.024530080939537163,0.18672083897798872,0.10618757480226582,0.23996894322381568,0.18304679418570063,0.13560759569594755,0.11855112924726388,0.25696310226835817,0.18945808453261118,0.22740318600632886,0.04380794874147323,0.03689122195513394
2820.3125,4277.436,4267.179,4140.513,4170.256,4244.615,0.2371949156154764,0.024325271019832014,0.024530080939537163,0.18672083897798872,0.10618757480226582,0.23996894322381568,0.18304679418570063,0.13560759569594755,0.11855112924726388,0.25696310226835817,0.18945808453261118,0.22740318600632886,0.04380794874147323,0.03689122195513394
2828.125,4275.897,4251.282,4154.359,4146.667,4228.205,0.2371949156154764,0.024325271019832014,0.024530080939537163,0.18672083897798872,0.10618757480226582,0.23996894322381568,0.18304679418570063,0.13560759569594755,0.11855112924726388,0.25696310226835817,0.18945808453261118,0.22740318600632886,0.04380794874147323,0.03689122195513394
2835.9375,4294.359,4260.0,4154.359,4157.949,4251.282,0.2371949156154764,0.024325271019832014,0.024530080939537163,0.18672083897798872,0.10618757480226582,0.23996894322381568,0.18304679418570063,0.13560759569594755,0.11855112924726388,0.25696310226835817,0.18945808453261118,0.22740318600632886,0.04380794874147323,0.03689122195513394
2843.75,4301.538,4297.949,4171.282,4175.385,4278.462,0.2371949156154764,0.024325271019832014,0.024530080939537163,0.18672083897798872,0.10618757480226582,0.23996894322381568,0.18304679418570063,0.13560759569594755,0.11855112924726388,0.25696310226835817,0.18945808453261118,0.22740318600632886,0.04380794874147323,0.03689122195513394
2851.5625,4314.359,4278.462,4201.538,4177.436,4259.487,0.2371949156154764,0.024325271019832014,0.024530080939537163,0.18672083897798872,0.10618757480226582,0.23996894322381568,0.18304679418570063,0.13560759569594755,0.11855112924726388,0.25696310226835817,0.18945808453261118,0.22740318600632886,0.04380794874147323,0.03689122195513394
2859.375,4319.487,4265.128,4178.974,4188.205,4260.0,0.2371949156154764,0.024325271019832014,0.024530080939537163,0.18672083897798872,0.10618757480226582,0.23996894322381568,0.18304679418570063,0.13560759569594755,0.11855112924726388,0.25696310226835817,0.18945808453261118,0.22740318600632886,0.04380794874147323,0.03689122195513394
2867.1875,4298.974,4293.846,4171.282,4185.128,4270.769,0.2371949156154764,0.024325271019832014,0.024530080939537163,0.18672083897798872,0.10618757480226582,0.23996894322381568,0.18304679418570063,0.13560759569594755,0.11855112924726388,0.25696310226835817,0.18945808453261118,0.22740318600632886,0.04380794874147323,0.03689122195513394
2875.0,4308.205,4276.923,4211.795,4183.077,4254.872,0.2371949156154764,0.024325271019832014,0.024530080939537163,0.18672083897798872,0.10618757480226582,0.23996894322381568,0.18304679418570063,0.13560759569594755,0.11855112924726388,0.25696310226835817,0.18945808453261118,0.22740318600632886,0.04380794874147323,0.03689122195513394
2882.8125,4328.718,4265.641,4206.154,4211.795,4272.308,0.2371949156154764,0.024325271019832014,0.024530080939537163,0.18672083897798872,0.10618757480226582,0.23996894322381568,0.18304679418570063,0.13560759569594755,0.11855112924726388,0.25696310226835817,0.18945808453261118,0.22740318600632886,0.04380794874147323,0.03689122195513394
2890.625,4310.769,4302.564,4193.333,4220.513,4300.0,0.2371949156154764,0.024325271019832014,0.024530080939537163,0.18672083897798872,0.10618757480226582,0.23996894322381568,0.18304679418570063,0.13560759569594755,0.11855112924726388,0.25696310226835817,0.18945808453261118,0.22740318600632886,0.04380794874147323,0.03689122195513394
2898.4375,4315.385,4297.436,4219.487,4205.128,4290.256,0.2371949156154764,0.024325271019832014,0.024530080939537163,0.18672083897798872,0.10618757480226582,0.23996894322381568,0.18304679418570063,0.13560759569594755,0.11855112924726388,0.25696310226835817,0.18945808453261118,0.22740318600632886,0.04380794874147323,0.03689122195513394
2906.25,4333.333,4283.59,4212.821,4202.564,4287.179,0.2371949156154764,0.024325271019832014,0.024530080939537163,0.18672083897798872,0.10618757480226582,0.23996894322381568,0.18304679418570063,0.13560759569594755,0.11855112924726388,0.25696310226835817,0.18945808453261118,0.22740318600632886,0.04380794874147323,0.03689122195513394
2914.0625,4312.308,4309.231,4205.128,4184.615,4288.205,0.2371949156154764,0.024325271019832014,0.024530080939537163,0.18672083897798872,0.10618757480226582,0.23996894322381568,0.18304679418570063,0.13560759569594755,0.11855112924726388,0.25696310226835817,0.18945808453261118,0.22740318600632886,0.04380794874147323,0.03689122195513394
2921.875,4311.282,4306.667,4228.205,4171.282,4275.385,0.2371949156154764,0.024325271019832014,0.024530080939537163,0.18672083897798872,0.10618757480226582,0.23996894322381568,0.18304679418570063,0.13560759569594755,0.11855112924726388,0.25696310226835817,0.18945808453261118,0.22740318600632886,0.04380794874147323,0.03689122195513394
2929.6875,4324.103,4285.128,4208.205,4180.513,4273.333,0.2371949156154764,0.024325271019832014,0.024530080939537163,0.18672083897798872,0.10618757480226582,0.23996894322381568,0.18304679418570063,0.13560759569594755,0.11855112924726388,0.25696310226835817,0.18945808453261118,0.22740318600632886,0.04380794874147323,0.03689122195513394
2937.5,4304.615,4284.615,4180.513,4172.308,4266.667,0.2371949156154764,0.024325271019832014,0.024530080939537163,0.18672083897798872,0.10618757480226582,0.23996894322381568,0.18304679418570063,0.13560759569594755,0.11855112924726388,0.25696310226835817,0.18945808453261118,0.22740318600632886,0.04380794874147323,0.03689122195513394
2945.3125,4300.0,4277.949,4192.308,4172.308,4256.923,0.2371949156154764,0.024325271019832014,0.024530080939537163,0.18672083897798872,0.10618757480226582,0.23996894322381568,0.18304679418570063,0.13560759569594755,0.11855112924726388,0.25696310226835817,0.18945808453261118,0.22740318600632886,0.04380794874147323,0.03689122195513394
2953.125,4304.615,4276.923,4194.359,4190.256,4262.564,0.2371949156154764,0.024325271019832014,0.024530080939537163,0.18672083897798872,0.10618757480226582,0.23996894322381568,0.18304679418570063,0.13560759569594755,0.11855112924726388,0.25696310226835817,0.18945808453261118,0.22740318600632886,0.04380794874147323,0.03689122195513394
2960.9375,4297.436,4275.897,4191.282,4190.256,4259.487,0.2371949156154764,0.024325271019832014,0.024530080939537163,0.18672083897798872,0.10618757480226582,0.23996894322381568,0.18304679418570063,0.13560759569594755,0.11855112924726388,0.25696310226835817,0.18945808453261118,0.22740318600632886,0.04380794874147323,0.03689122195513394
2968.75,4304.615,4263.077,4185.128,4190.769,4254.872,0.2371949156154764,0.024325271019832014,0.024530080939537163,0.18672083897798872,0.10618757480226582,0.23996894322381568,0.18304679418570063,0.13560759569594755,0.11855112924726388,0.25696310226835817,0.18945808453261118,0.22740318600632886,0.04380794874147323,0.03689122195513394
2976.5625,4301.538,4272.308,4167.692,4192.308,4267.692,0.2371949156154764,0.024325271019832014,0.024530080939537163,0.18672083897798872,0.10618757480226582,0.23996894322381568,0.18304679418570063,0.13560759569594755,0.11855112924726388,0.25696310226835817,0.18945808453261118,0.22740318600632886,0.04380794874147323,0.03689122195513394
2984.375,4296.923,4279.487,4181.538,4175.897,4265.641,0.2371949156154764,0.024325271019832014,0.024530080939537163,0.18672083897798872,0.10618757480226582,0.23996894322381568,0.18304679418570063,0.13560759569594755,0.11855112924726388,0.25696310226835817,0.18945808453261118,0.22740318600632886,0.04380794874147323,0.03689122195513394
2992.1875,4318.462,4266.154,4181.026,4175.385,4258.974,0.2371949156154764,0.024325271019832014,0.024530080939537163,0.18672083897798872,0.10618757480226582,0.23996894322381568,0.18304679418570063,0.13560759569594755,0.11855112924726388,0.25696310226835817,0.18945808453261118,0.22740318600632886,0.04380794874147323,0.03689122195513394
