timestamp,AF3,T7,Pz,T8,AF4,AF3_theta,AF3_alpha,AF3_beta,T7_theta,T7_mu,T7_beta,Pz_alpha,Pz_beta,T8_theta,T8_mu,T8_beta,AF4_theta,AF4_alpha,AF4_beta
0.0,4194.359,4230.256,4195.385,4196.923,4154.872,0.16778412420592875,0.11325967587639882,0.038689822910205555,0.11176264605464704,0.2335326286058658,0.1386513802424164,0.27770296638902203,0.22894078567974202,0.11234861021082207,0.26899004206375177,0.1793975434004181,0.14917216099376424,0.1202029580538138,0.04426757718900884
7.8125,4186.154,4222.051,4168.718,4180.513,4144.615,0.16778412420592875,0.11325967587639882,0.038689822910205555,0.11176264605464704,0.2335326286058658,0.1386513802424164,0.27770296638902203,0.22894078567974202,0.11234861021082207,0.26899004206375177,0.1793975434004181,0.14917216099376424,0.1202029580538138,0.04426757718900884
15.625,4178.974,4203.59,4147.692,4165.641,4139.487,0.16778412420592875,0.11325967587639882,0.038689822910205555,0.11176264605464704,0.2335326286058658,0.1386513802424164,0.27770296638902203,0.22894078567974202,0.11234861021082207,0.26899004206375177,0.1793975434004181,0.14917216099376424,0.1202029580538138,0.04426757718900884
23.4375,4195.385,4203.077,4165.128,4183.59,4161.026,0.16778412420592875,0.11325967587639882,0.038689822910205555,0.11176264605464704,0.2335326286058658,0.1386513802424164,0.27770296638902203,0.22894078567974202,0.11234861021082207,0.26899004206375177,0.1793975434004181,0.14917216099376424,0.1202029580538138,0.04426757718900884
31.25,4219.487,4212.308,4194.872,4202.051,4175.385,0.16778412420592875,0.11325967587639882,0.038689822910205555,0.11176264605464704,0.2335326286058658,0.1386513802424164,0.27770296638902203,0.22894078567974202,0.11234861021082207,0.26899004206375177,0.1793975434004181,0.14917216099376424,0.1202029580538138,0.04426757718900884
39.0625,4215.897,4207.692,4194.872,4189.231,4150.256,0.16778412420592875,0.11325967587639882,0.038689822910205555,0.11176264605464704,0.2335326286058658,0.1386513802424164,0.27770296638902203,0.22894078567974202,0.11234861021082207,0.26899004206375177,0.1793975434004181,0.14917216099376424,0.1202029580538138,0.04426757718900884
46.875,4209.231,4207.692,4185.128,4172.821,4142.564,0.16778412420592875,0.11325967587639882,0.038689822910205555,0.11176264605464704,0.2335326286058658,0.1386513802424164,0.27770296638902203,0.22894078567974202,0.11234861021082207,0.26899004206375177,0.1793975434004181,0.14917216099376424,0.1202029580538138,0.04426757718900884
54.6875,4242.564,4232.821,4198.974,4190.769,4195.897,0.16778412420592875,0.11325967587639882,0.038689822910205555,0.11176264605464704,0.2335326286058658,0.1386513802424164,0.27770296638902203,0.22894078567974202,0.11234861021082207,0.26899004206375177,0.1793975434004181,0.14917216099376424,0.1202029580538138,0.04426757718900884
62.5,4285.641,4237.949,4210.256,4210.256,4238.462,0.16778412420592875,0.11325967587639882,0.038689822910205555,0.11176264605464704,0.2335326286058658,0.1386513802424164,0.27770296638902203,0.22894078567974202,0.11234861021082207,0.26899004206375177,0.1793975434004181,0.14917216099376424,0.1202029580538138,0.04426757718900884
70.3125,4303.077,4215.385,4200.0,4186.154,4235.385,0.16778412420592875,0.11325967587639882,0.038689822910205555,0.11176264605464704,0.2335326286058658,0.1386513802424164,0.27770296638902203,0.22894078567974202,0.11234861021082207,0.26899004206375177,0.1793975434004181,0.14917216099376424,0.1202029580538138,0.04426757718900884
78.125,4331.795,4223.077,4201.026,4168.205,4256.41,0.16778412420592875,0.11325967587639882,0.038689822910205555,0.11176264605464704,0.2335326286058658,0.1386513802424164,0.27770296638902203,0.22894078567974202,0.11234861021082207,0.26899004206375177,0.1793975434004181,0.14917216099376424,0.1202029580538138,0.04426757718900884
85.9375,4380.513,4241.538,4206.667,4187.692,4301.538,0.16778412420592875,0.11325967587639882,0.038689822910205555,0.11176264605464704,0.2335326286058658,0.1386513802424164,0.27770296638902203,0.22894078567974202,0.11234861021082207,0.26899004206375177,0.1793975434004181,0.14917216099376424,0.1202029580538138,0.04426757718900884
93.75,4408.205,4233.846,4188.718,4186.154,4314.872,0.16778412420592875,0.11325967587639882,0.038689822910205555,0.11176264605464704,0.2335326286058658,0.1386513802424164,0.27770296638902203,0.22894078567974202,0.11234861021082207,0.26899004206375177,0.1793975434004181,0.14917216099376424,0.1202029580538138,0.04426757718900884
101.5625,4429.744,4228.205,4181.538,4169.231,4324.615,0.16778412420592875,0.11325967587639882,0.038689822910205555,0.11176264605464704,0.2335326286058658,0.1386513802424164,0.27770296638902203,0.22894078567974202,0.11234861021082207,0.26899004206375177,0.1793975434004181,0.14917216099376424,0.1202029580538138,0.04426757718900884
109.375,4467.692,4239.487,4197.949,4194.359,4362.564,0.16778412420592875,0.11325967587639882,0.038689822910205555,0.11176264605464704,0.2335326286058658,0.1386513802424164,0.27770296638902203,0.22894078567974202,0.11234861021082207,0.26899004206375177,0.1793975434004181,0.14917216099376424,0.1202029580538138,0.04426757718900884
117.1875,4470.256,4237.949,4205.128,4207.692,4370.256,0.16778412420592875,0.11325967587639882,0.038689822910205555,0.11176264605464704,0.2335326286058658,0.1386513802424164,0.27770296638902203,0.22894078567974202,0.11234861021082207,0.26899004206375177,0.1793975434004181,0.14917216099376424,0.1202029580538138,0.04426757718900884
125.0,4422.051,4226.667,4186.154,4165.641,4327.692,0.16778412420592875,0.11325967587639882,0.038689822910205555,0.11176264605464704,0.2335326286058658,0.1386513802424164,0.27770296638902203,0.22894078567974202,0.11234861021082207,0.26899004206375177,0.1793975434004181,0.14917216099376424,0.1202029580538138,0.04426757718900884
132.8125,4378.974,4218.974,4159.487,4133.846,4280.513,0.16778412420592875,0.11325967587639882,0.038689822910205555,0.11176264605464704,0.2335326286058658,0.1386513802424164,0.27770296638902203,0.22894078567974202,0.11234861021082207,0.26899004206375177,0.1793975434004181,0.14917216099376424,0.1202029580538138,0.04426757718900884
140.625,4357.436,4215.385,4148.718,4133.333,4249.744,0.16778412420592875,0.11325967587639882,0.038689822910205555,0.11176264605464704,0.2335326286058658,0.1386513802424164,0.27770296638902203,0.22894078567974202,0.11234861021082207,0.26899004206375177,0.1793975434004181,0.14917216099376424,0.1202029580538138,0.04426757718900884
148.4375,4340.513,4224.615,4153.846,4141.538,4238.974,0.16778412420592875,0.11325967587639882,0.038689822910205555,0.11176264605464704,0.2335326286058658,0.1386513802424164,0.27770296638902203,0.22894078567974202,0.11234861021082207,0.26899004206375177,0.1793975434004181,0.14917216099376424,0.1202029580538138,0.04426757718900884
156.25,4327.692,4230.769,4163.59,4161.538,4231.282,0.16778412420592875,0.11325967587639882,0.038689822910205555,0.11176264605464704,0.2335326286058658,0.1386513802424164,0.27770296638902203,0.22894078567974202,0.11234861021082207,0.26899004206375177,0.1793975434004181,0.14917216099376424,0.1202029580538138,0.04426757718900884
164.0625,4302.051,4214.359,4165.128,4170.769,4202.564,0.16778412420592875,0.11325967587639882,0.038689822910205555,0.11176264605464704,0.2335326286058658,0.1386513802424164,0.27770296638902203,0.22894078567974202,0.11234861021082207,0.26899004206375177,0.1793975434004181,0.14917216099376424,0.1202029580538138,0.04426757718900884
171.875,4270.256,4202.051,4165.641,4164.103,4176.923,0.16778412420592875,0.11325967587639882,0.038689822910205555,0.11176264605464704,0.2335326286058658,0.1386513802424164,0.27770296638902203,0.22894078567974202,0.11234861021082207,0.26899004206375177,0.1793975434004181,0.14917216099376424,0.1202029580538138,0.04426757718900884
179.6875,4256.923,4220.513,4166.154,4167.179,4173.333,0.16778412420592875,0.11325967587639882,0.038689822910205555,0.11176264605464704,0.2335326286058658,0.1386513802424164,0.27770296638902203,0.22894078567974202,0.11234861021082207,0.26899004206375177,0.1793975434004181,0.14917216099376424,0.1202029580538138,0.04426757718900884
187.5,4251.282,4234.359,4163.59,4167.692,4158.974,0.16778412420592875,0.11325967587639882,0.038689822910205555,0.11176264605464704,0.2335326286058658,0.1386513802424164,0.27770296638902203,0.22894078567974202,0.11234861021082207,0.26899004206375177,0.1793975434004181,0.14917216099376424,0.1202029580538138,0.04426757718900884
195.3125,4246.667,4227.692,4167.692,4158.974,4144.103,0.16778412420592875,0.11325967587639882,0.038689822910205555,0.11176264605464704,0.2335326286058658,0.1386513802424164,0.27770296638902203,0.22894078567974202,0.11234861021082207,0.26899004206375177,0.1793975434004181,0.14917216099376424,0.1202029580538138,0.04426757718900884
203.125,4248.205,4234.359,4172.821,4163.077,4153.333,0.16778412420592875,0.11325967587639882,0.038689822910205555,0.11176264605464704,0.2335326286058658,0.1386513802424164,0.27770296638902203,0.22894078567974202,0.11234861021082207,0.26899004206375177,0.1793975434004181,0.14917216099376424,0.1202029580538138,0.04426757718900884
210.9375,4250.769,4247.692,4171.795,4173.333,4162.564,0.16778412420592875,0.11325967587639882,0.038689822910205555,0.11176264605464704,0.2335326286058658,0.1386513802424164,0.27770296638902203,0.22894078567974202,0.11234861021082207,0.26899004206375177,0.1793975434004181,0.14917216099376424,0.1202029580538138,0.04426757718900884
218.75,4245.128,4245.641,4169.744,4177.436,4161.538,0.16778412420592875,0.11325967587639882,0.038689822910205555,0.11176264605464704,0.2335326286058658,0.1386513802424164,0.27770296638902203,0.22894078567974202,0.11234861021082207,0.26899004206375177,0.1793975434004181,0.14917216099376424,0.1202029580538138,0.04426757718900884
226.5625,4245.128,4240.0,4184.103,4187.692,4165.641,0.16778412420592875,0.11325967587639882,0.038689822910205555,0.11176264605464704,0.2335326286058658,0.1386513802424164,0.27770296638902203,0.22894078567974202,0.11234861021082207,0.26899004206375177,0.1793975434004181,0.14917216099376424,0.1202029580538138,0.04426757718900884
234.375,4244.615,4233.846,4188.205,4185.641,4157.949,0.16778412420592875,0.11325967587639882,0.038689822910205555,0.11176264605464704,0.2335326286058658,0.1386513802424164,0.27770296638902203,0.22894078567974202,0.11234861021082207,0.26899004206375177,0.1793975434004181,0.14917216099376424,0.1202029580538138,0.04426757718900884
242.1875,4228.205,4215.897,4161.026,4164.103,4126.667,0.16778412420592875,0.11325967587639882,0.038689822910205555,0.11176264605464704,0.2335326286058658,0.1386513802424164,0.27770296638902203,0.22894078567974202,0.11234861021082207,0.26899004206375177,0.1793975434004181,0.14917216099376424,0.1202029580538138,0.04426757718900884
250.0,4209.744,4211.282,4144.615,4155.385,4114.872,0.16778412420592875,0.11325967587639882,0.038689822910205555,0.11176264605464704,0.2335326286058658,0.1386513802424164,0.27770296638902203,0.22894078567974202,0.11234861021082207,0.26899004206375177,0.1793975434004181,0.14917216099376424,0.1202029580538138,0.04426757718900884
257.8125,4193.846,4224.615,4158.974,4153.846,4124.103,0.16778412420592875,0.11325967587639882,0.038689822910205555,0.11176264605464704,0.2335326286058658,0.1386513802424164,0.27770296638902203,0.22894078567974202,0.11234861021082207,0.26899004206375177,0.1793975434004181,0.14917216099376424,0.1202029580538138,0.04426757718900884
265.625,4180.0,4232.308,4165.641,4146.667,4122.051,0.16778412420592875,0.11325967587639882,0.038689822910205555,0.11176264605464704,0.2335326286058658,0.1386513802424164,0.27770296638902203,0.22894078567974202,0.11234861021082207,0.26899004206375177,0.1793975434004181,0.14917216099376424,0.1202029580538138,0.04426757718900884
273.4375,4182.564,4237.949,4162.564,4162.564,4128.718,0.16778412420592875,0.11325967587639882,0.038689822910205555,0.11176264605464704,0.2335326286058658,0.1386513802424164,0.27770296638902203,0.22894078567974202,0.11234861021082207,0.26899004206375177,0.1793975434004181,0.14917216099376424,0.1202029580538138,0.04426757718900884
281.25,4196.923,4246.667,4173.846,4194.872,4152.308,0.16778412420592875,0.11325967587639882,0.038689822910205555,0.11176264605464704,0.2335326286058658,0.1386513802424164,0.27770296638902203,0.22894078567974202,0.11234861021082207,0.26899004206375177,0.1793975434004181,0.14917216099376424,0.1202029580538138,0.04426757718900884
289.0625,4193.846,4235.897,4172.308,4197.436,4152.821,0.16778412420592875,0.11325967587639882,0.038689822910205555,0.11176264605464704,0.2335326286058658,0.1386513802424164,0.27770296638902203,0.22894078567974202,0.11234861021082207,0.26899004206375177,0.1793975434004181,0.14917216099376424,0.1202029580538138,0.04426757718900884
296.875,4184.615,4215.897,4149.231,4182.564,4135.897,0.16778412420592875,0.11325967587639882,0.038689822910205555,0.11176264605464704,0.2335326286058658,0.1386513802424164,0.27770296638902203,0.22894078567974202,0.11234861021082207,0.26899004206375177,0.1793975434004181,0.14917216099376424,0.1202029580538138,0.04426757718900884
304.6875,4193.846,4221.026,4142.564,4183.59,4134.872,0.16778412420592875,0.11325967587639882,0.038689822910205555,0.11176264605464704,0.2335326286058658,0.1386513802424164,0.27770296638902203,0.22894078567974202,0.11234861021082207,0.26899004206375177,0.1793975434004181,0.14917216099376424,0.1202029580538138,0.04426757718900884
312.5,4194.359,4225.128,4153.846,4174.359,4129.231,0.16778412420592875,0.11325967587639882,0.038689822910205555,0.11176264605464704,0.2335326286058658,0.1386513802424164,0.27770296638902203,0.22894078567974202,0.11234861021082207,0.26899004206375177,0.1793975434004181,0.14917216099376424,0.1202029580538138,0.04426757718900884
320.3125,4175.385,4202.564,4151.795,4154.359,4106.667,0.16778412420592875,0.11325967587639882,0.038689822910205555,0.11176264605464704,0.2335326286058658,0.1386513802424164,0.27770296638902203,0.22894078567974202,0.11234861021082207,0.26899004206375177,0.1793975434004181,0.14917216099376424,0.1202029580538138,0.04426757718900884
328.125,4167.179,4197.949,4154.359,4149.744,4104.103,0.16778412420592875,0.11325967587639882,0.038689822910205555,0.11176264605464704,0.2335326286058658,0.1386513802424164,0.27770296638902203,0.22894078567974202,0.11234861021082207,0.26899004206375177,0.1793975434004181,0.14917216099376424,0.1202029580538138,0.04426757718900884
335.9375,4184.103,4227.692,4183.077,4162.051,4132.308,0.16778412420592875,0.11325967587639882,0.038689822910205555,0.11176264605464704,0.2335326286058658,0.1386513802424164,0.27770296638902203,0.22894078567974202,0.11234861021082207,0.26899004206375177,0.1793975434004181,0.14917216099376424,0.1202029580538138,0.04426757718900884
343.75,4197.436,4242.051,4196.923,4167.179,4152.308,0.16778412420592875,0.11325967587639882,0.038689822910205555,0.11176264605464704,0.2335326286058658,0.1386513802424164,0.27770296638902203,0.22894078567974202,0.11234861021082207,0.26899004206375177,0.1793975434004181,0.14917216099376424,0.1202029580538138,0.04426757718900884
351.5625,4192.821,4237.436,4177.949,4164.615,4151.282,0.16778412420592875,0.11325967587639882,0.038689822910205555,0.11176264605464704,0.2335326286058658,0.1386513802424164,0.27770296638902203,0.22894078567974202,0.11234861021082207,0.26899004206375177,0.1793975434004181,0.14917216099376424,0.1202029580538138,0.04426757718900884
359.375,4186.667,4243.077,4160.513,4167.179,4154.872,0.16778412420592875,0.11325967587639882,0.038689822910205555,0.11176264605464704,0.2335326286058658,0.1386513802424164,0.27770296638902203,0.22894078567974202,0.11234861021082207,0.26899004206375177,0.1793975434004181,0.14917216099376424,0.1202029580538138,0.04426757718900884
367.1875,4177.949,4238.974,4147.179,4162.564,4148.205,0.16778412420592875,0.11325967587639882,0.038689822910205555,0.11176264605464704,0.2335326286058658,0.1386513802424164,0.27770296638902203,0.22894078567974202,0.11234861021082207,0.26899004206375177,0.1793975434004181,0.14917216099376424,0.1202029580538138,0.04426757718900884
375.0,4171.795,4222.051,4144.615,4161.538,4133.846,0.16778412420592875,0.11325967587639882,0.038689822910205555,0.11176264605464704,0.2335326286058658,0.1386513802424164,0.27770296638902203,0.22894078567974202,0.11234861021082207,0.26899004206375177,0.1793975434004181,0.14917216099376424,0.1202029580538138,0.04426757718900884
382.8125,4176.923,4219.487,4158.974,4172.308,4140.513,0.16778412420592875,0.11325967587639882,0.038689822910205555,0.11176264605464704,0.2335326286058658,0.1386513802424164,0.27770296638902203,0.22894078567974202,0.11234861021082207,0.26899004206375177,0.1793975434004181,0.14917216099376424,0.1202029580538138,0.04426757718900884
390.625,4182.564,4216.41,4166.667,4178.462,4147.692,0.16778412420592875,0.11325967587639882,0.038689822910205555,0.11176264605464704,0.2335326286058658,0.1386513802424164,0.27770296638902203,0.22894078567974202,0.11234861021082207,0.26899004206375177,0.1793975434004181,0.14917216099376424,0.1202029580538138,0.04426757718900884
398.4375,4180.513,4202.051,4162.564,4173.333,4136.923,0.16778412420592875,0.11325967587639882,0.038689822910205555,0.11176264605464704,0.2335326286058658,0.1386513802424164,0.27770296638902203,0.22894078567974202,0.11234861021082207,0.26899004206375177,0.1793975434004181,0.14917216099376424,0.1202029580538138,0.04426757718900884
406.25,4179.487,4204.615,4164.615,4158.974,4131.282,0.16778412420592875,0.11325967587639882,0.038689822910205555,0.11176264605464704,0.2335326286058658,0.1386513802424164,0.27770296638902203,0.22894078567974202,0.11234861021082207,0.26899004206375177,0.1793975434004181,0.14917216099376424,0.1202029580538138,0.04426757718900884
414.0625,4180.513,4220.513,4167.692,4146.154,4131.282,0.16778412420592875,0.11325967587639882,0.038689822910205555,0.11176264605464704,0.2335326286058658,0.1386513802424164,0.27770296638902203,0.22894078567974202,0.11234861021082207,0.26899004206375177,0.1793975434004181,0.14917216099376424,0.1202029580538138,0.04426757718900884
421.875,4180.0,4223.077,4164.103,4140.513,4129.744,0.16778412420592875,0.11325967587639882,0.038689822910205555,0.11176264605464704,0.2335326286058658,0.1386513802424164,0.27770296638902203,0.22894078567974202,0.11234861021082207,0.26899004206375177,0.1793975434004181,0.14917216099376424,0.1202029580538138,0.04426757718900884
429.6875,4180.0,4217.949,4158.974,4140.513,4136.923,0.16778412420592875,0.11325967587639882,0.038689822910205555,0.11176264605464704,0.2335326286058658,0.1386513802424164,0.27770296638902203,0.22894078567974202,0.11234861021082207,0.26899004206375177,0.1793975434004181,0.14917216099376424,0.1202029580538138,0.04426757718900884
437.5,4190.256,4220.513,4155.385,4142.564,4156.41,0.16778412420592875,0.11325967587639882,0.038689822910205555,0.11176264605464704,0.2335326286058658,0.1386513802424164,0.27770296638902203,0.22894078567974202,0.11234861021082207,0.26899004206375177,0.1793975434004181,0.14917216099376424,0.1202029580538138,0.04426757718900884
445.3125,4229.744,4229.744,4153.333,4163.077,4191.795,0.16778412420592875,0.11325967587639882,0.038689822910205555,0.11176264605464704,0.2335326286058658,0.1386513802424164,0.27770296638902203,0.22894078567974202,0.11234861021082207,0.26899004206375177,0.1793975434004181,0.14917216099376424,0.1202029580538138,0.04426757718900884
453.125,4278.974,4231.795,4161.026,4182.051,4226.667,0.16778412420592875,0.11325967587639882,0.038689822910205555,0.11176264605464704,0.2335326286058658,0.1386513802424164,0.27770296638902203,0.22894078567974202,0.11234861021082207,0.26899004206375177,0.1793975434004181,0.14917216099376424,0.1202029580538138,0.04426757718900884
460.9375,4310.256,4214.359,4171.282,4158.974,4236.923,0.16778412420592875,0.11325967587639882,0.038689822910205555,0.11176264605464704,0.2335326286058658,0.1386513802424164,0.27770296638902203,0.22894078567974202,0.11234861021082207,0.26899004206375177,0.1793975434004181,0.14917216099376424,0.1202029580538138,0.04426757718900884
468.75,4341.538,4201.026,4159.487,4135.385,4257.436,0.16778412420592875,0.11325967587639882,0.038689822910205555,0.11176264605464704,0.2335326286058658,0.1386513802424164,0.27770296638902203,0.22894078567974202,0.11234861021082207,0.26899004206375177,0.1793975434004181,0.14917216099376424,0.1202029580538138,0.04426757718900884
476.5625,4385.641,4211.282,4149.744,4137.436,4303.59,0.16778412420592875,0.11325967587639882,0.038689822910205555,0.11176264605464704,0.2335326286058658,0.1386513802424164,0.27770296638902203,0.22894078567974202,0.11234861021082207,0.26899004206375177,0.1793975434004181,0.14917216099376424,0.1202029580538138,0.04426757718900884
484.375,4457.436,4228.718,4179.487,4149.231,4355.897,0.16778412420592875,0.11325967587639882,0.038689822910205555,0.11176264605464704,0.2335326286058658,0.1386513802424164,0.27770296638902203,0.22894078567974202,0.11234861021082207,0.26899004206375177,0.1793975434004181,0.14917216099376424,0.1202029580538138,0.04426757718900884
492.1875,4529.744,4251.282,4201.538,4173.846,4426.667,0.16778412420592875,0.11325967587639882,0.038689822910205555,0.11176264605464704,0.2335326286058658,0.1386513802424164,0.27770296638902203,0.22894078567974202,0.11234861021082207,0.26899004206375177,0.1793975434004181,0.14917216099376424,0.1202029580538138,0.04426757718900884
500.0,4534.872,4270.769,4198.462,4183.59,4471.282,0.16778412420592875,0.11325967587639882,0.038689822910205555,0.11176264605464704,0.2335326286058658,0.1386513802424164,0.27770296638902203,0.22894078567974202,0.11234861021082207,0.26899004206375177,0.1793975434004181,0.14917216099376424,0.1202029580538138,0.04426757718900884
507.8125,4505.128,4245.641,4199.487,4152.308,4436.41,0.16778412420592875,0.11325967587639882,0.038689822910205555,0.11176264605464704,0.2335326286058658,0.1386513802424164,0.27770296638902203,0.22894078567974202,0.11234861021082207,0.26899004206375177,0.1793975434004181,0.14917216099376424,0.1202029580538138,0.04426757718900884
515.625,4506.154,4217.436,4178.462,4138.974,4400.513,0.16778412420592875,0.11325967587639882,0.038689822910205555,0.11176264605464704,0.2335326286058658,0.1386513802424164,0.27770296638902203,0.22894078567974202,0.11234861021082207,0.26899004206375177,0.1793975434004181,0.14917216099376424,0.1202029580538138,0.04426757718900884
523.4375,4501.538,4235.385,4158.974,4167.179,4411.282,0.16778412420592875,0.11325967587639882,0.038689822910205555,0.11176264605464704,0.2335326286058658,0.1386513802424164,0.27770296638902203,0.22894078567974202,0.11234861021082207,0.26899004206375177,0.1793975434004181,0.14917216099376424,0.1202029580538138,0.04426757718900884
531.25,4466.667,4250.769,4188.718,4177.949,4393.846,0.16778412420592875,0.11325967587639882,0.038689822910205555,0.11176264605464704,0.2335326286058658,0.1386513802424164,0.27770296638902203,0.22894078567974202,0.11234861021082207,0.26899004206375177,0.1793975434004181,0.14917216099376424,0.1202029580538138,0.04426757718900884
539.0625,4434.872,4245.641,4212.821,4166.154,4340.513,0.16778412420592875,0.11325967587639882,0.038689822910205555,0.11176264605464704,0.2335326286058658,0.1386513802424164,0.27770296638902203,0.22894078567974202,0.11234861021082207,0.26899004206375177,0.1793975434004181,0.14917216099376424,0.1202029580538138,0.04426757718900884
546.875,4402.051,4248.205,4196.923,4161.026,4308.718,0.16778412420592875,0.11325967587639882,0.038689822910205555,0.11176264605464704,0.2335326286058658,0.1386513802424164,0.27770296638902203,0.22894078567974202,0.11234861021082207,0.26899004206375177,0.1793975434004181,0.14917216099376424,0.1202029580538138,0.04426757718900884
554.6875,4365.128,4248.718,4192.821,4160.0,4292.308,0.16778412420592875,0.11325967587639882,0.038689822910205555,0.11176264605464704,0.2335326286058658,0.1386513802424164,0.27770296638902203,0.22894078567974202,0.11234861021082207,0.26899004206375177,0.1793975434004181,0.14917216099376424,0.1202029580538138,0.04426757718900884
562.5,4340.513,4249.744,4194.872,4167.179,4276.923,0.16778412420592875,0.11325967587639882,0.038689822910205555,0.11176264605464704,0.2335326286058658,0.1386513802424164,0.27770296638902203,0.22894078567974202,0.11234861021082207,0.26899004206375177,0.1793975434004181,0.14917216099376424,0.1202029580538138,0.04426757718900884
570.3125,4317.949,4256.41,4178.974,4169.744,4255.897,0.16778412420592875,0.11325967587639882,0.038689822910205555,0.11176264605464704,0.2335326286058658,0.1386513802424164,0.27770296638902203,0.22894078567974202,0.11234861021082207,0.26899004206375177,0.1793975434004181,0.14917216099376424,0.1202029580538138,0.04426757718900884
578.125,4294.872,4247.179,4174.359,4157.436,4224.103,0.16778412420592875,0.11325967587639882,0.038689822910205555,0.11176264605464704,0.2335326286058658,0.1386513802424164,0.27770296638902203,0.22894078567974202,0.11234861021082207,0.26899004206375177,0.1793975434004181,0.14917216099376424,0.1202029580538138,0.04426757718900884
585.9375,4265.128,4238.462,4174.872,4147.692,4196.923,0.16778412420592875,0.11325967587639882,0.038689822910205555,0.11176264605464704,0.2335326286058658,0.1386513802424164,0.27770296638902203,0.22894078567974202,0.11234861021082207,0.26899004206375177,0.1793975434004181,0.14917216099376424,0.1202029580538138,0.04426757718900884
593.75,4223.59,4242.051,4159.487,4137.436,4178.462,0.16778412420592875,0.11325967587639882,0.038689822910205555,0.11176264605464704,0.2335326286058658,0.1386513802424164,0.27770296638902203,0.22894078567974202,0.11234861021082207,0.26899004206375177,0.1793975434004181,0.14917216099376424,0.1202029580538138,0.04426757718900884
601.5625,4205.128,4244.615,4156.41,4139.487,4170.769,0.16778412420592875,0.11325967587639882,0.038689822910205555,0.11176264605464704,0.2335326286058658,0.1386513802424164,0.27770296638902203,0.22894078567974202,0.11234861021082207,0.26899004206375177,0.1793975434004181,0.14917216099376424,0.1202029580538138,0.04426757718900884
609.375,4214.872,4248.718,4175.897,4160.513,4173.846,0.16778412420592875,0.11325967587639882,0.038689822910205555,0.11176264605464704,0.2335326286058658,0.1386513802424164,0.27770296638902203,0.22894078567974202,0.11234861021082207,0.26899004206375177,0.1793975434004181,0.14917216099376424,0.1202029580538138,0.04426757718900884
617.1875,4205.641,4236.923,4172.821,4156.923,4162.051,0.16778412420592875,0.11325967587639882,0.038689822910205555,0.11176264605464704,0.2335326286058658,0.1386513802424164,0.27770296638902203,0.22894078567974202,0.11234861021082207,0.26899004206375177,0.1793975434004181,0.14917216099376424,0.1202029580538138,0.04426757718900884
625.0,4184.615,4222.564,4151.282,4139.487,4142.051,0.16778412420592875,0.11325967587639882,0.038689822910205555,0.11176264605464704,0.2335326286058658,0.1386513802424164,0.27770296638902203,0.22894078567974202,0.11234861021082207,0.26899004206375177,0.1793975434004181,0.14917216099376424,0.1202029580538138,0.04426757718900884
632.8125,4194.359,4246.154,4171.282,4157.436,4157.436,0.16778412420592875,0.11325967587639882,0.038689822910205555,0.11176264605464704,0.2335326286058658,0.1386513802424164,0.27770296638902203,0.22894078567974202,0.11234861021082207,0.26899004206375177,0.1793975434004181,0.14917216099376424,0.1202029580538138,0.04426757718900884
640.625,4207.692,4265.641,4201.026,4175.897,4180.513,0.16778412420592875,0.11325967587639882,0.038689822910205555,0.11176264605464704,0.2335326286058658,0.1386513802424164,0.27770296638902203,0.22894078567974202,0.11234861021082207,0.26899004206375177,0.1793975434004181,0.14917216099376424,0.1202029580538138,0.04426757718900884
648.4375,4193.846,4255.897,4185.641,4166.667,4174.359,0.16778412420592875,0.11325967587639882,0.038689822910205555,0.11176264605464704,0.2335326286058658,0.1386513802424164,0.27770296638902203,0.22894078567974202,0.11234861021082207,0.26899004206375177,0.1793975434004181,0.14917216099376424,0.1202029580538138,0.04426757718900884
656.25,4186.154,4261.538,4169.744,4175.385,4173.846,0.16778412420592875,0.11325967587639882,0.038689822910205555,0.11176264605464704,0.2335326286058658,0.1386513802424164,0.27770296638902203,0.22894078567974202,0.11234861021082207,0.26899004206375177,0.1793975434004181,0.14917216099376424,0.1202029580538138,0.04426757718900884
664.0625,4193.846,4265.641,4181.538,4193.333,4180.513,0.16778412420592875,0.11325967587639882,0.038689822910205555,0.11176264605464704,0.2335326286058658,0.1386513802424164,0.27770296638902203,0.22894078567974202,0.11234861021082207,0.26899004206375177,0.1793975434004181,0.14917216099376424,0.1202029580538138,0.04426757718900884
671.875,4196.41,4252.821,4203.077,4196.41,4176.923,0.16778412420592875,0.11325967587639882,0.038689822910205555,0.11176264605464704,0.2335326286058658,0.1386513802424164,0.27770296638902203,0.22894078567974202,0.11234861021082207,0.26899004206375177,0.1793975434004181,0.14917216099376424,0.1202029580538138,0.04426757718900884
679.6875,4198.974,4260.0,4228.205,4203.077,4177.949,0.16778412420592875,0.11325967587639882,0.038689822910205555,0.11176264605464704,0.2335326286058658,0.1386513802424164,0.27770296638902203,0.22894078567974202,0.11234861021082207,0.26899004206375177,0.1793975434004181,0.14917216099376424,0.1202029580538138,0.04426757718900884
687.5,4188.718,4278.974,4235.897,4193.333,4171.282,0.16778412420592875,0.11325967587639882,0.038689822910205555,0.11176264605464704,0.2335326286058658,0.1386513802424164,0.27770296638902203,0.22894078567974202,0.11234861021082207,0.26899004206375177,0.1793975434004181,0.14917216099376424,0.1202029580538138,0.04426757718900884
695.3125,4166.154,4278.974,4216.923,4163.59,4151.795,0.16778412420592875,0.11325967587639882,0.038689822910205555,0.11176264605464704,0.2335326286058658,0.1386513802424164,0.27770296638902203,0.22894078567974202,0.11234861021082207,0.26899004206375177,0.1793975434004181,0.14917216099376424,0.1202029580538138,0.04426757718900884
703.125,4157.949,4274.359,4194.872,4156.923,4148.205,0.16778412420592875,0.11325967587639882,0.038689822910205555,0.11176264605464704,0.2335326286058658,0.1386513802424164,0.27770296638902203,0.22894078567974202,0.11234861021082207,0.26899004206375177,0.1793975434004181,0.14917216099376424,0.1202029580538138,0.04426757718900884
710.9375,4150.256,4271.795,4177.949,4161.026,4148.205,0.16778412420592875,0.11325967587639882,0.038689822910205555,0.11176264605464704,0.2335326286058658,0.1386513802424164,0.27770296638902203,0.22894078567974202,0.11234861021082207,0.26899004206375177,0.1793975434004181,0.14917216099376424,0.1202029580538138,0.04426757718900884
718.75,4137.436,4263.077,4170.769,4151.282,4136.923,0.16778412420592875,0.11325967587639882,0.038689822910205555,0.11176264605464704,0.2335326286058658,0.1386513802424164,0.27770296638902203,0.22894078567974202,0.11234861021082207,0.26899004206375177,0.1793975434004181,0.14917216099376424,0.1202029580538138,0.04426757718900884
726.5625,4147.692,4266.667,4185.128,4160.0,4147.692,0.16778412420592875,0.11325967587639882,0.038689822910205555,0.11176264605464704,0.2335326286058658,0.1386513802424164,0.27770296638902203,0.22894078567974202,0.11234861021082207,0.26899004206375177,0.1793975434004181,0.14917216099376424,0.1202029580538138,0.04426757718900884
734.375,4166.154,4270.256,4193.333,4175.385,4170.769,0.16778412420592875,0.11325967587639882,0.038689822910205555,0.11176264605464704,0.2335326286058658,0.1386513802424164,0.27770296638902203,0.22894078567974202,0.11234861021082207,0.26899004206375177,0.1793975434004181,0.14917216099376424,0.1202029580538138,0.04426757718900884
742.1875,4168.205,4262.564,4181.538,4168.718,4178.462,0.16778412420592875,0.11325967587639882,0.038689822910205555,0.11176264605464704,0.2335326286058658,0.1386513802424164,0.27770296638902203,0.22894078567974202,0.11234861021082207,0.26899004206375177,0.1793975434004181,0.14917216099376424,0.1202029580538138,0.04426757718900884
750.0,4178.974,4264.103,4182.051,4172.821,4186.667,0.16778412420592875,0.11325967587639882,0.038689822910205555,0.11176264605464704,0.2335326286058658,0.1386513802424164,0.27770296638902203,0.22894078567974202,0.11234861021082207,0.26899004206375177,0.1793975434004181,0.14917216099376424,0.1202029580538138,0.04426757718900884
757.8125,4197.436,4269.231,4194.359,4192.308,4191.282,0.16778412420592875,0.11325967587639882,0.038689822910205555,0.11176264605464704,0.2335326286058658,0.1386513802424164,0.27770296638902203,0.22894078567974202,0.11234861021082207,0.26899004206375177,0.1793975434004181,0.14917216099376424,0.1202029580538138,0.04426757718900884
765.625,4185.128,4261.026,4193.333,4184.103,4172.821,0.16778412420592875,0.11325967587639882,0.038689822910205555,0.11176264605464704,0.2335326286058658,0.1386513802424164,0.27770296638902203,0.22894078567974202,0.11234861021082207,0.26899004206375177,0.1793975434004181,0.14917216099376424,0.1202029580538138,0.04426757718900884
773.4375,4157.949,4249.231,4186.154,4157.949,4148.718,0.16778412420592875,0.11325967587639882,0.038689822910205555,0.11176264605464704,0.2335326286058658,0.1386513802424164,0.27770296638902203,0.22894078567974202,0.11234861021082207,0.26899004206375177,0.1793975434004181,0.14917216099376424,0.1202029580538138,0.04426757718900884
781.25,4155.385,4250.256,4190.769,4158.974,4147.179,0.16778412420592875,0.11325967587639882,0.038689822910205555,0.11176264605464704,0.2335326286058658,0.1386513802424164,0.27770296638902203,0.22894078567974202,0.11234861021082207,0.26899004206375177,0.1793975434004181,0.14917216099376424,0.1202029580538138,0.04426757718900884
789.0625,4166.667,4252.308,4192.821,4169.231,4155.385,0.16778412420592875,0.11325967587639882,0.038689822910205555,0.11176264605464704,0.2335326286058658,0.1386513802424164,0.27770296638902203,0.22894078567974202,0.11234861021082207,0.26899004206375177,0.1793975434004181,0.14917216099376424,0.1202029580538138,0.04426757718900884
796.875,4160.513,4247.692,4186.667,4159.487,4152.308,0.16778412420592875,0.11325967587639882,0.038689822910205555,0.11176264605464704,0.2335326286058658,0.1386513802424164,0.27770296638902203,0.22894078567974202,0.11234861021082207,0.26899004206375177,0.1793975434004181,0.14917216099376424,0.1202029580538138,0.04426757718900884
804.6875,4151.282,4250.256,4187.692,4157.436,4153.333,0.16778412420592875,0.11325967587639882,0.038689822910205555,0.11176264605464704,0.2335326286058658,0.1386513802424164,0.27770296638902203,0.22894078567974202,0.11234861021082207,0.26899004206375177,0.1793975434004181,0.14917216099376424,0.1202029580538138,0.04426757718900884
812.5,4160.513,4263.077,4191.795,4172.308,4170.769,0.16778412420592875,0.11325967587639882,0.038689822910205555,0.11176264605464704,0.2335326286058658,0.1386513802424164,0.27770296638902203,0.22894078567974202,0.11234861021082207,0.26899004206375177,0.1793975434004181,0.14917216099376424,0.1202029580538138,0.04426757718900884
820.3125,4173.333,4269.744,4192.308,4178.462,4184.615,0.16778412420592875,0.11325967587639882,0.038689822910205555,0.11176264605464704,0.2335326286058658,0.1386513802424164,0.27770296638902203,0.22894078567974202,0.11234861021082207,0.26899004206375177,0.1793975434004181,0.14917216099376424,0.1202029580538138,0.04426757718900884
828.125,4163.59,4258.974,4184.615,4164.615,4177.436,0.16778412420592875,0.11325967587639882,0.038689822910205555,0.11176264605464704,0.2335326286058658,0.1386513802424164,0.27770296638902203,0.22894078567974202,0.11234861021082207,0.26899004206375177,0.1793975434004181,0.14917216099376424,0.1202029580538138,0.04426757718900884
835.9375,4163.59,4263.59,4176.923,4162.564,4177.949,0.16778412420592875,0.11325967587639882,0.038689822910205555,0.11176264605464704,0.2335326286058658,0.1386513802424164,0.27770296638902203,0.22894078567974202,0.11234861021082207,0.26899004206375177,0.1793975434004181,0.14917216099376424,0.1202029580538138,0.04426757718900884
843.75,4188.718,4274.359,4174.359,4175.897,4188.205,0.16778412420592875,0.11325967587639882,0.038689822910205555,0.11176264605464704,0.2335326286058658,0.1386513802424164,0.27770296638902203,0.22894078567974202,0.11234861021082207,0.26899004206375177,0.1793975434004181,0.14917216099376424,0.1202029580538138,0.04426757718900884
851.5625,4187.692,4255.385,4172.821,4171.795,4169.744,0.16778412420592875,0.11325967587639882,0.038689822910205555,0.11176264605464704,0.2335326286058658,0.1386513802424164,0.27770296638902203,0.22894078567974202,0.11234861021082207,0.26899004206375177,0.1793975434004181,0.14917216099376424,0.1202029580538138,0.04426757718900884
859.375,4160.0,4231.795,4171.795,4160.513,4147.179,0.16778412420592875,0.11325967587639882,0.038689822910205555,0.11176264605464704,0.2335326286058658,0.1386513802424164,0.27770296638902203,0.22894078567974202,0.11234861021082207,0.26899004206375177,0.1793975434004181,0.14917216099376424,0.1202029580538138,0.04426757718900884
867.1875,4151.795,4236.41,4176.41,4161.538,4152.821,0.16778412420592875,0.11325967587639882,0.038689822910205555,0.11176264605464704,0.2335326286058658,0.1386513802424164,0.27770296638902203,0.22894078567974202,0.11234861021082207,0.26899004206375177,0.1793975434004181,0.14917216099376424,0.1202029580538138,0.04426757718900884
875.0,4155.385,4244.615,4191.282,4168.205,4164.615,0.16778412420592875,0.11325967587639882,0.038689822910205555,0.11176264605464704,0.2335326286058658,0.1386513802424164,0.27770296638902203,0.22894078567974202,0.11234861021082207,0.26899004206375177,0.1793975434004181,0.14917216099376424,0.1202029580538138,0.04426757718900884
882.8125,4138.974,4232.821,4191.795,4169.744,4162.564,0.16778412420592875,0.11325967587639882,0.038689822910205555,0.11176264605464704,0.2335326286058658,0.1386513802424164,0.27770296638902203,0.22894078567974202,0.11234861021082207,0.26899004206375177,0.1793975434004181,0.14917216099376424,0.1202029580538138,0.04426757718900884
890.625,4109.744,4219.487,4166.154,4167.179,4161.538,0.16778412420592875,0.11325967587639882,0.038689822910205555,0.11176264605464704,0.2335326286058658,0.1386513802424164,0.27770296638902203,0.22894078567974202,0.11234861021082207,0.26899004206375177,0.1793975434004181,0.14917216099376424,0.1202029580538138,0.04426757718900884
898.4375,4083.077,4221.026,4144.615,4165.641,4160.0,0.16778412420592875,0.11325967587639882,0.038689822910205555,0.11176264605464704,0.2335326286058658,0.1386513802424164,0.27770296638902203,0.22894078567974202,0.11234861021082207,0.26899004206375177,0.1793975434004181,0.14917216099376424,0.1202029580538138,0.04426757718900884
906.25,4057.436,4226.667,4135.897,4166.154,4150.256,0.16778412420592875,0.11325967587639882,0.038689822910205555,0.11176264605464704,0.2335326286058658,0.1386513802424164,0.27770296638902203,0.22894078567974202,0.11234861021082207,0.26899004206375177,0.1793975434004181,0.14917216099376424,0.1202029580538138,0.04426757718900884
914.0625,4033.846,4224.103,4127.179,4161.538,4135.385,0.16778412420592875,0.11325967587639882,0.038689822910205555,0.11176264605464704,0.2335326286058658,0.1386513802424164,0.27770296638902203,0.22894078567974202,0.11234861021082207,0.26899004206375177,0.1793975434004181,0.14917216099376424,0.1202029580538138,0.04426757718900884
921.875,4028.718,4218.462,4133.333,4152.308,4130.769,0.16778412420592875,0.11325967587639882,0.038689822910205555,0.11176264605464704,0.2335326286058658,0.1386513802424164,0.27770296638902203,0.22894078567974202,0.11234861021082207,0.26899004206375177,0.1793975434004181,0.14917216099376424,0.1202029580538138,0.04426757718900884
929.6875,4046.154,4226.154,4162.051,4159.487,4141.538,0.16778412420592875,0.11325967587639882,0.038689822910205555,0.11176264605464704,0.2335326286058658,0.1386513802424164,0.27770296638902203,0.22894078567974202,0.11234861021082207,0.26899004206375177,0.1793975434004181,0.14917216099376424,0.1202029580538138,0.04426757718900884
937.5,4053.846,4233.846,4177.436,4167.692,4139.487,0.16778412420592875,0.11325967587639882,0.038689822910205555,0.11176264605464704,0.2335326286058658,0.1386513802424164,0.27770296638902203,0.22894078567974202,0.11234861021082207,0.26899004206375177,0.1793975434004181,0.14917216099376424,0.1202029580538138,0.04426757718900884
945.3125,4045.128,4220.0,4166.154,4155.385,4118.974,0.16778412420592875,0.11325967587639882,0.038689822910205555,0.11176264605464704,0.2335326286058658,0.1386513802424164,0.27770296638902203,0.22894078567974202,0.11234861021082207,0.26899004206375177,0.1793975434004181,0.14917216099376424,0.1202029580538138,0.04426757718900884
953.125,4040.513,4202.564,4150.769,4144.103,4109.231,0.16778412420592875,0.11325967587639882,0.038689822910205555,0.11176264605464704,0.2335326286058658,0.1386513802424164,0.27770296638902203,0.22894078567974202,0.11234861021082207,0.26899004206375177,0.1793975434004181,0.14917216099376424,0.1202029580538138,0.04426757718900884
960.9375,4034.872,4211.795,4138.974,4146.667,4114.359,0.16778412420592875,0.11325967587639882,0.038689822910205555,0.11176264605464704,0.2335326286058658,0.1386513802424164,0.27770296638902203,0.22894078567974202,0.11234861021082207,0.26899004206375177,0.1793975434004181,0.14917216099376424,0.1202029580538138,0.04426757718900884
968.75,4036.923,4234.872,4140.0,4157.436,4132.821,0.16778412420592875,0.11325967587639882,0.038689822910205555,0.11176264605464704,0.2335326286058658,0.1386513802424164,0.27770296638902203,0.22894078567974202,0.11234861021082207,0.26899004206375177,0.1793975434004181,0.14917216099376424,0.1202029580538138,0.04426757718900884
976.5625,4053.333,4241.538,4155.897,4163.59,4150.769,0.16778412420592875,0.11325967587639882,0.038689822910205555,0.11176264605464704,0.2335326286058658,0.1386513802424164,0.27770296638902203,0.22894078567974202,0.11234861021082207,0.26899004206375177,0.1793975434004181,0.14917216099376424,0.1202029580538138,0.04426757718900884
984.375,4057.436,4234.359,4168.718,4160.513,4144.103,0.16778412420592875,0.11325967587639882,0.038689822910205555,0.11176264605464704,0.2335326286058658,0.1386513802424164,0.27770296638902203,0.22894078567974202,0.11234861021082207,0.26899004206375177,0.1793975434004181,0.14917216099376424,0.1202029580538138,0.04426757718900884
992.1875,4060.513,4238.974,4178.974,4159.487,4144.103,0.16778412420592875,0.11325967587639882,0.038689822910205555,0.11176264605464704,0.2335326286058658,0.1386513802424164,0.27770296638902203,0.22894078567974202,0.11234861021082207,0.26899004206375177,0.1793975434004181,0.14917216099376424,0.1202029580538138,0.04426757718900884
1000.0,4078.974,4247.692,4191.282,4164.103,4166.667,0.16778412420592875,0.11325967587639882,0.038689822910205555,0.11176264605464704,0.2335326286058658,0.1386513802424164,0.27770296638902203,0.22894078567974202,0.11234861021082207,0.26899004206375177,0.1793975434004181,0.14917216099376424,0.1202029580538138,0.04426757718900884
1007.8125,4079.487,4237.436,4189.744,4165.128,4165.128,0.16778412420592875,0.11325967587639882,0.038689822910205555,0.11176264605464704,0.2335326286058658,0.1386513802424164,0.27770296638902203,0.22894078567974202,0.11234861021082207,0.26899004206375177,0.1793975434004181,0.14917216099376424,0.1202029580538138,0.04426757718900884
1015.625,4066.667,4222.051,4180.513,4167.692,4143.59,0.16778412420592875,0.11325967587639882,0.038689822910205555,0.11176264605464704,0.2335326286058658,0.1386513802424164,0.27770296638902203,0.22894078567974202,0.11234861021082207,0.26899004206375177,0.1793975434004181,0.14917216099376424,0.1202029580538138,0.04426757718900884
1023.4375,4070.769,4222.051,4171.282,4169.231,4141.538,0.16778412420592875,0.11325967587639882,0.038689822910205555,0.11176264605464704,0.2335326286058658,0.1386513802424164,0.27770296638902203,0.22894078567974202,0.11234861021082207,0.26899004206375177,0.1793975434004181,0.14917216099376424,0.1202029580538138,0.04426757718900884
1031.25,4072.308,4220.0,4149.744,4160.513,4147.692,0.16778412420592875,0.11325967587639882,0.038689822910205555,0.11176264605464704,0.2335326286058658,0.1386513802424164,0.27770296638902203,0.22894078567974202,0.11234861021082207,0.26899004206375177,0.1793975434004181,0.14917216099376424,0.1202029580538138,0.04426757718900884
1039.0625,4061.026,4215.897,4129.231,4156.41,4147.692,0.16778412420592875,0.11325967587639882,0.038689822910205555,0.11176264605464704,0.2335326286058658,0.1386513802424164,0.27770296638902203,0.22894078567974202,0.11234861021082207,0.26899004206375177,0.1793975434004181,0.14917216099376424,0.1202029580538138,0.04426757718900884
1046.875,4053.333,4222.051,4121.026,4151.282,4143.59,0.16778412420592875,0.11325967587639882,0.038689822910205555,0.11176264605464704,0.2335326286058658,0.1386513802424164,0.27770296638902203,0.22894078567974202,0.11234861021082207,0.26899004206375177,0.1793975434004181,0.14917216099376424,0.1202029580538138,0.04426757718900884
1054.6875,4048.205,4217.949,4120.513,4136.923,4134.872,0.16778412420592875,0.11325967587639882,0.038689822910205555,0.11176264605464704,0.2335326286058658,0.1386513802424164,0.27770296638902203,0.22894078567974202,0.11234861021082207,0.26899004206375177,0.1793975434004181,0.14917216099376424,0.1202029580538138,0.04426757718900884
1062.5,4044.615,4208.205,4138.462,4133.846,4130.769,0.16778412420592875,0.11325967587639882,0.038689822910205555,0.11176264605464704,0.2335326286058658,0.1386513802424164,0.27770296638902203,0.22894078567974202,0.11234861021082207,0.26899004206375177,0.1793975434004181,0.14917216099376424,0.1202029580538138,0.04426757718900884
1070.3125,4049.231,4209.231,4162.564,4134.872,4128.718,0.16778412420592875,0.11325967587639882,0.038689822910205555,0.11176264605464704,0.2335326286058658,0.1386513802424164,0.27770296638902203,0.22894078567974202,0.11234861021082207,0.26899004206375177,0.1793975434004181,0.14917216099376424,0.1202029580538138,0.04426757718900884
1078.125,4065.641,4218.974,4175.385,4138.462,4136.41,0.16778412420592875,0.11325967587639882,0.038689822910205555,0.11176264605464704,0.2335326286058658,0.1386513802424164,0.27770296638902203,0.22894078567974202,0.11234861021082207,0.26899004206375177,0.1793975434004181,0.14917216099376424,0.1202029580538138,0.04426757718900884
1085.9375,4088.718,4234.872,4185.641,4166.667,4165.128,0.16778412420592875,0.11325967587639882,0.038689822910205555,0.11176264605464704,0.2335326286058658,0.1386513802424164,0.27770296638902203,0.22894078567974202,0.11234861021082207,0.26899004206375177,0.1793975434004181,0.14917216099376424,0.1202029580538138,0.04426757718900884
1093.75,4078.974,4234.872,4170.769,4175.385,4161.026,0.16778412420592875,0.11325967587639882,0.038689822910205555,0.11176264605464704,0.2335326286058658,0.1386513802424164,0.27770296638902203,0.22894078567974202,0.11234861021082207,0.26899004206375177,0.1793975434004181,0.14917216099376424,0.1202029580538138,0.04426757718900884
1101.5625,4041.538,4223.59,4133.333,4137.436,4122.564,0.16778412420592875,0.11325967587639882,0.038689822910205555,0.11176264605464704,0.2335326286058658,0.1386513802424164,0.27770296638902203,0.22894078567974202,0.11234861021082207,0.26899004206375177,0.1793975434004181,0.14917216099376424,0.1202029580538138,0.04426757718900884
1109.375,4036.923,4237.436,4127.179,4120.513,4122.564,0.16778412420592875,0.11325967587639882,0.038689822910205555,0.11176264605464704,0.2335326286058658,0.1386513802424164,0.27770296638902203,0.22894078567974202,0.11234861021082207,0.26899004206375177,0.1793975434004181,0.14917216099376424,0.1202029580538138,0.04426757718900884
1117.1875,4057.436,4265.641,4146.667,4141.538,4147.692,0.16778412420592875,0.11325967587639882,0.038689822910205555,0.11176264605464704,0.2335326286058658,0.1386513802424164,0.27770296638902203,0.22894078567974202,0.11234861021082207,0.26899004206375177,0.1793975434004181,0.14917216099376424,0.1202029580538138,0.04426757718900884
1125.0,4055.385,4259.487,4137.436,4131.795,4139.487,0.16778412420592875,0.11325967587639882,0.038689822910205555,0.11176264605464704,0.2335326286058658,0.1386513802424164,0.27770296638902203,0.22894078567974202,0.11234861021082207,0.26899004206375177,0.1793975434004181,0.14917216099376424,0.1202029580538138,0.04426757718900884
1132.8125,4043.59,4229.231,4115.897,4097.436,4120.0,0.16778412420592875,0.11325967587639882,0.038689822910205555,0.11176264605464704,0.2335326286058658,0.1386513802424164,0.27770296638902203,0.22894078567974202,0.11234861021082207,0.26899004206375177,0.1793975434004181,0.14917216099376424,0.1202029580538138,0.04426757718900884
1140.625,4065.128,4228.718,4122.564,4102.051,4136.923,0.16778412420592875,0.11325967587639882,0.038689822910205555,0.11176264605464704,0.2335326286058658,0.1386513802424164,0.27770296638902203,0.22894078567974202,0.11234861021082207,0.26899004206375177,0.1793975434004181,0.14917216099376424,0.1202029580538138,0.04426757718900884
1148.4375,4092.821,4247.179,4134.359,4129.744,4166.154,0.16778412420592875,0.11325967587639882,0.038689822910205555,0.11176264605464704,0.2335326286058658,0.1386513802424164,0.27770296638902203,0.22894078567974202,0.11234861021082207,0.26899004206375177,0.1793975434004181,0.14917216099376424,0.1202029580538138,0.04426757718900884
1156.25,4084.615,4234.359,4123.077,4127.692,4163.077,0.16778412420592875,0.11325967587639882,0.038689822910205555,0.11176264605464704,0.2335326286058658,0.1386513802424164,0.27770296638902203,0.22894078567974202,0.11234861021082207,0.26899004206375177,0.1793975434004181,0.14917216099376424,0.1202029580538138,0.04426757718900884
1164.0625,4074.359,4221.026,4122.564,4118.462,4155.385,0.16778412420592875,0.11325967587639882,0.038689822910205555,0.11176264605464704,0.2335326286058658,0.1386513802424164,0.27770296638902203,0.22894078567974202,0.11234861021082207,0.26899004206375177,0.1793975434004181,0.14917216099376424,0.1202029580538138,0.04426757718900884
1171.875,4104.615,4245.641,4147.692,4141.026,4184.103,0.16778412420592875,0.11325967587639882,0.038689822910205555,0.11176264605464704,0.2335326286058658,0.1386513802424164,0.27770296638902203,0.22894078567974202,0.11234861021082207,0.26899004206375177,0.1793975434004181,0.14917216099376424,0.1202029580538138,0.04426757718900884
1179.6875,4130.769,4259.487,4156.923,4150.769,4207.692,0.16778412420592875,0.11325967587639882,0.038689822910205555,0.11176264605464704,0.2335326286058658,0.1386513802424164,0.27770296638902203,0.22894078567974202,0.11234861021082207,0.26899004206375177,0.1793975434004181,0.14917216099376424,0.1202029580538138,0.04426757718900884
1187.5,4131.795,4255.897,4155.897,4143.077,4211.282,0.16778412420592875,0.11325967587639882,0.038689822910205555,0.11176264605464704,0.2335326286058658,0.1386513802424164,0.27770296638902203,0.22894078567974202,0.11234861021082207,0.26899004206375177,0.1793975434004181,0.14917216099376424,0.1202029580538138,0.04426757718900884
1195.3125,4149.231,4276.923,4173.846,4165.641,4231.282,0.16778412420592875,0.11325967587639882,0.038689822910205555,0.11176264605464704,0.2335326286058658,0.1386513802424164,0.27770296638902203,0.22894078567974202,0.11234861021082207,0.26899004206375177,0.1793975434004181,0.14917216099376424,0.1202029580538138,0.04426757718900884
1203.125,4159.487,4283.59,4171.282,4172.308,4233.846,0.16778412420592875,0.11325967587639882,0.038689822910205555,0.11176264605464704,0.2335326286058658,0.1386513802424164,0.27770296638902203,0.22894078567974202,0.11234861021082207,0.26899004206375177,0.1793975434004181,0.14917216099376424,0.1202029580538138,0.04426757718900884
1210.9375,4147.179,4253.846,4144.103,4142.564,4211.282,0.16778412420592875,0.11325967587639882,0.038689822910205555,0.11176264605464704,0.2335326286058658,0.1386513802424164,0.27770296638902203,0.22894078567974202,0.11234861021082207,0.26899004206375177,0.1793975434004181,0.14917216099376424,0.1202029580538138,0.04426757718900884
1218.75,4160.513,4241.538,4147.692,4144.103,4224.103,0.16778412420592875,0.11325967587639882,0.038689822910205555,0.11176264605464704,0.2335326286058658,0.1386513802424164,0.27770296638902203,0.22894078567974202,0.11234861021082207,0.26899004206375177,0.1793975434004181,0.14917216099376424,0.1202029580538138,0.04426757718900884
1226.5625,4194.359,4254.359,4168.205,4164.615,4249.744,0.16778412420592875,0.11325967587639882,0.038689822910205555,0.11176264605464704,0.2335326286058658,0.1386513802424164,0.27770296638902203,0.22894078567974202,0.11234861021082207,0.26899004206375177,0.1793975434004181,0.14917216099376424,0.1202029580538138,0.04426757718900884
1234.375,4197.436,4256.923,4163.59,4150.769,4238.462,0.16778412420592875,0.11325967587639882,0.038689822910205555,0.11176264605464704,0.2335326286058658,0.1386513802424164,0.27770296638902203,0.22894078567974202,0.11234861021082207,0.26899004206375177,0.1793975434004181,0.14917216099376424,0.1202029580538138,0.04426757718900884
1242.1875,4180.513,4248.718,4151.282,4128.205,4216.41,0.16778412420592875,0.11325967587639882,0.038689822910205555,0.11176264605464704,0.2335326286058658,0.1386513802424164,0.27770296638902203,0.22894078567974202,0.11234861021082207,0.26899004206375177,0.1793975434004181,0.14917216099376424,0.1202029580538138,0.04426757718900884
1250.0,4180.513,4254.359,4153.846,4125.128,4217.436,0.16778412420592875,0.11325967587639882,0.038689822910205555,0.11176264605464704,0.2335326286058658,0.1386513802424164,0.27770296638902203,0.22894078567974202,0.11234861021082207,0.26899004206375177,0.1793975434004181,0.14917216099376424,0.1202029580538138,0.04426757718900884
1257.8125,4188.718,4270.256,4163.59,4134.872,4231.795,0.16778412420592875,0.11325967587639882,0.038689822910205555,0.11176264605464704,0.2335326286058658,0.1386513802424164,0.27770296638902203,0.22894078567974202,0.11234861021082207,0.26899004206375177,0.1793975434004181,0.14917216099376424,0.1202029580538138,0.04426757718900884
1265.625,4190.769,4282.564,4169.231,4149.744,4244.615,0.16778412420592875,0.11325967587639882,0.038689822910205555,0.11176264605464704,0.2335326286058658,0.1386513802424164,0.27770296638902203,0.22894078567974202,0.11234861021082207,0.26899004206375177,0.1793975434004181,0.14917216099376424,0.1202029580538138,0.04426757718900884
1273.4375,4197.436,4285.641,4170.256,4157.436,4246.154,0.16778412420592875,0.11325967587639882,0.038689822910205555,0.11176264605464704,0.2335326286058658,0.1386513802424164,0.27770296638902203,0.22894078567974202,0.11234861021082207,0.26899004206375177,0.1793975434004181,0.14917216099376424,0.1202029580538138,0.04426757718900884
1281.25,4216.923,4286.667,4184.615,4169.744,4249.231,0.16778412420592875,0.11325967587639882,0.038689822910205555,0.11176264605464704,0.2335326286058658,0.1386513802424164,0.27770296638902203,0.22894078567974202,0.11234861021082207,0.26899004206375177,0.1793975434004181,0.14917216099376424,0.1202029580538138,0.04426757718900884
1289.0625,4214.359,4287.692,4195.385,4172.821,4249.231,0.16778412420592875,0.11325967587639882,0.038689822910205555,0.11176264605464704,0.2335326286058658,0.1386513802424164,0.27770296638902203,0.22894078567974202,0.11234861021082207,0.26899004206375177,0.1793975434004181,0.14917216099376424,0.1202029580538138,0.04426757718900884
1296.875,4190.769,4273.333,4183.077,4143.59,4230.769,0.16778412420592875,0.11325967587639882,0.038689822910205555,0.11176264605464704,0.2335326286058658,0.1386513802424164,0.27770296638902203,0.22894078567974202,0.11234861021082207,0.26899004206375177,0.1793975434004181,0.14917216099376424,0.1202029580538138,0.04426757718900884
1304.6875,4184.103,4261.026,4168.718,4124.103,4220.0,0.16778412420592875,0.11325967587639882,0.038689822910205555,0.11176264605464704,0.2335326286058658,0.1386513802424164,0.27770296638902203,0.22894078567974202,0.11234861021082207,0.26899004206375177,0.1793975434004181,0.14917216099376424,0.1202029580538138,0.04426757718900884
1312.5,4201.026,4277.949,4171.795,4144.103,4241.538,0.16778412420592875,0.11325967587639882,0.038689822910205555,0.11176264605464704,0.2335326286058658,0.1386513802424164,0.27770296638902203,0.22894078567974202,0.11234861021082207,0.26899004206375177,0.1793975434004181,0.14917216099376424,0.1202029580538138,0.04426757718900884
1320.3125,4228.718,4312.308,4184.103,4180.0,4274.359,0.16778412420592875,0.11325967587639882,0.038689822910205555,0.11176264605464704,0.2335326286058658,0.1386513802424164,0.27770296638902203,0.22894078567974202,0.11234861021082207,0.26899004206375177,0.1793975434004181,0.14917216099376424,0.1202029580538138,0.04426757718900884
1328.125,4239.487,4311.795,4191.282,4197.949,4275.385,0.16778412420592875,0.11325967587639882,0.038689822910205555,0.11176264605464704,0.2335326286058658,0.1386513802424164,0.27770296638902203,0.22894078567974202,0.11234861021082207,0.26899004206375177,0.1793975434004181,0.14917216099376424,0.1202029580538138,0.04426757718900884
1335.9375,4228.718,4285.128,4190.256,4188.205,4251.795,0.16778412420592875,0.11325967587639882,0.038689822910205555,0.11176264605464704,0.2335326286058658,0.1386513802424164,0.27770296638902203,0.22894078567974202,0.11234861021082207,0.26899004206375177,0.1793975434004181,0.14917216099376424,0.1202029580538138,0.04426757718900884
1343.75,4220.0,4286.154,4183.077,4177.436,4246.154,0.16778412420592875,0.11325967587639882,0.038689822910205555,0.11176264605464704,0.2335326286058658,0.1386513802424164,0.27770296638902203,0.22894078567974202,0.11234861021082207,0.26899004206375177,0.1793975434004181,0.14917216099376424,0.1202029580538138,0.04426757718900884
1351.5625,4211.282,4289.744,4169.231,4174.359,4245.641,0.16778412420592875,0.11325967587639882,0.038689822910205555,0.11176264605464704,0.2335326286058658,0.1386513802424164,0.27770296638902203,0.22894078567974202,0.11234861021082207,0.26899004206375177,0.1793975434004181,0.14917216099376424,0.1202029580538138,0.04426757718900884
1359.375,4201.538,4270.256,4160.513,4167.179,4235.385,0.16778412420592875,0.11325967587639882,0.038689822910205555,0.11176264605464704,0.2335326286058658,0.1386513802424164,0.27770296638902203,0.22894078567974202,0.11234861021082207,0.26899004206375177,0.1793975434004181,0.14917216099376424,0.1202029580538138,0.04426757718900884
1367.1875,4205.641,4251.282,4168.205,4160.513,4228.718,0.16778412420592875,0.11325967587639882,0.038689822910205555,0.11176264605464704,0.2335326286058658,0.1386513802424164,0.27770296638902203,0.22894078567974202,0.11234861021082207,0.26899004206375177,0.1793975434004181,0.14917216099376424,0.1202029580538138,0.04426757718900884
1375.0,4211.795,4246.154,4177.436,4161.538,4229.231,0.16778412420592875,0.11325967587639882,0.038689822910205555,0.11176264605464704,0.2335326286058658,0.1386513802424164,0.27770296638902203,0.22894078567974202,0.11234861021082207,0.26899004206375177,0.1793975434004181,0.14917216099376424,0.1202029580538138,0.04426757718900884
1382.8125,4199.487,4242.564,4172.821,4164.103,4232.821,0.16778412420592875,0.11325967587639882,0.038689822910205555,0.11176264605464704,0.2335326286058658,0.1386513802424164,0.27770296638902203,0.22894078567974202,0.11234861021082207,0.26899004206375177,0.1793975434004181,0.14917216099376424,0.1202029580538138,0.04426757718900884
1390.625,4191.795,4250.769,4165.128,4167.692,4241.538,0.16778412420592875,0.11325967587639882,0.038689822910205555,0.11176264605464704,0.2335326286058658,0.1386513802424164,0.27770296638902203,0.22894078567974202,0.11234861021082207,0.26899004206375177,0.1793975434004181,0.14917216099376424,0.1202029580538138,0.04426757718900884
1398.4375,4199.487,4264.615,4163.59,4173.333,4248.205,0.16778412420592875,0.11325967587639882,0.038689822910205555,0.11176264605464704,0.2335326286058658,0.1386513802424164,0.27770296638902203,0.22894078567974202,0.11234861021082207,0.26899004206375177,0.1793975434004181,0.14917216099376424,0.1202029580538138,0.04426757718900884
1406.25,4213.846,4253.846,4173.846,4173.846,4241.538,0.16778412420592875,0.11325967587639882,0.038689822910205555,0.11176264605464704,0.2335326286058658,0.1386513802424164,0.27770296638902203,0.22894078567974202,0.11234861021082207,0.26899004206375177,0.1793975434004181,0.14917216099376424,0.1202029580538138,0.04426757718900884
1414.0625,4228.205,4241.026,4192.308,4174.359,4231.795,0.16778412420592875,0.11325967587639882,0.038689822910205555,0.11176264605464704,0.2335326286058658,0.1386513802424164,0.27770296638902203,0.22894078567974202,0.11234861021082207,0.26899004206375177,0.1793975434004181,0.14917216099376424,0.1202029580538138,0.04426757718900884
1421.875,4221.026,4240.0,4191.795,4164.615,4210.256,0.16778412420592875,0.11325967587639882,0.038689822910205555,0.11176264605464704,0.2335326286058658,0.1386513802424164,0.27770296638902203,0.22894078567974202,0.11234861021082207,0.26899004206375177,0.1793975434004181,0.14917216099376424,0.1202029580538138,0.04426757718900884
1429.6875,4196.41,4230.769,4171.795,4139.487,4182.051,0.16778412420592875,0.11325967587639882,0.038689822910205555,0.11176264605464704,0.2335326286058658,0.1386513802424164,0.27770296638902203,0.22894078567974202,0.11234861021082207,0.26899004206375177,0.1793975434004181,0.14917216099376424,0.1202029580538138,0.04426757718900884
1437.5,4188.205,4229.744,4165.128,4126.154,4175.385,0.16778412420592875,0.11325967587639882,0.038689822910205555,0.11176264605464704,0.2335326286058658,0.1386513802424164,0.27770296638902203,0.22894078567974202,0.11234861021082207,0.26899004206375177,0.1793975434004181,0.14917216099376424,0.1202029580538138,0.04426757718900884
1445.3125,4193.846,4243.077,4165.641,4126.154,4175.385,0.16778412420592875,0.11325967587639882,0.038689822910205555,0.11176264605464704,0.2335326286058658,0.1386513802424164,0.27770296638902203,0.22894078567974202,0.11234861021082207,0.26899004206375177,0.1793975434004181,0.14917216099376424,0.1202029580538138,0.04426757718900884
1453.125,4193.333,4248.205,4155.385,4133.333,4176.923,0.16778412420592875,0.11325967587639882,0.038689822910205555,0.11176264605464704,0.2335326286058658,0.1386513802424164,0.27770296638902203,0.22894078567974202,0.11234861021082207,0.26899004206375177,0.1793975434004181,0.14917216099376424,0.1202029580538138,0.04426757718900884
1460.9375,4191.282,4244.103,4148.205,4142.051,4180.513,0.16778412420592875,0.11325967587639882,0.038689822910205555,0.11176264605464704,0.2335326286058658,0.1386513802424164,0.27770296638902203,0.22894078567974202,0.11234861021082207,0.26899004206375177,0.1793975434004181,0.14917216099376424,0.1202029580538138,0.04426757718900884
1468.75,4183.077,4233.846,4150.256,4136.923,4165.128,0.16778412420592875,0.11325967587639882,0.038689822910205555,0.11176264605464704,0.2335326286058658,0.1386513802424164,0.27770296638902203,0.22894078567974202,0.11234861021082207,0.26899004206375177,0.1793975434004181,0.14917216099376424,0.1202029580538138,0.04426757718900884
1476.5625,4175.385,4217.436,4160.513,4131.795,4146.154,0.16778412420592875,0.11325967587639882,0.038689822910205555,0.11176264605464704,0.2335326286058658,0.1386513802424164,0.27770296638902203,0.22894078567974202,0.11234861021082207,0.26899004206375177,0.1793975434004181,0.14917216099376424,0.1202029580538138,0.04426757718900884
1484.375,4194.872,4223.59,4186.154,4139.487,4157.949,0.16778412420592875,0.11325967587639882,0.038689822910205555,0.11176264605464704,0.2335326286058658,0.1386513802424164,0.27770296638902203,0.22894078567974202,0.11234861021082207,0.26899004206375177,0.1793975434004181,0.14917216099376424,0.1202029580538138,0.04426757718900884
1492.1875,4217.949,4255.897,4212.821,4147.692,4184.103,0.16778412420592875,0.11325967587639882,0.038689822910205555,0.11176264605464704,0.2335326286058658,0.1386513802424164,0.27770296638902203,0.22894078567974202,0.11234861021082207,0.26899004206375177,0.1793975434004181,0.14917216099376424,0.1202029580538138,0.04426757718900884
1500.0,4211.795,4265.641,4213.333,4146.667,4191.795,0.16778412420592875,0.11325967587639882,0.038689822910205555,0.11176264605464704,0.2335326286058658,0.1386513802424164,0.27770296638902203,0.22894078567974202,0.11234861021082207,0.26899004206375177,0.1793975434004181,0.14917216099376424,0.1202029580538138,0.04426757718900884
1507.8125,4200.0,4255.385,4190.256,4147.692,4190.769,0.16778412420592875,0.11325967587639882,0.038689822910205555,0.11176264605464704,0.2335326286058658,0.1386513802424164,0.27770296638902203,0.22894078567974202,0.11234861021082207,0.26899004206375177,0.1793975434004181,0.14917216099376424,0.1202029580538138,0.04426757718900884
1515.625,4208.718,4257.436,4177.436,4150.769,4191.282,0.16778412420592875,0.11325967587639882,0.038689822910205555,0.11176264605464704,0.2335326286058658,0.1386513802424164,0.27770296638902203,0.22894078567974202,0.11234861021082207,0.26899004206375177,0.1793975434004181,0.14917216099376424,0.1202029580538138,0.04426757718900884
1523.4375,4225.128,4260.0,4195.897,4155.897,4194.872,0.16778412420592875,0.11325967587639882,0.038689822910205555,0.11176264605464704,0.2335326286058658,0.1386513802424164,0.27770296638902203,0.22894078567974202,0.11234861021082207,0.26899004206375177,0.1793975434004181,0.14917216099376424,0.1202029580538138,0.04426757718900884
1531.25,4226.667,4252.821,4217.949,4164.615,4198.462,0.16778412420592875,0.11325967587639882,0.038689822910205555,0.11176264605464704,0.2335326286058658,0.1386513802424164,0.27770296638902203,0.22894078567974202,0.11234861021082207,0.26899004206375177,0.1793975434004181,0.14917216099376424,0.1202029580538138,0.04426757718900884
1539.0625,4207.692,4245.641,4211.282,4149.231,4186.154,0.16778412420592875,0.11325967587639882,0.038689822910205555,0.11176264605464704,0.2335326286058658,0.1386513802424164,0.27770296638902203,0.22894078567974202,0.11234861021082207,0.26899004206375177,0.1793975434004181,0.14917216099376424,0.1202029580538138,0.04426757718900884
1546.875,4198.462,4244.615,4190.769,4131.795,4180.0,0.16778412420592875,0.11325967587639882,0.038689822910205555,0.11176264605464704,0.2335326286058658,0.1386513802424164,0.27770296638902203,0.22894078567974202,0.11234861021082207,0.26899004206375177,0.1793975434004181,0.14917216099376424,0.1202029580538138,0.04426757718900884
1554.6875,4214.359,4248.205,4179.487,4146.154,4196.923,0.16778412420592875,0.11325967587639882,0.038689822910205555,0.11176264605464704,0.2335326286058658,0.1386513802424164,0.27770296638902203,0.22894078567974202,0.11234861021082207,0.26899004206375177,0.1793975434004181,0.14917216099376424,0.1202029580538138,0.04426757718900884
1562.5,4218.462,4242.564,4164.615,4158.462,4201.538,0.16778412420592875,0.11325967587639882,0.038689822910205555,0.11176264605464704,0.2335326286058658,0.1386513802424164,0.27770296638902203,0.22894078567974202,0.11234861021082207,0.26899004206375177,0.1793975434004181,0.14917216099376424,0.1202029580538138,0.04426757718900884
1570.3125,4209.231,4227.692,4162.564,4147.692,4188.205,0.16778412420592875,0.11325967587639882,0.038689822910205555,0.11176264605464704,0.2335326286058658,0.1386513802424164,0.27770296638902203,0.22894078567974202,0.11234861021082207,0.26899004206375177,0.1793975434004181,0.14917216099376424,0.1202029580538138,0.04426757718900884
1578.125,4213.333,4228.205,4187.179,4146.667,4185.128,0.16778412420592875,0.11325967587639882,0.038689822910205555,0.11176264605464704,0.2335326286058658,0.1386513802424164,0.27770296638902203,0.22894078567974202,0.11234861021082207,0.26899004206375177,0.1793975434004181,0.14917216099376424,0.1202029580538138,0.04426757718900884
1585.9375,4210.256,4238.462,4195.897,4152.821,4185.128,0.16778412420592875,0.11325967587639882,0.038689822910205555,0.11176264605464704,0.2335326286058658,0.1386513802424164,0.27770296638902203,0.22894078567974202,0.11234861021082207,0.26899004206375177,0.1793975434004181,0.14917216099376424,0.1202029580538138,0.04426757718900884
1593.75,4188.205,4233.333,4172.821,4133.333,4170.256,0.16778412420592875,0.11325967587639882,0.038689822910205555,0.11176264605464704,0.2335326286058658,0.1386513802424164,0.27770296638902203,0.22894078567974202,0.11234861021082207,0.26899004206375177,0.1793975434004181,0.14917216099376424,0.1202029580538138,0.04426757718900884
1601.5625,4176.41,4225.641,4153.333,4120.513,4168.718,0.16778412420592875,0.11325967587639882,0.038689822910205555,0.11176264605464704,0.2335326286058658,0.1386513802424164,0.27770296638902203,0.22894078567974202,0.11234861021082207,0.26899004206375177,0.1793975434004181,0.14917216099376424,0.1202029580538138,0.04426757718900884
1609.375,4181.538,4219.487,4150.769,4135.897,4183.59,0.16778412420592875,0.11325967587639882,0.038689822910205555,0.11176264605464704,0.2335326286058658,0.1386513802424164,0.27770296638902203,0.22894078567974202,0.11234861021082207,0.26899004206375177,0.1793975434004181,0.14917216099376424,0.1202029580538138,0.04426757718900884
1617.1875,4198.974,4222.564,4162.051,4151.282,4195.385,0.16778412420592875,0.11325967587639882,0.038689822910205555,0.11176264605464704,0.2335326286058658,0.1386513802424164,0.27770296638902203,0.22894078567974202,0.11234861021082207,0.26899004206375177,0.1793975434004181,0.14917216099376424,0.1202029580538138,0.04426757718900884
1625.0,4223.077,4239.487,4181.026,4154.359,4192.821,0.16778412420592875,0.11325967587639882,0.038689822910205555,0.11176264605464704,0.2335326286058658,0.1386513802424164,0.27770296638902203,0.22894078567974202,0.11234861021082207,0.26899004206375177,0.1793975434004181,0.14917216099376424,0.1202029580538138,0.04426757718900884
1632.8125,4243.077,4260.0,4200.0,4150.769,4187.692,0.16778412420592875,0.11325967587639882,0.038689822910205555,0.11176264605464704,0.2335326286058658,0.1386513802424164,0.27770296638902203,0.22894078567974202,0.11234861021082207,0.26899004206375177,0.1793975434004181,0.14917216099376424,0.1202029580538138,0.04426757718900884
1640.625,4247.692,4271.795,4206.667,4139.487,4188.718,0.16778412420592875,0.11325967587639882,0.038689822910205555,0.11176264605464704,0.2335326286058658,0.1386513802424164,0.27770296638902203,0.22894078567974202,0.11234861021082207,0.26899004206375177,0.1793975434004181,0.14917216099376424,0.1202029580538138,0.04426757718900884
1648.4375,4237.949,4271.795,4193.333,4132.821,4185.128,0.16778412420592875,0.11325967587639882,0.038689822910205555,0.11176264605464704,0.2335326286058658,0.1386513802424164,0.27770296638902203,0.22894078567974202,0.11234861021082207,0.26899004206375177,0.1793975434004181,0.14917216099376424,0.1202029580538138,0.04426757718900884
1656.25,4227.179,4258.974,4170.769,4138.974,4174.359,0.16778412420592875,0.11325967587639882,0.038689822910205555,0.11176264605464704,0.2335326286058658,0.1386513802424164,0.27770296638902203,0.22894078567974202,0.11234861021082207,0.26899004206375177,0.1793975434004181,0.14917216099376424,0.1202029580538138,0.04426757718900884
1664.0625,4207.179,4229.231,4143.59,4130.256,4148.205,0.16778412420592875,0.11325967587639882,0.038689822910205555,0.11176264605464704,0.2335326286058658,0.1386513802424164,0.27770296638902203,0.22894078567974202,0.11234861021082207,0.26899004206375177,0.1793975434004181,0.14917216099376424,0.1202029580538138,0.04426757718900884
1671.875,4173.333,4201.026,4116.41,4102.564,4112.308,0.16778412420592875,0.11325967587639882,0.038689822910205555,0.11176264605464704,0.2335326286058658,0.1386513802424164,0.27770296638902203,0.22894078567974202,0.11234861021082207,0.26899004206375177,0.1793975434004181,0.14917216099376424,0.1202029580538138,0.04426757718900884
1679.6875,4149.231,4186.667,4098.974,4084.103,4093.846,0.16778412420592875,0.11325967587639882,0.038689822910205555,0.11176264605464704,0.2335326286058658,0.1386513802424164,0.27770296638902203,0.22894078567974202,0.11234861021082207,0.26899004206375177,0.1793975434004181,0.14917216099376424,0.1202029580538138,0.04426757718900884
1687.5,4145.641,4176.923,4093.333,4077.949,4096.923,0.16778412420592875,0.11325967587639882,0.038689822910205555,0.11176264605464704,0.2335326286058658,0.1386513802424164,0.27770296638902203,0.22894078567974202,0.11234861021082207,0.26899004206375177,0.1793975434004181,0.14917216099376424,0.1202029580538138,0.04426757718900884
1695.3125,4146.154,4172.821,4096.923,4075.385,4100.513,0.16778412420592875,0.11325967587639882,0.038689822910205555,0.11176264605464704,0.2335326286058658,0.1386513802424164,0.27770296638902203,0.22894078567974202,0.11234861021082207,0.26899004206375177,0.1793975434004181,0.14917216099376424,0.1202029580538138,0.04426757718900884
1703.125,4158.974,4184.103,4111.795,4082.051,4108.205,0.16778412420592875,0.11325967587639882,0.038689822910205555,0.11176264605464704,0.2335326286058658,0.1386513802424164,0.27770296638902203,0.22894078567974202,0.11234861021082207,0.26899004206375177,0.1793975434004181,0.14917216099376424,0.1202029580538138,0.04426757718900884
1710.9375,4181.026,4201.026,4133.846,4100.513,4125.128,0.16778412420592875,0.11325967587639882,0.038689822910205555,0.11176264605464704,0.2335326286058658,0.1386513802424164,0.27770296638902203,0.22894078567974202,0.11234861021082207,0.26899004206375177,0.1793975434004181,0.14917216099376424,0.1202029580538138,0.04426757718900884
1718.75,4198.974,4222.051,4160.513,4127.179,4143.077,0.16778412420592875,0.11325967587639882,0.038689822910205555,0.11176264605464704,0.2335326286058658,0.1386513802424164,0.27770296638902203,0.22894078567974202,0.11234861021082207,0.26899004206375177,0.1793975434004181,0.14917216099376424,0.1202029580538138,0.04426757718900884
1726.5625,4212.821,4247.692,4184.103,4147.179,4159.487,0.16778412420592875,0.11325967587639882,0.038689822910205555,0.11176264605464704,0.2335326286058658,0.1386513802424164,0.27770296638902203,0.22894078567974202,0.11234861021082207,0.26899004206375177,0.1793975434004181,0.14917216099376424,0.1202029580538138,0.04426757718900884
1734.375,4216.923,4260.0,4187.179,4146.154,4157.949,0.16778412420592875,0.11325967587639882,0.038689822910205555,0.11176264605464704,0.2335326286058658,0.1386513802424164,0.27770296638902203,0.22894078567974202,0.11234861021082207,0.26899004206375177,0.1793975434004181,0.14917216099376424,0.1202029580538138,0.04426757718900884
1742.1875,4228.718,4274.359,4187.179,4160.513,4170.769,0.16778412420592875,0.11325967587639882,0.038689822910205555,0.11176264605464704,0.2335326286058658,0.1386513802424164,0.27770296638902203,0.22894078567974202,0.11234861021082207,0.26899004206375177,0.1793975434004181,0.14917216099376424,0.1202029580538138,0.04426757718900884
1750.0,4254.872,4292.821,4202.051,4190.769,4206.667,0.16778412420592875,0.11325967587639882,0.038689822910205555,0.11176264605464704,0.2335326286058658,0.1386513802424164,0.27770296638902203,0.22894078567974202,0.11234861021082207,0.26899004206375177,0.1793975434004181,0.14917216099376424,0.1202029580538138,0.04426757718900884
1757.8125,4265.641,4283.077,4216.923,4192.821,4212.821,0.16778412420592875,0.11325967587639882,0.038689822910205555,0.11176264605464704,0.2335326286058658,0.1386513802424164,0.27770296638902203,0.22894078567974202,0.11234861021082207,0.26899004206375177,0.1793975434004181,0.14917216099376424,0.1202029580538138,0.04426757718900884
1765.625,4252.308,4262.051,4220.0,4173.846,4192.308,0.16778412420592875,0.11325967587639882,0.038689822910205555,0.11176264605464704,0.2335326286058658,0.1386513802424164,0.27770296638902203,0.22894078567974202,0.11234861021082207,0.26899004206375177,0.1793975434004181,0.14917216099376424,0.1202029580538138,0.04426757718900884
1773.4375,4235.385,4255.385,4197.436,4161.538,4187.692,0.16778412420592875,0.11325967587639882,0.038689822910205555,0.11176264605464704,0.2335326286058658,0.1386513802424164,0.27770296638902203,0.22894078567974202,0.11234861021082207,0.26899004206375177,0.1793975434004181,0.14917216099376424,0.1202029580538138,0.04426757718900884
1781.25,4225.641,4254.872,4167.692,4157.436,4192.308,0.16778412420592875,0.11325967587639882,0.038689822910205555,0.11176264605464704,0.2335326286058658,0.1386513802424164,0.27770296638902203,0.22894078567974202,0.11234861021082207,0.26899004206375177,0.1793975434004181,0.14917216099376424,0.1202029580538138,0.04426757718900884
1789.0625,4216.923,4248.718,4152.821,4147.692,4175.385,0.16778412420592875,0.11325967587639882,0.038689822910205555,0.11176264605464704,0.2335326286058658,0.1386513802424164,0.27770296638902203,0.22894078567974202,0.11234861021082207,0.26899004206375177,0.1793975434004181,0.14917216099376424,0.1202029580538138,0.04426757718900884
1796.875,4211.282,4234.872,4150.256,4137.949,4158.462,0.16778412420592875,0.11325967587639882,0.038689822910205555,0.11176264605464704,0.2335326286058658,0.1386513802424164,0.27770296638902203,0.22894078567974202,0.11234861021082207,0.26899004206375177,0.1793975434004181,0.14917216099376424,0.1202029580538138,0.04426757718900884
1804.6875,4218.462,4228.718,4165.641,4141.026,4163.077,0.16778412420592875,0.11325967587639882,0.038689822910205555,0.11176264605464704,0.2335326286058658,0.1386513802424164,0.27770296638902203,0.22894078567974202,0.11234861021082207,0.26899004206375177,0.1793975434004181,0.14917216099376424,0.1202029580538138,0.04426757718900884
1812.5,4220.0,4256.41,4197.949,4153.333,4163.077,0.16778412420592875,0.11325967587639882,0.038689822910205555,0.11176264605464704,0.2335326286058658,0.1386513802424164,0.27770296638902203,0.22894078567974202,0.11234861021082207,0.26899004206375177,0.1793975434004181,0.14917216099376424,0.1202029580538138,0.04426757718900884
1820.3125,4222.051,4289.231,4208.718,4163.59,4175.385,0.16778412420592875,0.11325967587639882,0.038689822910205555,0.11176264605464704,0.2335326286058658,0.1386513802424164,0.27770296638902203,0.22894078567974202,0.11234861021082207,0.26899004206375177,0.1793975434004181,0.14917216099376424,0.1202029580538138,0.04426757718900884
1828.125,4248.718,4285.128,4197.949,4172.308,4215.385,0.16778412420592875,0.11325967587639882,0.038689822910205555,0.11176264605464704,0.2335326286058658,0.1386513802424164,0.27770296638902203,0.22894078567974202,0.11234861021082207,0.26899004206375177,0.1793975434004181,0.14917216099376424,0.1202029580538138,0.04426757718900884
1835.9375,4284.103,4269.231,4211.795,4181.026,4247.692,0.16778412420592875,0.11325967587639882,0.038689822910205555,0.11176264605464704,0.2335326286058658,0.1386513802424164,0.27770296638902203,0.22894078567974202,0.11234861021082207,0.26899004206375177,0.1793975434004181,0.14917216099376424,0.1202029580538138,0.04426757718900884
1843.75,4314.872,4277.949,4233.333,4192.308,4273.846,0.16778412420592875,0.11325967587639882,0.038689822910205555,0.11176264605464704,0.2335326286058658,0.1386513802424164,0.27770296638902203,0.22894078567974202,0.11234861021082207,0.26899004206375177,0.1793975434004181,0.14917216099376424,0.1202029580538138,0.04426757718900884
1851.5625,4339.487,4279.487,4228.205,4203.59,4309.231,0.16778412420592875,0.11325967587639882,0.038689822910205555,0.11176264605464704,0.2335326286058658,0.1386513802424164,0.27770296638902203,0.22894078567974202,0.11234861021082207,0.26899004206375177,0.1793975434004181,0.14917216099376424,0.1202029580538138,0.04426757718900884
1859.375,4337.949,4256.923,4219.487,4193.333,4309.744,0.16778412420592875,0.11325967587639882,0.038689822910205555,0.11176264605464704,0.2335326286058658,0.1386513802424164,0.27770296638902203,0.22894078567974202,0.11234861021082207,0.26899004206375177,0.1793975434004181,0.14917216099376424,0.1202029580538138,0.04426757718900884
1867.1875,4327.692,4250.256,4225.641,4178.462,4283.59,0.16778412420592875,0.11325967587639882,0.038689822910205555,0.11176264605464704,0.2335326286058658,0.1386513802424164,0.27770296638902203,0.22894078567974202,0.11234861021082207,0.26899004206375177,0.1793975434004181,0.14917216099376424,0.1202029580538138,0.04426757718900884
1875.0,4343.077,4265.128,4238.974,4189.744,4290.256,0.16778412420592875,0.11325967587639882,0.038689822910205555,0.11176264605464704,0.2335326286058658,0.1386513802424164,0.27770296638902203,0.22894078567974202,0.11234861021082207,0.26899004206375177,0.1793975434004181,0.14917216099376424,0.1202029580538138,0.04426757718900884
1882.8125,4352.821,4269.744,4234.359,4203.077,4308.718,0.16778412420592875,0.11325967587639882,0.038689822910205555,0.11176264605464704,0.2335326286058658,0.1386513802424164,0.27770296638902203,0.22894078567974202,0.11234861021082207,0.26899004206375177,0.1793975434004181,0.14917216099376424,0.1202029580538138,0.04426757718900884
1890.625,4320.0,4243.077,4204.103,4181.538,4283.59,0.16778412420592875,0.11325967587639882,0.038689822910205555,0.11176264605464704,0.2335326286058658,0.1386513802424164,0.27770296638902203,0.22894078567974202,0.11234861021082207,0.26899004206375177,0.1793975434004181,0.14917216099376424,0.1202029580538138,0.04426757718900884
1898.4375,4280.0,4206.154,4184.615,4137.949,4240.0,0.16778412420592875,0.11325967587639882,0.038689822910205555,0.11176264605464704,0.2335326286058658,0.1386513802424164,0.27770296638902203,0.22894078567974202,0.11234861021082207,0.26899004206375177,0.1793975434004181,0.14917216099376424,0.1202029580538138,0.04426757718900884
1906.25,4272.821,4211.282,4186.154,4132.308,4230.256,0.16778412420592875,0.11325967587639882,0.038689822910205555,0.11176264605464704,0.2335326286058658,0.1386513802424164,0.27770296638902203,0.22894078567974202,0.11234861021082207,0.26899004206375177,0.1793975434004181,0.14917216099376424,0.1202029580538138,0.04426757718900884
1914.0625,4289.744,4245.641,4183.59,4169.744,4252.308,0.16778412420592875,0.11325967587639882,0.038689822910205555,0.11176264605464704,0.2335326286058658,0.1386513802424164,0.27770296638902203,0.22894078567974202,0.11234861021082207,0.26899004206375177,0.1793975434004181,0.14917216099376424,0.1202029580538138,0.04426757718900884
1921.875,4292.308,4252.821,4182.051,4182.051,4254.872,0.16778412420592875,0.11325967587639882,0.038689822910205555,0.11176264605464704,0.2335326286058658,0.1386513802424164,0.27770296638902203,0.22894078567974202,0.11234861021082207,0.26899004206375177,0.1793975434004181,0.14917216099376424,0.1202029580538138,0.04426757718900884
1929.6875,4285.128,4244.615,4188.205,4161.538,4243.077,0.16778412420592875,0.11325967587639882,0.038689822910205555,0.11176264605464704,0.2335326286058658,0.1386513802424164,0.27770296638902203,0.22894078567974202,0.11234861021082207,0.26899004206375177,0.1793975434004181,0.14917216099376424,0.1202029580538138,0.04426757718900884
1937.5,4304.103,4263.59,4198.974,4181.026,4264.103,0.16778412420592875,0.11325967587639882,0.038689822910205555,0.11176264605464704,0.2335326286058658,0.1386513802424164,0.27770296638902203,0.22894078567974202,0.11234861021082207,0.26899004206375177,0.1793975434004181,0.14917216099376424,0.1202029580538138,0.04426757718900884
1945.3125,4320.0,4272.308,4214.872,4208.718,4281.026,0.16778412420592875,0.11325967587639882,0.038689822910205555,0.11176264605464704,0.2335326286058658,0.1386513802424164,0.27770296638902203,0.22894078567974202,0.11234861021082207,0.26899004206375177,0.1793975434004181,0.14917216099376424,0.1202029580538138,0.04426757718900884
1953.125,4304.103,4256.923,4217.949,4187.692,4267.692,0.16778412420592875,0.11325967587639882,0.038689822910205555,0.11176264605464704,0.2335326286058658,0.1386513802424164,0.27770296638902203,0.22894078567974202,0.11234861021082207,0.26899004206375177,0.1793975434004181,0.14917216099376424,0.1202029580538138,0.04426757718900884
1960.9375,4296.923,4251.282,4195.897,4178.462,4260.0,0.16778412420592875,0.11325967587639882,0.038689822910205555,0.11176264605464704,0.2335326286058658,0.1386513802424164,0.27770296638902203,0.22894078567974202,0.11234861021082207,0.26899004206375177,0.1793975434004181,0.14917216099376424,0.1202029580538138,0.04426757718900884
1968.75,4297.949,4250.256,4180.513,4187.692,4255.385,0.16778412420592875,0.11325967587639882,0.038689822910205555,0.11176264605464704,0.2335326286058658,0.1386513802424164,0.27770296638902203,0.22894078567974202,0.11234861021082207,0.26899004206375177,0.1793975434004181,0.14917216099376424,0.1202029580538138,0.04426757718900884
1976.5625,4275.897,4239.487,4175.897,4166.154,4239.487,0.16778412420592875,0.11325967587639882,0.038689822910205555,0.11176264605464704,0.2335326286058658,0.1386513802424164,0.27770296638902203,0.22894078567974202,0.11234861021082207,0.26899004206375177,0.1793975434004181,0.14917216099376424,0.1202029580538138,0.04426757718900884
1984.375,4271.282,4235.897,4171.795,4155.897,4243.077,0.16778412420592875,0.11325967587639882,0.038689822910205555,0.11176264605464704,0.2335326286058658,0.1386513802424164,0.27770296638902203,0.22894078567974202,0.11234861021082207,0.26899004206375177,0.1793975434004181,0.14917216099376424,0.1202029580538138,0.04426757718900884
1992.1875,4296.923,4248.205,4185.641,4183.077,4262.564,0.16778412420592875,0.11325967587639882,0.038689822910205555,0.11176264605464704,0.2335326286058658,0.1386513802424164,0.27770296638902203,0.22894078567974202,0.11234861021082207,0.26899004206375177,0.1793975434004181,0.14917216099376424,0.1202029580538138,0.04426757718900884
2000.0,4278.462,4245.641,4194.359,4176.41,4241.026,0.16778412420592875,0.11325967587639882,0.038689822910205555,0.11176264605464704,0.2335326286058658,0.1386513802424164,0.27770296638902203,0.22894078567974202,0.11234861021082207,0.26899004206375177,0.1793975434004181,0.14917216099376424,0.1202029580538138,0.04426757718900884
2007.8125,4246.154,4234.359,4180.0,4152.821,4215.897,0.16778412420592875,0.11325967587639882,0.038689822910205555,0.11176264605464704,0.2335326286058658,0.1386513802424164,0.27770296638902203,0.22894078567974202,0.11234861021082207,0.26899004206375177,0.1793975434004181,0.14917216099376424,0.1202029580538138,0.04426757718900884
2015.625,4254.872,4229.231,4162.564,4159.487,4224.103,0.16778412420592875,0.11325967587639882,0.038689822910205555,0.11176264605464704,0.2335326286058658,0.1386513802424164,0.27770296638902203,0.22894078567974202,0.11234861021082207,0.26899004206375177,0.1793975434004181,0.14917216099376424,0.1202029580538138,0.04426757718900884
2023.4375,4251.282,4211.282,4149.744,4149.744,4213.333,0.16778412420592875,0.11325967587639882,0.038689822910205555,0.11176264605464704,0.2335326286058658,0.1386513802424164,0.27770296638902203,0.22894078567974202,0.11234861021082207,0.26899004206375177,0.1793975434004181,0.14917216099376424,0.1202029580538138,0.04426757718900884
2031.25,4219.487,4196.923,4144.615,4117.436,4181.538,0.16778412420592875,0.11325967587639882,0.038689822910205555,0.11176264605464704,0.2335326286058658,0.1386513802424164,0.27770296638902203,0.22894078567974202,0.11234861021082207,0.26899004206375177,0.1793975434004181,0.14917216099376424,0.1202029580538138,0.04426757718900884
2039.0625,4210.769,4198.462,4148.205,4113.333,4181.026,0.16778412420592875,0.11325967587639882,0.038689822910205555,0.11176264605464704,0.2335326286058658,0.1386513802424164,0.27770296638902203,0.22894078567974202,0.11234861021082207,0.26899004206375177,0.1793975434004181,0.14917216099376424,0.1202029580538138,0.04426757718900884
2046.875,4231.282,4203.077,4145.128,4146.154,4205.641,0.16778412420592875,0.11325967587639882,0.038689822910205555,0.11176264605464704,0.2335326286058658,0.1386513802424164,0.27770296638902203,0.22894078567974202,0.11234861021082207,0.26899004206375177,0.1793975434004181,0.14917216099376424,0.1202029580538138,0.04426757718900884
2054.6875,4248.205,4207.179,4141.538,4167.179,4210.769,0.16778412420592875,0.11325967587639882,0.038689822910205555,0.11176264605464704,0.2335326286058658,0.1386513802424164,0.27770296638902203,0.22894078567974202,0.11234861021082207,0.26899004206375177,0.1793975434004181,0.14917216099376424,0.1202029580538138,0.04426757718900884
2062.5,4259.487,4220.513,4161.538,4158.462,4218.974,0.16778412420592875,0.11325967587639882,0.038689822910205555,0.11176264605464704,0.2335326286058658,0.1386513802424164,0.27770296638902203,0.22894078567974202,0.11234861021082207,0.26899004206375177,0.1793975434004181,0.14917216099376424,0.1202029580538138,0.04426757718900884
2070.3125,4286.667,4240.0,4181.538,4153.333,4254.359,0.16778412420592875,0.11325967587639882,0.038689822910205555,0.11176264605464704,0.2335326286058658,0.1386513802424164,0.27770296638902203,0.22894078567974202,0.11234861021082207,0.26899004206375177,0.1793975434004181,0.14917216099376424,0.1202029580538138,0.04426757718900884
2078.125,4325.128,4251.795,4186.154,4163.59,4283.59,0.16778412420592875,0.11325967587639882,0.038689822910205555,0.11176264605464704,0.2335326286058658,0.1386513802424164,0.27770296638902203,0.22894078567974202,0.11234861021082207,0.26899004206375177,0.1793975434004181,0.14917216099376424,0.1202029580538138,0.04426757718900884
2085.9375,4336.41,4254.872,4187.179,4165.641,4284.615,0.16778412420592875,0.11325967587639882,0.038689822910205555,0.11176264605464704,0.2335326286058658,0.1386513802424164,0.27770296638902203,0.22894078567974202,0.11234861021082207,0.26899004206375177,0.1793975434004181,0.14917216099376424,0.1202029580538138,0.04426757718900884
2093.75,4330.256,4253.333,4191.795,4171.795,4285.128,0.16778412420592875,0.11325967587639882,0.038689822910205555,0.11176264605464704,0.2335326286058658,0.1386513802424164,0.27770296638902203,0.22894078567974202,0.11234861021082207,0.26899004206375177,0.1793975434004181,0.14917216099376424,0.1202029580538138,0.04426757718900884
2101.5625,4335.897,4247.179,4200.513,4193.333,4292.821,0.16778412420592875,0.11325967587639882,0.038689822910205555,0.11176264605464704,0.2335326286058658,0.1386513802424164,0.27770296638902203,0.22894078567974202,0.11234861021082207,0.26899004206375177,0.1793975434004181,0.14917216099376424,0.1202029580538138,0.04426757718900884
2109.375,4320.0,4232.821,4183.59,4187.692,4276.41,0.16778412420592875,0.11325967587639882,0.038689822910205555,0.11176264605464704,0.2335326286058658,0.1386513802424164,0.27770296638902203,0.22894078567974202,0.11234861021082207,0.26899004206375177,0.1793975434004181,0.14917216099376424,0.1202029580538138,0.04426757718900884
2117.1875,4295.385,4224.103,4149.744,4166.667,4257.436,0.16778412420592875,0.11325967587639882,0.038689822910205555,0.11176264605464704,0.2335326286058658,0.1386513802424164,0.27770296638902203,0.22894078567974202,0.11234861021082207,0.26899004206375177,0.1793975434004181,0.14917216099376424,0.1202029580538138,0.04426757718900884
2125.0,4295.385,4224.103,4149.744,4169.231,4256.41,0.16778412420592875,0.11325967587639882,0.038689822910205555,0.11176264605464704,0.2335326286058658,0.1386513802424164,0.27770296638902203,0.22894078567974202,0.11234861021082207,0.26899004206375177,0.1793975434004181,0.14917216099376424,0.1202029580538138,0.04426757718900884
2132.8125,4283.59,4216.41,4159.487,4164.615,4248.205,0.16778412420592875,0.11325967587639882,0.038689822910205555,0.11176264605464704,0.2335326286058658,0.1386513802424164,0.27770296638902203,0.22894078567974202,0.11234861021082207,0.26899004206375177,0.1793975434004181,0.14917216099376424,0.1202029580538138,0.04426757718900884
2140.625,4267.179,4222.051,4145.641,4148.205,4242.051,0.16778412420592875,0.11325967587639882,0.038689822910205555,0.11176264605464704,0.2335326286058658,0.1386513802424164,0.27770296638902203,0.22894078567974202,0.11234861021082207,0.26899004206375177,0.1793975434004181,0.14917216099376424,0.1202029580538138,0.04426757718900884
2148.4375,4282.051,4233.846,4146.154,4141.538,4245.128,0.16778412420592875,0.11325967587639882,0.038689822910205555,0.11176264605464704,0.2335326286058658,0.1386513802424164,0.27770296638902203,0.22894078567974202,0.11234861021082207,0.26899004206375177,0.1793975434004181,0.14917216099376424,0.1202029580538138,0.04426757718900884
2156.25,4292.821,4233.846,4177.436,4138.462,4241.538,0.16778412420592875,0.11325967587639882,0.038689822910205555,0.11176264605464704,0.2335326286058658,0.1386513802424164,0.27770296638902203,0.22894078567974202,0.11234861021082207,0.26899004206375177,0.1793975434004181,0.14917216099376424,0.1202029580538138,0.04426757718900884
2164.0625,4283.59,4238.974,4195.897,4150.256,4248.718,0.16778412420592875,0.11325967587639882,0.038689822910205555,0.11176264605464704,0.2335326286058658,0.1386513802424164,0.27770296638902203,0.22894078567974202,0.11234861021082207,0.26899004206375177,0.1793975434004181,0.14917216099376424,0.1202029580538138,0.04426757718900884
2171.875,4295.897,4247.179,4200.513,4182.051,4272.821,0.16778412420592875,0.11325967587639882,0.038689822910205555,0.11176264605464704,0.2335326286058658,0.1386513802424164,0.27770296638902203,0.22894078567974202,0.11234861021082207,0.26899004206375177,0.1793975434004181,0.14917216099376424,0.1202029580538138,0.04426757718900884
2179.6875,4299.487,4233.846,4195.897,4179.487,4264.103,0.16778412420592875,0.11325967587639882,0.038689822910205555,0.11176264605464704,0.2335326286058658,0.1386513802424164,0.27770296638902203,0.22894078567974202,0.11234861021082207,0.26899004206375177,0.1793975434004181,0.14917216099376424,0.1202029580538138,0.04426757718900884
2187.5,4277.436,4216.923,4168.718,4153.846,4237.949,0.16778412420592875,0.11325967587639882,0.038689822910205555,0.11176264605464704,0.2335326286058658,0.1386513802424164,0.27770296638902203,0.22894078567974202,0.11234861021082207,0.26899004206375177,0.1793975434004181,0.14917216099376424,0.1202029580538138,0.04426757718900884
2195.3125,4285.128,4230.769,4163.59,4166.667,4247.692,0.16778412420592875,0.11325967587639882,0.038689822910205555,0.11176264605464704,0.2335326286058658,0.1386513802424164,0.27770296638902203,0.22894078567974202,0.11234861021082207,0.26899004206375177,0.1793975434004181,0.14917216099376424,0.1202029580538138,0.04426757718900884
2203.125,4303.59,4239.487,4184.615,4178.974,4262.051,0.16778412420592875,0.11325967587639882,0.038689822910205555,0.11176264605464704,0.2335326286058658,0.1386513802424164,0.27770296638902203,0.22894078567974202,0.11234861021082207,0.26899004206375177,0.1793975434004181,0.14917216099376424,0.1202029580538138,0.04426757718900884
2210.9375,4298.462,4228.718,4187.179,4168.718,4256.923,0.16778412420592875,0.11325967587639882,0.038689822910205555,0.11176264605464704,0.2335326286058658,0.1386513802424164,0.27770296638902203,0.22894078567974202,0.11234861021082207,0.26899004206375177,0.1793975434004181,0.14917216099376424,0.1202029580538138,0.04426757718900884
2218.75,4298.462,4229.231,4185.128,4179.487,4259.487,0.16778412420592875,0.11325967587639882,0.038689822910205555,0.11176264605464704,0.2335326286058658,0.1386513802424164,0.27770296638902203,0.22894078567974202,0.11234861021082207,0.26899004206375177,0.1793975434004181,0.14917216099376424,0.1202029580538138,0.04426757718900884
2226.5625,4289.744,4231.282,4188.205,4182.564,4255.897,0.16778412420592875,0.11325967587639882,0.038689822910205555,0.11176264605464704,0.2335326286058658,0.1386513802424164,0.27770296638902203,0.22894078567974202,0.11234861021082207,0.26899004206375177,0.1793975434004181,0.14917216099376424,0.1202029580538138,0.04426757718900884
2234.375,4264.615,4222.564,4173.846,4158.974,4238.974,0.16778412420592875,0.11325967587639882,0.038689822910205555,0.11176264605464704,0.2335326286058658,0.1386513802424164,0.27770296638902203,0.22894078567974202,0.11234861021082207,0.26899004206375177,0.1793975434004181,0.14917216099376424,0.1202029580538138,0.04426757718900884
2242.1875,4273.333,4223.077,4173.846,4165.641,4242.051,0.16778412420592875,0.11325967587639882,0.038689822910205555,0.11176264605464704,0.2335326286058658,0.1386513802424164,0.27770296638902203,0.22894078567974202,0.11234861021082207,0.26899004206375177,0.1793975434004181,0.14917216099376424,0.1202029580538138,0.04426757718900884
2250.0,4293.846,4235.385,4197.436,4184.615,4253.846,0.16778412420592875,0.11325967587639882,0.038689822910205555,0.11176264605464704,0.2335326286058658,0.1386513802424164,0.27770296638902203,0.22894078567974202,0.11234861021082207,0.26899004206375177,0.1793975434004181,0.14917216099376424,0.1202029580538138,0.04426757718900884
2257.8125,4283.077,4237.436,4185.641,4164.615,4247.179,0.16778412420592875,0.11325967587639882,0.038689822910205555,0.11176264605464704,0.2335326286058658,0.1386513802424164,0.27770296638902203,0.22894078567974202,0.11234861021082207,0.26899004206375177,0.1793975434004181,0.14917216099376424,0.1202029580538138,0.04426757718900884
2265.625,4287.179,4229.231,4163.59,4143.077,4236.923,0.16778412420592875,0.11325967587639882,0.038689822910205555,0.11176264605464704,0.2335326286058658,0.1386513802424164,0.27770296638902203,0.22894078567974202,0.11234861021082207,0.26899004206375177,0.1793975434004181,0.14917216099376424,0.1202029580538138,0.04426757718900884
2273.4375,4305.641,4218.462,4174.359,4144.615,4235.385,0.16778412420592875,0.11325967587639882,0.038689822910205555,0.11176264605464704,0.2335326286058658,0.1386513802424164,0.27770296638902203,0.22894078567974202,0.11234861021082207,0.26899004206375177,0.1793975434004181,0.14917216099376424,0.1202029580538138,0.04426757718900884
2281.25,4298.974,4224.615,4179.487,4151.795,4242.564,0.16778412420592875,0.11325967587639882,0.038689822910205555,0.11176264605464704,0.2335326286058658,0.1386513802424164,0.27770296638902203,0.22894078567974202,0.11234861021082207,0.26899004206375177,0.1793975434004181,0.14917216099376424,0.1202029580538138,0.04426757718900884
2289.0625,4292.821,4238.462,4174.872,4161.538,4247.179,0.16778412420592875,0.11325967587639882,0.038689822910205555,0.11176264605464704,0.2335326286058658,0.1386513802424164,0.27770296638902203,0.22894078567974202,0.11234861021082207,0.26899004206375177,0.1793975434004181,0.14917216099376424,0.1202029580538138,0.04426757718900884
2296.875,4297.949,4232.821,4190.769,4168.205,4239.487,0.16778412420592875,0.11325967587639882,0.038689822910205555,0.11176264605464704,0.2335326286058658,0.1386513802424164,0.27770296638902203,0.22894078567974202,0.11234861021082207,0.26899004206375177,0.1793975434004181,0.14917216099376424,0.1202029580538138,0.04426757718900884
2304.6875,4295.897,4229.231,4193.333,4164.615,4240.0,0.16778412420592875,0.11325967587639882,0.038689822910205555,0.11176264605464704,0.2335326286058658,0.1386513802424164,0.27770296638902203,0.22894078567974202,0.11234861021082207,0.26899004206375177,0.1793975434004181,0.14917216099376424,0.1202029580538138,0.04426757718900884
2312.5,4297.436,4238.462,4176.923,4166.154,4253.333,0.16778412420592875,0.11325967587639882,0.038689822910205555,0.11176264605464704,0.2335326286058658,0.1386513802424164,0.27770296638902203,0.22894078567974202,0.11234861021082207,0.26899004206375177,0.1793975434004181,0.14917216099376424,0.1202029580538138,0.04426757718900884
2320.3125,4300.0,4233.846,4181.026,4165.128,4247.692,0.16778412420592875,0.11325967587639882,0.038689822910205555,0.11176264605464704,0.2335326286058658,0.1386513802424164,0.27770296638902203,0.22894078567974202,0.11234861021082207,0.26899004206375177,0.1793975434004181,0.14917216099376424,0.1202029580538138,0.04426757718900884
2328.125,4275.385,4216.41,4173.846,4142.051,4223.077,0.16778412420592875,0.11325967587639882,0.038689822910205555,0.11176264605464704,0.2335326286058658,0.1386513802424164,0.27770296638902203,0.22894078567974202,0.11234861021082207,0.26899004206375177,0.1793975434004181,0.14917216099376424,0.1202029580538138,0.04426757718900884
2335.9375,4254.872,4210.256,4139.487,4132.821,4217.949,0.16778412420592875,0.11325967587639882,0.038689822910205555,0.11176264605464704,0.2335326286058658,0.1386513802424164,0.27770296638902203,0.22894078567974202,0.11234861021082207,0.26899004206375177,0.1793975434004181,0.14917216099376424,0.1202029580538138,0.04426757718900884
2343.75,4274.359,4203.077,4141.026,4146.667,4225.641,0.16778412420592875,0.11325967587639882,0.038689822910205555,0.11176264605464704,0.2335326286058658,0.1386513802424164,0.27770296638902203,0.22894078567974202,0.11234861021082207,0.26899004206375177,0.1793975434004181,0.14917216099376424,0.1202029580538138,0.04426757718900884
2351.5625,4283.59,4198.462,4173.846,4147.179,4223.077,0.16778412420592875,0.11325967587639882,0.038689822910205555,0.11176264605464704,0.2335326286058658,0.1386513802424164,0.27770296638902203,0.22894078567974202,0.11234861021082207,0.26899004206375177,0.1793975434004181,0.14917216099376424,0.1202029580538138,0.04426757718900884
2359.375,4260.0,4216.923,4169.744,4142.051,4221.538,0.16778412420592875,0.11325967587639882,0.038689822910205555,0.11176264605464704,0.2335326286058658,0.1386513802424164,0.27770296638902203,0.22894078567974202,0.11234861021082207,0.26899004206375177,0.1793975434004181,0.14917216099376424,0.1202029580538138,0.04426757718900884
2367.1875,4255.897,4225.641,4152.821,4149.744,4226.667,0.16778412420592875,0.11325967587639882,0.038689822910205555,0.11176264605464704,0.2335326286058658,0.1386513802424164,0.27770296638902203,0.22894078567974202,0.11234861021082207,0.26899004206375177,0.1793975434004181,0.14917216099376424,0.1202029580538138,0.04426757718900884
2375.0,4282.051,4210.769,4171.282,4157.436,4225.641,0.16778412420592875,0.11325967587639882,0.038689822910205555,0.11176264605464704,0.2335326286058658,0.1386513802424164,0.27770296638902203,0.22894078567974202,0.11234861021082207,0.26899004206375177,0.1793975434004181,0.14917216099376424,0.1202029580538138,0.04426757718900884
2382.8125,4289.231,4217.949,4187.692,4157.949,4230.769,0.16778412420592875,0.11325967587639882,0.038689822910205555,0.11176264605464704,0.2335326286058658,0.1386513802424164,0.27770296638902203,0.22894078567974202,0.11234861021082207,0.26899004206375177,0.1793975434004181,0.14917216099376424,0.1202029580538138,0.04426757718900884
2390.625,4275.897,4237.949,4173.333,4153.333,4240.0,0.16778412420592875,0.11325967587639882,0.038689822910205555,0.11176264605464704,0.2335326286058658,0.1386513802424164,0.27770296638902203,0.22894078567974202,0.11234861021082207,0.26899004206375177,0.1793975434004181,0.14917216099376424,0.1202029580538138,0.04426757718900884
2398.4375,4268.205,4215.897,4161.538,4144.615,4218.462,0.16778412420592875,0.11325967587639882,0.038689822910205555,0.11176264605464704,0.2335326286058658,0.1386513802424164,0.27770296638902203,0.22894078567974202,0.11234861021082207,0.26899004206375177,0.1793975434004181,0.14917216099376424,0.1202029580538138,0.04426757718900884
2406.25,4267.692,4203.077,4173.333,4150.769,4202.564,0.16778412420592875,0.11325967587639882,0.038689822910205555,0.11176264605464704,0.2335326286058658,0.1386513802424164,0.27770296638902203,0.22894078567974202,0.11234861021082207,0.26899004206375177,0.1793975434004181,0.14917216099376424,0.1202029580538138,0.04426757718900884
2414.0625,4273.333,4233.846,4179.487,4163.59,4223.077,0.16778412420592875,0.11325967587639882,0.038689822910205555,0.11176264605464704,0.2335326286058658,0.1386513802424164,0.27770296638902203,0.22894078567974202,0.11234861021082207,0.26899004206375177,0.1793975434004181,0.14917216099376424,0.1202029580538138,0.04426757718900884
2421.875,4282.564,4236.923,4171.282,4164.615,4236.923,0.16778412420592875,0.11325967587639882,0.038689822910205555,0.11176264605464704,0.2335326286058658,0.1386513802424164,0.27770296638902203,0.22894078567974202,0.11234861021082207,0.26899004206375177,0.1793975434004181,0.14917216099376424,0.1202029580538138,0.04426757718900884
2429.6875,4286.667,4215.385,4179.487,4168.205,4231.282,0.16778412420592875,0.11325967587639882,0.038689822910205555,0.11176264605464704,0.2335326286058658,0.1386513802424164,0.27770296638902203,0.22894078567974202,0.11234861021082207,0.26899004206375177,0.1793975434004181,0.14917216099376424,0.1202029580538138,0.04426757718900884
2437.5,4277.436,4225.641,4192.308,4168.205,4230.769,0.16778412420592875,0.11325967587639882,0.038689822910205555,0.11176264605464704,0.2335326286058658,0.1386513802424164,0.27770296638902203,0.22894078567974202,0.11234861021082207,0.26899004206375177,0.1793975434004181,0.14917216099376424,0.1202029580538138,0.04426757718900884
2445.3125,4265.128,4231.795,4172.308,4152.821,4224.103,0.16778412420592875,0.11325967587639882,0.038689822910205555,0.11176264605464704,0.2335326286058658,0.1386513802424164,0.27770296638902203,0.22894078567974202,0.11234861021082207,0.26899004206375177,0.1793975434004181,0.14917216099376424,0.1202029580538138,0.04426757718900884
2453.125,4264.103,4206.154,4153.333,4144.103,4209.744,0.16778412420592875,0.11325967587639882,0.038689822910205555,0.11176264605464704,0.2335326286058658,0.1386513802424164,0.27770296638902203,0.22894078567974202,0.11234861021082207,0.26899004206375177,0.1793975434004181,0.14917216099376424,0.1202029580538138,0.04426757718900884
2460.9375,4266.667,4203.59,4172.308,4153.846,4212.308,0.16778412420592875,0.11325967587639882,0.038689822910205555,0.11176264605464704,0.2335326286058658,0.1386513802424164,0.27770296638902203,0.22894078567974202,0.11234861021082207,0.26899004206375177,0.1793975434004181,0.14917216099376424,0.1202029580538138,0.04426757718900884
2468.75,4261.026,4221.538,4182.051,4157.436,4221.538,0.16778412420592875,0.11325967587639882,0.038689822910205555,0.11176264605464704,0.2335326286058658,0.1386513802424164,0.27770296638902203,0.22894078567974202,0.11234861021082207,0.26899004206375177,0.1793975434004181,0.14917216099376424,0.1202029580538138,0.04426757718900884
2476.5625,4265.641,4226.154,4173.333,4156.41,4230.256,0.16778412420592875,0.11325967587639882,0.038689822910205555,0.11176264605464704,0.2335326286058658,0.1386513802424164,0.27770296638902203,0.22894078567974202,0.11234861021082207,0.26899004206375177,0.1793975434004181,0.14917216099376424,0.1202029580538138,0.04426757718900884
2484.375,4275.897,4222.564,4183.077,4162.051,4227.692,0.16778412420592875,0.11325967587639882,0.038689822910205555,0.11176264605464704,0.2335326286058658,0.1386513802424164,0.27770296638902203,0.22894078567974202,0.11234861021082207,0.26899004206375177,0.1793975434004181,0.14917216099376424,0.1202029580538138,0.04426757718900884
2492.1875,4248.718,4213.846,4180.0,4147.179,4195.897,0.16778412420592875,0.11325967587639882,0.038689822910205555,0.11176264605464704,0.2335326286058658,0.1386513802424164,0.27770296638902203,0.22894078567974202,0.11234861021082207,0.26899004206375177,0.1793975434004181,0.14917216099376424,0.1202029580538138,0.04426757718900884
2500.0,4225.641,4214.872,4158.462,4127.692,4185.641,0.16778412420592875,0.11325967587639882,0.038689822910205555,0.11176264605464704,0.2335326286058658,0.1386513802424164,0.27770296638902203,0.22894078567974202,0.11234861021082207,0.26899004206375177,0.1793975434004181,0.14917216099376424,0.1202029580538138,0.04426757718900884
2507.8125,4262.051,4229.744,4170.769,4149.744,4227.179,0.16778412420592875,0.11325967587639882,0.038689822910205555,0.11176264605464704,0.2335326286058658,0.1386513802424164,0.27770296638902203,0.22894078567974202,0.11234861021082207,0.26899004206375177,0.1793975434004181,0.14917216099376424,0.1202029580538138,0.04426757718900884
2515.625,4288.205,4225.641,4194.872,4167.692,4242.051,0.16778412420592875,0.11325967587639882,0.038689822910205555,0.11176264605464704,0.2335326286058658,0.1386513802424164,0.27770296638902203,0.22894078567974202,0.11234861021082207,0.26899004206375177,0.1793975434004181,0.14917216099376424,0.1202029580538138,0.04426757718900884
2523.4375,4252.308,4211.795,4174.872,4143.59,4201.538,0.16778412420592875,0.11325967587639882,0.038689822910205555,0.11176264605464704,0.2335326286058658,0.1386513802424164,0.27770296638902203,0.22894078567974202,0.11234861021082207,0.26899004206375177,0.1793975434004181,0.14917216099376424,0.1202029580538138,0.04426757718900884
2531.25,4232.821,4220.0,4154.359,4135.897,4196.923,0.16778412420592875,0.11325967587639882,0.038689822910205555,0.11176264605464704,0.2335326286058658,0.1386513802424164,0.27770296638902203,0.22894078567974202,0.11234861021082207,0.26899004206375177,0.1793975434004181,0.14917216099376424,0.1202029580538138,0.04426757718900884
2539.0625,4271.795,4230.256,4176.41,4167.692,4240.0,0.16778412420592875,0.11325967587639882,0.038689822910205555,0.11176264605464704,0.2335326286058658,0.1386513802424164,0.27770296638902203,0.22894078567974202,0.11234861021082207,0.26899004206375177,0.1793975434004181,0.14917216099376424,0.1202029580538138,0.04426757718900884
2546.875,4285.641,4224.615,4193.333,4178.462,4243.59,0.16778412420592875,0.11325967587639882,0.038689822910205555,0.11176264605464704,0.2335326286058658,0.1386513802424164,0.27770296638902203,0.22894078567974202,0.11234861021082207,0.26899004206375177,0.1793975434004181,0.14917216099376424,0.1202029580538138,0.04426757718900884
2554.6875,4251.282,4225.641,4180.513,4161.538,4217.949,0.16778412420592875,0.11325967587639882,0.038689822910205555,0.11176264605464704,0.2335326286058658,0.1386513802424164,0.27770296638902203,0.22894078567974202,0.11234861021082207,0.26899004206375177,0.1793975434004181,0.14917216099376424,0.1202029580538138,0.04426757718900884
2562.5,4259.487,4237.436,4177.949,4175.385,4234.359,0.16778412420592875,0.11325967587639882,0.038689822910205555,0.11176264605464704,0.2335326286058658,0.1386513802424164,0.27770296638902203,0.22894078567974202,0.11234861021082207,0.26899004206375177,0.1793975434004181,0.14917216099376424,0.1202029580538138,0.04426757718900884
2570.3125,4307.692,4252.821,4201.538,4206.154,4271.795,0.16778412420592875,0.11325967587639882,0.038689822910205555,0.11176264605464704,0.2335326286058658,0.1386513802424164,0.27770296638902203,0.22894078567974202,0.11234861021082207,0.26899004206375177,0.1793975434004181,0.14917216099376424,0.1202029580538138,0.04426757718900884
2578.125,4313.333,4268.205,4217.436,4203.077,4276.923,0.16778412420592875,0.11325967587639882,0.038689822910205555,0.11176264605464704,0.2335326286058658,0.1386513802424164,0.27770296638902203,0.22894078567974202,0.11234861021082207,0.26899004206375177,0.1793975434004181,0.14917216099376424,0.1202029580538138,0.04426757718900884
2585.9375,4297.949,4274.359,4224.615,4193.333,4271.282,0.16778412420592875,0.11325967587639882,0.038689822910205555,0.11176264605464704,0.2335326286058658,0.1386513802424164,0.27770296638902203,0.22894078567974202,0.11234861021082207,0.26899004206375177,0.1793975434004181,0.14917216099376424,0.1202029580538138,0.04426757718900884
2593.75,4314.359,4275.385,4245.128,4210.769,4282.564,0.16778412420592875,0.11325967587639882,0.038689822910205555,0.11176264605464704,0.2335326286058658,0.1386513802424164,0.27770296638902203,0.22894078567974202,0.11234861021082207,0.26899004206375177,0.1793975434004181,0.14917216099376424,0.1202029580538138,0.04426757718900884
2601.5625,4311.282,4272.821,4232.821,4209.231,4276.41,0.16778412420592875,0.11325967587639882,0.038689822910205555,0.11176264605464704,0.2335326286058658,0.1386513802424164,0.27770296638902203,0.22894078567974202,0.11234861021082207,0.26899004206375177,0.1793975434004181,0.14917216099376424,0.1202029580538138,0.04426757718900884
2609.375,4267.179,4249.231,4180.513,4173.333,4235.897,0.16778412420592875,0.11325967587639882,0.038689822910205555,0.11176264605464704,0.2335326286058658,0.1386513802424164,0.27770296638902203,0.22894078567974202,0.11234861021082207,0.26899004206375177,0.1793975434004181,0.14917216099376424,0.1202029580538138,0.04426757718900884
2617.1875,4250.256,4223.077,4171.282,4165.128,4212.308,0.16778412420592875,0.11325967587639882,0.038689822910205555,0.11176264605464704,0.2335326286058658,0.1386513802424164,0.27770296638902203,0.22894078567974202,0.11234861021082207,0.26899004206375177,0.1793975434004181,0.14917216099376424,0.1202029580538138,0.04426757718900884
2625.0,4256.41,4225.128,4190.769,4169.231,4218.974,0.16778412420592875,0.11325967587639882,0.038689822910205555,0.11176264605464704,0.2335326286058658,0.1386513802424164,0.27770296638902203,0.22894078567974202,0.11234861021082207,0.26899004206375177,0.1793975434004181,0.14917216099376424,0.1202029580538138,0.04426757718900884
2632.8125,4250.769,4239.487,4181.026,4160.513,4225.641,0.16778412420592875,0.11325967587639882,0.038689822910205555,0.11176264605464704,0.2335326286058658,0.1386513802424164,0.27770296638902203,0.22894078567974202,0.11234861021082207,0.26899004206375177,0.1793975434004181,0.14917216099376424,0.1202029580538138,0.04426757718900884
2640.625,4258.462,4239.487,4184.103,4169.231,4229.231,0.16778412420592875,0.11325967587639882,0.038689822910205555,0.11176264605464704,0.2335326286058658,0.1386513802424164,0.27770296638902203,0.22894078567974202,0.11234861021082207,0.26899004206375177,0.1793975434004181,0.14917216099376424,0.1202029580538138,0.04426757718900884
2648.4375,4269.744,4232.821,4205.128,4173.846,4229.744,0.16778412420592875,0.11325967587639882,0.038689822910205555,0.11176264605464704,0.2335326286058658,0.1386513802424164,0.27770296638902203,0.22894078567974202,0.11234861021082207,0.26899004206375177,0.1793975434004181,0.14917216099376424,0.1202029580538138,0.04426757718900884
2656.25,4258.462,4241.538,4200.513,4159.487,4226.154,0.16778412420592875,0.11325967587639882,0.038689822910205555,0.11176264605464704,0.2335326286058658,0.1386513802424164,0.27770296638902203,0.22894078567974202,0.11234861021082207,0.26899004206375177,0.1793975434004181,0.14917216099376424,0.1202029580538138,0.04426757718900884
2664.0625,4258.462,4264.103,4190.256,4171.795,4238.462,0.16778412420592875,0.11325967587639882,0.038689822910205555,0.11176264605464704,0.2335326286058658,0.1386513802424164,0.27770296638902203,0.22894078567974202,0.11234861021082207,0.26899004206375177,0.1793975434004181,0.14917216099376424,0.1202029580538138,0.04426757718900884
2671.875,4273.333,4263.077,4194.872,4187.692,4247.179,0.16778412420592875,0.11325967587639882,0.038689822910205555,0.11176264605464704,0.2335326286058658,0.1386513802424164,0.27770296638902203,0.22894078567974202,0.11234861021082207,0.26899004206375177,0.1793975434004181,0.14917216099376424,0.1202029580538138,0.04426757718900884
2679.6875,4259.487,4234.359,4193.333,4158.974,4217.949,0.16778412420592875,0.11325967587639882,0.038689822910205555,0.11176264605464704,0.2335326286058658,0.1386513802424164,0.27770296638902203,0.22894078567974202,0.11234861021082207,0.26899004206375177,0.1793975434004181,0.14917216099376424,0.1202029580538138,0.04426757718900884
2687.5,4237.949,4234.872,4186.667,4139.487,4198.974,0.16778412420592875,0.11325967587639882,0.038689822910205555,0.11176264605464704,0.2335326286058658,0.1386513802424164,0.27770296638902203,0.22894078567974202,0.11234861021082207,0.26899004206375177,0.1793975434004181,0.14917216099376424,0.1202029580538138,0.04426757718900884
2695.3125,4256.923,4264.103,4190.769,4167.692,4226.667,0.16778412420592875,0.11325967587639882,0.038689822910205555,0.11176264605464704,0.2335326286058658,0.1386513802424164,0.27770296638902203,0.22894078567974202,0.11234861021082207,0.26899004206375177,0.1793975434004181,0.14917216099376424,0.1202029580538138,0.04426757718900884
2703.125,4276.923,4258.974,4201.026,4180.0,4243.59,0.16778412420592875,0.11325967587639882,0.038689822910205555,0.11176264605464704,0.2335326286058658,0.1386513802424164,0.27770296638902203,0.22894078567974202,0.11234861021082207,0.26899004206375177,0.1793975434004181,0.14917216099376424,0.1202029580538138,0.04426757718900884
2710.9375,4274.872,4246.154,4205.641,4171.282,4238.974,0.16778412420592875,0.11325967587639882,0.038689822910205555,0.11176264605464704,0.2335326286058658,0.1386513802424164,0.27770296638902203,0.22894078567974202,0.11234861021082207,0.26899004206375177,0.1793975434004181,0.14917216099376424,0.1202029580538138,0.04426757718900884
2718.75,4283.077,4264.615,4204.103,4189.231,4253.846,0.16778412420592875,0.11325967587639882,0.038689822910205555,0.11176264605464704,0.2335326286058658,0.1386513802424164,0.27770296638902203,0.22894078567974202,0.11234861021082207,0.26899004206375177,0.1793975434004181,0.14917216099376424,0.1202029580538138,0.04426757718900884
2726.5625,4292.821,4270.769,4217.949,4211.282,4269.231,0.16778412420592875,0.11325967587639882,0.038689822910205555,0.11176264605464704,0.2335326286058658,0.1386513802424164,0.27770296638902203,0.22894078567974202,0.11234861021082207,0.26899004206375177,0.1793975434004181,0.14917216099376424,0.1202029580538138,0.04426757718900884
2734.375,4291.282,4263.077,4241.538,4212.821,4270.256,0.16778412420592875,0.11325967587639882,0.038689822910205555,0.11176264605464704,0.2335326286058658,0.1386513802424164,0.27770296638902203,0.22894078567974202,0.11234861021082207,0.26899004206375177,0.1793975434004181,0.14917216099376424,0.1202029580538138,0.04426757718900884
2742.1875,4296.923,4269.744,4243.59,4221.026,4273.846,0.16778412420592875,0.11325967587639882,0.038689822910205555,0.11176264605464704,0.2335326286058658,0.1386513802424164,0.27770296638902203,0.22894078567974202,0.11234861021082207,0.26899004206375177,0.1793975434004181,0.14917216099376424,0.1202029580538138,0.04426757718900884
2750.0,4294.872,4262.564,4227.692,4215.897,4265.128,0.16778412420592875,0.11325967587639882,0.038689822910205555,0.11176264605464704,0.2335326286058658,0.1386513802424164,0.27770296638902203,0.22894078567974202,0.11234861021082207,0.26899004206375177,0.1793975434004181,0.14917216099376424,0.1202029580538138,0.04426757718900884
2757.8125,4267.692,4248.205,4207.179,4178.974,4244.103,0.16778412420592875,0.11325967587639882,0.038689822910205555,0.11176264605464704,0.2335326286058658,0.1386513802424164,0.27770296638902203,0.22894078567974202,0.11234861021082207,0.26899004206375177,0.1793975434004181,0.14917216099376424,0.1202029580538138,0.04426757718900884
2765.625,4264.103,4256.41,4188.205,4162.051,4245.128,0.16778412420592875,0.11325967587639882,0.038689822910205555,0.11176264605464704,0.2335326286058658,0.1386513802424164,0.27770296638902203,0.22894078567974202,0.11234861021082207,0.26899004206375177,0.1793975434004181,0.14917216099376424,0.1202029580538138,0.04426757718900884
2773.4375,4289.744,4264.103,4188.718,4180.513,4253.846,0.16778412420592875,0.11325967587639882,0.038689822910205555,0.11176264605464704,0.2335326286058658,0.1386513802424164,0.27770296638902203,0.22894078567974202,0.11234861021082207,0.26899004206375177,0.1793975434004181,0.14917216099376424,0.1202029580538138,0.04426757718900884
2781.25,4286.154,4250.769,4195.385,4183.59,4247.179,0.16778412420592875,0.11325967587639882,0.038689822910205555,0.11176264605464704,0.2335326286058658,0.1386513802424164,0.27770296638902203,0.22894078567974202,0.11234861021082207,0.26899004206375177,0.1793975434004181,0.14917216099376424,0.1202029580538138,0.04426757718900884
2789.0625,4250.769,4227.692,4164.615,4162.564,4234.359,0.16778412420592875,0.11325967587639882,0.038689822910205555,0.11176264605464704,0.2335326286058658,0.1386513802424164,0.27770296638902203,0.22894078567974202,0.11234861021082207,0.26899004206375177,0.1793975434004181,0.14917216099376424,0.1202029580538138,0.04426757718900884
2796.875,4230.769,4210.769,4128.718,4146.667,4217.949,0.16778412420592875,0.11325967587639882,0.038689822910205555,0.11176264605464704,0.2335326286058658,0.1386513802424164,0.27770296638902203,0.22894078567974202,0.11234861021082207,0.26899004206375177,0.1793975434004181,0.14917216099376424,0.1202029580538138,0.04426757718900884
2804.6875,4243.077,4215.385,4154.359,4150.769,4210.769,0.16778412420592875,0.11325967587639882,0.038689822910205555,0.11176264605464704,0.2335326286058658,0.1386513802424164,0.27770296638902203,0.22894078567974202,0.11234861021082207,0.26899004206375177,0.1793975434004181,0.14917216099376424,0.1202029580538138,0.04426757718900884
2812.5,4246.154,4226.667,4193.846,4160.513,4211.282,0.16778412420592875,0.11325967587639882,0.038689822910205555,0.11176264605464704,0.2335326286058658,0.1386513802424164,0.27770296638902203,0.22894078567974202,0.11234861021082207,0.26899004206375177,0.1793975434004181,0.14917216099376424,0.1202029580538138,0.04426757718900884
2820.3125,4231.282,4230.769,4182.051,4163.077,4213.846,0.16778412420592875,0.11325967587639882,0.038689822910205555,0.11176264605464704,0.2335326286058658,0.1386513802424164,0.27770296638902203,0.22894078567974202,0.11234861021082207,0.26899004206375177,0.1793975434004181,0.14917216099376424,0.1202029580538138,0.04426757718900884
2828.125,4254.359,4240.513,4174.872,4181.538,4234.359,0.16778412420592875,0.11325967587639882,0.038689822910205555,0.11176264605464704,0.2335326286058658,0.1386513802424164,0.27770296638902203,0.22894078567974202,0.11234861021082207,0.26899004206375177,0.1793975434004181,0.14917216099376424,0.1202029580538138,0.04426757718900884
2835.9375,4294.359,4249.744,4211.795,4205.128,4256.923,0.16778412420592875,0.11325967587639882,0.038689822910205555,0.11176264605464704,0.2335326286058658,0.1386513802424164,0.27770296638902203,0.22894078567974202,0.11234861021082207,0.26899004206375177,0.1793975434004181,0.14917216099376424,0.1202029580538138,0.04426757718900884
2843.75,4292.821,4263.077,4229.744,4201.538,4264.103,0.16778412420592875,0.11325967587639882,0.038689822910205555,0.11176264605464704,0.2335326286058658,0.1386513802424164,0.27770296638902203,0.22894078567974202,0.11234861021082207,0.26899004206375177,0.1793975434004181,0.14917216099376424,0.1202029580538138,0.04426757718900884
2851.5625,4279.487,4280.0,4203.077,4188.718,4265.641,0.16778412420592875,0.11325967587639882,0.038689822910205555,0.11176264605464704,0.2335326286058658,0.1386513802424164,0.27770296638902203,0.22894078567974202,0.11234861021082207,0.26899004206375177,0.1793975434004181,0.14917216099376424,0.1202029580538138,0.04426757718900884
2859.375,4285.641,4268.205,4183.59,4184.615,4258.974,0.16778412420592875,0.11325967587639882,0.038689822910205555,0.11176264605464704,0.2335326286058658,0.1386513802424164,0.27770296638902203,0.22894078567974202,0.11234861021082207,0.26899004206375177,0.1793975434004181,0.14917216099376424,0.1202029580538138,0.04426757718900884
2867.1875,4269.744,4242.564,4183.077,4170.769,4233.333,0.16778412420592875,0.11325967587639882,0.038689822910205555,0.11176264605464704,0.2335326286058658,0.1386513802424164,0.27770296638902203,0.22894078567974202,0.11234861021082207,0.26899004206375177,0.1793975434004181,0.14917216099376424,0.1202029580538138,0.04426757718900884
2875.0,4237.949,4238.462,4173.333,4154.872,4217.949,0.16778412420592875,0.11325967587639882,0.038689822910205555,0.11176264605464704,0.2335326286058658,0.1386513802424164,0.27770296638902203,0.22894078567974202,0.11234861021082207,0.26899004206375177,0.1793975434004181,0.14917216099376424,0.1202029580538138,0.04426757718900884
2882.8125,4255.385,4244.615,4166.154,4171.795,4241.026,0.16778412420592875,0.11325967587639882,0.038689822910205555,0.11176264605464704,0.2335326286058658,0.1386513802424164,0.27770296638902203,0.22894078567974202,0.11234861021082207,0.26899004206375177,0.1793975434004181,0.14917216099376424,0.1202029580538138,0.04426757718900884
2890.625,4298.462,4255.897,4187.692,4196.923,4265.128,0.16778412420592875,0.11325967587639882,0.038689822910205555,0.11176264605464704,0.2335326286058658,0.1386513802424164,0.27770296638902203,0.22894078567974202,0.11234861021082207,0.26899004206375177,0.1793975434004181,0.14917216099376424,0.1202029580538138,0.04426757718900884
2898.4375,4291.795,4268.205,4211.282,4184.103,4252.821,0.16778412420592875,0.11325967587639882,0.038689822910205555,0.11176264605464704,0.2335326286058658,0.1386513802424164,0.27770296638902203,0.22894078567974202,0.11234861021082207,0.26899004206375177,0.1793975434004181,0.14917216099376424,0.1202029580538138,0.04426757718900884
2906.25,4260.0,4257.949,4203.077,4173.846,4241.538,0.16778412420592875,0.11325967587639882,0.038689822910205555,0.11176264605464704,0.2335326286058658,0.1386513802424164,0.27770296638902203,0.22894078567974202,0.11234861021082207,0.26899004206375177,0.1793975434004181,0.14917216099376424,0.1202029580538138,0.04426757718900884
2914.0625,4265.128,4241.538,4193.333,4194.359,4253.846,0.16778412420592875,0.11325967587639882,0.038689822910205555,0.11176264605464704,0.2335326286058658,0.1386513802424164,0.27770296638902203,0.22894078567974202,0.11234861021082207,0.26899004206375177,0.1793975434004181,0.14917216099376424,0.1202029580538138,0.04426757718900884
2921.875,4261.026,4231.795,4188.718,4192.308,4242.564,0.16778412420592875,0.11325967587639882,0.038689822910205555,0.11176264605464704,0.2335326286058658,0.1386513802424164,0.27770296638902203,0.22894078567974202,0.11234861021082207,0.26899004206375177,0.1793975434004181,0.14917216099376424,0.1202029580538138,0.04426757718900884
2929.6875,4200.513,4212.821,4165.641,4161.026,4205.641,0.16778412420592875,0.11325967587639882,0.038689822910205555,0.11176264605464704,0.2335326286058658,0.1386513802424164,0.27770296638902203,0.22894078567974202,0.11234861021082207,0.26899004206375177,0.1793975434004181,0.14917216099376424,0.1202029580538138,0.04426757718900884
2937.5,4151.282,4208.718,4148.718,4155.897,4193.846,0.16778412420592875,0.11325967587639882,0.038689822910205555,0.11176264605464704,0.2335326286058658,0.1386513802424164,0.27770296638902203,0.22894078567974202,0.11234861021082207,0.26899004206375177,0.1793975434004181,0.14917216099376424,0.1202029580538138,0.04426757718900884
2945.3125,4146.154,4227.179,4160.513,4171.282,4198.974,0.16778412420592875,0.11325967587639882,0.038689822910205555,0.11176264605464704,0.2335326286058658,0.1386513802424164,0.27770296638902203,0.22894078567974202,0.11234861021082207,0.26899004206375177,0.1793975434004181,0.14917216099376424,0.1202029580538138,0.04426757718900884
2953.125,4134.872,4230.256,4165.641,4171.795,4193.846,0.16778412420592875,0.11325967587639882,0.038689822910205555,0.11176264605464704,0.2335326286058658,0.1386513802424164,0.27770296638902203,0.22894078567974202,0.11234861021082207,0.26899004206375177,0.1793975434004181,0.14917216099376424,0.1202029580538138,0.04426757718900884
2960.9375,4123.59,4234.359,4159.487,4183.077,4202.051,0.16778412420592875,0.11325967587639882,0.038689822910205555,0.11176264605464704,0.2335326286058658,0.1386513802424164,0.27770296638902203,0.22894078567974202,0.11234861021082207,0.26899004206375177,0.1793975434004181,0.14917216099376424,0.1202029580538138,0.04426757718900884
2968.75,4133.846,4244.615,4157.949,4202.564,4217.949,0.16778412420592875,0.11325967587639882,0.038689822910205555,0.11176264605464704,0.2335326286058658,0.1386513802424164,0.27770296638902203,0.22894078567974202,0.11234861021082207,0.26899004206375177,0.1793975434004181,0.14917216099376424,0.1202029580538138,0.04426757718900884
2976.5625,4131.282,4217.949,4149.231,4196.923,4214.359,0.16778412420592875,0.11325967587639882,0.038689822910205555,0.11176264605464704,0.2335326286058658,0.1386513802424164,0.27770296638902203,0.22894078567974202,0.11234861021082207,0.26899004206375177,0.1793975434004181,0.14917216099376424,0.1202029580538138,0.04426757718900884
2984.375,4129.231,4200.513,4153.333,4197.949,4211.282,0.16778412420592875,0.11325967587639882,0.038689822910205555,0.11176264605464704,0.2335326286058658,0.1386513802424164,0.27770296638902203,0.22894078567974202,0.11234861021082207,0.26899004206375177,0.1793975434004181,0.14917216099376424,0.1202029580538138,0.04426757718900884
2992.1875,4160.513,4235.897,4188.205,4225.641,4231.282,0.16778412420592875,0.11325967587639882,0.038689822910205555,0.11176264605464704,0.2335326286058658,0.1386513802424164,0.27770296638902203,0.22894078567974202,0.11234861021082207,0.26899004206375177,0.1793975434004181,0.14917216099376424,0.1202029580538138,0.04426757718900884
