time,sample,AF3,T7,Pz,T8,AF4,marker_hardware
1774430693.2835,74,4265.641,4294.872,4164.615,4145.641,4194.359,450.0
1774430693.2913,75,4284.103,4270.769,4154.872,4133.846,4189.231,16187.0
1774430693.299,76,4283.077,4321.026,4147.179,4150.769,4223.59,450.0
1774430693.3069,77,4263.077,4322.051,4170.256,4160.513,4222.051,450.0
1774430693.3148,78,4276.41,4274.872,4194.872,4155.897,4214.872,450.0
1774430693.3227,79,4302.051,4267.179,4182.051,4173.333,4246.154,16187.0
1774430693.3305,80,4302.051,4286.667,4171.282,4180.513,4246.154,450.0
1774430693.3384,81,4285.641,4296.41,4185.641,4156.923,4223.59,450.0
1774430693.3462,82,4290.256,4274.359,4176.41,4155.897,4243.59,450.0
1774430693.3541,83,4301.026,4269.231,4154.872,4177.436,4265.641,16187.0
1774430693.3619,84,4272.821,4306.667,4169.231,4174.872,4253.333,450.0
1774430693.3699,85,4247.179,4305.128,4192.821,4154.872,4226.154,450.0
1774430693.3777,86,4262.564,4260.513,4183.59,4142.564,4201.026,450.0
1774430693.3856,87,4280.513,4268.718,4167.179,4146.154,4217.436,16187.0
1774430693.3934,88,4261.026,4297.436,4162.564,4140.513,4235.385,450.0
1774430693.4012,89,4247.692,4276.41,4170.256,4123.59,4201.538,450.0
1774430693.4089,90,4267.692,4270.256,4167.179,4133.333,4186.154,450.0
1774430693.4166,91,4253.846,4280.513,4138.974,4146.154,4206.667,16187.0
1774430693.4245,92,4226.667,4273.846,4135.897,4124.615,4212.821,450.0
1774430693.4322,93,4250.769,4250.256,4159.487,4106.154,4202.564,450.0
1774430693.44,94,4287.179,4226.667,4160.0,4128.205,4201.026,450.0
1774430693.4477,95,4285.128,4255.385,4135.385,4147.179,4221.538,16187.0
1774430693.4555,96,4270.256,4296.41,4128.205,4130.256,4243.59,450.0
1774430693.4632,97,4262.564,4272.308,4149.744,4117.949,4231.795,450.0
1774430693.471,98,4258.462,4226.154,4155.385,4128.718,4213.846,450.0
1774430693.4788,99,4277.436,4237.436,4141.026,4138.974,4223.077,16187.0
1774430693.4867,100,4289.231,4266.667,4143.077,4135.385,4230.769,450.0
1774430693.4945,101,4267.179,4229.231,4153.846,4122.051,4227.179,450.0
1774430693.5024,102,4257.949,4192.308,4145.641,4118.462,4223.59,450.0
1774430693.5102,103,4260.0,4232.308,4131.795,4129.744,4226.667,16187.0
1774430693.5181,104,4249.744,4263.59,4140.513,4132.821,4221.538,450.0
1774430693.526,105,4248.718,4233.333,4149.231,4138.462,4205.641,450.0
1774430693.5339,106,4248.718,4225.641,4142.051,4153.846,4217.949,450.0
1774430693.5417,107,4236.41,4242.051,4143.59,4141.538,4243.077,16187.0
1774430693.5496,108,4247.179,4221.026,4142.564,4122.051,4225.641,450.0
1774430693.5574,109,4260.513,4208.205,4130.256,4132.821,4209.231,450.0
1774430693.5653,110,4241.538,4216.923,4143.077,4142.564,4222.564,450.0
1774430693.5731,111,4241.026,4207.692,4155.385,4145.641,4215.897,16187.0
1774430693.5811,112,4264.103,4204.103,4134.872,4156.923,4200.513,450.0
1774430693.5889,113,4247.692,4197.949,4126.667,4145.128,4206.154,450.0
1774430693.5966,114,4233.333,4189.231,4154.872,4126.667,4224.615,450.0
1774430693.6045,115,4262.564,4219.487,4160.0,4146.667,4245.641,16187.0
1774430693.6123,116,4263.59,4266.667,4137.436,4162.051,4239.487,450.0
1774430693.6202,117,4244.103,4276.41,4141.026,4154.359,4222.564,450.0
1774430693.628,118,4271.795,4262.564,4156.923,4168.718,4234.872,450.0
1774430693.636,119,4284.615,4272.821,4147.692,4187.692,4243.59,16187.0
1774430693.6438,120,4246.154,4294.359,4141.026,4167.692,4238.974,450.0
1774430693.6516,121,4238.974,4278.462,4160.513,4130.256,4235.385,450.0
1774430693.6593,122,4261.026,4250.256,4179.487,4130.769,4229.744,450.0
1774430693.6671,123,4259.487,4264.103,4175.897,4168.718,4242.564,16187.0
1774430693.6748,124,4252.308,4285.641,4179.487,4178.974,4247.179,450.0
1774430693.6826,125,4260.513,4272.308,4205.128,4158.974,4218.462,450.0
1774430693.6904,126,4267.179,4262.564,4192.821,4157.436,4212.308,450.0
1774430693.6982,127,4255.385,4270.256,4158.974,4160.0,4236.923,242.0
1774430693.7059,0,4230.769,4270.769,4176.923,4138.974,4225.641,450.0
1774430693.7138,1,4225.128,4262.051,4197.949,4136.923,4193.333,450.0
1774430693.7216,2,4261.538,4250.769,4170.769,4165.128,4203.077,16202.0
1774430693.7295,3,4274.359,4261.538,4158.462,4161.538,4227.692,450.0
1774430693.7373,4,4236.923,4301.538,4187.179,4145.128,4235.897,16168.0
1774430693.7453,5,4224.615,4326.667,4182.051,4161.538,4241.026,450.0
1774430693.7532,6,4226.154,4313.333,4146.667,4161.538,4224.103,16153.0
1774430693.761,7,4195.385,4290.769,4151.795,4129.231,4180.513,450.0
1774430693.7688,8,4170.769,4300.0,4160.0,4127.179,4168.205,450.0
1774430693.7767,9,4181.538,4316.41,4152.821,4145.641,4182.564,16179.0
1774430693.7845,10,4189.231,4303.077,4168.205,4137.949,4176.923,450.0
1774430693.7922,11,4185.128,4278.974,4173.333,4128.718,4178.974,16185.0
1774430693.8001,12,4188.718,4282.564,4152.821,4136.41,4197.436,450.0
1774430693.8078,13,4201.538,4315.897,4147.179,4148.205,4200.513,450.0
1774430693.8156,14,4211.282,4325.128,4156.41,4150.256,4193.333,450.0
1774430693.8233,15,4189.231,4285.641,4157.436,4136.41,4180.0,16185.0
1774430693.8312,16,4170.769,4270.769,4152.308,4128.205,4165.128,0.0
1774430693.8391,17,4192.308,4303.59,4161.538,4143.077,4182.051,0.0
1774430693.8469,18,4212.308,4316.41,4172.821,4158.462,4206.667,0.0
1774430693.8548,19,4205.128,4312.308,4164.615,4156.41,4198.462,0.0
1774430693.8627,20,4191.282,4337.949,4161.538,4147.179,4188.205,0.0
1774430693.8706,21,4198.974,4343.59,4172.821,4145.641,4197.949,0.0
1774430693.8784,22,4216.923,4320.513,4176.923,4153.333,4197.949,0.0
1774430693.8863,23,4219.487,4329.744,4185.128,4150.769,4188.718,0.0
1774430693.8942,24,4206.154,4341.538,4183.59,4133.846,4187.179,0.0
1774430693.9021,25,4201.538,4328.205,4160.513,4124.615,4187.692,0.0
1774430693.91,26,4212.308,4312.308,4163.59,4132.821,4185.128,0.0
1774430693.9178,27,4221.026,4316.41,4182.051,4145.641,4188.718,0.0
1774430693.9257,28,4224.103,4349.744,4164.615,4150.769,4209.744,0.0
1774430693.9335,29,4214.872,4360.513,4152.821,4141.538,4214.872,0.0
1774430693.9414,30,4206.667,4331.795,4167.179,4130.769,4190.256,0.0
1774430693.9492,31,4217.436,4321.538,4158.462,4134.359,4191.282,0.0
1774430693.9572,32,4215.385,4328.205,4137.436,4132.308,4200.513,0.0
1774430693.965,33,4206.154,4314.359,4141.026,4131.282,4189.744,0.0
1774430693.9729,34,4226.154,4323.59,4146.667,4150.769,4208.205,0.0
1774430693.9807,35,4233.846,4354.359,4144.615,4158.974,4238.462,0.0
1774430693.9886,36,4216.923,4337.949,4147.692,4147.692,4211.795,0.0
1774430693.9964,37,4224.103,4320.0,4138.462,4142.051,4184.615,0.0
1774430694.0043,38,4233.846,4357.436,4125.128,4135.897,4205.128,0.0
1774430694.0122,39,4221.538,4373.333,4145.128,4128.205,4205.128,0.0
1774430694.0201,40,4220.0,4338.974,4171.282,4136.923,4190.256,0.0
1774430694.0279,41,4217.436,4330.256,4155.897,4144.615,4213.333,0.0
1774430694.0358,42,4211.282,4333.333,4137.949,4139.487,4225.641,0.0
1774430694.0437,43,4227.692,4311.282,4156.923,4147.179,4210.256,0.0
1774430694.0515,44,4216.923,4327.692,4150.769,4145.128,4196.41,0.0
1774430694.0594,45,4196.923,4364.103,4126.667,4126.154,4186.667,0.0
1774430694.0673,46,4243.077,4338.462,4149.744,4142.051,4196.923,0.0
1774430694.0752,47,4260.513,4303.59,4156.41,4170.256,4225.641,0.0
1774430694.083,48,4206.667,4337.949,4127.692,4159.487,4240.0,0.0
1774430694.0909,49,4198.462,4357.436,4132.821,4143.077,4215.897,0.0
1774430694.0987,50,4231.282,4321.026,4153.333,4144.615,4179.487,0.0
1774430694.1066,51,4235.897,4334.872,4148.718,4153.846,4193.333,0.0
1774430694.1144,52,4237.949,4372.308,4160.0,4162.564,4242.051,0.0
1774430694.1224,53,4242.051,4352.308,4186.667,4159.487,4249.231,0.0
1774430694.1302,54,4228.718,4328.718,4164.615,4155.385,4230.256,0.0
1774430694.1381,55,4217.436,4334.872,4139.487,4157.949,4232.308,0.0
1774430694.1459,56,4215.385,4354.872,4176.41,4158.462,4223.077,0.0
1774430694.1538,57,4217.949,4356.923,4203.59,4161.538,4206.154,0.0
1774430694.1617,58,4228.205,4313.846,4181.026,4164.615,4218.974,0.0
1774430694.1695,59,4233.846,4299.487,4165.641,4157.436,4230.769,0.0
1774430694.1775,60,4220.513,4329.231,4178.462,4145.641,4220.513,0.0
1774430694.1853,61,4216.41,4300.0,4189.744,4142.051,4217.436,0.0
1774430694.1931,62,4227.179,4260.0,4175.897,4143.077,4225.641,0.0
1774430694.201,63,4225.641,4288.718,4161.026,4146.667,4218.462,0.0
1774430694.2089,64,4232.821,4297.436,4175.897,4163.59,4211.282,450.0
1774430694.2167,65,4253.846,4289.231,4183.59,4185.641,4238.462,450.0
1774430694.2247,66,4247.179,4314.359,4160.0,4183.59,4264.615,16203.0
1774430694.2325,67,4231.795,4311.282,4166.667,4162.564,4246.154,450.0
1774430694.2404,68,4244.103,4286.667,4193.846,4162.564,4221.538,16178.0
1774430694.2482,69,4249.744,4301.538,4177.436,4181.026,4234.359,450.0
1774430694.256,70,4231.282,4331.795,4157.436,4184.615,4247.179,16148.0
1774430694.2639,71,4234.359,4331.282,4175.385,4169.744,4246.667,450.0
1774430694.2718,72,4260.513,4294.872,4189.231,4167.179,4248.205,450.0
1774430694.2797,73,4265.128,4278.462,4186.667,4180.513,4244.103,16185.0
1774430694.2876,74,4246.154,4313.333,4187.692,4183.077,4236.923,450.0
1774430694.2954,75,4228.205,4330.256,4189.231,4156.923,4218.462,16202.0
1774430694.3032,76,4226.154,4303.077,4195.385,4146.667,4213.333,450.0
1774430694.3111,77,4249.231,4290.256,4188.205,4182.051,4245.641,450.0
1774430694.319,78,4256.923,4295.897,4162.564,4186.154,4252.308,450.0
1774430694.3269,79,4231.282,4292.821,4168.205,4141.538,4225.641,16202.0
1774430694.3349,80,4232.821,4290.256,4193.846,4141.538,4238.974,450.0
1774430694.3428,81,4268.718,4291.282,4204.103,4179.487,4257.949,450.0
1774430694.3506,82,4266.382,4291.51,4200.513,4178.917,4254.131,450.0
1774430694.3584,83,4264.046,4291.738,4196.923,4178.348,4250.313,450.0
1774430694.3662,84,4261.709,4291.966,4193.333,4177.778,4246.496,450.0
1774430694.374,85,4259.373,4292.194,4189.744,4177.208,4242.678,450.0
1774430694.3818,86,4257.037,4292.422,4186.154,4176.638,4238.86,450.0
1774430694.3897,87,4254.701,4292.65,4182.564,4176.068,4235.043,450.0
1774430694.3975,88,4252.365,4292.877,4178.974,4175.499,4231.225,450.0
1774430694.4053,89,4250.028,4293.105,4175.385,4174.929,4227.407,450.0
1774430694.4131,90,4247.692,4293.333,4171.795,4174.359,4223.59,450.0
1774430694.4209,91,4206.154,4302.051,4182.051,4146.154,4205.641,16202.0
1774430694.4286,92,4213.846,4287.179,4197.949,4158.974,4224.103,450.0
1774430694.4365,93,4247.179,4285.641,4192.821,4185.128,4248.718,450.0
1774430694.4442,94,4255.897,4313.846,4185.641,4186.154,4254.359,450.0
1774430694.4519,95,4251.795,4308.718,4191.795,4165.128,4242.051,16202.0
1774430694.4597,96,4252.821,4284.103,4197.949,4150.256,4225.128,450.0
1774430694.4675,97,4273.846,4294.872,4199.487,4174.872,4253.333,450.0
1774430694.4752,98,4280.0,4303.077,4192.821,4195.897,4284.103,450.0
1774430694.4829,99,4252.308,4290.769,4187.692,4171.282,4260.0,16202.0
1774430694.4907,100,4249.231,4292.308,4196.41,4156.41,4242.564,450.0
1774430694.4985,101,4269.231,4291.282,4195.385,4172.821,4250.769,450.0
1774430694.5063,102,4268.205,4285.128,4183.59,4179.487,4246.154,450.0
1774430694.514,103,4253.333,4293.333,4189.231,4164.103,4241.538,16202.0
1774430694.5218,104,4223.077,4287.692,4194.359,4135.385,4229.231,450.0
1774430694.5295,105,4221.026,4281.026,4188.205,4135.385,4225.128,450.0
1774430694.5373,106,4276.41,4294.872,4189.231,4178.462,4264.103,450.0
1774430694.5451,107,4292.308,4295.385,4190.256,4192.308,4281.538,16202.0
1774430694.5529,108,4247.179,4280.0,4184.103,4157.436,4240.0,450.0
1774430694.5606,109,4241.538,4273.846,4193.846,4140.0,4203.59,450.0
1774430694.5684,110,4267.692,4277.436,4203.59,4163.077,4206.154,450.0
1774430694.5761,111,4254.359,4282.051,4186.154,4175.385,4229.744,16202.0
1774430694.5839,112,4243.59,4303.59,4179.487,4164.615,4257.949,450.0
1774430694.5916,113,4265.128,4321.026,4199.487,4165.641,4254.359,450.0
1774430694.5995,114,4276.41,4297.436,4208.205,4171.282,4226.667,450.0
1774430694.6072,115,4268.718,4287.692,4202.564,4169.744,4223.077,16202.0
1774430694.615,116,4260.513,4325.641,4195.385,4180.513,4232.308,450.0
1774430694.6227,117,4268.718,4343.59,4195.385,4198.974,4240.0,450.0
1774430694.6304,118,4280.513,4331.795,4199.487,4195.897,4263.59,450.0
1774430694.6382,119,4274.872,4320.0,4202.564,4169.744,4272.308,16202.0
1774430694.6459,120,4266.154,4294.872,4204.103,4156.41,4237.436,450.0
1774430694.6538,121,4283.077,4283.077,4197.949,4177.949,4218.974,450.0
1774430694.6615,122,4293.846,4306.154,4193.333,4200.0,4245.641,450.0
1774430694.6693,123,4268.205,4321.538,4191.282,4188.718,4269.231,16202.0
1774430694.677,124,4249.231,4324.615,4198.462,4165.128,4252.821,450.0
1774430694.6848,125,4256.923,4340.0,4218.462,4161.538,4226.667,450.0
1774430694.6926,126,4275.897,4337.436,4206.154,4180.513,4241.026,450.0
1774430694.7003,127,4291.282,4329.744,4174.359,4186.154,4268.718,242.0
1774430694.7081,0,4285.128,4363.59,4177.949,4167.179,4261.538,450.0
1774430694.7159,1,4263.077,4391.795,4202.051,4160.0,4246.667,450.0
1774430694.7236,2,4256.41,4370.256,4208.205,4172.308,4244.615,16201.0
1774430694.7314,3,4272.821,4340.513,4195.897,4176.41,4222.564,450.0
1774430694.7391,4,4272.308,4352.821,4184.103,4173.846,4209.744,16174.0
1774430694.7469,5,4253.333,4382.051,4170.256,4169.231,4239.487,450.0
1774430694.7546,6,4249.231,4362.051,4171.282,4151.795,4240.513,16148.0
1774430694.7625,7,4257.949,4322.564,4186.154,4145.128,4213.333,450.0
1774430694.7702,8,4257.949,4316.923,4166.667,4156.923,4223.077,450.0
1774430694.7779,9,4254.359,4334.359,4146.154,4153.846,4244.615,16185.0
1774430694.7857,10,4255.385,4342.051,4176.923,4143.59,4240.513,450.0
1774430694.7935,11,4250.769,4321.538,4200.0,4151.795,4214.359,16195.0
1774430694.8012,12,4253.846,4305.128,4184.103,4160.0,4200.0,450.0
1774430694.8089,13,4264.103,4316.923,4168.718,4155.385,4226.154,450.0
1774430694.8168,14,4251.795,4333.333,4164.103,4145.641,4253.846,450.0
1774430694.8245,15,4241.026,4338.974,4166.154,4133.846,4234.872,16195.0
1774430694.8323,16,4262.564,4347.179,4174.872,4138.462,4204.615,0.0
1774430694.84,17,4276.923,4358.974,4175.897,4160.0,4208.718,0.0
1774430694.8478,18,4257.949,4362.564,4164.615,4160.0,4221.538,0.0
1774430694.8555,19,4242.051,4354.872,4169.744,4140.513,4207.179,0.0
1774430694.8633,20,4253.846,4351.282,4191.282,4151.795,4192.821,0.0
1774430694.8711,21,4263.59,4350.256,4177.949,4168.205,4214.359,0.0
1774430694.8789,22,4253.846,4339.487,4142.051,4147.692,4237.436,0.0
1774430694.8866,23,4258.974,4344.103,4152.821,4138.974,4231.795,0.0
1774430694.8943,24,4266.154,4364.615,4184.103,4150.769,4215.897,0.0
1774430694.9021,25,4266.154,4356.923,4188.718,4154.359,4223.59,0.0
1774430694.9099,26,4284.103,4317.949,4186.154,4167.179,4246.154,0.0
1774430694.9176,27,4277.949,4313.846,4179.487,4174.359,4232.821,0.0
1774430694.9255,28,4238.974,4346.667,4166.667,4153.846,4203.077,0.0
1774430694.9332,29,4237.436,4342.564,4179.487,4142.564,4212.821,0.0
1774430694.941,30,4270.256,4315.897,4205.128,4160.513,4233.333,0.0
1774430694.9487,31,4266.667,4323.077,4183.59,4170.256,4221.538,0.0
1774430694.9565,32,4243.077,4346.667,4140.513,4162.051,4212.821,0.0
1774430694.9642,33,4253.333,4340.513,4151.795,4160.0,4234.872,0.0
1774430694.972,34,4281.538,4333.333,4188.205,4170.769,4237.436,0.0
1774430694.9798,35,4281.538,4352.821,4182.564,4178.974,4209.231,0.0
1774430694.9875,36,4255.385,4373.846,4150.769,4168.205,4203.077,0.0
1774430694.9953,37,4236.41,4372.821,4153.333,4148.205,4228.205,0.0
1774430695.003,38,4238.974,4350.769,4182.564,4143.077,4233.333,0.0
1774430695.0108,39,4255.385,4336.41,4189.744,4151.795,4209.744,0.0
1774430695.0185,40,4269.744,4354.872,4181.538,4155.385,4204.615,0.0
1774430695.0264,41,4255.897,4394.872,4171.795,4149.744,4217.949,0.0
1774430695.0342,42,4235.897,4392.308,4163.077,4152.308,4218.462,0.0
1774430695.0419,43,4258.462,4356.923,4183.59,4169.744,4222.051,0.0
1774430695.0496,44,4286.154,4350.256,4204.615,4182.564,4236.41,0.0
1774430695.0574,45,4273.846,4344.615,4185.641,4175.385,4244.103,0.0
1774430695.0651,46,4250.769,4337.436,4163.59,4161.026,4246.667,0.0
1774430695.0729,47,4236.923,4351.795,4173.846,4151.795,4237.436,0.0
1774430695.0807,48,4243.077,4347.692,4190.256,4150.256,4215.385,0.0
1774430695.0884,49,4271.795,4329.231,4177.949,4155.897,4224.103,0.0
1774430695.0962,50,4267.692,4337.436,4157.436,4152.308,4239.487,0.0
1774430695.104,51,4228.718,4340.0,4164.615,4138.974,4209.744,0.0
1774430695.1117,52,4240.0,4317.436,4185.641,4142.051,4196.41,0.0
1774430695.1194,53,4279.487,4317.949,4191.282,4159.487,4236.41,0.0
1774430695.1272,54,4273.846,4346.154,4180.0,4175.385,4270.769,0.0
1774430695.1351,55,4250.769,4367.179,4171.282,4181.026,4272.308,0.0
1774430695.1428,56,4251.282,4375.897,4181.026,4173.333,4258.974,0.0
1774430695.1506,57,4257.436,4371.795,4196.923,4165.128,4226.154,0.0
1774430695.1583,58,4257.949,4348.205,4197.436,4167.692,4200.513,0.0
1774430695.1661,59,4250.256,4340.513,4185.641,4167.692,4219.487,0.0
1774430695.1738,60,4233.846,4361.026,4186.154,4150.256,4244.103,0.0
1774430695.1816,61,4245.128,4353.333,4204.615,4153.846,4244.615,0.0
1774430695.1894,62,4273.333,4316.41,4203.59,4183.59,4241.538,0.0
1774430695.1972,63,4277.436,4320.0,4181.026,4189.231,4247.179,0.0
1774430695.2049,64,4273.333,4357.436,4182.051,4165.128,4245.128,450.0
1774430695.2126,65,4269.744,4362.564,4204.615,4151.282,4223.077,450.0
1774430695.2204,66,4267.179,4337.436,4207.692,4167.692,4221.026,16218.0
1774430695.2282,67,4273.846,4332.821,4181.538,4190.256,4244.615,450.0
1774430695.2359,68,4272.821,4360.0,4173.333,4189.231,4251.795,16151.0
1774430695.2437,69,4255.897,4366.667,4192.308,4166.154,4231.795,450.0
1774430695.2514,70,4249.231,4330.769,4195.385,4147.692,4208.205,16174.0
1774430695.2592,71,4262.051,4330.769,4191.282,4155.385,4211.795,450.0
1774430695.267,72,4264.103,4385.641,4187.179,4177.949,4231.795,450.0
1774430695.2747,73,4264.103,4422.051,4173.846,4180.0,4247.692,16183.0
1774430695.2825,74,4280.0,4418.974,4175.385,4160.513,4251.282,450.0
1774430695.2902,75,4295.385,4409.231,4195.385,4154.359,4240.0,16187.0
1774430695.2981,76,4293.333,4411.795,4201.538,4161.026,4235.385,450.0
1774430695.3058,77,4290.256,4423.077,4196.923,4173.333,4253.333,450.0
1774430695.3136,78,4284.615,4441.026,4194.872,4187.179,4267.692,450.0
1774430695.3213,79,4269.744,4445.641,4182.051,4187.692,4259.487,16187.0
1774430695.3291,80,4269.231,4430.256,4173.846,4168.205,4250.256,450.0
1774430695.3368,81,4280.0,4425.641,4189.744,4152.821,4241.026,450.0
1774430695.3446,82,4272.308,4423.077,4203.59,4162.051,4226.667,450.0
1774430695.3524,83,4265.641,4403.59,4198.974,4183.59,4241.026,16187.0
1774430695.3602,84,4286.154,4411.282,4190.769,4191.795,4266.154,450.0
1774430695.3679,85,4281.026,4446.667,4178.462,4173.846,4250.256,450.0
1774430695.3756,86,4237.949,4432.308,4168.718,4160.0,4229.744,450.0
1774430695.3834,87,4241.026,4381.026,4181.026,4167.692,4229.231,16187.0
1774430695.3912,88,4279.487,4375.385,4186.667,4173.333,4214.359,450.0
1774430695.3989,89,4276.923,4402.564,4169.231,4171.282,4211.795,450.0
1774430695.4067,90,4249.231,4402.564,4163.077,4167.692,4233.333,450.0
1774430695.4145,91,4243.59,4382.564,4180.513,4164.615,4236.41,16187.0
1774430695.4222,92,4262.051,4395.385,4190.769,4175.385,4241.538,450.0
1774430695.43,93,4277.436,4433.333,4183.077,4192.821,4262.051,450.0
1774430695.4377,94,4275.897,4435.897,4183.59,4187.179,4261.026,450.0
1774430695.4455,95,4265.641,4395.385,4192.821,4160.513,4235.897,16187.0
1774430695.4532,96,4260.513,4373.333,4193.846,4140.0,4206.667,450.0
1774430695.4611,97,4261.538,4393.846,4181.538,4155.385,4209.231,450.0
1774430695.4688,98,4257.436,4409.744,4172.821,4174.872,4251.282,450.0
1774430695.4766,99,4253.333,4406.667,4192.821,4167.692,4264.103,16187.0
1774430695.4843,100,4254.359,4388.205,4205.128,4162.051,4231.795,450.0
1774430695.4921,101,4241.026,4365.128,4185.128,4162.051,4214.359,450.0
1774430695.4998,102,4229.744,4383.077,4181.538,4158.462,4232.821,450.0
1774430695.5076,103,4245.128,4416.923,4195.897,4156.923,4242.564,16187.0
1774430695.5154,104,4265.641,4409.231,4194.872,4167.179,4231.282,450.0
1774430695.5232,105,4275.385,4397.436,4179.487,4182.051,4240.513,450.0
1774430695.5309,106,4277.949,4403.077,4158.462,4188.205,4266.154,450.0
1774430695.5387,107,4271.795,4394.872,4149.744,4187.179,4267.179,16187.0
1774430695.5464,108,4269.744,4400.513,4163.077,4189.231,4254.872,450.0
1774430695.5542,109,4274.359,4418.974,4194.359,4189.231,4255.385,450.0
1774430695.5619,110,4271.282,4400.513,4208.718,4172.821,4249.231,450.0
1774430695.5697,111,4270.769,4388.718,4195.897,4177.436,4246.667,16187.0
1774430695.5775,112,4272.821,4415.385,4188.718,4198.974,4255.385,450.0
1774430695.5852,113,4267.179,4425.641,4183.59,4184.103,4250.256,450.0
1774430695.593,114,4270.256,4401.026,4173.846,4160.0,4241.026,450.0
1774430695.6007,115,4282.051,4396.923,4180.0,4171.795,4244.615,16187.0
1774430695.6085,116,4281.538,4414.872,4198.462,4187.179,4238.974,450.0
1774430695.6163,117,4276.41,4410.769,4211.282,4183.077,4220.0,450.0
1774430695.6241,118,4269.744,4409.231,4197.436,4183.077,4217.949,450.0
1774430695.6318,119,4241.538,4418.462,4170.769,4167.692,4225.128,16187.0
1774430695.6396,120,4227.692,4400.513,4171.282,4140.513,4214.872,450.0
1774430695.6473,121,4251.795,4354.872,4175.897,4151.282,4191.282,450.0
1774430695.6551,122,4267.179,4337.436,4159.487,4176.923,4198.462,450.0
1774430695.6628,123,4245.128,4354.872,4145.128,4171.282,4228.205,16187.0
1774430695.6707,124,4222.564,4350.256,4146.667,4144.615,4207.179,450.0
1774430695.6784,125,4241.538,4338.462,4162.564,4149.744,4185.128,450.0
1774430695.6862,126,4258.462,4354.872,4174.359,4171.282,4217.436,450.0
1774430695.6939,127,4242.051,4361.026,4176.41,4160.0,4226.154,242.0
1774430695.7016,0,4250.256,4334.359,4186.667,4154.872,4197.436,450.0
1774430695.7094,1,4282.564,4336.923,4191.282,4169.744,4209.231,450.0
1774430695.7171,2,4283.077,4376.923,4172.821,4163.077,4245.128,16203.0
1774430695.725,3,4251.795,4367.179,4173.846,4145.641,4235.897,450.0
1774430695.7327,4,4232.821,4340.0,4195.385,4151.282,4210.256,16185.0
1774430695.7405,5,4252.308,4360.0,4180.0,4171.795,4214.359,450.0
1774430695.7482,6,4272.821,4370.256,4153.333,4171.282,4228.205,16152.0
1774430695.756,7,4254.359,4346.154,4163.077,4147.179,4217.949,450.0
1774430695.7638,8,4238.974,4338.462,4170.769,4142.051,4198.974,450.0
1774430695.7715,9,4254.359,4349.744,4157.436,4157.436,4203.59,16190.0
1774430695.7793,10,4247.692,4355.385,4171.282,4153.333,4222.564,450.0
1774430695.7871,11,4226.154,4364.103,4199.487,4151.282,4221.538,16196.0
1774430695.7949,12,4246.154,4355.897,4191.795,4166.154,4207.692,450.0
1774430695.8026,13,4263.077,4346.154,4203.59,4154.359,4205.641,450.0
1774430695.8104,14,4250.256,4351.795,4298.462,4125.128,4197.949,450.0
1774430695.8181,15,4266.667,4349.231,4388.205,4117.436,4187.692,16196.0
1774430695.8258,16,4304.615,4348.205,4401.026,4125.641,4195.385,0.0
1774430695.8336,17,4298.974,4341.026,4397.949,4129.231,4190.769,0.0
1774430695.8414,18,4261.026,4348.205,4401.538,4122.051,4173.333,0.0
1774430695.8492,19,4233.846,4381.538,4393.846,4110.769,4188.205,0.0
1774430695.8569,20,4232.821,4377.949,4395.897,4103.59,4198.462,0.0
1774430695.8647,21,4253.846,4324.615,4402.051,4102.051,4172.308,0.0
1774430695.8724,22,4278.974,4317.949,4406.154,4112.308,4181.026,0.0
1774430695.8802,23,4285.128,4370.769,4405.641,4129.744,4215.385,0.0
1774430695.888,24,4271.795,4402.051,4411.795,4135.897,4208.205,0.0
1774430695.8958,25,4265.128,4412.821,4446.154,4136.41,4194.872,0.0
1774430695.9035,26,4260.0,4396.923,4480.513,4128.718,4191.282,0.0
1774430695.9113,27,4238.974,4352.308,4484.615,4114.872,4177.436,0.0
1774430695.919,28,4233.333,4338.974,4472.821,4118.974,4176.923,0.0
1774430695.9267,29,4249.744,4361.026,4458.974,4123.077,4189.744,0.0
1774430695.9345,30,4244.615,4381.026,4457.949,4114.359,4190.769,0.0
1774430695.9424,31,4222.564,4383.59,4467.692,4109.231,4170.256,0.0
1774430695.9501,32,4238.462,4359.487,4458.462,4109.231,4150.769,0.0
1774430695.9578,33,4280.0,4342.051,4435.385,4125.128,4173.846,0.0
1774430695.9656,34,4281.538,4366.667,4427.179,4148.718,4217.436,0.0
1774430695.9733,35,4251.795,4384.103,4443.077,4149.231,4226.667,0.0
1774430695.981,36,4250.769,4360.0,4461.026,4129.231,4203.077,0.0
1774430695.9888,37,4266.154,4330.769,4458.974,4122.564,4182.564,0.0
1774430695.9967,38,4266.154,4329.231,4444.615,4135.897,4182.051,0.0
1774430696.0044,39,4251.282,4349.231,4417.949,4130.256,4188.718,0.0
1774430696.0122,40,4246.154,4362.564,4414.872,4116.923,4197.949,0.0
1774430696.0199,41,4261.026,4329.231,4452.821,4134.872,4192.308,0.0
1774430696.0277,42,4264.103,4289.744,4460.0,4146.667,4176.41,0.0
1774430696.0354,43,4244.103,4316.41,4425.128,4137.949,4189.744,0.0
1774430696.0432,44,4211.282,4346.154,4411.795,4133.333,4197.436,0.0
1774430696.051,45,4209.744,4305.641,4418.462,4117.949,4169.744,0.0
1774430696.0588,46,4254.872,4278.462,4409.744,4106.154,4163.59,0.0
1774430696.0665,47,4279.487,4317.436,4397.436,4124.615,4190.769,0.0
1774430696.0743,48,4266.154,4347.179,4400.0,4138.974,4203.077,0.0
1774430696.082,49,4271.795,4342.051,4397.436,4130.769,4202.051,0.0
1774430696.0897,50,4285.128,4326.667,4401.026,4125.641,4203.59,0.0
1774430696.0975,51,4269.744,4308.718,4408.718,4132.308,4191.795,0.0
1774430696.1053,52,4267.179,4308.205,4386.667,4139.487,4170.769,0.0
1774430696.1132,53,4275.897,4318.974,4364.103,4127.692,4154.359,0.0
1774430696.1211,54,4262.564,4318.462,4368.205,4110.769,4169.744,0.0
1774430696.1289,55,4255.897,4307.692,4389.231,4118.974,4200.0,0.0
1774430696.1367,56,4277.436,4308.718,4407.179,4130.769,4196.41,0.0
1774430696.1445,57,4297.436,4309.231,4401.026,4126.667,4177.436,0.0
1774430696.1525,58,4300.513,4304.103,4389.744,4129.231,4181.538,0.0
1774430696.1604,59,4294.359,4311.795,4381.538,4142.051,4210.256,0.0
1774430696.1682,60,4278.974,4321.538,4379.487,4143.59,4215.385,0.0
1774430696.176,61,4273.846,4310.769,4389.231,4127.179,4180.513,0.0
1774430696.1839,62,4290.769,4288.205,4384.615,4122.564,4173.333,0.0
1774430696.1917,63,4291.282,4282.051,4362.564,4135.385,4198.462,0.0
1774430696.1996,64,4274.872,4294.872,4355.897,4129.231,4196.41,450.0
1774430696.2075,65,4285.641,4292.308,4371.795,4114.359,4187.179,450.0
1774430696.2154,66,4308.205,4274.359,4384.103,4136.41,4210.769,16206.0
1774430696.2233,67,4312.308,4290.256,4377.436,4168.205,4234.359,450.0
1774430696.2312,68,4310.769,4324.103,4358.462,4161.026,4232.308,16188.0
1774430696.239,69,4301.026,4315.385,4354.359,4135.385,4220.0,450.0
1774430696.2469,70,4291.282,4280.513,4374.359,4134.359,4206.667,16136.0
1774430696.2547,71,4288.782,4282.885,4372.372,4135.064,4208.526,450.0
1774430696.2626,72,4286.282,4285.256,4370.385,4135.769,4210.385,450.0
1774430696.2704,73,4283.782,4287.628,4368.397,4136.474,4212.244,16190.0
1774430696.2782,74,4281.282,4290.0,4366.41,4137.179,4214.103,450.0
1774430696.286,75,4278.782,4292.372,4364.423,4137.885,4215.962,16196.0
1774430696.2938,76,4276.282,4294.744,4362.436,4138.59,4217.821,450.0
1774430696.3016,77,4273.782,4297.115,4360.449,4139.295,4219.679,450.0
1774430696.3095,78,4271.282,4299.487,4358.462,4140.0,4221.538,450.0
1774430696.3172,79,4290.769,4261.538,4333.333,4131.282,4215.385,16208.0
1774430696.325,80,4295.897,4281.026,4328.205,4152.308,4210.769,450.0
1774430696.3327,81,4287.692,4295.897,4330.256,4167.179,4233.846,450.0
1774430696.3405,82,4286.154,4263.59,4316.41,4151.282,4231.282,450.0
1774430696.3482,83,4286.154,4254.872,4313.846,4136.923,4194.359,16208.0
1774430696.356,84,4277.949,4269.231,4314.359,4142.564,4195.385,450.0
1774430696.3639,85,4289.744,4266.154,4302.051,4164.103,4229.744,450.0
1774430696.3716,86,4314.359,4273.333,4310.769,4179.487,4236.923,450.0
1774430696.3794,87,4294.872,4288.718,4322.564,4159.487,4219.487,16208.0
1774430696.3871,88,4259.487,4276.41,4316.41,4127.179,4194.359,450.0
1774430696.3948,89,4268.718,4248.205,4316.923,4133.846,4189.744,450.0
1774430696.4026,90,4283.077,4248.718,4305.641,4165.128,4213.333,450.0
1774430696.4103,91,4273.333,4283.59,4291.795,4167.692,4225.128,16208.0
1774430696.4182,92,4271.282,4309.744,4304.103,4151.795,4215.385,450.0
1774430696.4259,93,4270.769,4288.718,4313.333,4137.436,4198.974,450.0
1774430696.4337,94,4278.974,4283.077,4306.667,4145.641,4210.256,450.0
1774430696.4414,95,4304.615,4324.615,4298.974,4177.436,4240.513,16208.0
1774430696.4491,96,4291.282,4338.462,4283.59,4176.41,4233.333,450.0
1774430696.4569,97,4257.436,4325.641,4270.769,4146.667,4211.795,450.0
1774430696.4646,98,4258.974,4325.128,4280.513,4136.923,4212.821,450.0
1774430696.4725,99,4260.513,4310.256,4288.205,4138.974,4213.333,16208.0
1774430696.4803,100,4251.282,4308.205,4270.256,4140.513,4207.692,450.0
1774430696.488,101,4260.0,4337.949,4263.077,4155.897,4221.538,450.0
1774430696.4958,102,4264.615,4332.308,4278.974,4165.128,4234.872,450.0
1774430696.5036,103,4253.846,4292.308,4284.103,4145.641,4212.821,16208.0
1774430696.5115,104,4262.564,4291.282,4285.128,4135.385,4187.179,450.0
1774430696.5194,105,4273.333,4311.282,4275.385,4153.333,4206.667,450.0
1774430696.5273,106,4251.282,4299.487,4248.718,4151.282,4234.359,450.0
1774430696.5351,107,4241.538,4293.333,4255.897,4123.077,4216.41,16208.0
1774430696.543,108,4264.615,4307.692,4293.333,4125.641,4193.333,450.0
1774430696.5509,109,4270.769,4321.538,4286.667,4152.821,4207.179,450.0
1774430696.5587,110,4254.359,4341.026,4245.641,4153.846,4217.949,450.0
1774430696.5665,111,4254.872,4354.359,4250.769,4139.487,4212.308,16208.0
1774430696.5744,112,4263.59,4342.564,4278.462,4140.0,4212.308,450.0
1774430696.5824,113,4256.41,4309.231,4259.487,4144.615,4213.333,450.0
1774430696.5902,114,4257.436,4308.718,4225.641,4141.026,4212.308,450.0
1774430696.598,115,4265.128,4337.949,4231.282,4135.897,4212.308,16208.0
1774430696.6059,116,4260.513,4330.256,4249.231,4127.179,4203.59,450.0
1774430696.6137,117,4261.538,4303.077,4245.641,4124.103,4190.769,450.0
1774430696.6216,118,4261.538,4320.0,4232.821,4144.615,4208.718,450.0
1774430696.6294,119,4248.205,4344.615,4230.769,4158.974,4236.41,16208.0
1774430696.6374,120,4255.897,4328.205,4243.077,4142.564,4217.436,450.0
1774430696.6452,121,4273.333,4299.487,4246.154,4135.385,4196.41,450.0
1774430696.6531,122,4258.974,4282.051,4232.821,4146.154,4220.513,450.0
1774430696.6609,123,4231.282,4278.462,4220.513,4136.41,4226.154,16208.0
1774430696.6688,124,4227.692,4283.077,4225.128,4125.641,4201.026,450.0
1774430696.6767,125,4262.051,4288.205,4244.103,4150.256,4220.0,450.0
1774430696.6846,126,4299.487,4295.385,4244.615,4177.949,4253.846,450.0
1774430696.6926,127,4290.256,4296.41,4228.205,4180.0,4247.692,242.0
1774430696.7004,0,4259.487,4306.667,4219.487,4165.641,4232.821,450.0
1774430696.7082,1,4263.59,4322.051,4225.641,4148.718,4225.128,450.0
1774430696.716,2,4283.077,4308.205,4231.282,4145.128,4212.308,16210.0
1774430696.7239,3,4266.154,4282.564,4211.282,4147.692,4199.487,450.0
1774430696.7317,4,4246.154,4303.077,4198.462,4147.179,4204.615,16158.0
1774430696.7396,5,4264.615,4343.077,4225.641,4154.872,4224.103,450.0
1774430696.7475,6,4286.154,4332.821,4243.077,4156.923,4212.821,16157.0
1774430696.7554,7,4279.487,4296.41,4214.359,4144.103,4189.231,450.0
1774430696.7632,8,4267.692,4302.051,4187.692,4137.949,4202.051,450.0
1774430696.7711,9,4269.231,4334.359,4202.564,4145.128,4228.718,16193.0
1774430696.7789,10,4287.692,4325.128,4225.641,4156.41,4229.231,450.0
1774430696.7868,11,4300.0,4289.231,4214.872,4164.103,4226.154,16190.0
1774430696.7946,12,4290.256,4303.59,4191.795,4171.282,4248.205,450.0
1774430696.8026,13,4281.026,4342.564,4202.051,4166.154,4249.744,450.0
1774430696.8104,14,4256.923,4334.872,4218.974,4136.923,4213.333,450.0
1774430696.8183,15,4244.103,4317.949,4201.538,4130.256,4206.154,16190.0
1774430696.8261,16,4275.385,4336.41,4183.077,4155.385,4242.051,0.0
1774430696.834,17,4301.538,4344.103,4201.026,4161.026,4264.615,0.0
1774430696.8419,18,4287.692,4320.513,4221.538,4147.179,4242.051,0.0
1774430696.8498,19,4267.179,4306.667,4218.462,4146.154,4221.026,0.0
1774430696.8577,20,4284.103,4327.179,4215.897,4163.59,4238.974,0.0
1774430696.8655,21,4294.359,4361.538,4204.615,4167.692,4245.128,0.0
1774430696.8734,22,4269.231,4382.564,4197.949,4148.718,4230.256,0.0
1774430696.8812,23,4264.103,4359.487,4216.41,4142.051,4235.897,0.0
1774430696.8891,24,4285.641,4326.154,4232.821,4158.462,4245.641,0.0
1774430696.8969,25,4293.333,4340.513,4224.103,4171.795,4246.667,0.0
1774430696.9049,26,4295.385,4365.641,4203.59,4180.0,4265.641,0.0
1774430696.9127,27,4309.744,4354.872,4207.179,4181.538,4269.744,0.0
1774430696.9206,28,4292.308,4347.179,4223.59,4154.872,4242.564,0.0
1774430696.9284,29,4267.179,4341.538,4226.154,4139.487,4240.0,0.0
1774430696.9363,30,4275.385,4310.769,4223.077,4157.436,4253.846,0.0
1774430696.9441,31,4287.179,4309.744,4210.769,4168.718,4248.718,0.0
1774430696.952,32,4284.615,4351.795,4198.462,4165.128,4241.026,0.0
1774430696.9599,33,4264.615,4364.615,4210.256,4157.949,4244.103,0.0
1774430696.9678,34,4251.795,4337.949,4231.282,4146.154,4246.154,0.0
1774430696.9756,35,4269.744,4329.744,4231.282,4147.692,4244.615,0.0
1774430696.9835,36,4289.744,4349.231,4211.282,4169.744,4249.744,0.0
1774430696.9914,37,4278.974,4365.641,4202.564,4176.41,4258.974,0.0
1774430696.9992,38,4258.462,4372.308,4211.282,4174.359,4252.821,0.0
1774430697.007,39,4254.872,4345.641,4214.872,4165.641,4219.487,0.0
1774430697.015,40,4261.026,4320.0,4217.949,4141.538,4201.538,0.0
1774430697.0229,41,4282.564,4336.41,4220.0,4153.333,4237.949,0.0
1774430697.0307,42,4283.077,4356.923,4202.564,4179.487,4272.821,0.0
1774430697.0386,43,4251.795,4361.026,4202.564,4166.667,4264.103,0.0
1774430697.0464,44,4248.718,4349.231,4231.795,4147.179,4234.872,0.0
1774430697.0543,45,4269.231,4331.795,4228.718,4151.795,4207.179,0.0
1774430697.0622,46,4273.333,4346.667,4191.795,4167.179,4216.41,0.0
1774430697.0702,47,4268.205,4392.821,4192.308,4172.308,4251.795,0.0
1774430697.078,48,4255.385,4415.897,4217.436,4160.0,4243.59,0.0
1774430697.0858,49,4242.051,4395.897,4214.359,4145.128,4206.154,0.0
1774430697.0937,50,4262.051,4367.692,4203.077,4154.359,4214.359,0.0
1774430697.1016,51,4280.513,4355.385,4190.256,4166.667,4238.462,0.0
1774430697.1094,52,4244.615,4368.205,4168.205,4155.385,4217.949,0.0
1774430697.1174,53,4220.513,4374.872,4171.795,4147.179,4195.897,0.0
1774430697.1252,54,4248.205,4351.282,4175.897,4149.744,4197.949,0.0
1774430697.1331,55,4263.077,4333.846,4154.872,4146.154,4208.718,0.0
1774430697.141,56,4253.333,4363.59,4157.949,4151.282,4235.897,0.0
1774430697.1488,57,4248.718,4397.436,4193.846,4169.231,4244.615,0.0
1774430697.1567,58,4248.205,4366.667,4216.41,4170.256,4219.487,0.0
1774430697.1645,59,4244.615,4318.974,4196.41,4152.821,4217.949,0.0
1774430697.1725,60,4242.051,4332.308,4175.897,4148.718,4232.308,0.0
1774430697.1803,61,4251.282,4378.462,4193.846,4163.59,4221.538,0.0
1774430697.1882,62,4262.564,4363.077,4203.077,4164.103,4209.744,0.0
1774430697.196,63,4256.923,4307.179,4174.872,4152.308,4212.308,0.0
1774430697.2038,64,4231.282,4323.59,4148.718,4154.872,4213.333,450.0
1774430697.2117,65,4224.615,4371.282,4156.923,4162.051,4218.974,450.0
1774430697.2196,66,4247.692,4347.692,4172.308,4155.897,4214.359,16218.0
1774430697.2275,67,4246.667,4303.077,4162.051,4150.256,4194.359,450.0
1774430697.2354,68,4237.949,4313.333,4151.795,4162.051,4201.538,16166.0
1774430697.2432,69,4259.487,4333.846,4175.385,4166.667,4233.846,450.0
1774430697.2511,70,4272.308,4322.564,4208.205,4156.41,4244.615,16164.0
1774430697.2589,71,4264.615,4309.231,4200.513,4155.385,4233.846,450.0
1774430697.2668,72,4258.974,4324.103,4151.795,4167.179,4229.744,450.0
1774430697.2746,73,4251.282,4361.026,4134.359,4172.308,4238.462,16187.0
1774430697.2826,74,4255.385,4365.641,4168.205,4171.795,4238.462,450.0
1774430697.2905,75,4277.949,4325.128,4177.949,4174.872,4223.59,16189.0
1774430697.2983,76,4277.436,4310.769,4152.821,4168.718,4218.462,450.0
1774430697.3061,77,4262.051,4351.282,4151.282,4168.718,4245.128,450.0
1774430697.314,78,4262.051,4367.179,4171.795,4178.974,4266.154,450.0
1774430697.3218,79,4252.821,4325.128,4182.051,4169.744,4233.333,16189.0
1774430697.3298,80,4236.923,4311.795,4182.564,4162.051,4201.026,450.0
1774430697.3376,81,4249.231,4341.026,4175.385,4186.667,4230.256,450.0
1774430697.3455,82,4271.282,4351.795,4161.026,4200.0,4268.718,450.0
1774430697.3533,83,4268.205,4334.872,4161.026,4175.385,4260.513,16189.0
1774430697.3612,84,4268.205,4322.051,4171.282,4168.205,4237.949,450.0
1774430697.369,85,4273.846,4322.051,4154.872,4186.667,4234.872,450.0
1774430697.3769,86,4266.154,4332.308,4135.385,4191.795,4250.256,450.0
1774430697.3848,87,4265.641,4344.103,4144.615,4191.282,4267.179,16189.0
1774430697.3927,88,4265.128,4336.41,4168.205,4185.641,4252.821,450.0
1774430697.4006,89,4262.051,4313.846,4184.615,4182.051,4238.974,450.0
1774430697.4084,90,4274.872,4304.615,4173.333,4192.308,4253.846,450.0
1774430697.4163,91,4266.667,4303.077,4152.308,4186.667,4254.359,16189.0
1774430697.4241,92,4243.077,4293.846,4168.205,4167.179,4229.744,450.0
1774430697.4319,93,4265.641,4287.692,4204.103,4168.718,4226.154,450.0
1774430697.4399,94,4301.026,4276.41,4200.0,4189.744,4252.308,450.0
1774430697.4478,95,4284.615,4273.846,4148.718,4188.205,4261.026,16189.0
1774430697.4556,96,4254.872,4316.41,4122.564,4173.846,4248.205,450.0
1774430697.4635,97,4252.308,4333.333,4145.128,4174.872,4247.179,450.0
1774430697.4713,98,4266.667,4286.667,4163.077,4181.026,4255.897,450.0
1774430697.4792,99,4281.026,4282.051,4152.821,4184.615,4257.949,16189.0
1774430697.487,100,4268.718,4320.513,4140.0,4165.128,4242.051,450.0
1774430697.495,101,4258.462,4297.949,4147.692,4147.692,4233.846,450.0
1774430697.5028,102,4274.872,4251.795,4160.0,4164.615,4245.128,450.0
1774430697.5107,103,4266.667,4261.538,4139.487,4174.359,4247.179,16189.0
1774430697.5185,104,4250.769,4305.128,4123.077,4167.692,4253.333,450.0
1774430697.5264,105,4272.308,4306.667,4156.41,4168.205,4266.667,450.0
1774430697.5342,106,4273.846,4267.179,4177.949,4157.949,4243.077,450.0
1774430697.5422,107,4250.256,4267.179,4148.718,4153.333,4218.974,16189.0
1774430697.5501,108,4255.385,4293.846,4137.436,4172.821,4241.538,450.0
1774430697.5579,109,4255.897,4288.718,4155.385,4165.128,4250.256,450.0
1774430697.5658,110,4245.641,4268.205,4146.667,4147.179,4241.026,450.0
1774430697.5736,111,4265.128,4272.821,4123.077,4164.103,4267.179,16189.0
1774430697.5815,112,4273.333,4298.462,4122.051,4176.41,4290.769,450.0
1774430697.5893,113,4245.128,4273.846,4131.282,4155.385,4247.692,450.0
1774430697.5973,114,4244.103,4207.179,4142.051,4137.436,4202.051,450.0
1774430697.6051,115,4259.487,4218.974,4136.41,4152.821,4235.897,16189.0
1774430697.613,116,4238.974,4282.564,4119.487,4159.487,4261.026,450.0
1774430697.6208,117,4233.846,4267.692,4137.949,4146.667,4221.026,450.0
1774430697.6287,118,4256.923,4240.513,4153.846,4153.333,4208.205,450.0
1774430697.6365,119,4248.205,4255.385,4141.538,4161.026,4235.897,16189.0
1774430697.6444,120,4232.308,4228.205,4150.769,4151.795,4228.205,450.0
1774430697.6523,121,4233.333,4193.333,4161.026,4155.385,4205.128,450.0
1774430697.6602,122,4222.051,4205.641,4140.0,4154.359,4213.846,450.0
1774430697.668,123,4234.359,4209.231,4139.487,4147.179,4229.744,16189.0
1774430697.6759,124,4260.0,4204.103,4166.667,4159.487,4238.974,450.0
1774430697.6837,125,4235.385,4227.179,4165.641,4154.359,4235.385,450.0
1774430697.6916,126,4220.0,4204.615,4157.436,4135.897,4228.205,450.0
1774430697.6994,127,4257.436,4145.128,4175.897,4155.385,4238.462,242.0
1774430697.7074,0,4262.051,4181.026,4175.897,4176.41,4236.923,450.0
1774430697.7152,1,4229.744,4237.436,4155.897,4150.769,4217.436,450.0
1774430697.7231,2,4238.462,4189.231,4138.974,4123.59,4213.333,16206.0
1774430697.731,3,4248.718,4180.0,4116.923,4126.154,4215.385,450.0
1774430697.7388,4,4221.026,4255.385,4114.359,4134.359,4208.205,16167.0
1774430697.7467,5,4212.308,4239.487,4121.026,4136.41,4219.487,450.0
1774430697.7546,6,4223.077,4183.59,4114.359,4140.513,4226.154,16156.0
1774430697.7625,7,4212.308,4209.231,4122.051,4139.487,4202.051,450.0
1774430697.7703,8,4212.308,4218.462,4134.359,4142.564,4204.103,450.0
1774430697.7782,9,4245.128,4196.41,4133.333,4161.026,4236.41,16193.0
1774430697.786,10,4252.821,4224.615,4145.641,4154.359,4239.487,450.0
1774430697.7939,11,4232.308,4222.051,4160.0,4128.718,4219.487,16198.0
1774430697.8017,12,4238.974,4192.821,4151.282,4143.077,4228.718,450.0
1774430697.8097,13,4245.128,4232.821,4144.615,4158.462,4240.513,450.0
1774430697.8175,14,4230.769,4256.923,4154.359,4136.41,4228.205,450.0
1774430697.8254,15,4231.795,4220.513,4149.231,4142.051,4228.718,16198.0
1774430697.8332,16,4226.154,4215.897,4126.154,4154.872,4232.821,0.0
1774430697.841,17,4205.128,4247.179,4127.692,4124.103,4219.487,0.0
1774430697.8489,18,4226.667,4238.974,4150.256,4123.59,4221.026,0.0
1774430697.8568,19,4256.41,4233.333,4153.846,4157.436,4248.205,0.0
1774430697.8647,20,4242.051,4268.205,4153.333,4148.205,4253.333,0.0
1774430697.8726,21,4240.513,4249.744,4178.974,4134.872,4224.103,0.0
1774430697.8805,22,4271.282,4200.0,4200.0,4162.051,4220.0,0.0
1774430697.8883,23,4271.282,4225.641,4176.41,4177.436,4260.513,0.0
1774430697.8962,24,4233.846,4262.564,4146.667,4155.897,4271.282,0.0
1774430697.904,25,4221.538,4217.436,4146.667,4135.897,4229.744,0.0
1774430697.9119,26,4241.538,4187.692,4135.385,4142.564,4219.487,0.0
1774430697.9198,27,4250.769,4237.949,4118.974,4154.872,4255.897,0.0
1774430697.9277,28,4253.333,4251.795,4142.051,4152.308,4247.179,0.0
1774430697.9355,29,4243.077,4220.513,4158.974,4142.564,4212.308,0.0
1774430697.9433,30,4222.564,4245.641,4141.538,4143.59,4241.026,0.0
1774430697.9512,31,4231.282,4284.103,4154.359,4142.564,4266.154,0.0
1774430697.959,32,4257.436,4272.308,4193.333,4138.462,4231.795,0.0
1774430697.967,33,4256.923,4263.59,4173.846,4155.897,4233.846,0.0
1774430697.9749,34,4233.846,4280.513,4132.308,4165.128,4261.538,0.0
1774430697.9827,35,4223.077,4271.795,4145.641,4145.128,4225.128,0.0
1774430697.9905,36,4230.256,4260.0,4166.667,4142.564,4192.821,0.0
1774430697.9984,37,4234.359,4273.333,4161.538,4165.128,4220.0,0.0
1774430698.0063,38,4216.41,4272.308,4170.256,4156.41,4221.026,0.0
1774430698.0141,39,4209.231,4273.846,4175.897,4131.282,4195.385,0.0
1774430698.0221,40,4244.615,4298.462,4163.077,4152.308,4217.436,0.0
1774430698.03,41,4251.282,4290.769,4152.821,4169.231,4235.897,0.0
1774430698.0378,42,4225.128,4245.128,4149.744,4145.128,4217.436,0.0
1774430698.0456,43,4234.359,4246.667,4136.923,4152.821,4235.385,0.0
1774430698.0535,44,4238.974,4288.718,4122.051,4170.769,4255.385,0.0
1774430698.0613,45,4217.436,4275.897,4135.385,4142.564,4225.128,0.0
1774430698.0692,46,4229.231,4230.256,4147.179,4141.538,4218.974,0.0
1774430698.0771,47,4241.026,4227.692,4127.692,4164.615,4240.0,0.0
1774430698.085,48,4217.436,4253.846,4126.154,4141.538,4213.333,0.0
1774430698.0928,49,4227.179,4245.128,4145.128,4139.487,4184.103,0.0
1774430698.1007,50,4254.359,4215.385,4142.564,4172.821,4215.897,0.0
1774430698.1085,51,4233.846,4222.051,4139.487,4148.205,4236.41,0.0
1774430698.1164,52,4219.487,4253.846,4147.692,4114.359,4212.821,0.0
1774430698.1244,53,4235.385,4282.564,4127.692,4148.718,4208.205,0.0
1774430698.1322,54,4224.615,4262.564,4102.564,4155.897,4209.744,0.0
1774430698.14,55,4210.769,4211.282,4123.59,4121.026,4194.359,0.0
1774430698.1478,56,4236.41,4233.333,4143.077,4146.154,4209.744,0.0
1774430698.1557,57,4243.077,4274.359,4131.795,4184.103,4229.231,0.0
1774430698.1635,58,4224.103,4223.077,4145.128,4160.0,4213.333,0.0
1774430698.1714,59,4241.538,4195.897,4160.513,4148.205,4221.538,0.0
1774430698.1793,60,4249.744,4236.41,4139.487,4171.282,4238.462,0.0
1774430698.1872,61,4235.385,4212.308,4140.0,4165.128,4213.846,0.0
1774430698.195,62,4249.231,4180.0,4153.846,4147.179,4204.103,0.0
1774430698.2029,63,4260.513,4221.026,4133.333,4155.897,4226.667,0.0
1774430698.2107,64,4244.615,4239.487,4128.718,4154.359,4215.897,450.0
1774430698.2186,65,4242.564,4216.41,4148.718,4135.897,4188.205,450.0
1774430698.2264,66,4250.769,4215.897,4130.256,4142.564,4202.051,16206.0
1774430698.2344,67,4238.462,4200.0,4115.385,4149.744,4220.0,450.0
1774430698.2422,68,4232.308,4182.051,4149.744,4142.051,4207.179,16185.0
1774430698.2501,69,4222.051,4218.462,4154.359,4145.641,4203.59,450.0
1774430698.2579,70,4204.103,4230.256,4131.282,4150.256,4214.872,16149.0
1774430698.2658,71,4218.462,4210.769,4144.103,4151.795,4224.615,450.0
1774430698.2736,72,4229.231,4238.462,4149.744,4155.385,4229.231,450.0
1774430698.2815,73,4213.333,4260.0,4137.436,4150.256,4213.846,16185.0
1774430698.2894,74,4214.359,4225.128,4126.667,4143.077,4192.821,450.0
1774430698.2973,75,4220.0,4208.205,4111.282,4141.026,4202.564,16195.0
1774430698.3051,76,4211.795,4221.538,4125.641,4141.026,4221.538,450.0
1774430698.313,77,4221.538,4202.051,4140.0,4150.256,4218.974,450.0
1774430698.3209,78,4225.128,4200.513,4118.974,4152.821,4212.308,450.0
1774430698.3287,79,4213.846,4230.256,4125.641,4146.154,4208.718,16195.0
1774430698.3367,80,4225.128,4223.59,4142.051,4148.718,4205.641,450.0
1774430698.3445,81,4238.974,4216.41,4122.051,4155.385,4213.846,450.0
1774430698.3524,82,4225.641,4225.128,4116.923,4152.821,4210.256,450.0
1774430698.3602,83,4218.462,4219.487,4130.769,4148.718,4203.077,16195.0
1774430698.3681,84,4242.051,4249.231,4116.41,4157.949,4230.769,450.0
1774430698.3759,85,4249.744,4280.513,4105.641,4163.59,4246.667,450.0
1774430698.3838,86,4232.821,4228.718,4124.615,4152.308,4222.051,450.0
1774430698.3917,87,4226.154,4203.59,4125.641,4158.462,4217.436,16195.0
1774430698.3996,88,4228.205,4248.718,4111.282,4173.333,4220.513,450.0
1774430698.4074,89,4231.282,4237.436,4109.744,4167.179,4212.308,450.0
1774430698.4153,90,4228.718,4216.41,4109.231,4154.359,4218.974,450.0
1774430698.4231,91,4218.974,4254.872,4107.179,4157.436,4215.385,16195.0
1774430698.431,92,4223.59,4273.333,4098.462,4162.564,4195.897,450.0
1774430698.4388,93,4233.333,4244.615,4093.333,4154.872,4198.974,450.0
1774430698.4468,94,4227.179,4227.179,4112.308,4136.923,4201.538,450.0
1774430698.4546,95,4217.436,4242.564,4117.436,4135.385,4195.897,16195.0
1774430698.4625,96,4214.359,4265.128,4096.41,4143.077,4206.667,450.0
1774430698.4704,97,4219.487,4240.513,4094.872,4140.0,4208.718,450.0
1774430698.4782,98,4232.308,4211.282,4111.795,4151.282,4207.179,450.0
1774430698.4861,99,4229.231,4242.564,4117.436,4166.154,4226.154,16195.0
1774430698.4939,100,4220.0,4255.897,4109.744,4150.769,4208.718,450.0
1774430698.5019,101,4233.333,4235.385,4112.821,4142.051,4181.026,450.0
1774430698.5097,102,4244.615,4241.538,4137.436,4149.744,4202.564,450.0
1774430698.5176,103,4242.051,4225.641,4153.333,4143.077,4223.077,16195.0
1774430698.5254,104,4246.667,4202.564,4138.462,4148.718,4221.538,450.0
1774430698.5333,105,4235.385,4237.949,4125.128,4156.923,4212.821,450.0
1774430698.5411,106,4214.872,4252.308,4127.692,4134.359,4195.385,450.0
1774430698.5491,107,4224.615,4219.487,4110.769,4134.359,4210.256,16195.0
1774430698.5569,108,4231.795,4221.026,4097.436,4155.897,4225.641,450.0
1774430698.5648,109,4213.846,4217.436,4124.615,4140.0,4186.667,450.0
1774430698.5726,110,4219.487,4197.949,4130.769,4128.718,4183.59,450.0
1774430698.5805,111,4242.051,4222.564,4110.256,4149.231,4234.872,16195.0
1774430698.5883,112,4241.026,4248.205,4130.769,4157.436,4235.897,450.0
1774430698.5962,113,4220.513,4228.205,4138.974,4150.256,4206.154,450.0
1774430698.6041,114,4208.205,4220.513,4105.128,4145.641,4198.462,450.0
1774430698.612,115,4217.949,4245.128,4112.821,4146.667,4195.385,16195.0
1774430698.6198,116,4233.846,4261.538,4138.462,4161.538,4203.59,450.0
1774430698.6277,117,4237.436,4268.205,4113.333,4167.692,4224.615,450.0
1774430698.6356,118,4231.282,4254.359,4096.923,4146.154,4217.436,450.0
1774430698.6434,119,4233.846,4226.667,4128.718,4138.974,4209.744,16195.0
1774430698.6513,120,4235.897,4241.026,4129.231,4152.821,4231.282,450.0
1774430698.6592,121,4216.41,4264.615,4107.692,4145.641,4217.949,450.0
1774430698.667,122,4214.359,4249.744,4130.256,4144.615,4190.769,450.0
1774430698.6749,123,4234.872,4249.744,4132.821,4158.462,4216.923,16195.0
1774430698.6827,124,4233.333,4277.436,4104.615,4144.103,4232.308,450.0
1774430698.6906,125,4233.333,4280.0,4110.769,4140.513,4207.692,450.0
1774430698.6985,126,4247.179,4281.538,4119.487,4164.615,4211.282,450.0
1774430698.7064,127,4226.154,4296.923,4104.615,4157.949,4227.179,242.0
1774430698.7143,0,4194.359,4279.487,4089.231,4132.308,4198.462,450.0
1774430698.7221,1,4209.744,4261.026,4081.538,4126.667,4175.897,450.0
1774430698.73,2,4238.974,4281.538,4101.538,4134.359,4204.103,16204.0
1774430698.7378,3,4247.692,4273.846,4135.385,4147.179,4229.231,450.0
1774430698.7457,4,4247.692,4243.59,4129.231,4158.462,4220.0,16176.0
1774430698.7535,5,4239.487,4256.41,4109.231,4144.615,4200.0,450.0
1774430698.7615,6,4223.077,4255.385,4117.436,4126.667,4191.795,16156.0
1774430698.7693,7,4231.795,4229.231,4116.41,4138.462,4210.256,450.0
1774430698.7771,8,4250.256,4261.026,4104.615,4154.872,4239.487,450.0
1774430698.785,9,4229.744,4285.128,4113.846,4144.615,4227.692,16189.0
1774430698.7929,10,4220.0,4237.949,4108.205,4132.308,4200.513,450.0
1774430698.8007,11,4244.103,4237.949,4095.385,4142.564,4214.359,16195.0
1774430698.8085,12,4254.359,4291.282,4115.385,4155.897,4230.769,450.0
1774430698.8164,13,4257.436,4256.923,4125.641,4152.821,4212.308,450.0
1774430698.8243,14,4264.103,4190.256,4104.615,4146.667,4208.205,450.0
1774430698.8321,15,4250.256,4220.0,4101.026,4143.077,4229.744,16195.0
1774430698.84,16,4247.692,4264.615,4123.59,4151.282,4233.333,0.0
1774430698.8478,17,4274.872,4254.359,4129.231,4171.282,4231.282,0.0
1774430698.8557,18,4253.846,4264.103,4111.282,4166.667,4233.846,0.0
1774430698.8635,19,4214.872,4298.462,4118.462,4141.538,4230.256,0.0
1774430698.8715,20,4241.538,4283.59,4132.308,4149.231,4222.051,0.0
1774430698.8794,21,4254.872,4259.487,4108.205,4165.128,4214.872,0.0
1774430698.8872,22,4214.359,4283.077,4094.872,4154.872,4221.538,0.0
1774430698.8951,23,4207.692,4301.538,4111.795,4154.872,4236.923,0.0
1774430698.9029,24,4234.872,4282.051,4118.974,4168.718,4235.385,0.0
1774430698.9108,25,4214.872,4237.949,4120.0,4151.282,4204.103,0.0
1774430698.9187,26,4194.872,4203.59,4120.0,4139.487,4188.205,0.0
1774430698.9266,27,4226.154,4231.282,4114.359,4167.692,4217.436,0.0
1774430698.9344,28,4238.974,4250.769,4124.103,4176.41,4229.744,0.0
1774430698.9423,29,4218.974,4201.538,4132.308,4157.436,4210.256,0.0
1774430698.9501,30,4221.538,4207.179,4115.385,4161.538,4220.513,0.0
1774430698.958,31,4247.179,4265.128,4121.538,4167.692,4239.487,0.0
1774430698.9658,32,4255.897,4243.59,4159.487,4163.59,4233.846,0.0
1774430698.9738,33,4250.256,4231.795,4157.436,4180.0,4254.359,0.0
1774430698.9816,34,4248.718,4280.513,4134.872,4183.077,4269.231,0.0
1774430698.9895,35,4240.513,4276.923,4157.949,4158.974,4231.795,0.0
1774430698.9973,36,4229.744,4258.974,4167.692,4161.538,4209.744,0.0
1774430699.0052,37,4233.846,4292.308,4142.564,4181.538,4232.821,0.0
1774430699.013,38,4254.872,4307.179,4151.795,4180.513,4247.692,0.0
1774430699.0209,39,4274.872,4278.462,4172.821,4173.333,4242.564,0.0
1774430699.0288,40,4285.641,4267.692,4161.026,4180.0,4252.821,0.0
1774430699.0367,41,4277.436,4288.205,4135.385,4179.487,4262.564,0.0
1774430699.0445,42,4258.974,4302.051,4137.949,4171.282,4254.359,0.0
1774430699.0524,43,4260.0,4295.385,4167.179,4180.513,4247.692,0.0
1774430699.0603,44,4270.769,4287.179,4168.718,4193.846,4238.462,0.0
1774430699.0681,45,4269.231,4285.128,4140.0,4190.769,4236.923,0.0
1774430699.076,46,4257.436,4268.718,4134.359,4176.41,4249.744,0.0
1774430699.0839,47,4253.846,4254.872,4158.974,4162.051,4248.718,0.0
1774430699.0918,48,4268.718,4268.205,4172.308,4164.103,4241.538,0.0
1774430699.0996,49,4276.923,4282.051,4154.872,4186.154,4252.821,0.0
1774430699.1075,50,4262.564,4276.41,4137.949,4194.872,4264.615,0.0
1774430699.1153,51,4256.923,4269.744,4147.179,4177.436,4262.051,0.0
1774430699.1232,52,4261.026,4271.282,4159.487,4158.974,4248.205,0.0
1774430699.1311,53,4254.359,4273.846,4147.179,4161.538,4227.692,0.0
1774430699.139,54,4251.795,4289.744,4127.692,4171.282,4235.385,0.0
1774430699.1468,55,4258.974,4309.744,4132.821,4168.205,4261.538,0.0
1774430699.1547,56,4269.744,4300.0,4154.359,4165.128,4254.872,0.0
1774430699.1625,57,4281.026,4277.436,4161.538,4167.692,4237.949,0.0
1774430699.1704,58,4274.872,4287.692,4144.615,4172.821,4257.436,0.0
1774430699.1782,59,4250.769,4306.667,4132.308,4177.436,4268.205,0.0
1774430699.1862,60,4255.897,4296.923,4152.821,4172.821,4250.256,0.0
1774430699.194,61,4286.667,4279.487,4176.923,4181.026,4244.103,0.0
1774430699.2019,62,4282.051,4287.179,4161.538,4192.821,4250.256,0.0
1774430699.2097,63,4266.667,4313.333,4137.949,4176.923,4256.923,0.0
1774430699.2176,64,4276.41,4329.231,4150.256,4161.538,4250.256,450.0
1774430699.2254,65,4281.538,4324.103,4187.179,4171.795,4241.538,450.0
1774430699.2333,66,4275.897,4315.897,4201.026,4181.538,4254.359,16205.0
1774430699.2413,67,4285.641,4306.154,4177.436,4182.051,4271.282,450.0
1774430699.2491,68,4283.077,4301.538,4157.436,4182.564,4254.872,16187.0
1774430699.257,69,4260.513,4310.256,4156.41,4170.256,4231.795,450.0
1774430699.2648,70,4268.718,4314.872,4166.154,4156.41,4237.949,16141.0
1774430699.2727,71,4294.872,4309.231,4174.872,4169.744,4250.769,450.0
1774430699.2805,72,4289.744,4312.308,4164.615,4181.026,4252.821,450.0
1774430699.2884,73,4280.0,4327.179,4163.077,4181.538,4258.974,16196.0
1774430699.2963,74,4287.692,4340.513,4178.462,4193.846,4273.333,450.0
1774430699.3042,75,4280.0,4337.436,4184.103,4197.436,4270.769,16202.0
1774430699.312,76,4272.821,4329.744,4176.923,4173.846,4248.205,450.0
1774430699.3199,77,4276.41,4330.769,4152.821,4159.487,4228.205,450.0
1774430699.3277,78,4270.256,4341.538,4137.949,4175.385,4227.179,450.0
1774430699.3356,79,4275.897,4346.667,4161.026,4192.821,4253.846,16202.0
1774430699.3435,80,4293.333,4328.205,4189.231,4186.667,4272.821,450.0
1774430699.3514,81,4294.872,4301.026,4188.718,4180.0,4266.154,450.0
1774430699.3593,82,4294.359,4304.103,4168.205,4201.538,4262.051,450.0
1774430699.3671,83,4294.872,4310.769,4156.41,4211.795,4263.077,16202.0
1774430699.375,84,4294.53,4310.655,4158.348,4206.61,4261.311,14451.778
1774430699.3828,85,4294.188,4310.541,4160.285,4201.425,4259.544,12701.556
1774430699.3906,86,4293.846,4310.427,4162.222,4196.239,4257.778,10951.333
1774430699.3985,87,4293.504,4310.313,4164.16,4191.054,4256.011,9201.111
1774430699.4063,88,4293.162,4310.199,4166.097,4185.869,4254.245,7450.889
1774430699.4141,89,4292.821,4310.085,4168.034,4180.684,4252.479,5700.667
1774430699.4219,90,4292.479,4309.972,4169.972,4175.499,4250.712,3950.444
1774430699.4297,91,4292.137,4309.858,4171.909,4170.313,4248.946,2200.222
1774430699.4375,92,4291.795,4309.744,4173.846,4165.128,4247.179,450.0
1774430699.4452,93,4291.282,4305.641,4168.718,4173.333,4244.615,450.0
1774430699.4531,94,4247.179,4309.231,4155.385,4171.282,4225.641,450.0
1774430699.4609,95,4241.538,4303.59,4144.103,4163.59,4240.513,16202.0
1774430699.4687,96,4282.051,4280.0,4149.744,4169.744,4265.641,450.0
1774430699.4764,97,4297.436,4267.692,4149.231,4177.436,4252.308,450.0
1774430699.4842,98,4280.0,4285.128,4133.846,4181.538,4249.744,450.0
1774430699.4919,99,4281.538,4309.744,4136.923,4200.0,4284.615,16202.0
1774430699.4996,100,4293.333,4327.179,4151.795,4204.103,4293.846,450.0
1774430699.5075,101,4279.487,4331.795,4149.231,4175.897,4254.359,450.0
1774430699.5153,102,4267.179,4312.308,4138.974,4162.051,4227.179,450.0
1774430699.523,103,4278.974,4292.821,4133.333,4181.026,4250.256,16202.0
1774430699.5307,104,4275.385,4305.128,4132.308,4191.282,4268.205,450.0
1774430699.5385,105,4241.538,4325.641,4138.462,4170.256,4240.513,450.0
1774430699.5462,106,4248.205,4306.667,4160.0,4164.103,4236.41,450.0
1774430699.554,107,4304.615,4276.923,4184.103,4192.308,4278.462,16202.0
1774430699.5618,108,4316.41,4280.513,4175.897,4202.051,4281.026,450.0
1774430699.5695,109,4277.949,4283.077,4150.256,4184.615,4246.154,450.0
1774430699.5773,110,4266.667,4281.538,4147.692,4176.923,4247.692,450.0
1774430699.5851,111,4287.179,4286.154,4163.077,4180.0,4263.59,16202.0
1774430699.5928,112,4300.513,4283.59,4173.846,4183.59,4253.846,450.0
1774430699.6006,113,4289.231,4274.359,4161.538,4189.231,4242.564,450.0
1774430699.6083,114,4265.128,4268.718,4142.051,4182.051,4245.641,450.0
1774430699.6162,115,4256.41,4285.641,4146.667,4174.872,4252.308,16202.0
1774430699.6239,116,4261.026,4300.513,4171.795,4176.41,4238.462,450.0
1774430699.6317,117,4274.872,4301.026,4183.077,4180.0,4228.718,450.0
1774430699.6394,118,4295.897,4294.872,4166.667,4193.333,4255.385,450.0
1774430699.6472,119,4297.436,4278.462,4151.795,4191.282,4268.718,16202.0
1774430699.6549,120,4264.615,4283.077,4143.077,4167.179,4237.949,450.0
1774430699.6628,121,4232.308,4295.385,4142.564,4150.256,4209.744,450.0
1774430699.6705,122,4240.0,4279.487,4153.333,4156.923,4222.051,450.0
1774430699.6782,123,4263.077,4261.538,4142.564,4181.538,4239.487,16202.0
1774430699.686,124,4258.462,4269.744,4125.128,4192.821,4224.615,450.0
1774430699.6937,125,4245.128,4261.538,4130.256,4167.692,4206.154,450.0
1774430699.7015,126,4255.385,4210.769,4141.026,4145.128,4207.179,450.0
1774430699.7092,127,4258.462,4196.923,4139.487,4170.256,4222.564,242.0
1774430699.7171,0,4238.462,4251.795,4129.744,4188.205,4231.795,450.0
1774430699.7248,1,4233.846,4277.436,4128.205,4162.564,4230.256,450.0
1774430699.7326,2,4253.846,4226.154,4139.487,4158.462,4225.128,16198.0
1774430699.7403,3,4261.538,4214.359,4137.949,4184.103,4221.538,450.0
1774430699.7481,4,4252.308,4277.949,4120.513,4187.692,4229.744,16181.0
1774430699.7558,5,4247.179,4268.205,4118.974,4164.103,4225.641,450.0
1774430699.7636,6,4240.0,4209.231,4124.103,4152.821,4198.974,16144.0
1774430699.7714,7,4235.385,4251.282,4115.897,4169.231,4200.513,450.0
1774430699.7792,8,4237.949,4299.487,4116.923,4173.846,4225.641,450.0
1774430699.7869,9,4244.615,4246.154,4142.051,4156.923,4228.205,16190.0
1774430699.7947,10,4252.821,4207.179,4138.974,4168.718,4224.103,450.0
1774430699.8024,11,4242.564,4225.128,4115.897,4189.231,4226.667,16205.0
1774430699.8101,12,4227.179,4221.026,4131.795,4170.256,4216.41,450.0
1774430699.8179,13,4237.436,4201.026,4141.538,4161.026,4214.359,450.0
1774430699.8257,14,4262.051,4205.128,4128.718,4186.154,4231.795,450.0
1774430699.8335,15,4254.872,4207.179,4147.692,4180.0,4219.487,16205.0
1774430699.8413,16,4231.795,4197.436,4167.692,4160.513,4198.462,0.0
1774430699.849,17,4246.154,4200.0,4138.974,4182.564,4231.282,0.0
1774430699.8567,18,4263.077,4206.667,4122.564,4187.692,4261.026,0.0
1774430699.8645,19,4245.641,4216.41,4154.359,4161.538,4242.564,0.0
1774430699.8722,20,4243.59,4234.359,4152.308,4168.718,4226.154,0.0
1774430699.8801,21,4253.846,4239.487,4115.385,4177.949,4221.538,0.0
1774430699.8878,22,4242.564,4220.513,4123.59,4158.462,4217.436,0.0
1774430699.8956,23,4242.564,4198.462,4141.538,4153.333,4226.667,0.0
1774430699.9033,24,4250.769,4200.0,4129.231,4164.615,4231.282,0.0
1774430699.9111,25,4231.795,4227.179,4138.462,4161.026,4221.026,0.0
1774430699.9188,26,4228.718,4235.385,4168.205,4159.487,4218.462,0.0
1774430699.9266,27,4261.026,4210.256,4162.051,4175.897,4229.744,0.0
1774430699.9344,28,4261.538,4224.615,4133.333,4181.026,4234.872,0.0
1774430699.9422,29,4246.154,4257.436,4135.385,4172.308,4232.308,0.0
1774430699.9499,30,4250.256,4234.359,4150.256,4182.564,4228.205,0.0
1774430699.9576,31,4236.923,4228.718,4141.538,4190.769,4230.256,0.0
1774430699.9654,32,4217.436,4262.564,4139.487,4168.718,4235.385,0.0
1774430699.9731,33,4237.436,4226.154,4154.872,4156.41,4216.41,0.0
1774430699.9809,34,4266.154,4189.231,4154.359,4173.846,4204.103,0.0
1774430699.9888,35,4251.282,4251.282,4135.897,4178.462,4234.359,0.0
1774430699.9965,36,4221.026,4275.897,4135.897,4154.872,4233.846,0.0
1774430700.0043,37,4234.872,4217.949,4153.846,4142.051,4190.256,0.0
1774430700.012,38,4268.718,4232.308,4153.846,4164.615,4208.205,0.0
1774430700.0197,39,4251.795,4296.41,4146.154,4182.564,4252.308,0.0
1774430700.0275,40,4228.718,4281.026,4164.615,4165.641,4233.846,0.0
1774430700.0352,41,4267.692,4229.231,4177.436,4165.128,4220.513,0.0
1774430700.0431,42,4288.718,4212.821,4165.641,4186.154,4245.128,0.0
1774430700.0508,43,4256.41,4223.59,4162.564,4175.385,4245.641,0.0
1774430700.0586,44,4236.923,4234.359,4170.256,4153.333,4223.59,0.0
1774430700.0663,45,4248.205,4233.846,4162.051,4157.436,4217.949,0.0
1774430700.0741,46,4253.846,4240.513,4134.872,4153.846,4224.103,0.0
1774430700.0818,47,4248.205,4263.59,4125.128,4140.513,4229.231,0.0
1774430700.0896,48,4260.0,4277.949,4146.667,4167.179,4244.103,0.0
1774430700.0974,49,4273.333,4273.333,4147.692,4196.923,4261.026,0.0
1774430700.1052,50,4264.615,4275.897,4131.795,4181.538,4262.564,0.0
1774430700.1129,51,4251.282,4263.59,4143.077,4151.795,4235.385,0.0
1774430700.1207,52,4248.718,4248.718,4154.872,4152.308,4206.154,0.0
1774430700.1284,53,4247.179,4282.564,4136.923,4171.795,4218.462,0.0
1774430700.1362,54,4234.872,4295.897,4128.718,4162.564,4234.359,0.0
1774430700.1439,55,4228.205,4243.59,4151.282,4134.359,4220.513,0.0
1774430700.1518,56,4230.769,4242.051,4147.179,4146.667,4227.179,0.0
1774430700.1595,57,4233.333,4305.641,4129.231,4173.846,4252.308,0.0
1774430700.1672,58,4241.538,4293.846,4147.179,4163.077,4235.897,0.0
1774430700.175,59,4257.949,4222.051,4151.282,4153.846,4204.103,0.0
1774430700.1827,60,4266.667,4231.282,4133.846,4177.949,4224.103,0.0
1774430700.1905,61,4252.821,4284.103,4140.0,4185.128,4257.949,0.0
1774430700.1983,62,4235.385,4275.897,4153.846,4156.923,4244.615,0.0
1774430700.2061,63,4240.513,4250.256,4152.308,4153.846,4218.974,0.0
1774430700.2139,64,4249.744,4266.667,4136.923,4173.846,4224.103,450.0
1774430700.2216,65,4241.538,4280.0,4125.641,4167.692,4239.487,450.0
1774430700.2293,66,4253.333,4253.333,4141.026,4162.564,4243.59,16210.0
1774430700.2371,67,4278.462,4233.846,4156.41,4178.974,4243.59,450.0
1774430700.2448,68,4261.026,4265.641,4145.641,4186.154,4242.564,16185.0
1774430700.2526,69,4234.872,4291.795,4141.026,4177.436,4232.821,450.0
1774430700.2604,70,4241.538,4270.769,4149.744,4160.0,4215.897,16141.0
1774430700.2682,71,4251.795,4267.179,4133.333,4158.462,4218.974,450.0
1774430700.2759,72,4242.051,4299.487,4108.205,4171.795,4232.308,450.0
1774430700.2837,73,4226.667,4305.128,4124.615,4158.462,4220.0,16182.0
1774430700.2914,74,4231.795,4289.744,4147.692,4138.974,4203.59,450.0
1774430700.2991,75,4235.897,4290.769,4138.462,4149.231,4209.231,16201.0
1774430700.307,76,4212.821,4310.256,4132.821,4151.282,4208.205,450.0
1774430700.3148,77,4211.282,4305.128,4145.128,4142.564,4197.949,450.0
1774430700.3225,78,4249.744,4268.205,4147.179,4156.41,4212.308,450.0
1774430700.3303,79,4255.385,4272.308,4142.564,4168.205,4237.436,16201.0
1774430700.338,80,4237.949,4303.077,4161.026,4164.103,4237.949,450.0
1774430700.3458,81,4256.923,4285.128,4176.41,4171.795,4225.128,450.0
1774430700.3535,82,4259.487,4267.179,4146.154,4178.462,4222.051,450.0
1774430700.3614,83,4229.231,4286.667,4119.487,4168.205,4235.897,16201.0
1774430700.3691,84,4230.256,4280.513,4141.026,4168.205,4243.077,450.0
1774430700.3769,85,4248.205,4270.256,4158.974,4183.59,4232.308,450.0
1774430700.3846,86,4245.128,4305.128,4138.462,4179.487,4240.513,450.0
1774430700.3924,87,4238.974,4305.641,4133.846,4157.949,4248.718,16201.0
1774430700.4001,88,4241.538,4267.692,4152.821,4152.821,4223.59,450.0
1774430700.4078,89,4238.462,4288.205,4138.462,4163.59,4219.487,450.0
1774430700.4157,90,4227.692,4320.0,4117.436,4153.846,4236.923,450.0
1774430700.4234,91,4224.103,4277.436,4139.487,4141.026,4225.641,16201.0
1774430700.4311,92,4233.846,4249.231,4144.615,4154.359,4213.846,450.0
1774430700.4389,93,4232.821,4265.641,4108.718,4153.333,4218.462,450.0
1774430700.4467,94,4229.744,4248.205,4118.974,4138.462,4213.333,450.0
1774430700.4544,95,4246.154,4230.256,4167.179,4162.051,4220.513,16201.0
1774430700.4622,96,4252.308,4256.41,4169.231,4197.436,4240.513,450.0
1774430700.4701,97,4226.154,4255.385,4144.103,4175.385,4222.051,450.0
1774430700.4778,98,4210.256,4243.077,4148.718,4141.538,4201.538,450.0
1774430700.4855,99,4230.769,4286.154,4150.769,4159.487,4235.385,16201.0
1774430700.4933,100,4247.692,4303.077,4136.41,4180.513,4253.846,450.0
1774430700.501,101,4235.897,4256.923,4144.615,4160.513,4217.436,450.0
1774430700.5088,102,4217.436,4259.487,4135.897,4145.641,4198.462,450.0
1774430700.5165,103,4218.462,4295.897,4110.769,4153.333,4214.359,16201.0
1774430700.5244,104,4247.179,4278.462,4131.282,4158.462,4225.641,450.0
1774430700.5321,105,4256.923,4272.308,4138.974,4159.487,4231.282,450.0
1774430700.5399,106,4227.692,4307.692,4113.846,4161.026,4219.487,450.0
1774430700.5476,107,4221.538,4289.231,4118.462,4155.385,4187.692,16201.0
1774430700.5554,108,4238.462,4265.641,4124.615,4142.564,4197.949,450.0
1774430700.5631,109,4231.282,4307.179,4108.205,4135.385,4236.923,450.0
1774430700.5709,110,4227.692,4309.744,4118.974,4132.821,4222.564,450.0
1774430700.5787,111,4250.769,4267.179,4147.179,4132.821,4190.256,16201.0
1774430700.5864,112,4265.641,4294.872,4133.846,4150.256,4224.103,450.0
1774430700.5942,113,4245.641,4331.795,4106.667,4150.769,4246.154,450.0
1774430700.6019,114,4226.154,4302.564,4128.205,4131.282,4210.769,450.0
1774430700.6097,115,4242.051,4273.333,4151.282,4150.769,4203.077,16201.0
1774430700.6174,116,4255.385,4283.077,4133.846,4181.026,4225.128,450.0
1774430700.6252,117,4241.538,4298.462,4130.256,4158.974,4227.179,450.0
1774430700.633,118,4239.487,4278.462,4147.692,4140.513,4217.436,450.0
1774430700.6408,119,4254.359,4251.795,4149.744,4168.718,4209.744,16201.0
1774430700.6485,120,4240.513,4276.41,4145.128,4171.282,4209.231,450.0
1774430700.6563,121,4202.051,4283.077,4141.538,4144.103,4210.769,450.0
1774430700.664,122,4192.308,4235.897,4127.692,4152.308,4204.103,450.0
1774430700.6718,123,4209.744,4242.051,4116.923,4162.051,4195.385,16201.0
1774430700.6795,124,4231.795,4295.385,4134.359,4145.128,4197.436,450.0
1774430700.6874,125,4247.179,4285.641,4142.564,4147.692,4205.128,450.0
1774430700.6951,126,4233.846,4254.872,4119.487,4165.128,4213.333,450.0
1774430700.7029,127,4217.436,4267.179,4114.359,4154.872,4211.282,242.0
1774430700.7106,0,4219.487,4274.872,4136.923,4140.0,4197.436,450.0
1774430700.7183,1,4216.923,4266.154,4147.179,4151.282,4201.538,450.0
1774430700.7261,2,4216.923,4272.308,4144.103,4150.769,4213.333,16203.0
1774430700.7338,3,4238.974,4258.974,4144.103,4127.179,4187.692,450.0
1774430700.7417,4,4253.846,4245.128,4139.487,4130.769,4168.718,16167.0
1774430700.7494,5,4234.872,4281.538,4131.282,4157.436,4200.513,450.0
1774430700.7572,6,4213.846,4306.154,4127.179,4147.179,4218.974,16152.0
1774430700.7649,7,4226.154,4283.077,4123.077,4137.949,4206.667,450.0
1774430700.7727,8,4242.564,4288.205,4116.41,4161.538,4216.923,450.0
1774430700.7804,9,4216.41,4317.436,4121.538,4157.436,4230.256,16182.0
1774430700.7882,10,4197.949,4307.692,4132.308,4136.923,4204.103,450.0
1774430700.796,11,4238.462,4290.769,4139.487,4150.769,4184.615,16197.0
1774430700.8038,12,4261.538,4315.385,4141.026,4165.641,4207.692,450.0
1774430700.8115,13,4240.513,4321.538,4147.692,4148.205,4218.462,450.0
1774430700.8193,14,4235.385,4285.641,4161.538,4142.564,4207.692,450.0
1774430700.827,15,4241.538,4286.667,4145.641,4168.718,4216.41,16197.0
1774430700.8348,16,4237.436,4328.718,4118.462,4174.872,4214.359,0.0
1774430700.8425,17,4237.436,4321.026,4125.641,4142.564,4189.231,0.0
1774430700.8504,18,4244.103,4280.0,4138.462,4133.333,4191.795,0.0
1774430700.8581,19,4254.872,4305.641,4140.513,4167.179,4217.949,0.0
1774430700.8659,20,4252.821,4368.205,4145.641,4180.0,4216.41,0.0
1774430700.8736,21,4236.41,4362.051,4156.923,4156.41,4198.974,0.0
1774430700.8814,22,4244.615,4308.718,4164.615,4153.333,4206.154,0.0
1774430700.8891,23,4259.487,4323.59,4149.744,4168.205,4229.231,0.0
1774430700.8968,24,4248.718,4381.026,4129.231,4168.718,4235.897,0.0
1774430700.9047,25,4249.744,4357.436,4144.615,4164.615,4218.974,0.0
1774430700.9124,26,4262.051,4290.769,4152.308,4168.205,4206.667,0.0
1774430700.9202,27,4245.641,4301.026,4120.513,4171.795,4212.821,0.0
1774430700.9279,28,4223.59,4341.538,4121.026,4166.154,4205.128,0.0
1774430700.9357,29,4228.718,4310.256,4153.333,4151.795,4185.128,0.0
1774430700.9434,30,4239.487,4276.41,4141.538,4142.564,4196.41,0.0
1774430700.9513,31,4223.59,4305.641,4120.0,4144.103,4225.641,0.0
1774430700.9591,32,4216.923,4329.231,4149.744,4148.718,4226.154,0.0
1774430700.9668,33,4241.026,4293.846,4157.949,4152.821,4200.513,0.0
1774430700.9745,34,4242.564,4262.051,4130.769,4156.41,4193.333,0.0
1774430700.9823,35,4223.59,4294.872,4150.256,4164.615,4218.974,0.0
1774430700.99,36,4229.744,4321.026,4178.974,4166.154,4212.308,0.0
1774430700.9978,37,4241.538,4282.051,4163.59,4158.974,4182.051,0.0
1774430701.0057,38,4230.256,4267.692,4148.718,4156.41,4204.103,0.0
1774430701.0134,39,4220.0,4298.462,4161.026,4152.821,4228.205,0.0
1774430701.0211,40,4236.923,4293.846,4158.974,4160.513,4205.641,0.0
1774430701.0289,41,4240.0,4268.205,4144.615,4170.256,4198.462,0.0
1774430701.0366,42,4220.513,4275.385,4160.513,4155.385,4216.923,0.0
1774430701.0444,43,4221.026,4300.0,4165.641,4149.231,4218.974,0.0
1774430701.0521,44,4228.718,4310.769,4149.744,4164.103,4213.333,0.0
1774430701.0599,45,4226.667,4305.128,4163.077,4160.513,4196.41,0.0
1774430701.0677,46,4227.692,4303.59,4171.282,4148.718,4181.538,0.0
1774430701.0755,47,4214.872,4315.385,4150.769,4146.667,4197.436,0.0
1774430701.0832,48,4213.846,4322.564,4153.846,4146.154,4206.667,0.0
1774430701.091,49,4246.667,4332.821,4165.641,4162.051,4201.026,0.0
1774430701.0987,50,4248.205,4349.744,4156.923,4178.462,4218.462,0.0
1774430701.1065,51,4221.026,4323.077,4162.051,4164.615,4224.103,0.0
1774430701.1143,52,4229.231,4293.333,4173.333,4155.897,4197.949,0.0
1774430701.1221,53,4252.821,4329.231,4156.923,4168.718,4200.0,0.0
1774430701.1298,54,4242.051,4363.077,4149.231,4161.026,4220.0,0.0
1774430701.1376,55,4215.897,4341.026,4171.282,4141.538,4210.256,0.0
1774430701.1453,56,4208.718,4322.564,4163.59,4146.667,4206.667,0.0
1774430701.153,57,4227.179,4323.077,4143.59,4154.872,4226.154,0.0
1774430701.1608,58,4253.846,4309.744,4171.795,4157.949,4224.103,0.0
1774430701.1686,59,4259.487,4286.667,4202.051,4173.846,4207.692,0.0
1774430701.1764,60,4257.949,4288.205,4199.487,4189.744,4215.385,0.0
1774430701.1841,61,4247.692,4329.231,4186.667,4186.667,4225.641,0.0
1774430701.1919,62,4224.615,4336.923,4178.974,4168.205,4213.846,0.0
1774430701.1996,63,4219.487,4291.795,4175.897,4158.974,4203.59,0.0
1774430701.2074,64,4227.692,4295.385,4163.59,4161.026,4206.667,450.0
1774430701.2151,65,4231.795,4340.0,4162.564,4172.821,4220.0,450.0
1774430701.223,66,4240.513,4315.897,4183.59,4176.923,4223.59,16216.0
1774430701.2307,67,4249.744,4280.0,4180.0,4163.077,4209.744,450.0
1774430701.2385,68,4247.692,4331.282,4161.026,4167.179,4214.872,16182.0
1774430701.2462,69,4236.41,4350.769,4175.897,4175.385,4218.974,450.0
1774430701.254,70,4224.615,4290.769,4184.615,4153.333,4185.128,16162.0
1774430701.2617,71,4215.385,4282.051,4149.744,4140.0,4175.897,450.0
1774430701.2695,72,4212.821,4318.974,4139.487,4152.308,4207.692,450.0
1774430701.2773,73,4226.667,4302.051,4168.718,4155.385,4213.846,16190.0
1774430701.2851,74,4252.308,4285.128,4160.0,4166.154,4205.641,450.0
1774430701.2928,75,4250.769,4323.59,4136.923,4175.897,4215.897,16196.0
1774430701.3006,76,4221.538,4332.821,4158.462,4152.308,4204.103,450.0
1774430701.3083,77,4219.487,4291.282,4171.282,4143.077,4173.333,450.0
1774430701.316,78,4239.487,4278.974,4151.795,4164.615,4181.538,450.0
1774430701.3238,79,4243.077,4311.795,4157.949,4163.59,4212.821,16196.0
1774430701.3317,80,4242.051,4327.692,4185.128,4146.154,4224.615,450.0
1774430701.3394,81,4258.462,4314.872,4183.077,4156.923,4217.436,450.0
1774430701.3471,82,4261.026,4320.513,4155.385,4176.41,4211.282,450.0
1774430701.3549,83,4244.615,4342.051,4150.769,4178.974,4220.513,16196.0
1774430701.3626,84,4248.718,4338.462,4178.462,4171.282,4218.462,450.0
1774430701.3704,85,4255.385,4316.41,4188.718,4163.59,4205.641,450.0
1774430701.3781,86,4244.615,4321.538,4161.026,4168.718,4216.923,450.0
1774430701.386,87,4237.949,4329.744,4142.051,4157.436,4214.359,16196.0
1774430701.3937,88,4232.308,4315.897,4159.487,4125.128,4185.641,450.0
1774430701.4015,89,4226.667,4313.333,4164.615,4133.846,4198.974,450.0
1774430701.4092,90,4234.359,4325.128,4158.462,4168.205,4232.308,450.0
1774430701.417,91,4246.667,4340.513,4185.641,4161.538,4214.359,16196.0
1774430701.4247,92,4266.154,4338.462,4208.718,4151.282,4193.846,450.0
1774430701.4325,93,4287.692,4305.641,4191.282,4163.59,4217.949,450.0
1774430701.4403,94,4270.769,4300.0,4156.41,4162.051,4243.077,450.0
1774430701.4481,95,4232.821,4326.667,4148.205,4152.821,4225.641,16196.0
1774430701.4558,96,4234.359,4310.769,4172.821,4150.256,4189.744,450.0
1774430701.4636,97,4253.846,4289.744,4162.051,4145.641,4188.205,450.0
1774430701.4713,98,4243.077,4307.179,4123.077,4135.897,4207.692,450.0
1774430701.4791,99,4233.333,4296.41,4137.949,4124.615,4196.923,16196.0
1774430701.4868,100,4250.769,4273.333,4168.718,4130.769,4183.077,450.0
1774430701.4948,101,4264.103,4287.179,4158.974,4152.308,4208.718,450.0
1774430701.5026,102,4249.231,4289.744,4158.974,4154.872,4223.077,450.0
1774430701.5105,103,4245.128,4282.051,4182.564,4151.282,4212.308,16196.0
1774430701.5183,104,4270.256,4307.179,4180.0,4173.333,4228.205,450.0
1774430701.5262,105,4256.41,4325.128,4163.077,4176.41,4234.359,450.0
1774430701.534,106,4211.282,4304.103,4161.538,4144.103,4198.974,450.0
1774430701.542,107,4221.026,4296.41,4152.821,4133.846,4193.333,16196.0
1774430701.5498,108,4250.256,4320.513,4147.692,4143.077,4213.333,450.0
1774430701.5577,109,4241.538,4322.564,4167.179,4139.487,4205.128,450.0
1774430701.5655,110,4235.385,4280.0,4171.282,4141.026,4199.487,450.0
1774430701.5734,111,4253.333,4274.872,4169.744,4165.641,4219.487,16196.0
1774430701.5812,112,4260.513,4325.128,4194.359,4174.359,4228.205,450.0
1774430701.5891,113,4252.821,4316.41,4207.692,4153.846,4214.872,450.0
1774430701.597,114,4247.179,4277.949,4191.795,4155.385,4211.795,450.0
1774430701.6049,115,4243.077,4303.077,4172.821,4166.667,4221.538,16196.0
1774430701.6127,116,4242.564,4326.154,4160.513,4142.564,4212.821,450.0
1774430701.6206,117,4259.487,4291.282,4162.051,4136.41,4197.949,450.0
1774430701.6285,118,4272.821,4276.41,4159.487,4166.667,4205.128,450.0
1774430701.6363,119,4257.436,4297.436,4144.103,4176.923,4230.256,16196.0
1774430701.6441,120,4246.667,4291.282,4162.564,4165.128,4232.821,450.0
1774430701.6521,121,4260.513,4270.769,4192.821,4167.692,4216.41,450.0
1774430701.6599,122,4262.564,4263.59,4170.769,4183.59,4223.59,450.0
1774430701.6676,123,4244.615,4266.667,4145.641,4183.59,4234.872,16196.0
1774430701.6754,124,4232.308,4287.692,4171.795,4160.0,4225.641,450.0
1774430701.6831,125,4236.923,4295.385,4188.718,4149.231,4220.0,450.0
1774430701.6909,126,4245.128,4271.282,4158.974,4152.308,4223.077,450.0
1774430701.6986,127,4242.051,4276.41,4135.897,4146.667,4218.462,242.0
1774430701.7065,0,4231.795,4298.974,4145.641,4145.641,4208.205,450.0
1774430701.7142,1,4233.333,4276.923,4166.154,4149.231,4197.436,450.0
1774430701.7221,2,4242.051,4267.179,4160.0,4150.769,4209.231,16208.0
1774430701.7299,3,4237.436,4292.821,4145.128,4150.256,4220.0,450.0
1774430701.7378,4,4233.333,4289.744,4165.128,4142.564,4201.026,16185.0
1774430701.7456,5,4248.205,4264.615,4177.949,4151.282,4201.026,450.0
1774430701.7534,6,4256.923,4272.308,4156.41,4171.795,4228.718,16163.0
1774430701.7612,7,4244.615,4296.923,4147.179,4157.436,4230.769,450.0
1774430701.7691,8,4243.077,4293.333,4160.0,4136.41,4216.923,450.0
1774430701.7769,9,4252.308,4281.026,4156.41,4147.179,4218.974,16189.0
1774430701.7847,10,4229.744,4309.231,4138.974,4155.897,4224.615,450.0
1774430701.7925,11,4207.692,4331.795,4142.051,4153.846,4218.974,16199.0
1774430701.8004,12,4233.333,4301.026,4152.821,4160.513,4198.462,450.0
1774430701.8082,13,4249.744,4300.0,4145.128,4164.103,4188.718,450.0
1774430701.8162,14,4225.641,4353.333,4138.974,4162.051,4205.641,450.0
1774430701.824,15,4224.615,4346.154,4150.769,4156.923,4207.692,16199.0
1774430701.8317,16,4245.641,4284.615,4165.128,4146.667,4204.615,0.0
1774430701.8396,17,4256.41,4296.41,4184.103,4167.179,4235.385,0.0
1774430701.8474,18,4251.795,4344.103,4146.154,4194.359,4236.923,0.0
1774430701.8552,19,4204.615,4306.667,4119.487,4148.205,4170.769,0.0
1774430701.8629,20,4200.513,4292.821,4192.308,4137.949,4177.436,0.0
1774430701.8708,21,4237.949,4340.0,4172.821,4185.128,4235.897,0.0
1774430701.8785,22,4227.692,4313.846,4139.487,4159.487,4228.718,0.0
1774430701.8863,23,4238.462,4249.744,4200.513,4141.026,4220.513,0.0
1774430701.894,24,4251.282,4226.154,4184.615,4168.205,4222.564,0.0
1774430701.9019,25,4224.615,4246.667,4163.59,4165.128,4211.795,0.0
1774430701.9097,26,4225.641,4248.718,4192.821,4146.667,4197.436,0.0
1774430701.9176,27,4255.897,4223.077,4188.205,4155.385,4205.641,0.0
1774430701.9255,28,4263.59,4273.846,4158.462,4179.487,4257.436,0.0
1774430701.9334,29,4231.795,4323.59,4147.692,4168.205,4260.0,0.0
1774430701.9412,30,4228.205,4286.667,4163.077,4150.769,4218.974,0.0
1774430701.9491,31,4256.923,4275.385,4158.462,4167.692,4225.128,0.0
1774430701.9569,32,4245.128,4330.256,4148.205,4176.41,4247.179,0.0
1774430701.9648,33,4225.128,4331.795,4173.846,4154.872,4228.205,0.0
1774430701.9727,34,4238.974,4278.462,4195.385,4143.077,4207.692,0.0
1774430701.9806,35,4254.872,4284.103,4173.333,4158.462,4223.59,0.0
1774430701.9885,36,4250.256,4326.667,4157.949,4158.462,4242.564,0.0
1774430701.9963,37,4240.0,4322.051,4187.179,4142.564,4241.538,0.0
1774430702.0041,38,4242.051,4285.641,4202.051,4156.923,4228.205,0.0
1774430702.012,39,4244.103,4272.821,4175.385,4176.41,4215.385,0.0
1774430702.0199,40,4226.667,4292.821,4168.205,4158.462,4212.821,0.0
1774430702.0278,41,4209.231,4287.692,4188.205,4134.872,4207.179,0.0
1774430702.0357,42,4234.872,4255.385,4192.308,4144.615,4204.615,0.0
1774430702.0435,43,4261.538,4272.821,4181.026,4158.462,4223.59,0.0
1774430702.0514,44,4242.051,4310.256,4191.282,4154.359,4231.282,0.0
1774430702.0592,45,4232.821,4282.564,4197.436,4156.41,4211.795,0.0
1774430702.0671,46,4235.385,4264.103,4163.077,4154.359,4202.564,0.0
1774430702.0749,47,4230.256,4308.205,4155.897,4147.179,4212.308,0.0
1774430702.0829,48,4248.205,4303.077,4180.513,4158.462,4214.872,0.0
1774430702.0907,49,4258.974,4260.0,4164.615,4157.949,4217.949,0.0
1774430702.0986,50,4237.436,4277.436,4146.667,4133.333,4223.077,0.0
1774430702.1064,51,4234.359,4287.692,4171.282,4127.692,4212.308,0.0
1774430702.1143,52,4258.974,4255.897,4188.718,4149.231,4206.154,0.0
1774430702.1221,53,4256.41,4269.744,4162.564,4164.615,4231.795,0.0
1774430702.13,54,4225.128,4311.795,4142.564,4157.436,4250.769,0.0
1774430702.1379,55,4216.923,4292.821,4172.821,4143.077,4228.205,0.0
1774430702.1458,56,4232.821,4260.513,4195.897,4151.282,4201.538,0.0
1774430702.1537,57,4242.564,4284.615,4181.026,4168.718,4215.897,0.0
1774430702.1616,58,4240.0,4312.308,4175.897,4167.179,4240.513,0.0
1774430702.1694,59,4236.41,4292.308,4200.0,4160.0,4223.077,0.0
1774430702.1773,60,4236.41,4273.333,4209.744,4165.641,4197.436,0.0
1774430702.1852,61,4229.744,4301.538,4174.872,4163.077,4212.821,0.0
1774430702.1931,62,4229.231,4326.667,4149.231,4151.282,4234.872,0.0
1774430702.201,63,4249.231,4298.974,4167.692,4158.462,4230.256,0.0
1774430702.2088,64,4268.205,4272.821,4180.0,4180.0,4222.051,450.0
1774430702.2167,65,4265.128,4284.103,4162.051,4191.282,4230.769,450.0
1774430702.2246,66,4247.692,4300.513,4146.667,4179.487,4229.744,16211.0
1774430702.2325,67,4246.667,4300.57,4150.37,4175.84,4226.382,450.0
1774430702.2404,68,4245.641,4300.627,4154.074,4172.194,4223.02,16185.0
1774430702.2482,69,4244.615,4300.684,4157.778,4168.547,4219.658,450.0
1774430702.256,70,4243.59,4300.741,4161.481,4164.9,4216.296,16163.0
1774430702.2638,71,4242.564,4300.798,4165.185,4161.254,4212.934,450.0
1774430702.2716,72,4241.538,4300.855,4168.889,4157.607,4209.573,450.0
1774430702.2794,73,4240.513,4300.912,4172.593,4153.96,4206.211,16189.0
1774430702.2872,74,4239.487,4300.969,4176.296,4150.313,4202.849,450.0
1774430702.2951,75,4238.462,4301.026,4180.0,4146.667,4199.487,16198.0
1774430702.303,76,4264.103,4305.641,4173.846,4187.179,4226.154,450.0
1774430702.3108,77,4243.59,4347.692,4140.0,4185.641,4252.308,450.0
1774430702.3186,78,4217.436,4312.821,4144.615,4130.769,4209.231,450.0
1774430702.3264,79,4242.051,4250.769,4162.051,4132.308,4183.077,16198.0
1774430702.3341,80,4268.205,4271.795,4161.538,4178.462,4226.154,450.0
1774430702.342,81,4245.128,4311.282,4170.769,4167.692,4253.333,450.0
1774430702.3499,82,4217.436,4275.897,4184.615,4130.769,4213.846,450.0
1774430702.3577,83,4244.103,4233.846,4185.128,4145.128,4194.359,16198.0
1774430702.3656,84,4278.462,4276.41,4169.744,4170.256,4231.795,450.0
1774430702.3734,85,4267.692,4326.154,4175.385,4167.692,4248.718,450.0
1774430702.3813,86,4258.462,4297.436,4208.205,4173.333,4227.179,450.0
1774430702.3891,87,4275.897,4252.308,4199.487,4184.615,4224.615,16198.0
1774430702.3969,88,4262.564,4264.103,4157.436,4177.436,4234.872,450.0
1774430702.4047,89,4234.872,4295.897,4167.179,4161.538,4221.026,450.0
1774430702.4125,90,4248.205,4289.231,4197.949,4150.769,4198.462,450.0
1774430702.4202,91,4264.615,4276.41,4171.282,4153.333,4208.718,16198.0
1774430702.428,92,4245.641,4302.564,4130.769,4166.667,4238.462,450.0
1774430702.4357,93,4228.718,4321.026,4132.821,4159.487,4232.821,450.0
1774430702.4435,94,4256.41,4292.821,4148.205,4152.308,4209.744,450.0
1774430702.4512,95,4285.641,4296.923,4148.718,4181.026,4230.256,16198.0
1774430702.4592,96,4266.154,4356.41,4145.128,4190.769,4262.051,450.0
1774430702.467,97,4236.923,4349.744,4149.231,4151.282,4232.821,450.0
1774430702.4748,98,4236.41,4290.769,4170.769,4145.641,4200.0,450.0
1774430702.4826,99,4242.564,4323.59,4175.385,4180.0,4228.718,16198.0
1774430702.4905,100,4238.974,4372.308,4157.949,4169.744,4242.051,450.0
1774430702.4984,101,4238.974,4311.795,4173.846,4140.513,4203.077,450.0
1774430702.5063,102,4243.59,4274.359,4182.051,4155.385,4201.538,450.0
1774430702.5141,103,4252.821,4329.744,4153.846,4174.359,4249.744,16198.0
1774430702.522,104,4263.077,4335.385,4165.128,4165.128,4250.769,450.0
1774430702.5298,105,4261.538,4285.641,4190.769,4165.641,4212.821,450.0
1774430702.5375,106,4256.923,4291.795,4161.538,4171.795,4216.923,450.0
1774430702.5453,107,4254.359,4308.718,4142.564,4153.846,4231.282,16198.0
1774430702.553,108,4238.974,4280.513,4155.897,4135.897,4201.026,450.0
1774430702.5609,109,4224.615,4291.795,4142.051,4149.231,4190.256,450.0
1774430702.5686,110,4228.205,4327.692,4131.282,4157.949,4216.923,450.0
1774430702.5764,111,4237.949,4315.897,4167.692,4146.667,4221.026,16198.0
1774430702.5841,112,4246.154,4310.256,4176.923,4168.718,4228.205,450.0
1774430702.5919,113,4243.077,4333.333,4140.513,4191.282,4247.179,450.0
1774430702.5996,114,4238.974,4318.974,4145.641,4163.59,4229.744,450.0
1774430702.6074,115,4253.846,4276.41,4181.026,4150.256,4208.205,16198.0
1774430702.6152,116,4263.077,4281.026,4178.462,4172.821,4224.615,450.0
1774430702.623,117,4236.923,4321.026,4158.974,4167.692,4229.231,450.0
1774430702.6307,118,4209.744,4322.051,4171.282,4143.59,4197.949,450.0
1774430702.6386,119,4222.564,4288.718,4183.59,4150.256,4199.487,16198.0
1774430702.6464,120,4252.308,4303.59,4156.923,4172.821,4245.641,450.0
1774430702.6543,121,4262.564,4351.282,4155.385,4181.538,4266.154,450.0
1774430702.6621,122,4255.385,4326.154,4187.179,4180.0,4244.103,450.0
1774430702.6701,123,4244.103,4267.179,4168.718,4173.846,4218.974,16198.0
1774430702.6779,124,4239.487,4292.821,4135.897,4170.769,4215.385,450.0
1774430702.6858,125,4241.538,4326.154,4161.026,4162.051,4221.538,450.0
1774430702.6936,126,4247.692,4276.41,4189.744,4147.692,4229.231,450.0
1774430702.7013,127,4250.769,4252.821,4159.487,4154.872,4243.077,242.0
1774430702.7091,0,4231.282,4275.897,4126.154,4161.026,4234.359,450.0
1774430702.7168,1,4218.974,4256.923,4150.256,4152.308,4212.308,450.0
1774430702.7247,2,4242.564,4240.513,4164.103,4168.205,4224.103,16202.0
1774430702.7324,3,4244.103,4273.333,4136.923,4174.359,4231.795,450.0
1774430702.7402,4,4225.128,4271.795,4156.923,4150.769,4211.282,16173.0
1774430702.7479,5,4242.051,4225.641,4197.436,4160.0,4209.231,450.0
1774430702.7558,6,4256.923,4229.231,4180.0,4188.205,4229.744,16157.0
1774430702.7636,7,4243.077,4266.154,4165.128,4176.41,4227.692,450.0
1774430702.7714,8,4242.051,4261.026,4188.718,4161.538,4204.615,450.0
1774430702.7794,9,4257.436,4263.59,4184.103,4181.538,4213.846,16185.0
1774430702.7872,10,4243.077,4307.179,4157.436,4183.59,4244.615,450.0
1774430702.7951,11,4217.436,4304.615,4167.692,4153.333,4227.179,16203.0
1774430702.8029,12,4233.333,4279.487,4168.205,4155.897,4188.718,450.0
1774430702.8108,13,4252.821,4303.59,4141.026,4178.462,4209.231,450.0
1774430702.8186,14,4239.487,4308.718,4156.923,4165.641,4239.487,450.0
1774430702.8266,15,4227.692,4265.641,4183.077,4154.359,4213.846,16203.0
1774430702.8344,16,4229.744,4261.026,4171.795,4174.872,4203.59,0.0
1774430702.8423,17,4234.359,4277.436,4174.872,4178.462,4225.641,0.0
1774430702.8501,18,4248.718,4244.615,4185.641,4166.667,4225.128,0.0
1774430702.858,19,4257.436,4229.231,4173.846,4175.385,4220.0,0.0
1774430702.8658,20,4248.205,4264.103,4171.795,4173.333,4221.538,0.0
1774430702.8737,21,4246.667,4271.795,4188.205,4157.436,4212.821,0.0
1774430702.8817,22,4250.769,4264.615,4180.0,4169.744,4227.692,0.0
1774430702.8895,23,4234.359,4301.026,4160.0,4173.846,4239.487,0.0
1774430702.8974,24,4222.564,4323.077,4177.436,4156.923,4220.0,0.0
1774430702.9052,25,4239.487,4292.308,4188.205,4172.821,4221.026,0.0
1774430702.9131,26,4254.359,4277.436,4165.128,4190.769,4242.051,0.0
1774430702.9209,27,4252.821,4294.872,4169.744,4170.256,4234.359,0.0
1774430702.9288,28,4254.359,4278.974,4201.538,4162.564,4219.487,0.0
1774430702.9367,29,4254.872,4236.923,4187.692,4176.41,4225.641,0.0
1774430702.9446,30,4243.59,4242.051,4149.744,4168.205,4234.359,0.0
1774430702.9524,31,4245.128,4274.872,4163.59,4158.974,4232.821,0.0
1774430702.9603,32,4258.974,4273.846,4187.179,4171.282,4231.795,0.0
1774430702.9681,33,4252.821,4278.462,4161.026,4182.051,4238.974,0.0
1774430702.976,34,4246.667,4315.385,4158.462,4185.128,4243.59,0.0
1774430702.9839,35,4262.051,4315.385,4196.923,4182.564,4220.513,0.0
1774430702.9918,36,4263.077,4297.436,4188.205,4176.923,4212.821,0.0
1774430702.9996,37,4246.154,4328.205,4162.564,4186.667,4245.641,0.0
1774430703.0075,38,4250.256,4334.359,4188.205,4186.154,4240.513,0.0
1774430703.0154,39,4261.026,4296.41,4208.205,4165.641,4208.205,0.0
1774430703.0232,40,4245.641,4322.564,4173.846,4164.615,4228.718,0.0
1774430703.0311,41,4217.949,4358.462,4148.205,4162.051,4241.026,0.0
1774430703.0389,42,4218.974,4310.769,4174.872,4149.231,4205.128,0.0
1774430703.0469,43,4249.231,4298.462,4175.385,4170.256,4217.949,0.0
1774430703.0547,44,4252.308,4350.256,4144.615,4186.667,4251.795,0.0
1774430703.0626,45,4230.256,4330.769,4172.308,4166.667,4226.667,0.0
1774430703.0704,46,4234.359,4266.667,4212.308,4173.846,4206.667,0.0
1774430703.0783,47,4258.974,4269.231,4197.949,4202.564,4235.385,0.0
1774430703.0861,48,4255.385,4301.538,4183.077,4191.282,4246.154,0.0
1774430703.094,49,4233.333,4286.667,4196.923,4164.615,4206.154,0.0
1774430703.1019,50,4246.667,4264.103,4191.795,4176.41,4197.949,0.0
1774430703.1098,51,4261.538,4282.051,4161.538,4183.59,4235.897,0.0
1774430703.1176,52,4247.179,4313.846,4160.513,4164.615,4246.154,0.0
1774430703.1255,53,4244.103,4300.513,4186.154,4162.051,4224.615,0.0
1774430703.1333,54,4263.077,4268.718,4187.179,4180.513,4231.282,0.0
1774430703.1412,55,4268.718,4296.41,4178.462,4196.923,4258.974,0.0
1774430703.149,56,4257.949,4329.744,4191.282,4186.667,4243.59,0.0
1774430703.157,57,4257.436,4303.59,4213.846,4160.513,4230.769,0.0
1774430703.1648,58,4275.385,4276.923,4209.744,4175.385,4263.077,0.0
1774430703.1727,59,4282.051,4296.923,4184.615,4215.385,4285.641,0.0
1774430703.1806,60,4254.872,4321.026,4175.897,4202.051,4268.205,0.0
1774430703.1884,61,4236.41,4303.59,4176.923,4154.359,4230.256,0.0
1774430703.1963,62,4251.795,4274.359,4180.513,4152.308,4217.436,0.0
1774430703.2042,63,4269.744,4299.487,4185.641,4182.564,4246.154,0.0
1774430703.212,64,4249.231,4343.077,4186.667,4175.385,4248.205,450.0
1774430703.2199,65,4219.487,4307.179,4196.41,4135.897,4203.077,450.0
1774430703.2278,66,4244.103,4256.41,4201.538,4146.154,4203.59,16199.0
1774430703.2356,67,4273.846,4292.308,4193.333,4190.256,4249.744,450.0
1774430703.2435,68,4247.692,4343.59,4198.974,4187.179,4252.308,16179.0
1774430703.2513,69,4225.641,4306.667,4217.436,4164.615,4228.205,450.0
1774430703.2592,70,4249.231,4245.641,4214.872,4167.692,4205.641,16149.0
1774430703.2671,71,4254.872,4284.103,4183.077,4171.795,4200.513,450.0
1774430703.275,72,4235.385,4348.205,4176.41,4161.538,4236.923,450.0
1774430703.2828,73,4253.846,4311.795,4216.41,4167.692,4263.077,16182.0
1774430703.2907,74,4280.513,4259.487,4221.538,4188.205,4242.051,450.0
1774430703.2985,75,4261.026,4284.103,4177.436,4185.641,4231.795,16191.0
1774430703.3064,76,4230.769,4308.205,4172.308,4161.538,4233.333,450.0
1774430703.3143,77,4230.256,4261.026,4209.231,4148.205,4196.923,450.0
1774430703.3222,78,4254.872,4220.513,4215.897,4170.256,4199.487,450.0
1774430703.3301,79,4261.538,4262.051,4187.179,4189.744,4247.692,16191.0
1774430703.3379,80,4230.256,4310.256,4178.462,4162.051,4244.103,450.0
1774430703.3457,81,4228.205,4278.462,4189.744,4144.615,4217.436,450.0
1774430703.3536,82,4259.487,4235.897,4173.333,4172.308,4220.0,450.0
1774430703.3615,83,4250.769,4280.0,4152.821,4185.641,4231.282,16191.0
1774430703.3694,84,4231.795,4306.667,4174.872,4157.436,4225.641,450.0
1774430703.3773,85,4249.231,4242.564,4189.231,4143.077,4211.282,450.0
1774430703.3851,86,4248.718,4232.308,4158.462,4162.051,4220.513,450.0
1774430703.393,87,4222.051,4287.179,4154.872,4154.872,4233.333,16191.0
1774430703.4008,88,4225.128,4296.41,4197.436,4133.333,4212.308,450.0
1774430703.4087,89,4229.744,4285.641,4184.103,4147.179,4197.949,450.0
1774430703.4165,90,4212.821,4278.462,4143.59,4152.821,4215.897,450.0
1774430703.4245,91,4230.256,4242.051,4176.41,4141.538,4224.615,16191.0
1774430703.4323,92,4273.333,4224.103,4213.846,4164.103,4227.179,450.0
1774430703.4402,93,4272.821,4260.0,4194.872,4184.615,4237.436,450.0
1774430703.4481,94,4240.513,4275.897,4183.077,4153.333,4225.128,450.0
1774430703.4559,95,4234.359,4251.795,4196.923,4133.846,4206.154,16191.0
1774430703.4638,96,4245.128,4258.974,4191.282,4159.487,4224.103,450.0
1774430703.4718,97,4232.308,4291.282,4168.718,4162.564,4240.0,450.0
1774430703.4796,98,4217.949,4280.513,4166.667,4138.974,4225.128,450.0
1774430703.4874,99,4227.692,4257.436,4165.128,4147.179,4225.641,16191.0
1774430703.4952,100,4236.923,4304.615,4152.308,4173.333,4238.462,450.0
1774430703.5031,101,4237.436,4346.154,4166.154,4166.154,4231.282,450.0
1774430703.5109,102,4248.205,4282.564,4182.564,4156.41,4226.667,450.0
1774430703.5188,103,4242.051,4238.462,4165.641,4170.256,4233.846,16191.0
1774430703.5268,104,4221.538,4276.41,4166.667,4155.897,4222.564,450.0
1774430703.5346,105,4235.385,4273.333,4193.333,4128.718,4206.667,450.0
1774430703.5425,106,4255.385,4242.051,4185.641,4146.667,4216.41,450.0
1774430703.5503,107,4231.795,4273.846,4161.538,4157.949,4218.462,16191.0
1774430703.5582,108,4214.872,4305.641,4169.744,4130.769,4196.41,450.0
1774430703.566,109,4247.179,4301.538,4177.436,4148.718,4207.692,450.0
1774430703.5739,110,4257.949,4320.513,4156.41,4186.154,4244.615,450.0
1774430703.5818,111,4224.103,4332.308,4154.359,4155.897,4248.205,16191.0
1774430703.5897,112,4218.974,4312.821,4164.103,4130.769,4235.385,450.0
1774430703.5975,113,4246.667,4318.974,4151.282,4163.59,4240.0,450.0
1774430703.6054,114,4253.846,4340.0,4150.769,4170.769,4235.897,450.0
1774430703.6132,115,4241.026,4317.949,4167.179,4137.949,4202.051,16191.0
1774430703.6211,116,4235.385,4287.179,4173.333,4130.769,4186.667,450.0
1774430703.6289,117,4243.59,4315.897,4165.641,4156.923,4219.487,450.0
1774430703.6369,118,4246.667,4357.949,4162.564,4169.231,4253.333,450.0
1774430703.6447,119,4240.0,4343.59,4176.41,4155.897,4249.744,16191.0
1774430703.6526,120,4243.077,4307.179,4178.462,4153.333,4223.077,450.0
1774430703.6604,121,4247.179,4308.718,4162.564,4158.974,4202.564,450.0
1774430703.6683,122,4240.513,4332.821,4158.974,4142.564,4210.769,450.0
1774430703.6762,123,4240.0,4331.282,4183.59,4122.564,4232.821,16191.0
1774430703.6841,124,4264.615,4318.462,4209.744,4137.436,4241.538,450.0
1774430703.692,125,4277.949,4320.0,4198.462,4162.051,4238.974,450.0
1774430703.6998,126,4247.179,4323.59,4171.282,4160.0,4234.359,450.0
1774430703.7077,127,4230.256,4321.538,4171.795,4145.641,4235.385,242.0
1774430703.7155,0,4247.179,4323.077,4188.205,4136.41,4230.769,450.0
1774430703.7234,1,4251.282,4317.949,4189.744,4135.385,4210.769,450.0
1774430703.7312,2,4240.513,4308.718,4168.718,4147.179,4215.385,16208.0
1774430703.7392,3,4244.103,4316.41,4156.41,4150.769,4243.59,450.0
1774430703.747,4,4255.897,4331.795,4178.462,4137.949,4234.872,16164.0
1774430703.7549,5,4251.795,4304.103,4190.256,4132.821,4203.077,450.0
1774430703.7627,6,4251.795,4261.538,4180.0,4154.872,4220.513,16164.0
1774430703.7706,7,4260.513,4289.744,4177.436,4176.923,4255.385,450.0
1774430703.7784,8,4245.641,4317.436,4187.692,4164.103,4235.897,450.0
1774430703.7863,9,4235.897,4277.949,4191.282,4156.41,4224.103,16182.0
1774430703.7942,10,4255.385,4271.795,4163.59,4172.308,4257.436,450.0
1774430703.8021,11,4270.256,4309.744,4137.436,4166.154,4266.154,16195.0
1774430703.8099,12,4260.513,4306.667,4163.077,4143.077,4235.385,450.0
1774430703.8178,13,4246.154,4267.692,4195.897,4142.564,4218.974,450.0
1774430703.8257,14,4242.051,4258.974,4175.385,4154.872,4235.385,450.0
1774430703.8335,15,4241.538,4292.821,4140.0,4143.077,4245.128,16195.0
1774430703.8413,16,4241.538,4320.513,4155.385,4130.256,4230.256,0.0
1774430703.8493,17,4239.487,4282.564,4175.385,4140.0,4207.179,0.0
1774430703.8572,18,4248.205,4240.513,4152.308,4156.41,4217.436,0.0
1774430703.865,19,4261.026,4274.359,4140.0,4171.795,4259.487,0.0
1774430703.8729,20,4244.103,4294.872,4163.077,4168.718,4254.872,0.0
1774430703.8807,21,4224.103,4258.974,4174.359,4147.179,4214.359,0.0
1774430703.8885,22,4245.128,4264.103,4153.333,4149.231,4223.077,0.0
1774430703.8965,23,4246.268,4272.877,4154.074,4153.561,4228.148,0.0
1774430703.9043,24,4247.407,4281.652,4154.815,4157.892,4233.219,0.0
1774430703.9121,25,4248.547,4290.427,4155.556,4162.222,4238.291,0.0
1774430703.9199,26,4249.687,4299.202,4156.296,4166.553,4243.362,0.0
1774430703.9277,27,4250.826,4307.977,4157.037,4170.883,4248.433,0.0
1774430703.9355,28,4251.966,4316.752,4157.778,4175.214,4253.504,0.0
1774430703.9433,29,4253.105,4325.527,4158.519,4179.544,4258.575,0.0
1774430703.9512,30,4254.245,4334.302,4159.259,4183.875,4263.647,0.0
1774430703.959,31,4255.385,4343.077,4160.0,4188.205,4268.718,0.0
1774430703.9667,32,4232.308,4334.872,4158.974,4177.949,4274.359,0.0
1774430703.9745,33,4242.564,4321.538,4182.564,4158.462,4249.744,0.0
1774430703.9822,34,4257.436,4287.179,4186.154,4162.051,4222.051,0.0
1774430703.99,35,4242.564,4277.949,4162.051,4176.923,4234.872,0.0
1774430703.9977,36,4228.205,4319.487,4151.282,4168.205,4248.718,0.0
1774430704.0055,37,4252.308,4324.103,4177.436,4156.41,4242.564,0.0
1774430704.0133,38,4282.564,4297.949,4196.41,4176.41,4250.769,0.0
1774430704.0211,39,4280.0,4306.667,4184.103,4195.897,4263.59,0.0
1774430704.0288,40,4248.718,4333.333,4167.179,4177.949,4248.205,0.0
1774430704.0366,41,4227.179,4336.41,4174.359,4153.333,4228.718,0.0
1774430704.0443,42,4245.641,4307.692,4188.205,4161.538,4232.821,0.0
1774430704.0521,43,4275.385,4293.846,4171.282,4185.641,4245.128,0.0
1774430704.0599,44,4273.846,4327.692,4155.385,4185.128,4252.821,0.0
1774430704.0677,45,4256.41,4357.949,4170.256,4164.103,4250.256,0.0
1774430704.0754,46,4251.282,4327.179,4186.667,4147.179,4236.923,0.0
1774430704.0832,47,4258.462,4288.718,4189.744,4157.949,4237.436,0.0
1774430704.0909,48,4255.897,4315.897,4176.923,4179.487,4253.333,0.0
1774430704.0987,49,4233.333,4338.974,4164.103,4174.359,4249.231,0.0
1774430704.1064,50,4225.128,4297.436,4170.769,4158.462,4220.513,0.0
1774430704.1143,51,4226.667,4278.974,4157.436,4160.0,4208.205,0.0
1774430704.122,52,4217.949,4329.231,4135.897,4161.538,4215.897,0.0
1774430704.1298,53,4229.231,4342.051,4162.564,4163.59,4221.538,0.0
1774430704.1375,54,4245.641,4306.154,4180.513,4173.333,4221.026,0.0
1774430704.1452,55,4236.923,4329.231,4156.923,4170.256,4228.718,0.0
1774430704.153,56,4227.692,4365.128,4169.231,4153.846,4231.795,0.0
1774430704.1607,57,4238.462,4330.256,4199.487,4146.667,4214.359,0.0
1774430704.1686,58,4256.923,4300.513,4166.154,4156.41,4217.949,0.0
1774430704.1763,59,4256.923,4334.359,4125.128,4154.872,4241.026,0.0
1774430704.1841,60,4246.667,4354.359,4144.615,4151.282,4242.051,0.0
1774430704.1918,61,4260.513,4316.923,4167.179,4168.718,4224.615,0.0
1774430704.1996,62,4275.385,4304.103,4167.179,4175.385,4216.41,0.0
1774430704.2073,63,4254.359,4335.897,4168.205,4163.077,4221.538,0.0
1774430704.2151,64,4229.744,4352.308,4162.051,4153.333,4224.615,450.0
1774430704.2229,65,4248.205,4334.359,4168.205,4150.769,4225.641,450.0
1774430704.2307,66,4269.231,4299.487,4177.949,4159.487,4229.744,16203.0
1774430704.2384,67,4257.436,4291.795,4164.103,4176.41,4237.949,450.0
1774430704.2462,68,4248.205,4335.385,4153.846,4178.974,4237.949,16150.0
1774430704.2539,69,4245.128,4342.564,4167.692,4152.308,4214.872,450.0
1774430704.2617,70,4229.231,4281.026,4181.538,4131.282,4191.282,16175.0
1774430704.2694,71,4220.513,4287.692,4169.744,4146.667,4200.513,450.0
1774430704.2773,72,4235.385,4347.692,4152.821,4161.538,4227.179,450.0
1774430704.285,73,4248.205,4318.462,4169.744,4152.308,4236.41,16176.0
1774430704.2928,74,4254.359,4251.795,4200.0,4151.282,4224.615,450.0
1774430704.3005,75,4270.769,4266.154,4200.513,4161.026,4218.462,16183.0
1774430704.3083,76,4284.103,4322.051,4179.487,4169.231,4234.872,450.0
1774430704.316,77,4275.385,4334.359,4171.282,4180.0,4258.974,450.0
1774430704.3239,78,4257.949,4323.59,4177.949,4180.0,4263.077,450.0
1774430704.3316,79,4260.0,4323.59,4192.308,4158.462,4243.077,16183.0
1774430704.3394,80,4276.923,4314.872,4205.128,4155.897,4234.872,450.0
1774430704.3471,81,4271.795,4302.564,4191.795,4176.41,4245.641,450.0
1774430704.3549,82,4247.179,4331.282,4165.128,4185.641,4249.231,450.0
1774430704.3626,83,4246.667,4364.103,4167.179,4177.436,4248.205,16183.0
1774430704.3704,84,4266.667,4329.231,4183.59,4155.385,4238.462,450.0
1774430704.3783,85,4264.615,4291.795,4182.051,4144.615,4226.154,450.0
1774430704.386,86,4246.667,4307.179,4164.615,4166.154,4239.487,450.0
1774430704.3937,87,4233.333,4321.538,4156.41,4169.231,4249.231,16183.0
1774430704.4014,88,4230.256,4295.897,4185.641,4149.231,4223.077,450.0
1774430704.4092,89,4244.615,4267.692,4202.564,4167.692,4223.59,450.0
1774430704.4169,90,4254.872,4271.795,4175.897,4185.128,4255.897,450.0
1774430704.4247,91,4243.077,4281.538,4173.333,4158.974,4243.077,16183.0
1774430704.4325,92,4240.513,4263.59,4206.154,4142.051,4203.077,450.0
1774430704.4404,93,4260.513,4244.615,4213.846,4154.872,4211.282,450.0
1774430704.4482,94,4263.077,4284.103,4185.641,4170.769,4249.744,450.0
1774430704.4561,95,4235.897,4310.256,4168.718,4167.179,4245.641,16183.0
1774430704.4639,96,4235.385,4281.538,4180.513,4151.282,4210.256,450.0
1774430704.4718,97,4269.744,4273.846,4181.026,4156.41,4215.897,450.0
1774430704.4796,98,4284.615,4274.872,4169.744,4181.538,4243.077,450.0
1774430704.4876,99,4262.564,4261.026,4170.256,4172.821,4233.846,16183.0
1774430704.4954,100,4243.077,4277.436,4183.077,4135.385,4212.308,450.0
1774430704.5033,101,4253.846,4294.359,4181.538,4136.923,4212.308,450.0
1774430704.5111,102,4258.974,4269.231,4152.821,4157.949,4207.179,450.0
1774430704.519,103,4242.564,4268.718,4148.205,4158.974,4212.821,16183.0
1774430704.5268,104,4243.59,4293.333,4177.436,4163.59,4240.513,450.0
1774430704.5347,105,4253.846,4276.41,4165.128,4168.205,4227.692,450.0
1774430704.5426,106,4242.051,4272.308,4134.359,4158.974,4204.103,450.0
1774430704.5505,107,4236.41,4308.205,4162.564,4153.333,4220.0,16183.0
1774430704.5583,108,4255.897,4311.282,4200.513,4154.359,4225.128,450.0
1774430704.5662,109,4266.667,4296.923,4181.538,4154.872,4209.231,450.0
1774430704.574,110,4251.282,4322.051,4145.128,4157.949,4215.897,450.0
1774430704.5819,111,4230.769,4337.436,4155.385,4162.051,4235.385,16183.0
1774430704.5898,112,4232.821,4295.385,4181.538,4158.974,4228.205,450.0
1774430704.5977,113,4246.667,4250.769,4173.846,4152.308,4206.154,450.0
1774430704.6055,114,4257.436,4270.769,4155.385,4150.769,4216.923,450.0
1774430704.6134,115,4251.795,4322.051,4153.333,4144.615,4226.154,16183.0
1774430704.6212,116,4233.846,4329.231,4166.154,4132.821,4203.077,450.0
1774430704.6291,117,4245.128,4293.846,4179.487,4148.718,4200.0,450.0
1774430704.6369,118,4281.538,4265.128,4180.513,4182.051,4241.026,450.0
1774430704.6449,119,4279.487,4282.051,4162.051,4186.667,4267.179,16183.0
1774430704.6527,120,4234.872,4314.872,4153.846,4154.359,4241.026,450.0
1774430704.6606,121,4222.564,4318.462,4181.538,4129.744,4216.41,450.0
1774430704.6685,122,4256.41,4302.564,4186.154,4148.205,4220.513,450.0
1774430704.6763,123,4260.0,4309.744,4152.821,4176.41,4217.949,16183.0
1774430704.6842,124,4231.795,4334.872,4152.821,4165.128,4217.949,450.0
1774430704.692,125,4235.385,4301.026,4172.308,4136.41,4228.718,450.0
1774430704.7,126,4266.667,4245.128,4171.282,4141.026,4224.615,450.0
1774430704.7078,127,4274.872,4275.897,4158.462,4165.641,4223.077,242.0
1774430704.7157,0,4240.0,4334.359,4143.59,4163.077,4239.487,450.0
1774430704.7235,1,4227.692,4320.0,4157.436,4145.641,4235.897,450.0
1774430704.7313,2,4271.282,4278.462,4195.897,4145.128,4216.41,16195.0
1774430704.7392,3,4286.667,4272.308,4196.923,4152.821,4210.769,450.0
1774430704.7471,4,4246.667,4290.256,4158.462,4151.282,4213.333,16176.0
1774430704.755,5,4225.641,4309.744,4153.333,4146.667,4222.564,450.0
1774430704.7629,6,4250.769,4304.615,4189.231,4148.205,4233.846,16157.0
1774430704.7707,7,4265.128,4278.974,4195.385,4158.974,4232.308,450.0
1774430704.7786,8,4254.872,4279.487,4175.897,4168.205,4227.692,450.0
1774430704.7864,9,4250.256,4310.256,4180.0,4160.513,4231.282,16168.0
1774430704.7943,10,4246.667,4295.385,4192.308,4135.897,4217.436,450.0
1774430704.8021,11,4240.513,4244.103,4198.974,4128.205,4195.897,16182.0
1774430704.8101,12,4240.0,4263.59,4190.256,4155.897,4210.256,450.0
1774430704.8179,13,4245.128,4313.333,4177.949,4174.872,4234.872,450.0
1774430704.8258,14,4248.205,4282.051,4198.462,4156.923,4223.59,450.0
1774430704.8336,15,4244.103,4237.436,4212.308,4144.103,4205.128,16182.0
1774430704.8415,16,4245.641,4268.718,4194.359,4159.487,4221.026,0.0
1774430704.8494,17,4253.846,4305.128,4186.667,4167.179,4242.564,0.0
1774430704.8572,18,4256.923,4280.0,4202.051,4155.385,4228.205,0.0
1774430704.8652,19,4271.795,4260.0,4215.385,4165.128,4215.897,0.0
1774430704.873,20,4280.513,4283.077,4195.385,4188.205,4241.026,0.0
1774430704.8809,21,4250.769,4291.282,4164.615,4171.282,4233.846,0.0
1774430704.8887,22,4232.308,4257.436,4171.282,4144.615,4188.718,0.0
1774430704.8966,23,4246.154,4244.103,4187.692,4156.41,4196.41,0.0
1774430704.9044,24,4243.077,4283.077,4178.974,4173.333,4238.974,0.0
1774430704.9123,25,4231.795,4292.308,4174.872,4151.795,4222.564,0.0
1774430704.9202,26,4245.641,4269.744,4187.692,4138.462,4189.744,0.0
1774430704.9281,27,4252.821,4297.949,4191.795,4162.564,4214.359,0.0
1774430704.9359,28,4237.436,4318.974,4192.821,4162.564,4231.795,0.0
1774430704.9438,29,4236.923,4281.538,4203.077,4137.949,4206.667,0.0
1774430704.9516,30,4236.41,4282.051,4189.744,4142.051,4194.359,0.0
1774430704.9595,31,4222.564,4317.949,4175.897,4153.333,4202.564,0.0
1774430704.9674,32,4232.308,4302.564,4197.436,4153.846,4209.744,0.0
1774430704.9753,33,4252.308,4287.692,4189.744,4167.179,4212.821,0.0
1774430704.9831,34,4251.795,4311.282,4153.333,4180.0,4215.385,0.0
1774430704.991,35,4255.385,4304.615,4166.154,4169.744,4211.795,0.0
1774430704.9989,36,4261.026,4273.846,4192.308,4154.359,4201.538,0.0
1774430705.0067,37,4246.154,4279.487,4167.179,4156.41,4207.692,0.0
1774430705.0145,38,4236.41,4294.359,4153.846,4160.0,4208.205,0.0
1774430705.0225,39,4231.795,4269.744,4185.641,4147.179,4194.872,0.0
1774430705.0304,40,4234.359,4262.564,4189.231,4162.564,4217.949,0.0
1774430705.0382,41,4251.795,4305.128,4166.667,4193.846,4253.846,0.0
1774430705.0461,42,4245.641,4315.897,4173.333,4170.769,4228.718,0.0
1774430705.0539,43,4222.051,4262.564,4183.077,4140.513,4185.128,0.0
1774430705.0618,44,4230.256,4236.41,4179.487,4162.564,4197.436,0.0
1774430705.0696,45,4251.795,4288.718,4181.026,4176.923,4231.282,0.0
1774430705.0776,46,4238.974,4318.974,4192.821,4154.872,4231.795,0.0
1774430705.0854,47,4232.821,4276.41,4209.744,4157.436,4218.462,0.0
1774430705.0933,48,4254.872,4258.462,4190.769,4187.179,4223.077,0.0
1774430705.1011,49,4250.769,4288.205,4162.564,4185.641,4230.256,0.0
1774430705.109,50,4240.0,4288.205,4188.718,4166.667,4225.128,0.0
1774430705.1168,51,4265.128,4254.872,4217.436,4182.051,4221.538,0.0
1774430705.1246,52,4282.564,4262.051,4195.897,4203.59,4231.795,0.0
1774430705.1324,53,4250.256,4294.359,4183.59,4181.538,4231.795,0.0
1774430705.1403,54,4223.077,4266.667,4197.436,4148.718,4212.821,0.0
1774430705.1481,55,4245.128,4224.103,4181.026,4163.59,4224.103,0.0
1774430705.156,56,4260.513,4263.59,4154.872,4188.718,4247.692,0.0
1774430705.1639,57,4249.231,4316.923,4172.308,4183.077,4241.026,0.0
1774430705.1717,58,4253.333,4286.667,4188.205,4184.103,4234.359,0.0
1774430705.1796,59,4258.462,4257.436,4162.564,4191.282,4243.077,0.0
1774430705.1875,60,4241.026,4298.462,4163.077,4181.026,4240.513,0.0
1774430705.1954,61,4229.744,4293.333,4201.538,4171.282,4223.077,0.0
1774430705.2032,62,4239.487,4227.179,4217.436,4172.308,4215.385,0.0
1774430705.211,63,4248.205,4250.769,4213.846,4177.436,4227.179,0.0
1774430705.2189,64,4240.0,4307.692,4221.538,4174.872,4224.103,450.0
1774430705.2268,65,4230.769,4255.897,4224.615,4170.769,4206.154,450.0
1774430705.2347,66,4241.026,4215.385,4197.949,4177.949,4222.564,16202.0
1774430705.2425,67,4254.359,4274.872,4188.205,4190.769,4257.949,450.0
1774430705.2504,68,4253.846,4294.872,4218.462,4190.769,4255.385,16181.0
1774430705.2583,69,4256.923,4246.154,4223.59,4185.641,4236.923,450.0
1774430705.2661,70,4271.282,4263.077,4200.0,4199.487,4252.308,16157.0
1774430705.274,71,4257.949,4304.103,4191.282,4191.795,4256.41,450.0
1774430705.2818,72,4223.077,4279.487,4196.41,4150.769,4215.385,450.0
1774430705.2898,73,4233.846,4263.077,4187.692,4143.077,4208.718,16191.0
1774430705.2976,74,4269.231,4297.436,4168.718,4173.846,4256.923,450.0
1774430705.3054,75,4265.641,4332.308,4179.487,4194.872,4277.949,16195.0
1774430705.3131,76,4248.718,4325.641,4213.333,4188.718,4245.128,450.0
1774430705.321,77,4254.872,4277.436,4219.487,4174.872,4224.615,450.0
1774430705.3289,78,4271.795,4257.949,4195.897,4181.538,4247.692,450.0
1774430705.3368,79,4273.846,4308.205,4172.308,4196.41,4267.179,16195.0
1774430705.3447,80,4260.0,4343.077,4167.692,4183.59,4258.974,450.0
1774430705.3526,81,4259.487,4304.103,4172.821,4169.231,4243.077,450.0
1774430705.3604,82,4275.385,4269.744,4171.795,4189.744,4237.436,450.0
1774430705.3683,83,4278.974,4294.359,4164.103,4204.615,4253.333,16195.0
1774430705.3761,84,4274.872,4328.718,4161.026,4194.872,4277.436,450.0
1774430705.384,85,4291.282,4327.692,4175.897,4189.231,4289.231,450.0
1774430705.3919,86,4314.359,4289.744,4189.231,4182.051,4282.564,450.0
1774430705.3998,87,4341.026,4235.897,4196.41,4167.179,4282.564,16195.0
1774430705.4077,88,4380.0,4240.0,4208.205,4169.744,4312.821,450.0
1774430705.4155,89,4401.538,4290.769,4211.282,4173.333,4341.026,450.0
1774430705.4233,90,4411.795,4291.795,4205.641,4164.615,4345.128,450.0
1774430705.4312,91,4442.564,4281.538,4192.821,4179.487,4366.667,16195.0
1774430705.4391,92,4466.667,4318.462,4168.205,4195.385,4408.718,450.0
1774430705.4469,93,4470.769,4330.256,4162.051,4185.641,4426.667,450.0
1774430705.4549,94,4504.103,4277.949,4177.436,4187.692,4428.205,450.0
1774430705.4627,95,4544.103,4230.256,4187.179,4190.769,4429.231,16195.0
1774430705.4706,96,4552.821,4252.821,4178.974,4187.179,4446.667,450.0
1774430705.4784,97,4570.256,4292.308,4167.692,4195.897,4480.0,450.0
1774430705.4863,98,4603.077,4295.897,4169.744,4195.897,4500.513,450.0
1774430705.4941,99,4619.487,4298.974,4177.436,4187.692,4503.59,16195.0
1774430705.5021,100,4634.359,4305.128,4189.231,4192.308,4508.718,450.0
1774430705.5099,101,4663.077,4279.487,4202.564,4202.564,4528.718,450.0
1774430705.5178,102,4682.051,4255.385,4199.487,4208.205,4551.282,450.0
1774430705.5256,103,4676.41,4265.641,4203.077,4203.077,4551.795,16195.0
1774430705.5335,104,4669.231,4273.333,4216.923,4177.949,4541.026,450.0
1774430705.5413,105,4671.795,4275.385,4199.487,4163.077,4554.872,450.0
1774430705.5492,106,4687.179,4297.436,4173.846,4190.769,4592.821,450.0
1774430705.5571,107,4708.205,4321.538,4181.026,4230.256,4617.949,16195.0
1774430705.565,108,4713.333,4304.103,4213.333,4221.026,4605.641,450.0
1774430705.5728,109,4712.308,4269.744,4232.821,4190.256,4584.615,450.0
1774430705.5807,110,4734.359,4269.231,4218.974,4201.026,4609.744,450.0
1774430705.5886,111,4774.359,4276.923,4218.974,4231.282,4651.282,16195.0
1774430705.5964,112,4781.538,4278.462,4231.282,4232.821,4650.769,450.0
1774430705.6042,113,4762.564,4300.513,4208.205,4224.615,4649.744,450.0
1774430705.6122,114,4776.923,4310.769,4187.179,4238.462,4683.077,450.0
1774430705.6201,115,4789.744,4303.077,4203.077,4242.051,4686.667,16195.0
1774430705.6279,116,4757.949,4342.051,4209.744,4224.103,4666.667,450.0
1774430705.6358,117,4752.821,4377.949,4193.333,4218.974,4679.487,450.0
1774430705.6436,118,4790.256,4354.359,4205.641,4223.59,4704.103,450.0
1774430705.6515,119,4792.308,4333.333,4222.564,4219.487,4704.615,16195.0
1774430705.6593,120,4767.692,4333.333,4203.077,4206.667,4682.051,450.0
1774430705.6673,121,4774.872,4339.487,4203.077,4201.538,4669.744,450.0
1774430705.6751,122,4793.846,4342.051,4225.128,4212.821,4682.051,450.0
1774430705.683,123,4785.641,4315.385,4229.231,4226.154,4684.103,16195.0
1774430705.6908,124,4772.821,4307.692,4222.564,4220.513,4673.846,450.0
1774430705.6987,125,4761.538,4329.231,4201.538,4201.538,4663.077,450.0
1774430705.7065,126,4753.846,4292.308,4200.0,4194.359,4646.667,450.0
1774430705.7145,127,4780.0,4260.0,4226.154,4212.821,4658.974,242.0
1774430705.7223,0,4802.564,4293.846,4232.821,4222.051,4674.872,450.0
1774430705.7302,1,4794.872,4292.821,4218.462,4202.564,4651.795,450.0
1774430705.7381,2,4789.231,4270.769,4206.667,4200.0,4646.667,16196.0
1774430705.7459,3,4796.923,4285.128,4214.359,4214.359,4666.154,450.0
1774430705.7537,4,4793.846,4288.205,4225.128,4205.641,4657.949,16180.0
1774430705.7616,5,4785.128,4280.513,4205.128,4196.41,4649.231,450.0
1774430705.7696,6,4792.308,4278.974,4199.487,4212.308,4656.41,16149.0
1774430705.7774,7,4789.744,4258.462,4230.769,4212.308,4642.051,450.0
1774430705.7853,8,4786.154,4260.513,4233.333,4209.231,4647.179,450.0
1774430705.7931,9,4797.436,4289.231,4206.667,4233.846,4672.308,16185.0
1774430705.801,10,4772.821,4275.897,4193.333,4228.205,4642.564,450.0
1774430705.8088,11,4721.538,4273.846,4175.897,4195.385,4611.795,16188.0
1774430705.8167,12,4718.462,4315.385,4167.692,4199.487,4637.436,450.0
1774430705.8246,13,4742.564,4293.846,4196.923,4214.872,4641.026,450.0
1774430705.8324,14,4734.359,4238.462,4225.128,4201.026,4604.103,450.0
1774430705.8403,15,4718.462,4245.641,4218.974,4190.256,4590.769,16188.0
1774430705.8482,16,4736.923,4270.769,4196.41,4215.385,4614.359,0.0
1774430705.856,17,4754.872,4263.59,4184.103,4241.538,4624.103,0.0
1774430705.8639,18,4722.051,4261.538,4185.641,4222.051,4596.923,0.0
1774430705.8717,19,4697.436,4286.154,4187.692,4200.513,4591.282,0.0
1774430705.8797,20,4726.154,4305.641,4189.744,4224.103,4623.077,0.0
1774430705.8875,21,4743.077,4277.949,4208.718,4235.385,4621.538,0.0
1774430705.8954,22,4720.0,4240.0,4217.436,4211.795,4590.256,0.0
1774430705.9033,23,4700.0,4253.333,4186.667,4196.923,4593.846,0.0
1774430705.9111,24,4706.667,4293.846,4157.949,4212.308,4630.256,0.0
1774430705.919,25,4717.436,4293.333,4163.59,4231.795,4641.026,0.0
1774430705.9269,26,4709.744,4254.872,4201.026,4224.615,4605.128,0.0
1774430705.9348,27,4693.846,4237.949,4226.667,4202.051,4571.795,0.0
1774430705.9426,28,4694.359,4258.974,4213.846,4206.667,4584.615,0.0
1774430705.9504,29,4701.538,4291.795,4193.846,4246.667,4616.923,0.0
1774430705.9583,30,4687.179,4291.795,4183.077,4252.821,4615.385,0.0
1774430705.9662,31,4664.615,4257.949,4197.436,4213.333,4583.077,0.0
1774430705.974,32,4667.179,4229.744,4229.231,4198.974,4563.077,0.0
1774430705.982,33,4672.308,4238.462,4214.872,4205.128,4563.59,0.0
1774430705.9898,34,4649.744,4260.0,4184.615,4187.692,4557.949,0.0
1774430705.9977,35,4633.846,4260.0,4195.897,4180.0,4543.077,0.0
1774430706.0055,36,4641.026,4275.897,4200.513,4214.359,4558.974,0.0
1774430706.0134,37,4628.205,4315.897,4180.0,4231.795,4588.205,0.0
1774430706.0212,38,4609.231,4301.538,4174.872,4200.513,4566.667,0.0
1774430706.0291,39,4621.538,4275.385,4170.769,4192.308,4538.974,0.0
1774430706.037,40,4644.103,4314.872,4162.051,4225.641,4554.359,0.0
1774430706.0449,41,4642.051,4315.385,4183.077,4227.692,4553.846,0.0
1774430706.0527,42,4617.436,4267.179,4200.0,4213.333,4532.821,0.0
1774430706.0606,43,4601.026,4276.923,4193.333,4225.641,4526.154,0.0
1774430706.0684,44,4595.897,4299.487,4206.667,4221.026,4514.359,0.0
1774430706.0763,45,4593.333,4280.0,4213.333,4206.667,4513.333,0.0
1774430706.0841,46,4594.872,4259.487,4200.513,4229.744,4525.641,0.0
1774430706.0921,47,4577.436,4267.692,4211.282,4235.897,4510.256,0.0
1774430706.0999,48,4545.641,4289.744,4209.744,4207.179,4490.769,0.0
1774430706.1078,49,4549.231,4296.923,4184.103,4209.231,4505.128,0.0
1774430706.1156,50,4567.692,4280.513,4192.821,4226.667,4512.308,0.0
1774430706.1235,51,4552.821,4301.026,4186.667,4217.949,4505.641,0.0
1774430706.1313,52,4545.641,4321.026,4164.103,4206.154,4500.513,0.0
1774430706.1393,53,4553.333,4272.308,4183.59,4191.795,4471.282,0.0
1774430706.1472,54,4528.718,4263.077,4202.564,4173.846,4450.769,0.0
1774430706.155,55,4513.846,4306.667,4202.051,4183.077,4458.974,0.0
1774430706.1628,56,4521.538,4280.513,4220.0,4192.821,4433.846,0.0
1774430706.1707,57,4511.282,4252.821,4235.897,4185.128,4407.692,0.0
1774430706.1786,58,4507.179,4301.538,4211.282,4200.0,4446.154,0.0
1774430706.1864,59,4523.59,4305.128,4199.487,4221.026,4475.897,0.0
1774430706.1944,60,4528.205,4259.487,4220.513,4206.154,4449.744,0.0
1774430706.2022,61,4504.615,4295.385,4205.128,4180.0,4434.872,0.0
1774430706.2101,62,4484.615,4328.718,4172.821,4170.769,4438.974,0.0
1774430706.2179,63,4497.436,4259.487,4187.179,4176.41,4428.205,0.0
1774430706.2258,64,4507.179,4231.795,4219.487,4184.615,4417.436,450.0
1774430706.2336,65,4496.41,4286.154,4214.359,4189.744,4429.231,450.0
1774430706.2415,66,4490.256,4290.256,4186.667,4197.436,4433.846,16193.0
1774430706.2494,67,4478.462,4265.641,4177.436,4193.846,4406.154,450.0
1774430706.2573,68,4454.872,4283.077,4195.897,4175.897,4381.026,16152.0
1774430706.2651,69,4435.385,4278.462,4224.103,4160.0,4376.923,450.0
1774430706.273,70,4427.692,4261.026,4231.795,4163.077,4382.564,16156.0
1774430706.2808,71,4427.692,4300.513,4196.923,4177.949,4389.744,450.0
1774430706.2887,72,4428.718,4322.564,4175.385,4178.974,4387.692,450.0
1774430706.2966,73,4436.41,4302.051,4183.59,4185.641,4388.718,16179.0
1774430706.3045,74,4434.359,4292.308,4163.59,4195.897,4391.282,450.0
1774430706.3123,75,4418.462,4277.436,4152.821,4181.538,4373.846,16204.0
1774430706.3202,76,4417.436,4255.897,4189.744,4178.462,4353.846,450.0
1774430706.3281,77,4408.205,4269.744,4202.564,4194.872,4349.744,450.0
1774430706.3359,78,4386.667,4282.564,4185.128,4185.128,4337.949,450.0
1774430706.3438,79,4392.821,4257.949,4198.462,4171.795,4323.59,16204.0
1774430706.3517,80,4400.513,4264.103,4215.897,4182.051,4328.718,450.0
1774430706.3596,81,4388.718,4290.256,4203.59,4180.0,4333.333,450.0
1774430706.3674,82,4399.487,4274.872,4196.41,4175.897,4333.333,450.0
1774430706.3753,83,4411.795,4266.667,4202.564,4186.154,4336.41,16204.0
1774430706.3831,84,4389.744,4286.154,4202.564,4173.846,4323.077,450.0
1774430706.391,85,4374.359,4279.487,4194.359,4156.41,4311.282,450.0
1774430706.3988,86,4368.205,4264.615,4191.795,4154.872,4306.667,450.0
1774430706.4068,87,4351.282,4275.897,4213.333,4147.179,4282.051,16204.0
1774430706.4146,88,4356.923,4282.051,4248.205,4149.231,4273.846,450.0
1774430706.4225,89,4363.077,4274.872,4239.487,4172.821,4294.872,450.0
1774430706.4303,90,4335.897,4281.026,4211.282,4178.974,4292.308,450.0
1774430706.4382,91,4315.385,4298.974,4223.59,4174.872,4285.641,16204.0
1774430706.446,92,4316.923,4313.333,4243.077,4181.026,4303.59,450.0
1774430706.4539,93,4320.513,4317.949,4233.333,4185.641,4313.846,450.0
1774430706.4618,94,4324.615,4303.59,4213.333,4183.077,4303.077,450.0
1774430706.4697,95,4336.923,4300.0,4212.308,4188.718,4303.59,16204.0
1774430706.4776,96,4353.846,4329.231,4221.026,4206.667,4312.308,450.0
1774430706.4854,97,4352.308,4344.103,4223.59,4202.051,4301.026,450.0
1774430706.4932,98,4330.256,4313.846,4229.744,4174.872,4286.154,450.0
1774430706.5011,99,4323.077,4297.949,4238.462,4173.333,4286.667,16204.0
1774430706.5091,100,4339.487,4329.231,4250.769,4194.359,4288.718,450.0
1774430706.5169,101,4333.846,4365.128,4253.333,4190.769,4278.462,450.0
1774430706.5248,102,4291.795,4372.308,4222.051,4156.923,4265.641,450.0
1774430706.5326,103,4283.077,4363.077,4202.051,4146.667,4268.205,16204.0
1774430706.5405,104,4308.205,4355.897,4212.308,4157.949,4264.615,450.0
1774430706.5483,105,4300.0,4336.41,4215.385,4147.692,4238.974,450.0
1774430706.5562,106,4284.103,4313.846,4207.692,4148.718,4231.282,450.0
1774430706.5641,107,4299.487,4321.026,4188.205,4177.436,4254.872,16204.0
1774430706.572,108,4301.538,4335.897,4169.744,4176.41,4254.872,450.0
1774430706.5798,109,4273.333,4343.077,4169.744,4150.256,4236.41,450.0
1774430706.5877,110,4251.795,4340.0,4189.231,4138.462,4228.718,450.0
1774430706.5955,111,4250.769,4329.744,4211.282,4142.564,4217.949,16204.0
1774430706.6034,112,4252.821,4335.385,4202.564,4155.385,4207.179,450.0
1774430706.6112,113,4244.103,4364.103,4194.359,4158.974,4210.256,450.0
1774430706.6192,114,4232.308,4372.821,4220.513,4138.974,4209.231,450.0
1774430706.627,115,4240.513,4334.872,4246.154,4129.744,4193.846,16204.0
1774430706.6349,116,4266.154,4313.846,4247.692,4161.026,4201.026,450.0
1774430706.6428,117,4267.692,4344.103,4214.872,4174.872,4224.615,450.0
1774430706.6506,118,4246.154,4376.41,4180.513,4150.256,4223.59,450.0
1774430706.6585,119,4258.462,4373.333,4198.462,4163.59,4224.103,16204.0
1774430706.6663,120,4282.051,4333.846,4229.231,4187.179,4224.615,450.0
1774430706.6743,121,4272.821,4303.077,4214.872,4161.026,4208.205,450.0
1774430706.6821,122,4267.179,4318.974,4187.692,4167.179,4219.487,450.0
1774430706.69,123,4257.436,4341.538,4183.077,4205.641,4244.103,16204.0
1774430706.6978,124,4228.718,4333.846,4191.282,4174.359,4216.41,450.0
1774430706.7057,125,4226.667,4306.667,4205.641,4128.718,4167.692,450.0
1774430706.7135,126,4234.872,4298.974,4211.795,4144.103,4161.538,450.0
1774430706.7214,127,4210.769,4323.077,4207.692,4150.256,4172.308,242.0
1774430706.7293,0,4205.641,4342.051,4217.949,4136.923,4172.308,450.0
1774430706.7372,1,4236.41,4315.385,4221.026,4154.872,4181.026,450.0
1774430706.745,2,4239.487,4289.231,4186.154,4171.795,4200.0,16214.0
1774430706.7529,3,4224.103,4315.897,4163.077,4164.615,4214.872,450.0
1774430706.7607,4,4242.564,4328.205,4182.051,4166.154,4210.769,16178.0
1774430706.7686,5,4272.308,4285.641,4187.179,4173.333,4202.051,450.0
1774430706.7765,6,4273.333,4277.436,4168.718,4176.41,4224.103,16158.0
1774430706.7844,7,4238.974,4329.744,4166.667,4171.795,4241.026,450.0
1774430706.7922,8,4202.051,4340.513,4172.821,4144.615,4205.641,450.0
1774430706.8001,9,4193.846,4317.949,4146.154,4117.436,4170.769,16183.0
1774430706.8079,10,4191.282,4344.615,4131.795,4116.41,4172.821,450.0
1774430706.8158,11,4184.103,4352.821,4183.077,4127.692,4172.308,16193.0
1774430706.8236,12,4196.923,4318.462,4205.128,4129.744,4163.077,450.0
1774430706.8316,13,4217.436,4328.205,4180.0,4139.487,4175.385,450.0
1774430706.8394,14,4222.051,4342.051,4194.359,4161.026,4191.795,450.0
1774430706.8473,15,4225.641,4288.718,4216.923,4158.974,4182.564,16193.0
1774430706.8551,16,4245.128,4267.179,4191.282,4146.667,4183.59,0.0
1774430706.863,17,4253.333,4340.0,4149.231,4156.41,4213.846,0.0
1774430706.8708,18,4235.897,4372.308,4142.564,4161.026,4213.333,0.0
1774430706.8787,19,4221.026,4304.615,4149.231,4137.949,4172.821,0.0
1774430706.8866,20,4225.641,4278.974,4129.744,4132.821,4168.718,0.0
1774430706.8945,21,4220.513,4338.974,4127.179,4156.923,4196.41,0.0
1774430706.9024,22,4198.974,4334.872,4166.667,4155.385,4174.359,0.0
1774430706.9102,23,4172.308,4277.436,4180.513,4125.641,4131.795,0.0
1774430706.9181,24,4150.256,4301.538,4161.538,4112.308,4127.179,0.0
1774430706.926,25,4151.795,4331.795,4161.538,4118.974,4126.154,0.0
1774430706.9339,26,4154.872,4298.462,4162.051,4114.872,4107.692,0.0
1774430706.9417,27,4149.744,4284.103,4168.205,4115.897,4109.744,0.0
1774430706.9495,28,4176.41,4296.41,4187.179,4143.59,4141.026,0.0
1774430706.9574,29,4221.026,4313.333,4172.308,4175.385,4177.949,0.0
1774430706.9653,30,4213.846,4344.103,4143.077,4171.282,4189.744,0.0
1774430706.9731,31,4184.615,4337.436,4147.179,4142.051,4169.744,0.0
1774430706.981,32,4208.718,4332.821,4145.641,4150.256,4180.513,0.0
1774430706.9889,33,4224.615,4371.282,4123.077,4162.051,4203.077,0.0
1774430706.9968,34,4203.59,4365.128,4148.718,4139.487,4175.897,0.0
1774430707.0046,35,4193.846,4329.744,4178.462,4140.513,4151.795,0.0
1774430707.0125,36,4184.103,4335.897,4162.051,4154.359,4151.282,0.0
1774430707.0203,37,4178.974,4340.513,4160.513,4136.41,4135.385,0.0
1774430707.0282,38,4196.41,4320.513,4163.077,4133.846,4127.179,0.0
1774430707.036,39,4211.795,4326.154,4147.179,4165.128,4161.538,0.0
1774430707.044,40,4218.974,4338.462,4161.538,4168.718,4188.205,0.0
1774430707.0518,41,4245.641,4314.872,4191.795,4155.897,4187.179,0.0
1774430707.0597,42,4267.179,4311.282,4174.359,4178.974,4202.051,0.0
1774430707.0676,43,4248.718,4345.641,4136.41,4193.333,4215.897,0.0
1774430707.0754,44,4228.718,4355.897,4139.487,4166.667,4207.692,0.0
1774430707.0833,45,4243.077,4323.59,4156.923,4151.795,4201.538,0.0
1774430707.0911,46,4248.718,4309.744,4154.359,4170.256,4204.615,0.0
1774430707.0991,47,4223.59,4348.205,4155.385,4175.385,4200.0,0.0
1774430707.1069,48,4203.077,4344.615,4170.769,4142.051,4168.718,0.0
1774430707.1148,49,4194.359,4284.103,4178.974,4119.487,4132.308,0.0
1774430707.1226,50,4181.538,4297.949,4169.231,4136.41,4135.897,0.0
1774430707.1305,51,4190.256,4348.205,4175.897,4149.744,4160.513,0.0
1774430707.1383,52,4227.692,4314.872,4197.949,4154.359,4171.795,0.0
1774430707.1463,53,4231.795,4291.795,4173.333,4170.769,4184.615,0.0
1774430707.1541,54,4209.744,4333.846,4142.051,4171.282,4192.821,0.0
1774430707.162,55,4229.744,4323.077,4160.0,4158.974,4183.077,0.0
1774430707.1698,56,4247.692,4286.667,4156.41,4169.231,4172.821,0.0
1774430707.1777,57,4210.256,4303.077,4123.077,4168.718,4164.103,0.0
1774430707.1855,58,4189.744,4307.692,4136.41,4150.769,4148.205,0.0
1774430707.1934,59,4212.821,4291.282,4171.282,4154.872,4144.103,0.0
1774430707.2013,60,4204.615,4315.897,4181.538,4157.436,4153.333,0.0
1774430707.2092,61,4180.513,4325.641,4197.949,4136.41,4143.077,0.0
1774430707.2171,62,4190.256,4289.231,4215.385,4140.513,4130.769,0.0
1774430707.2249,63,4197.949,4286.154,4210.256,4161.026,4142.051,0.0
1774430707.2327,64,4196.923,4303.59,4201.538,4155.385,4153.846,450.0
1774430707.2406,65,4201.538,4295.385,4180.513,4157.949,4163.077,450.0
1774430707.2484,66,4195.385,4284.615,4150.769,4167.179,4169.744,16206.0
1774430707.2564,67,4191.795,4287.179,4153.846,4149.744,4161.026,450.0
1774430707.2643,68,4200.0,4321.026,4152.308,4138.462,4152.308,16175.0
1774430707.2721,69,4191.795,4346.667,4136.41,4141.026,4150.256,450.0
1774430707.28,70,4185.128,4302.564,4151.795,4135.897,4136.41,16149.0
1774430707.2878,71,4199.487,4273.846,4161.026,4132.308,4123.077,450.0
1774430707.2957,72,4195.897,4320.513,4151.282,4138.462,4134.359,450.0
1774430707.3035,73,4164.615,4341.538,4156.41,4142.051,4148.718,16186.0
1774430707.3115,74,4147.692,4316.923,4163.59,4130.769,4134.872,450.0
1774430707.3193,75,4153.333,4320.513,4166.154,4118.462,4110.256,16201.0
1774430707.3272,76,4154.872,4314.872,4166.667,4119.487,4100.0,450.0
1774430707.335,77,4143.077,4303.59,4160.0,4127.179,4102.051,450.0
1774430707.3428,78,4142.051,4327.692,4162.564,4133.846,4105.641,450.0
1774430707.3507,79,4140.0,4320.513,4160.513,4134.359,4098.974,16201.0
1774430707.3587,80,4125.641,4300.0,4153.846,4126.667,4088.205,450.0
1774430707.3665,81,4134.872,4332.821,4160.513,4147.179,4107.692,450.0
1774430707.3743,82,4156.41,4347.692,4169.231,4174.872,4137.949,450.0
1774430707.3821,83,4164.103,4305.128,4167.179,4153.846,4130.256,16201.0
1774430707.39,84,4156.41,4299.487,4139.487,4118.974,4104.103,450.0
1774430707.3979,85,4144.615,4334.359,4125.641,4122.051,4109.231,450.0
1774430707.4057,86,4151.795,4351.795,4152.308,4152.821,4139.487,450.0
1774430707.4137,87,4160.0,4357.949,4176.41,4153.846,4133.333,16201.0
1774430707.4215,88,4155.897,4349.744,4173.846,4128.718,4102.051,450.0
1774430707.4293,89,4154.872,4350.256,4167.179,4129.231,4116.41,450.0
1774430707.4372,90,4158.974,4360.0,4172.308,4143.59,4145.641,450.0
1774430707.445,91,4164.103,4354.872,4166.154,4143.077,4135.897,16201.0
1774430707.4529,92,4164.103,4352.308,4168.718,4134.359,4114.359,450.0
1774430707.4608,93,4163.59,4355.385,4196.41,4147.692,4130.256,450.0
1774430707.4688,94,4163.59,4322.564,4193.846,4158.974,4154.359,450.0
1774430707.4766,95,4159.487,4282.564,4161.538,4145.641,4147.692,16201.0
1774430707.4844,96,4164.615,4307.692,4151.282,4149.231,4144.103,450.0
1774430707.4923,97,4170.769,4331.282,4155.897,4174.359,4154.872,450.0
1774430707.5001,98,4154.872,4294.872,4154.359,4169.231,4149.231,450.0
1774430707.508,99,4125.641,4275.897,4158.462,4130.256,4117.436,16201.0
1774430707.5159,100,4130.769,4310.256,4171.795,4128.718,4109.231,450.0
1774430707.5238,101,4144.615,4331.795,4180.0,4155.897,4124.615,450.0
1774430707.5317,102,4127.692,4297.949,4186.154,4145.128,4103.077,450.0
1774430707.5395,103,4117.949,4269.744,4190.256,4126.667,4082.051,16201.0
1774430707.5473,104,4138.462,4286.154,4194.872,4143.077,4105.641,450.0
1774430707.5552,105,4149.744,4299.487,4180.513,4153.846,4121.026,450.0
1774430707.563,106,4131.795,4287.179,4154.359,4138.974,4102.051,450.0
1774430707.571,107,4122.564,4292.308,4157.436,4135.897,4096.923,16201.0
1774430707.5788,108,4134.872,4309.744,4170.256,4138.462,4113.846,450.0
1774430707.5867,109,4150.769,4286.154,4162.051,4141.538,4118.462,450.0
1774430707.5945,110,4151.282,4257.949,4157.949,4163.077,4114.359,450.0
1774430707.6024,111,4131.282,4258.974,4159.487,4155.897,4101.026,16201.0
1774430707.6102,112,4122.564,4269.231,4151.795,4130.769,4096.923,450.0
1774430707.6181,113,4144.103,4297.949,4168.718,4155.897,4124.615,450.0
1774430707.626,114,4162.564,4333.846,4189.744,4193.333,4147.179,450.0
1774430707.6339,115,4153.333,4339.487,4179.487,4170.769,4134.359,16201.0
1774430707.6417,116,4146.667,4321.026,4182.051,4141.026,4117.949,450.0
1774430707.6496,117,4149.744,4304.103,4180.513,4149.744,4112.821,450.0
1774430707.6574,118,4137.949,4303.077,4147.692,4156.923,4105.128,450.0
1774430707.6653,119,4120.513,4313.333,4142.564,4147.179,4106.667,16201.0
1774430707.6732,120,4125.641,4291.282,4174.872,4147.179,4111.795,450.0
1774430707.6811,121,4155.385,4270.256,4193.333,4171.795,4127.179,450.0
1774430707.6889,122,4167.692,4288.205,4192.821,4183.077,4132.821,450.0
1774430707.6967,123,4152.308,4302.051,4191.282,4163.077,4124.103,16201.0
1774430707.7046,124,4147.179,4310.256,4198.462,4157.949,4142.051,450.0
1774430707.7124,125,4157.436,4311.795,4197.949,4160.513,4151.795,450.0
1774430707.7203,126,4160.513,4302.051,4190.256,4138.974,4123.077,450.0
1774430707.7282,127,4165.128,4297.436,4185.128,4127.179,4108.205,242.0
1774430707.7361,0,4157.436,4306.154,4176.923,4133.846,4122.564,450.0
1774430707.7439,1,4130.769,4313.846,4154.359,4124.615,4110.769,450.0
1774430707.7518,2,4127.692,4316.923,4124.615,4119.487,4091.795,16197.0
1774430707.7596,3,4146.154,4320.0,4130.256,4138.974,4106.667,450.0
1774430707.7675,4,4141.026,4323.59,4148.205,4155.385,4126.154,16179.0
1774430707.7753,5,4123.077,4317.436,4155.385,4146.154,4116.41,450.0
1774430707.7833,6,4138.974,4309.231,4168.718,4135.897,4094.872,16149.0
1774430707.7911,7,4160.513,4312.821,4179.487,4135.385,4095.385,450.0
1774430707.799,8,4146.154,4324.103,4184.615,4133.333,4113.333,450.0
1774430707.8068,9,4134.359,4337.436,4191.795,4132.308,4128.718,16182.0
1774430707.8147,10,4150.769,4322.564,4198.974,4141.538,4128.718,450.0
1774430707.8226,11,4175.385,4308.205,4199.487,4158.974,4132.308,16196.0
1774430707.8304,12,4180.513,4338.974,4198.462,4165.128,4141.026,450.0
1774430707.8384,13,4157.949,4354.359,4191.795,4153.846,4135.385,450.0
1774430707.8463,14,4137.949,4317.436,4174.872,4140.0,4124.615,450.0
1774430707.8542,15,4127.692,4296.41,4147.692,4121.538,4101.026,16196.0
1774430707.862,16,4123.077,4315.385,4138.462,4108.718,4082.564,0.0
1774430707.8698,17,4134.872,4307.692,4157.436,4126.667,4098.974,0.0
1774430707.8777,18,4141.538,4292.821,4175.897,4142.051,4110.256,0.0
1774430707.8856,19,4142.051,4306.154,4188.718,4130.256,4104.615,0.0
1774430707.8935,20,4152.308,4315.897,4188.718,4131.282,4123.077,0.0
1774430707.9013,21,4163.077,4322.564,4193.333,4148.718,4148.718,0.0
1774430707.9092,22,4172.308,4352.821,4197.436,4152.308,4160.513,0.0
1774430707.9171,23,4177.436,4344.103,4196.41,4143.077,4162.051,0.0
1774430707.9249,24,4176.923,4293.333,4191.282,4145.128,4158.462,0.0
1774430707.9327,25,4172.308,4303.077,4166.154,4147.179,4161.026,0.0
1774430707.9407,26,4164.615,4334.359,4146.667,4141.026,4163.077,0.0
1774430707.9485,27,4150.769,4314.359,4148.205,4135.385,4141.538,0.0
1774430707.9564,28,4151.738,4312.707,4149.801,4136.752,4140.456,0.0
1774430707.9642,29,4152.707,4311.054,4151.396,4138.12,4139.373,0.0
1774430707.972,30,4153.675,4309.402,4152.991,4139.487,4138.291,0.0
1774430707.9798,31,4154.644,4307.749,4154.587,4140.855,4137.208,0.0
1774430707.9876,32,4155.613,4306.097,4156.182,4142.222,4136.125,0.0
1774430707.9955,33,4156.581,4304.444,4157.778,4143.59,4135.043,0.0
1774430708.0033,34,4157.55,4302.792,4159.373,4144.957,4133.96,0.0
1774430708.0111,35,4158.519,4301.14,4160.969,4146.325,4132.877,0.0
1774430708.0189,36,4159.487,4299.487,4162.564,4147.692,4131.795,0.0
1774430708.0266,37,4181.538,4310.256,4180.0,4157.949,4139.487,0.0
1774430708.0344,38,4164.615,4312.308,4169.231,4162.051,4149.231,0.0
1774430708.0422,39,4149.231,4317.436,4154.359,4169.231,4157.436,0.0
1774430708.05,40,4146.154,4337.949,4158.974,4166.154,4151.282,0.0
1774430708.0578,41,4140.513,4342.051,4169.744,4153.333,4135.385,0.0
1774430708.0656,42,4154.359,4327.179,4185.128,4162.051,4136.41,0.0
1774430708.0733,43,4160.0,4310.769,4195.897,4175.385,4142.564,0.0
1774430708.081,44,4151.282,4304.103,4195.385,4165.641,4139.487,0.0
1774430708.0888,45,4160.0,4326.154,4195.897,4149.231,4142.564,0.0
1774430708.0966,46,4164.615,4333.333,4196.923,4145.128,4145.128,0.0
1774430708.1044,47,4152.308,4323.077,4175.385,4152.821,4144.103,0.0
1774430708.1121,48,4148.718,4324.615,4152.821,4145.641,4133.846,0.0
1774430708.1199,49,4157.949,4333.846,4176.41,4130.769,4125.641,0.0
1774430708.1276,50,4152.308,4326.667,4207.692,4128.718,4117.436,0.0
1774430708.1354,51,4124.615,4305.128,4190.769,4131.795,4097.949,0.0
1774430708.1431,52,4114.359,4311.795,4172.821,4137.436,4099.487,0.0
1774430708.151,53,4130.769,4318.974,4180.0,4140.0,4116.923,0.0
1774430708.1587,54,4126.667,4288.205,4173.846,4133.333,4105.641,0.0
1774430708.1665,55,4115.897,4286.154,4158.462,4145.641,4107.179,0.0
1774430708.1742,56,4130.256,4341.026,4164.615,4162.564,4141.538,0.0
1774430708.1819,57,4144.103,4350.769,4182.051,4145.641,4143.077,0.0
1774430708.1897,58,4144.103,4314.359,4182.051,4137.436,4125.641,0.0
1774430708.1974,59,4147.179,4312.308,4182.051,4156.41,4144.103,0.0
1774430708.2053,60,4155.897,4337.949,4178.462,4154.359,4161.026,0.0
1774430708.213,61,4152.308,4350.769,4171.795,4129.231,4143.59,0.0
1774430708.2208,62,4148.718,4335.897,4200.0,4134.872,4135.897,0.0
1774430708.2286,63,4149.231,4312.821,4232.308,4156.923,4147.179,0.0
1774430708.2363,64,4138.462,4322.051,4215.897,4145.128,4138.462,450.0
1774430708.244,65,4122.051,4349.231,4199.487,4135.897,4124.103,450.0
1774430708.2518,66,4113.846,4321.026,4211.795,4150.769,4120.513,16206.0
1774430708.2596,67,4116.923,4278.974,4211.282,4154.359,4116.923,450.0
1774430708.2674,68,4132.308,4304.103,4198.462,4160.513,4126.154,16186.0
1774430708.2751,69,4146.154,4347.179,4195.897,4177.436,4150.256,450.0
1774430708.2829,70,4144.615,4331.282,4193.333,4168.205,4152.821,16150.0
1774430708.2906,71,4136.923,4297.436,4174.359,4151.282,4136.41,450.0
1774430708.2984,72,4119.487,4312.308,4153.846,4150.256,4132.308,450.0
1774430708.3061,73,4103.077,4328.718,4150.769,4135.897,4121.026,16186.0
1774430708.314,74,4110.769,4306.667,4164.615,4122.564,4102.564,450.0
1774430708.3217,75,4118.974,4294.872,4182.564,4130.769,4104.103,16193.0
1774430708.3294,76,4108.718,4313.846,4188.718,4143.59,4109.744,450.0
1774430708.3372,77,4103.59,4312.821,4187.179,4144.615,4097.949,450.0
1774430708.345,78,4108.718,4293.333,4169.744,4133.333,4092.308,450.0
1774430708.3527,79,4100.0,4290.769,4154.359,4117.436,4095.385,16193.0
1774430708.3605,80,4087.692,4297.949,4160.0,4116.923,4092.308,450.0
1774430708.3683,81,4091.282,4295.897,4151.282,4123.59,4087.179,450.0
1774430708.3761,82,4104.103,4272.821,4141.538,4117.949,4090.256,450.0
1774430708.3838,83,4119.487,4257.436,4158.974,4128.205,4109.231,16193.0
1774430708.3916,84,4122.564,4289.231,4152.821,4148.205,4125.641,450.0
1774430708.3993,85,4111.282,4317.949,4127.692,4137.949,4118.974,450.0
1774430708.4071,86,4106.667,4302.051,4147.692,4121.538,4108.718,450.0
1774430708.4148,87,4100.513,4292.821,4176.923,4124.615,4110.256,16193.0
1774430708.4227,88,4082.051,4294.872,4172.821,4120.513,4098.462,450.0
1774430708.4304,89,4075.897,4269.231,4161.538,4106.667,4078.462,450.0
1774430708.4381,90,4092.821,4249.231,4169.231,4116.41,4091.795,450.0
1774430708.4459,91,4100.513,4270.769,4179.487,4140.0,4116.923,16193.0
1774430708.4536,92,4099.487,4288.205,4176.41,4146.154,4113.846,450.0
1774430708.4614,93,4117.949,4291.282,4168.205,4152.821,4114.359,450.0
1774430708.4691,94,4137.436,4291.282,4163.077,4163.59,4127.179,450.0
1774430708.477,95,4142.564,4277.949,4165.641,4153.846,4125.128,16193.0
1774430708.4847,96,4142.051,4292.821,4155.385,4137.949,4122.051,450.0
1774430708.4925,97,4122.564,4329.231,4133.846,4127.692,4108.205,450.0
1774430708.5002,98,4101.026,4315.897,4134.359,4116.41,4085.641,450.0
1774430708.508,99,4097.436,4272.821,4144.103,4109.231,4074.872,16193.0
1774430708.5157,100,4096.923,4267.692,4155.385,4114.359,4068.718,450.0
1774430708.5235,101,4108.205,4291.795,4168.718,4128.205,4079.487,450.0
1774430708.5313,102,4115.897,4297.949,4162.051,4122.564,4098.462,450.0
1774430708.5391,103,4107.692,4287.692,4153.333,4107.179,4101.538,16193.0
1774430708.5468,104,4108.205,4288.205,4163.59,4115.385,4095.897,450.0
1774430708.5546,105,4112.821,4304.103,4167.179,4120.0,4095.385,450.0
1774430708.5623,106,4113.333,4307.179,4162.564,4108.718,4090.256,450.0
1774430708.5701,107,4114.359,4286.667,4156.41,4119.487,4083.59,16193.0
1774430708.5778,108,4117.949,4285.128,4152.308,4140.0,4093.333,450.0
1774430708.5857,109,4121.538,4307.179,4138.462,4136.41,4105.128,450.0
1774430708.5934,110,4118.462,4308.205,4121.026,4120.0,4092.821,450.0
1774430708.6012,111,4106.154,4294.359,4121.538,4112.308,4076.41,16193.0
1774430708.6089,112,4092.821,4280.513,4135.385,4101.026,4067.692,450.0
1774430708.6167,113,4089.231,4270.256,4148.718,4095.897,4058.462,450.0
1774430708.6244,114,4102.564,4284.615,4149.744,4117.949,4067.692,450.0
1774430708.6321,115,4114.359,4312.308,4157.949,4131.795,4086.154,16193.0
1774430708.64,116,4108.205,4316.41,4182.051,4123.59,4087.692,450.0
1774430708.6477,117,4106.154,4287.179,4180.0,4117.436,4087.692,450.0
1774430708.6555,118,4120.513,4284.615,4165.128,4121.026,4098.462,450.0
1774430708.6632,119,4130.769,4303.59,4163.59,4121.538,4098.462,16193.0
1774430708.671,120,4126.667,4295.385,4152.821,4122.564,4095.897,450.0
1774430708.6787,121,4123.077,4296.41,4144.103,4127.692,4107.692,450.0
1774430708.6865,122,4120.513,4307.692,4137.949,4111.795,4106.667,450.0
1774430708.6943,123,4108.718,4304.615,4131.282,4091.795,4089.231,16193.0
1774430708.7021,124,4095.385,4316.41,4150.256,4094.359,4078.974,450.0
1774430708.7098,125,4101.026,4322.051,4177.436,4104.103,4079.487,450.0
1774430708.7176,126,4124.615,4296.41,4174.359,4106.154,4089.231,450.0
1774430708.7253,127,4124.615,4296.41,4157.436,4112.308,4089.744,242.0
1774430708.7331,0,4107.692,4306.667,4165.128,4112.821,4077.436,450.0
1774430708.7409,1,4124.103,4293.333,4179.487,4110.256,4087.692,450.0
1774430708.7487,2,4143.59,4309.231,4174.359,4111.795,4110.769,16208.0
1774430708.7564,3,4127.692,4331.795,4169.744,4102.564,4108.205,450.0
1774430708.7642,4,4119.487,4324.103,4161.026,4091.282,4093.333,16181.0
1774430708.7719,5,4133.846,4320.0,4132.821,4095.897,4093.846,450.0
1774430708.7796,6,4133.333,4313.333,4122.051,4104.103,4103.077,16149.0
1774430708.7873,7,4131.282,4298.462,4145.128,4111.282,4104.103,450.0
1774430708.7952,8,4140.513,4298.974,4161.026,4111.282,4090.256,450.0
1774430708.8029,9,4135.897,4302.564,4146.154,4095.897,4081.538,16193.0
1774430708.8107,10,4123.59,4292.308,4146.154,4090.256,4092.821,450.0
1774430708.8184,11,4132.308,4280.513,4174.359,4110.769,4109.744,16199.0
1774430708.8262,12,4143.59,4272.308,4175.385,4121.538,4112.308,450.0
1774430708.8339,13,4129.231,4265.128,4152.821,4111.795,4099.487,450.0
1774430708.8417,14,4117.436,4261.538,4148.718,4102.051,4085.128,450.0
1774430708.8495,15,4126.667,4259.487,4149.744,4101.538,4085.128,16199.0
1774430708.8572,16,4133.846,4275.385,4144.103,4113.333,4101.538,0.0
1774430708.865,17,4132.308,4303.59,4141.026,4124.103,4107.692,0.0
1774430708.8728,18,4126.667,4280.0,4139.487,4111.282,4091.795,0.0
1774430708.8805,19,4126.154,4246.667,4138.974,4103.59,4091.795,0.0
1774430708.8883,20,4113.846,4268.205,4144.103,4108.205,4096.923,0.0
1774430708.896,21,4102.051,4288.205,4157.436,4107.179,4086.154,0.0
1774430708.9039,22,4117.949,4273.333,4171.795,4120.513,4088.718,0.0
1774430708.9116,23,4127.692,4267.692,4175.385,4132.821,4101.026,0.0
1774430708.9193,24,4121.026,4278.462,4170.769,4124.103,4101.538,0.0
1774430708.9271,25,4119.487,4286.667,4151.282,4123.59,4102.051,0.0
1774430708.9348,26,4117.436,4303.077,4138.462,4132.821,4113.846,0.0
1774430708.9426,27,4111.795,4320.513,4149.231,4131.795,4125.128,0.0
1774430708.9503,28,4117.436,4318.974,4156.41,4131.282,4125.128,0.0
1774430708.9582,29,4127.692,4308.205,4147.692,4139.487,4126.667,0.0
1774430708.9659,30,4120.0,4292.821,4144.103,4133.846,4120.0,0.0
1774430708.9736,31,4107.179,4281.538,4166.154,4116.41,4100.513,0.0
1774430708.9814,32,4114.872,4295.385,4182.564,4125.128,4097.949,0.0
1774430708.9892,33,4125.641,4311.282,4184.615,4143.59,4114.359,0.0
1774430708.9969,34,4121.538,4295.897,4197.949,4140.0,4123.59,0.0
1774430709.0046,35,4112.821,4286.154,4206.154,4131.282,4120.513,0.0
1774430709.0125,36,4109.231,4322.564,4192.308,4135.897,4126.667,0.0
1774430709.0203,37,4107.692,4358.974,4178.974,4146.154,4136.41,0.0
1774430709.028,38,4116.41,4328.718,4178.974,4146.667,4138.974,0.0
1774430709.0357,39,4142.564,4301.538,4187.179,4155.897,4153.333,0.0
1774430709.0435,40,4155.897,4325.128,4184.103,4171.282,4162.051,0.0
1774430709.0512,41,4137.949,4328.205,4176.923,4166.154,4140.0,0.0
1774430709.059,42,4124.615,4300.513,4178.462,4150.769,4118.462,0.0
1774430709.0668,43,4128.205,4303.077,4169.231,4144.615,4123.59,0.0
1774430709.0746,44,4126.667,4323.59,4161.026,4151.282,4139.487,0.0
1774430709.0823,45,4129.744,4324.615,4170.769,4169.744,4158.462,0.0
1774430709.0901,46,4136.923,4298.974,4185.128,4177.436,4161.538,0.0
1774430709.0978,47,4127.692,4268.205,4189.231,4161.538,4141.026,0.0
1774430709.1056,48,4117.436,4286.667,4179.487,4159.487,4141.026,0.0
1774430709.1133,49,4123.077,4325.641,4176.923,4171.795,4159.487,0.0
1774430709.1212,50,4124.615,4306.667,4183.077,4158.462,4151.282,0.0
1774430709.1289,51,4113.846,4270.769,4169.231,4136.41,4131.282,0.0
1774430709.1367,52,4124.615,4285.641,4149.744,4151.282,4143.077,0.0
1774430709.1444,53,4147.692,4304.103,4156.923,4177.436,4157.436,0.0
1774430709.1522,54,4145.128,4280.0,4176.923,4166.154,4143.59,0.0
1774430709.1599,55,4141.538,4255.897,4170.769,4150.769,4135.897,0.0
1774430709.1678,56,4144.615,4263.59,4144.103,4160.0,4143.59,0.0
1774430709.1755,57,4131.282,4294.872,4143.077,4168.718,4152.308,0.0
1774430709.1832,58,4116.923,4298.462,4152.308,4161.538,4154.872,0.0
1774430709.191,59,4122.564,4271.795,4154.872,4154.359,4153.846,0.0
1774430709.1987,60,4133.333,4281.538,4157.949,4165.128,4167.179,0.0
1774430709.2065,61,4126.667,4310.256,4155.897,4173.846,4181.026,0.0
1774430709.2142,62,4118.462,4299.487,4164.103,4165.641,4169.231,0.0
1774430709.2221,63,4117.949,4274.359,4176.41,4154.872,4154.872,0.0
1774430709.2298,64,4118.462,4282.051,4169.231,4155.897,4165.128,450.0
1774430709.2376,65,4116.923,4294.359,4155.897,4157.436,4172.821,450.0
1774430709.2453,66,4110.769,4274.872,4160.0,4144.615,4148.718,16202.0
1774430709.2531,67,4105.641,4264.103,4168.205,4142.051,4132.821,450.0
1774430709.2608,68,4102.564,4276.923,4153.333,4155.385,4145.641,16172.0
1774430709.2686,69,4091.795,4269.231,4143.077,4150.256,4142.564,450.0
1774430709.2764,70,4081.026,4271.282,4162.051,4144.615,4131.795,16147.0
1774430709.2842,71,4082.564,4296.41,4181.026,4154.359,4138.974,450.0
1774430709.2919,72,4086.154,4279.487,4188.718,4146.154,4142.051,450.0
1774430709.2997,73,4096.923,4231.282,4194.872,4137.949,4136.41,16180.0
1774430709.3074,74,4122.051,4232.821,4190.769,4157.949,4155.897,450.0
1774430709.3152,75,4133.846,4258.462,4183.077,4160.513,4173.846,16187.0
1774430709.3229,76,4123.59,4270.769,4167.179,4138.974,4168.718,450.0
1774430709.3308,77,4123.59,4281.026,4149.231,4138.974,4174.359,450.0
1774430709.3385,78,4133.846,4282.051,4146.154,4155.897,4193.333,450.0
1774430709.3462,79,4130.769,4262.051,4160.0,4154.872,4194.359,16187.0
1774430709.354,80,4131.282,4256.41,4178.974,4147.692,4187.179,450.0
1774430709.3617,81,4132.821,4273.846,4185.128,4144.615,4180.513,450.0
1774430709.3695,82,4117.436,4282.564,4175.385,4140.0,4171.795,450.0
1774430709.3772,83,4109.231,4277.949,4165.641,4136.923,4172.821,16187.0
1774430709.3851,84,4121.026,4270.256,4154.872,4142.051,4173.333,450.0
1774430709.3928,85,4132.308,4287.179,4147.692,4161.026,4176.41,450.0
1774430709.4006,86,4147.179,4315.385,4148.205,4184.103,4196.41,450.0
1774430709.4083,87,4127.692,4266.667,4116.923,4151.795,4170.769,16187.0
1774430709.4161,88,4084.103,4216.923,4073.333,4098.974,4121.538,450.0
1774430709.4238,89,4129.744,4302.051,4118.462,4151.795,4173.846,450.0
1774430709.4316,90,4127.179,4289.744,4114.359,4166.667,4180.0,450.0
1774430709.4394,91,3941.026,4074.872,3943.077,3996.923,4009.231,16187.0
1774430709.4472,92,3900.513,4069.231,3922.051,3948.718,3977.949,450.0
1774430709.4549,93,4106.667,4312.821,4124.103,4149.231,4172.821,450.0
1774430709.4627,94,4182.051,4366.667,4184.615,4239.487,4231.282,450.0
1774430709.4704,95,4103.077,4274.359,4114.359,4155.897,4148.718,16187.0
1774430709.4782,96,4126.154,4316.923,4145.641,4159.487,4174.872,450.0
1774430709.486,97,4166.667,4348.205,4177.949,4213.846,4218.974,450.0
1774430709.4938,98,4127.179,4287.179,4142.051,4203.077,4187.692,450.0
1774430709.5015,99,4108.718,4276.923,4128.718,4183.59,4169.231,16187.0
1774430709.5092,100,4113.333,4295.897,4135.385,4169.231,4167.179,450.0
1774430709.517,101,4128.718,4296.41,4135.385,4175.385,4176.923,450.0
1774430709.5247,102,4138.974,4304.615,4122.051,4188.718,4192.821,450.0
1774430709.5325,103,4123.077,4311.282,4125.641,4177.949,4182.564,16187.0
1774430709.5403,104,4117.436,4309.744,4138.974,4176.41,4178.974,450.0
1774430709.5481,105,4123.077,4320.0,4128.205,4184.103,4189.231,450.0
1774430709.5558,106,4114.872,4325.128,4120.513,4171.282,4177.436,450.0
1774430709.5636,107,4109.231,4308.205,4136.923,4163.077,4161.538,16187.0
1774430709.5714,108,4126.667,4286.667,4149.231,4177.436,4173.333,450.0
1774430709.5791,109,4142.564,4269.744,4135.385,4182.564,4185.128,450.0
1774430709.5868,110,4136.923,4280.513,4127.692,4177.949,4177.949,450.0
1774430709.5947,111,4137.436,4302.051,4144.103,4182.564,4177.436,16187.0
1774430709.6024,112,4140.513,4291.795,4149.231,4185.128,4180.0,450.0
1774430709.6102,113,4145.641,4283.59,4144.103,4185.128,4186.154,450.0
1774430709.6179,114,4154.359,4299.487,4142.051,4182.564,4189.744,450.0
1774430709.6257,115,4138.462,4305.641,4146.667,4168.718,4172.308,16187.0
1774430709.6334,116,4132.308,4307.692,4157.436,4170.769,4170.769,450.0
1774430709.6411,117,4149.231,4317.436,4150.256,4184.615,4183.077,450.0
1774430709.649,118,4144.615,4321.026,4129.744,4173.846,4178.462,450.0
1774430709.6567,119,4125.128,4332.821,4110.256,4159.487,4173.333,16187.0
1774430709.6645,120,4128.718,4330.769,4107.179,4160.0,4175.897,450.0
1774430709.6723,121,4152.308,4305.128,4117.949,4165.128,4185.128,450.0
1774430709.68,122,4163.077,4296.41,4123.077,4171.282,4195.385,450.0
1774430709.6878,123,4156.41,4311.282,4132.308,4171.795,4187.692,16187.0
1774430709.6955,124,4139.487,4321.538,4144.615,4155.897,4172.821,450.0
1774430709.7034,125,4123.59,4295.897,4143.59,4140.0,4164.615,450.0
1774430709.7111,126,4121.026,4278.974,4141.538,4146.667,4162.564,450.0
1774430709.7188,127,4130.256,4294.872,4150.769,4170.256,4167.179,242.0
1774430709.7266,0,4130.256,4295.897,4152.308,4172.821,4166.154,450.0
1774430709.7343,1,4131.795,4273.333,4144.615,4160.513,4155.897,450.0
1774430709.7421,2,4141.538,4285.641,4137.436,4175.385,4163.59,16205.0
1774430709.7498,3,4140.0,4310.256,4133.846,4187.692,4175.385,450.0
1774430709.7577,4,4131.795,4302.564,4110.769,4171.282,4165.128,16186.0
1774430709.7654,5,4138.974,4298.974,4099.487,4164.103,4165.641,450.0
1774430709.7732,6,4167.692,4285.641,4130.769,4181.026,4188.205,16156.0
1774430709.7809,7,4167.692,4261.026,4132.308,4175.385,4187.179,450.0
1774430709.7887,8,4136.923,4269.744,4114.872,4147.692,4164.615,450.0
1774430709.7964,9,4138.462,4308.205,4127.692,4160.0,4182.051,16188.0
1774430709.8043,10,4160.0,4311.282,4149.231,4182.051,4203.59,450.0
1774430709.812,11,4156.923,4279.487,4160.513,4171.282,4177.949,16202.0
1774430709.8198,12,4144.103,4290.256,4156.923,4164.103,4163.077,450.0
1774430709.8275,13,4148.718,4315.897,4143.59,4177.949,4184.615,450.0
1774430709.8352,14,4152.308,4302.051,4129.231,4184.103,4191.795,450.0
1774430709.843,15,4153.333,4289.744,4127.179,4172.308,4180.513,16202.0
1774430709.8508,16,4170.256,4317.949,4141.026,4171.282,4183.077,0.0
1774430709.8586,17,4183.59,4337.949,4142.051,4185.128,4197.436,0.0
1774430709.8664,18,4171.795,4310.769,4125.641,4189.231,4200.0,0.0
1774430709.8741,19,4171.795,4291.795,4123.077,4185.128,4188.718,0.0
1774430709.8819,20,4190.769,4301.026,4129.231,4180.513,4181.026,0.0
1774430709.8896,21,4182.564,4301.026,4130.769,4173.846,4190.769,0.0
1774430709.8974,22,4167.692,4281.538,4137.436,4178.462,4196.923,0.0
1774430709.9051,23,4174.359,4273.846,4150.769,4183.077,4187.179,0.0
1774430709.9129,24,4178.974,4283.59,4170.256,4161.026,4173.333,0.0
1774430709.9207,25,4190.256,4280.513,4189.231,4154.359,4171.282,0.0
1774430709.9284,26,4211.795,4288.718,4189.231,4194.872,4201.538,0.0
1774430709.9362,27,4201.026,4303.59,4187.692,4197.949,4215.897,0.0
1774430709.9439,28,4186.667,4296.41,4186.154,4163.077,4193.846,0.0
1774430709.9517,29,4203.59,4309.231,4152.821,4176.923,4208.718,0.0
1774430709.9594,30,4198.462,4326.154,4126.154,4192.308,4229.231,0.0
1774430709.9673,31,4183.59,4305.641,4144.103,4175.385,4203.59,0.0
1774430709.975,32,4196.923,4314.359,4145.128,4184.103,4203.59,0.0
1774430709.9828,33,4198.974,4335.897,4134.872,4190.256,4224.615,0.0
1774430709.9905,34,4194.872,4297.436,4169.231,4175.897,4211.795,0.0
1774430709.9983,35,4216.923,4284.103,4193.846,4195.385,4208.205,0.0
1774430710.006,36,4226.154,4339.487,4184.103,4215.897,4230.769,0.0
1774430710.0138,37,4216.41,4329.231,4196.923,4195.897,4221.026,0.0
1774430710.0216,38,4227.179,4264.103,4208.718,4188.205,4198.462,0.0
1774430710.0294,39,4233.846,4292.308,4176.41,4198.462,4216.41,0.0
1774430710.0371,40,4202.051,4327.179,4135.385,4171.795,4210.256,0.0
1774430710.0449,41,4175.385,4285.641,4132.308,4143.59,4163.077,0.0
1774430710.0526,42,4185.128,4300.0,4148.205,4164.615,4172.821,0.0
1774430710.0604,43,4198.974,4333.846,4161.026,4183.077,4211.795,0.0
1774430710.0681,44,4204.103,4291.282,4169.231,4179.487,4202.564,0.0
1774430710.076,45,4203.59,4301.538,4154.359,4185.128,4190.256,0.0
1774430710.0837,46,4203.077,4359.487,4153.333,4190.769,4203.59,0.0
1774430710.0914,47,4228.205,4324.103,4186.667,4189.231,4207.179,0.0
1774430710.0992,48,4231.282,4276.923,4185.128,4194.359,4207.179,0.0
1774430710.1069,49,4188.718,4313.333,4164.103,4190.256,4206.667,0.0
1774430710.1147,50,4191.795,4329.231,4185.641,4175.385,4196.41,0.0
1774430710.1225,51,4229.231,4306.154,4193.333,4179.487,4194.872,0.0
1774430710.1303,52,4209.744,4324.103,4166.667,4179.487,4197.436,0.0
1774430710.138,53,4190.769,4328.205,4173.846,4169.231,4190.256,0.0
1774430710.1458,54,4215.385,4286.667,4186.154,4182.051,4195.897,0.0
1774430710.1535,55,4208.718,4290.256,4162.564,4191.795,4199.487,0.0
1774430710.1613,56,4186.667,4325.128,4160.0,4180.0,4189.231,0.0
1774430710.169,57,4202.051,4326.667,4164.103,4188.205,4198.974,0.0
1774430710.1769,58,4190.256,4310.256,4141.026,4193.846,4192.821,0.0
1774430710.1846,59,4163.59,4306.154,4161.538,4168.718,4166.154,0.0
1774430710.1924,60,4190.256,4329.231,4198.974,4183.077,4190.769,0.0
1774430710.2001,61,4204.615,4349.744,4186.667,4202.564,4219.487,0.0
1774430710.2079,62,4186.667,4311.795,4188.205,4177.949,4189.744,0.0
1774430710.2156,63,4195.897,4281.538,4198.462,4181.538,4181.538,0.0
1774430710.2234,64,4201.538,4313.333,4181.538,4194.872,4199.487,450.0
1774430710.2312,65,4185.641,4315.897,4180.513,4179.487,4184.103,450.0
1774430710.2389,66,4199.487,4294.872,4186.154,4192.308,4184.615,16204.0
1774430710.2467,67,4216.923,4326.667,4183.077,4220.0,4222.564,450.0
1774430710.2544,68,4204.615,4334.359,4197.436,4200.513,4213.846,16179.0
1774430710.2622,69,4197.436,4303.59,4204.615,4170.256,4175.897,450.0
1774430710.2699,70,4201.026,4329.231,4180.513,4175.385,4181.538,16150.0
1774430710.2777,71,4197.949,4360.0,4182.564,4176.923,4193.333,450.0
1774430710.2855,72,4213.333,4328.718,4225.128,4170.769,4193.846,450.0
1774430710.2933,73,4229.744,4320.0,4214.872,4178.974,4209.231,16188.0
1774430710.301,74,4213.333,4356.923,4169.744,4185.128,4219.487,450.0
1774430710.3088,75,4208.205,4345.128,4187.179,4181.026,4207.179,16195.0
1774430710.3165,76,4240.0,4310.256,4213.846,4196.41,4204.103,450.0
1774430710.3243,77,4246.667,4329.744,4191.282,4213.333,4212.821,450.0
1774430710.332,78,4200.513,4345.641,4183.077,4174.359,4188.718,450.0
1774430710.3399,79,4189.744,4312.308,4207.692,4143.077,4168.205,16195.0
1774430710.3476,80,4228.205,4317.436,4205.641,4189.744,4203.077,450.0
1774430710.3554,81,4215.897,4368.718,4176.923,4208.718,4224.103,450.0
1774430710.3631,82,4165.128,4363.077,4164.103,4153.333,4178.974,450.0
1774430710.3708,83,4164.615,4345.641,4154.359,4140.0,4158.462,16195.0
1774430710.3786,84,4184.615,4368.205,4151.282,4169.231,4185.641,450.0
1774430710.3864,85,4184.615,4354.359,4175.385,4168.718,4186.154,450.0
1774430710.3942,86,4184.103,4320.513,4170.769,4163.59,4175.897,450.0
1774430710.402,87,4177.949,4329.744,4134.359,4160.0,4175.897,16195.0
1774430710.4097,88,4196.41,4330.256,4144.615,4154.359,4174.359,450.0
1774430710.4175,89,4229.231,4302.051,4164.103,4172.821,4190.769,450.0
1774430710.4252,90,4215.385,4328.718,4145.641,4190.769,4214.872,450.0
1774430710.433,91,4203.077,4359.487,4156.923,4186.667,4204.615,16195.0
1774430710.4408,92,4223.59,4342.564,4195.897,4190.769,4188.718,450.0
1774430710.4486,93,4215.385,4353.333,4192.308,4192.308,4198.462,450.0
1774430710.4563,94,4183.59,4354.872,4171.795,4160.0,4185.641,450.0
1774430710.464,95,4191.282,4326.154,4185.641,4145.128,4167.692,16195.0
1774430710.4718,96,4200.513,4334.359,4194.359,4158.974,4173.846,450.0
1774430710.4796,97,4173.846,4347.692,4178.462,4152.308,4166.667,450.0
1774430710.4873,98,4169.744,4336.923,4171.282,4153.846,4168.205,450.0
1774430710.4951,99,4185.128,4338.462,4183.077,4170.769,4188.718,16195.0
1774430710.5029,100,4183.59,4342.564,4205.641,4167.179,4186.667,450.0
1774430710.5106,101,4189.231,4339.487,4200.0,4167.179,4186.154,450.0
1774430710.5184,102,4193.333,4337.436,4173.333,4166.667,4196.41,450.0
1774430710.5261,103,4195.897,4311.795,4185.641,4152.821,4193.333,16195.0
1774430710.5339,104,4220.513,4312.308,4189.231,4165.641,4200.0,450.0
1774430710.5416,105,4227.179,4342.051,4158.974,4184.615,4209.231,450.0
1774430710.5495,106,4206.667,4309.744,4162.051,4169.744,4189.744,450.0
1774430710.5572,107,4207.692,4278.462,4184.103,4167.179,4181.538,16195.0
1774430710.565,108,4221.026,4336.41,4182.051,4187.179,4208.205,450.0
1774430710.5727,109,4228.205,4368.718,4195.897,4180.513,4216.923,450.0
1774430710.5805,110,4233.333,4324.103,4226.154,4167.692,4200.513,450.0
1774430710.5882,111,4221.026,4308.718,4201.538,4171.282,4198.974,16195.0
1774430710.596,112,4201.538,4325.128,4156.923,4163.077,4202.564,450.0
1774430710.6038,113,4216.923,4321.026,4173.846,4155.897,4198.462,450.0
1774430710.6116,114,4254.872,4313.846,4186.667,4176.41,4213.333,450.0
1774430710.6193,115,4270.256,4319.487,4154.872,4197.949,4238.462,16195.0
1774430710.6271,116,4267.179,4323.59,4153.333,4189.744,4241.026,450.0
1774430710.6348,117,4275.385,4313.333,4185.128,4170.256,4238.974,450.0
1774430710.6427,118,4294.359,4309.231,4203.077,4170.256,4255.897,450.0
1774430710.6505,119,4311.282,4308.205,4203.59,4188.718,4273.333,16195.0
1774430710.6584,120,4332.308,4290.769,4200.513,4200.0,4278.974,450.0
1774430710.6662,121,4334.359,4285.641,4189.231,4200.513,4274.359,450.0
1774430710.674,122,4298.974,4319.487,4162.051,4184.615,4260.0,450.0
1774430710.6817,123,4286.154,4337.436,4155.897,4160.0,4256.41,16195.0
1774430710.6894,124,4301.026,4316.923,4177.436,4156.41,4250.769,450.0
1774430710.6972,125,4298.462,4301.026,4198.462,4167.692,4233.333,450.0
1774430710.705,126,4305.128,4295.385,4206.667,4173.846,4242.051,450.0
1774430710.7128,127,4318.462,4304.103,4186.154,4177.436,4265.641,242.0
1774430710.7205,0,4312.308,4328.205,4169.231,4185.641,4267.692,450.0
1774430710.7283,1,4311.795,4350.769,4178.462,4184.103,4263.59,450.0
1774430710.736,2,4317.949,4366.154,4179.487,4167.179,4268.205,16199.0
1774430710.7438,3,4312.308,4362.051,4169.231,4160.0,4272.821,450.0
1774430710.7515,4,4316.41,4328.718,4172.821,4168.205,4267.692,16182.0
1774430710.7595,5,4327.179,4306.154,4181.538,4169.231,4254.359,450.0
1774430710.7673,6,4327.692,4310.256,4176.923,4172.308,4252.821,16152.0
1774430710.7751,7,4327.692,4300.513,4169.231,4193.846,4267.692,450.0
1774430710.7829,8,4330.256,4284.615,4172.308,4203.077,4277.436,450.0
1774430710.7907,9,4328.205,4309.231,4165.128,4193.333,4282.051,16188.0
1774430710.7984,10,4318.462,4331.282,4146.667,4182.564,4281.538,450.0
1774430710.8062,11,4312.308,4322.051,4152.308,4180.0,4283.59,16194.0
1774430710.814,12,4311.282,4318.462,4174.359,4184.103,4290.769,450.0
1774430710.8218,13,4308.718,4318.974,4180.513,4180.513,4287.179,450.0
1774430710.8295,14,4313.333,4305.641,4189.231,4168.718,4271.282,450.0
1774430710.8372,15,4318.462,4281.538,4209.231,4158.462,4251.282,16194.0
1774430710.845,16,4322.051,4277.949,4208.718,4166.154,4251.282,0.0
1774430710.8527,17,4328.205,4299.487,4194.359,4189.231,4274.359,0.0
1774430710.8605,18,4333.846,4304.103,4196.41,4197.436,4283.59,0.0
1774430710.8683,19,4330.769,4309.231,4187.179,4184.615,4275.385,0.0
1774430710.8761,20,4321.538,4345.128,4168.205,4176.923,4277.949,0.0
1774430710.8838,21,4318.974,4381.026,4189.231,4181.538,4282.051,0.0
1774430710.8916,22,4314.359,4358.974,4212.821,4165.641,4256.41,0.0
1774430710.8993,23,4302.051,4323.59,4200.0,4145.641,4238.974,0.0
1774430710.9071,24,4310.256,4317.949,4194.359,4162.564,4254.359,0.0
1774430710.9149,25,4326.154,4300.513,4201.538,4169.231,4250.256,0.0
1774430710.9227,26,4327.179,4277.436,4202.051,4153.333,4230.256,0.0
1774430710.9304,27,4341.026,4284.615,4196.41,4174.872,4255.897,0.0
1774430710.9382,28,4358.462,4307.692,4202.564,4205.641,4295.385,0.0
1774430710.9459,29,4353.846,4323.077,4204.615,4201.538,4301.026,0.0
1774430710.9536,30,4351.795,4341.538,4187.692,4200.0,4294.359,0.0
1774430710.9614,31,4358.974,4348.718,4178.974,4207.179,4293.333,0.0
1774430710.9692,32,4351.795,4331.795,4169.744,4191.795,4296.41,0.0
1774430710.977,33,4329.744,4326.154,4142.564,4169.231,4290.769,0.0
1774430710.9847,34,4311.282,4333.333,4134.872,4154.872,4267.179,0.0
1774430710.9925,35,4300.513,4319.487,4145.641,4144.615,4240.513,0.0
1774430711.0002,36,4297.949,4313.333,4149.231,4142.051,4233.846,0.0
1774430711.008,37,4299.487,4325.128,4146.154,4154.872,4238.974,0.0
1774430711.0157,38,4301.538,4302.051,4154.872,4172.308,4240.0,0.0
1774430711.0236,39,4313.333,4293.846,4167.179,4182.564,4256.923,0.0
1774430711.0313,40,4312.821,4337.436,4164.615,4173.846,4271.282,0.0
1774430711.0391,41,4303.59,4346.154,4163.077,4165.641,4268.718,0.0
1774430711.0468,42,4326.667,4298.974,4180.0,4166.667,4269.231,0.0
1774430711.0546,43,4374.872,4285.128,4217.436,4173.333,4288.205,0.0
1774430711.0623,44,4356.41,4300.0,4215.385,4163.59,4277.436,0.0
1774430711.0701,45,4316.923,4309.744,4192.821,4154.359,4252.821,0.0
1774430711.078,46,4403.077,4353.846,4245.128,4223.077,4316.923,0.0
1774430711.0857,47,4467.179,4376.923,4263.077,4278.974,4371.795,0.0
1774430711.0934,48,4355.897,4337.949,4170.769,4198.462,4286.154,0.0
1774430711.1012,49,4263.59,4308.718,4138.462,4120.0,4204.615,0.0
1774430711.1089,50,4306.154,4303.59,4187.692,4158.462,4236.41,0.0
1774430711.1168,51,4324.103,4290.256,4181.538,4182.051,4255.385,0.0
1774430711.1246,52,4286.154,4314.872,4157.949,4155.385,4235.897,0.0
1774430711.1324,53,4288.718,4366.667,4170.256,4167.692,4256.923,0.0
1774430711.1402,54,4303.077,4356.41,4169.231,4178.974,4275.385,0.0
1774430711.148,55,4304.615,4321.538,4175.385,4172.308,4266.667,0.0
1774430711.1557,56,4300.0,4314.359,4194.872,4172.308,4251.795,0.0
1774430711.1634,57,4308.718,4304.615,4189.744,4175.385,4252.821,0.0
1774430711.1712,58,4329.231,4274.359,4162.051,4181.538,4267.179,0.0
1774430711.179,59,4334.359,4261.538,4158.462,4178.974,4269.744,0.0
1774430711.1868,60,4312.821,4301.026,4156.41,4165.641,4258.974,0.0
1774430711.1945,61,4271.282,4341.538,4130.769,4157.949,4247.692,0.0
1774430711.2023,62,4263.077,4330.769,4144.615,4174.872,4245.128,0.0
1774430711.21,63,4289.744,4292.821,4198.974,4187.179,4237.949,0.0
1774430711.2178,64,4290.769,4283.59,4215.897,4167.179,4225.128,450.0
1774430711.2255,65,4275.385,4327.179,4197.436,4163.077,4234.359,450.0
1774430711.2333,66,4279.487,4368.718,4197.949,4189.231,4263.077,16190.0
1774430711.2411,67,4290.256,4351.795,4210.256,4196.41,4274.872,450.0
1774430711.2489,68,4289.231,4309.744,4195.897,4172.821,4249.744,16164.0
1774430711.2566,69,4288.718,4307.692,4178.974,4174.872,4240.0,450.0
1774430711.2644,70,4291.795,4340.513,4176.923,4203.077,4267.179,16141.0
1774430711.2721,71,4279.487,4352.308,4166.154,4188.718,4272.308,450.0
1774430711.2799,72,4265.128,4337.949,4165.128,4161.026,4244.615,450.0
1774430711.2877,73,4270.256,4318.462,4181.538,4173.333,4232.821,16170.0
1774430711.2955,74,4284.103,4297.436,4175.897,4188.205,4243.59,450.0
1774430711.3032,75,4283.077,4295.897,4158.974,4183.59,4249.231,16172.0
1774430711.311,76,4262.564,4326.154,4167.179,4182.564,4238.974,450.0
1774430711.3187,77,4247.179,4350.256,4195.897,4178.462,4228.718,450.0
1774430711.3265,78,4258.462,4327.179,4205.128,4159.487,4222.051,450.0
1774430711.3342,79,4276.41,4309.231,4195.385,4153.333,4215.897,16172.0
1774430711.3421,80,4273.846,4344.103,4193.333,4178.462,4232.821,450.0
1774430711.3498,81,4260.0,4368.718,4193.333,4187.179,4258.462,450.0
1774430711.3576,82,4260.513,4353.333,4192.308,4157.436,4248.718,450.0
1774430711.3653,83,4284.103,4337.949,4197.436,4160.0,4237.436,16172.0
1774430711.3731,84,4299.487,4325.128,4191.795,4211.795,4257.949,450.0
1774430711.3808,85,4294.872,4327.179,4174.872,4232.308,4275.897,450.0
1774430711.3885,86,4282.051,4358.974,4176.41,4201.538,4268.718,450.0
1774430711.3964,87,4270.769,4373.846,4202.564,4178.462,4254.359,16172.0
1774430711.4042,88,4277.436,4352.308,4215.385,4178.974,4246.154,450.0
1774430711.4119,89,4288.205,4314.359,4201.538,4171.282,4233.333,450.0
1774430711.4196,90,4285.641,4297.436,4189.744,4166.667,4230.256,450.0
1774430711.4274,91,4286.667,4350.256,4188.205,4186.154,4256.41,16172.0
1774430711.4351,92,4286.667,4384.615,4188.205,4186.154,4260.0,450.0
1774430711.4429,93,4264.615,4324.615,4187.692,4158.974,4221.538,450.0
1774430711.4507,94,4256.41,4271.282,4187.692,4158.462,4202.051,450.0
1774430711.4585,95,4268.205,4295.385,4188.205,4185.128,4217.436,16172.0
1774430711.4662,96,4251.795,4337.949,4181.538,4184.615,4226.667,450.0
1774430711.474,97,4231.795,4342.564,4187.179,4160.0,4220.0,450.0
1774430711.4817,98,4250.769,4313.333,4204.103,4156.41,4215.385,450.0
1774430711.4895,99,4271.795,4287.692,4201.026,4171.282,4216.41,16172.0
1774430711.4972,100,4271.282,4317.436,4204.103,4181.538,4230.769,450.0
1774430711.5051,101,4261.026,4364.615,4209.231,4174.872,4236.41,450.0
1774430711.5128,102,4241.026,4352.821,4189.231,4151.282,4212.308,450.0
1774430711.5206,103,4251.282,4323.077,4184.615,4146.667,4205.128,16172.0
1774430711.5283,104,4290.256,4328.205,4192.308,4167.692,4222.051,450.0
1774430711.5361,105,4287.179,4333.333,4179.487,4172.821,4218.974,450.0
1774430711.5438,106,4254.359,4333.333,4168.718,4160.0,4211.282,450.0
1774430711.5515,107,4241.538,4336.41,4183.59,4150.256,4210.256,16172.0
1774430711.5594,108,4239.487,4312.821,4193.846,4141.538,4194.872,450.0
1774430711.5671,109,4250.256,4305.128,4180.0,4149.231,4198.974,450.0
1774430711.5749,110,4275.385,4356.41,4182.564,4178.974,4233.333,450.0
1774430711.5826,111,4276.41,4378.462,4215.385,4184.103,4236.41,16172.0
1774430711.5904,112,4256.923,4313.846,4234.359,4154.359,4206.667,450.0
1774430711.5981,113,4257.949,4266.667,4212.308,4138.974,4200.513,450.0
1774430711.606,114,4264.103,4302.051,4166.667,4147.179,4218.974,450.0
1774430711.6137,115,4256.41,4358.462,4155.385,4158.974,4231.795,16172.0
1774430711.6215,116,4255.897,4352.308,4178.974,4155.385,4222.051,450.0
1774430711.6292,117,4262.051,4303.59,4172.821,4142.051,4199.487,450.0
1774430711.637,118,4263.59,4307.179,4155.897,4150.256,4208.718,450.0
1774430711.6447,119,4245.128,4349.231,4178.974,4152.821,4225.128,16172.0
1774430711.6525,120,4212.308,4336.41,4209.231,4127.179,4200.0,450.0
1774430711.6603,121,4220.513,4307.692,4204.615,4133.333,4190.256,450.0
1774430711.6681,122,4238.462,4348.205,4184.103,4157.949,4213.846,450.0
1774430711.6758,123,4220.0,4374.872,4188.205,4140.0,4212.821,16172.0
1774430711.6836,124,4234.359,4330.256,4202.564,4141.538,4210.769,450.0
1774430711.6913,125,4268.718,4307.692,4183.077,4173.333,4233.333,450.0
1774430711.6991,126,4257.949,4331.795,4158.462,4160.513,4239.487,450.0
1774430711.7069,127,4253.846,4328.205,4170.769,4139.487,4222.564,242.0
1774430711.7149,0,4282.051,4310.256,4182.051,4156.41,4218.974,450.0
1774430711.7227,1,4283.59,4332.821,4160.0,4178.462,4235.897,450.0
1774430711.7306,2,4265.128,4367.692,4151.795,4182.051,4245.641,16205.0
1774430711.7384,3,4264.615,4372.308,4182.564,4168.718,4232.821,450.0
1774430711.7463,4,4267.179,4321.538,4207.692,4146.667,4205.641,16182.0
1774430711.7541,5,4258.462,4289.744,4214.359,4143.59,4194.359,450.0
1774430711.762,6,4251.795,4333.846,4206.667,4157.436,4210.256,16149.0
1774430711.7699,7,4252.308,4356.41,4191.795,4155.897,4223.077,450.0
1774430711.7778,8,4256.923,4323.59,4194.872,4155.897,4220.0,450.0
1774430711.7856,9,4270.769,4308.205,4188.718,4172.821,4222.051,16183.0
1774430711.7935,10,4288.205,4313.846,4163.077,4175.897,4232.308,450.0
1774430711.8013,11,4295.385,4328.718,4163.59,4172.308,4243.59,16187.0
1774430711.8092,12,4288.718,4371.282,4183.59,4189.744,4261.538,450.0
1774430711.817,13,4280.0,4391.795,4189.744,4197.949,4265.128,450.0
1774430711.825,14,4275.385,4358.974,4205.128,4173.846,4230.256,450.0
1774430711.8328,15,4274.872,4317.436,4235.385,4152.308,4198.462,16187.0
1774430711.8407,16,4267.692,4308.205,4229.231,4148.718,4200.0,0.0
1774430711.8486,17,4248.718,4336.41,4188.718,4151.795,4208.205,0.0
1774430711.8564,18,4245.641,4358.462,4181.538,4156.923,4217.436,0.0
1774430711.8642,19,4258.974,4341.538,4206.667,4160.0,4224.615,0.0
1774430711.8722,20,4274.872,4304.615,4214.872,4168.718,4214.359,0.0
1774430711.88,21,4288.718,4296.923,4204.615,4185.128,4213.846,0.0
1774430711.8879,22,4285.128,4333.846,4186.667,4180.513,4234.872,0.0
1774430711.8957,23,4278.974,4361.538,4176.923,4169.744,4246.667,0.0
1774430711.9036,24,4276.923,4350.769,4177.949,4167.692,4231.795,0.0
1774430711.9114,25,4263.59,4340.513,4175.385,4149.231,4207.179,0.0
1774430711.9193,26,4267.179,4336.41,4180.0,4146.667,4207.692,0.0
1774430711.9272,27,4290.256,4323.59,4184.615,4179.487,4226.667,0.0
1774430711.9351,28,4285.641,4334.872,4195.897,4184.615,4230.769,0.0
1774430711.9429,29,4252.821,4373.846,4220.513,4154.872,4215.385,0.0
1774430711.9508,30,4226.154,4368.205,4238.974,4135.897,4189.744,0.0
1774430711.9587,31,4234.359,4324.103,4246.667,4142.564,4180.513,0.0
1774430711.9665,32,4256.41,4342.051,4227.179,4160.0,4196.923,0.0
1774430711.9743,33,4247.692,4390.769,4197.949,4162.051,4205.128,0.0
1774430711.9823,34,4245.641,4370.256,4204.615,4162.051,4209.744,0.0
1774430711.9902,35,4274.359,4317.949,4218.974,4173.846,4220.0,0.0
1774430711.998,36,4280.0,4324.103,4206.667,4177.949,4217.436,0.0
1774430712.0059,37,4264.103,4373.846,4196.923,4176.41,4222.051,0.0
1774430712.0137,38,4267.692,4389.231,4205.128,4185.641,4253.846,0.0
1774430712.0216,39,4276.923,4374.359,4218.462,4183.59,4262.564,0.0
1774430712.0294,40,4266.154,4349.231,4235.385,4148.718,4220.513,0.0
1774430712.0374,41,4256.923,4327.692,4241.026,4134.359,4197.949,0.0
1774430712.0452,42,4261.026,4333.846,4213.333,4166.154,4220.0,0.0
1774430712.0531,43,4244.615,4348.205,4176.923,4175.385,4221.026,0.0
1774430712.0609,44,4228.718,4355.897,4181.538,4149.231,4198.462,0.0
1774430712.0688,45,4260.513,4346.154,4214.359,4149.744,4196.41,0.0
1774430712.0766,46,4291.282,4327.179,4228.205,4179.487,4216.923,0.0
1774430712.0845,47,4281.538,4331.795,4209.744,4196.41,4244.615,0.0
1774430712.0924,48,4260.0,4367.179,4186.667,4187.692,4252.308,0.0
1774430712.1003,49,4251.795,4390.256,4188.205,4170.256,4229.744,0.0
1774430712.1081,50,4255.385,4353.333,4204.615,4155.385,4203.59,0.0
1774430712.116,51,4255.385,4322.051,4210.769,4147.179,4195.897,0.0
1774430712.1239,52,4249.231,4357.436,4200.0,4153.333,4207.692,0.0
1774430712.1317,53,4251.282,4401.026,4189.231,4160.513,4226.154,0.0
1774430712.1396,54,4246.667,4394.872,4190.256,4144.615,4215.897,0.0
1774430712.1475,55,4238.974,4354.872,4196.41,4133.846,4186.154,0.0
1774430712.1554,56,4253.333,4330.769,4195.897,4153.333,4188.718,0.0
1774430712.1632,57,4257.436,4346.667,4181.538,4168.205,4215.385,0.0
1774430712.1711,58,4228.718,4386.667,4161.538,4146.154,4213.333,0.0
1774430712.1789,59,4217.949,4391.795,4158.462,4121.026,4188.205,0.0
1774430712.1868,60,4251.282,4357.949,4172.821,4141.026,4190.256,0.0
1774430712.1946,61,4287.179,4353.846,4177.949,4177.436,4220.513,0.0
1774430712.2026,62,4285.128,4390.256,4166.154,4173.846,4234.359,0.0
1774430712.2104,63,4248.205,4401.026,4152.308,4153.333,4214.359,0.0
1774430712.2183,64,4226.154,4370.769,4157.436,4145.128,4189.231,450.0
1774430712.2261,65,4246.154,4355.385,4172.821,4140.0,4184.615,450.0
1774430712.234,66,4256.41,4367.692,4171.795,4144.615,4195.897,16197.0
1774430712.2418,67,4227.179,4366.154,4155.385,4143.59,4193.846,450.0
1774430712.2498,68,4204.615,4344.103,4155.385,4120.513,4162.564,16175.0
1774430712.2576,69,4218.974,4329.744,4185.641,4121.026,4150.256,450.0
1774430712.2655,70,4236.41,4340.513,4186.667,4150.769,4184.615,16166.0
1774430712.2733,71,4222.051,4359.487,4150.256,4151.795,4207.692,450.0
1774430712.2812,72,4212.821,4355.385,4154.359,4127.179,4188.718,450.0
1774430712.2891,73,4232.308,4326.154,4166.667,4118.462,4170.769,16172.0
1774430712.2969,74,4243.59,4319.487,4141.026,4127.692,4175.385,450.0
1774430712.3049,75,4229.231,4348.718,4133.846,4129.231,4187.179,16188.0
1774430712.3127,76,4215.897,4343.077,4159.487,4114.359,4178.974,450.0
1774430712.3206,77,4220.513,4306.667,4168.718,4111.795,4161.538,450.0
1774430712.3284,78,4210.256,4328.718,4150.769,4124.103,4168.205,450.0
1774430712.3363,79,4183.59,4358.974,4147.692,4125.128,4167.692,16188.0
1774430712.3441,80,4194.359,4330.256,4163.077,4131.795,4151.795,450.0
1774430712.352,81,4217.949,4321.026,4146.667,4146.154,4157.436,450.0
1774430712.3599,82,4207.692,4343.59,4123.077,4142.051,4172.821,450.0
1774430712.3678,83,4202.564,4317.949,4137.949,4142.564,4167.179,16188.0
1774430712.3756,84,4218.974,4292.308,4146.667,4153.333,4164.615,450.0
1774430712.3835,85,4217.949,4330.769,4136.41,4149.744,4181.538,450.0
1774430712.3913,86,4209.744,4343.077,4162.051,4144.103,4178.462,450.0
1774430712.3992,87,4218.974,4316.923,4209.231,4145.128,4162.051,16188.0
1774430712.407,88,4221.538,4340.513,4193.846,4151.795,4171.282,450.0
1774430712.415,89,4203.59,4372.821,4152.308,4145.128,4180.513,450.0
1774430712.4228,90,4200.513,4353.333,4176.41,4124.615,4166.154,450.0
1774430712.4307,91,4224.103,4325.128,4202.564,4124.615,4164.615,16188.0
1774430712.4386,92,4234.359,4333.333,4167.179,4147.179,4185.128,450.0
1774430712.4465,93,4218.974,4341.026,4149.744,4147.179,4175.385,450.0
1774430712.4543,94,4204.615,4301.026,4166.154,4122.051,4136.41,450.0
1774430712.4622,95,4214.359,4277.436,4150.769,4131.795,4149.231,16188.0
1774430712.4701,96,4221.538,4324.103,4132.821,4156.923,4188.205,450.0
1774430712.478,97,4208.205,4352.821,4156.41,4141.538,4165.641,450.0
1774430712.4858,98,4216.41,4336.923,4165.128,4135.385,4148.205,450.0
1774430712.4937,99,4234.872,4356.41,4137.949,4155.385,4196.41,16188.0
1774430712.5016,100,4224.615,4378.974,4134.872,4146.154,4214.872,450.0
1774430712.5094,101,4225.128,4350.256,4148.718,4136.41,4176.923,450.0
1774430712.5173,102,4233.333,4337.949,4138.974,4144.103,4156.923,450.0
1774430712.5252,103,4194.359,4335.385,4132.308,4116.923,4138.462,16188.0
1774430712.5331,104,4166.667,4308.205,4136.41,4102.564,4124.103,450.0
1774430712.5409,105,4198.462,4326.154,4134.872,4145.128,4157.436,450.0
1774430712.5488,106,4208.205,4347.179,4119.487,4149.744,4162.051,450.0
1774430712.5566,107,4199.487,4326.154,4114.872,4134.359,4142.051,16188.0
1774430712.5645,108,4212.308,4340.513,4106.154,4163.59,4166.667,450.0
1774430712.5725,109,4136.923,4317.949,4008.718,4101.538,4110.769,450.0
1774430712.5803,110,4051.282,4229.744,3939.487,3994.872,4017.436,450.0
1774430712.5882,111,4136.923,4248.718,4030.769,4051.282,4093.333,16188.0
1774430712.596,112,4242.051,4363.59,4130.256,4161.538,4211.795,450.0
1774430712.6039,113,4223.077,4387.179,4133.846,4153.846,4201.026,450.0
1774430712.6117,114,4214.872,4341.026,4143.59,4129.231,4168.718,450.0
1774430712.6196,115,4240.513,4328.718,4163.59,4147.179,4172.821,16188.0
1774430712.6276,116,4203.59,4339.487,4136.923,4139.487,4160.0,450.0
1774430712.6354,117,4181.026,4337.436,4135.385,4125.641,4152.821,450.0
1774430712.6432,118,4215.385,4320.513,4144.103,4137.436,4158.974,450.0
1774430712.651,119,4208.205,4333.846,4101.538,4141.538,4161.538,16188.0
1774430712.6589,120,4187.179,4354.872,4086.667,4132.821,4167.179,450.0
1774430712.6668,121,4190.142,4354.644,4093.903,4133.333,4168.262,450.0
1774430712.6746,122,4193.105,4354.416,4101.14,4133.846,4169.345,450.0
1774430712.6825,123,4196.068,4354.188,4108.376,4134.359,4170.427,450.0
1774430712.6903,124,4199.031,4353.96,4115.613,4134.872,4171.51,450.0
1774430712.6981,125,4201.994,4353.732,4122.849,4135.385,4172.593,450.0
1774430712.7059,126,4204.957,4353.504,4130.085,4135.897,4173.675,450.0
1774430712.7137,127,4207.92,4353.276,4137.322,4136.41,4174.758,450.0
1774430712.7215,0,4210.883,4353.048,4144.558,4136.923,4175.84,450.0
1774430712.7294,1,4213.846,4352.821,4151.795,4137.436,4176.923,450.0
1774430712.7372,2,4203.077,4352.308,4141.026,4117.436,4160.513,16201.0
1774430712.7449,3,4226.154,4345.641,4137.436,4142.051,4167.692,450.0
1774430712.7527,4,4224.615,4373.846,4099.487,4152.308,4190.769,16180.0
1774430712.7604,5,4213.846,4409.744,4091.282,4138.974,4196.923,450.0
1774430712.7682,6,4236.41,4374.359,4105.128,4152.821,4192.308,16157.0
1774430712.7759,7,4251.795,4350.256,4097.436,4170.256,4199.487,450.0
1774430712.7838,8,4228.718,4405.128,4107.179,4147.692,4202.051,450.0
1774430712.7915,9,4211.282,4412.308,4140.513,4122.051,4173.846,16179.0
1774430712.7992,10,4219.487,4353.333,4152.821,4134.359,4158.462,450.0
1774430712.807,11,4214.872,4361.538,4140.513,4148.718,4190.256,16198.0
1774430712.8147,12,4195.897,4397.949,4142.564,4132.821,4202.051,450.0
1774430712.8225,13,4197.949,4368.205,4156.41,4120.513,4169.231,450.0
1774430712.8302,14,4197.949,4331.795,4117.436,4127.179,4158.462,450.0
1774430712.8381,15,4185.641,4342.564,4076.923,4122.564,4182.564,16198.0
1774430712.8459,16,4208.718,4351.282,4110.769,4124.103,4194.359,0.0
1774430712.8536,17,4242.564,4339.487,4134.872,4146.154,4186.667,0.0
1774430712.8614,18,4236.923,4340.513,4098.974,4147.692,4188.205,0.0
1774430712.8691,19,4217.949,4360.0,4102.564,4128.718,4197.949,0.0
1774430712.8769,20,4218.974,4358.974,4152.821,4124.103,4194.872,0.0
1774430712.8846,21,4225.641,4349.744,4152.308,4138.974,4197.436,0.0
1774430712.8925,22,4226.154,4386.667,4116.41,4153.846,4225.641,0.0
1774430712.9002,23,4223.59,4415.897,4116.41,4145.641,4234.872,0.0
1774430712.9079,24,4229.231,4374.872,4145.128,4131.282,4207.692,0.0
1774430712.9157,25,4244.103,4342.564,4157.436,4145.641,4196.41,0.0
1774430712.9234,26,4242.051,4374.872,4148.205,4163.59,4212.821,0.0
1774430712.9312,27,4222.051,4395.897,4151.795,4146.154,4211.282,0.0
1774430712.9389,28,4214.359,4369.231,4167.692,4130.256,4200.0,0.0
1774430712.9468,29,4228.718,4363.59,4134.872,4150.769,4219.487,0.0
1774430712.9545,30,4221.026,4386.667,4079.487,4157.436,4230.256,0.0
1774430712.9623,31,4198.974,4380.513,4096.41,4133.846,4203.59,0.0
1774430712.97,32,4216.41,4353.846,4120.0,4139.487,4196.41,0.0
1774430712.9778,33,4229.744,4355.897,4097.949,4156.41,4202.564,0.0
1774430712.9855,34,4204.615,4364.103,4117.436,4140.0,4183.59,0.0
1774430712.9933,35,4214.359,4345.128,4164.615,4137.436,4179.487,0.0
1774430713.0011,36,4253.333,4363.077,4166.154,4167.179,4211.795,0.0
1774430713.0089,37,4230.256,4398.974,4149.744,4154.359,4206.154,0.0
1774430713.0166,38,4188.718,4364.103,4151.795,4112.308,4165.128,0.0
1774430713.0244,39,4207.692,4343.59,4140.0,4120.0,4176.41,0.0
1774430713.0321,40,4223.077,4404.615,4127.179,4144.615,4208.205,0.0
1774430713.0399,41,4203.077,4410.769,4133.846,4140.0,4195.897,0.0
1774430713.0476,42,4208.205,4359.487,4112.821,4141.026,4191.795,0.0
1774430713.0555,43,4220.0,4378.974,4077.436,4143.077,4211.282,0.0
1774430713.0632,44,4204.615,4384.615,4083.59,4123.59,4194.359,0.0
1774430713.071,45,4203.077,4332.308,4105.641,4117.949,4168.718,0.0
1774430713.0787,46,4214.872,4336.923,4106.667,4126.154,4182.564,0.0
1774430713.0864,47,4205.128,4337.436,4114.872,4110.769,4180.0,0.0
1774430713.0942,48,4194.872,4288.718,4133.846,4101.026,4158.462,0.0
1774430713.1019,49,4193.333,4317.436,4131.282,4119.487,4174.359,0.0
1774430713.1098,50,4184.103,4363.59,4124.103,4123.077,4188.205,0.0
1774430713.1175,51,4193.846,4328.718,4135.385,4120.513,4184.103,0.0
1774430713.1253,52,4213.333,4329.744,4130.769,4134.872,4192.308,0.0
1774430713.133,53,4195.385,4353.333,4106.667,4124.615,4183.59,0.0
1774430713.1408,54,4190.769,4329.744,4105.128,4115.897,4173.333,0.0
1774430713.1485,55,4205.128,4332.308,4101.026,4131.795,4189.744,0.0
1774430713.1563,56,4190.256,4350.769,4084.615,4128.205,4193.846,0.0
1774430713.1641,57,4190.256,4350.256,4074.359,4128.718,4194.359,0.0
1774430713.1719,58,4209.744,4373.846,4070.256,4145.128,4209.231,0.0
1774430713.1796,59,4202.564,4376.41,4094.872,4127.692,4200.513,0.0
1774430713.1874,60,4195.897,4332.308,4121.026,4120.513,4187.692,0.0
1774430713.1951,61,4194.872,4330.256,4120.513,4142.051,4185.128,0.0
1774430713.2029,62,4182.051,4340.513,4147.179,4134.872,4164.615,0.0
1774430713.2107,63,4200.0,4310.769,4181.026,4133.333,4157.949,0.0
1774430713.2184,64,4226.154,4313.333,4153.846,4154.359,4182.564,450.0
1774430713.2262,65,4207.692,4336.41,4126.154,4146.667,4190.769,450.0
1774430713.2339,66,4196.923,4325.641,4139.487,4132.821,4179.487,16205.0
1774430713.2417,67,4228.205,4329.231,4123.077,4144.103,4194.359,450.0
1774430713.2495,68,4233.846,4356.923,4074.872,4144.103,4215.897,16179.0
1774430713.2572,69,4212.821,4363.077,4085.128,4142.051,4217.436,450.0
1774430713.265,70,4215.897,4340.513,4113.333,4153.846,4203.077,16148.0
1774430713.2728,71,4215.897,4317.949,4092.821,4147.179,4188.205,450.0
1774430713.2806,72,4210.256,4338.974,4106.667,4140.513,4202.051,450.0
1774430713.2883,73,4220.513,4366.667,4169.744,4141.538,4211.795,16188.0
1774430713.296,74,4217.436,4341.538,4176.923,4126.154,4184.103,450.0
1774430713.3038,75,4191.795,4328.205,4136.41,4105.128,4166.154,16193.0
1774430713.3115,76,4184.615,4344.615,4137.949,4096.923,4167.692,450.0
1774430713.3194,77,4213.333,4330.256,4168.718,4119.487,4175.385,450.0
1774430713.3271,78,4233.846,4335.897,4142.564,4147.692,4201.538,450.0
1774430713.3348,79,4215.897,4368.718,4108.718,4137.949,4213.333,16193.0
1774430713.3426,80,4203.077,4343.59,4129.744,4123.59,4196.923,450.0
1774430713.3504,81,4228.718,4314.872,4127.692,4144.103,4206.667,450.0
1774430713.3581,82,4237.949,4352.308,4091.282,4151.795,4220.0,450.0
1774430713.3658,83,4212.308,4355.385,4111.795,4138.462,4190.769,16193.0
1774430713.3737,84,4212.821,4304.103,4149.231,4146.667,4179.487,450.0
1774430713.3815,85,4224.103,4313.333,4131.282,4152.308,4206.667,450.0
1774430713.3892,86,4197.949,4340.513,4124.103,4129.231,4204.103,450.0
1774430713.397,87,4179.487,4309.231,4149.231,4121.538,4185.128,16193.0
1774430713.4047,88,4193.846,4306.154,4144.103,4133.846,4195.385,450.0
1774430713.4125,89,4191.282,4337.436,4131.795,4130.256,4195.385,450.0
1774430713.4202,90,4181.538,4335.897,4132.308,4131.282,4185.641,450.0
1774430713.4281,91,4190.256,4346.667,4120.513,4138.462,4198.462,16193.0
1774430713.4358,92,4195.385,4374.872,4120.0,4127.179,4206.667,450.0
1774430713.4435,93,4198.462,4374.872,4110.256,4134.359,4206.667,450.0
1774430713.4513,94,4190.256,4361.538,4081.026,4151.795,4207.692,450.0
1774430713.4591,95,4181.538,4350.769,4100.513,4147.179,4191.795,16193.0
1774430713.4668,96,4190.256,4349.231,4115.897,4148.718,4181.538,450.0
1774430713.4745,97,4189.231,4358.974,4094.872,4157.949,4195.897,450.0
1774430713.4824,98,4191.795,4343.077,4111.795,4155.897,4192.308,450.0
1774430713.4901,99,4205.641,4326.154,4131.282,4156.41,4171.282,16193.0
1774430713.4979,100,4192.821,4352.308,4117.436,4154.359,4178.974,450.0
1774430713.5056,101,4180.513,4348.205,4123.59,4138.974,4187.179,450.0
1774430713.5134,102,4197.949,4315.897,4138.462,4138.974,4180.513,450.0
1774430713.5211,103,4201.026,4338.974,4135.385,4146.154,4194.872,16193.0
1774430713.5288,104,4188.718,4357.436,4151.282,4136.41,4202.564,450.0
1774430713.5367,105,4206.667,4316.923,4167.692,4140.0,4193.846,450.0
1774430713.5445,106,4220.513,4314.872,4133.333,4157.949,4206.667,450.0
1774430713.5522,107,4204.615,4353.846,4101.538,4152.308,4214.359,16193.0
1774430713.56,108,4213.333,4346.154,4122.051,4146.667,4193.846,450.0
1774430713.5677,109,4228.205,4334.872,4128.205,4163.59,4188.718,450.0
1774430713.5755,110,4190.256,4343.077,4100.0,4146.154,4186.667,450.0
1774430713.5832,111,4170.769,4321.538,4108.205,4125.128,4173.846,16193.0
1774430713.5911,112,4203.59,4314.872,4136.923,4155.897,4185.641,450.0
1774430713.5988,113,4200.0,4343.59,4141.026,4163.59,4190.256,450.0
1774430713.6066,114,4168.205,4329.744,4137.436,4132.821,4165.641,450.0
1774430713.6143,115,4182.051,4306.667,4143.59,4133.333,4170.256,16193.0
1774430713.622,116,4197.436,4331.282,4149.231,4142.051,4185.128,450.0
1774430713.6297,117,4187.692,4340.0,4150.256,4126.154,4170.256,450.0
1774430713.6375,118,4201.026,4333.333,4127.179,4143.59,4186.667,450.0
1774430713.6453,119,4202.051,4347.179,4093.333,4165.641,4210.769,16193.0
1774430713.6531,120,4185.641,4357.436,4100.513,4149.744,4197.436,450.0
1774430713.6608,121,4193.846,4363.59,4105.128,4152.308,4201.538,450.0
1774430713.6686,122,4189.744,4364.615,4090.256,4161.538,4211.795,450.0
1774430713.6763,123,4169.744,4349.744,4114.872,4146.667,4185.128,16193.0
1774430713.6841,124,4168.205,4358.974,4125.641,4141.538,4169.744,450.0
1774430713.6918,125,4173.333,4372.308,4108.718,4149.744,4180.0,450.0
1774430713.6997,126,4190.769,4341.026,4125.641,4157.949,4185.641,450.0
1774430713.7074,127,4203.077,4331.795,4127.692,4158.462,4190.769,242.0
1774430713.7152,0,4183.59,4372.821,4099.487,4153.846,4198.462,450.0
1774430713.7229,1,4192.308,4371.282,4106.667,4155.385,4198.462,450.0
1774430713.7306,2,4227.692,4340.0,4126.667,4157.436,4193.846,16202.0
1774430713.7384,3,4221.538,4352.821,4122.051,4156.923,4203.077,450.0
1774430713.7461,4,4207.692,4356.923,4135.897,4157.436,4215.385,16172.0
1774430713.754,5,4226.154,4331.795,4165.128,4150.769,4212.308,450.0
1774430713.7618,6,4241.538,4341.538,4152.821,4148.718,4222.564,16155.0
1774430713.7695,7,4232.308,4369.231,4130.256,4153.333,4238.462,450.0
1774430713.7772,8,4215.897,4353.846,4149.231,4140.0,4212.821,450.0
1774430713.785,9,4223.59,4317.436,4153.846,4130.256,4182.564,16182.0
1774430713.7928,10,4253.333,4317.436,4127.179,4152.821,4204.615,450.0
1774430713.8006,11,4250.256,4360.513,4119.487,4156.41,4228.205,16193.0
1774430713.8083,12,4216.923,4358.974,4126.154,4126.667,4201.538,450.0
1774430713.8161,13,4210.769,4298.462,4118.462,4118.974,4178.974,450.0
1774430713.8238,14,4232.308,4315.897,4108.718,4147.692,4207.692,450.0
1774430713.8316,15,4242.051,4382.564,4127.179,4165.128,4236.41,16193.0
1774430713.8393,16,4238.462,4356.923,4152.308,4148.718,4214.359,0.0
1774430713.8471,17,4239.487,4305.128,4148.718,4143.077,4193.333,0.0
1774430713.8549,18,4237.436,4339.487,4138.974,4163.59,4211.795,0.0
1774430713.8626,19,4223.59,4355.385,4156.41,4161.538,4207.179,0.0
1774430713.8704,20,4220.0,4305.641,4173.333,4136.41,4181.538,0.0
1774430713.8781,21,4217.436,4323.077,4148.205,4135.897,4190.769,0.0
1774430713.8859,22,4196.41,4357.949,4121.026,4131.795,4196.923,0.0
1774430713.8936,23,4203.077,4318.974,4132.821,4123.077,4184.103,0.0
1774430713.9014,24,4230.256,4315.897,4117.949,4135.385,4192.821,0.0
1774430713.9092,25,4209.744,4363.59,4082.051,4127.692,4194.359,0.0
1774430713.917,26,4197.949,4352.821,4117.436,4115.897,4185.128,0.0
1774430713.9247,27,4231.282,4321.538,4164.615,4150.769,4202.051,0.0
1774430713.9326,28,4235.897,4336.923,4148.718,4173.846,4219.487,0.0
1774430713.9404,29,4214.359,4333.333,4155.385,4142.051,4205.128,0.0
1774430713.9483,30,4222.564,4286.154,4193.333,4129.231,4186.667,0.0
1774430713.9561,31,4238.462,4282.564,4178.974,4156.923,4201.538,0.0
1774430713.964,32,4228.718,4333.846,4156.41,4161.538,4222.564,0.0
1774430713.9717,33,4213.846,4356.923,4178.974,4142.051,4211.282,0.0
1774430713.9795,34,4220.0,4334.872,4179.487,4152.308,4201.026,0.0
1774430713.9872,35,4238.974,4333.846,4134.872,4174.359,4226.667,0.0
1774430713.995,36,4231.795,4360.0,4113.846,4160.513,4237.949,0.0
1774430714.0027,37,4213.333,4334.872,4126.667,4135.897,4201.026,0.0
1774430714.0106,38,4221.026,4294.359,4127.692,4139.487,4188.718,0.0
1774430714.0185,39,4229.744,4324.103,4112.821,4151.282,4224.103,0.0
1774430714.0263,40,4205.128,4342.564,4115.897,4132.821,4218.462,0.0
1774430714.034,41,4188.718,4294.359,4153.333,4115.385,4179.487,0.0
1774430714.0417,42,4203.59,4291.795,4164.103,4148.205,4191.795,0.0
1774430714.0495,43,4205.128,4345.128,4151.795,4171.282,4212.821,0.0
1774430714.0572,44,4197.436,4324.615,4173.846,4142.051,4182.564,0.0
1774430714.065,45,4211.282,4273.846,4187.179,4137.436,4167.179,0.0
1774430714.0728,46,4230.256,4306.667,4162.051,4178.974,4206.154,0.0
1774430714.0807,47,4230.769,4353.846,4148.718,4170.256,4220.0,0.0
1774430714.0885,48,4220.513,4329.231,4151.795,4126.154,4186.667,0.0
1774430714.0963,49,4213.333,4302.564,4129.231,4136.923,4184.615,0.0
1774430714.104,50,4198.974,4341.026,4110.769,4149.744,4206.667,0.0
1774430714.1118,51,4194.359,4366.667,4142.051,4129.744,4199.487,0.0
1774430714.1195,52,4217.949,4338.974,4172.308,4155.385,4200.513,0.0
1774430714.1274,53,4215.897,4333.333,4165.128,4178.974,4215.385,0.0
1774430714.1351,54,4186.154,4354.359,4180.513,4137.436,4198.974,0.0
1774430714.1429,55,4202.051,4325.641,4206.154,4133.846,4181.538,0.0
1774430714.1506,56,4221.538,4280.0,4187.692,4175.385,4189.231,0.0
1774430714.1584,57,4196.923,4305.128,4174.359,4158.974,4185.641,0.0
1774430714.1661,58,4192.308,4336.41,4190.769,4133.846,4172.308,0.0
1774430714.174,59,4208.718,4318.974,4180.0,4157.436,4177.949,0.0
1774430714.1817,60,4188.718,4315.385,4152.821,4153.333,4180.513,0.0
1774430714.1895,61,4181.026,4332.821,4167.179,4120.513,4174.872,0.0
1774430714.1972,62,4218.462,4335.897,4178.462,4139.487,4202.051,0.0
1774430714.2051,63,4217.436,4339.487,4145.128,4163.077,4227.179,0.0
1774430714.2129,64,4189.231,4344.615,4146.667,4143.59,4207.692,450.0
1774430714.2208,65,4208.718,4329.231,4170.769,4148.205,4195.897,450.0
1774430714.2288,66,4224.103,4321.026,4164.103,4172.821,4211.795,16210.0
1774430714.2366,67,4205.128,4326.154,4179.487,4156.41,4206.667,450.0
1774430714.2445,68,4209.231,4311.795,4216.41,4133.333,4182.051,16186.0
1774430714.2524,69,4228.205,4293.333,4215.897,4154.359,4185.641,450.0
1774430714.2602,70,4213.846,4311.795,4186.667,4164.615,4197.949,16153.0
1774430714.2681,71,4200.0,4332.821,4183.077,4140.0,4186.154,450.0
1774430714.2759,72,4222.564,4322.051,4191.795,4152.821,4191.795,450.0
1774430714.2839,73,4232.308,4324.103,4166.154,4181.538,4225.641,16180.0
1774430714.2917,74,4209.744,4338.974,4140.513,4154.872,4222.051,450.0
1774430714.2996,75,4201.026,4335.897,4135.897,4133.333,4194.872,16196.0
1774430714.3074,76,4217.436,4346.667,4136.41,4160.513,4211.282,450.0
1774430714.3153,77,4227.179,4360.0,4149.744,4165.641,4233.333,450.0
1774430714.3232,78,4224.103,4320.0,4171.282,4135.897,4209.231,450.0
1774430714.331,79,4227.692,4290.769,4183.077,4142.564,4197.436,16196.0
1774430714.339,80,4227.692,4334.359,4198.462,4172.308,4223.077,450.0
1774430714.3468,81,4220.0,4344.103,4227.179,4164.615,4226.154,450.0
1774430714.3547,82,4224.615,4286.154,4222.051,4143.59,4208.718,450.0
1774430714.3625,83,4220.513,4288.205,4187.179,4147.692,4213.333,16196.0
1774430714.3704,84,4209.744,4343.077,4192.308,4164.103,4226.667,450.0
1774430714.3782,85,4241.538,4344.615,4216.923,4179.487,4235.897,450.0
1774430714.3861,86,4275.385,4327.179,4182.564,4191.282,4251.282,450.0
1774430714.394,87,4247.692,4346.667,4127.692,4180.0,4257.436,16196.0
1774430714.4019,88,4213.333,4332.821,4130.256,4153.846,4225.128,450.0
1774430714.4097,89,4228.718,4283.59,4162.564,4161.538,4199.487,450.0
1774430714.4176,90,4247.179,4302.051,4169.231,4190.256,4226.154,450.0
1774430714.4254,91,4217.949,4348.205,4161.026,4172.821,4229.744,16196.0
1774430714.4333,92,4184.615,4335.385,4184.103,4133.333,4193.333,450.0
1774430714.4411,93,4216.923,4311.282,4222.564,4162.051,4203.59,450.0
1774430714.4491,94,4247.692,4328.718,4212.821,4197.436,4233.846,450.0
1774430714.4569,95,4214.359,4355.385,4187.692,4161.538,4219.487,16196.0
1774430714.4648,96,4200.513,4350.769,4206.667,4134.359,4203.077,450.0
1774430714.4726,97,4232.821,4338.974,4228.718,4149.744,4205.641,450.0
1774430714.4805,98,4239.487,4349.744,4191.282,4158.974,4209.744,450.0
1774430714.4883,99,4224.103,4367.179,4147.692,4170.769,4230.256,16196.0
1774430714.4963,100,4231.282,4371.795,4164.615,4190.769,4254.359,450.0
1774430714.5042,101,4238.974,4363.077,4190.769,4181.026,4239.487,450.0
1774430714.512,102,4237.436,4337.949,4193.846,4168.205,4212.821,450.0
1774430714.5199,103,4247.179,4324.615,4188.205,4196.41,4229.744,16196.0
1774430714.5277,104,4233.846,4348.205,4167.179,4194.872,4244.103,450.0
1774430714.5356,105,4210.769,4367.179,4173.333,4156.923,4222.564,450.0
1774430714.5434,106,4226.154,4333.846,4211.795,4157.436,4207.692,450.0
1774430714.5514,107,4260.0,4306.154,4226.154,4185.128,4225.128,16196.0
1774430714.5592,108,4275.385,4350.256,4202.051,4202.564,4260.0,450.0
1774430714.5671,109,4235.897,4372.308,4149.744,4178.462,4247.179,450.0
1774430714.5749,110,4241.026,4381.538,4169.231,4184.103,4248.718,450.0
1774430714.5827,111,4328.205,4457.949,4266.667,4262.564,4324.103,16196.0
1774430714.5906,112,4332.308,4460.513,4275.385,4271.795,4324.103,450.0
1774430714.5985,113,4249.744,4342.564,4197.949,4182.564,4222.051,450.0
1774430714.6064,114,4246.667,4282.051,4180.0,4154.359,4196.923,450.0
1774430714.6143,115,4285.641,4316.923,4200.513,4194.359,4238.462,16196.0
1774430714.6221,116,4258.974,4361.538,4178.462,4185.641,4229.744,450.0
1774430714.63,117,4232.308,4381.538,4170.256,4157.436,4213.333,450.0
1774430714.6378,118,4244.615,4349.744,4197.436,4156.923,4224.103,450.0
1774430714.6457,119,4258.462,4308.718,4204.615,4168.718,4224.103,16196.0
1774430714.6535,120,4273.333,4325.641,4208.205,4185.128,4229.744,450.0
1774430714.6615,121,4268.718,4352.821,4206.154,4186.667,4248.718,450.0
1774430714.6694,122,4247.692,4354.872,4192.308,4167.179,4249.231,450.0
1774430714.6772,123,4243.59,4343.077,4197.436,4147.692,4222.564,16196.0
1774430714.6851,124,4257.949,4319.487,4207.692,4161.538,4205.128,450.0
1774430714.6929,125,4261.538,4304.103,4201.026,4185.128,4218.462,450.0
1774430714.7008,126,4255.385,4334.872,4202.564,4180.513,4233.333,450.0
1774430714.7087,127,4244.103,4359.487,4211.282,4148.718,4218.462,242.0
1774430714.7166,0,4240.0,4326.154,4206.154,4134.359,4203.077,450.0
1774430714.7245,1,4265.641,4305.641,4189.231,4166.667,4227.179,450.0
1774430714.7323,2,4274.872,4337.949,4172.821,4192.821,4259.487,16208.0
1774430714.7402,3,4235.897,4349.231,4170.256,4167.179,4242.564,450.0
1774430714.7481,4,4211.795,4321.026,4196.41,4140.0,4202.051,16178.0
1774430714.7559,5,4226.667,4303.59,4218.462,4154.359,4199.487,450.0
1774430714.7638,6,4232.308,4322.564,4198.974,4178.462,4225.641,16165.0
1774430714.7717,7,4220.0,4338.462,4184.615,4169.231,4225.641,450.0
1774430714.7795,8,4215.897,4307.692,4204.103,4138.974,4197.436,450.0
1774430714.7874,9,4234.872,4285.641,4211.282,4152.308,4202.564,16186.0
1774430714.7953,10,4259.487,4323.077,4204.103,4193.846,4245.641,450.0
1774430714.8031,11,4256.41,4342.564,4209.744,4176.923,4248.718,16190.0
1774430714.8109,12,4233.846,4295.897,4208.205,4134.359,4206.154,450.0
1774430714.8189,13,4228.718,4275.385,4177.949,4153.846,4198.974,450.0
1774430714.8267,14,4223.59,4312.821,4145.128,4176.923,4220.513,450.0
1774430714.8346,15,4205.641,4328.205,4147.692,4146.667,4214.359,16190.0
1774430714.8424,16,4211.282,4296.923,4160.513,4137.436,4204.615,0.0
1774430714.8503,17,4220.513,4290.256,4151.795,4154.872,4217.436,0.0
1774430714.8581,18,4212.821,4329.744,4167.692,4152.308,4229.231,0.0
1774430714.866,19,4224.615,4311.795,4214.359,4154.359,4224.103,0.0
1774430714.874,20,4243.59,4260.513,4224.615,4165.128,4216.923,0.0
1774430714.8818,21,4231.282,4296.41,4193.846,4157.949,4222.564,0.0
1774430714.8896,22,4215.897,4342.564,4184.103,4148.205,4227.692,0.0
1774430714.8975,23,4222.051,4304.615,4198.462,4150.769,4216.41,0.0
1774430714.9054,24,4231.795,4273.846,4172.308,4154.872,4221.026,0.0
1774430714.9132,25,4235.385,4296.923,4140.513,4160.513,4240.513,0.0
1774430714.9211,26,4227.692,4296.923,4160.0,4160.513,4227.692,0.0
1774430714.9291,27,4217.949,4255.897,4180.0,4146.667,4193.333,0.0
1774430714.9369,28,4238.462,4252.821,4178.462,4154.359,4205.641,0.0
1774430714.9448,29,4260.513,4305.641,4186.667,4180.513,4250.769,0.0
1774430714.9526,30,4243.59,4326.667,4193.846,4172.308,4249.231,0.0
1774430714.9605,31,4243.077,4292.308,4188.718,4148.205,4226.667,0.0
1774430714.9683,32,4276.41,4268.205,4186.154,4165.128,4235.385,0.0
1774430714.9763,33,4291.282,4279.487,4195.897,4195.385,4257.949,0.0
1774430714.9841,34,4275.385,4295.897,4188.718,4186.154,4258.462,0.0
1774430714.992,35,4245.641,4298.974,4165.128,4148.718,4234.872,0.0
1774430714.9998,36,4235.385,4290.769,4178.974,4135.385,4220.0,0.0
1774430715.0077,37,4253.333,4282.564,4202.564,4145.641,4218.462,0.0
1774430715.0155,38,4264.615,4281.026,4185.128,4149.744,4221.538,0.0
1774430715.0234,39,4259.487,4300.513,4155.897,4148.718,4236.41,0.0
1774430715.0313,40,4251.795,4326.667,4145.128,4143.59,4247.692,0.0
1774430715.0392,41,4260.0,4326.667,4158.974,4146.154,4248.205,0.0
1774430715.047,42,4285.641,4315.385,4192.821,4158.974,4237.949,0.0
1774430715.0549,43,4290.256,4304.103,4202.564,4157.436,4221.026,0.0
1774430715.0627,44,4270.769,4300.0,4185.641,4161.538,4230.769,0.0
1774430715.0706,45,4276.41,4321.538,4182.051,4186.667,4265.128,0.0
1774430715.0785,46,4294.359,4330.256,4190.256,4194.872,4270.256,0.0
1774430715.0864,47,4274.872,4318.974,4189.744,4162.564,4244.615,0.0
1774430715.0943,48,4242.564,4318.462,4192.821,4133.333,4227.179,0.0
1774430715.1021,49,4255.897,4298.974,4197.949,4141.026,4222.564,0.0
1774430715.11,50,4297.436,4266.154,4193.846,4165.128,4227.179,0.0
1774430715.1178,51,4311.282,4276.41,4201.026,4174.872,4252.308,0.0
1774430715.1257,52,4297.949,4304.103,4194.872,4172.821,4281.026,0.0
1774430715.1335,53,4289.231,4310.769,4166.667,4172.308,4283.077,0.0
1774430715.1415,54,4282.051,4313.333,4160.0,4162.051,4267.692,0.0
1774430715.1493,55,4272.308,4306.667,4173.333,4142.051,4258.462,0.0
1774430715.1572,56,4276.41,4297.949,4182.564,4141.026,4260.0,0.0
1774430715.165,57,4287.692,4307.692,4174.872,4153.846,4262.564,0.0
1774430715.1729,58,4278.974,4310.769,4164.103,4164.615,4266.154,0.0
1774430715.1807,59,4262.051,4313.333,4177.436,4165.641,4272.308,0.0
1774430715.1887,60,4259.487,4321.538,4206.667,4155.385,4263.077,0.0
1774430715.1965,61,4253.846,4301.538,4214.359,4139.487,4236.41,0.0
1774430715.2044,62,4248.205,4288.205,4195.385,4150.256,4230.256,0.0
1774430715.2122,63,4255.385,4321.538,4165.128,4173.846,4251.795,0.0
1774430715.2201,64,4262.051,4341.538,4150.256,4165.641,4255.897,450.0
1774430715.2279,65,4262.564,4317.436,4171.795,4151.282,4245.128,450.0
1774430715.2358,66,4271.282,4308.205,4193.333,4164.103,4247.179,16208.0
1774430715.2437,67,4285.128,4317.949,4171.795,4180.0,4251.282,450.0
1774430715.2516,68,4289.231,4304.615,4142.564,4170.769,4245.641,16176.0
1774430715.2595,69,4293.333,4307.179,4171.795,4172.821,4256.923,450.0
1774430715.2673,70,4287.692,4330.256,4195.897,4189.231,4275.385,16160.0
1774430715.2752,71,4265.128,4311.795,4170.256,4165.641,4260.0,450.0
1774430715.283,72,4268.718,4294.359,4194.872,4144.103,4245.641,450.0
1774430715.2909,73,4283.077,4297.949,4244.103,4155.897,4238.462,16188.0
1774430715.2988,74,4273.333,4281.026,4224.615,4151.282,4227.179,450.0
1774430715.3067,75,4274.872,4285.128,4174.872,4145.641,4239.487,16186.0
1774430715.3145,76,4287.692,4327.179,4158.462,4162.564,4260.513,450.0
1774430715.3224,77,4274.359,4336.923,4161.026,4159.487,4253.846,450.0
1774430715.3302,78,4248.718,4314.359,4163.077,4131.795,4230.256,450.0
1774430715.3381,79,4253.846,4327.692,4177.436,4132.308,4227.179,16186.0
1774430715.3459,80,4288.718,4341.538,4186.154,4162.051,4245.641,450.0
1774430715.3538,81,4303.077,4312.821,4176.41,4183.077,4261.538,450.0
1774430715.3617,82,4275.897,4287.692,4160.513,4181.026,4260.0,450.0
1774430715.3696,83,4258.974,4302.051,4158.974,4165.128,4252.308,16186.0
1774430715.3775,84,4282.051,4322.564,4186.667,4163.077,4256.41,450.0
1774430715.3853,85,4304.103,4297.436,4208.205,4164.615,4251.795,450.0
1774430715.3932,86,4300.0,4263.077,4215.897,4155.385,4233.333,450.0
1774430715.4011,87,4301.026,4272.821,4221.026,4150.256,4234.872,16186.0
1774430715.409,88,4331.795,4294.359,4196.41,4159.487,4266.154,450.0
1774430715.4168,89,4370.256,4304.103,4169.744,4162.564,4295.385,450.0
1774430715.4246,90,4384.103,4312.821,4170.769,4152.308,4306.154,450.0
1774430715.4325,91,4369.231,4311.282,4154.872,4151.795,4305.128,16186.0
1774430715.4403,92,4371.282,4307.179,4151.282,4158.974,4316.923,450.0
1774430715.4482,93,4418.462,4326.154,4182.564,4168.205,4354.872,450.0
1774430715.4561,94,4451.795,4331.282,4184.103,4184.615,4378.462,450.0
1774430715.464,95,4434.359,4298.974,4177.436,4195.897,4353.846,16186.0
1774430715.4719,96,4415.385,4277.949,4204.615,4180.513,4318.974,450.0
1774430715.4797,97,4430.256,4297.949,4215.385,4172.308,4327.179,450.0
1774430715.4876,98,4431.795,4313.846,4205.128,4173.333,4343.59,450.0
1774430715.4954,99,4414.872,4298.974,4222.051,4140.0,4321.538,16186.0
1774430715.5033,100,4411.795,4304.103,4228.205,4133.846,4311.795,450.0
1774430715.5112,101,4396.923,4325.128,4185.128,4162.564,4326.667,450.0
1774430715.519,102,4386.667,4301.538,4170.256,4156.923,4320.0,450.0
1774430715.5269,103,4417.436,4298.462,4186.154,4151.282,4319.487,16186.0
1774430715.5348,104,4432.821,4367.692,4168.718,4170.769,4346.154,450.0
1774430715.5426,105,4423.59,4376.41,4160.0,4174.359,4351.795,450.0
1774430715.5505,106,4440.513,4284.103,4184.103,4167.179,4330.256,450.0
1774430715.5583,107,4436.41,4250.256,4195.385,4175.897,4317.949,16186.0
1774430715.5663,108,4405.641,4303.077,4209.231,4185.128,4315.385,450.0
1774430715.5741,109,4408.205,4304.615,4240.0,4182.564,4302.564,450.0
1774430715.582,110,4398.462,4274.872,4235.385,4164.103,4282.051,450.0
1774430715.5898,111,4366.154,4283.59,4211.282,4152.821,4266.154,16186.0
1774430715.5977,112,4367.179,4291.795,4217.436,4168.205,4262.051,450.0
1774430715.6055,113,4373.333,4303.59,4223.077,4175.897,4254.872,450.0
1774430715.6135,114,4343.59,4314.359,4212.821,4165.641,4227.692,450.0
1774430715.6214,115,4313.333,4290.256,4211.795,4161.538,4199.487,16186.0
1774430715.6292,116,4284.615,4291.282,4192.821,4163.077,4196.41,450.0
1774430715.6371,117,4235.897,4328.718,4169.231,4146.667,4182.051,450.0
1774430715.6449,118,4216.41,4321.538,4194.872,4138.462,4151.282,450.0
1774430715.6527,119,4225.641,4298.462,4209.231,4157.436,4149.744,16186.0
1774430715.6606,120,4202.051,4316.923,4186.154,4162.051,4146.667,450.0
1774430715.6686,121,4160.513,4323.077,4163.59,4157.949,4118.462,450.0
1774430715.6764,122,4141.538,4289.744,4160.513,4166.154,4102.051,450.0
1774430715.6843,123,4137.436,4268.205,4173.333,4164.103,4098.974,16186.0
1774430715.6921,124,4127.179,4285.128,4177.949,4146.154,4088.718,450.0
1774430715.7,125,4121.538,4306.667,4169.744,4150.256,4096.41,450.0
1774430715.7078,126,4109.744,4310.256,4168.205,4156.923,4104.615,450.0
1774430715.7157,127,4080.513,4284.103,4177.436,4128.718,4071.282,242.0
1774430715.7236,0,4064.615,4263.077,4186.667,4122.051,4048.205,450.0
1774430715.7315,1,4068.205,4276.41,4187.179,4153.846,4066.667,450.0
1774430715.7393,2,4094.872,4275.897,4195.897,4167.179,4096.41,16203.0
1774430715.7472,3,4133.846,4256.923,4200.0,4162.051,4118.462,450.0
1774430715.755,4,4149.231,4250.769,4187.692,4158.974,4125.128,16165.0
1774430715.7629,5,4163.077,4249.744,4191.795,4157.436,4138.974,450.0
1774430715.7707,6,4201.026,4273.846,4194.872,4162.564,4176.923,16156.0
1774430715.7787,7,4219.487,4303.59,4182.051,4170.769,4200.513,450.0
1774430715.7865,8,4226.667,4273.333,4194.359,4177.949,4195.385,450.0
1774430715.7944,9,4257.949,4242.051,4204.615,4183.077,4204.615,16188.0
1774430715.8022,10,4260.0,4283.59,4193.333,4181.026,4225.128,450.0
1774430715.8101,11,4229.744,4305.128,4213.333,4166.154,4218.974,16199.0
1774430715.818,12,4237.949,4251.795,4246.667,4160.0,4198.974,450.0
1774430715.8259,13,4263.077,4242.051,4224.615,4168.205,4204.615,450.0
1774430715.8338,14,4242.564,4298.974,4181.026,4163.077,4212.308,450.0
1774430715.8416,15,4213.333,4306.154,4187.692,4158.462,4192.821,16199.0
1774430715.8495,16,4231.282,4269.231,4208.718,4183.59,4184.615,0.0
1774430715.8573,17,4222.564,4278.462,4189.231,4200.0,4171.795,0.0
1774430715.8652,18,4162.051,4294.359,4175.897,4173.846,4128.205,0.0
1774430715.873,19,4156.41,4271.282,4193.333,4172.308,4125.641,0.0
1774430715.881,20,4179.487,4260.0,4194.872,4189.744,4152.821,0.0
1774430715.8888,21,4133.333,4275.385,4173.333,4181.538,4127.692,0.0
1774430715.8967,22,4063.59,4271.282,4171.282,4173.333,4078.974,0.0
1774430715.9045,23,4035.897,4258.974,4191.282,4170.256,4060.0,0.0
1774430715.9124,24,4009.744,4262.564,4187.179,4163.077,4040.513,0.0
1774430715.9202,25,3959.487,4267.692,4177.436,4162.051,4013.846,0.0
1774430715.9281,26,3933.846,4264.103,4215.385,4164.103,4005.128,0.0
1774430715.936,27,3918.462,4240.513,4263.59,4148.205,3980.513,0.0
1774430715.9439,28,3897.436,4235.897,4268.205,4140.513,3960.0,0.0
1774430715.9517,29,3883.59,4269.231,4261.538,4165.641,3972.308,0.0
1774430715.9596,30,3849.231,4262.564,4261.026,4171.795,3959.487,0.0
1774430715.9674,31,3802.051,4239.487,4243.59,4145.641,3913.846,0.0
1774430715.9753,32,3782.564,4254.359,4238.462,4135.385,3881.026,0.0
1774430715.9831,33,3770.769,4250.769,4252.308,4144.103,3871.282,0.0
1774430715.9911,34,3749.231,4231.795,4248.718,4144.103,3878.974,0.0
1774430715.999,35,3745.641,4245.641,4248.205,4146.667,3894.359,0.0
1774430716.0068,36,3740.513,4251.795,4257.949,4152.308,3878.974,0.0
1774430716.0146,37,3713.333,4249.231,4255.897,4137.949,3846.667,0.0
1774430716.0225,38,3711.795,4274.872,4270.769,4136.923,3852.308,0.0
1774430716.0304,39,3728.718,4277.949,4290.256,4158.974,3862.051,0.0
1774430716.0383,40,3725.641,4254.872,4268.718,4163.59,3853.333,0.0
1774430716.0462,41,3717.436,4276.41,4249.744,4163.59,3866.667,0.0
1774430716.054,42,3716.923,4305.128,4260.513,4170.769,3882.051,0.0
1774430716.0619,43,3714.359,4302.564,4267.179,4162.564,3863.077,0.0
1774430716.0697,44,3715.897,4298.462,4261.026,4145.641,3848.718,0.0
1774430716.0776,45,3713.846,4288.718,4246.154,4141.026,3856.923,0.0
1774430716.0854,46,3705.128,4284.615,4240.0,4150.256,3860.513,0.0
1774430716.0934,47,3706.154,4281.026,4251.282,4155.385,3856.41,0.0
1774430716.1012,48,3714.359,4267.179,4262.564,4149.231,3859.487,0.0
1774430716.1091,49,3721.538,4274.359,4256.41,4154.359,3870.769,0.0
1774430716.1169,50,3713.846,4275.385,4228.205,4154.872,3861.538,0.0
1774430716.1248,51,3697.949,4251.282,4212.821,4138.974,3840.0,0.0
1774430716.1327,52,3711.282,4248.718,4223.077,4142.051,3847.692,0.0
1774430716.1405,53,3741.026,4252.308,4229.231,4152.308,3873.333,0.0
1774430716.1485,54,3747.179,4236.41,4223.59,4141.538,3884.615,0.0
1774430716.1563,55,3742.564,4235.385,4213.846,4136.41,3875.385,0.0
1774430716.1641,56,3752.308,4241.538,4214.359,4143.077,3864.615,0.0
1774430716.172,57,3763.077,4246.667,4226.667,4148.718,3875.385,0.0
1774430716.1798,58,3770.769,4265.128,4236.923,4151.282,3894.872,0.0
1774430716.1877,59,3774.359,4256.41,4243.077,4150.769,3890.256,0.0
1774430716.1956,60,3773.846,4238.462,4233.846,4148.718,3877.436,0.0
1774430716.2035,61,3785.128,4249.744,4216.923,4138.974,3886.667,0.0
1774430716.2114,62,3792.308,4248.718,4206.154,4121.538,3892.308,0.0
1774430716.2192,63,3783.077,4236.923,4211.795,4121.026,3881.538,0.0
1774430716.2271,64,3791.282,4250.256,4226.667,4139.487,3887.692,450.0
1774430716.2349,65,3800.0,4251.282,4218.462,4131.282,3890.256,450.0
1774430716.2428,66,3790.769,4240.0,4211.795,4120.0,3880.0,16217.0
1774430716.2508,67,3810.256,4252.821,4230.769,4145.641,3898.974,450.0
1774430716.2586,68,3832.821,4266.667,4229.744,4158.462,3927.179,16203.0
1774430716.2665,69,3818.462,4277.436,4213.846,4144.103,3920.513,450.0
1774430716.2743,70,3822.051,4291.282,4219.487,4148.718,3904.103,16156.0
1774430716.2822,71,3849.744,4273.846,4228.205,4165.128,3909.744,450.0
1774430716.29,72,3848.718,4240.513,4224.103,4163.077,3926.667,450.0
1774430716.2978,73,3832.821,4238.974,4229.744,4153.333,3928.205,16198.0
1774430716.3058,74,3839.487,4256.41,4235.385,4155.385,3923.59,450.0
1774430716.3136,75,3855.897,4255.897,4224.103,4158.974,3934.359,16193.0
1774430716.3215,76,3865.128,4255.385,4218.462,4155.385,3942.564,450.0
1774430716.3293,77,3870.769,4277.949,4218.974,4151.282,3940.0,450.0
1774430716.3372,78,3868.205,4294.359,4208.205,4157.436,3942.051,450.0
1774430716.345,79,3871.282,4289.231,4204.103,4162.564,3945.128,16193.0
1774430716.3529,80,3886.154,4281.026,4206.667,4156.923,3953.333,450.0
1774430716.3609,81,3879.487,4285.128,4203.077,4144.103,3956.923,450.0
1774430716.3687,82,3866.667,4291.795,4207.692,4138.462,3941.026,450.0
1774430716.3765,83,3889.744,4281.538,4211.795,4158.974,3947.692,16193.0
1774430716.3844,84,3912.308,4257.949,4201.538,4168.205,3985.641,450.0
1774430716.3922,85,3904.615,4260.0,4202.051,4153.846,3995.897,450.0
1774430716.4001,86,3896.923,4279.487,4217.949,4155.897,3974.872,450.0
1774430716.4081,87,3911.795,4282.564,4218.974,4165.128,3973.846,16193.0
1774430716.4159,88,3920.513,4286.667,4200.0,4147.179,3981.538,450.0
1774430716.4238,89,3913.846,4298.462,4198.462,4135.897,3972.821,450.0
1774430716.4316,90,3925.641,4300.513,4216.41,4156.923,3980.513,450.0
1774430716.4395,91,3952.308,4290.769,4214.872,4161.026,4000.513,16193.0
1774430716.4473,92,3950.256,4286.154,4203.59,4146.154,4003.077,450.0
1774430716.4552,93,3926.667,4289.744,4214.872,4144.615,3985.641,450.0
1774430716.4631,94,3923.077,4272.308,4228.718,4143.59,3969.744,450.0
1774430716.471,95,3936.923,4248.718,4205.128,4130.256,3976.41,16193.0
1774430716.4788,96,3946.154,4260.0,4163.59,4125.128,3997.436,450.0
1774430716.4867,97,3952.308,4292.821,4173.333,4135.897,4011.795,450.0
1774430716.4945,98,3962.051,4281.026,4209.744,4145.641,4009.231,450.0
1774430716.5024,99,3966.154,4261.538,4213.846,4158.462,4014.872,16193.0
1774430716.5102,100,3955.897,4281.538,4203.59,4168.718,4033.846,450.0
1774430716.5182,101,3963.59,4284.615,4196.923,4166.154,4038.462,450.0
1774430716.526,102,3995.897,4280.0,4196.923,4166.154,4034.872,450.0
1774430716.5339,103,4007.179,4304.615,4201.538,4170.256,4038.974,16193.0
1774430716.5417,104,3990.769,4309.231,4193.846,4158.462,4034.872,450.0
1774430716.5496,105,3995.897,4276.923,4182.051,4148.718,4033.333,450.0
1774430716.5574,106,4006.154,4270.769,4189.744,4149.231,4049.744,450.0
1774430716.5653,107,3985.641,4292.308,4211.282,4143.59,4052.308,16193.0
1774430716.5733,108,3988.718,4312.821,4206.154,4155.385,4047.692,450.0
1774430716.5811,109,4021.026,4314.359,4186.667,4169.744,4054.359,450.0
1774430716.589,110,4021.026,4295.385,4190.256,4152.308,4045.641,450.0
1774430716.5968,111,4017.949,4303.59,4201.538,4146.667,4035.897,16193.0
1774430716.6047,112,4033.333,4315.897,4200.513,4161.026,4043.59,450.0
1774430716.6125,113,4032.821,4312.308,4193.846,4159.487,4049.231,450.0
1774430716.6205,114,4015.897,4317.949,4184.103,4138.974,4032.308,450.0
1774430716.6283,115,4007.179,4317.949,4174.359,4125.128,4018.974,16193.0
1774430716.6362,116,4014.872,4317.436,4173.333,4146.667,4048.205,450.0
1774430716.644,117,4027.179,4338.974,4177.949,4173.846,4087.692,450.0
1774430716.6519,118,4024.103,4351.282,4193.333,4164.103,4078.462,450.0
1774430716.6597,119,4017.436,4334.359,4202.564,4151.282,4044.103,16193.0
1774430716.6675,120,4033.333,4333.333,4200.0,4169.231,4059.487,450.0
1774430716.6755,121,4049.744,4362.564,4200.513,4170.769,4093.846,450.0
1774430716.6834,122,4046.154,4379.487,4202.051,4145.128,4084.103,450.0
1774430716.6912,123,4045.641,4354.872,4207.179,4140.513,4064.615,16193.0
1774430716.6991,124,4049.231,4332.821,4200.0,4155.385,4072.308,450.0
1774430716.707,125,4044.615,4355.897,4186.154,4160.513,4079.487,450.0
1774430716.7148,126,4034.359,4357.949,4185.641,4152.821,4072.308,450.0
1774430716.7227,127,4032.308,4314.872,4194.872,4141.538,4077.436,242.0
1774430716.7306,0,4053.846,4318.462,4207.692,4147.179,4094.872,450.0
1774430716.7385,1,4076.923,4349.744,4212.308,4168.205,4099.487,450.0
1774430716.7463,2,4070.256,4330.769,4205.641,4164.615,4085.641,16196.0
1774430716.7542,3,4059.487,4330.256,4194.359,4148.205,4085.128,450.0
1774430716.762,4,4064.615,4364.615,4195.385,4154.872,4106.154,16157.0
1774430716.7699,5,4086.154,4357.949,4213.846,4177.436,4121.026,450.0
1774430716.7777,6,4102.051,4316.923,4226.667,4175.897,4112.821,16148.0
1774430716.7857,7,4091.282,4317.436,4222.564,4152.821,4101.538,450.0
1774430716.7935,8,4085.641,4355.897,4224.103,4144.103,4109.744,450.0
1774430716.8014,9,4101.538,4348.718,4230.769,4158.974,4114.359,16172.0
1774430716.8092,10,4112.821,4312.308,4222.051,4167.692,4107.179,450.0
1774430716.8171,11,4113.846,4313.333,4198.462,4163.59,4111.795,16214.0
1774430716.8249,12,4121.538,4318.974,4195.385,4157.949,4121.538,450.0
1774430716.8329,13,4142.564,4297.949,4220.0,4158.974,4127.179,450.0
1774430716.8407,14,4147.692,4314.359,4225.641,4166.667,4137.949,450.0
1774430716.8486,15,4128.205,4341.538,4212.821,4163.59,4138.462,16214.0
1774430716.8564,16,4124.615,4333.333,4205.641,4159.487,4143.59,0.0
1774430716.8643,17,4144.615,4327.692,4218.462,4167.692,4153.333,0.0
1774430716.8722,18,4156.923,4329.231,4239.487,4171.282,4138.974,0.0
1774430716.88,19,4149.744,4337.949,4228.205,4153.333,4126.667,0.0
1774430716.888,20,4151.795,4352.308,4217.436,4148.718,4152.308,0.0
1774430716.8958,21,4176.41,4355.897,4225.128,4182.564,4182.564,0.0
1774430716.9037,22,4178.462,4347.179,4213.333,4187.179,4169.744,0.0
1774430716.9115,23,4163.59,4351.795,4211.282,4161.538,4154.359,0.0
1774430716.9193,24,4182.564,4361.538,4230.256,4167.692,4170.769,0.0
1774430716.9272,25,4204.103,4352.821,4223.59,4188.205,4183.59,0.0
1774430716.935,26,4180.513,4340.513,4211.282,4163.077,4150.769,0.0
1774430716.943,27,4172.308,4323.59,4227.692,4140.0,4117.436,0.0
1774430716.9508,28,4207.692,4339.487,4232.821,4178.462,4161.026,0.0
1774430716.9587,29,4208.205,4374.872,4215.897,4194.359,4195.385,0.0
1774430716.9666,30,4180.513,4355.385,4219.487,4157.436,4165.641,0.0
1774430716.9744,31,4183.59,4325.128,4215.897,4149.744,4167.179,0.0
1774430716.9823,32,4189.231,4357.949,4195.385,4161.026,4195.897,0.0
1774430716.9901,33,4169.231,4378.974,4206.154,4145.128,4172.308,0.0
1774430716.9981,34,4159.487,4342.564,4212.308,4138.462,4143.59,0.0
1774430717.0059,35,4175.897,4344.103,4201.538,4162.564,4162.051,0.0
1774430717.0137,36,4203.077,4349.231,4218.974,4175.385,4170.256,0.0
1774430717.0216,37,4220.513,4300.513,4216.923,4162.564,4157.949,0.0
1774430717.0295,38,4211.282,4302.051,4174.872,4147.692,4164.615,0.0
1774430717.0373,39,4209.744,4350.769,4180.0,4153.333,4183.077,0.0
1774430717.0452,40,4241.538,4351.282,4223.077,4172.821,4192.308,0.0
1774430717.053,41,4263.59,4316.41,4210.769,4180.0,4192.821,0.0
1774430717.0609,42,4233.333,4311.282,4168.718,4177.436,4193.333,0.0
1774430717.0687,43,4203.077,4344.615,4175.897,4178.974,4200.0,0.0
1774430717.0766,44,4232.308,4339.487,4205.641,4178.462,4196.41,0.0
1774430717.0844,45,4275.897,4290.769,4198.462,4171.282,4183.077,0.0
1774430717.0923,46,4272.821,4304.103,4177.949,4169.231,4200.0,0.0
1774430717.1002,47,4239.487,4357.949,4176.41,4163.077,4222.564,0.0
1774430717.1081,48,4216.41,4347.692,4180.513,4146.667,4200.513,0.0
1774430717.1159,49,4227.692,4310.769,4183.077,4156.41,4183.077,0.0
1774430717.1238,50,4253.333,4307.692,4180.513,4190.769,4207.692,0.0
1774430717.1316,51,4259.487,4324.103,4178.462,4204.103,4226.154,0.0
1774430717.1395,52,4249.231,4352.308,4181.026,4179.487,4217.949,0.0
1774430717.1473,53,4234.359,4343.59,4182.564,4152.821,4197.436,0.0
1774430717.1553,54,4234.872,4300.0,4180.513,4154.872,4179.487,0.0
1774430717.1632,55,4248.718,4314.359,4172.821,4166.154,4189.744,0.0
1774430717.171,56,4248.718,4376.41,4174.872,4172.821,4216.41,0.0
1774430717.1789,57,4238.462,4378.974,4190.256,4173.846,4215.385,0.0
1774430717.1867,58,4242.564,4329.744,4197.436,4158.974,4194.872,0.0
1774430717.1946,59,4263.077,4329.744,4188.718,4159.487,4206.154,0.0
1774430717.2025,60,4281.538,4374.359,4175.385,4196.923,4241.026,0.0
1774430717.2104,61,4281.538,4393.333,4173.333,4206.667,4243.077,0.0
1774430717.2182,62,4262.051,4381.538,4173.333,4171.282,4218.974,0.0
1774430717.2261,63,4244.103,4340.513,4175.385,4146.154,4199.487,0.0
1774430717.2339,64,4250.256,4309.744,4188.205,4150.769,4195.385,450.0
1774430717.2418,65,4272.821,4323.59,4189.231,4173.333,4215.897,450.0
1774430717.2496,66,4278.974,4327.692,4180.513,4181.026,4242.051,16202.0
1774430717.2576,67,4257.436,4323.077,4177.436,4156.41,4243.59,450.0
1774430717.2654,68,4245.641,4336.41,4179.487,4129.231,4225.128,16190.0
1774430717.2733,69,4257.436,4337.949,4188.718,4136.41,4214.359,450.0
1774430717.2811,70,4261.026,4315.385,4188.718,4161.538,4213.333,16144.0
1774430717.289,71,4254.359,4311.282,4173.846,4164.103,4217.949,450.0
1774430717.2968,72,4253.846,4330.256,4154.359,4148.205,4217.949,450.0
1774430717.3047,73,4246.667,4337.436,4154.359,4139.487,4206.667,16201.0
1774430717.3127,74,4245.641,4342.051,4178.974,4142.051,4209.231,450.0
1774430717.3205,75,4268.205,4338.462,4192.308,4145.641,4214.872,16208.0
1774430717.3283,76,4284.615,4320.0,4179.487,4149.231,4214.359,450.0
1774430717.3362,77,4269.231,4317.949,4165.128,4157.949,4233.333,450.0
1774430717.3441,78,4244.615,4340.0,4164.103,4160.513,4245.641,450.0
1774430717.3519,79,4242.564,4351.282,4176.41,4150.256,4224.103,16208.0
1774430717.3598,80,4260.513,4320.0,4192.821,4152.821,4204.103,450.0
1774430717.3677,81,4263.59,4278.974,4177.436,4162.564,4204.103,450.0
1774430717.3756,82,4250.769,4287.692,4144.103,4151.795,4210.769,450.0
1774430717.3834,83,4254.872,4331.282,4143.59,4143.59,4225.128,16208.0
1774430717.3913,84,4267.179,4338.462,4160.513,4157.949,4242.051,450.0
1774430717.3991,85,4272.308,4306.154,4161.026,4165.128,4237.949,450.0
1774430717.407,86,4284.103,4281.538,4168.205,4168.205,4223.077,450.0
1774430717.4149,87,4296.923,4278.974,4184.103,4183.59,4231.795,16208.0
1774430717.4228,88,4276.923,4308.205,4160.0,4167.692,4244.615,450.0
1774430717.4306,89,4256.923,4326.667,4137.949,4133.846,4232.308,450.0
1774430717.4385,90,4271.282,4313.846,4158.462,4140.513,4215.385,450.0
1774430717.4463,91,4276.923,4300.0,4171.795,4155.897,4208.718,16208.0
1774430717.4542,92,4267.692,4291.282,4163.59,4147.692,4202.564,450.0
1774430717.462,93,4267.179,4295.385,4141.538,4138.462,4206.154,450.0
1774430717.47,94,4269.231,4312.821,4128.718,4134.359,4217.436,450.0
1774430717.4779,95,4269.744,4315.385,4153.333,4140.0,4214.872,16208.0
1774430717.4857,96,4277.436,4288.718,4170.769,4149.231,4203.077,450.0
1774430717.4936,97,4291.795,4272.821,4156.41,4148.205,4211.282,450.0
1774430717.5014,98,4302.051,4289.744,4143.077,4156.923,4243.59,450.0
1774430717.5093,99,4289.231,4313.333,4146.154,4161.026,4259.487,16208.0
1774430717.5171,100,4264.103,4313.333,4152.821,4137.949,4245.641,450.0
1774430717.5251,101,4268.718,4286.667,4161.026,4117.436,4217.436,450.0
1774430717.5329,102,4282.051,4278.462,4160.0,4118.974,4202.564,450.0
1774430717.5408,103,4277.436,4301.026,4134.872,4125.641,4217.949,16208.0
1774430717.5486,104,4280.0,4330.769,4121.538,4140.0,4246.154,450.0
1774430717.5565,105,4296.923,4352.308,4139.487,4167.692,4266.667,450.0
1774430717.5643,106,4295.385,4370.256,4151.795,4172.821,4264.103,450.0
1774430717.5722,107,4278.462,4387.179,4143.077,4147.179,4241.026,16208.0
1774430717.5801,108,4283.077,4372.308,4150.769,4134.872,4224.615,450.0
1774430717.588,109,4286.667,4330.769,4171.795,4142.051,4220.0,450.0
1774430717.5958,110,4285.641,4301.538,4168.205,4141.026,4222.564,450.0
1774430717.6037,111,4310.256,4310.769,4152.308,4146.154,4240.0,16208.0
1774430717.6116,112,4318.462,4342.051,4144.615,4153.846,4249.231,450.0
1774430717.6194,113,4282.564,4361.026,4132.821,4141.026,4245.641,450.0
1774430717.6273,114,4257.436,4363.59,4120.513,4133.333,4252.308,450.0
1774430717.6352,115,4271.795,4356.923,4128.205,4142.564,4256.923,16208.0
1774430717.6431,116,4295.385,4337.436,4144.103,4141.538,4233.846,450.0
1774430717.6509,117,4308.718,4327.692,4154.359,4140.0,4218.974,450.0
1774430717.6587,118,4313.846,4340.0,4151.282,4154.359,4242.564,450.0
1774430717.6666,119,4321.026,4334.872,4131.795,4158.462,4267.179,16208.0
1774430717.6744,120,4335.897,4327.179,4131.282,4155.385,4269.231,450.0
1774430717.6824,121,4327.692,4365.128,4129.744,4166.154,4263.077,450.0
1774430717.6902,122,4303.077,4391.282,4112.308,4170.769,4257.436,450.0
1774430717.6981,123,4299.487,4379.487,4117.949,4159.487,4256.41,16208.0
1774430717.7059,124,4296.41,4376.923,4133.846,4141.026,4245.128,450.0
1774430717.7138,125,4290.256,4370.256,4135.385,4133.333,4236.923,450.0
1774430717.7216,126,4307.692,4337.949,4140.513,4144.615,4246.154,450.0
1774430717.7295,127,4319.487,4315.385,4146.667,4150.769,4242.051,242.0
1774430717.7375,0,4308.205,4335.897,4137.949,4157.949,4239.487,450.0
1774430717.7453,1,4302.051,4377.436,4118.974,4178.974,4267.692,450.0
1774430717.7532,2,4292.821,4391.282,4114.872,4173.333,4271.795,16204.0
1774430717.761,3,4279.487,4376.41,4127.692,4134.359,4225.641,450.0
1774430717.7689,4,4287.692,4358.974,4136.923,4108.205,4206.154,16179.0
1774430717.7767,5,4312.821,4354.872,4145.641,4118.974,4245.128,450.0
1774430717.7846,6,4325.641,4355.897,4146.154,4148.205,4270.256,16156.0
1774430717.7925,7,4310.256,4355.897,4126.667,4157.949,4241.538,450.0
1774430717.8004,8,4305.641,4376.41,4114.872,4157.949,4237.949,450.0
1774430717.8082,9,4332.308,4408.718,4124.615,4174.359,4291.282,16199.0
1774430717.8161,10,4348.718,4405.128,4131.795,4183.077,4308.205,450.0
1774430717.8239,11,4329.744,4395.897,4123.59,4169.744,4272.821,16196.0
1774430717.8318,12,4317.436,4422.564,4125.641,4159.487,4265.641,450.0
1774430717.8397,13,4323.59,4431.282,4140.0,4149.231,4276.41,450.0
1774430717.8476,14,4301.026,4388.205,4143.59,4128.205,4247.692,450.0
1774430717.8554,15,4285.128,4368.205,4146.667,4134.872,4235.897,16196.0
1774430717.8633,16,4316.41,4364.615,4153.333,4153.333,4256.923,0.0
1774430717.8711,17,4326.154,4348.718,4146.667,4137.436,4246.154,0.0
1774430717.879,18,4314.872,4374.359,4144.615,4144.103,4237.436,0.0
1774430717.8869,19,4345.128,4399.487,4151.795,4194.359,4265.128,0.0
1774430717.8948,20,4367.692,4383.077,4155.385,4206.154,4293.333,0.0
1774430717.9027,21,4341.026,4376.41,4145.641,4177.949,4297.436,0.0
1774430717.9105,22,4326.154,4385.641,4133.333,4165.128,4285.641,0.0
1774430717.9184,23,4349.231,4373.846,4135.385,4167.692,4282.051,0.0
1774430717.9262,24,4362.051,4374.872,4129.231,4181.026,4298.462,0.0
1774430717.9341,25,4340.513,4384.615,4128.718,4192.308,4303.077,0.0
1774430717.9419,26,4324.103,4370.256,4143.077,4183.077,4294.872,0.0
1774430717.9499,27,4327.692,4376.923,4137.949,4168.718,4289.744,0.0
1774430717.9577,28,4329.231,4400.0,4119.487,4170.256,4272.308,0.0
1774430717.9656,29,4319.487,4400.513,4125.128,4170.769,4268.205,0.0
1774430717.9734,30,4329.231,4372.821,4149.231,4163.59,4290.256,0.0
1774430717.9813,31,4348.718,4363.59,4161.538,4163.077,4298.974,0.0
1774430717.9891,32,4332.308,4371.795,4158.974,4157.436,4280.0,0.0
1774430717.997,33,4311.795,4361.026,4144.615,4149.231,4269.231,0.0
1774430718.0049,34,4326.667,4349.744,4148.718,4148.205,4275.385,0.0
1774430718.0128,35,4350.256,4349.744,4169.744,4155.385,4287.179,0.0
1774430718.0206,36,4351.795,4342.051,4173.846,4163.59,4282.051,0.0
1774430718.0285,37,4344.103,4328.205,4168.205,4165.641,4257.949,0.0
1774430718.0363,38,4346.154,4358.462,4173.333,4165.128,4273.333,0.0
1774430718.0442,39,4343.59,4388.205,4181.538,4157.436,4294.359,0.0
1774430718.0521,40,4333.846,4360.513,4178.974,4153.333,4271.795,0.0
1774430718.06,41,4333.333,4335.385,4181.538,4160.513,4257.436,0.0
1774430718.0679,42,4337.436,4343.077,4176.923,4157.949,4257.436,0.0
1774430718.0757,43,4327.179,4372.821,4153.333,4148.718,4244.615,0.0
1774430718.0835,44,4332.821,4388.718,4148.205,4156.923,4250.256,0.0
1774430718.0912,45,4355.897,4361.538,4171.282,4164.103,4269.231,0.0
1774430718.0991,46,4351.282,4336.41,4184.615,4161.538,4269.744,0.0
1774430718.107,47,4336.41,4333.846,4167.179,4173.333,4273.846,0.0
1774430718.1149,48,4336.923,4321.538,4158.974,4175.897,4271.795,0.0
1774430718.1227,49,4340.513,4308.205,4157.436,4165.128,4253.846,0.0
1774430718.1306,50,4342.564,4311.282,4144.615,4175.897,4270.256,0.0
1774430718.1384,51,4355.897,4304.615,4156.41,4191.282,4294.359,0.0
1774430718.1463,52,4361.026,4310.769,4155.897,4180.513,4276.41,0.0
1774430718.1541,53,4335.385,4331.282,4131.282,4154.359,4250.256,0.0
1774430718.1621,54,4333.333,4329.744,4138.462,4157.949,4269.231,0.0
1774430718.1699,55,4360.0,4331.795,4151.795,4182.051,4298.974,0.0
1774430718.1778,56,4361.026,4330.256,4140.513,4178.974,4285.128,0.0
1774430718.1856,57,4335.897,4315.385,4128.205,4162.564,4265.128,0.0
1774430718.1935,58,4325.128,4307.692,4147.179,4164.103,4265.641,0.0
1774430718.2014,59,4326.667,4325.641,4160.0,4165.641,4275.385,0.0
1774430718.2092,60,4317.949,4352.308,4146.154,4151.282,4283.077,0.0
1774430718.2171,61,4322.051,4351.795,4147.179,4159.487,4284.615,0.0
1774430718.225,62,4333.846,4341.026,4157.949,4167.692,4283.077,0.0
1774430718.2329,63,4332.821,4329.231,4146.667,4144.615,4287.179,0.0
1774430718.2407,64,4329.744,4325.641,4129.744,4141.538,4289.744,450.0
1774430718.2486,65,4334.872,4337.436,4145.128,4164.615,4275.897,450.0
1774430718.2564,66,4348.205,4341.026,4172.308,4180.0,4291.282,16224.0
1774430718.2644,67,4342.051,4326.667,4170.256,4175.385,4309.231,450.0
1774430718.2722,68,4328.205,4323.077,4157.436,4167.179,4283.59,16198.0
1774430718.2801,69,4328.718,4332.821,4157.949,4170.769,4283.59,450.0
1774430718.2879,70,4334.359,4327.179,4160.0,4177.436,4304.615,16172.0
1774430718.2958,71,4344.103,4312.308,4152.821,4176.923,4293.846,450.0
1774430718.3036,72,4348.718,4298.462,4151.282,4165.128,4283.077,450.0
1774430718.3115,73,4338.974,4291.795,4165.128,4162.564,4290.256,16205.0
1774430718.3194,74,4331.795,4321.538,4175.897,4169.231,4294.872,450.0
1774430718.3273,75,4345.641,4354.359,4177.436,4169.231,4298.462,16187.0
1774430718.3351,76,4361.026,4333.333,4190.769,4171.282,4294.872,450.0
1774430718.343,77,4358.974,4317.436,4204.103,4177.436,4296.923,450.0
1774430718.3508,78,4339.487,4341.538,4184.103,4167.179,4316.923,450.0
1774430718.3587,79,4329.231,4342.564,4171.795,4154.359,4318.462,16187.0
1774430718.3665,80,4336.41,4323.59,4182.051,4164.103,4300.513,450.0
1774430718.3745,81,4319.487,4311.282,4173.846,4153.846,4281.538,450.0
1774430718.3824,82,4311.282,4312.821,4168.718,4138.974,4273.846,450.0
1774430718.3902,83,4338.974,4345.128,4175.897,4159.487,4296.923,16187.0
1774430718.398,84,4351.282,4374.359,4173.846,4164.615,4314.872,450.0
1774430718.4059,85,4347.179,4358.974,4171.795,4158.974,4306.667,450.0
1774430718.4137,86,4347.692,4336.923,4175.385,4168.718,4302.051,450.0
1774430718.4214,87,4334.359,4342.051,4175.385,4165.641,4291.795,16187.0
1774430718.4293,88,4325.128,4356.923,4191.795,4161.538,4279.487,450.0
1774430718.437,89,4344.615,4347.179,4229.744,4171.282,4293.846,450.0
1774430718.4449,90,4360.513,4332.821,4230.256,4174.359,4311.795,450.0
1774430718.4527,91,4346.667,4350.769,4199.487,4170.256,4311.795,16187.0
1774430718.4605,92,4332.821,4369.231,4195.385,4174.872,4318.462,450.0
1774430718.4684,93,4337.436,4358.974,4190.769,4173.333,4307.692,450.0
1774430718.4763,94,4338.974,4345.641,4183.59,4162.051,4275.897,450.0
1774430718.4841,95,4330.769,4349.744,4201.026,4169.231,4285.128,16187.0
1774430718.492,96,4329.744,4352.821,4204.615,4178.462,4310.769,450.0
1774430718.4999,97,4343.077,4353.846,4191.282,4171.282,4302.564,450.0
1774430718.5077,98,4345.641,4354.872,4192.821,4164.103,4283.077,450.0
1774430718.5155,99,4324.615,4360.513,4195.385,4169.231,4278.974,16187.0
1774430718.5233,100,4308.718,4367.692,4192.308,4161.538,4280.513,450.0
1774430718.5312,101,4312.308,4354.872,4199.487,4146.154,4277.436,450.0
1774430718.5391,102,4318.974,4361.026,4209.231,4157.949,4284.103,450.0
1774430718.547,103,4321.538,4368.718,4213.846,4165.128,4291.282,16187.0
1774430718.5548,104,4322.051,4339.487,4211.282,4150.256,4286.154,450.0
1774430718.5627,105,4328.718,4313.333,4207.692,4149.231,4269.231,450.0
1774430718.5705,106,4344.615,4300.0,4211.282,4156.923,4254.872,450.0
1774430718.5784,107,4341.026,4299.487,4198.462,4149.744,4268.718,16187.0
1774430718.5863,108,4333.333,4312.821,4187.692,4151.795,4292.308,450.0
1774430718.5942,109,4350.769,4314.359,4206.667,4179.487,4297.949,450.0
1774430718.602,110,4360.513,4289.744,4235.897,4185.128,4293.846,450.0
1774430718.6099,111,4348.205,4274.872,4249.231,4167.692,4282.564,16187.0
1774430718.6177,112,4344.103,4299.487,4238.974,4168.205,4271.282,450.0
1774430718.6256,113,4352.308,4314.872,4223.59,4186.154,4274.872,450.0
1774430718.6335,114,4347.179,4316.923,4222.564,4176.41,4279.487,450.0
1774430718.6414,115,4326.154,4320.513,4231.795,4147.692,4269.231,16187.0
1774430718.6493,116,4318.462,4302.051,4217.436,4154.359,4268.205,450.0
1774430718.6571,117,4344.615,4292.821,4201.026,4182.564,4294.359,450.0
1774430718.665,118,4370.256,4305.128,4209.231,4189.231,4305.641,450.0
1774430718.6728,119,4357.436,4296.41,4205.641,4176.41,4284.615,16187.0
1774430718.6807,120,4338.974,4286.154,4198.462,4174.359,4278.462,450.0
1774430718.6886,121,4344.615,4298.974,4205.128,4180.0,4291.795,450.0
1774430718.6965,122,4345.641,4296.41,4198.462,4168.718,4281.538,450.0
1774430718.7043,123,4344.615,4282.564,4187.692,4157.949,4261.538,16187.0
1774430718.7122,124,4355.385,4289.231,4195.897,4162.564,4267.692,450.0
1774430718.72,125,4340.0,4286.154,4206.667,4160.0,4275.897,450.0
1774430718.7279,126,4315.897,4284.103,4185.641,4164.615,4280.513,450.0
1774430718.7357,127,4325.641,4308.205,4172.308,4187.692,4282.051,242.0
1774430718.7437,0,4350.769,4321.026,4186.154,4201.026,4285.128,450.0
1774430718.7516,1,4347.863,4322.393,4189.06,4196.524,4286.325,450.0
1774430718.7594,2,4344.957,4323.761,4191.966,4192.023,4287.521,16224.0
1774430718.7672,3,4342.051,4325.128,4194.872,4187.521,4288.718,450.0
1774430718.775,4,4339.145,4326.496,4197.778,4183.02,4289.915,16198.0
1774430718.7828,5,4336.239,4327.863,4200.684,4178.519,4291.111,450.0
1774430718.7907,6,4333.333,4329.231,4203.59,4174.017,4292.308,16172.0
1774430718.7985,7,4330.427,4330.598,4206.496,4169.516,4293.504,450.0
1774430718.8063,8,4327.521,4331.966,4209.402,4165.014,4294.701,450.0
1774430718.8141,9,4324.615,4333.333,4212.308,4160.513,4295.897,16187.0
1774430718.8219,10,4318.462,4338.462,4211.795,4159.487,4297.949,450.0
1774430718.8296,11,4315.385,4311.282,4200.513,4153.333,4274.872,16197.0
1774430718.8374,12,4332.821,4292.821,4209.231,4161.538,4270.769,450.0
1774430718.8452,13,4351.795,4300.0,4214.872,4173.333,4287.692,450.0
1774430718.8529,14,4343.59,4288.205,4209.231,4172.821,4281.538,450.0
1774430718.8607,15,4333.846,4292.821,4213.333,4163.59,4272.308,16197.0
1774430718.8685,16,4348.718,4305.128,4208.718,4170.256,4285.641,0.0
1774430718.8762,17,4349.744,4296.923,4190.256,4183.077,4284.103,0.0
1774430718.8839,18,4334.872,4302.564,4185.128,4181.026,4271.282,0.0
1774430718.8917,19,4346.667,4337.436,4183.59,4184.615,4291.795,0.0
1774430718.8995,20,4360.0,4350.769,4186.154,4182.051,4303.59,0.0
1774430718.9073,21,4355.897,4326.667,4191.282,4172.308,4297.949,0.0
1774430718.915,22,4338.462,4310.769,4184.103,4172.308,4304.103,0.0
1774430718.9228,23,4322.564,4316.923,4171.795,4178.462,4290.769,0.0
1774430718.9305,24,4316.41,4344.615,4168.205,4167.179,4272.821,0.0
1774430718.9383,25,4323.077,4344.615,4186.154,4150.769,4286.667,0.0
1774430718.946,26,4337.436,4314.359,4200.513,4168.718,4310.256,0.0
1774430718.9538,27,4335.385,4306.154,4192.821,4184.615,4307.179,0.0
1774430718.9616,28,4325.128,4333.333,4177.436,4175.385,4294.359,0.0
1774430718.9694,29,4322.564,4350.256,4172.308,4164.615,4284.103,0.0
1774430718.9771,30,4325.641,4307.692,4182.564,4167.179,4278.974,0.0
1774430718.9849,31,4324.615,4270.769,4207.692,4167.692,4274.872,0.0
1774430718.9926,32,4314.359,4275.897,4224.103,4152.308,4263.077,0.0
1774430719.0004,33,4312.308,4284.615,4218.462,4146.667,4266.667,0.0
1774430719.0082,34,4326.667,4274.872,4210.769,4155.385,4272.821,0.0
1774430719.0159,35,4335.385,4272.308,4197.949,4164.615,4261.026,0.0
1774430719.0237,36,4330.769,4275.897,4177.436,4165.641,4255.897,0.0
1774430719.0314,37,4329.231,4270.769,4166.154,4166.154,4256.41,0.0
1774430719.0392,38,4333.333,4274.359,4177.949,4166.154,4255.385,0.0
1774430719.0469,39,4347.692,4266.154,4189.744,4182.051,4280.513,0.0
1774430719.0547,40,4362.564,4251.795,4185.641,4204.103,4320.0,0.0
1774430719.0625,41,4357.949,4252.821,4168.205,4195.897,4316.41,0.0
1774430719.0703,42,4344.103,4270.256,4141.026,4185.641,4298.974,0.0
1774430719.078,43,4343.59,4295.897,4148.205,4194.872,4308.718,0.0
1774430719.0858,44,4335.897,4315.385,4161.026,4184.103,4305.128,0.0
1774430719.0935,45,4316.923,4313.333,4151.282,4153.846,4277.436,0.0
1774430719.1013,46,4320.0,4306.667,4155.897,4153.333,4273.333,0.0
1774430719.1091,47,4322.564,4325.641,4165.641,4172.308,4290.256,0.0
1774430719.1169,48,4321.538,4321.538,4168.205,4180.0,4293.333,0.0
1774430719.1246,49,4336.41,4288.718,4184.103,4178.974,4290.769,0.0
1774430719.1324,50,4334.359,4288.718,4207.179,4170.256,4289.744,0.0
1774430719.1401,51,4313.333,4305.128,4209.231,4164.615,4277.949,0.0
1774430719.1479,52,4318.974,4282.564,4204.103,4151.795,4257.949,0.0
1774430719.1556,53,4346.154,4266.667,4200.0,4154.359,4262.051,0.0
1774430719.1635,54,4351.282,4272.821,4183.077,4178.462,4284.103,0.0
1774430719.1712,55,4340.0,4252.821,4172.308,4178.974,4275.897,0.0
1774430719.179,56,4332.821,4251.282,4190.769,4163.077,4256.923,0.0
1774430719.1867,57,4332.308,4274.872,4199.487,4170.769,4256.923,0.0
1774430719.1945,58,4333.846,4276.923,4176.41,4166.667,4264.615,0.0
1774430719.2022,59,4345.128,4288.718,4169.231,4162.051,4289.744,0.0
1774430719.21,60,4355.385,4311.282,4168.205,4194.359,4312.308,0.0
1774430719.2178,61,4345.128,4291.282,4157.436,4193.846,4298.974,0.0
1774430719.2256,62,4348.205,4277.949,4152.821,4174.359,4293.333,0.0
1774430719.2333,63,4352.308,4298.974,4140.0,4181.538,4298.974,0.0
1774430719.241,64,4320.513,4303.077,4127.692,4168.205,4278.974,450.0
1774430719.2488,65,4305.641,4307.692,4148.718,4139.487,4271.795,450.0
1774430719.2565,66,4334.359,4308.718,4177.949,4150.769,4287.179,16206.0
1774430719.2643,67,4336.41,4298.974,4180.0,4167.179,4281.026,450.0
1774430719.2721,68,4317.949,4290.256,4176.923,4147.692,4269.231,16163.0
1774430719.2798,69,4333.846,4283.077,4186.154,4144.615,4287.179,450.0
1774430719.2876,70,4338.974,4255.897,4186.667,4148.718,4282.051,16168.0
1774430719.2953,71,4322.051,4263.077,4172.821,4134.872,4253.846,450.0
1774430719.3031,72,4332.821,4310.256,4177.436,4142.564,4272.821,450.0
1774430719.3109,73,4342.051,4295.897,4187.692,4158.462,4296.923,16190.0
1774430719.3186,74,4330.769,4262.051,4187.692,4145.128,4277.949,450.0
1774430719.3265,75,4342.051,4276.923,4189.231,4141.026,4262.564,16193.0
1774430719.3342,76,4354.359,4304.103,4188.205,4165.128,4280.0,450.0
1774430719.342,77,4349.744,4291.282,4181.538,4172.821,4291.282,450.0
1774430719.3497,78,4349.231,4277.436,4179.487,4167.692,4288.205,450.0
1774430719.3575,79,4341.538,4295.385,4190.769,4166.154,4284.103,16193.0
1774430719.3652,80,4330.256,4300.513,4178.974,4160.0,4271.795,450.0
1774430719.373,81,4326.154,4287.179,4165.128,4154.872,4266.154,450.0
1774430719.3808,82,4342.564,4285.128,4175.897,4172.821,4294.872,450.0
1774430719.3886,83,4363.077,4296.923,4164.615,4188.205,4315.897,16193.0
1774430719.3963,84,4358.462,4288.718,4160.513,4172.821,4300.0,450.0
1774430719.4041,85,4360.0,4279.487,4172.308,4172.821,4306.667,450.0
1774430719.4118,86,4372.821,4277.436,4166.667,4189.744,4326.154,450.0
1774430719.4196,87,4354.359,4281.026,4152.821,4188.718,4310.769,16193.0
1774430719.4273,88,4334.872,4306.154,4148.205,4182.051,4301.538,450.0
1774430719.4352,89,4353.846,4288.718,4161.538,4184.103,4311.795,450.0
1774430719.4429,90,4351.795,4267.692,4157.436,4176.923,4306.154,450.0
1774430719.4506,91,4315.897,4315.385,4137.436,4158.974,4293.333,16193.0
1774430719.4584,92,4313.846,4347.179,4136.923,4160.0,4288.205,450.0
1774430719.4661,93,4333.846,4323.59,4148.205,4166.667,4291.282,450.0
1774430719.4739,94,4340.513,4309.744,4161.538,4167.692,4307.179,450.0
1774430719.4816,95,4328.205,4317.436,4172.308,4169.744,4312.821,16193.0
1774430719.4895,96,4303.59,4309.744,4165.128,4164.103,4288.718,450.0
1774430719.4972,97,4294.359,4318.462,4153.846,4159.487,4277.436,450.0
1774430719.505,98,4306.154,4326.667,4167.692,4152.308,4279.487,450.0
1774430719.5127,99,4325.641,4300.513,4178.462,4150.256,4280.513,16193.0
1774430719.5205,100,4332.821,4283.59,4178.974,4159.487,4287.692,450.0
1774430719.5282,101,4314.872,4282.051,4189.231,4161.026,4268.205,450.0
1774430719.536,102,4296.923,4277.949,4184.103,4147.692,4248.205,450.0
1774430719.5438,103,4304.615,4255.385,4157.436,4140.513,4259.487,16193.0
1774430719.5516,104,4317.949,4244.615,4152.821,4146.667,4260.513,450.0
1774430719.5593,105,4325.128,4285.641,4165.128,4163.59,4265.641,450.0
1774430719.5671,106,4319.487,4318.462,4151.282,4172.821,4290.769,450.0
1774430719.5748,107,4313.846,4299.487,4151.795,4162.564,4289.231,16193.0
1774430719.5826,108,4323.077,4289.744,4175.385,4160.0,4273.846,450.0
1774430719.5903,109,4317.436,4305.128,4169.744,4158.974,4282.564,450.0
1774430719.5982,110,4307.692,4310.256,4161.538,4150.769,4287.692,450.0
1774430719.6059,111,4315.897,4315.897,4171.795,4149.231,4272.821,16193.0
1774430719.6136,112,4325.128,4315.385,4172.308,4157.949,4274.359,450.0
1774430719.6214,113,4322.564,4297.436,4173.846,4158.462,4280.0,450.0
1774430719.6291,114,4327.692,4288.718,4203.59,4149.744,4263.59,450.0
1774430719.6369,115,4341.026,4294.359,4227.692,4151.795,4266.154,16193.0
1774430719.6446,116,4332.821,4281.538,4209.744,4143.59,4274.872,450.0
1774430719.6525,117,4312.821,4271.795,4185.641,4136.41,4257.949,450.0
1774430719.6602,118,4318.462,4261.538,4189.231,4150.769,4255.897,450.0
1774430719.668,119,4332.821,4240.0,4197.949,4158.974,4278.462,16193.0
1774430719.6758,120,4320.0,4251.282,4200.0,4155.385,4286.667,450.0
1774430719.6835,121,4323.59,4257.436,4210.256,4161.538,4278.462,450.0
1774430719.6912,122,4341.026,4244.103,4212.821,4167.692,4276.41,450.0
1774430719.699,123,4331.282,4254.872,4196.41,4168.205,4273.846,16193.0
1774430719.7068,124,4329.744,4268.205,4187.179,4171.795,4274.359,450.0
1774430719.7146,125,4343.077,4250.769,4201.026,4160.513,4275.385,450.0
1774430719.7223,126,4338.462,4247.179,4193.333,4165.128,4274.872,450.0
1774430719.7301,127,4327.692,4258.974,4168.718,4182.051,4280.0,242.0
1774430719.7378,0,4325.128,4260.0,4153.333,4165.641,4286.667,450.0
1774430719.7455,1,4305.641,4277.949,4133.333,4155.385,4296.923,450.0
1774430719.7533,2,4306.154,4282.564,4142.564,4177.436,4306.667,16209.0
1774430719.7611,3,4336.923,4265.641,4179.487,4184.103,4293.333,450.0
1774430719.7689,4,4324.615,4248.718,4182.564,4150.256,4263.59,16172.0
1774430719.7766,5,4298.462,4230.769,4168.205,4123.59,4247.692,450.0
1774430719.7844,6,4313.846,4223.077,4183.59,4132.308,4246.667,16176.0
1774430719.7922,7,4324.615,4234.359,4191.795,4145.641,4250.769,450.0
1774430719.7999,8,4318.974,4246.154,4166.667,4150.256,4260.513,450.0
1774430719.8077,9,4327.692,4238.462,4153.333,4162.564,4269.231,16187.0
1774430719.8155,10,4331.282,4238.974,4163.077,4176.41,4276.923,450.0
1774430719.8232,11,4314.872,4271.795,4157.949,4168.718,4281.026,16195.0
1774430719.831,12,4312.821,4293.846,4152.308,4158.974,4277.949,450.0
1774430719.8387,13,4313.846,4268.718,4173.333,4158.974,4273.333,450.0
1774430719.8465,14,4295.897,4250.769,4195.897,4146.667,4271.282,450.0
1774430719.8542,15,4295.897,4268.718,4195.385,4142.051,4268.205,16195.0
1774430719.8621,16,4320.513,4262.564,4180.513,4162.051,4261.538,0.0
1774430719.8698,17,4326.154,4240.0,4173.846,4168.718,4262.051,0.0
1774430719.8776,18,4322.051,4246.154,4165.641,4163.59,4280.513,0.0
1774430719.8853,19,4329.231,4240.0,4144.615,4171.282,4277.949,0.0
1774430719.8931,20,4331.795,4218.462,4146.667,4171.795,4254.359,0.0
1774430719.9008,21,4317.949,4255.897,4156.923,4165.641,4265.128,0.0
1774430719.9085,22,4298.462,4289.231,4145.641,4164.103,4282.051,0.0
1774430719.9164,23,4289.744,4263.59,4148.205,4155.385,4264.103,0.0
1774430719.9241,24,4290.256,4257.949,4163.59,4143.077,4247.692,0.0
1774430719.9319,25,4286.667,4286.154,4161.026,4142.051,4253.846,0.0
1774430719.9397,26,4290.769,4260.0,4159.487,4153.333,4253.333,0.0
1774430719.9474,27,4317.436,4221.026,4175.385,4164.615,4251.795,0.0
1774430719.9552,28,4343.59,4247.692,4182.051,4169.744,4266.667,0.0
1774430719.9629,29,4336.41,4255.897,4164.103,4168.205,4267.179,0.0
1774430719.9708,30,4316.41,4218.974,4164.103,4165.641,4252.821,0.0
1774430719.9785,31,4319.487,4242.051,4167.179,4168.205,4264.615,0.0
1774430719.9863,32,4330.256,4298.974,4144.615,4169.744,4294.359,0.0
1774430719.994,33,4323.077,4296.923,4136.923,4169.231,4302.051,0.0
1774430720.0017,34,4299.487,4269.231,4147.692,4151.795,4276.41,0.0
1774430720.0095,35,4285.128,4255.897,4145.641,4131.795,4243.59,0.0
1774430720.0172,36,4302.051,4230.256,4151.795,4142.051,4239.487,0.0
1774430720.0251,37,4321.538,4221.026,4174.359,4160.0,4248.205,0.0
1774430720.0328,38,4323.59,4259.487,4182.051,4161.538,4251.282,0.0
1774430720.0406,39,4326.154,4295.897,4157.949,4166.154,4270.769,0.0
1774430720.0483,40,4326.154,4300.513,4140.0,4168.718,4290.256,0.0
1774430720.0561,41,4311.795,4304.615,4149.231,4153.846,4275.897,0.0
1774430720.0639,42,4294.872,4302.564,4155.897,4138.462,4246.667,0.0
1774430720.0716,43,4303.077,4303.59,4157.436,4145.641,4252.821,0.0
1774430720.0795,44,4316.41,4286.154,4157.436,4156.923,4258.462,0.0
1774430720.0872,45,4305.641,4230.256,4154.359,4146.667,4233.333,0.0
1774430720.0949,46,4302.051,4212.308,4149.231,4139.487,4235.897,0.0
1774430720.1027,47,4311.795,4244.615,4132.308,4149.231,4265.128,0.0
1774430720.1104,48,4313.846,4254.872,4132.308,4158.462,4267.692,0.0
1774430720.1182,49,4310.256,4249.231,4148.718,4153.333,4255.897,0.0
1774430720.1259,50,4306.154,4256.923,4156.41,4148.205,4264.615,0.0
1774430720.1338,51,4301.538,4248.718,4166.154,4160.513,4265.641,0.0
1774430720.1415,52,4307.179,4217.949,4176.41,4154.872,4246.154,0.0
1774430720.1493,53,4308.205,4192.308,4170.256,4134.872,4238.462,0.0
1774430720.157,54,4300.513,4199.487,4158.462,4144.103,4238.974,0.0
1774430720.1647,55,4304.103,4226.667,4151.795,4163.59,4241.026,0.0
1774430720.1725,56,4306.667,4228.718,4144.103,4165.128,4253.846,0.0
1774430720.1802,57,4288.205,4223.077,4143.59,4156.41,4255.897,0.0
1774430720.1881,58,4273.333,4234.872,4164.103,4151.795,4242.564,0.0
1774430720.1959,59,4296.41,4234.872,4183.59,4152.308,4243.59,0.0
1774430720.2036,60,4333.333,4213.846,4182.051,4158.974,4245.128,0.0
1774430720.2113,61,4330.256,4202.564,4176.923,4166.154,4234.872,0.0
1774430720.219,62,4301.538,4201.538,4160.513,4166.667,4247.179,0.0
1774430720.2268,63,4291.795,4217.949,4145.641,4153.333,4267.179,0.0
1774430720.2345,64,4295.385,4242.051,4163.59,4136.41,4266.154,450.0
1774430720.2424,65,4286.154,4229.231,4177.436,4136.41,4241.026,450.0
1774430720.2501,66,4285.641,4223.59,4174.359,4142.564,4222.564,16202.0
1774430720.2579,67,4303.077,4249.744,4177.436,4151.282,4235.897,450.0
1774430720.2656,68,4301.538,4233.333,4167.179,4165.128,4253.333,16182.0
1774430720.2733,69,4291.795,4203.59,4148.205,4164.103,4258.974,450.0
1774430720.2811,70,4289.744,4235.385,4152.308,4154.359,4257.436,16156.0
1774430720.2889,71,4289.744,4266.154,4166.154,4153.846,4247.179,450.0
1774430720.2967,72,4303.59,4246.154,4170.769,4167.179,4240.513,450.0
1774430720.3045,73,4312.821,4205.128,4178.974,4161.026,4241.538,16191.0
1774430720.3122,74,4304.615,4190.769,4179.487,4146.667,4244.103,450.0
1774430720.32,75,4306.154,4234.872,4158.462,4172.821,4257.436,16191.0
1774430720.3277,76,4316.923,4272.821,4154.359,4190.769,4272.821,450.0
1774430720.3355,77,4305.128,4263.59,4165.641,4162.051,4259.487,450.0
1774430720.3432,78,4279.487,4258.462,4166.667,4136.41,4230.769,450.0
1774430720.351,79,4280.513,4262.051,4180.0,4147.179,4229.231,16191.0
1774430720.3588,80,4297.949,4235.897,4190.769,4156.41,4239.487,450.0
1774430720.3665,81,4300.0,4228.718,4177.949,4140.0,4234.359,450.0
1774430720.3743,82,4301.538,4266.154,4164.615,4140.513,4242.564,450.0
1774430720.382,83,4300.513,4287.179,4156.41,4163.077,4266.154,16191.0
1774430720.3898,84,4281.026,4281.538,4152.821,4175.385,4265.641,450.0
1774430720.3975,85,4266.667,4282.564,4162.564,4151.795,4233.846,450.0
1774430720.4054,86,4268.718,4273.333,4174.872,4122.564,4213.333,450.0
1774430720.4131,87,4283.59,4254.872,4175.897,4136.923,4232.821,16191.0
1774430720.4209,88,4310.769,4269.744,4167.692,4167.179,4262.051,450.0
1774430720.4286,89,4327.179,4286.154,4168.718,4173.846,4263.59,450.0
1774430720.4363,90,4316.923,4285.641,4160.513,4168.718,4253.846,450.0
1774430720.4441,91,4304.103,4308.718,4143.077,4166.667,4250.256,16191.0
1774430720.4519,92,4308.718,4325.128,4151.795,4160.0,4260.513,450.0
1774430720.4596,93,4301.538,4306.154,4164.103,4149.231,4273.333,450.0
1774430720.4674,94,4284.615,4315.385,4162.051,4151.282,4273.846,450.0
1774430720.4751,95,4293.846,4335.897,4175.897,4163.077,4265.128,16191.0
1774430720.4829,96,4308.205,4286.154,4196.41,4158.462,4244.615,450.0
1774430720.4906,97,4303.59,4244.615,4188.718,4144.103,4226.154,450.0
1774430720.4984,98,4306.667,4291.795,4166.667,4162.564,4240.0,450.0
1774430720.5062,99,4320.0,4333.333,4175.897,4186.667,4273.333,16191.0
1774430720.514,100,4300.513,4326.667,4177.949,4165.641,4272.308,450.0
1774430720.5218,101,4288.718,4357.949,4173.846,4156.923,4271.795,450.0
1774430720.5295,102,4286.154,4357.949,4169.744,4156.923,4269.231,450.0
1774430720.5373,103,4240.0,4250.256,4128.718,4099.487,4203.077,16191.0
1774430720.545,104,4271.795,4262.051,4161.026,4115.897,4219.487,450.0
1774430720.5527,105,4275.897,4325.128,4167.179,4145.128,4247.179,450.0
1774430720.5606,106,4106.667,4186.154,4018.974,4006.154,4103.077,450.0
1774430720.5683,107,4078.462,4115.385,3999.487,3954.872,4055.385,16191.0
1774430720.5761,108,4276.41,4292.308,4166.667,4127.179,4233.846,450.0
1774430720.5838,109,4332.308,4382.564,4211.282,4200.0,4311.795,450.0
1774430720.5916,110,4253.333,4308.718,4159.487,4124.615,4231.282,450.0
1774430720.5993,111,4280.513,4289.744,4195.385,4121.026,4210.769,16191.0
1774430720.6071,112,4300.513,4313.333,4222.564,4148.205,4225.641,450.0
1774430720.6149,113,4285.128,4328.205,4210.769,4161.026,4240.513,450.0
1774430720.6226,114,4312.821,4344.103,4212.821,4188.718,4277.949,450.0
1774430720.6304,115,4305.128,4345.128,4196.923,4177.436,4273.333,16191.0
1774430720.6382,116,4273.333,4361.026,4181.538,4150.256,4244.103,450.0
1774430720.6459,117,4273.846,4353.846,4184.103,4147.179,4239.487,450.0
1774430720.6537,118,4300.0,4309.231,4200.513,4158.462,4261.026,450.0
1774430720.6614,119,4304.615,4288.205,4211.282,4153.333,4257.949,16191.0
1774430720.6693,120,4300.0,4307.692,4220.0,4142.564,4234.872,450.0
1774430720.677,121,4305.641,4312.308,4221.026,4155.385,4235.897,450.0
1774430720.6848,122,4292.308,4284.615,4201.538,4156.41,4238.974,450.0
1774430720.6925,123,4293.333,4306.154,4188.205,4151.795,4255.897,16191.0
1774430720.7003,124,4317.436,4355.385,4188.718,4174.359,4285.128,450.0
1774430720.708,125,4322.051,4346.667,4188.205,4189.744,4289.231,450.0
1774430720.7158,126,4305.128,4338.462,4182.564,4168.205,4278.974,450.0
1774430720.7236,127,4299.487,4365.641,4186.667,4146.154,4275.385,242.0
1774430720.7314,0,4309.231,4357.949,4203.59,4151.282,4262.051,450.0
1774430720.7391,1,4307.179,4325.641,4218.462,4150.256,4241.026,450.0
1774430720.7468,2,4294.359,4321.538,4223.59,4137.949,4244.615,16222.0
1774430720.7545,3,4292.308,4307.692,4204.615,4144.103,4257.949,450.0
1774430720.7623,4,4308.205,4280.513,4192.821,4156.41,4245.128,16203.0
1774430720.7702,5,4321.538,4310.256,4200.0,4158.462,4243.59,450.0
1774430720.7779,6,4311.795,4363.077,4188.205,4158.462,4278.974,16168.0
1774430720.7857,7,4297.949,4353.846,4174.872,4165.128,4292.308,450.0
1774430720.7934,8,4293.333,4325.128,4190.256,4159.487,4263.077,450.0
1774430720.8012,9,4292.308,4321.538,4205.641,4137.436,4246.667,16195.0
1774430720.8089,10,4294.872,4303.077,4200.513,4136.923,4249.744,450.0
1774430720.8167,11,4298.462,4274.359,4189.231,4153.333,4237.949,16212.0
1774430720.8245,12,4297.949,4288.205,4186.667,4152.308,4226.667,450.0
1774430720.8323,13,4301.538,4320.0,4186.154,4152.308,4246.667,450.0
1774430720.84,14,4306.667,4317.436,4173.846,4166.667,4276.923,450.0
1774430720.8478,15,4297.436,4311.282,4155.897,4164.615,4275.897,16212.0
1774430720.8555,16,4267.179,4325.128,4160.0,4139.487,4242.051,0.0
1774430720.8633,17,4250.256,4325.128,4189.744,4130.256,4224.103,0.0
1774430720.871,18,4278.462,4297.436,4215.385,4151.282,4235.897,0.0
1774430720.8789,19,4307.692,4265.641,4232.821,4170.769,4244.103,0.0
1774430720.8866,20,4302.051,4264.103,4249.231,4168.718,4238.974,0.0
1774430720.8943,21,4284.103,4288.718,4229.231,4153.846,4238.462,0.0
1774430720.9022,22,4285.641,4310.769,4214.872,4154.872,4257.436,0.0
1774430720.91,23,4294.359,4314.359,4247.179,4173.333,4270.256,0.0
1774430720.9178,24,4272.308,4283.077,4254.359,4154.359,4234.872,0.0
1774430720.9256,25,4254.359,4248.718,4244.615,4129.744,4217.436,0.0
1774430720.9334,26,4296.923,4243.077,4266.667,4165.128,4263.077,0.0
1774430720.9412,27,4332.308,4250.769,4268.718,4192.821,4279.487,0.0
1774430720.9489,28,4300.0,4263.077,4234.872,4175.897,4247.692,0.0
1774430720.9567,29,4278.462,4276.41,4214.359,4172.308,4246.154,0.0
1774430720.9644,30,4298.462,4281.026,4217.949,4167.692,4253.333,0.0
1774430720.9722,31,4283.077,4284.615,4218.462,4145.128,4233.333,0.0
1774430720.9799,32,4244.103,4289.231,4221.538,4142.564,4231.795,0.0
1774430720.9878,33,4261.538,4273.846,4231.795,4153.846,4250.769,0.0
1774430720.9955,34,4302.564,4243.59,4225.128,4157.436,4245.128,0.0
1774430721.0033,35,4297.949,4241.026,4212.821,4163.59,4230.256,0.0
1774430721.011,36,4272.308,4279.487,4202.564,4167.692,4244.615,0.0
1774430721.0187,37,4273.846,4306.667,4187.692,4157.436,4270.256,0.0
1774430721.0265,38,4286.667,4296.41,4185.641,4157.436,4278.974,0.0
1774430721.0342,39,4278.462,4279.487,4190.769,4157.436,4265.641,0.0
1774430721.0421,40,4271.282,4265.128,4191.795,4148.718,4248.718,0.0
1774430721.0498,41,4280.513,4250.256,4194.359,4147.179,4237.436,0.0
1774430721.0577,42,4277.436,4252.821,4193.846,4151.282,4224.103,0.0
1774430721.0655,43,4272.821,4258.974,4196.923,4158.974,4233.333,0.0
1774430721.0734,44,4286.154,4262.564,4195.897,4161.538,4259.487,0.0
1774430721.0812,45,4289.744,4271.282,4182.051,4143.59,4260.0,0.0
1774430721.0892,46,4275.385,4267.692,4181.538,4121.538,4239.487,0.0
1774430721.097,47,4256.923,4240.513,4206.667,4124.103,4222.051,0.0
1774430721.1049,48,4246.667,4219.487,4213.846,4131.282,4216.923,0.0
1774430721.1127,49,4262.564,4242.051,4181.538,4139.487,4226.154,0.0
1774430721.1206,50,4285.128,4292.821,4167.692,4154.359,4244.615,0.0
1774430721.1284,51,4287.179,4317.436,4191.282,4160.0,4261.538,0.0
1774430721.1362,52,4268.205,4291.282,4200.0,4150.256,4251.795,0.0
1774430721.144,53,4248.205,4266.154,4191.795,4132.821,4222.564,0.0
1774430721.1517,54,4257.949,4256.923,4197.949,4138.462,4218.974,0.0
1774430721.1595,55,4280.0,4237.949,4201.026,4169.744,4234.359,0.0
1774430721.1672,56,4280.0,4242.564,4188.718,4182.564,4248.718,0.0
1774430721.175,57,4276.923,4290.256,4182.564,4169.744,4271.282,0.0
1774430721.1827,58,4275.385,4296.41,4189.744,4156.923,4272.821,0.0
1774430721.1906,59,4264.103,4257.949,4204.103,4138.462,4234.872,0.0
1774430721.1985,60,4266.154,4265.128,4223.077,4118.974,4215.385,0.0
1774430721.2064,61,4285.641,4285.128,4237.436,4123.59,4234.872,0.0
1774430721.2142,62,4297.949,4269.744,4231.795,4140.0,4238.462,0.0
1774430721.2221,63,4293.846,4261.026,4221.538,4153.333,4224.103,0.0
1774430721.2299,64,4279.487,4280.0,4218.974,4164.103,4232.821,450.0
1774430721.2377,65,4262.564,4294.872,4207.692,4154.872,4253.846,450.0
1774430721.2454,66,4266.667,4305.128,4205.641,4140.513,4271.282,16205.0
1774430721.2533,67,4285.128,4286.667,4219.487,4148.205,4265.128,450.0
1774430721.261,68,4293.333,4247.692,4231.795,4168.205,4244.103,16191.0
1774430721.2689,69,4314.359,4276.923,4235.897,4189.744,4261.538,450.0
1774430721.2767,70,4328.718,4311.795,4212.821,4190.769,4290.256,16166.0
1774430721.2846,71,4309.231,4280.0,4184.615,4172.821,4280.0,450.0
1774430721.2924,72,4288.205,4280.0,4188.205,4165.641,4265.641,450.0
1774430721.3003,73,4283.59,4315.385,4209.231,4161.026,4258.462,16195.0
1774430721.3083,74,4282.564,4289.744,4212.821,4151.795,4237.436,450.0
1774430721.3161,75,4282.564,4233.333,4197.436,4151.282,4229.231,16198.0
1774430721.3239,76,4283.077,4240.513,4196.41,4157.436,4237.949,450.0
1774430721.3316,77,4287.692,4296.923,4198.974,4171.282,4252.308,450.0
1774430721.3395,78,4288.718,4326.667,4176.41,4172.308,4268.718,450.0
1774430721.3473,79,4274.872,4309.744,4167.179,4153.333,4268.718,16198.0
1774430721.3552,80,4264.103,4282.564,4190.256,4145.641,4248.205,450.0
1774430721.3631,81,4270.769,4283.077,4209.231,4155.385,4235.897,450.0
1774430721.3709,82,4285.641,4286.667,4205.641,4164.103,4246.154,450.0
1774430721.3788,83,4309.231,4284.615,4194.872,4180.0,4275.897,16198.0
1774430721.3866,84,4313.333,4289.744,4178.462,4181.538,4285.128,450.0
1774430721.3945,85,4275.385,4282.564,4161.026,4143.077,4241.538,450.0
1774430721.4023,86,4269.744,4276.41,4176.923,4133.333,4226.154,450.0
1774430721.4103,87,4312.821,4277.436,4210.769,4176.923,4275.385,16198.0
1774430721.4181,88,4303.077,4262.564,4211.795,4187.692,4278.462,450.0
1774430721.426,89,4265.128,4244.615,4196.923,4162.051,4240.513,450.0
1774430721.4339,90,4282.051,4259.487,4185.641,4158.974,4258.462,450.0
1774430721.4417,91,4304.615,4294.872,4179.487,4163.59,4283.077,16198.0
1774430721.4496,92,4290.769,4311.282,4186.667,4157.949,4266.667,450.0
1774430721.4574,93,4270.769,4296.41,4191.282,4145.641,4255.385,450.0
1774430721.4654,94,4261.538,4291.282,4189.744,4131.795,4261.026,450.0
1774430721.4732,95,4269.231,4296.923,4191.795,4143.59,4253.846,16198.0
1774430721.4811,96,4285.128,4263.077,4203.59,4164.615,4232.821,450.0
1774430721.4889,97,4293.333,4246.154,4209.231,4164.103,4232.308,450.0
1774430721.4968,98,4284.103,4300.0,4186.154,4162.564,4250.256,450.0
1774430721.5046,99,4264.615,4322.564,4178.974,4170.769,4254.872,16198.0
1774430721.5125,100,4258.974,4293.333,4207.692,4166.667,4245.128,450.0
1774430721.5204,101,4252.821,4295.385,4220.513,4149.744,4232.821,450.0
1774430721.5283,102,4239.487,4298.462,4208.718,4136.923,4222.051,450.0
1774430721.5361,103,4251.795,4269.744,4203.077,4156.41,4233.333,16198.0
1774430721.544,104,4269.231,4256.41,4205.128,4184.103,4250.256,450.0
1774430721.5518,105,4263.077,4264.103,4194.872,4165.128,4241.538,450.0
1774430721.5597,106,4253.333,4276.923,4191.795,4131.795,4227.179,450.0
1774430721.5676,107,4252.308,4292.308,4208.718,4132.308,4213.846,16198.0
1774430721.5755,108,4258.974,4279.487,4209.231,4146.667,4201.026,450.0
1774430721.5834,109,4269.744,4249.744,4190.256,4151.795,4218.462,450.0
1774430721.5912,110,4257.436,4260.0,4182.051,4154.359,4240.513,450.0
1774430721.5991,111,4227.179,4269.231,4193.846,4134.359,4209.744,16198.0
1774430721.6069,112,4238.974,4248.205,4213.846,4122.564,4187.692,450.0
1774430721.6148,113,4274.872,4244.615,4208.718,4157.436,4225.128,450.0
1774430721.6227,114,4264.103,4260.0,4186.667,4164.615,4242.564,450.0
1774430721.6306,115,4240.0,4269.744,4192.308,4134.872,4227.692,16198.0
1774430721.6384,116,4256.923,4253.846,4214.359,4137.949,4220.513,450.0
1774430721.6463,117,4273.333,4225.641,4210.769,4156.41,4214.872,450.0
1774430721.6541,118,4262.051,4243.59,4183.59,4158.462,4229.231,450.0
1774430721.662,119,4249.744,4278.974,4164.103,4164.615,4249.231,16198.0
1774430721.6698,120,4251.282,4254.872,4174.872,4157.436,4232.308,450.0
1774430721.6778,121,4261.026,4214.872,4206.154,4131.282,4209.744,450.0
1774430721.6856,122,4272.821,4219.487,4220.0,4128.205,4217.949,450.0
1774430721.6935,123,4261.538,4242.564,4201.538,4141.538,4237.436,16198.0
1774430721.7013,124,4240.0,4268.205,4185.128,4144.103,4250.769,450.0
1774430721.7092,125,4244.615,4287.692,4199.487,4148.205,4249.231,450.0
1774430721.717,126,4259.487,4251.795,4220.513,4150.256,4220.0,450.0
1774430721.725,127,4259.487,4211.282,4227.179,4143.59,4204.103,242.0
1774430721.7328,0,4256.41,4236.923,4216.41,4148.718,4230.256,450.0
1774430721.7407,1,4248.205,4273.333,4195.385,4161.026,4247.692,450.0
1774430721.7485,2,4235.385,4262.051,4198.974,4164.615,4234.872,16208.0
1774430721.7564,3,4241.026,4234.872,4225.128,4150.256,4215.897,450.0
1774430721.7642,4,4250.769,4233.333,4232.308,4128.205,4206.667,16165.0
1774430721.7721,5,4252.308,4240.0,4220.0,4139.487,4220.0,450.0
1774430721.7801,6,4261.026,4241.538,4200.0,4169.231,4240.513,16166.0
1774430721.7879,7,4264.615,4256.923,4193.846,4171.795,4246.667,450.0
1774430721.7958,8,4254.872,4273.333,4215.385,4151.282,4231.795,450.0
1774430721.8036,9,4249.231,4250.256,4228.718,4138.462,4209.744,16176.0
1774430721.8115,10,4252.308,4240.513,4210.256,4146.154,4212.821,450.0
1774430721.8193,11,4260.0,4295.897,4193.846,4163.077,4247.692,16191.0
1774430721.8272,12,4283.077,4330.256,4211.282,4178.974,4277.436,450.0
1774430721.8351,13,4292.308,4303.59,4232.308,4180.513,4259.487,450.0
1774430721.843,14,4273.333,4262.051,4230.769,4160.0,4225.128,450.0
1774430721.8508,15,4273.333,4244.615,4223.59,4148.205,4224.615,16191.0
1774430721.8587,16,4282.051,4248.205,4205.128,4163.59,4242.051,0.0
1774430721.8665,17,4268.718,4254.359,4200.0,4183.077,4244.615,0.0
1774430721.8743,18,4261.538,4269.231,4225.641,4184.103,4241.538,0.0
1774430721.8822,19,4272.821,4285.128,4243.59,4181.026,4248.718,0.0
1774430721.8902,20,4288.205,4283.59,4241.538,4181.538,4252.308,0.0
1774430721.898,21,4292.821,4270.769,4238.462,4179.487,4248.205,0.0
1774430721.9059,22,4281.538,4261.026,4235.897,4174.359,4256.923,0.0
1774430721.9138,23,4288.205,4261.538,4223.59,4191.795,4278.462,0.0
1774430721.9216,24,4305.128,4277.436,4210.769,4215.385,4274.359,0.0
1774430721.9295,25,4289.231,4288.205,4214.359,4203.59,4243.077,0.0
1774430721.9374,26,4261.026,4276.41,4216.923,4180.0,4238.974,0.0
1774430721.9453,27,4252.821,4279.487,4211.282,4168.718,4253.333,0.0
1774430721.9531,28,4264.103,4288.718,4217.949,4163.59,4241.538,0.0
1774430721.9609,29,4280.513,4247.179,4237.436,4169.744,4225.128,0.0
1774430721.9688,30,4282.564,4212.821,4244.103,4184.615,4232.308,0.0
1774430721.9767,31,4270.769,4252.308,4215.385,4197.436,4236.41,0.0
1774430721.9845,32,4261.026,4296.923,4180.0,4187.179,4226.154,0.0
1774430721.9924,33,4257.949,4303.077,4183.59,4166.154,4233.333,0.0
1774430722.0003,34,4260.513,4304.615,4211.795,4161.026,4245.641,0.0
1774430722.0082,35,4257.949,4307.692,4223.59,4164.615,4240.513,0.0
1774430722.016,36,4256.41,4296.923,4212.821,4166.667,4232.821,0.0
1774430722.0239,37,4261.026,4302.051,4202.564,4181.538,4240.513,0.0
1774430722.0317,38,4250.256,4316.41,4205.641,4192.308,4247.692,0.0
1774430722.0395,39,4238.974,4304.103,4208.718,4169.744,4230.256,0.0
1774430722.0475,40,4267.179,4293.333,4206.667,4146.154,4228.205,0.0
1774430722.0553,41,4303.59,4305.128,4201.538,4153.333,4255.385,0.0
1774430722.0632,42,4304.615,4307.179,4197.436,4163.59,4254.359,0.0
1774430722.0711,43,4289.231,4290.769,4194.359,4169.744,4229.231,0.0
1774430722.079,44,4263.077,4294.872,4165.641,4166.667,4226.154,0.0
1774430722.0868,45,4244.103,4316.923,4155.897,4153.333,4235.897,0.0
1774430722.0946,46,4257.436,4318.462,4196.41,4152.821,4237.436,0.0
1774430722.1026,47,4259.487,4285.128,4214.872,4148.718,4214.872,0.0
1774430722.1104,48,4259.487,4269.744,4208.718,4138.974,4203.077,0.0
1774430722.1183,49,4290.769,4296.923,4212.821,4163.077,4239.487,0.0
1774430722.1261,50,4294.359,4310.769,4206.154,4184.103,4268.718,0.0
1774430722.134,51,4262.564,4317.949,4184.103,4171.282,4261.026,0.0
1774430722.1418,52,4257.949,4345.641,4182.051,4155.385,4246.667,0.0
1774430722.1498,53,4260.0,4338.974,4189.231,4138.462,4232.308,0.0
1774430722.1576,54,4254.359,4287.692,4184.103,4139.487,4227.179,0.0
1774430722.1655,55,4271.282,4275.385,4181.026,4177.949,4244.103,0.0
1774430722.1733,56,4273.333,4313.846,4180.513,4187.692,4250.256,0.0
1774430722.1812,57,4252.308,4326.154,4172.821,4157.949,4240.0,0.0
1774430722.189,58,4274.359,4314.359,4182.051,4175.897,4257.949,0.0
1774430722.1969,59,4308.718,4316.923,4204.103,4207.179,4274.359,0.0
1774430722.2049,60,4286.667,4302.051,4208.718,4174.872,4250.769,0.0
1774430722.2127,61,4268.205,4280.0,4206.154,4155.897,4229.744,0.0
1774430722.2205,62,4286.667,4295.897,4202.051,4194.872,4244.615,0.0
1774430722.2283,63,4287.692,4307.692,4203.077,4211.282,4264.615,0.0
1774430722.2362,64,4274.872,4303.59,4204.615,4191.282,4267.692,450.0
1774430722.244,65,4263.077,4317.949,4187.179,4176.41,4258.462,450.0
1774430722.2519,66,4248.718,4319.487,4180.513,4172.308,4253.333,16203.0
1774430722.2598,67,4260.0,4301.026,4203.077,4185.641,4255.385,450.0
1774430722.2677,68,4275.897,4295.385,4212.821,4198.462,4243.59,16170.0
1774430722.2755,69,4264.103,4290.769,4180.513,4192.821,4245.128,450.0
1774430722.2834,70,4262.051,4302.051,4154.872,4199.487,4272.821,16160.0
1774430722.2912,71,4287.692,4330.769,4170.769,4214.359,4291.282,450.0
1774430722.2991,72,4285.128,4320.0,4182.564,4191.282,4276.923,450.0
1774430722.3069,73,4258.462,4285.128,4178.462,4164.103,4239.487,16189.0
1774430722.3149,74,4256.41,4280.513,4178.974,4171.282,4214.872,450.0
1774430722.3227,75,4282.051,4288.718,4170.769,4186.667,4238.462,16190.0
1774430722.3306,76,4293.333,4285.128,4172.308,4188.718,4273.846,450.0
1774430722.3384,77,4271.795,4297.949,4187.179,4172.821,4264.615,450.0
1774430722.3463,78,4256.41,4315.385,4191.282,4160.513,4247.179,450.0
1774430722.3542,79,4267.179,4306.154,4194.872,4167.179,4255.385,16190.0
1774430722.3621,80,4272.821,4276.923,4203.077,4167.692,4238.462,450.0
1774430722.37,81,4260.0,4269.744,4195.385,4161.538,4210.256,450.0
1774430722.3778,82,4250.769,4292.308,4167.179,4158.974,4232.308,450.0
1774430722.3857,83,4245.641,4303.59,4140.0,4145.641,4256.923,16190.0
1774430722.3935,84,4248.205,4298.462,4148.205,4140.513,4237.436,450.0
1774430722.4014,85,4257.949,4287.692,4184.103,4152.821,4212.308,450.0
1774430722.4092,86,4254.872,4289.231,4201.538,4157.949,4218.974,450.0
1774430722.4172,87,4261.026,4307.692,4181.538,4171.795,4252.308,16190.0
1774430722.425,88,4272.308,4317.949,4148.205,4182.051,4277.436,450.0
1774430722.4329,89,4267.179,4318.974,4152.821,4178.974,4274.872,450.0
1774430722.4407,90,4254.359,4302.051,4187.179,4175.385,4249.744,450.0
1774430722.4486,91,4241.538,4283.077,4191.282,4159.487,4217.949,16190.0
1774430722.4564,92,4248.205,4290.256,4175.897,4159.487,4219.487,450.0
1774430722.4643,93,4267.692,4296.41,4173.846,4193.846,4260.0,450.0
1774430722.4722,94,4256.41,4279.487,4174.359,4198.974,4267.179,450.0
1774430722.4801,95,4233.846,4274.872,4182.051,4166.154,4228.205,16190.0
1774430722.4879,96,4245.641,4262.051,4206.154,4148.718,4209.231,450.0
1774430722.4958,97,4264.103,4235.385,4205.128,4154.359,4225.128,450.0
1774430722.5036,98,4257.949,4249.744,4174.359,4165.128,4243.59,450.0
1774430722.5115,99,4264.615,4273.333,4172.308,4180.513,4252.308,16190.0
1774430722.5193,100,4277.436,4273.846,4188.205,4180.0,4249.231,450.0
1774430722.5273,101,4261.026,4268.718,4200.0,4148.718,4229.744,450.0
1774430722.5352,102,4241.538,4257.949,4214.359,4140.513,4218.974,450.0
1774430722.5431,103,4247.692,4254.872,4207.179,4178.974,4224.615,16190.0
1774430722.5509,104,4263.59,4269.744,4197.436,4193.846,4225.641,450.0
1774430722.5588,105,4268.718,4280.0,4211.795,4175.385,4235.897,450.0
1774430722.5666,106,4253.333,4271.795,4226.154,4170.256,4248.205,450.0
1774430722.5746,107,4245.128,4264.615,4228.718,4176.923,4232.308,16190.0
1774430722.5824,108,4258.974,4250.769,4216.41,4189.744,4215.385,450.0
1774430722.5903,109,4258.974,4233.846,4198.974,4194.872,4231.282,450.0
1774430722.5981,110,4254.359,4256.41,4201.538,4189.231,4256.923,450.0
1774430722.606,111,4262.564,4300.513,4207.692,4196.41,4261.538,16190.0
1774430722.6138,112,4260.513,4309.744,4200.0,4193.846,4260.0,450.0
1774430722.6217,113,4259.487,4288.205,4207.179,4171.282,4247.692,450.0
1774430722.6296,114,4267.692,4281.026,4221.026,4169.744,4228.205,450.0
1774430722.6375,115,4265.128,4283.077,4201.538,4184.103,4220.0,16190.0
1774430722.6453,116,4258.974,4285.641,4172.821,4175.385,4220.0,450.0
1774430722.6532,117,4253.333,4294.359,4177.436,4167.179,4233.333,450.0
1774430722.6611,118,4238.462,4281.538,4198.462,4161.538,4226.154,450.0
1774430722.6689,119,4233.846,4259.487,4204.615,4149.231,4186.667,16190.0
1774430722.6768,120,4249.744,4283.59,4201.026,4173.333,4191.282,450.0
1774430722.6847,121,4259.487,4323.077,4183.59,4206.667,4246.154,450.0
1774430722.6925,122,4259.487,4318.462,4172.308,4201.538,4257.436,450.0
1774430722.7004,123,4257.949,4298.974,4190.769,4176.923,4226.667,16190.0
1774430722.7082,124,4258.462,4286.154,4212.308,4162.051,4222.564,450.0
1774430722.7161,125,4270.256,4273.333,4211.282,4169.744,4233.846,450.0
1774430722.724,126,4271.282,4286.154,4185.641,4185.641,4233.333,450.0
1774430722.7319,127,4252.308,4309.231,4169.231,4177.436,4226.667,242.0
1774430722.7398,0,4240.513,4309.744,4185.641,4154.359,4216.41,450.0
1774430722.7476,1,4249.231,4287.179,4209.744,4156.41,4206.154,450.0
1774430722.7554,2,4268.718,4260.0,4210.256,4167.692,4206.154,16206.0
1774430722.7633,3,4283.077,4274.359,4187.179,4172.821,4218.974,450.0
1774430722.7712,4,4284.615,4307.179,4183.077,4177.436,4242.564,16178.0
1774430722.779,5,4275.897,4298.974,4200.0,4166.667,4257.436,450.0
1774430722.787,6,4262.051,4288.205,4207.179,4152.821,4245.128,16155.0
1774430722.7948,7,4260.513,4305.128,4213.333,4160.0,4233.846,450.0
1774430722.8027,8,4271.795,4272.308,4214.872,4169.231,4229.231,450.0
1774430722.8106,9,4274.245,4272.194,4212.821,4172.308,4233.96,16189.0
1774430722.8184,10,4276.695,4272.08,4210.769,4175.385,4238.689,450.0
1774430722.8262,11,4279.145,4271.966,4208.718,4178.462,4243.419,16190.0
1774430722.834,12,4281.595,4271.852,4206.667,4181.538,4248.148,450.0
1774430722.8419,13,4284.046,4271.738,4204.615,4184.615,4252.877,450.0
1774430722.8497,14,4286.496,4271.624,4202.564,4187.692,4257.607,450.0
1774430722.8575,15,4288.946,4271.51,4200.513,4190.769,4262.336,16190.0
1774430722.8653,16,4291.396,4271.396,4198.462,4193.846,4267.066,50.0
1774430722.8731,17,4293.846,4271.282,4196.41,4196.923,4271.795,0.0
1774430722.8809,18,4264.103,4265.128,4194.872,4166.154,4243.59,0.0
1774430722.8887,19,4232.821,4284.103,4188.718,4152.308,4215.897,0.0
1774430722.8965,20,4255.385,4273.333,4198.974,4167.179,4235.385,0.0
1774430722.9042,21,4292.821,4214.359,4210.769,4180.513,4253.846,0.0
1774430722.912,22,4278.974,4200.0,4198.974,4172.821,4231.795,0.0
1774430722.9197,23,4239.487,4263.59,4173.333,4162.051,4221.026,0.0
1774430722.9275,24,4232.821,4308.205,4166.154,4163.077,4242.564,0.0
1774430722.9352,25,4248.718,4293.333,4184.103,4161.026,4242.051,0.0
1774430722.9431,26,4262.051,4263.077,4198.974,4146.667,4216.41,0.0
1774430722.9508,27,4263.077,4259.487,4195.385,4144.615,4216.41,0.0
1774430722.9586,28,4249.231,4285.641,4180.0,4154.872,4233.333,0.0
1774430722.9663,29,4232.821,4306.667,4161.026,4150.256,4234.872,0.0
1774430722.9741,30,4241.538,4298.462,4159.487,4148.718,4233.333,0.0
1774430722.9818,31,4268.205,4277.949,4183.077,4159.487,4240.0,0.0
1774430722.9895,32,4273.846,4267.692,4194.872,4161.026,4238.462,0.0
1774430722.9974,33,4265.641,4257.436,4171.282,4162.564,4232.821,0.0
1774430723.0051,34,4280.513,4253.846,4149.744,4182.564,4247.179,0.0
1774430723.0129,35,4295.385,4262.564,4158.462,4189.231,4256.41,0.0
1774430723.0207,36,4260.0,4271.795,4167.692,4157.436,4233.846,0.0
1774430723.0284,37,4219.487,4265.641,4173.846,4137.436,4214.359,0.0
1774430723.0361,38,4238.974,4244.103,4190.256,4152.821,4226.154,0.0
1774430723.0439,39,4275.897,4235.385,4191.795,4166.154,4236.923,0.0
1774430723.0517,40,4278.462,4249.744,4184.615,4165.128,4231.795,0.0
1774430723.0595,41,4258.974,4278.974,4173.333,4159.487,4227.179,0.0
1774430723.0672,42,4242.564,4292.821,4164.615,4146.154,4217.436,0.0
1774430723.075,43,4238.974,4281.538,4182.051,4140.513,4211.795,0.0
1774430723.0827,44,4239.487,4249.231,4189.231,4142.051,4207.692,0.0
1774430723.0905,45,4241.026,4233.333,4184.103,4142.564,4204.103,0.0
1774430723.0982,46,4246.667,4272.308,4193.333,4154.359,4219.487,0.0
1774430723.1061,47,4239.487,4303.077,4192.308,4147.692,4226.154,0.0
1774430723.1138,48,4238.462,4288.718,4193.333,4131.282,4218.974,0.0
1774430723.1216,49,4263.077,4260.0,4211.282,4154.359,4216.923,0.0
1774430723.1293,50,4269.744,4263.59,4205.128,4175.385,4219.487,0.0
1774430723.137,51,4251.282,4297.949,4173.846,4163.077,4228.718,0.0
1774430723.1448,52,4235.385,4309.231,4160.513,4151.795,4240.513,0.0
1774430723.1526,53,4223.59,4301.026,4174.359,4150.769,4225.128,0.0
1774430723.1604,54,4238.974,4294.872,4196.41,4158.974,4206.667,0.0
1774430723.1681,55,4275.897,4293.846,4196.41,4171.282,4232.308,0.0
1774430723.1759,56,4271.282,4291.795,4164.103,4165.128,4245.128,0.0
1774430723.1836,57,4226.154,4297.436,4150.769,4140.513,4206.667,0.0
1774430723.1914,58,4216.41,4302.051,4185.128,4128.718,4200.0,0.0
1774430723.1991,59,4254.359,4291.795,4218.462,4152.308,4231.795,0.0
1774430723.2069,60,4276.41,4292.308,4211.282,4186.667,4236.41,0.0
1774430723.2147,61,4250.256,4310.769,4185.128,4177.436,4227.692,0.0
1774430723.2225,62,4215.897,4302.564,4177.949,4128.205,4218.974,0.0
1774430723.2302,63,4226.154,4264.103,4189.231,4117.949,4201.026,0.0
1774430723.238,64,4243.077,4270.769,4174.872,4149.231,4207.179,450.0
1774430723.2457,65,4217.436,4301.026,4152.308,4146.667,4222.564,450.0
1774430723.2535,66,4213.333,4273.846,4180.0,4126.154,4207.179,16210.0
1774430723.2612,67,4258.462,4252.821,4214.359,4149.231,4200.0,450.0
1774430723.2691,68,4267.692,4288.205,4206.154,4174.872,4214.359,16180.0
1774430723.2768,69,4230.769,4315.385,4200.0,4158.462,4215.897,450.0
1774430723.2846,70,4210.769,4286.667,4215.897,4131.795,4195.385,16166.0
1774430723.2923,71,4221.538,4247.179,4221.026,4130.256,4176.923,450.0
1774430723.3001,72,4234.359,4266.154,4193.846,4144.615,4187.692,450.0
1774430723.3078,73,4226.154,4310.769,4168.718,4148.205,4206.154,16182.0
1774430723.3156,74,4221.538,4302.051,4190.256,4141.026,4194.359,450.0
1774430723.3234,75,4237.436,4266.154,4211.795,4141.026,4176.923,16189.0
1774430723.3311,76,4249.744,4282.051,4196.41,4160.513,4198.462,450.0
1774430723.3389,77,4240.513,4313.333,4184.103,4172.821,4218.974,450.0
1774430723.3466,78,4215.897,4297.436,4188.718,4154.872,4188.718,450.0
1774430723.3544,79,4206.667,4282.051,4184.103,4149.231,4171.795,16189.0
1774430723.3621,80,4223.59,4323.59,4172.308,4165.128,4208.718,450.0
1774430723.37,81,4235.897,4352.821,4172.308,4163.077,4227.692,450.0
1774430723.3777,82,4232.821,4303.59,4182.051,4144.103,4202.051,450.0
1774430723.3855,83,4244.615,4266.154,4196.923,4150.256,4197.436,16189.0
1774430723.3932,84,4262.051,4295.897,4205.641,4171.795,4227.692,450.0
1774430723.401,85,4253.846,4310.769,4191.282,4172.308,4241.538,450.0
1774430723.4087,86,4239.487,4300.513,4185.641,4148.718,4229.231,450.0
1774430723.4165,87,4243.077,4296.41,4209.231,4136.923,4217.949,16189.0
1774430723.4243,88,4255.897,4269.231,4224.615,4150.769,4220.0,450.0
1774430723.4321,89,4277.436,4258.974,4214.359,4173.846,4238.462,450.0
1774430723.4398,90,4271.282,4300.0,4186.154,4181.538,4247.692,450.0
1774430723.4476,91,4231.795,4318.974,4172.821,4161.026,4222.051,16189.0
1774430723.4553,92,4236.41,4302.564,4198.974,4150.256,4200.513,450.0
1774430723.463,93,4276.923,4290.769,4231.795,4163.077,4210.256,450.0
1774430723.4708,94,4275.897,4284.615,4232.308,4162.564,4217.949,450.0
1774430723.4786,95,4258.974,4298.462,4201.538,4163.59,4221.538,16189.0
1774430723.4864,96,4266.154,4327.179,4188.205,4177.436,4236.41,450.0
1774430723.4942,97,4262.564,4332.308,4201.026,4164.103,4243.077,450.0
1774430723.5019,98,4235.897,4321.538,4207.692,4136.923,4217.949,450.0
1774430723.5096,99,4224.103,4297.436,4205.641,4141.538,4188.205,16189.0
1774430723.5174,100,4234.359,4274.872,4191.282,4158.462,4196.41,450.0
1774430723.5252,101,4244.615,4302.564,4174.872,4166.154,4226.154,450.0
1774430723.533,102,4249.231,4336.923,4186.154,4171.282,4238.462,450.0
1774430723.5407,103,4246.667,4309.744,4213.333,4155.385,4224.615,16189.0
1774430723.5485,104,4241.026,4277.949,4219.487,4131.795,4210.256,450.0
1774430723.5562,105,4246.667,4288.718,4202.051,4146.154,4214.872,450.0
1774430723.564,106,4248.718,4289.744,4171.282,4165.128,4216.41,450.0
1774430723.5717,107,4227.692,4290.256,4160.0,4147.692,4194.872,16189.0
1774430723.5795,108,4218.462,4303.59,4188.718,4132.821,4178.974,450.0
1774430723.5873,109,4241.026,4290.769,4211.795,4147.692,4200.513,450.0
1774430723.5951,110,4249.744,4276.923,4192.308,4164.103,4229.231,450.0
1774430723.6028,111,4227.692,4307.179,4168.718,4159.487,4232.821,16189.0
1774430723.6106,112,4220.0,4325.128,4179.487,4145.128,4218.462,450.0
1774430723.6183,113,4244.615,4287.179,4198.462,4142.564,4204.103,450.0
1774430723.6261,114,4271.795,4263.077,4208.205,4163.59,4209.231,450.0
1774430723.6338,115,4270.769,4310.256,4200.0,4180.513,4229.231,16189.0
1774430723.6417,116,4235.385,4354.359,4178.462,4157.436,4222.564,450.0
1774430723.6494,117,4211.795,4331.795,4187.692,4132.821,4205.128,450.0
1774430723.6572,118,4237.436,4293.333,4208.718,4139.487,4204.615,450.0
1774430723.6649,119,4253.846,4289.744,4190.256,4142.051,4190.256,16189.0
1774430723.6727,120,4226.667,4309.744,4163.077,4133.333,4180.513,450.0
1774430723.6804,121,4214.872,4307.692,4175.385,4131.282,4193.846,450.0
1774430723.6882,122,4247.692,4287.179,4203.59,4140.0,4202.564,450.0
1774430723.696,123,4271.795,4296.41,4199.487,4163.077,4208.205,16189.0
1774430723.7038,124,4262.051,4323.59,4183.077,4178.462,4226.667,450.0
1774430723.7115,125,4254.872,4334.359,4195.385,4161.026,4241.026,450.0
1774430723.7193,126,4252.821,4326.154,4221.538,4143.59,4226.154,450.0
1774430723.727,127,4240.513,4312.308,4227.692,4147.692,4203.59,242.0
1774430723.7347,0,4241.026,4321.538,4203.077,4154.359,4203.077,450.0
1774430723.7425,1,4256.923,4358.974,4171.795,4163.077,4225.128,450.0
1774430723.7503,2,4256.41,4364.103,4164.103,4171.795,4238.462,16198.0
1774430723.7581,3,4238.974,4331.795,4176.923,4149.744,4218.974,450.0
1774430723.7658,4,4229.744,4314.359,4191.282,4127.179,4198.462,16182.0
1774430723.7736,5,4236.923,4321.538,4188.718,4150.769,4207.692,450.0
1774430723.7814,6,4249.744,4344.615,4175.385,4178.974,4230.256,16173.0
1774430723.7891,7,4253.846,4360.0,4177.949,4168.718,4236.923,450.0
1774430723.7968,8,4246.154,4341.026,4203.077,4143.59,4224.103,450.0
1774430723.8047,9,4230.256,4312.308,4215.385,4125.128,4199.487,16175.0
1774430723.8124,10,4227.692,4299.487,4197.436,4127.179,4186.667,450.0
1774430723.8202,11,4257.436,4303.59,4183.077,4162.051,4211.282,16189.0
1774430723.8279,12,4277.949,4327.179,4192.308,4181.538,4242.564,450.0
1774430723.8356,13,4245.641,4332.821,4194.359,4153.333,4232.308,450.0
1774430723.8434,14,4221.026,4292.821,4191.795,4133.333,4212.308,450.0
1774430723.8512,15,4254.359,4278.462,4198.462,4146.667,4222.051,16189.0
1774430723.859,16,4281.538,4302.051,4184.103,4166.667,4230.769,0.0
1774430723.8668,17,4269.744,4301.026,4174.359,4176.923,4228.205,0.0
1774430723.8745,18,4238.974,4287.179,4180.513,4151.282,4218.462,0.0
1774430723.8823,19,4218.462,4289.231,4180.0,4110.769,4197.949,0.0
1774430723.89,20,4241.026,4288.205,4188.205,4121.026,4197.949,0.0
1774430723.8977,21,4264.615,4271.282,4183.59,4147.692,4207.692,0.0
1774430723.9055,22,4250.256,4268.718,4166.154,4143.077,4197.949,0.0
1774430723.9133,23,4242.051,4303.59,4181.026,4148.718,4197.949,0.0
1774430723.9211,24,4246.667,4321.538,4215.385,4144.615,4203.59,0.0
1774430723.9288,25,4241.538,4299.487,4221.538,4122.051,4200.513,0.0
1774430723.9366,26,4251.795,4276.41,4207.692,4146.154,4216.41,0.0
1774430723.9443,27,4281.026,4279.487,4206.667,4171.795,4229.744,0.0
1774430723.9521,28,4283.59,4301.026,4197.436,4147.692,4222.051,0.0
1774430723.9599,29,4252.308,4304.615,4179.487,4136.923,4228.205,0.0
1774430723.9677,30,4235.385,4283.59,4192.308,4145.641,4239.487,0.0
1774430723.9754,31,4246.667,4268.205,4214.359,4134.872,4209.231,0.0
1774430723.9832,32,4252.821,4276.923,4211.282,4132.821,4181.538,0.0
1774430723.9909,33,4251.282,4283.077,4198.462,4146.667,4213.846,0.0
1774430723.9987,34,4243.077,4282.564,4187.179,4146.667,4237.949,0.0
1774430724.0064,35,4231.795,4300.0,4183.077,4145.128,4218.974,0.0
1774430724.0143,36,4238.974,4302.051,4198.462,4146.667,4205.641,0.0
1774430724.022,37,4246.667,4270.769,4208.718,4138.974,4202.564,0.0
1774430724.0298,38,4237.436,4264.615,4189.231,4140.0,4203.59,0.0
1774430724.0375,39,4227.692,4304.103,4171.795,4142.051,4212.821,0.0
1774430724.0453,40,4232.308,4328.718,4182.564,4134.872,4213.333,0.0
1774430724.053,41,4254.872,4292.821,4195.897,4146.667,4213.333,0.0
1774430724.0607,42,4270.769,4244.103,4188.718,4162.051,4226.154,0.0
1774430724.0686,43,4260.513,4261.026,4173.846,4147.692,4222.051,0.0
1774430724.0763,44,4244.615,4313.333,4164.103,4121.026,4206.667,0.0
1774430724.0841,45,4239.487,4314.359,4173.846,4118.462,4213.846,0.0
1774430724.0918,46,4247.692,4269.231,4197.949,4140.513,4225.641,0.0
1774430724.0996,47,4262.051,4251.282,4195.385,4158.974,4216.923,0.0
1774430724.1073,48,4267.179,4283.59,4174.359,4159.487,4217.436,0.0
1774430724.1151,49,4260.0,4311.282,4161.538,4141.538,4233.846,0.0
1774430724.1229,50,4260.513,4292.821,4167.692,4134.359,4241.026,0.0
1774430724.1307,51,4263.59,4278.462,4185.641,4142.051,4229.231,0.0
1774430724.1384,52,4256.41,4280.0,4197.436,4136.923,4196.41,0.0
1774430724.1462,53,4256.41,4270.256,4195.385,4134.872,4186.667,0.0
1774430724.154,54,4253.333,4285.641,4168.205,4148.205,4220.513,0.0
1774430724.1617,55,4236.41,4311.282,4160.0,4141.026,4241.026,0.0
1774430724.1694,56,4231.282,4287.692,4197.436,4128.205,4217.436,0.0
1774430724.1772,57,4233.846,4247.179,4206.154,4130.256,4186.154,0.0
1774430724.185,58,4238.974,4238.974,4178.462,4131.795,4191.795,0.0
1774430724.1928,59,4251.795,4270.769,4183.077,4145.128,4227.179,0.0
1774430724.2005,60,4245.128,4303.077,4206.154,4148.205,4235.385,0.0
1774430724.2082,61,4234.359,4291.282,4203.59,4129.744,4213.846,0.0
1774430724.216,62,4259.487,4261.026,4184.615,4136.923,4222.564,0.0
1774430724.2238,63,4272.821,4274.359,4172.308,4151.282,4233.333,0.0
1774430724.2316,64,4247.692,4317.949,4168.718,4132.821,4207.179,450.0
1774430724.2393,65,4238.974,4309.231,4181.026,4116.923,4190.769,450.0
1774430724.2471,66,4248.205,4261.026,4181.538,4127.179,4193.333,16204.0
1774430724.2548,67,4243.077,4258.462,4149.231,4137.949,4204.615,450.0
1774430724.2626,68,4241.026,4301.538,4137.949,4148.718,4225.641,16186.0
1774430724.2704,69,4245.641,4312.821,4163.077,4150.769,4226.667,450.0
1774430724.2781,70,4244.615,4272.308,4172.308,4132.308,4202.564,16151.0
1774430724.2859,71,4255.897,4255.385,4157.436,4132.821,4196.41,450.0
1774430724.2937,72,4269.231,4283.59,4140.0,4160.513,4214.872,450.0
1774430724.3014,73,4248.718,4297.436,4129.744,4161.026,4218.974,16191.0
1774430724.3092,74,4222.051,4280.0,4136.923,4134.872,4209.231,450.0
1774430724.3169,75,4236.41,4269.744,4162.051,4129.744,4205.128,16197.0
1774430724.3247,76,4263.077,4282.051,4172.308,4149.231,4204.615,450.0
1774430724.3324,77,4250.769,4303.077,4154.872,4155.897,4214.359,450.0
1774430724.3403,78,4212.821,4310.769,4144.615,4144.103,4218.974,450.0
1774430724.348,79,4217.949,4295.897,4155.385,4145.128,4206.667,16197.0
1774430724.3558,80,4251.795,4304.103,4154.359,4165.641,4207.179,450.0
1774430724.3635,81,4252.821,4336.923,4149.744,4170.256,4237.949,450.0
1774430724.3713,82,4226.667,4316.41,4169.231,4149.744,4233.846,450.0
1774430724.379,83,4223.077,4284.103,4186.154,4136.923,4197.949,16197.0
1774430724.3868,84,4241.538,4311.795,4183.59,4146.667,4203.59,450.0
1774430724.3946,85,4236.923,4337.436,4178.974,4149.744,4221.026,450.0
1774430724.4024,86,4223.59,4331.282,4192.308,4139.487,4223.077,450.0
1774430724.4101,87,4256.41,4325.128,4206.667,4152.308,4233.333,16197.0
1774430724.4179,88,4290.256,4309.744,4196.41,4184.615,4236.41,450.0
1774430724.4256,89,4254.359,4301.026,4181.538,4189.744,4224.615,450.0
1774430724.4333,90,4194.872,4307.692,4172.308,4155.897,4206.154,450.0
1774430724.4411,91,4195.897,4307.692,4169.231,4134.359,4189.744,16197.0
1774430724.449,92,4247.692,4315.385,4169.744,4160.0,4206.667,450.0
1774430724.4567,93,4261.026,4330.256,4152.821,4175.385,4240.0,450.0
1774430724.4645,94,4229.744,4325.641,4142.564,4162.564,4236.923,450.0
1774430724.4722,95,4224.615,4305.641,4163.59,4161.538,4208.205,16197.0
1774430724.48,96,4240.0,4298.462,4184.615,4168.718,4197.436,450.0
1774430724.4877,97,4233.333,4330.769,4160.513,4166.667,4213.333,450.0
1774430724.4955,98,4209.744,4348.205,4136.923,4154.359,4214.359,450.0
1774430724.5033,99,4203.077,4308.718,4161.538,4135.385,4188.718,16197.0
1774430724.5111,100,4210.256,4300.0,4161.538,4136.41,4184.103,450.0
1774430724.5188,101,4218.974,4330.256,4142.564,4159.487,4206.667,450.0
1774430724.5266,102,4215.385,4304.103,4158.974,4147.692,4214.359,450.0
1774430724.5343,103,4220.513,4269.231,4170.769,4133.333,4205.641,16197.0
1774430724.5421,104,4257.436,4300.513,4166.667,4173.846,4220.0,450.0
1774430724.5498,105,4261.026,4318.974,4173.333,4194.872,4239.487,450.0
1774430724.5577,106,4228.718,4291.795,4184.103,4159.487,4225.641,450.0
1774430724.5654,107,4237.949,4291.795,4186.154,4143.59,4211.795,16197.0
1774430724.5732,108,4270.256,4324.103,4182.564,4178.974,4233.333,450.0
1774430724.5809,109,4260.513,4337.949,4171.795,4193.846,4249.231,450.0
1774430724.5887,110,4231.282,4314.872,4163.077,4153.333,4225.128,450.0
1774430724.5964,111,4233.333,4278.462,4172.821,4132.821,4203.59,16197.0
1774430724.6042,112,4253.846,4277.436,4173.846,4164.615,4216.923,450.0
1774430724.612,113,4253.333,4320.0,4143.59,4175.385,4234.872,450.0
1774430724.6197,114,4241.538,4345.641,4136.923,4154.359,4237.436,450.0
1774430724.6274,115,4251.282,4341.538,4180.513,4157.949,4236.41,16197.0
1774430724.6352,116,4255.385,4334.359,4206.154,4158.462,4220.0,450.0
1774430724.6429,117,4247.692,4323.59,4189.231,4146.667,4194.359,450.0
1774430724.6507,118,4255.897,4314.872,4164.103,4165.128,4210.769,450.0
1774430724.6585,119,4249.231,4323.077,4152.821,4173.333,4247.692,16197.0
1774430724.6663,120,4226.667,4313.333,4163.077,4148.205,4241.026,450.0
1774430724.674,121,4239.487,4295.385,4177.949,4145.128,4215.897,450.0
1774430724.6818,122,4268.205,4314.872,4182.051,4163.59,4222.051,450.0
1774430724.6895,123,4278.462,4330.256,4163.59,4174.872,4246.667,16197.0
1774430724.6973,124,4265.128,4316.41,4141.026,4175.385,4249.744,450.0
1774430724.705,125,4239.487,4325.641,4154.359,4162.564,4233.333,450.0
1774430724.7129,126,4234.359,4327.692,4185.641,4149.231,4222.051,450.0
1774430724.7206,127,4258.462,4307.692,4191.795,4160.513,4227.179,242.0
1774430724.7284,0,4278.974,4320.0,4174.359,4178.974,4237.949,450.0
1774430724.7361,1,4256.41,4326.154,4146.154,4161.026,4227.179,450.0
1774430724.7439,2,4230.769,4322.051,4137.949,4140.513,4223.077,16214.0
1774430724.7516,3,4241.538,4350.769,4171.282,4156.923,4240.513,450.0
1774430724.7593,4,4248.205,4342.051,4195.897,4164.615,4227.692,16183.0
1774430724.7672,5,4239.487,4299.487,4174.872,4147.179,4193.846,450.0
1774430724.7749,6,4249.231,4312.308,4159.487,4150.256,4205.128,16159.0
1774430724.7827,7,4268.205,4345.128,4185.128,4179.487,4242.051,450.0
1774430724.7904,8,4260.0,4333.333,4209.231,4184.615,4239.487,450.0
1774430724.7982,9,4245.128,4306.667,4215.897,4157.949,4222.564,16195.0
1774430724.8059,10,4252.308,4298.462,4209.231,4145.641,4226.667,450.0
1774430724.8137,11,4267.692,4303.59,4189.231,4158.974,4229.744,16208.0
1774430724.8215,12,4278.462,4319.487,4186.154,4172.821,4236.41,450.0
1774430724.8293,13,4265.641,4338.462,4196.41,4152.821,4242.051,450.0
1774430724.8371,14,4253.846,4339.487,4211.282,4135.385,4240.0,450.0
1774430724.8448,15,4273.846,4323.59,4230.256,4157.949,4243.077,16208.0
1774430724.8526,16,4288.718,4289.231,4232.308,4161.538,4232.308,0.0
1774430724.8603,17,4279.487,4260.0,4227.179,4142.564,4213.333,0.0
1774430724.868,18,4272.821,4280.513,4213.333,4160.0,4227.179,0.0
1774430724.8759,19,4271.282,4333.846,4196.41,4182.564,4249.231,0.0
1774430724.8836,20,4260.0,4353.846,4204.103,4163.59,4245.641,0.0
1774430724.8914,21,4245.641,4329.231,4210.769,4126.667,4226.667,0.0
1774430724.8991,22,4242.564,4307.692,4203.077,4114.359,4214.872,0.0
1774430724.9069,23,4258.974,4301.538,4206.154,4137.436,4228.205,0.0
1774430724.9146,24,4275.385,4305.641,4202.051,4165.641,4250.256,0.0
1774430724.9224,25,4260.513,4318.974,4182.564,4159.487,4247.179,0.0
1774430724.9302,26,4229.744,4318.974,4192.308,4138.462,4227.692,0.0
1774430724.938,27,4226.667,4306.154,4213.333,4132.821,4215.385,0.0
1774430724.9457,28,4251.795,4293.333,4195.897,4141.026,4214.872,0.0
1774430724.9535,29,4267.179,4283.59,4178.974,4160.0,4226.667,0.0
1774430724.9612,30,4268.205,4293.333,4190.256,4178.462,4247.692,0.0
1774430724.9689,31,4261.538,4325.128,4192.308,4177.949,4257.949,0.0
1774430724.9768,32,4249.744,4325.641,4194.359,4166.154,4250.769,0.0
1774430724.9846,33,4254.872,4276.41,4204.615,4160.513,4231.795,0.0
1774430724.9923,34,4271.282,4234.359,4193.333,4155.897,4213.333,0.0
1774430725.0,35,4286.154,4256.41,4190.256,4164.103,4226.154,0.0
1774430725.0078,36,4284.103,4314.359,4196.923,4186.667,4261.026,0.0
1774430725.0155,37,4257.949,4323.077,4181.538,4172.308,4247.179,0.0
1774430725.0233,38,4242.564,4282.051,4171.795,4143.59,4205.128,0.0
1774430725.0311,39,4255.897,4248.718,4187.692,4154.359,4202.564,0.0
1774430725.0389,40,4267.179,4246.667,4192.821,4171.795,4225.641,0.0
1774430725.0466,41,4260.0,4270.256,4160.513,4159.487,4234.359,0.0
1774430725.0544,42,4251.282,4290.769,4153.846,4153.846,4237.436,0.0
1774430725.0621,43,4255.897,4274.872,4192.821,4167.692,4232.821,0.0
1774430725.0699,44,4262.051,4224.103,4201.538,4161.026,4211.795,0.0
1774430725.0776,45,4251.282,4209.744,4182.564,4149.744,4207.692,0.0
1774430725.0855,46,4242.051,4260.0,4182.564,4171.282,4228.205,0.0
1774430725.0932,47,4246.667,4304.103,4184.615,4188.718,4242.564,0.0
1774430725.101,48,4249.744,4295.897,4180.0,4167.692,4236.41,0.0
1774430725.1087,49,4258.462,4258.462,4193.333,4149.744,4224.615,0.0
1774430725.1165,50,4269.231,4236.41,4201.538,4154.872,4227.179,0.0
1774430725.1242,51,4270.256,4258.974,4174.872,4165.641,4236.41,0.0
1774430725.132,52,4255.385,4293.846,4149.744,4163.59,4240.0,0.0
1774430725.1398,53,4236.923,4297.436,4161.538,4145.128,4236.923,0.0
1774430725.1476,54,4231.282,4279.487,4184.615,4132.308,4210.769,0.0
1774430725.1553,55,4236.41,4266.154,4185.128,4140.513,4183.59,0.0
1774430725.1631,56,4256.923,4264.615,4176.923,4166.667,4214.872,0.0
1774430725.1708,57,4275.897,4275.897,4167.692,4185.128,4269.231,0.0
1774430725.1786,58,4264.615,4273.846,4156.41,4163.59,4266.154,0.0
1774430725.1863,59,4248.718,4255.897,4162.564,4128.718,4227.692,0.0
1774430725.1941,60,4267.179,4253.333,4191.795,4137.436,4222.564,0.0
1774430725.2019,61,4279.487,4256.923,4184.103,4157.949,4235.385,0.0
1774430725.2096,62,4254.359,4269.231,4129.231,4146.667,4234.359,0.0
1774430725.2174,63,4256.923,4301.538,4127.179,4149.744,4247.179,0.0
1774430725.2251,64,4272.821,4312.821,4170.256,4162.051,4252.308,450.0
1774430725.2329,65,4256.41,4277.949,4185.128,4135.385,4218.974,450.0
1774430725.2407,66,4256.923,4263.59,4181.026,4125.641,4212.308,16204.0
1774430725.2484,67,4272.308,4285.128,4169.744,4158.974,4243.59,450.0
1774430725.2563,68,4256.41,4292.308,4157.949,4165.128,4246.667,16189.0
1774430725.2641,69,4241.538,4300.0,4165.128,4138.462,4222.564,450.0
1774430725.272,70,4246.667,4304.615,4177.949,4125.128,4209.744,16155.0
1774430725.2798,71,4261.538,4294.359,4183.077,4148.718,4221.538,450.0
1774430725.2877,72,4290.769,4286.154,4183.077,4184.615,4241.538,450.0
1774430725.2956,73,4298.462,4278.974,4176.41,4181.538,4240.513,16195.0
1774430725.3035,74,4261.026,4284.103,4155.897,4150.256,4218.462,450.0
1774430725.3113,75,4230.769,4303.59,4148.718,4133.333,4204.615,16198.0
1774430725.3192,76,4236.923,4303.59,4171.795,4142.564,4212.308,450.0
1774430725.327,77,4243.59,4281.026,4170.256,4152.308,4221.026,450.0
1774430725.3349,78,4238.462,4292.821,4137.949,4141.026,4213.846,450.0
1774430725.3428,79,4245.641,4325.128,4145.641,4136.923,4217.436,16198.0
1774430725.3507,80,4256.923,4305.128,4186.154,4144.615,4214.359,450.0
1774430725.3586,81,4265.641,4277.949,4195.385,4146.667,4204.103,450.0
1774430725.3664,82,4266.154,4303.59,4166.154,4150.769,4222.051,450.0
1774430725.3743,83,4245.641,4330.769,4157.436,4152.308,4227.692,16198.0
1774430725.3821,84,4234.359,4302.051,4182.051,4142.564,4201.026,450.0
1774430725.39,85,4252.308,4268.718,4185.641,4144.615,4200.0,450.0
1774430725.3978,86,4264.103,4278.462,4169.744,4162.564,4223.077,450.0
1774430725.4058,87,4254.872,4312.821,4166.667,4165.641,4228.718,16198.0
1774430725.4136,88,4241.026,4318.974,4158.462,4140.513,4216.923,450.0
1774430725.4215,89,4237.436,4281.026,4144.615,4131.282,4204.103,450.0
1774430725.4293,90,4260.513,4269.231,4150.769,4165.128,4220.0,450.0
1774430725.4372,91,4278.974,4297.436,4158.462,4187.692,4245.128,16198.0
1774430725.445,92,4256.41,4307.692,4146.154,4164.615,4228.205,450.0
1774430725.4529,93,4233.333,4290.256,4150.256,4133.846,4203.077,450.0
1774430725.4608,94,4238.462,4277.949,4175.385,4132.308,4213.846,450.0
1774430725.4687,95,4248.205,4268.205,4168.205,4152.308,4222.051,16198.0
1774430725.4765,96,4253.846,4262.051,4141.538,4165.641,4214.359,450.0
1774430725.4844,97,4248.205,4277.436,4150.769,4154.872,4216.41,450.0
1774430725.4922,98,4237.949,4274.872,4187.179,4141.026,4220.513,450.0
1774430725.5001,99,4254.872,4249.744,4198.462,4162.051,4228.718,16198.0
1774430725.508,100,4261.026,4243.59,4153.846,4172.821,4227.692,450.0
1774430725.5159,101,4226.667,4261.538,4128.718,4158.974,4224.615,450.0
1774430725.5238,102,4228.205,4260.513,4171.282,4158.462,4237.949,450.0
1774430725.5316,103,4265.641,4230.256,4201.538,4157.436,4224.615,16198.0
1774430725.5395,104,4268.205,4236.41,4181.538,4151.282,4202.051,450.0
1774430725.5473,105,4241.538,4283.077,4152.308,4153.846,4222.564,450.0
1774430725.5552,106,4213.333,4293.333,4139.487,4140.513,4227.692,450.0
1774430725.5631,107,4212.821,4260.0,4147.692,4126.154,4194.359,16198.0
1774430725.5709,108,4253.333,4247.692,4164.103,4161.538,4203.077,450.0
1774430725.5786,109,4269.231,4258.462,4163.59,4192.308,4235.897,450.0
1774430725.5865,110,4236.41,4251.795,4155.897,4161.026,4221.538,450.0
1774430725.5943,111,4223.077,4248.205,4176.41,4138.462,4215.385,16198.0
1774430725.6022,112,4254.872,4257.949,4198.974,4169.744,4241.538,450.0
1774430725.61,113,4281.026,4244.103,4182.051,4196.923,4239.487,450.0
1774430725.618,114,4279.487,4234.872,4159.487,4184.615,4223.077,450.0
1774430725.6259,115,4265.128,4277.949,4152.821,4167.692,4231.795,16198.0
1774430725.6337,116,4246.667,4318.462,4152.308,4155.385,4233.846,450.0
1774430725.6416,117,4234.359,4291.282,4161.538,4140.0,4218.974,450.0
1774430725.6494,118,4237.436,4244.103,4159.487,4138.974,4203.59,450.0
1774430725.6573,119,4256.41,4261.026,4150.256,4150.256,4202.564,16198.0
1774430725.6651,120,4264.103,4317.949,4160.513,4163.077,4228.205,450.0
1774430725.673,121,4240.0,4332.308,4165.641,4157.949,4243.59,450.0
1774430725.6809,122,4244.615,4309.231,4163.59,4141.538,4234.359,450.0
1774430725.6888,123,4288.718,4311.795,4193.333,4156.41,4234.359,16198.0
1774430725.6966,124,4298.462,4325.641,4215.897,4183.077,4247.692,450.0
1774430725.7045,125,4276.923,4316.41,4198.974,4183.59,4258.974,450.0
1774430725.7123,126,4282.564,4310.256,4187.179,4186.667,4267.179,450.0
1774430725.7202,127,4295.385,4309.744,4195.385,4204.615,4260.0,242.0
1774430725.7281,0,4278.974,4313.846,4188.718,4198.462,4251.795,450.0
1774430725.736,1,4258.974,4328.205,4188.718,4182.051,4262.564,450.0
1774430725.7438,2,4265.641,4325.128,4214.359,4191.282,4263.077,16218.0
1774430725.7517,3,4263.59,4284.103,4212.821,4180.513,4226.154,450.0
1774430725.7595,4,4245.128,4262.051,4193.846,4149.744,4204.103,16153.0
1774430725.7673,5,4269.231,4288.718,4196.923,4170.769,4243.077,450.0
1774430725.775,6,4294.359,4302.564,4188.718,4199.487,4272.821,16158.0
1774430725.783,7,4270.769,4308.718,4174.872,4184.103,4262.564,450.0
1774430725.7908,8,4258.462,4332.308,4185.641,4170.769,4256.923,450.0
1774430725.7986,9,4281.026,4333.333,4203.077,4183.59,4263.077,16187.0
1774430725.8065,10,4286.667,4290.769,4206.667,4194.359,4251.282,450.0
1774430725.8143,11,4273.333,4252.821,4201.538,4181.026,4224.615,16189.0
1774430725.8221,12,4279.487,4266.154,4191.795,4168.718,4226.667,450.0
1774430725.8301,13,4271.795,4293.846,4166.667,4178.462,4246.154,450.0
1774430725.8379,14,4253.846,4292.308,4157.949,4188.205,4246.667,450.0
1774430725.8458,15,4256.41,4275.385,4178.974,4168.718,4228.718,16189.0
1774430725.8536,16,4252.308,4267.692,4194.359,4149.744,4216.923,0.0
1774430725.8613,17,4253.333,4265.641,4201.538,4165.128,4228.205,0.0
1774430725.8691,18,4288.205,4260.513,4197.436,4175.897,4253.333,0.0
1774430725.8768,19,4299.487,4266.667,4190.769,4173.333,4266.154,0.0
1774430725.8847,20,4256.41,4286.667,4189.231,4175.897,4253.846,0.0
1774430725.8924,21,4227.692,4293.333,4192.821,4163.077,4232.308,0.0
1774430725.9002,22,4238.974,4270.769,4200.513,4140.0,4217.949,0.0
1774430725.9079,23,4260.0,4246.154,4198.974,4151.282,4215.385,0.0
1774430725.9158,24,4266.667,4249.231,4182.051,4170.256,4219.487,0.0
1774430725.9236,25,4238.974,4267.692,4165.641,4150.256,4212.308,0.0
1774430725.9315,26,4219.487,4277.436,4170.769,4132.308,4210.256,0.0
1774430725.9394,27,4245.128,4267.692,4183.077,4151.795,4225.641,0.0
1774430725.9473,28,4266.667,4245.128,4187.692,4170.256,4235.385,0.0
1774430725.9551,29,4257.949,4231.795,4178.462,4161.026,4223.59,0.0
1774430725.963,30,4252.821,4241.026,4155.897,4151.282,4212.308,0.0
1774430725.9708,31,4248.205,4268.718,4137.949,4157.949,4214.872,0.0
1774430725.9787,32,4247.179,4294.359,4150.256,4170.769,4225.641,0.0
1774430725.9865,33,4261.026,4287.179,4177.949,4170.769,4228.205,0.0
1774430725.9945,34,4275.385,4260.0,4198.462,4162.051,4211.282,0.0
1774430726.0023,35,4290.769,4261.026,4208.205,4172.821,4210.256,0.0
1774430726.0102,36,4293.846,4285.641,4184.103,4186.154,4231.282,0.0
1774430726.018,37,4276.923,4305.641,4166.667,4176.923,4243.077,0.0
1774430726.0259,38,4281.026,4332.308,4181.026,4171.795,4245.641,0.0
1774430726.0337,39,4284.615,4356.923,4167.179,4177.436,4242.051,0.0
1774430726.0415,40,4252.308,4357.949,4142.051,4168.205,4234.872,0.0
1774430726.0493,41,4238.462,4331.795,4157.949,4149.231,4225.641,0.0
1774430726.057,42,4257.949,4286.667,4166.667,4142.564,4211.282,0.0
1774430726.0648,43,4271.282,4281.538,4138.462,4157.436,4214.359,0.0
1774430726.0725,44,4269.231,4333.333,4124.103,4169.231,4238.462,0.0
1774430726.0804,45,4257.949,4351.795,4134.359,4151.795,4232.308,0.0
1774430726.0882,46,4253.846,4320.513,4160.513,4135.897,4199.487,0.0
1774430726.0962,47,4264.103,4306.154,4205.641,4149.744,4202.564,0.0
1774430726.104,48,4271.795,4311.795,4207.692,4168.718,4231.282,0.0
1774430726.1119,49,4272.308,4304.615,4159.487,4170.769,4229.231,0.0
1774430726.1197,50,4277.949,4302.051,4158.974,4168.205,4221.538,0.0
1774430726.1276,51,4269.744,4337.436,4183.59,4168.205,4234.359,0.0
1774430726.1354,52,4244.103,4353.333,4163.077,4151.282,4215.385,0.0
1774430726.1433,53,4241.026,4310.769,4157.949,4135.897,4182.564,0.0
1774430726.1512,54,4255.385,4268.718,4167.179,4146.667,4195.385,0.0
1774430726.1591,55,4248.718,4262.564,4145.128,4153.333,4216.923,0.0
1774430726.1669,56,4237.436,4273.846,4143.59,4146.154,4207.692,0.0
1774430726.1748,57,4246.667,4286.154,4176.41,4144.103,4200.0,0.0
1774430726.1826,58,4253.333,4284.103,4194.872,4152.821,4217.949,0.0
1774430726.1905,59,4262.051,4266.667,4192.821,4170.769,4226.154,0.0
1774430726.1983,60,4275.897,4266.667,4183.59,4180.513,4212.821,0.0
1774430726.2061,61,4263.59,4288.205,4160.513,4168.205,4208.205,0.0
1774430726.2139,62,4247.692,4304.103,4140.513,4153.846,4221.538,0.0
1774430726.2216,63,4258.974,4304.615,4144.615,4150.769,4228.205,0.0
1774430726.2294,64,4249.231,4268.718,4165.641,4141.026,4207.179,450.0
1774430726.2371,65,4238.462,4231.795,4182.051,4149.231,4202.051,450.0
1774430726.245,66,4268.205,4250.256,4161.026,4173.333,4227.179,16205.0
1774430726.2528,67,4240.513,4285.641,4124.615,4148.718,4198.974,450.0
1774430726.2608,68,4161.026,4286.667,4129.744,4119.487,4132.821,16176.0
1774430726.2686,69,4149.231,4275.897,4143.59,4145.641,4120.513,450.0
1774430726.2764,70,4156.41,4267.179,4139.487,4154.359,4118.462,16163.0
1774430726.2841,71,4105.641,4255.897,4130.256,4116.41,4065.128,450.0
1774430726.292,72,4049.231,4248.205,4111.282,4096.923,4014.872,450.0
1774430726.2998,73,4044.615,4254.872,4120.513,4108.718,4005.128,16187.0
1774430726.3077,74,4059.487,4262.564,4146.667,4111.282,4003.077,450.0
1774430726.3157,75,4049.231,4255.897,4145.128,4103.59,4008.718,16199.0
1774430726.3235,76,4045.128,4260.513,4150.769,4112.308,4033.333,450.0
1774430726.3314,77,4067.179,4286.154,4157.949,4118.974,4045.128,450.0
1774430726.3392,78,4074.359,4300.0,4143.59,4110.256,4043.59,450.0
1774430726.3471,79,4066.667,4284.615,4146.154,4106.667,4046.154,16199.0
1774430726.355,80,4073.333,4269.744,4155.385,4106.667,4041.026,450.0
1774430726.363,81,4071.795,4273.333,4142.051,4104.103,4029.231,450.0
1774430726.3708,82,4067.692,4277.949,4144.103,4120.513,4040.513,450.0
1774430726.3787,83,4090.256,4271.282,4157.949,4139.487,4065.641,16199.0
1774430726.3865,84,4101.538,4271.282,4146.154,4127.692,4073.333,450.0
1774430726.3944,85,4086.154,4281.538,4136.41,4113.846,4064.615,450.0
1774430726.4022,86,4086.667,4277.949,4151.795,4125.641,4053.846,450.0
1774430726.41,87,4101.538,4265.641,4157.436,4134.872,4048.718,16199.0
1774430726.418,88,4100.513,4262.051,4156.923,4125.641,4057.949,450.0
1774430726.4258,89,4102.564,4271.282,4169.231,4129.744,4071.795,450.0
1774430726.4337,90,4121.538,4282.564,4162.564,4151.282,4078.974,450.0
1774430726.4415,91,4127.692,4300.0,4148.205,4150.769,4085.641,16199.0
1774430726.4494,92,4119.487,4325.641,4150.769,4135.385,4092.821,450.0
1774430726.4573,93,4110.256,4302.051,4146.667,4126.667,4075.385,450.0
1774430726.4651,94,4109.744,4255.385,4134.359,4124.103,4049.744,450.0
1774430726.4731,95,4112.308,4266.154,4145.641,4126.667,4057.436,16199.0
1774430726.4809,96,4105.128,4295.897,4164.103,4130.769,4085.128,450.0
1774430726.4887,97,4104.615,4280.513,4165.128,4127.179,4088.718,450.0
1774430726.4966,98,4120.0,4267.692,4162.051,4128.718,4078.974,450.0
1774430726.5045,99,4138.462,4281.538,4156.41,4148.205,4093.333,16199.0
1774430726.5123,100,4145.641,4274.872,4145.641,4157.949,4104.615,450.0
1774430726.5202,101,4144.038,4276.538,4145.769,4156.41,4103.91,450.0
1774430726.5281,102,4142.436,4278.205,4145.897,4154.872,4103.205,450.0
1774430726.5359,103,4140.833,4279.872,4146.026,4153.333,4102.5,450.0
1774430726.5437,104,4139.231,4281.538,4146.154,4151.795,4101.795,450.0
1774430726.5515,105,4137.628,4283.205,4146.282,4150.256,4101.09,450.0
1774430726.5593,106,4136.026,4284.872,4146.41,4148.718,4100.385,450.0
1774430726.5671,107,4134.423,4286.538,4146.538,4147.179,4099.679,450.0
1774430726.575,108,4132.821,4288.205,4146.667,4145.641,4098.974,450.0
1774430726.5827,109,4123.59,4317.436,4144.103,4144.103,4100.513,450.0
1774430726.5905,110,4121.026,4308.205,4141.538,4153.846,4096.41,450.0
1774430726.5983,111,4129.231,4296.41,4141.538,4154.872,4093.846,16199.0
1774430726.6061,112,4148.205,4304.615,4147.692,4149.231,4106.667,450.0
1774430726.6138,113,4138.462,4292.821,4145.641,4146.154,4111.282,450.0
1774430726.6216,114,4116.923,4275.385,4143.077,4145.641,4099.487,450.0
1774430726.6294,115,4120.513,4305.128,4138.974,4144.103,4105.128,16199.0
1774430726.6372,116,4141.538,4316.923,4140.0,4138.462,4112.821,450.0
1774430726.6449,117,4157.949,4290.256,4149.744,4148.718,4103.59,450.0
1774430726.6526,118,4144.103,4290.769,4144.103,4148.718,4092.308,450.0
1774430726.6604,119,4130.769,4314.872,4134.872,4137.436,4113.846,16199.0
1774430726.6682,120,4153.333,4325.641,4151.795,4150.769,4147.179,450.0
1774430726.6759,121,4178.974,4299.487,4175.385,4170.769,4139.487,450.0
1774430726.6837,122,4182.051,4273.333,4174.872,4166.154,4122.051,450.0
1774430726.6915,123,4171.282,4289.744,4162.564,4142.051,4121.026,16199.0
1774430726.6993,124,4158.974,4314.872,4154.359,4135.897,4118.462,450.0
1774430726.707,125,4152.821,4313.333,4141.538,4154.872,4121.026,450.0
1774430726.7147,126,4153.846,4296.41,4134.872,4162.051,4129.744,450.0
1774430726.7225,127,4147.179,4283.077,4144.615,4145.128,4122.564,242.0
1774430726.7302,0,4142.564,4289.744,4141.538,4135.385,4116.923,450.0
1774430726.7381,1,4149.744,4305.128,4135.897,4135.385,4121.538,450.0
1774430726.7458,2,4160.513,4292.821,4141.538,4140.513,4124.615,16202.0
1774430726.7536,3,4164.615,4274.359,4125.128,4155.385,4124.103,450.0
1774430726.7613,4,4163.077,4281.538,4110.256,4145.128,4112.308,16163.0
1774430726.769,5,4168.205,4285.128,4114.359,4129.231,4115.385,450.0
1774430726.7768,6,4168.205,4273.333,4116.41,4144.103,4149.231,16159.0
1774430726.7846,7,4163.59,4253.846,4134.872,4156.923,4156.41,450.0
1774430726.7924,8,4176.923,4248.718,4139.487,4148.718,4133.333,450.0
1774430726.8002,9,4185.128,4278.974,4110.256,4143.59,4140.513,16183.0
1774430726.8079,10,4171.795,4270.256,4117.436,4151.795,4142.564,450.0
1774430726.8157,11,4166.667,4238.462,4158.974,4152.308,4119.487,16206.0
1774430726.8234,12,4171.282,4274.872,4166.667,4138.974,4125.128,450.0
1774430726.8312,13,4174.359,4287.179,4162.564,4135.385,4134.872,450.0
1774430726.8389,14,4188.205,4234.359,4171.282,4152.821,4133.333,450.0
1774430726.8467,15,4181.026,4236.41,4156.41,4140.0,4131.795,16206.0
1774430726.8545,16,4157.949,4263.59,4142.051,4103.077,4115.385,0.0
1774430726.8622,17,4177.949,4250.256,4152.308,4128.718,4127.179,0.0
1774430726.87,18,4195.385,4263.077,4147.179,4164.615,4164.615,0.0
1774430726.8777,19,4168.718,4280.513,4138.462,4135.385,4150.256,0.0
1774430726.8855,20,4170.769,4256.41,4143.077,4123.59,4121.538,0.0
1774430726.8932,21,4193.333,4251.795,4135.385,4151.795,4140.513,0.0
1774430726.9011,22,4180.513,4271.795,4135.897,4143.077,4156.41,0.0
1774430726.9088,23,4171.795,4264.103,4149.231,4129.744,4141.538,0.0
1774430726.9166,24,4182.564,4238.462,4141.538,4160.513,4137.949,0.0
1774430726.9243,25,4186.154,4234.872,4142.564,4163.59,4148.718,0.0
1774430726.9321,26,4201.538,4233.333,4173.333,4141.026,4160.0,0.0
1774430726.9399,27,4220.0,4227.179,4174.872,4155.385,4165.128,0.0
1774430726.9476,28,4202.564,4246.154,4144.615,4158.974,4163.59,0.0
1774430726.9554,29,4184.615,4253.846,4158.462,4133.333,4163.077,0.0
1774430726.9631,30,4215.385,4245.641,4183.59,4148.205,4174.359,0.0
1774430726.9709,31,4222.051,4270.256,4156.41,4171.282,4172.308,0.0
1774430726.9787,32,4157.949,4283.59,4136.41,4140.0,4132.821,0.0
1774430726.9864,33,4150.769,4250.769,4147.692,4124.615,4119.487,0.0
1774430726.9942,34,4235.897,4240.0,4147.692,4158.462,4176.41,0.0
1774430727.0019,35,4300.0,4266.667,4149.744,4170.769,4254.872,0.0
1774430727.0098,36,4342.051,4290.769,4151.795,4160.513,4314.872,0.0
1774430727.0175,37,4423.077,4313.333,4149.744,4178.462,4370.256,0.0
1774430727.0252,38,4491.795,4314.359,4174.359,4190.256,4409.744,0.0
1774430727.033,39,4510.256,4313.333,4206.154,4172.821,4430.256,0.0
1774430727.0407,40,4525.641,4327.179,4198.974,4169.231,4453.333,0.0
1774430727.0485,41,4530.256,4305.641,4183.077,4178.462,4448.718,0.0
