timestamp,AF3,T7,Pz,T8,AF4,AF3_theta,AF3_alpha,AF3_beta,T7_theta,T7_mu,T7_beta,Pz_alpha,Pz_beta,T8_theta,T8_mu,T8_beta,AF4_theta,AF4_alpha,AF4_beta
0,4309.231,4315.897,4177.436,4167.692,4241.538,0.3034975019544856,0.06731606669181048,0.0666979313117642,0.182306885777725,0.13853828708647195,0.21186205180795356,0.1311405455423816,0.17107192131704965,0.1963316477281109,0.15614119017824485,0.14402246901410237,0.2936425998700261,0.0682938740558497,0.08223808669447408
7,4298.462,4311.795,4164.615,4145.641,4234.872,0.3034975019544856,0.06731606669181048,0.0666979313117642,0.182306885777725,0.13853828708647195,0.21186205180795356,0.1311405455423816,0.17107192131704965,0.1963316477281109,0.15614119017824485,0.14402246901410237,0.2936425998700261,0.0682938740558497,0.08223808669447408
14,4306.154,4320.513,4172.821,4163.59,4257.436,0.3034975019544856,0.06731606669181048,0.0666979313117642,0.182306885777725,0.13853828708647195,0.21186205180795356,0.1311405455423816,0.17107192131704965,0.1963316477281109,0.15614119017824485,0.14402246901410237,0.2936425998700261,0.0682938740558497,0.08223808669447408
21,4323.59,4326.667,4195.897,4204.103,4276.923,0.3034975019544856,0.06731606669181048,0.0666979313117642,0.182306885777725,0.13853828708647195,0.21186205180795356,0.1311405455423816,0.17107192131704965,0.1963316477281109,0.15614119017824485,0.14402246901410237,0.2936425998700261,0.0682938740558497,0.08223808669447408
28,4326.667,4322.564,4209.231,4198.462,4275.385,0.3034975019544856,0.06731606669181048,0.0666979313117642,0.182306885777725,0.13853828708647195,0.21186205180795356,0.1311405455423816,0.17107192131704965,0.1963316477281109,0.15614119017824485,0.14402246901410237,0.2936425998700261,0.0682938740558497,0.08223808669447408
35,4291.282,4305.128,4184.615,4148.718,4244.103,0.3034975019544856,0.06731606669181048,0.0666979313117642,0.182306885777725,0.13853828708647195,0.21186205180795356,0.1311405455423816,0.17107192131704965,0.1963316477281109,0.15614119017824485,0.14402246901410237,0.2936425998700261,0.0682938740558497,0.08223808669447408
42,4246.154,4268.718,4145.641,4114.359,4195.385,0.3034975019544856,0.06731606669181048,0.0666979313117642,0.182306885777725,0.13853828708647195,0.21186205180795356,0.1311405455423816,0.17107192131704965,0.1963316477281109,0.15614119017824485,0.14402246901410237,0.2936425998700261,0.0682938740558497,0.08223808669447408
49,4241.538,4244.103,4134.359,4112.821,4181.538,0.3034975019544856,0.06731606669181048,0.0666979313117642,0.182306885777725,0.13853828708647195,0.21186205180795356,0.1311405455423816,0.17107192131704965,0.1963316477281109,0.15614119017824485,0.14402246901410237,0.2936425998700261,0.0682938740558497,0.08223808669447408
56,4247.179,4246.154,4138.462,4112.308,4198.974,0.3034975019544856,0.06731606669181048,0.0666979313117642,0.182306885777725,0.13853828708647195,0.21186205180795356,0.1311405455423816,0.17107192131704965,0.1963316477281109,0.15614119017824485,0.14402246901410237,0.2936425998700261,0.0682938740558497,0.08223808669447408
63,4235.385,4249.231,4127.692,4112.308,4195.897,0.3034975019544856,0.06731606669181048,0.0666979313117642,0.182306885777725,0.13853828708647195,0.21186205180795356,0.1311405455423816,0.17107192131704965,0.1963316477281109,0.15614119017824485,0.14402246901410237,0.2936425998700261,0.0682938740558497,0.08223808669447408
70,4233.846,4249.744,4110.769,4118.462,4186.154,0.3034975019544856,0.06731606669181048,0.0666979313117642,0.182306885777725,0.13853828708647195,0.21186205180795356,0.1311405455423816,0.17107192131704965,0.1963316477281109,0.15614119017824485,0.14402246901410237,0.2936425998700261,0.0682938740558497,0.08223808669447408
77,4242.051,4243.59,4106.154,4111.795,4201.538,0.3034975019544856,0.06731606669181048,0.0666979313117642,0.182306885777725,0.13853828708647195,0.21186205180795356,0.1311405455423816,0.17107192131704965,0.1963316477281109,0.15614119017824485,0.14402246901410237,0.2936425998700261,0.0682938740558497,0.08223808669447408
84,4245.128,4237.949,4126.154,4105.641,4205.641,0.3034975019544856,0.06731606669181048,0.0666979313117642,0.182306885777725,0.13853828708647195,0.21186205180795356,0.1311405455423816,0.17107192131704965,0.1963316477281109,0.15614119017824485,0.14402246901410237,0.2936425998700261,0.0682938740558497,0.08223808669447408
91,4238.462,4245.128,4138.974,4110.256,4195.385,0.3034975019544856,0.06731606669181048,0.0666979313117642,0.182306885777725,0.13853828708647195,0.21186205180795356,0.1311405455423816,0.17107192131704965,0.1963316477281109,0.15614119017824485,0.14402246901410237,0.2936425998700261,0.0682938740558497,0.08223808669447408
98,4241.538,4246.154,4124.615,4113.846,4203.59,0.3034975019544856,0.06731606669181048,0.0666979313117642,0.182306885777725,0.13853828708647195,0.21186205180795356,0.1311405455423816,0.17107192131704965,0.1963316477281109,0.15614119017824485,0.14402246901410237,0.2936425998700261,0.0682938740558497,0.08223808669447408
105,4244.615,4243.59,4109.231,4109.744,4212.821,0.3034975019544856,0.06731606669181048,0.0666979313117642,0.182306885777725,0.13853828708647195,0.21186205180795356,0.1311405455423816,0.17107192131704965,0.1963316477281109,0.15614119017824485,0.14402246901410237,0.2936425998700261,0.0682938740558497,0.08223808669447408
112,4251.282,4255.385,4123.59,4121.538,4216.41,0.3034975019544856,0.06731606669181048,0.0666979313117642,0.182306885777725,0.13853828708647195,0.21186205180795356,0.1311405455423816,0.17107192131704965,0.1963316477281109,0.15614119017824485,0.14402246901410237,0.2936425998700261,0.0682938740558497,0.08223808669447408
119,4258.462,4261.026,4147.692,4137.949,4217.436,0.3034975019544856,0.06731606669181048,0.0666979313117642,0.182306885777725,0.13853828708647195,0.21186205180795356,0.1311405455423816,0.17107192131704965,0.1963316477281109,0.15614119017824485,0.14402246901410237,0.2936425998700261,0.0682938740558497,0.08223808669447408
126,4257.436,4262.051,4148.718,4139.487,4222.051,0.3034975019544856,0.06731606669181048,0.0666979313117642,0.182306885777725,0.13853828708647195,0.21186205180795356,0.1311405455423816,0.17107192131704965,0.1963316477281109,0.15614119017824485,0.14402246901410237,0.2936425998700261,0.0682938740558497,0.08223808669447408
133,4276.41,4257.949,4148.718,4139.487,4223.077,0.3034975019544856,0.06731606669181048,0.0666979313117642,0.182306885777725,0.13853828708647195,0.21186205180795356,0.1311405455423816,0.17107192131704965,0.1963316477281109,0.15614119017824485,0.14402246901410237,0.2936425998700261,0.0682938740558497,0.08223808669447408
140,4237.949,4194.872,4097.436,4087.179,4176.923,0.3034975019544856,0.06731606669181048,0.0666979313117642,0.182306885777725,0.13853828708647195,0.21186205180795356,0.1311405455423816,0.17107192131704965,0.1963316477281109,0.15614119017824485,0.14402246901410237,0.2936425998700261,0.0682938740558497,0.08223808669447408
147,4163.077,4137.436,4026.667,4023.59,4125.641,0.3034975019544856,0.06731606669181048,0.0666979313117642,0.182306885777725,0.13853828708647195,0.21186205180795356,0.1311405455423816,0.17107192131704965,0.1963316477281109,0.15614119017824485,0.14402246901410237,0.2936425998700261,0.0682938740558497,0.08223808669447408
154,4214.872,4217.949,4086.154,4078.974,4186.667,0.3034975019544856,0.06731606669181048,0.0666979313117642,0.182306885777725,0.13853828708647195,0.21186205180795356,0.1311405455423816,0.17107192131704965,0.1963316477281109,0.15614119017824485,0.14402246901410237,0.2936425998700261,0.0682938740558497,0.08223808669447408
161,4335.385,4317.949,4200.0,4177.949,4284.103,0.3034975019544856,0.06731606669181048,0.0666979313117642,0.182306885777725,0.13853828708647195,0.21186205180795356,0.1311405455423816,0.17107192131704965,0.1963316477281109,0.15614119017824485,0.14402246901410237,0.2936425998700261,0.0682938740558497,0.08223808669447408
168,4337.436,4289.744,4197.436,4158.974,4269.744,0.3034975019544856,0.06731606669181048,0.0666979313117642,0.182306885777725,0.13853828708647195,0.21186205180795356,0.1311405455423816,0.17107192131704965,0.1963316477281109,0.15614119017824485,0.14402246901410237,0.2936425998700261,0.0682938740558497,0.08223808669447408
175,4280.513,4255.385,4160.513,4105.128,4230.769,0.3034975019544856,0.06731606669181048,0.0666979313117642,0.182306885777725,0.13853828708647195,0.21186205180795356,0.1311405455423816,0.17107192131704965,0.1963316477281109,0.15614119017824485,0.14402246901410237,0.2936425998700261,0.0682938740558497,0.08223808669447408
182,4289.231,4288.205,4181.026,4125.128,4252.821,0.3034975019544856,0.06731606669181048,0.0666979313117642,0.182306885777725,0.13853828708647195,0.21186205180795356,0.1311405455423816,0.17107192131704965,0.1963316477281109,0.15614119017824485,0.14402246901410237,0.2936425998700261,0.0682938740558497,0.08223808669447408
189,4298.462,4281.538,4169.231,4133.333,4257.436,0.3034975019544856,0.06731606669181048,0.0666979313117642,0.182306885777725,0.13853828708647195,0.21186205180795356,0.1311405455423816,0.17107192131704965,0.1963316477281109,0.15614119017824485,0.14402246901410237,0.2936425998700261,0.0682938740558497,0.08223808669447408
196,4287.179,4246.154,4138.974,4118.462,4236.41,0.3034975019544856,0.06731606669181048,0.0666979313117642,0.182306885777725,0.13853828708647195,0.21186205180795356,0.1311405455423816,0.17107192131704965,0.1963316477281109,0.15614119017824485,0.14402246901410237,0.2936425998700261,0.0682938740558497,0.08223808669447408
203,4277.436,4249.744,4143.077,4124.615,4237.949,0.3034975019544856,0.06731606669181048,0.0666979313117642,0.182306885777725,0.13853828708647195,0.21186205180795356,0.1311405455423816,0.17107192131704965,0.1963316477281109,0.15614119017824485,0.14402246901410237,0.2936425998700261,0.0682938740558497,0.08223808669447408
210,4277.436,4258.974,4160.513,4133.333,4244.103,0.3034975019544856,0.06731606669181048,0.0666979313117642,0.182306885777725,0.13853828708647195,0.21186205180795356,0.1311405455423816,0.17107192131704965,0.1963316477281109,0.15614119017824485,0.14402246901410237,0.2936425998700261,0.0682938740558497,0.08223808669447408
217,4304.615,4266.667,4192.821,4141.538,4251.795,0.3034975019544856,0.06731606669181048,0.0666979313117642,0.182306885777725,0.13853828708647195,0.21186205180795356,0.1311405455423816,0.17107192131704965,0.1963316477281109,0.15614119017824485,0.14402246901410237,0.2936425998700261,0.0682938740558497,0.08223808669447408
224,4313.333,4290.256,4203.59,4144.103,4260.513,0.3034975019544856,0.06731606669181048,0.0666979313117642,0.182306885777725,0.13853828708647195,0.21186205180795356,0.1311405455423816,0.17107192131704965,0.1963316477281109,0.15614119017824485,0.14402246901410237,0.2936425998700261,0.0682938740558497,0.08223808669447408
231,4278.462,4295.897,4170.769,4131.282,4252.821,0.3034975019544856,0.06731606669181048,0.0666979313117642,0.182306885777725,0.13853828708647195,0.21186205180795356,0.1311405455423816,0.17107192131704965,0.1963316477281109,0.15614119017824485,0.14402246901410237,0.2936425998700261,0.0682938740558497,0.08223808669447408
238,4250.256,4272.308,4144.615,4111.282,4240.513,0.3034975019544856,0.06731606669181048,0.0666979313117642,0.182306885777725,0.13853828708647195,0.21186205180795356,0.1311405455423816,0.17107192131704965,0.1963316477281109,0.15614119017824485,0.14402246901410237,0.2936425998700261,0.0682938740558497,0.08223808669447408
245,4255.385,4260.513,4149.231,4101.538,4238.462,0.3034975019544856,0.06731606669181048,0.0666979313117642,0.182306885777725,0.13853828708647195,0.21186205180795356,0.1311405455423816,0.17107192131704965,0.1963316477281109,0.15614119017824485,0.14402246901410237,0.2936425998700261,0.0682938740558497,0.08223808669447408
252,4265.641,4271.795,4147.179,4103.077,4236.923,0.3034975019544856,0.06731606669181048,0.0666979313117642,0.182306885777725,0.13853828708647195,0.21186205180795356,0.1311405455423816,0.17107192131704965,0.1963316477281109,0.15614119017824485,0.14402246901410237,0.2936425998700261,0.0682938740558497,0.08223808669447408
259,4265.128,4269.231,4140.513,4103.077,4222.051,0.3034975019544856,0.06731606669181048,0.0666979313117642,0.182306885777725,0.13853828708647195,0.21186205180795356,0.1311405455423816,0.17107192131704965,0.1963316477281109,0.15614119017824485,0.14402246901410237,0.2936425998700261,0.0682938740558497,0.08223808669447408
266,4265.641,4245.128,4149.231,4103.077,4207.692,0.3034975019544856,0.06731606669181048,0.0666979313117642,0.182306885777725,0.13853828708647195,0.21186205180795356,0.1311405455423816,0.17107192131704965,0.1963316477281109,0.15614119017824485,0.14402246901410237,0.2936425998700261,0.0682938740558497,0.08223808669447408
273,4271.282,4243.077,4160.0,4113.333,4210.256,0.3034975019544856,0.06731606669181048,0.0666979313117642,0.182306885777725,0.13853828708647195,0.21186205180795356,0.1311405455423816,0.17107192131704965,0.1963316477281109,0.15614119017824485,0.14402246901410237,0.2936425998700261,0.0682938740558497,0.08223808669447408
280,4280.0,4263.077,4157.949,4125.128,4232.308,0.3034975019544856,0.06731606669181048,0.0666979313117642,0.182306885777725,0.13853828708647195,0.21186205180795356,0.1311405455423816,0.17107192131704965,0.1963316477281109,0.15614119017824485,0.14402246901410237,0.2936425998700261,0.0682938740558497,0.08223808669447408
287,4289.231,4267.692,4157.436,4126.667,4252.821,0.3034975019544856,0.06731606669181048,0.0666979313117642,0.182306885777725,0.13853828708647195,0.21186205180795356,0.1311405455423816,0.17107192131704965,0.1963316477281109,0.15614119017824485,0.14402246901410237,0.2936425998700261,0.0682938740558497,0.08223808669447408
294,4292.821,4249.231,4151.795,4111.795,4252.821,0.3034975019544856,0.06731606669181048,0.0666979313117642,0.182306885777725,0.13853828708647195,0.21186205180795356,0.1311405455423816,0.17107192131704965,0.1963316477281109,0.15614119017824485,0.14402246901410237,0.2936425998700261,0.0682938740558497,0.08223808669447408
301,4315.897,4234.872,4127.179,4097.436,4269.231,0.3034975019544856,0.06731606669181048,0.0666979313117642,0.182306885777725,0.13853828708647195,0.21186205180795356,0.1311405455423816,0.17107192131704965,0.1963316477281109,0.15614119017824485,0.14402246901410237,0.2936425998700261,0.0682938740558497,0.08223808669447408
308,4378.462,4244.103,4122.564,4111.282,4336.923,0.3034975019544856,0.06731606669181048,0.0666979313117642,0.182306885777725,0.13853828708647195,0.21186205180795356,0.1311405455423816,0.17107192131704965,0.1963316477281109,0.15614119017824485,0.14402246901410237,0.2936425998700261,0.0682938740558497,0.08223808669447408
315,4449.744,4255.897,4153.333,4128.718,4419.487,0.3034975019544856,0.06731606669181048,0.0666979313117642,0.182306885777725,0.13853828708647195,0.21186205180795356,0.1311405455423816,0.17107192131704965,0.1963316477281109,0.15614119017824485,0.14402246901410237,0.2936425998700261,0.0682938740558497,0.08223808669447408
322,4503.077,4259.487,4182.564,4126.667,4457.949,0.3034975019544856,0.06731606669181048,0.0666979313117642,0.182306885777725,0.13853828708647195,0.21186205180795356,0.1311405455423816,0.17107192131704965,0.1963316477281109,0.15614119017824485,0.14402246901410237,0.2936425998700261,0.0682938740558497,0.08223808669447408
329,4534.872,4263.59,4177.436,4123.59,4465.128,0.3034975019544856,0.06731606669181048,0.0666979313117642,0.182306885777725,0.13853828708647195,0.21186205180795356,0.1311405455423816,0.17107192131704965,0.1963316477281109,0.15614119017824485,0.14402246901410237,0.2936425998700261,0.0682938740558497,0.08223808669447408
336,4563.077,4268.718,4160.513,4130.769,4491.282,0.3034975019544856,0.06731606669181048,0.0666979313117642,0.182306885777725,0.13853828708647195,0.21186205180795356,0.1311405455423816,0.17107192131704965,0.1963316477281109,0.15614119017824485,0.14402246901410237,0.2936425998700261,0.0682938740558497,0.08223808669447408
343,4593.333,4274.872,4155.385,4135.385,4547.692,0.3034975019544856,0.06731606669181048,0.0666979313117642,0.182306885777725,0.13853828708647195,0.21186205180795356,0.1311405455423816,0.17107192131704965,0.1963316477281109,0.15614119017824485,0.14402246901410237,0.2936425998700261,0.0682938740558497,0.08223808669447408
350,4607.692,4281.026,4164.103,4139.487,4581.026,0.3034975019544856,0.06731606669181048,0.0666979313117642,0.182306885777725,0.13853828708647195,0.21186205180795356,0.1311405455423816,0.17107192131704965,0.1963316477281109,0.15614119017824485,0.14402246901410237,0.2936425998700261,0.0682938740558497,0.08223808669447408
357,4584.103,4272.308,4168.718,4139.487,4541.538,0.3034975019544856,0.06731606669181048,0.0666979313117642,0.182306885777725,0.13853828708647195,0.21186205180795356,0.1311405455423816,0.17107192131704965,0.1963316477281109,0.15614119017824485,0.14402246901410237,0.2936425998700261,0.0682938740558497,0.08223808669447408
364,4549.231,4257.949,4166.154,4126.154,4498.974,0.3034975019544856,0.06731606669181048,0.0666979313117642,0.182306885777725,0.13853828708647195,0.21186205180795356,0.1311405455423816,0.17107192131704965,0.1963316477281109,0.15614119017824485,0.14402246901410237,0.2936425998700261,0.0682938740558497,0.08223808669447408
371,4542.564,4261.026,4176.923,4128.718,4507.179,0.3034975019544856,0.06731606669181048,0.0666979313117642,0.182306885777725,0.13853828708647195,0.21186205180795356,0.1311405455423816,0.17107192131704965,0.1963316477281109,0.15614119017824485,0.14402246901410237,0.2936425998700261,0.0682938740558497,0.08223808669447408
378,4529.231,4267.179,4184.615,4151.795,4484.615,0.3034975019544856,0.06731606669181048,0.0666979313117642,0.182306885777725,0.13853828708647195,0.21186205180795356,0.1311405455423816,0.17107192131704965,0.1963316477281109,0.15614119017824485,0.14402246901410237,0.2936425998700261,0.0682938740558497,0.08223808669447408
385,4478.974,4260.513,4167.179,4155.385,4410.769,0.3034975019544856,0.06731606669181048,0.0666979313117642,0.182306885777725,0.13853828708647195,0.21186205180795356,0.1311405455423816,0.17107192131704965,0.1963316477281109,0.15614119017824485,0.14402246901410237,0.2936425998700261,0.0682938740558497,0.08223808669447408
392,4428.718,4230.256,4133.846,4121.538,4364.103,0.3034975019544856,0.06731606669181048,0.0666979313117642,0.182306885777725,0.13853828708647195,0.21186205180795356,0.1311405455423816,0.17107192131704965,0.1963316477281109,0.15614119017824485,0.14402246901410237,0.2936425998700261,0.0682938740558497,0.08223808669447408
399,4392.308,4185.641,4101.026,4083.59,4327.179,0.3034975019544856,0.06731606669181048,0.0666979313117642,0.182306885777725,0.13853828708647195,0.21186205180795356,0.1311405455423816,0.17107192131704965,0.1963316477281109,0.15614119017824485,0.14402246901410237,0.2936425998700261,0.0682938740558497,0.08223808669447408
406,4354.359,4176.41,4099.487,4086.667,4270.769,0.3034975019544856,0.06731606669181048,0.0666979313117642,0.182306885777725,0.13853828708647195,0.21186205180795356,0.1311405455423816,0.17107192131704965,0.1963316477281109,0.15614119017824485,0.14402246901410237,0.2936425998700261,0.0682938740558497,0.08223808669447408
413,4332.308,4205.128,4128.718,4117.949,4267.692,0.3034975019544856,0.06731606669181048,0.0666979313117642,0.182306885777725,0.13853828708647195,0.21186205180795356,0.1311405455423816,0.17107192131704965,0.1963316477281109,0.15614119017824485,0.14402246901410237,0.2936425998700261,0.0682938740558497,0.08223808669447408
420,4334.872,4220.513,4142.051,4141.538,4304.103,0.3034975019544856,0.06731606669181048,0.0666979313117642,0.182306885777725,0.13853828708647195,0.21186205180795356,0.1311405455423816,0.17107192131704965,0.1963316477281109,0.15614119017824485,0.14402246901410237,0.2936425998700261,0.0682938740558497,0.08223808669447408
427,4343.077,4209.231,4136.41,4160.513,4291.795,0.3034975019544856,0.06731606669181048,0.0666979313117642,0.182306885777725,0.13853828708647195,0.21186205180795356,0.1311405455423816,0.17107192131704965,0.1963316477281109,0.15614119017824485,0.14402246901410237,0.2936425998700261,0.0682938740558497,0.08223808669447408
434,4343.077,4207.179,4142.564,4172.308,4257.949,0.3034975019544856,0.06731606669181048,0.0666979313117642,0.182306885777725,0.13853828708647195,0.21186205180795356,0.1311405455423816,0.17107192131704965,0.1963316477281109,0.15614119017824485,0.14402246901410237,0.2936425998700261,0.0682938740558497,0.08223808669447408
441,4324.615,4217.949,4148.205,4164.103,4258.462,0.3034975019544856,0.06731606669181048,0.0666979313117642,0.182306885777725,0.13853828708647195,0.21186205180795356,0.1311405455423816,0.17107192131704965,0.1963316477281109,0.15614119017824485,0.14402246901410237,0.2936425998700261,0.0682938740558497,0.08223808669447408
448,4306.154,4233.333,4152.308,4171.795,4269.744,0.3034975019544856,0.06731606669181048,0.0666979313117642,0.182306885777725,0.13853828708647195,0.21186205180795356,0.1311405455423816,0.17107192131704965,0.1963316477281109,0.15614119017824485,0.14402246901410237,0.2936425998700261,0.0682938740558497,0.08223808669447408
455,4307.692,4245.641,4170.256,4206.154,4267.179,0.3034975019544856,0.06731606669181048,0.0666979313117642,0.182306885777725,0.13853828708647195,0.21186205180795356,0.1311405455423816,0.17107192131704965,0.1963316477281109,0.15614119017824485,0.14402246901410237,0.2936425998700261,0.0682938740558497,0.08223808669447408
462,4287.179,4237.436,4156.41,4201.538,4250.256,0.3034975019544856,0.06731606669181048,0.0666979313117642,0.182306885777725,0.13853828708647195,0.21186205180795356,0.1311405455423816,0.17107192131704965,0.1963316477281109,0.15614119017824485,0.14402246901410237,0.2936425998700261,0.0682938740558497,0.08223808669447408
469,4245.128,4206.667,4106.667,4166.154,4223.077,0.3034975019544856,0.06731606669181048,0.0666979313117642,0.182306885777725,0.13853828708647195,0.21186205180795356,0.1311405455423816,0.17107192131704965,0.1963316477281109,0.15614119017824485,0.14402246901410237,0.2936425998700261,0.0682938740558497,0.08223808669447408
476,4241.538,4186.667,4101.026,4163.59,4194.359,0.3034975019544856,0.06731606669181048,0.0666979313117642,0.182306885777725,0.13853828708647195,0.21186205180795356,0.1311405455423816,0.17107192131704965,0.1963316477281109,0.15614119017824485,0.14402246901410237,0.2936425998700261,0.0682938740558497,0.08223808669447408
483,4259.487,4194.359,4130.256,4175.897,4182.051,0.3034975019544856,0.06731606669181048,0.0666979313117642,0.182306885777725,0.13853828708647195,0.21186205180795356,0.1311405455423816,0.17107192131704965,0.1963316477281109,0.15614119017824485,0.14402246901410237,0.2936425998700261,0.0682938740558497,0.08223808669447408
490,4256.923,4205.128,4133.846,4184.615,4197.949,0.3034975019544856,0.06731606669181048,0.0666979313117642,0.182306885777725,0.13853828708647195,0.21186205180795356,0.1311405455423816,0.17107192131704965,0.1963316477281109,0.15614119017824485,0.14402246901410237,0.2936425998700261,0.0682938740558497,0.08223808669447408
497,4262.051,4208.718,4125.128,4206.667,4226.154,0.3034975019544856,0.06731606669181048,0.0666979313117642,0.182306885777725,0.13853828708647195,0.21186205180795356,0.1311405455423816,0.17107192131704965,0.1963316477281109,0.15614119017824485,0.14402246901410237,0.2936425998700261,0.0682938740558497,0.08223808669447408
504,4288.718,4224.103,4144.615,4223.59,4246.667,0.3034975019544856,0.06731606669181048,0.0666979313117642,0.182306885777725,0.13853828708647195,0.21186205180795356,0.1311405455423816,0.17107192131704965,0.1963316477281109,0.15614119017824485,0.14402246901410237,0.2936425998700261,0.0682938740558497,0.08223808669447408
511,4298.462,4254.359,4169.231,4220.0,4258.462,0.3034975019544856,0.06731606669181048,0.0666979313117642,0.182306885777725,0.13853828708647195,0.21186205180795356,0.1311405455423816,0.17107192131704965,0.1963316477281109,0.15614119017824485,0.14402246901410237,0.2936425998700261,0.0682938740558497,0.08223808669447408
518,4287.179,4274.359,4163.59,4224.615,4268.205,0.3034975019544856,0.06731606669181048,0.0666979313117642,0.182306885777725,0.13853828708647195,0.21186205180795356,0.1311405455423816,0.17107192131704965,0.1963316477281109,0.15614119017824485,0.14402246901410237,0.2936425998700261,0.0682938740558497,0.08223808669447408
525,4281.026,4265.641,4153.333,4223.59,4256.923,0.3034975019544856,0.06731606669181048,0.0666979313117642,0.182306885777725,0.13853828708647195,0.21186205180795356,0.1311405455423816,0.17107192131704965,0.1963316477281109,0.15614119017824485,0.14402246901410237,0.2936425998700261,0.0682938740558497,0.08223808669447408
532,4274.872,4253.846,4157.436,4203.59,4235.897,0.3034975019544856,0.06731606669181048,0.0666979313117642,0.182306885777725,0.13853828708647195,0.21186205180795356,0.1311405455423816,0.17107192131704965,0.1963316477281109,0.15614119017824485,0.14402246901410237,0.2936425998700261,0.0682938740558497,0.08223808669447408
539,4273.333,4246.154,4160.0,4187.692,4239.487,0.3034975019544856,0.06731606669181048,0.0666979313117642,0.182306885777725,0.13853828708647195,0.21186205180795356,0.1311405455423816,0.17107192131704965,0.1963316477281109,0.15614119017824485,0.14402246901410237,0.2936425998700261,0.0682938740558497,0.08223808669447408
546,4276.923,4236.41,4159.487,4174.872,4244.615,0.3034975019544856,0.06731606669181048,0.0666979313117642,0.182306885777725,0.13853828708647195,0.21186205180795356,0.1311405455423816,0.17107192131704965,0.1963316477281109,0.15614119017824485,0.14402246901410237,0.2936425998700261,0.0682938740558497,0.08223808669447408
553,4275.385,4235.385,4179.487,4171.282,4232.308,0.3034975019544856,0.06731606669181048,0.0666979313117642,0.182306885777725,0.13853828708647195,0.21186205180795356,0.1311405455423816,0.17107192131704965,0.1963316477281109,0.15614119017824485,0.14402246901410237,0.2936425998700261,0.0682938740558497,0.08223808669447408
560,4261.538,4231.282,4186.667,4172.308,4222.051,0.3034975019544856,0.06731606669181048,0.0666979313117642,0.182306885777725,0.13853828708647195,0.21186205180795356,0.1311405455423816,0.17107192131704965,0.1963316477281109,0.15614119017824485,0.14402246901410237,0.2936425998700261,0.0682938740558497,0.08223808669447408
567,4246.667,4209.744,4142.564,4156.923,4226.667,0.3034975019544856,0.06731606669181048,0.0666979313117642,0.182306885777725,0.13853828708647195,0.21186205180795356,0.1311405455423816,0.17107192131704965,0.1963316477281109,0.15614119017824485,0.14402246901410237,0.2936425998700261,0.0682938740558497,0.08223808669447408
574,4237.436,4201.026,4115.897,4131.282,4226.154,0.3034975019544856,0.06731606669181048,0.0666979313117642,0.182306885777725,0.13853828708647195,0.21186205180795356,0.1311405455423816,0.17107192131704965,0.1963316477281109,0.15614119017824485,0.14402246901410237,0.2936425998700261,0.0682938740558497,0.08223808669447408
581,4219.487,4214.359,4135.385,4119.487,4211.795,0.3034975019544856,0.06731606669181048,0.0666979313117642,0.182306885777725,0.13853828708647195,0.21186205180795356,0.1311405455423816,0.17107192131704965,0.1963316477281109,0.15614119017824485,0.14402246901410237,0.2936425998700261,0.0682938740558497,0.08223808669447408
588,4211.795,4217.949,4150.769,4121.538,4206.667,0.3034975019544856,0.06731606669181048,0.0666979313117642,0.182306885777725,0.13853828708647195,0.21186205180795356,0.1311405455423816,0.17107192131704965,0.1963316477281109,0.15614119017824485,0.14402246901410237,0.2936425998700261,0.0682938740558497,0.08223808669447408
595,4232.308,4225.641,4155.897,4131.282,4221.538,0.3034975019544856,0.06731606669181048,0.0666979313117642,0.182306885777725,0.13853828708647195,0.21186205180795356,0.1311405455423816,0.17107192131704965,0.1963316477281109,0.15614119017824485,0.14402246901410237,0.2936425998700261,0.0682938740558497,0.08223808669447408
602,4258.462,4255.385,4172.308,4158.462,4253.333,0.3034975019544856,0.06731606669181048,0.0666979313117642,0.182306885777725,0.13853828708647195,0.21186205180795356,0.1311405455423816,0.17107192131704965,0.1963316477281109,0.15614119017824485,0.14402246901410237,0.2936425998700261,0.0682938740558497,0.08223808669447408
609,4265.641,4266.667,4177.436,4172.821,4269.231,0.3034975019544856,0.06731606669181048,0.0666979313117642,0.182306885777725,0.13853828708647195,0.21186205180795356,0.1311405455423816,0.17107192131704965,0.1963316477281109,0.15614119017824485,0.14402246901410237,0.2936425998700261,0.0682938740558497,0.08223808669447408
616,4260.513,4249.744,4158.974,4163.077,4268.205,0.3034975019544856,0.06731606669181048,0.0666979313117642,0.182306885777725,0.13853828708647195,0.21186205180795356,0.1311405455423816,0.17107192131704965,0.1963316477281109,0.15614119017824485,0.14402246901410237,0.2936425998700261,0.0682938740558497,0.08223808669447408
623,4264.615,4252.821,4155.385,4166.667,4276.41,0.3034975019544856,0.06731606669181048,0.0666979313117642,0.182306885777725,0.13853828708647195,0.21186205180795356,0.1311405455423816,0.17107192131704965,0.1963316477281109,0.15614119017824485,0.14402246901410237,0.2936425998700261,0.0682938740558497,0.08223808669447408
630,4266.667,4269.744,4160.513,4181.538,4273.846,0.3034975019544856,0.06731606669181048,0.0666979313117642,0.182306885777725,0.13853828708647195,0.21186205180795356,0.1311405455423816,0.17107192131704965,0.1963316477281109,0.15614119017824485,0.14402246901410237,0.2936425998700261,0.0682938740558497,0.08223808669447408
637,4251.795,4252.308,4162.564,4166.154,4252.308,0.3034975019544856,0.06731606669181048,0.0666979313117642,0.182306885777725,0.13853828708647195,0.21186205180795356,0.1311405455423816,0.17107192131704965,0.1963316477281109,0.15614119017824485,0.14402246901410237,0.2936425998700261,0.0682938740558497,0.08223808669447408
644,4231.282,4223.077,4150.769,4128.205,4243.077,0.3034975019544856,0.06731606669181048,0.0666979313117642,0.182306885777725,0.13853828708647195,0.21186205180795356,0.1311405455423816,0.17107192131704965,0.1963316477281109,0.15614119017824485,0.14402246901410237,0.2936425998700261,0.0682938740558497,0.08223808669447408
651,4228.205,4213.846,4126.154,4115.897,4237.949,0.3034975019544856,0.06731606669181048,0.0666979313117642,0.182306885777725,0.13853828708647195,0.21186205180795356,0.1311405455423816,0.17107192131704965,0.1963316477281109,0.15614119017824485,0.14402246901410237,0.2936425998700261,0.0682938740558497,0.08223808669447408
658,4234.872,4227.179,4123.59,4130.256,4231.795,0.3034975019544856,0.06731606669181048,0.0666979313117642,0.182306885777725,0.13853828708647195,0.21186205180795356,0.1311405455423816,0.17107192131704965,0.1963316477281109,0.15614119017824485,0.14402246901410237,0.2936425998700261,0.0682938740558497,0.08223808669447408
665,4239.487,4245.641,4140.513,4149.744,4247.179,0.3034975019544856,0.06731606669181048,0.0666979313117642,0.182306885777725,0.13853828708647195,0.21186205180795356,0.1311405455423816,0.17107192131704965,0.1963316477281109,0.15614119017824485,0.14402246901410237,0.2936425998700261,0.0682938740558497,0.08223808669447408
672,4246.667,4246.154,4156.41,4150.256,4257.436,0.3034975019544856,0.06731606669181048,0.0666979313117642,0.182306885777725,0.13853828708647195,0.21186205180795356,0.1311405455423816,0.17107192131704965,0.1963316477281109,0.15614119017824485,0.14402246901410237,0.2936425998700261,0.0682938740558497,0.08223808669447408
679,4247.179,4229.744,4161.026,4132.821,4239.487,0.3034975019544856,0.06731606669181048,0.0666979313117642,0.182306885777725,0.13853828708647195,0.21186205180795356,0.1311405455423816,0.17107192131704965,0.1963316477281109,0.15614119017824485,0.14402246901410237,0.2936425998700261,0.0682938740558497,0.08223808669447408
686,4249.231,4220.513,4163.59,4127.179,4231.282,0.3034975019544856,0.06731606669181048,0.0666979313117642,0.182306885777725,0.13853828708647195,0.21186205180795356,0.1311405455423816,0.17107192131704965,0.1963316477281109,0.15614119017824485,0.14402246901410237,0.2936425998700261,0.0682938740558497,0.08223808669447408
693,4254.872,4230.769,4149.231,4135.385,4251.795,0.3034975019544856,0.06731606669181048,0.0666979313117642,0.182306885777725,0.13853828708647195,0.21186205180795356,0.1311405455423816,0.17107192131704965,0.1963316477281109,0.15614119017824485,0.14402246901410237,0.2936425998700261,0.0682938740558497,0.08223808669447408
700,4237.949,4224.615,4127.692,4131.795,4254.872,0.3034975019544856,0.06731606669181048,0.0666979313117642,0.182306885777725,0.13853828708647195,0.21186205180795356,0.1311405455423816,0.17107192131704965,0.1963316477281109,0.15614119017824485,0.14402246901410237,0.2936425998700261,0.0682938740558497,0.08223808669447408
707,4213.333,4218.462,4128.718,4112.821,4229.744,0.3034975019544856,0.06731606669181048,0.0666979313117642,0.182306885777725,0.13853828708647195,0.21186205180795356,0.1311405455423816,0.17107192131704965,0.1963316477281109,0.15614119017824485,0.14402246901410237,0.2936425998700261,0.0682938740558497,0.08223808669447408
714,4225.128,4230.256,4146.667,4106.154,4221.026,0.3034975019544856,0.06731606669181048,0.0666979313117642,0.182306885777725,0.13853828708647195,0.21186205180795356,0.1311405455423816,0.17107192131704965,0.1963316477281109,0.15614119017824485,0.14402246901410237,0.2936425998700261,0.0682938740558497,0.08223808669447408
721,4244.103,4236.41,4163.077,4118.974,4236.923,0.3034975019544856,0.06731606669181048,0.0666979313117642,0.182306885777725,0.13853828708647195,0.21186205180795356,0.1311405455423816,0.17107192131704965,0.1963316477281109,0.15614119017824485,0.14402246901410237,0.2936425998700261,0.0682938740558497,0.08223808669447408
728,4233.333,4236.923,4154.872,4137.436,4250.256,0.3034975019544856,0.06731606669181048,0.0666979313117642,0.182306885777725,0.13853828708647195,0.21186205180795356,0.1311405455423816,0.17107192131704965,0.1963316477281109,0.15614119017824485,0.14402246901410237,0.2936425998700261,0.0682938740558497,0.08223808669447408
735,4212.821,4226.154,4138.462,4137.436,4229.231,0.3034975019544856,0.06731606669181048,0.0666979313117642,0.182306885777725,0.13853828708647195,0.21186205180795356,0.1311405455423816,0.17107192131704965,0.1963316477281109,0.15614119017824485,0.14402246901410237,0.2936425998700261,0.0682938740558497,0.08223808669447408
742,4209.744,4221.026,4140.0,4125.641,4214.359,0.3034975019544856,0.06731606669181048,0.0666979313117642,0.182306885777725,0.13853828708647195,0.21186205180795356,0.1311405455423816,0.17107192131704965,0.1963316477281109,0.15614119017824485,0.14402246901410237,0.2936425998700261,0.0682938740558497,0.08223808669447408
749,4220.0,4229.231,4146.667,4129.231,4228.718,0.3034975019544856,0.06731606669181048,0.0666979313117642,0.182306885777725,0.13853828708647195,0.21186205180795356,0.1311405455423816,0.17107192131704965,0.1963316477281109,0.15614119017824485,0.14402246901410237,0.2936425998700261,0.0682938740558497,0.08223808669447408
756,4204.103,4214.359,4132.308,4116.923,4209.744,0.3034975019544856,0.06731606669181048,0.0666979313117642,0.182306885777725,0.13853828708647195,0.21186205180795356,0.1311405455423816,0.17107192131704965,0.1963316477281109,0.15614119017824485,0.14402246901410237,0.2936425998700261,0.0682938740558497,0.08223808669447408
763,4171.795,4189.231,4108.205,4090.769,4178.462,0.3034975019544856,0.06731606669181048,0.0666979313117642,0.182306885777725,0.13853828708647195,0.21186205180795356,0.1311405455423816,0.17107192131704965,0.1963316477281109,0.15614119017824485,0.14402246901410237,0.2936425998700261,0.0682938740558497,0.08223808669447408
770,4181.538,4208.718,4119.487,4108.205,4197.949,0.3034975019544856,0.06731606669181048,0.0666979313117642,0.182306885777725,0.13853828708647195,0.21186205180795356,0.1311405455423816,0.17107192131704965,0.1963316477281109,0.15614119017824485,0.14402246901410237,0.2936425998700261,0.0682938740558497,0.08223808669447408
777,4225.128,4248.205,4154.359,4153.333,4234.872,0.3034975019544856,0.06731606669181048,0.0666979313117642,0.182306885777725,0.13853828708647195,0.21186205180795356,0.1311405455423816,0.17107192131704965,0.1963316477281109,0.15614119017824485,0.14402246901410237,0.2936425998700261,0.0682938740558497,0.08223808669447408
784,4248.205,4246.154,4175.897,4158.974,4241.026,0.3034975019544856,0.06731606669181048,0.0666979313117642,0.182306885777725,0.13853828708647195,0.21186205180795356,0.1311405455423816,0.17107192131704965,0.1963316477281109,0.15614119017824485,0.14402246901410237,0.2936425998700261,0.0682938740558497,0.08223808669447408
791,4245.641,4239.487,4182.051,4148.718,4240.0,0.3034975019544856,0.06731606669181048,0.0666979313117642,0.182306885777725,0.13853828708647195,0.21186205180795356,0.1311405455423816,0.17107192131704965,0.1963316477281109,0.15614119017824485,0.14402246901410237,0.2936425998700261,0.0682938740558497,0.08223808669447408
798,4225.128,4251.282,4160.513,4155.897,4229.231,0.3034975019544856,0.06731606669181048,0.0666979313117642,0.182306885777725,0.13853828708647195,0.21186205180795356,0.1311405455423816,0.17107192131704965,0.1963316477281109,0.15614119017824485,0.14402246901410237,0.2936425998700261,0.0682938740558497,0.08223808669447408
805,4176.923,4217.949,4106.667,4130.769,4182.564,0.3034975019544856,0.06731606669181048,0.0666979313117642,0.182306885777725,0.13853828708647195,0.21186205180795356,0.1311405455423816,0.17107192131704965,0.1963316477281109,0.15614119017824485,0.14402246901410237,0.2936425998700261,0.0682938740558497,0.08223808669447408
812,4153.846,4163.077,4085.128,4092.308,4154.872,0.3034975019544856,0.06731606669181048,0.0666979313117642,0.182306885777725,0.13853828708647195,0.21186205180795356,0.1311405455423816,0.17107192131704965,0.1963316477281109,0.15614119017824485,0.14402246901410237,0.2936425998700261,0.0682938740558497,0.08223808669447408
819,4189.744,4181.026,4115.897,4118.462,4187.692,0.3034975019544856,0.06731606669181048,0.0666979313117642,0.182306885777725,0.13853828708647195,0.21186205180795356,0.1311405455423816,0.17107192131704965,0.1963316477281109,0.15614119017824485,0.14402246901410237,0.2936425998700261,0.0682938740558497,0.08223808669447408
826,4227.692,4233.333,4138.974,4176.41,4229.231,0.3034975019544856,0.06731606669181048,0.0666979313117642,0.182306885777725,0.13853828708647195,0.21186205180795356,0.1311405455423816,0.17107192131704965,0.1963316477281109,0.15614119017824485,0.14402246901410237,0.2936425998700261,0.0682938740558497,0.08223808669447408
833,4215.385,4226.154,4141.026,4188.718,4222.051,0.3034975019544856,0.06731606669181048,0.0666979313117642,0.182306885777725,0.13853828708647195,0.21186205180795356,0.1311405455423816,0.17107192131704965,0.1963316477281109,0.15614119017824485,0.14402246901410237,0.2936425998700261,0.0682938740558497,0.08223808669447408
840,4206.154,4200.513,4149.744,4178.462,4203.59,0.3034975019544856,0.06731606669181048,0.0666979313117642,0.182306885777725,0.13853828708647195,0.21186205180795356,0.1311405455423816,0.17107192131704965,0.1963316477281109,0.15614119017824485,0.14402246901410237,0.2936425998700261,0.0682938740558497,0.08223808669447408
847,4226.667,4211.795,4150.769,4182.564,4208.205,0.3034975019544856,0.06731606669181048,0.0666979313117642,0.182306885777725,0.13853828708647195,0.21186205180795356,0.1311405455423816,0.17107192131704965,0.1963316477281109,0.15614119017824485,0.14402246901410237,0.2936425998700261,0.0682938740558497,0.08223808669447408
854,4224.615,4220.0,4128.718,4188.205,4211.282,0.3034975019544856,0.06731606669181048,0.0666979313117642,0.182306885777725,0.13853828708647195,0.21186205180795356,0.1311405455423816,0.17107192131704965,0.1963316477281109,0.15614119017824485,0.14402246901410237,0.2936425998700261,0.0682938740558497,0.08223808669447408
861,4215.897,4216.923,4122.564,4207.179,4203.59,0.3034975019544856,0.06731606669181048,0.0666979313117642,0.182306885777725,0.13853828708647195,0.21186205180795356,0.1311405455423816,0.17107192131704965,0.1963316477281109,0.15614119017824485,0.14402246901410237,0.2936425998700261,0.0682938740558497,0.08223808669447408
868,4217.949,4211.282,4139.487,4227.179,4182.564,0.3034975019544856,0.06731606669181048,0.0666979313117642,0.182306885777725,0.13853828708647195,0.21186205180795356,0.1311405455423816,0.17107192131704965,0.1963316477281109,0.15614119017824485,0.14402246901410237,0.2936425998700261,0.0682938740558497,0.08223808669447408
875,4206.154,4198.462,4136.41,4230.256,4172.821,0.3034975019544856,0.06731606669181048,0.0666979313117642,0.182306885777725,0.13853828708647195,0.21186205180795356,0.1311405455423816,0.17107192131704965,0.1963316477281109,0.15614119017824485,0.14402246901410237,0.2936425998700261,0.0682938740558497,0.08223808669447408
882,4198.974,4183.59,4114.872,4234.359,4181.538,0.3034975019544856,0.06731606669181048,0.0666979313117642,0.182306885777725,0.13853828708647195,0.21186205180795356,0.1311405455423816,0.17107192131704965,0.1963316477281109,0.15614119017824485,0.14402246901410237,0.2936425998700261,0.0682938740558497,0.08223808669447408
889,4204.103,4184.615,4108.718,4243.59,4180.513,0.3034975019544856,0.06731606669181048,0.0666979313117642,0.182306885777725,0.13853828708647195,0.21186205180795356,0.1311405455423816,0.17107192131704965,0.1963316477281109,0.15614119017824485,0.14402246901410237,0.2936425998700261,0.0682938740558497,0.08223808669447408
896,4187.179,4191.795,4104.103,4242.564,4173.333,0.3034975019544856,0.06731606669181048,0.0666979313117642,0.182306885777725,0.13853828708647195,0.21186205180795356,0.1311405455423816,0.17107192131704965,0.1963316477281109,0.15614119017824485,0.14402246901410237,0.2936425998700261,0.0682938740558497,0.08223808669447408
903,4177.436,4184.103,4098.462,4235.897,4179.487,0.3034975019544856,0.06731606669181048,0.0666979313117642,0.182306885777725,0.13853828708647195,0.21186205180795356,0.1311405455423816,0.17107192131704965,0.1963316477281109,0.15614119017824485,0.14402246901410237,0.2936425998700261,0.0682938740558497,0.08223808669447408
910,4221.026,4194.359,4124.615,4255.897,4198.974,0.3034975019544856,0.06731606669181048,0.0666979313117642,0.182306885777725,0.13853828708647195,0.21186205180795356,0.1311405455423816,0.17107192131704965,0.1963316477281109,0.15614119017824485,0.14402246901410237,0.2936425998700261,0.0682938740558497,0.08223808669447408
917,4246.667,4222.564,4149.231,4292.308,4205.641,0.3034975019544856,0.06731606669181048,0.0666979313117642,0.182306885777725,0.13853828708647195,0.21186205180795356,0.1311405455423816,0.17107192131704965,0.1963316477281109,0.15614119017824485,0.14402246901410237,0.2936425998700261,0.0682938740558497,0.08223808669447408
924,4214.872,4216.41,4140.0,4295.897,4190.769,0.3034975019544856,0.06731606669181048,0.0666979313117642,0.182306885777725,0.13853828708647195,0.21186205180795356,0.1311405455423816,0.17107192131704965,0.1963316477281109,0.15614119017824485,0.14402246901410237,0.2936425998700261,0.0682938740558497,0.08223808669447408
931,4196.41,4189.231,4127.179,4278.462,4186.154,0.3034975019544856,0.06731606669181048,0.0666979313117642,0.182306885777725,0.13853828708647195,0.21186205180795356,0.1311405455423816,0.17107192131704965,0.1963316477281109,0.15614119017824485,0.14402246901410237,0.2936425998700261,0.0682938740558497,0.08223808669447408
938,4223.077,4188.718,4136.923,4294.872,4204.103,0.3034975019544856,0.06731606669181048,0.0666979313117642,0.182306885777725,0.13853828708647195,0.21186205180795356,0.1311405455423816,0.17107192131704965,0.1963316477281109,0.15614119017824485,0.14402246901410237,0.2936425998700261,0.0682938740558497,0.08223808669447408
945,4237.949,4203.077,4140.513,4316.923,4211.795,0.3034975019544856,0.06731606669181048,0.0666979313117642,0.182306885777725,0.13853828708647195,0.21186205180795356,0.1311405455423816,0.17107192131704965,0.1963316477281109,0.15614119017824485,0.14402246901410237,0.2936425998700261,0.0682938740558497,0.08223808669447408
952,4209.231,4200.513,4106.154,4301.026,4197.436,0.3034975019544856,0.06731606669181048,0.0666979313117642,0.182306885777725,0.13853828708647195,0.21186205180795356,0.1311405455423816,0.17107192131704965,0.1963316477281109,0.15614119017824485,0.14402246901410237,0.2936425998700261,0.0682938740558497,0.08223808669447408
959,4194.359,4169.744,4089.744,4277.436,4174.359,0.3034975019544856,0.06731606669181048,0.0666979313117642,0.182306885777725,0.13853828708647195,0.21186205180795356,0.1311405455423816,0.17107192131704965,0.1963316477281109,0.15614119017824485,0.14402246901410237,0.2936425998700261,0.0682938740558497,0.08223808669447408
966,4188.718,4140.0,4097.436,4253.333,4151.795,0.3034975019544856,0.06731606669181048,0.0666979313117642,0.182306885777725,0.13853828708647195,0.21186205180795356,0.1311405455423816,0.17107192131704965,0.1963316477281109,0.15614119017824485,0.14402246901410237,0.2936425998700261,0.0682938740558497,0.08223808669447408
973,4148.205,4142.051,4064.103,4227.179,4153.333,0.3034975019544856,0.06731606669181048,0.0666979313117642,0.182306885777725,0.13853828708647195,0.21186205180795356,0.1311405455423816,0.17107192131704965,0.1963316477281109,0.15614119017824485,0.14402246901410237,0.2936425998700261,0.0682938740558497,0.08223808669447408
980,4117.436,4135.897,4014.359,4209.744,4138.974,0.3034975019544856,0.06731606669181048,0.0666979313117642,0.182306885777725,0.13853828708647195,0.21186205180795356,0.1311405455423816,0.17107192131704965,0.1963316477281109,0.15614119017824485,0.14402246901410237,0.2936425998700261,0.0682938740558497,0.08223808669447408
987,4124.615,4096.923,4010.256,4197.949,4082.051,0.3034975019544856,0.06731606669181048,0.0666979313117642,0.182306885777725,0.13853828708647195,0.21186205180795356,0.1311405455423816,0.17107192131704965,0.1963316477281109,0.15614119017824485,0.14402246901410237,0.2936425998700261,0.0682938740558497,0.08223808669447408
994,4137.436,4075.897,4025.641,4205.128,4073.333,0.3034975019544856,0.06731606669181048,0.0666979313117642,0.182306885777725,0.13853828708647195,0.21186205180795356,0.1311405455423816,0.17107192131704965,0.1963316477281109,0.15614119017824485,0.14402246901410237,0.2936425998700261,0.0682938740558497,0.08223808669447408
1001,4134.359,4094.872,4028.205,4210.769,4115.897,0.3034975019544856,0.06731606669181048,0.0666979313117642,0.182306885777725,0.13853828708647195,0.21186205180795356,0.1311405455423816,0.17107192131704965,0.1963316477281109,0.15614119017824485,0.14402246901410237,0.2936425998700261,0.0682938740558497,0.08223808669447408
1008,4115.897,4113.333,4020.0,4183.077,4123.59,0.3034975019544856,0.06731606669181048,0.0666979313117642,0.182306885777725,0.13853828708647195,0.21186205180795356,0.1311405455423816,0.17107192131704965,0.1963316477281109,0.15614119017824485,0.14402246901410237,0.2936425998700261,0.0682938740558497,0.08223808669447408
1015,4086.667,4097.436,3993.333,4148.718,4092.821,0.3034975019544856,0.06731606669181048,0.0666979313117642,0.182306885777725,0.13853828708647195,0.21186205180795356,0.1311405455423816,0.17107192131704965,0.1963316477281109,0.15614119017824485,0.14402246901410237,0.2936425998700261,0.0682938740558497,0.08223808669447408
1022,4098.462,4090.769,3979.487,4157.949,4102.564,0.3034975019544856,0.06731606669181048,0.0666979313117642,0.182306885777725,0.13853828708647195,0.21186205180795356,0.1311405455423816,0.17107192131704965,0.1963316477281109,0.15614119017824485,0.14402246901410237,0.2936425998700261,0.0682938740558497,0.08223808669447408
1029,4169.231,4114.359,4003.077,4200.513,4156.41,0.3034975019544856,0.06731606669181048,0.0666979313117642,0.182306885777725,0.13853828708647195,0.21186205180795356,0.1311405455423816,0.17107192131704965,0.1963316477281109,0.15614119017824485,0.14402246901410237,0.2936425998700261,0.0682938740558497,0.08223808669447408
1036,4205.128,4121.026,4019.487,4211.795,4180.513,0.3034975019544856,0.06731606669181048,0.0666979313117642,0.182306885777725,0.13853828708647195,0.21186205180795356,0.1311405455423816,0.17107192131704965,0.1963316477281109,0.15614119017824485,0.14402246901410237,0.2936425998700261,0.0682938740558497,0.08223808669447408
1043,4224.103,4127.179,4033.846,4200.0,4201.538,0.3034975019544856,0.06731606669181048,0.0666979313117642,0.182306885777725,0.13853828708647195,0.21186205180795356,0.1311405455423816,0.17107192131704965,0.1963316477281109,0.15614119017824485,0.14402246901410237,0.2936425998700261,0.0682938740558497,0.08223808669447408
1050,4295.385,4163.59,4074.872,4218.462,4263.59,0.3034975019544856,0.06731606669181048,0.0666979313117642,0.182306885777725,0.13853828708647195,0.21186205180795356,0.1311405455423816,0.17107192131704965,0.1963316477281109,0.15614119017824485,0.14402246901410237,0.2936425998700261,0.0682938740558497,0.08223808669447408
1057,4355.897,4172.821,4098.974,4231.282,4305.641,0.3034975019544856,0.06731606669181048,0.0666979313117642,0.182306885777725,0.13853828708647195,0.21186205180795356,0.1311405455423816,0.17107192131704965,0.1963316477281109,0.15614119017824485,0.14402246901410237,0.2936425998700261,0.0682938740558497,0.08223808669447408
1064,4351.795,4128.718,4074.359,4185.641,4296.923,0.3034975019544856,0.06731606669181048,0.0666979313117642,0.182306885777725,0.13853828708647195,0.21186205180795356,0.1311405455423816,0.17107192131704965,0.1963316477281109,0.15614119017824485,0.14402246901410237,0.2936425998700261,0.0682938740558497,0.08223808669447408
1071,4370.256,4125.128,4064.103,4163.59,4322.564,0.3034975019544856,0.06731606669181048,0.0666979313117642,0.182306885777725,0.13853828708647195,0.21186205180795356,0.1311405455423816,0.17107192131704965,0.1963316477281109,0.15614119017824485,0.14402246901410237,0.2936425998700261,0.0682938740558497,0.08223808669447408
1078,4438.974,4184.615,4089.744,4221.538,4394.872,0.3034975019544856,0.06731606669181048,0.0666979313117642,0.182306885777725,0.13853828708647195,0.21186205180795356,0.1311405455423816,0.17107192131704965,0.1963316477281109,0.15614119017824485,0.14402246901410237,0.2936425998700261,0.0682938740558497,0.08223808669447408
1085,4478.974,4222.051,4098.462,4262.564,4434.359,0.3034975019544856,0.06731606669181048,0.0666979313117642,0.182306885777725,0.13853828708647195,0.21186205180795356,0.1311405455423816,0.17107192131704965,0.1963316477281109,0.15614119017824485,0.14402246901410237,0.2936425998700261,0.0682938740558497,0.08223808669447408
1092,4482.564,4206.154,4093.333,4240.0,4434.872,0.3034975019544856,0.06731606669181048,0.0666979313117642,0.182306885777725,0.13853828708647195,0.21186205180795356,0.1311405455423816,0.17107192131704965,0.1963316477281109,0.15614119017824485,0.14402246901410237,0.2936425998700261,0.0682938740558497,0.08223808669447408
1099,4472.308,4185.128,4101.026,4217.949,4429.744,0.3034975019544856,0.06731606669181048,0.0666979313117642,0.182306885777725,0.13853828708647195,0.21186205180795356,0.1311405455423816,0.17107192131704965,0.1963316477281109,0.15614119017824485,0.14402246901410237,0.2936425998700261,0.0682938740558497,0.08223808669447408
1106,4461.538,4193.333,4115.897,4238.462,4436.923,0.3034975019544856,0.06731606669181048,0.0666979313117642,0.182306885777725,0.13853828708647195,0.21186205180795356,0.1311405455423816,0.17107192131704965,0.1963316477281109,0.15614119017824485,0.14402246901410237,0.2936425998700261,0.0682938740558497,0.08223808669447408
1113,4451.282,4211.282,4124.615,4255.897,4436.41,0.3034975019544856,0.06731606669181048,0.0666979313117642,0.182306885777725,0.13853828708647195,0.21186205180795356,0.1311405455423816,0.17107192131704965,0.1963316477281109,0.15614119017824485,0.14402246901410237,0.2936425998700261,0.0682938740558497,0.08223808669447408
1120,4410.769,4206.667,4109.744,4233.333,4395.385,0.3034975019544856,0.06731606669181048,0.0666979313117642,0.182306885777725,0.13853828708647195,0.21186205180795356,0.1311405455423816,0.17107192131704965,0.1963316477281109,0.15614119017824485,0.14402246901410237,0.2936425998700261,0.0682938740558497,0.08223808669447408
1127,4347.179,4172.821,4072.821,4202.564,4334.359,0.3034975019544856,0.06731606669181048,0.0666979313117642,0.182306885777725,0.13853828708647195,0.21186205180795356,0.1311405455423816,0.17107192131704965,0.1963316477281109,0.15614119017824485,0.14402246901410237,0.2936425998700261,0.0682938740558497,0.08223808669447408
1134,4310.256,4158.974,4062.051,4198.462,4300.0,0.3034975019544856,0.06731606669181048,0.0666979313117642,0.182306885777725,0.13853828708647195,0.21186205180795356,0.1311405455423816,0.17107192131704965,0.1963316477281109,0.15614119017824485,0.14402246901410237,0.2936425998700261,0.0682938740558497,0.08223808669447408
1141,4296.41,4177.949,4078.462,4205.128,4281.538,0.3034975019544856,0.06731606669181048,0.0666979313117642,0.182306885777725,0.13853828708647195,0.21186205180795356,0.1311405455423816,0.17107192131704965,0.1963316477281109,0.15614119017824485,0.14402246901410237,0.2936425998700261,0.0682938740558497,0.08223808669447408
1148,4270.256,4172.308,4073.846,4203.077,4248.205,0.3034975019544856,0.06731606669181048,0.0666979313117642,0.182306885777725,0.13853828708647195,0.21186205180795356,0.1311405455423816,0.17107192131704965,0.1963316477281109,0.15614119017824485,0.14402246901410237,0.2936425998700261,0.0682938740558497,0.08223808669447408
1155,4245.128,4156.923,4071.282,4206.667,4213.333,0.3034975019544856,0.06731606669181048,0.0666979313117642,0.182306885777725,0.13853828708647195,0.21186205180795356,0.1311405455423816,0.17107192131704965,0.1963316477281109,0.15614119017824485,0.14402246901410237,0.2936425998700261,0.0682938740558497,0.08223808669447408
1162,4238.462,4168.718,4099.487,4220.0,4197.436,0.3034975019544856,0.06731606669181048,0.0666979313117642,0.182306885777725,0.13853828708647195,0.21186205180795356,0.1311405455423816,0.17107192131704965,0.1963316477281109,0.15614119017824485,0.14402246901410237,0.2936425998700261,0.0682938740558497,0.08223808669447408
1169,4239.487,4187.692,4118.974,4227.179,4201.538,0.3034975019544856,0.06731606669181048,0.0666979313117642,0.182306885777725,0.13853828708647195,0.21186205180795356,0.1311405455423816,0.17107192131704965,0.1963316477281109,0.15614119017824485,0.14402246901410237,0.2936425998700261,0.0682938740558497,0.08223808669447408
1176,4240.513,4207.692,4114.872,4234.872,4218.462,0.3034975019544856,0.06731606669181048,0.0666979313117642,0.182306885777725,0.13853828708647195,0.21186205180795356,0.1311405455423816,0.17107192131704965,0.1963316477281109,0.15614119017824485,0.14402246901410237,0.2936425998700261,0.0682938740558497,0.08223808669447408
1183,4238.462,4227.692,4118.974,4249.744,4213.333,0.3034975019544856,0.06731606669181048,0.0666979313117642,0.182306885777725,0.13853828708647195,0.21186205180795356,0.1311405455423816,0.17107192131704965,0.1963316477281109,0.15614119017824485,0.14402246901410237,0.2936425998700261,0.0682938740558497,0.08223808669447408
1190,4211.282,4193.333,4120.513,4225.128,4156.923,0.3034975019544856,0.06731606669181048,0.0666979313117642,0.182306885777725,0.13853828708647195,0.21186205180795356,0.1311405455423816,0.17107192131704965,0.1963316477281109,0.15614119017824485,0.14402246901410237,0.2936425998700261,0.0682938740558497,0.08223808669447408
1197,4172.821,4147.179,4091.795,4174.872,4123.077,0.3034975019544856,0.06731606669181048,0.0666979313117642,0.182306885777725,0.13853828708647195,0.21186205180795356,0.1311405455423816,0.17107192131704965,0.1963316477281109,0.15614119017824485,0.14402246901410237,0.2936425998700261,0.0682938740558497,0.08223808669447408
1204,4161.538,4166.154,4062.051,4170.256,4147.179,0.3034975019544856,0.06731606669181048,0.0666979313117642,0.182306885777725,0.13853828708647195,0.21186205180795356,0.1311405455423816,0.17107192131704965,0.1963316477281109,0.15614119017824485,0.14402246901410237,0.2936425998700261,0.0682938740558497,0.08223808669447408
1211,4170.769,4181.538,4075.385,4192.308,4144.615,0.3034975019544856,0.06731606669181048,0.0666979313117642,0.182306885777725,0.13853828708647195,0.21186205180795356,0.1311405455423816,0.17107192131704965,0.1963316477281109,0.15614119017824485,0.14402246901410237,0.2936425998700261,0.0682938740558497,0.08223808669447408
1218,4178.974,4175.385,4115.897,4198.462,4125.128,0.3034975019544856,0.06731606669181048,0.0666979313117642,0.182306885777725,0.13853828708647195,0.21186205180795356,0.1311405455423816,0.17107192131704965,0.1963316477281109,0.15614119017824485,0.14402246901410237,0.2936425998700261,0.0682938740558497,0.08223808669447408
1225,4192.308,4212.308,4131.282,4215.897,4168.205,0.3034975019544856,0.06731606669181048,0.0666979313117642,0.182306885777725,0.13853828708647195,0.21186205180795356,0.1311405455423816,0.17107192131704965,0.1963316477281109,0.15614119017824485,0.14402246901410237,0.2936425998700261,0.0682938740558497,0.08223808669447408
1232,4204.103,4247.692,4140.0,4233.333,4212.308,0.3034975019544856,0.06731606669181048,0.0666979313117642,0.182306885777725,0.13853828708647195,0.21186205180795356,0.1311405455423816,0.17107192131704965,0.1963316477281109,0.15614119017824485,0.14402246901410237,0.2936425998700261,0.0682938740558497,0.08223808669447408
1239,4188.205,4236.923,4148.718,4217.949,4191.282,0.3034975019544856,0.06731606669181048,0.0666979313117642,0.182306885777725,0.13853828708647195,0.21186205180795356,0.1311405455423816,0.17107192131704965,0.1963316477281109,0.15614119017824485,0.14402246901410237,0.2936425998700261,0.0682938740558497,0.08223808669447408
1246,4173.846,4229.744,4125.641,4210.256,4167.179,0.3034975019544856,0.06731606669181048,0.0666979313117642,0.182306885777725,0.13853828708647195,0.21186205180795356,0.1311405455423816,0.17107192131704965,0.1963316477281109,0.15614119017824485,0.14402246901410237,0.2936425998700261,0.0682938740558497,0.08223808669447408
1253,4171.795,4215.897,4104.103,4209.744,4156.923,0.3034975019544856,0.06731606669181048,0.0666979313117642,0.182306885777725,0.13853828708647195,0.21186205180795356,0.1311405455423816,0.17107192131704965,0.1963316477281109,0.15614119017824485,0.14402246901410237,0.2936425998700261,0.0682938740558497,0.08223808669447408
1260,4162.051,4187.692,4126.667,4188.205,4151.795,0.3034975019544856,0.06731606669181048,0.0666979313117642,0.182306885777725,0.13853828708647195,0.21186205180795356,0.1311405455423816,0.17107192131704965,0.1963316477281109,0.15614119017824485,0.14402246901410237,0.2936425998700261,0.0682938740558497,0.08223808669447408
1267,4163.59,4195.385,4137.949,4175.897,4166.154,0.3034975019544856,0.06731606669181048,0.0666979313117642,0.182306885777725,0.13853828708647195,0.21186205180795356,0.1311405455423816,0.17107192131704965,0.1963316477281109,0.15614119017824485,0.14402246901410237,0.2936425998700261,0.0682938740558497,0.08223808669447408
1274,4164.103,4188.718,4087.692,4169.744,4155.385,0.3034975019544856,0.06731606669181048,0.0666979313117642,0.182306885777725,0.13853828708647195,0.21186205180795356,0.1311405455423816,0.17107192131704965,0.1963316477281109,0.15614119017824485,0.14402246901410237,0.2936425998700261,0.0682938740558497,0.08223808669447408
1281,4153.333,4146.154,4054.359,4147.692,4119.487,0.3034975019544856,0.06731606669181048,0.0666979313117642,0.182306885777725,0.13853828708647195,0.21186205180795356,0.1311405455423816,0.17107192131704965,0.1963316477281109,0.15614119017824485,0.14402246901410237,0.2936425998700261,0.0682938740558497,0.08223808669447408
1288,4156.41,4154.872,4091.282,4150.256,4131.795,0.3034975019544856,0.06731606669181048,0.0666979313117642,0.182306885777725,0.13853828708647195,0.21186205180795356,0.1311405455423816,0.17107192131704965,0.1963316477281109,0.15614119017824485,0.14402246901410237,0.2936425998700261,0.0682938740558497,0.08223808669447408
1295,4151.282,4195.897,4111.795,4170.256,4160.0,0.3034975019544856,0.06731606669181048,0.0666979313117642,0.182306885777725,0.13853828708647195,0.21186205180795356,0.1311405455423816,0.17107192131704965,0.1963316477281109,0.15614119017824485,0.14402246901410237,0.2936425998700261,0.0682938740558497,0.08223808669447408
1302,4128.205,4191.282,4078.974,4165.641,4138.462,0.3034975019544856,0.06731606669181048,0.0666979313117642,0.182306885777725,0.13853828708647195,0.21186205180795356,0.1311405455423816,0.17107192131704965,0.1963316477281109,0.15614119017824485,0.14402246901410237,0.2936425998700261,0.0682938740558497,0.08223808669447408
1309,4150.256,4175.897,4092.308,4171.282,4132.821,0.3034975019544856,0.06731606669181048,0.0666979313117642,0.182306885777725,0.13853828708647195,0.21186205180795356,0.1311405455423816,0.17107192131704965,0.1963316477281109,0.15614119017824485,0.14402246901410237,0.2936425998700261,0.0682938740558497,0.08223808669447408
1316,4185.641,4189.231,4155.385,4182.051,4165.128,0.3034975019544856,0.06731606669181048,0.0666979313117642,0.182306885777725,0.13853828708647195,0.21186205180795356,0.1311405455423816,0.17107192131704965,0.1963316477281109,0.15614119017824485,0.14402246901410237,0.2936425998700261,0.0682938740558497,0.08223808669447408
1323,4169.744,4194.872,4153.333,4162.051,4173.846,0.3034975019544856,0.06731606669181048,0.0666979313117642,0.182306885777725,0.13853828708647195,0.21186205180795356,0.1311405455423816,0.17107192131704965,0.1963316477281109,0.15614119017824485,0.14402246901410237,0.2936425998700261,0.0682938740558497,0.08223808669447408
1330,4169.744,4184.615,4114.359,4160.513,4168.718,0.3034975019544856,0.06731606669181048,0.0666979313117642,0.182306885777725,0.13853828708647195,0.21186205180795356,0.1311405455423816,0.17107192131704965,0.1963316477281109,0.15614119017824485,0.14402246901410237,0.2936425998700261,0.0682938740558497,0.08223808669447408
1337,4196.923,4184.103,4135.385,4175.897,4170.769,0.3034975019544856,0.06731606669181048,0.0666979313117642,0.182306885777725,0.13853828708647195,0.21186205180795356,0.1311405455423816,0.17107192131704965,0.1963316477281109,0.15614119017824485,0.14402246901410237,0.2936425998700261,0.0682938740558497,0.08223808669447408
1344,4180.0,4202.051,4159.487,4164.103,4175.385,0.3034975019544856,0.06731606669181048,0.0666979313117642,0.182306885777725,0.13853828708647195,0.21186205180795356,0.1311405455423816,0.17107192131704965,0.1963316477281109,0.15614119017824485,0.14402246901410237,0.2936425998700261,0.0682938740558497,0.08223808669447408
1351,4152.821,4217.436,4122.051,4155.897,4186.667,0.3034975019544856,0.06731606669181048,0.0666979313117642,0.182306885777725,0.13853828708647195,0.21186205180795356,0.1311405455423816,0.17107192131704965,0.1963316477281109,0.15614119017824485,0.14402246901410237,0.2936425998700261,0.0682938740558497,0.08223808669447408
1358,4150.769,4201.538,4096.41,4156.923,4171.795,0.3034975019544856,0.06731606669181048,0.0666979313117642,0.182306885777725,0.13853828708647195,0.21186205180795356,0.1311405455423816,0.17107192131704965,0.1963316477281109,0.15614119017824485,0.14402246901410237,0.2936425998700261,0.0682938740558497,0.08223808669447408
1365,4138.462,4177.436,4120.513,4135.385,4130.256,0.3034975019544856,0.06731606669181048,0.0666979313117642,0.182306885777725,0.13853828708647195,0.21186205180795356,0.1311405455423816,0.17107192131704965,0.1963316477281109,0.15614119017824485,0.14402246901410237,0.2936425998700261,0.0682938740558497,0.08223808669447408
1372,4116.41,4182.564,4131.795,4119.487,4123.077,0.3034975019544856,0.06731606669181048,0.0666979313117642,0.182306885777725,0.13853828708647195,0.21186205180795356,0.1311405455423816,0.17107192131704965,0.1963316477281109,0.15614119017824485,0.14402246901410237,0.2936425998700261,0.0682938740558497,0.08223808669447408
1379,4121.538,4192.821,4104.103,4127.692,4144.615,0.3034975019544856,0.06731606669181048,0.0666979313117642,0.182306885777725,0.13853828708647195,0.21186205180795356,0.1311405455423816,0.17107192131704965,0.1963316477281109,0.15614119017824485,0.14402246901410237,0.2936425998700261,0.0682938740558497,0.08223808669447408
1386,4143.077,4177.949,4082.564,4136.41,4148.718,0.3034975019544856,0.06731606669181048,0.0666979313117642,0.182306885777725,0.13853828708647195,0.21186205180795356,0.1311405455423816,0.17107192131704965,0.1963316477281109,0.15614119017824485,0.14402246901410237,0.2936425998700261,0.0682938740558497,0.08223808669447408
1393,4151.282,4171.795,4102.051,4137.436,4149.231,0.3034975019544856,0.06731606669181048,0.0666979313117642,0.182306885777725,0.13853828708647195,0.21186205180795356,0.1311405455423816,0.17107192131704965,0.1963316477281109,0.15614119017824485,0.14402246901410237,0.2936425998700261,0.0682938740558497,0.08223808669447408
1400,4135.897,4188.718,4125.641,4125.128,4153.333,0.3034975019544856,0.06731606669181048,0.0666979313117642,0.182306885777725,0.13853828708647195,0.21186205180795356,0.1311405455423816,0.17107192131704965,0.1963316477281109,0.15614119017824485,0.14402246901410237,0.2936425998700261,0.0682938740558497,0.08223808669447408
1407,4118.974,4202.564,4107.692,4115.385,4154.872,0.3034975019544856,0.06731606669181048,0.0666979313117642,0.182306885777725,0.13853828708647195,0.21186205180795356,0.1311405455423816,0.17107192131704965,0.1963316477281109,0.15614119017824485,0.14402246901410237,0.2936425998700261,0.0682938740558497,0.08223808669447408
1414,4131.795,4191.282,4094.359,4129.744,4157.949,0.3034975019544856,0.06731606669181048,0.0666979313117642,0.182306885777725,0.13853828708647195,0.21186205180795356,0.1311405455423816,0.17107192131704965,0.1963316477281109,0.15614119017824485,0.14402246901410237,0.2936425998700261,0.0682938740558497,0.08223808669447408
1421,4155.897,4166.154,4124.615,4137.436,4146.667,0.3034975019544856,0.06731606669181048,0.0666979313117642,0.182306885777725,0.13853828708647195,0.21186205180795356,0.1311405455423816,0.17107192131704965,0.1963316477281109,0.15614119017824485,0.14402246901410237,0.2936425998700261,0.0682938740558497,0.08223808669447408
1428,4153.846,4175.385,4135.385,4122.564,4140.0,0.3034975019544856,0.06731606669181048,0.0666979313117642,0.182306885777725,0.13853828708647195,0.21186205180795356,0.1311405455423816,0.17107192131704965,0.1963316477281109,0.15614119017824485,0.14402246901410237,0.2936425998700261,0.0682938740558497,0.08223808669447408
1435,4148.205,4208.718,4106.667,4128.718,4168.718,0.3034975019544856,0.06731606669181048,0.0666979313117642,0.182306885777725,0.13853828708647195,0.21186205180795356,0.1311405455423816,0.17107192131704965,0.1963316477281109,0.15614119017824485,0.14402246901410237,0.2936425998700261,0.0682938740558497,0.08223808669447408
1442,4176.923,4195.385,4099.487,4159.487,4185.128,0.3034975019544856,0.06731606669181048,0.0666979313117642,0.182306885777725,0.13853828708647195,0.21186205180795356,0.1311405455423816,0.17107192131704965,0.1963316477281109,0.15614119017824485,0.14402246901410237,0.2936425998700261,0.0682938740558497,0.08223808669447408
1449,4194.872,4168.718,4117.949,4164.103,4175.385,0.3034975019544856,0.06731606669181048,0.0666979313117642,0.182306885777725,0.13853828708647195,0.21186205180795356,0.1311405455423816,0.17107192131704965,0.1963316477281109,0.15614119017824485,0.14402246901410237,0.2936425998700261,0.0682938740558497,0.08223808669447408
1456,4167.179,4191.795,4111.282,4141.538,4180.0,0.3034975019544856,0.06731606669181048,0.0666979313117642,0.182306885777725,0.13853828708647195,0.21186205180795356,0.1311405455423816,0.17107192131704965,0.1963316477281109,0.15614119017824485,0.14402246901410237,0.2936425998700261,0.0682938740558497,0.08223808669447408
1463,4158.462,4201.026,4100.0,4135.897,4184.103,0.3034975019544856,0.06731606669181048,0.0666979313117642,0.182306885777725,0.13853828708647195,0.21186205180795356,0.1311405455423816,0.17107192131704965,0.1963316477281109,0.15614119017824485,0.14402246901410237,0.2936425998700261,0.0682938740558497,0.08223808669447408
1470,4184.615,4185.641,4132.821,4148.205,4174.872,0.3034975019544856,0.06731606669181048,0.0666979313117642,0.182306885777725,0.13853828708647195,0.21186205180795356,0.1311405455423816,0.17107192131704965,0.1963316477281109,0.15614119017824485,0.14402246901410237,0.2936425998700261,0.0682938740558497,0.08223808669447408
1477,4172.308,4204.103,4146.667,4141.026,4172.821,0.3034975019544856,0.06731606669181048,0.0666979313117642,0.182306885777725,0.13853828708647195,0.21186205180795356,0.1311405455423816,0.17107192131704965,0.1963316477281109,0.15614119017824485,0.14402246901410237,0.2936425998700261,0.0682938740558497,0.08223808669447408
1484,4146.667,4208.718,4111.282,4122.051,4167.692,0.3034975019544856,0.06731606669181048,0.0666979313117642,0.182306885777725,0.13853828708647195,0.21186205180795356,0.1311405455423816,0.17107192131704965,0.1963316477281109,0.15614119017824485,0.14402246901410237,0.2936425998700261,0.0682938740558497,0.08223808669447408
1491,4168.718,4184.615,4110.769,4121.026,4156.923,0.3034975019544856,0.06731606669181048,0.0666979313117642,0.182306885777725,0.13853828708647195,0.21186205180795356,0.1311405455423816,0.17107192131704965,0.1963316477281109,0.15614119017824485,0.14402246901410237,0.2936425998700261,0.0682938740558497,0.08223808669447408
1498,4188.718,4194.359,4139.487,4133.333,4165.641,0.3034975019544856,0.06731606669181048,0.0666979313117642,0.182306885777725,0.13853828708647195,0.21186205180795356,0.1311405455423816,0.17107192131704965,0.1963316477281109,0.15614119017824485,0.14402246901410237,0.2936425998700261,0.0682938740558497,0.08223808669447408
1505,4193.333,4219.487,4143.59,4155.897,4186.667,0.3034975019544856,0.06731606669181048,0.0666979313117642,0.182306885777725,0.13853828708647195,0.21186205180795356,0.1311405455423816,0.17107192131704965,0.1963316477281109,0.15614119017824485,0.14402246901410237,0.2936425998700261,0.0682938740558497,0.08223808669447408
1512,4209.231,4214.359,4150.256,4174.872,4194.872,0.3034975019544856,0.06731606669181048,0.0666979313117642,0.182306885777725,0.13853828708647195,0.21186205180795356,0.1311405455423816,0.17107192131704965,0.1963316477281109,0.15614119017824485,0.14402246901410237,0.2936425998700261,0.0682938740558497,0.08223808669447408
1519,4222.564,4208.205,4165.128,4177.436,4205.128,0.3034975019544856,0.06731606669181048,0.0666979313117642,0.182306885777725,0.13853828708647195,0.21186205180795356,0.1311405455423816,0.17107192131704965,0.1963316477281109,0.15614119017824485,0.14402246901410237,0.2936425998700261,0.0682938740558497,0.08223808669447408
1526,4233.333,4216.41,4166.667,4183.077,4220.513,0.3034975019544856,0.06731606669181048,0.0666979313117642,0.182306885777725,0.13853828708647195,0.21186205180795356,0.1311405455423816,0.17107192131704965,0.1963316477281109,0.15614119017824485,0.14402246901410237,0.2936425998700261,0.0682938740558497,0.08223808669447408
1533,4233.333,4223.59,4163.59,4180.0,4217.436,0.3034975019544856,0.06731606669181048,0.0666979313117642,0.182306885777725,0.13853828708647195,0.21186205180795356,0.1311405455423816,0.17107192131704965,0.1963316477281109,0.15614119017824485,0.14402246901410237,0.2936425998700261,0.0682938740558497,0.08223808669447408
1540,4213.846,4222.564,4159.487,4160.513,4200.513,0.3034975019544856,0.06731606669181048,0.0666979313117642,0.182306885777725,0.13853828708647195,0.21186205180795356,0.1311405455423816,0.17107192131704965,0.1963316477281109,0.15614119017824485,0.14402246901410237,0.2936425998700261,0.0682938740558497,0.08223808669447408
1547,4212.821,4216.41,4162.051,4160.0,4194.872,0.3034975019544856,0.06731606669181048,0.0666979313117642,0.182306885777725,0.13853828708647195,0.21186205180795356,0.1311405455423816,0.17107192131704965,0.1963316477281109,0.15614119017824485,0.14402246901410237,0.2936425998700261,0.0682938740558497,0.08223808669447408
1554,4214.359,4214.872,4150.256,4157.436,4188.205,0.3034975019544856,0.06731606669181048,0.0666979313117642,0.182306885777725,0.13853828708647195,0.21186205180795356,0.1311405455423816,0.17107192131704965,0.1963316477281109,0.15614119017824485,0.14402246901410237,0.2936425998700261,0.0682938740558497,0.08223808669447408
1561,4170.769,4201.538,4088.205,4127.179,4166.154,0.3034975019544856,0.06731606669181048,0.0666979313117642,0.182306885777725,0.13853828708647195,0.21186205180795356,0.1311405455423816,0.17107192131704965,0.1963316477281109,0.15614119017824485,0.14402246901410237,0.2936425998700261,0.0682938740558497,0.08223808669447408
1568,4111.282,4165.128,4032.308,4106.154,4129.744,0.3034975019544856,0.06731606669181048,0.0666979313117642,0.182306885777725,0.13853828708647195,0.21186205180795356,0.1311405455423816,0.17107192131704965,0.1963316477281109,0.15614119017824485,0.14402246901410237,0.2936425998700261,0.0682938740558497,0.08223808669447408
1575,4081.538,4137.949,4034.359,4095.897,4089.231,0.3034975019544856,0.06731606669181048,0.0666979313117642,0.182306885777725,0.13853828708647195,0.21186205180795356,0.1311405455423816,0.17107192131704965,0.1963316477281109,0.15614119017824485,0.14402246901410237,0.2936425998700261,0.0682938740558497,0.08223808669447408
1582,4086.154,4128.718,4047.179,4084.615,4074.872,0.3034975019544856,0.06731606669181048,0.0666979313117642,0.182306885777725,0.13853828708647195,0.21186205180795356,0.1311405455423816,0.17107192131704965,0.1963316477281109,0.15614119017824485,0.14402246901410237,0.2936425998700261,0.0682938740558497,0.08223808669447408
1589,4114.872,4127.692,4065.641,4098.462,4096.41,0.3034975019544856,0.06731606669181048,0.0666979313117642,0.182306885777725,0.13853828708647195,0.21186205180795356,0.1311405455423816,0.17107192131704965,0.1963316477281109,0.15614119017824485,0.14402246901410237,0.2936425998700261,0.0682938740558497,0.08223808669447408
1596,4135.385,4166.154,4101.026,4122.564,4128.718,0.3034975019544856,0.06731606669181048,0.0666979313117642,0.182306885777725,0.13853828708647195,0.21186205180795356,0.1311405455423816,0.17107192131704965,0.1963316477281109,0.15614119017824485,0.14402246901410237,0.2936425998700261,0.0682938740558497,0.08223808669447408
1603,4121.538,4202.051,4108.205,4117.949,4128.718,0.3034975019544856,0.06731606669181048,0.0666979313117642,0.182306885777725,0.13853828708647195,0.21186205180795356,0.1311405455423816,0.17107192131704965,0.1963316477281109,0.15614119017824485,0.14402246901410237,0.2936425998700261,0.0682938740558497,0.08223808669447408
1610,4100.513,4177.436,4085.641,4094.872,4099.487,0.3034975019544856,0.06731606669181048,0.0666979313117642,0.182306885777725,0.13853828708647195,0.21186205180795356,0.1311405455423816,0.17107192131704965,0.1963316477281109,0.15614119017824485,0.14402246901410237,0.2936425998700261,0.0682938740558497,0.08223808669447408
1617,4111.795,4156.923,4076.41,4098.974,4112.821,0.3034975019544856,0.06731606669181048,0.0666979313117642,0.182306885777725,0.13853828708647195,0.21186205180795356,0.1311405455423816,0.17107192131704965,0.1963316477281109,0.15614119017824485,0.14402246901410237,0.2936425998700261,0.0682938740558497,0.08223808669447408
1624,4120.513,4164.103,4067.692,4106.154,4140.0,0.3034975019544856,0.06731606669181048,0.0666979313117642,0.182306885777725,0.13853828708647195,0.21186205180795356,0.1311405455423816,0.17107192131704965,0.1963316477281109,0.15614119017824485,0.14402246901410237,0.2936425998700261,0.0682938740558497,0.08223808669447408
1631,4109.231,4144.615,4064.615,4086.154,4102.051,0.3034975019544856,0.06731606669181048,0.0666979313117642,0.182306885777725,0.13853828708647195,0.21186205180795356,0.1311405455423816,0.17107192131704965,0.1963316477281109,0.15614119017824485,0.14402246901410237,0.2936425998700261,0.0682938740558497,0.08223808669447408
1638,4104.103,4124.103,4080.513,4071.795,4064.615,0.3034975019544856,0.06731606669181048,0.0666979313117642,0.182306885777725,0.13853828708647195,0.21186205180795356,0.1311405455423816,0.17107192131704965,0.1963316477281109,0.15614119017824485,0.14402246901410237,0.2936425998700261,0.0682938740558497,0.08223808669447408
1645,4101.026,4136.41,4077.949,4073.333,4089.231,0.3034975019544856,0.06731606669181048,0.0666979313117642,0.182306885777725,0.13853828708647195,0.21186205180795356,0.1311405455423816,0.17107192131704965,0.1963316477281109,0.15614119017824485,0.14402246901410237,0.2936425998700261,0.0682938740558497,0.08223808669447408
1652,4084.615,4139.487,4057.949,4049.744,4092.308,0.3034975019544856,0.06731606669181048,0.0666979313117642,0.182306885777725,0.13853828708647195,0.21186205180795356,0.1311405455423816,0.17107192131704965,0.1963316477281109,0.15614119017824485,0.14402246901410237,0.2936425998700261,0.0682938740558497,0.08223808669447408
1659,4083.59,4140.513,4070.256,4031.282,4062.051,0.3034975019544856,0.06731606669181048,0.0666979313117642,0.182306885777725,0.13853828708647195,0.21186205180795356,0.1311405455423816,0.17107192131704965,0.1963316477281109,0.15614119017824485,0.14402246901410237,0.2936425998700261,0.0682938740558497,0.08223808669447408
1666,4115.385,4185.128,4104.615,4074.359,4095.385,0.3034975019544856,0.06731606669181048,0.0666979313117642,0.182306885777725,0.13853828708647195,0.21186205180795356,0.1311405455423816,0.17107192131704965,0.1963316477281109,0.15614119017824485,0.14402246901410237,0.2936425998700261,0.0682938740558497,0.08223808669447408
1673,4146.154,4231.282,4109.231,4129.744,4169.231,0.3034975019544856,0.06731606669181048,0.0666979313117642,0.182306885777725,0.13853828708647195,0.21186205180795356,0.1311405455423816,0.17107192131704965,0.1963316477281109,0.15614119017824485,0.14402246901410237,0.2936425998700261,0.0682938740558497,0.08223808669447408
1680,4162.564,4216.41,4108.205,4137.949,4180.0,0.3034975019544856,0.06731606669181048,0.0666979313117642,0.182306885777725,0.13853828708647195,0.21186205180795356,0.1311405455423816,0.17107192131704965,0.1963316477281109,0.15614119017824485,0.14402246901410237,0.2936425998700261,0.0682938740558497,0.08223808669447408
1687,4168.205,4189.231,4138.462,4123.59,4149.231,0.3034975019544856,0.06731606669181048,0.0666979313117642,0.182306885777725,0.13853828708647195,0.21186205180795356,0.1311405455423816,0.17107192131704965,0.1963316477281109,0.15614119017824485,0.14402246901410237,0.2936425998700261,0.0682938740558497,0.08223808669447408
1694,4164.103,4219.487,4148.718,4124.615,4153.846,0.3034975019544856,0.06731606669181048,0.0666979313117642,0.182306885777725,0.13853828708647195,0.21186205180795356,0.1311405455423816,0.17107192131704965,0.1963316477281109,0.15614119017824485,0.14402246901410237,0.2936425998700261,0.0682938740558497,0.08223808669447408
1701,4161.538,4231.282,4118.974,4127.179,4160.513,0.3034975019544856,0.06731606669181048,0.0666979313117642,0.182306885777725,0.13853828708647195,0.21186205180795356,0.1311405455423816,0.17107192131704965,0.1963316477281109,0.15614119017824485,0.14402246901410237,0.2936425998700261,0.0682938740558497,0.08223808669447408
1708,4164.615,4178.462,4100.0,4109.231,4142.051,0.3034975019544856,0.06731606669181048,0.0666979313117642,0.182306885777725,0.13853828708647195,0.21186205180795356,0.1311405455423816,0.17107192131704965,0.1963316477281109,0.15614119017824485,0.14402246901410237,0.2936425998700261,0.0682938740558497,0.08223808669447408
1715,4138.974,4134.872,4089.744,4070.256,4117.436,0.3034975019544856,0.06731606669181048,0.0666979313117642,0.182306885777725,0.13853828708647195,0.21186205180795356,0.1311405455423816,0.17107192131704965,0.1963316477281109,0.15614119017824485,0.14402246901410237,0.2936425998700261,0.0682938740558497,0.08223808669447408
1722,4055.897,4102.051,4044.615,3996.41,4051.795,0.3034975019544856,0.06731606669181048,0.0666979313117642,0.182306885777725,0.13853828708647195,0.21186205180795356,0.1311405455423816,0.17107192131704965,0.1963316477281109,0.15614119017824485,0.14402246901410237,0.2936425998700261,0.0682938740558497,0.08223808669447408
1729,4000.513,4047.692,3990.256,3934.359,3980.0,0.3034975019544856,0.06731606669181048,0.0666979313117642,0.182306885777725,0.13853828708647195,0.21186205180795356,0.1311405455423816,0.17107192131704965,0.1963316477281109,0.15614119017824485,0.14402246901410237,0.2936425998700261,0.0682938740558497,0.08223808669447408
1736,4051.795,4068.718,4000.0,3976.41,4019.487,0.3034975019544856,0.06731606669181048,0.0666979313117642,0.182306885777725,0.13853828708647195,0.21186205180795356,0.1311405455423816,0.17107192131704965,0.1963316477281109,0.15614119017824485,0.14402246901410237,0.2936425998700261,0.0682938740558497,0.08223808669447408
1743,4124.103,4173.333,4062.564,4075.385,4121.538,0.3034975019544856,0.06731606669181048,0.0666979313117642,0.182306885777725,0.13853828708647195,0.21186205180795356,0.1311405455423816,0.17107192131704965,0.1963316477281109,0.15614119017824485,0.14402246901410237,0.2936425998700261,0.0682938740558497,0.08223808669447408
1750,4132.821,4210.769,4080.513,4100.513,4145.641,0.3034975019544856,0.06731606669181048,0.0666979313117642,0.182306885777725,0.13853828708647195,0.21186205180795356,0.1311405455423816,0.17107192131704965,0.1963316477281109,0.15614119017824485,0.14402246901410237,0.2936425998700261,0.0682938740558497,0.08223808669447408
1757,4125.128,4171.795,4053.333,4077.436,4106.667,0.3034975019544856,0.06731606669181048,0.0666979313117642,0.182306885777725,0.13853828708647195,0.21186205180795356,0.1311405455423816,0.17107192131704965,0.1963316477281109,0.15614119017824485,0.14402246901410237,0.2936425998700261,0.0682938740558497,0.08223808669447408
1764,4133.846,4159.487,4054.872,4090.769,4101.026,0.3034975019544856,0.06731606669181048,0.0666979313117642,0.182306885777725,0.13853828708647195,0.21186205180795356,0.1311405455423816,0.17107192131704965,0.1963316477281109,0.15614119017824485,0.14402246901410237,0.2936425998700261,0.0682938740558497,0.08223808669447408
1771,4138.462,4173.333,4081.026,4099.487,4130.769,0.3034975019544856,0.06731606669181048,0.0666979313117642,0.182306885777725,0.13853828708647195,0.21186205180795356,0.1311405455423816,0.17107192131704965,0.1963316477281109,0.15614119017824485,0.14402246901410237,0.2936425998700261,0.0682938740558497,0.08223808669447408
1778,4138.974,4175.385,4090.256,4066.154,4139.487,0.3034975019544856,0.06731606669181048,0.0666979313117642,0.182306885777725,0.13853828708647195,0.21186205180795356,0.1311405455423816,0.17107192131704965,0.1963316477281109,0.15614119017824485,0.14402246901410237,0.2936425998700261,0.0682938740558497,0.08223808669447408
1785,4138.462,4174.872,4080.0,4048.205,4133.846,0.3034975019544856,0.06731606669181048,0.0666979313117642,0.182306885777725,0.13853828708647195,0.21186205180795356,0.1311405455423816,0.17107192131704965,0.1963316477281109,0.15614119017824485,0.14402246901410237,0.2936425998700261,0.0682938740558497,0.08223808669447408
1792,4156.41,4182.051,4088.718,4077.436,4157.436,0.3034975019544856,0.06731606669181048,0.0666979313117642,0.182306885777725,0.13853828708647195,0.21186205180795356,0.1311405455423816,0.17107192131704965,0.1963316477281109,0.15614119017824485,0.14402246901410237,0.2936425998700261,0.0682938740558497,0.08223808669447408
1799,4202.051,4201.538,4139.487,4120.513,4193.846,0.3034975019544856,0.06731606669181048,0.0666979313117642,0.182306885777725,0.13853828708647195,0.21186205180795356,0.1311405455423816,0.17107192131704965,0.1963316477281109,0.15614119017824485,0.14402246901410237,0.2936425998700261,0.0682938740558497,0.08223808669447408
1806,4225.641,4220.513,4163.077,4137.949,4200.513,0.3034975019544856,0.06731606669181048,0.0666979313117642,0.182306885777725,0.13853828708647195,0.21186205180795356,0.1311405455423816,0.17107192131704965,0.1963316477281109,0.15614119017824485,0.14402246901410237,0.2936425998700261,0.0682938740558497,0.08223808669447408
1813,4206.667,4200.513,4109.231,4123.077,4182.564,0.3034975019544856,0.06731606669181048,0.0666979313117642,0.182306885777725,0.13853828708647195,0.21186205180795356,0.1311405455423816,0.17107192131704965,0.1963316477281109,0.15614119017824485,0.14402246901410237,0.2936425998700261,0.0682938740558497,0.08223808669447408
1820,4191.282,4163.077,4084.103,4101.026,4157.949,0.3034975019544856,0.06731606669181048,0.0666979313117642,0.182306885777725,0.13853828708647195,0.21186205180795356,0.1311405455423816,0.17107192131704965,0.1963316477281109,0.15614119017824485,0.14402246901410237,0.2936425998700261,0.0682938740558497,0.08223808669447408
1827,4178.462,4163.59,4094.872,4091.795,4145.128,0.3034975019544856,0.06731606669181048,0.0666979313117642,0.182306885777725,0.13853828708647195,0.21186205180795356,0.1311405455423816,0.17107192131704965,0.1963316477281109,0.15614119017824485,0.14402246901410237,0.2936425998700261,0.0682938740558497,0.08223808669447408
1834,4167.692,4192.821,4070.256,4097.436,4163.077,0.3034975019544856,0.06731606669181048,0.0666979313117642,0.182306885777725,0.13853828708647195,0.21186205180795356,0.1311405455423816,0.17107192131704965,0.1963316477281109,0.15614119017824485,0.14402246901410237,0.2936425998700261,0.0682938740558497,0.08223808669447408
1841,4204.103,4230.256,4097.436,4126.154,4206.667,0.3034975019544856,0.06731606669181048,0.0666979313117642,0.182306885777725,0.13853828708647195,0.21186205180795356,0.1311405455423816,0.17107192131704965,0.1963316477281109,0.15614119017824485,0.14402246901410237,0.2936425998700261,0.0682938740558497,0.08223808669447408
1848,4233.846,4246.667,4143.59,4138.974,4229.744,0.3034975019544856,0.06731606669181048,0.0666979313117642,0.182306885777725,0.13853828708647195,0.21186205180795356,0.1311405455423816,0.17107192131704965,0.1963316477281109,0.15614119017824485,0.14402246901410237,0.2936425998700261,0.0682938740558497,0.08223808669447408
1855,4171.795,4191.282,4071.795,4083.077,4182.564,0.3034975019544856,0.06731606669181048,0.0666979313117642,0.182306885777725,0.13853828708647195,0.21186205180795356,0.1311405455423816,0.17107192131704965,0.1963316477281109,0.15614119017824485,0.14402246901410237,0.2936425998700261,0.0682938740558497,0.08223808669447408
1862,4092.821,4110.769,3988.205,4017.436,4103.59,0.3034975019544856,0.06731606669181048,0.0666979313117642,0.182306885777725,0.13853828708647195,0.21186205180795356,0.1311405455423816,0.17107192131704965,0.1963316477281109,0.15614119017824485,0.14402246901410237,0.2936425998700261,0.0682938740558497,0.08223808669447408
1869,4093.846,4082.051,4007.692,4003.59,4070.769,0.3034975019544856,0.06731606669181048,0.0666979313117642,0.182306885777725,0.13853828708647195,0.21186205180795356,0.1311405455423816,0.17107192131704965,0.1963316477281109,0.15614119017824485,0.14402246901410237,0.2936425998700261,0.0682938740558497,0.08223808669447408
1876,4136.923,4103.077,4055.385,4013.846,4091.282,0.3034975019544856,0.06731606669181048,0.0666979313117642,0.182306885777725,0.13853828708647195,0.21186205180795356,0.1311405455423816,0.17107192131704965,0.1963316477281109,0.15614119017824485,0.14402246901410237,0.2936425998700261,0.0682938740558497,0.08223808669447408
1883,4143.59,4138.974,4073.333,4022.051,4116.41,0.3034975019544856,0.06731606669181048,0.0666979313117642,0.182306885777725,0.13853828708647195,0.21186205180795356,0.1311405455423816,0.17107192131704965,0.1963316477281109,0.15614119017824485,0.14402246901410237,0.2936425998700261,0.0682938740558497,0.08223808669447408
1890,4120.0,4157.436,4064.103,4029.744,4129.231,0.3034975019544856,0.06731606669181048,0.0666979313117642,0.182306885777725,0.13853828708647195,0.21186205180795356,0.1311405455423816,0.17107192131704965,0.1963316477281109,0.15614119017824485,0.14402246901410237,0.2936425998700261,0.0682938740558497,0.08223808669447408
1897,4145.128,4177.436,4073.333,4054.359,4162.564,0.3034975019544856,0.06731606669181048,0.0666979313117642,0.182306885777725,0.13853828708647195,0.21186205180795356,0.1311405455423816,0.17107192131704965,0.1963316477281109,0.15614119017824485,0.14402246901410237,0.2936425998700261,0.0682938740558497,0.08223808669447408
1904,4235.897,4236.41,4141.026,4118.462,4225.641,0.3034975019544856,0.06731606669181048,0.0666979313117642,0.182306885777725,0.13853828708647195,0.21186205180795356,0.1311405455423816,0.17107192131704965,0.1963316477281109,0.15614119017824485,0.14402246901410237,0.2936425998700261,0.0682938740558497,0.08223808669447408
1911,4296.923,4290.256,4196.923,4184.615,4274.359,0.3034975019544856,0.06731606669181048,0.0666979313117642,0.182306885777725,0.13853828708647195,0.21186205180795356,0.1311405455423816,0.17107192131704965,0.1963316477281109,0.15614119017824485,0.14402246901410237,0.2936425998700261,0.0682938740558497,0.08223808669447408
1918,4288.205,4285.128,4184.615,4195.385,4278.974,0.3034975019544856,0.06731606669181048,0.0666979313117642,0.182306885777725,0.13853828708647195,0.21186205180795356,0.1311405455423816,0.17107192131704965,0.1963316477281109,0.15614119017824485,0.14402246901410237,0.2936425998700261,0.0682938740558497,0.08223808669447408
1925,4283.59,4264.615,4162.051,4181.026,4268.205,0.3034975019544856,0.06731606669181048,0.0666979313117642,0.182306885777725,0.13853828708647195,0.21186205180795356,0.1311405455423816,0.17107192131704965,0.1963316477281109,0.15614119017824485,0.14402246901410237,0.2936425998700261,0.0682938740558497,0.08223808669447408
1932,4300.0,4253.846,4171.282,4189.744,4264.103,0.3034975019544856,0.06731606669181048,0.0666979313117642,0.182306885777725,0.13853828708647195,0.21186205180795356,0.1311405455423816,0.17107192131704965,0.1963316477281109,0.15614119017824485,0.14402246901410237,0.2936425998700261,0.0682938740558497,0.08223808669447408
1939,4289.744,4247.692,4190.769,4192.308,4261.538,0.3034975019544856,0.06731606669181048,0.0666979313117642,0.182306885777725,0.13853828708647195,0.21186205180795356,0.1311405455423816,0.17107192131704965,0.1963316477281109,0.15614119017824485,0.14402246901410237,0.2936425998700261,0.0682938740558497,0.08223808669447408
1946,4261.538,4250.256,4173.846,4163.59,4253.846,0.3034975019544856,0.06731606669181048,0.0666979313117642,0.182306885777725,0.13853828708647195,0.21186205180795356,0.1311405455423816,0.17107192131704965,0.1963316477281109,0.15614119017824485,0.14402246901410237,0.2936425998700261,0.0682938740558497,0.08223808669447408
1953,4250.256,4249.744,4134.359,4140.513,4236.41,0.3034975019544856,0.06731606669181048,0.0666979313117642,0.182306885777725,0.13853828708647195,0.21186205180795356,0.1311405455423816,0.17107192131704965,0.1963316477281109,0.15614119017824485,0.14402246901410237,0.2936425998700261,0.0682938740558497,0.08223808669447408
1960,4258.974,4253.333,4141.026,4141.538,4224.615,0.3034975019544856,0.06731606669181048,0.0666979313117642,0.182306885777725,0.13853828708647195,0.21186205180795356,0.1311405455423816,0.17107192131704965,0.1963316477281109,0.15614119017824485,0.14402246901410237,0.2936425998700261,0.0682938740558497,0.08223808669447408
1967,4267.692,4278.974,4172.308,4141.538,4229.744,0.3034975019544856,0.06731606669181048,0.0666979313117642,0.182306885777725,0.13853828708647195,0.21186205180795356,0.1311405455423816,0.17107192131704965,0.1963316477281109,0.15614119017824485,0.14402246901410237,0.2936425998700261,0.0682938740558497,0.08223808669447408
1974,4264.103,4289.231,4157.949,4141.538,4232.821,0.3034975019544856,0.06731606669181048,0.0666979313117642,0.182306885777725,0.13853828708647195,0.21186205180795356,0.1311405455423816,0.17107192131704965,0.1963316477281109,0.15614119017824485,0.14402246901410237,0.2936425998700261,0.0682938740558497,0.08223808669447408
1981,4268.718,4267.692,4141.026,4145.128,4228.205,0.3034975019544856,0.06731606669181048,0.0666979313117642,0.182306885777725,0.13853828708647195,0.21186205180795356,0.1311405455423816,0.17107192131704965,0.1963316477281109,0.15614119017824485,0.14402246901410237,0.2936425998700261,0.0682938740558497,0.08223808669447408
1988,4275.897,4248.205,4155.897,4136.923,4211.795,0.3034975019544856,0.06731606669181048,0.0666979313117642,0.182306885777725,0.13853828708647195,0.21186205180795356,0.1311405455423816,0.17107192131704965,0.1963316477281109,0.15614119017824485,0.14402246901410237,0.2936425998700261,0.0682938740558497,0.08223808669447408
1995,4266.154,4250.256,4157.436,4125.641,4193.333,0.3034975019544856,0.06731606669181048,0.0666979313117642,0.182306885777725,0.13853828708647195,0.21186205180795356,0.1311405455423816,0.17107192131704965,0.1963316477281109,0.15614119017824485,0.14402246901410237,0.2936425998700261,0.0682938740558497,0.08223808669447408
2002,4267.692,4263.077,4152.308,4143.59,4202.564,0.3034975019544856,0.06731606669181048,0.0666979313117642,0.182306885777725,0.13853828708647195,0.21186205180795356,0.1311405455423816,0.17107192131704965,0.1963316477281109,0.15614119017824485,0.14402246901410237,0.2936425998700261,0.0682938740558497,0.08223808669447408
2009,4289.744,4267.179,4167.692,4158.462,4226.154,0.3034975019544856,0.06731606669181048,0.0666979313117642,0.182306885777725,0.13853828708647195,0.21186205180795356,0.1311405455423816,0.17107192131704965,0.1963316477281109,0.15614119017824485,0.14402246901410237,0.2936425998700261,0.0682938740558497,0.08223808669447408
2016,4303.077,4274.872,4186.667,4153.333,4240.0,0.3034975019544856,0.06731606669181048,0.0666979313117642,0.182306885777725,0.13853828708647195,0.21186205180795356,0.1311405455423816,0.17107192131704965,0.1963316477281109,0.15614119017824485,0.14402246901410237,0.2936425998700261,0.0682938740558497,0.08223808669447408
2023,4286.154,4293.333,4176.41,4139.487,4243.077,0.3034975019544856,0.06731606669181048,0.0666979313117642,0.182306885777725,0.13853828708647195,0.21186205180795356,0.1311405455423816,0.17107192131704965,0.1963316477281109,0.15614119017824485,0.14402246901410237,0.2936425998700261,0.0682938740558497,0.08223808669447408
2030,4262.051,4292.308,4150.769,4131.795,4234.359,0.3034975019544856,0.06731606669181048,0.0666979313117642,0.182306885777725,0.13853828708647195,0.21186205180795356,0.1311405455423816,0.17107192131704965,0.1963316477281109,0.15614119017824485,0.14402246901410237,0.2936425998700261,0.0682938740558497,0.08223808669447408
2037,4247.692,4253.846,4145.641,4128.205,4201.538,0.3034975019544856,0.06731606669181048,0.0666979313117642,0.182306885777725,0.13853828708647195,0.21186205180795356,0.1311405455423816,0.17107192131704965,0.1963316477281109,0.15614119017824485,0.14402246901410237,0.2936425998700261,0.0682938740558497,0.08223808669447408
2044,4220.513,4216.41,4133.846,4105.128,4155.897,0.3034975019544856,0.06731606669181048,0.0666979313117642,0.182306885777725,0.13853828708647195,0.21186205180795356,0.1311405455423816,0.17107192131704965,0.1963316477281109,0.15614119017824485,0.14402246901410237,0.2936425998700261,0.0682938740558497,0.08223808669447408
2051,4200.0,4224.103,4102.051,4096.923,4151.795,0.3034975019544856,0.06731606669181048,0.0666979313117642,0.182306885777725,0.13853828708647195,0.21186205180795356,0.1311405455423816,0.17107192131704965,0.1963316477281109,0.15614119017824485,0.14402246901410237,0.2936425998700261,0.0682938740558497,0.08223808669447408
2058,4200.513,4241.538,4091.282,4107.179,4177.436,0.3034975019544856,0.06731606669181048,0.0666979313117642,0.182306885777725,0.13853828708647195,0.21186205180795356,0.1311405455423816,0.17107192131704965,0.1963316477281109,0.15614119017824485,0.14402246901410237,0.2936425998700261,0.0682938740558497,0.08223808669447408
2065,4196.923,4233.333,4104.103,4089.744,4170.769,0.3034975019544856,0.06731606669181048,0.0666979313117642,0.182306885777725,0.13853828708647195,0.21186205180795356,0.1311405455423816,0.17107192131704965,0.1963316477281109,0.15614119017824485,0.14402246901410237,0.2936425998700261,0.0682938740558497,0.08223808669447408
2072,4215.897,4238.462,4127.179,4092.821,4166.667,0.3034975019544856,0.06731606669181048,0.0666979313117642,0.182306885777725,0.13853828708647195,0.21186205180795356,0.1311405455423816,0.17107192131704965,0.1963316477281109,0.15614119017824485,0.14402246901410237,0.2936425998700261,0.0682938740558497,0.08223808669447408
2079,4266.154,4274.359,4152.821,4140.513,4211.282,0.3034975019544856,0.06731606669181048,0.0666979313117642,0.182306885777725,0.13853828708647195,0.21186205180795356,0.1311405455423816,0.17107192131704965,0.1963316477281109,0.15614119017824485,0.14402246901410237,0.2936425998700261,0.0682938740558497,0.08223808669447408
2086,4271.282,4274.872,4147.179,4150.769,4228.205,0.3034975019544856,0.06731606669181048,0.0666979313117642,0.182306885777725,0.13853828708647195,0.21186205180795356,0.1311405455423816,0.17107192131704965,0.1963316477281109,0.15614119017824485,0.14402246901410237,0.2936425998700261,0.0682938740558497,0.08223808669447408
2093,4234.872,4248.205,4110.769,4120.513,4195.897,0.3034975019544856,0.06731606669181048,0.0666979313117642,0.182306885777725,0.13853828708647195,0.21186205180795356,0.1311405455423816,0.17107192131704965,0.1963316477281109,0.15614119017824485,0.14402246901410237,0.2936425998700261,0.0682938740558497,0.08223808669447408
2100,4254.359,4261.538,4113.846,4135.385,4204.615,0.3034975019544856,0.06731606669181048,0.0666979313117642,0.182306885777725,0.13853828708647195,0.21186205180795356,0.1311405455423816,0.17107192131704965,0.1963316477281109,0.15614119017824485,0.14402246901410237,0.2936425998700261,0.0682938740558497,0.08223808669447408
2107,4290.769,4280.0,4146.667,4161.026,4239.487,0.3034975019544856,0.06731606669181048,0.0666979313117642,0.182306885777725,0.13853828708647195,0.21186205180795356,0.1311405455423816,0.17107192131704965,0.1963316477281109,0.15614119017824485,0.14402246901410237,0.2936425998700261,0.0682938740558497,0.08223808669447408
2114,4274.359,4254.359,4145.128,4148.718,4227.179,0.3034975019544856,0.06731606669181048,0.0666979313117642,0.182306885777725,0.13853828708647195,0.21186205180795356,0.1311405455423816,0.17107192131704965,0.1963316477281109,0.15614119017824485,0.14402246901410237,0.2936425998700261,0.0682938740558497,0.08223808669447408
2121,4252.308,4229.231,4134.872,4145.641,4197.436,0.3034975019544856,0.06731606669181048,0.0666979313117642,0.182306885777725,0.13853828708647195,0.21186205180795356,0.1311405455423816,0.17107192131704965,0.1963316477281109,0.15614119017824485,0.14402246901410237,0.2936425998700261,0.0682938740558497,0.08223808669447408
2128,4266.154,4235.897,4143.59,4171.795,4202.564,0.3034975019544856,0.06731606669181048,0.0666979313117642,0.182306885777725,0.13853828708647195,0.21186205180795356,0.1311405455423816,0.17107192131704965,0.1963316477281109,0.15614119017824485,0.14402246901410237,0.2936425998700261,0.0682938740558497,0.08223808669447408
2135,4286.667,4248.205,4150.256,4180.513,4225.128,0.3034975019544856,0.06731606669181048,0.0666979313117642,0.182306885777725,0.13853828708647195,0.21186205180795356,0.1311405455423816,0.17107192131704965,0.1963316477281109,0.15614119017824485,0.14402246901410237,0.2936425998700261,0.0682938740558497,0.08223808669447408
2142,4284.615,4257.949,4147.692,4158.974,4233.846,0.3034975019544856,0.06731606669181048,0.0666979313117642,0.182306885777725,0.13853828708647195,0.21186205180795356,0.1311405455423816,0.17107192131704965,0.1963316477281109,0.15614119017824485,0.14402246901410237,0.2936425998700261,0.0682938740558497,0.08223808669447408
2149,4285.128,4272.308,4149.231,4158.462,4247.179,0.3034975019544856,0.06731606669181048,0.0666979313117642,0.182306885777725,0.13853828708647195,0.21186205180795356,0.1311405455423816,0.17107192131704965,0.1963316477281109,0.15614119017824485,0.14402246901410237,0.2936425998700261,0.0682938740558497,0.08223808669447408
2156,4290.256,4276.41,4154.872,4174.359,4260.0,0.3034975019544856,0.06731606669181048,0.0666979313117642,0.182306885777725,0.13853828708647195,0.21186205180795356,0.1311405455423816,0.17107192131704965,0.1963316477281109,0.15614119017824485,0.14402246901410237,0.2936425998700261,0.0682938740558497,0.08223808669447408
2163,4269.231,4267.692,4142.564,4149.744,4238.974,0.3034975019544856,0.06731606669181048,0.0666979313117642,0.182306885777725,0.13853828708647195,0.21186205180795356,0.1311405455423816,0.17107192131704965,0.1963316477281109,0.15614119017824485,0.14402246901410237,0.2936425998700261,0.0682938740558497,0.08223808669447408
2170,4243.077,4249.231,4115.385,4113.846,4202.564,0.3034975019544856,0.06731606669181048,0.0666979313117642,0.182306885777725,0.13853828708647195,0.21186205180795356,0.1311405455423816,0.17107192131704965,0.1963316477281109,0.15614119017824485,0.14402246901410237,0.2936425998700261,0.0682938740558497,0.08223808669447408
2177,4248.718,4234.359,4113.333,4117.949,4198.974,0.3034975019544856,0.06731606669181048,0.0666979313117642,0.182306885777725,0.13853828708647195,0.21186205180795356,0.1311405455423816,0.17107192131704965,0.1963316477281109,0.15614119017824485,0.14402246901410237,0.2936425998700261,0.0682938740558497,0.08223808669447408
2184,4270.769,4227.692,4141.538,4137.436,4220.0,0.3034975019544856,0.06731606669181048,0.0666979313117642,0.182306885777725,0.13853828708647195,0.21186205180795356,0.1311405455423816,0.17107192131704965,0.1963316477281109,0.15614119017824485,0.14402246901410237,0.2936425998700261,0.0682938740558497,0.08223808669447408
2191,4264.615,4216.41,4139.487,4127.692,4208.205,0.3034975019544856,0.06731606669181048,0.0666979313117642,0.182306885777725,0.13853828708647195,0.21186205180795356,0.1311405455423816,0.17107192131704965,0.1963316477281109,0.15614119017824485,0.14402246901410237,0.2936425998700261,0.0682938740558497,0.08223808669447408
2198,4247.692,4210.769,4112.821,4114.359,4186.667,0.3034975019544856,0.06731606669181048,0.0666979313117642,0.182306885777725,0.13853828708647195,0.21186205180795356,0.1311405455423816,0.17107192131704965,0.1963316477281109,0.15614119017824485,0.14402246901410237,0.2936425998700261,0.0682938740558497,0.08223808669447408
2205,4260.513,4232.308,4124.103,4131.795,4210.256,0.3034975019544856,0.06731606669181048,0.0666979313117642,0.182306885777725,0.13853828708647195,0.21186205180795356,0.1311405455423816,0.17107192131704965,0.1963316477281109,0.15614119017824485,0.14402246901410237,0.2936425998700261,0.0682938740558497,0.08223808669447408
2212,4292.821,4260.0,4162.564,4159.487,4247.179,0.3034975019544856,0.06731606669181048,0.0666979313117642,0.182306885777725,0.13853828708647195,0.21186205180795356,0.1311405455423816,0.17107192131704965,0.1963316477281109,0.15614119017824485,0.14402246901410237,0.2936425998700261,0.0682938740558497,0.08223808669447408
2219,4303.077,4274.872,4164.615,4169.231,4260.513,0.3034975019544856,0.06731606669181048,0.0666979313117642,0.182306885777725,0.13853828708647195,0.21186205180795356,0.1311405455423816,0.17107192131704965,0.1963316477281109,0.15614119017824485,0.14402246901410237,0.2936425998700261,0.0682938740558497,0.08223808669447408
2226,4275.897,4263.59,4120.0,4151.795,4241.538,0.3034975019544856,0.06731606669181048,0.0666979313117642,0.182306885777725,0.13853828708647195,0.21186205180795356,0.1311405455423816,0.17107192131704965,0.1963316477281109,0.15614119017824485,0.14402246901410237,0.2936425998700261,0.0682938740558497,0.08223808669447408
2233,4244.103,4217.436,4079.487,4111.795,4187.692,0.3034975019544856,0.06731606669181048,0.0666979313117642,0.182306885777725,0.13853828708647195,0.21186205180795356,0.1311405455423816,0.17107192131704965,0.1963316477281109,0.15614119017824485,0.14402246901410237,0.2936425998700261,0.0682938740558497,0.08223808669447408
2240,4226.667,4185.128,4069.744,4084.615,4156.923,0.3034975019544856,0.06731606669181048,0.0666979313117642,0.182306885777725,0.13853828708647195,0.21186205180795356,0.1311405455423816,0.17107192131704965,0.1963316477281109,0.15614119017824485,0.14402246901410237,0.2936425998700261,0.0682938740558497,0.08223808669447408
2247,4218.462,4194.872,4062.564,4087.179,4182.564,0.3034975019544856,0.06731606669181048,0.0666979313117642,0.182306885777725,0.13853828708647195,0.21186205180795356,0.1311405455423816,0.17107192131704965,0.1963316477281109,0.15614119017824485,0.14402246901410237,0.2936425998700261,0.0682938740558497,0.08223808669447408
2254,4209.231,4195.897,4055.897,4080.513,4189.744,0.3034975019544856,0.06731606669181048,0.0666979313117642,0.182306885777725,0.13853828708647195,0.21186205180795356,0.1311405455423816,0.17107192131704965,0.1963316477281109,0.15614119017824485,0.14402246901410237,0.2936425998700261,0.0682938740558497,0.08223808669447408
2261,4216.923,4194.359,4073.846,4067.692,4178.974,0.3034975019544856,0.06731606669181048,0.0666979313117642,0.182306885777725,0.13853828708647195,0.21186205180795356,0.1311405455423816,0.17107192131704965,0.1963316477281109,0.15614119017824485,0.14402246901410237,0.2936425998700261,0.0682938740558497,0.08223808669447408
2268,4269.231,4223.077,4117.436,4097.436,4215.385,0.3034975019544856,0.06731606669181048,0.0666979313117642,0.182306885777725,0.13853828708647195,0.21186205180795356,0.1311405455423816,0.17107192131704965,0.1963316477281109,0.15614119017824485,0.14402246901410237,0.2936425998700261,0.0682938740558497,0.08223808669447408
2275,4297.436,4225.128,4135.897,4127.692,4233.333,0.3034975019544856,0.06731606669181048,0.0666979313117642,0.182306885777725,0.13853828708647195,0.21186205180795356,0.1311405455423816,0.17107192131704965,0.1963316477281109,0.15614119017824485,0.14402246901410237,0.2936425998700261,0.0682938740558497,0.08223808669447408
2282,4258.462,4193.846,4118.462,4113.333,4200.0,0.3034975019544856,0.06731606669181048,0.0666979313117642,0.182306885777725,0.13853828708647195,0.21186205180795356,0.1311405455423816,0.17107192131704965,0.1963316477281109,0.15614119017824485,0.14402246901410237,0.2936425998700261,0.0682938740558497,0.08223808669447408
2289,4246.667,4196.923,4109.744,4104.103,4206.154,0.3034975019544856,0.06731606669181048,0.0666979313117642,0.182306885777725,0.13853828708647195,0.21186205180795356,0.1311405455423816,0.17107192131704965,0.1963316477281109,0.15614119017824485,0.14402246901410237,0.2936425998700261,0.0682938740558497,0.08223808669447408
2296,4299.487,4212.308,4127.692,4127.692,4236.923,0.3034975019544856,0.06731606669181048,0.0666979313117642,0.182306885777725,0.13853828708647195,0.21186205180795356,0.1311405455423816,0.17107192131704965,0.1963316477281109,0.15614119017824485,0.14402246901410237,0.2936425998700261,0.0682938740558497,0.08223808669447408
2303,4320.0,4210.769,4146.154,4135.897,4233.333,0.3034975019544856,0.06731606669181048,0.0666979313117642,0.182306885777725,0.13853828708647195,0.21186205180795356,0.1311405455423816,0.17107192131704965,0.1963316477281109,0.15614119017824485,0.14402246901410237,0.2936425998700261,0.0682938740558497,0.08223808669447408
2310,4283.59,4212.308,4138.462,4109.744,4220.0,0.3034975019544856,0.06731606669181048,0.0666979313117642,0.182306885777725,0.13853828708647195,0.21186205180795356,0.1311405455423816,0.17107192131704965,0.1963316477281109,0.15614119017824485,0.14402246901410237,0.2936425998700261,0.0682938740558497,0.08223808669447408
2317,4255.385,4202.564,4116.923,4083.59,4210.256,0.3034975019544856,0.06731606669181048,0.0666979313117642,0.182306885777725,0.13853828708647195,0.21186205180795356,0.1311405455423816,0.17107192131704965,0.1963316477281109,0.15614119017824485,0.14402246901410237,0.2936425998700261,0.0682938740558497,0.08223808669447408
2324,4271.282,4197.949,4125.128,4095.897,4210.256,0.3034975019544856,0.06731606669181048,0.0666979313117642,0.182306885777725,0.13853828708647195,0.21186205180795356,0.1311405455423816,0.17107192131704965,0.1963316477281109,0.15614119017824485,0.14402246901410237,0.2936425998700261,0.0682938740558497,0.08223808669447408
2331,4289.744,4225.641,4148.718,4124.103,4222.564,0.3034975019544856,0.06731606669181048,0.0666979313117642,0.182306885777725,0.13853828708647195,0.21186205180795356,0.1311405455423816,0.17107192131704965,0.1963316477281109,0.15614119017824485,0.14402246901410237,0.2936425998700261,0.0682938740558497,0.08223808669447408
2338,4266.154,4225.641,4129.744,4120.0,4217.436,0.3034975019544856,0.06731606669181048,0.0666979313117642,0.182306885777725,0.13853828708647195,0.21186205180795356,0.1311405455423816,0.17107192131704965,0.1963316477281109,0.15614119017824485,0.14402246901410237,0.2936425998700261,0.0682938740558497,0.08223808669447408
2345,4253.846,4194.359,4103.077,4111.795,4214.872,0.3034975019544856,0.06731606669181048,0.0666979313117642,0.182306885777725,0.13853828708647195,0.21186205180795356,0.1311405455423816,0.17107192131704965,0.1963316477281109,0.15614119017824485,0.14402246901410237,0.2936425998700261,0.0682938740558497,0.08223808669447408
2352,4285.641,4201.026,4125.641,4124.103,4234.359,0.3034975019544856,0.06731606669181048,0.0666979313117642,0.182306885777725,0.13853828708647195,0.21186205180795356,0.1311405455423816,0.17107192131704965,0.1963316477281109,0.15614119017824485,0.14402246901410237,0.2936425998700261,0.0682938740558497,0.08223808669447408
2359,4307.692,4229.744,4158.462,4142.051,4242.051,0.3034975019544856,0.06731606669181048,0.0666979313117642,0.182306885777725,0.13853828708647195,0.21186205180795356,0.1311405455423816,0.17107192131704965,0.1963316477281109,0.15614119017824485,0.14402246901410237,0.2936425998700261,0.0682938740558497,0.08223808669447408
2366,4292.308,4223.59,4161.026,4148.718,4236.923,0.3034975019544856,0.06731606669181048,0.0666979313117642,0.182306885777725,0.13853828708647195,0.21186205180795356,0.1311405455423816,0.17107192131704965,0.1963316477281109,0.15614119017824485,0.14402246901410237,0.2936425998700261,0.0682938740558497,0.08223808669447408
2373,4266.667,4206.154,4148.205,4141.026,4227.179,0.3034975019544856,0.06731606669181048,0.0666979313117642,0.182306885777725,0.13853828708647195,0.21186205180795356,0.1311405455423816,0.17107192131704965,0.1963316477281109,0.15614119017824485,0.14402246901410237,0.2936425998700261,0.0682938740558497,0.08223808669447408
2380,4246.667,4209.231,4138.974,4126.154,4206.154,0.3034975019544856,0.06731606669181048,0.0666979313117642,0.182306885777725,0.13853828708647195,0.21186205180795356,0.1311405455423816,0.17107192131704965,0.1963316477281109,0.15614119017824485,0.14402246901410237,0.2936425998700261,0.0682938740558497,0.08223808669447408
2387,4231.282,4215.385,4118.462,4109.744,4200.0,0.3034975019544856,0.06731606669181048,0.0666979313117642,0.182306885777725,0.13853828708647195,0.21186205180795356,0.1311405455423816,0.17107192131704965,0.1963316477281109,0.15614119017824485,0.14402246901410237,0.2936425998700261,0.0682938740558497,0.08223808669447408
2394,4237.436,4212.308,4097.436,4100.0,4216.923,0.3034975019544856,0.06731606669181048,0.0666979313117642,0.182306885777725,0.13853828708647195,0.21186205180795356,0.1311405455423816,0.17107192131704965,0.1963316477281109,0.15614119017824485,0.14402246901410237,0.2936425998700261,0.0682938740558497,0.08223808669447408
2401,4265.128,4218.462,4110.769,4116.41,4229.231,0.3034975019544856,0.06731606669181048,0.0666979313117642,0.182306885777725,0.13853828708647195,0.21186205180795356,0.1311405455423816,0.17107192131704965,0.1963316477281109,0.15614119017824485,0.14402246901410237,0.2936425998700261,0.0682938740558497,0.08223808669447408
2408,4288.205,4241.538,4139.487,4146.667,4234.872,0.3034975019544856,0.06731606669181048,0.0666979313117642,0.182306885777725,0.13853828708647195,0.21186205180795356,0.1311405455423816,0.17107192131704965,0.1963316477281109,0.15614119017824485,0.14402246901410237,0.2936425998700261,0.0682938740558497,0.08223808669447408
2415,4282.051,4245.641,4122.564,4147.179,4237.436,0.3034975019544856,0.06731606669181048,0.0666979313117642,0.182306885777725,0.13853828708647195,0.21186205180795356,0.1311405455423816,0.17107192131704965,0.1963316477281109,0.15614119017824485,0.14402246901410237,0.2936425998700261,0.0682938740558497,0.08223808669447408
2422,4269.744,4221.538,4098.974,4129.231,4227.692,0.3034975019544856,0.06731606669181048,0.0666979313117642,0.182306885777725,0.13853828708647195,0.21186205180795356,0.1311405455423816,0.17107192131704965,0.1963316477281109,0.15614119017824485,0.14402246901410237,0.2936425998700261,0.0682938740558497,0.08223808669447408
2429,4280.0,4217.949,4128.718,4131.795,4228.205,0.3034975019544856,0.06731606669181048,0.0666979313117642,0.182306885777725,0.13853828708647195,0.21186205180795356,0.1311405455423816,0.17107192131704965,0.1963316477281109,0.15614119017824485,0.14402246901410237,0.2936425998700261,0.0682938740558497,0.08223808669447408
2436,4291.795,4244.615,4161.538,4141.538,4243.077,0.3034975019544856,0.06731606669181048,0.0666979313117642,0.182306885777725,0.13853828708647195,0.21186205180795356,0.1311405455423816,0.17107192131704965,0.1963316477281109,0.15614119017824485,0.14402246901410237,0.2936425998700261,0.0682938740558497,0.08223808669447408
2443,4294.359,4267.179,4171.795,4152.308,4264.615,0.3034975019544856,0.06731606669181048,0.0666979313117642,0.182306885777725,0.13853828708647195,0.21186205180795356,0.1311405455423816,0.17107192131704965,0.1963316477281109,0.15614119017824485,0.14402246901410237,0.2936425998700261,0.0682938740558497,0.08223808669447408
2450,4291.795,4266.154,4176.923,4171.282,4275.897,0.3034975019544856,0.06731606669181048,0.0666979313117642,0.182306885777725,0.13853828708647195,0.21186205180795356,0.1311405455423816,0.17107192131704965,0.1963316477281109,0.15614119017824485,0.14402246901410237,0.2936425998700261,0.0682938740558497,0.08223808669447408
2457,4301.026,4256.41,4178.974,4194.872,4277.436,0.3034975019544856,0.06731606669181048,0.0666979313117642,0.182306885777725,0.13853828708647195,0.21186205180795356,0.1311405455423816,0.17107192131704965,0.1963316477281109,0.15614119017824485,0.14402246901410237,0.2936425998700261,0.0682938740558497,0.08223808669447408
2464,4323.077,4256.923,4190.769,4203.59,4278.462,0.3034975019544856,0.06731606669181048,0.0666979313117642,0.182306885777725,0.13853828708647195,0.21186205180795356,0.1311405455423816,0.17107192131704965,0.1963316477281109,0.15614119017824485,0.14402246901410237,0.2936425998700261,0.0682938740558497,0.08223808669447408
2471,4317.436,4262.051,4203.59,4189.744,4272.308,0.3034975019544856,0.06731606669181048,0.0666979313117642,0.182306885777725,0.13853828708647195,0.21186205180795356,0.1311405455423816,0.17107192131704965,0.1963316477281109,0.15614119017824485,0.14402246901410237,0.2936425998700261,0.0682938740558497,0.08223808669447408
2478,4296.923,4262.564,4199.487,4183.59,4265.128,0.3034975019544856,0.06731606669181048,0.0666979313117642,0.182306885777725,0.13853828708647195,0.21186205180795356,0.1311405455423816,0.17107192131704965,0.1963316477281109,0.15614119017824485,0.14402246901410237,0.2936425998700261,0.0682938740558497,0.08223808669447408
2485,4290.256,4260.0,4183.077,4179.487,4265.641,0.3034975019544856,0.06731606669181048,0.0666979313117642,0.182306885777725,0.13853828708647195,0.21186205180795356,0.1311405455423816,0.17107192131704965,0.1963316477281109,0.15614119017824485,0.14402246901410237,0.2936425998700261,0.0682938740558497,0.08223808669447408
2492,4284.615,4251.282,4164.615,4153.846,4262.051,0.3034975019544856,0.06731606669181048,0.0666979313117642,0.182306885777725,0.13853828708647195,0.21186205180795356,0.1311405455423816,0.17107192131704965,0.1963316477281109,0.15614119017824485,0.14402246901410237,0.2936425998700261,0.0682938740558497,0.08223808669447408
2499,4289.744,4246.667,4159.487,4147.179,4258.462,0.3034975019544856,0.06731606669181048,0.0666979313117642,0.182306885777725,0.13853828708647195,0.21186205180795356,0.1311405455423816,0.17107192131704965,0.1963316477281109,0.15614119017824485,0.14402246901410237,0.2936425998700261,0.0682938740558497,0.08223808669447408
2506,4309.744,4252.308,4185.128,4169.744,4254.359,0.3034975019544856,0.06731606669181048,0.0666979313117642,0.182306885777725,0.13853828708647195,0.21186205180795356,0.1311405455423816,0.17107192131704965,0.1963316477281109,0.15614119017824485,0.14402246901410237,0.2936425998700261,0.0682938740558497,0.08223808669447408
2513,4301.026,4238.974,4185.128,4161.026,4238.462,0.3034975019544856,0.06731606669181048,0.0666979313117642,0.182306885777725,0.13853828708647195,0.21186205180795356,0.1311405455423816,0.17107192131704965,0.1963316477281109,0.15614119017824485,0.14402246901410237,0.2936425998700261,0.0682938740558497,0.08223808669447408
2520,4275.897,4215.897,4148.205,4133.333,4231.282,0.3034975019544856,0.06731606669181048,0.0666979313117642,0.182306885777725,0.13853828708647195,0.21186205180795356,0.1311405455423816,0.17107192131704965,0.1963316477281109,0.15614119017824485,0.14402246901410237,0.2936425998700261,0.0682938740558497,0.08223808669447408
2527,4296.923,4234.872,4158.974,4156.923,4267.692,0.3034975019544856,0.06731606669181048,0.0666979313117642,0.182306885777725,0.13853828708647195,0.21186205180795356,0.1311405455423816,0.17107192131704965,0.1963316477281109,0.15614119017824485,0.14402246901410237,0.2936425998700261,0.0682938740558497,0.08223808669447408
2534,4329.744,4263.59,4183.077,4191.282,4301.538,0.3034975019544856,0.06731606669181048,0.0666979313117642,0.182306885777725,0.13853828708647195,0.21186205180795356,0.1311405455423816,0.17107192131704965,0.1963316477281109,0.15614119017824485,0.14402246901410237,0.2936425998700261,0.0682938740558497,0.08223808669447408
2541,4311.282,4231.282,4149.231,4172.308,4267.179,0.3034975019544856,0.06731606669181048,0.0666979313117642,0.182306885777725,0.13853828708647195,0.21186205180795356,0.1311405455423816,0.17107192131704965,0.1963316477281109,0.15614119017824485,0.14402246901410237,0.2936425998700261,0.0682938740558497,0.08223808669447408
2548,4271.282,4187.179,4124.103,4140.0,4211.282,0.3034975019544856,0.06731606669181048,0.0666979313117642,0.182306885777725,0.13853828708647195,0.21186205180795356,0.1311405455423816,0.17107192131704965,0.1963316477281109,0.15614119017824485,0.14402246901410237,0.2936425998700261,0.0682938740558497,0.08223808669447408
2555,4254.872,4199.487,4135.897,4125.641,4204.103,0.3034975019544856,0.06731606669181048,0.0666979313117642,0.182306885777725,0.13853828708647195,0.21186205180795356,0.1311405455423816,0.17107192131704965,0.1963316477281109,0.15614119017824485,0.14402246901410237,0.2936425998700261,0.0682938740558497,0.08223808669447408
2562,4249.231,4213.333,4124.615,4104.615,4209.231,0.3034975019544856,0.06731606669181048,0.0666979313117642,0.182306885777725,0.13853828708647195,0.21186205180795356,0.1311405455423816,0.17107192131704965,0.1963316477281109,0.15614119017824485,0.14402246901410237,0.2936425998700261,0.0682938740558497,0.08223808669447408
2569,4237.949,4185.641,4114.872,4086.667,4188.718,0.3034975019544856,0.06731606669181048,0.0666979313117642,0.182306885777725,0.13853828708647195,0.21186205180795356,0.1311405455423816,0.17107192131704965,0.1963316477281109,0.15614119017824485,0.14402246901410237,0.2936425998700261,0.0682938740558497,0.08223808669447408
2576,4254.359,4198.974,4156.41,4118.462,4201.026,0.3034975019544856,0.06731606669181048,0.0666979313117642,0.182306885777725,0.13853828708647195,0.21186205180795356,0.1311405455423816,0.17107192131704965,0.1963316477281109,0.15614119017824485,0.14402246901410237,0.2936425998700261,0.0682938740558497,0.08223808669447408
2583,4293.333,4266.154,4191.282,4163.59,4251.282,0.3034975019544856,0.06731606669181048,0.0666979313117642,0.182306885777725,0.13853828708647195,0.21186205180795356,0.1311405455423816,0.17107192131704965,0.1963316477281109,0.15614119017824485,0.14402246901410237,0.2936425998700261,0.0682938740558497,0.08223808669447408
2590,4306.667,4282.564,4176.923,4164.103,4269.231,0.3034975019544856,0.06731606669181048,0.0666979313117642,0.182306885777725,0.13853828708647195,0.21186205180795356,0.1311405455423816,0.17107192131704965,0.1963316477281109,0.15614119017824485,0.14402246901410237,0.2936425998700261,0.0682938740558497,0.08223808669447408
2597,4297.436,4237.436,4155.897,4145.128,4247.179,0.3034975019544856,0.06731606669181048,0.0666979313117642,0.182306885777725,0.13853828708647195,0.21186205180795356,0.1311405455423816,0.17107192131704965,0.1963316477281109,0.15614119017824485,0.14402246901410237,0.2936425998700261,0.0682938740558497,0.08223808669447408
2604,4283.077,4212.821,4143.077,4140.0,4225.641,0.3034975019544856,0.06731606669181048,0.0666979313117642,0.182306885777725,0.13853828708647195,0.21186205180795356,0.1311405455423816,0.17107192131704965,0.1963316477281109,0.15614119017824485,0.14402246901410237,0.2936425998700261,0.0682938740558497,0.08223808669447408
2611,4268.718,4215.897,4127.179,4145.641,4225.641,0.3034975019544856,0.06731606669181048,0.0666979313117642,0.182306885777725,0.13853828708647195,0.21186205180795356,0.1311405455423816,0.17107192131704965,0.1963316477281109,0.15614119017824485,0.14402246901410237,0.2936425998700261,0.0682938740558497,0.08223808669447408
2618,4261.026,4209.231,4125.128,4142.564,4235.385,0.3034975019544856,0.06731606669181048,0.0666979313117642,0.182306885777725,0.13853828708647195,0.21186205180795356,0.1311405455423816,0.17107192131704965,0.1963316477281109,0.15614119017824485,0.14402246901410237,0.2936425998700261,0.0682938740558497,0.08223808669447408
2625,4267.692,4212.821,4151.282,4144.615,4250.256,0.3034975019544856,0.06731606669181048,0.0666979313117642,0.182306885777725,0.13853828708647195,0.21186205180795356,0.1311405455423816,0.17107192131704965,0.1963316477281109,0.15614119017824485,0.14402246901410237,0.2936425998700261,0.0682938740558497,0.08223808669447408
2632,4274.872,4243.077,4167.692,4156.41,4262.564,0.3034975019544856,0.06731606669181048,0.0666979313117642,0.182306885777725,0.13853828708647195,0.21186205180795356,0.1311405455423816,0.17107192131704965,0.1963316477281109,0.15614119017824485,0.14402246901410237,0.2936425998700261,0.0682938740558497,0.08223808669447408
2639,4257.949,4250.769,4141.026,4157.949,4252.308,0.3034975019544856,0.06731606669181048,0.0666979313117642,0.182306885777725,0.13853828708647195,0.21186205180795356,0.1311405455423816,0.17107192131704965,0.1963316477281109,0.15614119017824485,0.14402246901410237,0.2936425998700261,0.0682938740558497,0.08223808669447408
2646,4231.795,4216.923,4123.59,4142.051,4221.538,0.3034975019544856,0.06731606669181048,0.0666979313117642,0.182306885777725,0.13853828708647195,0.21186205180795356,0.1311405455423816,0.17107192131704965,0.1963316477281109,0.15614119017824485,0.14402246901410237,0.2936425998700261,0.0682938740558497,0.08223808669447408
2653,4221.026,4197.436,4129.231,4126.154,4206.154,0.3034975019544856,0.06731606669181048,0.0666979313117642,0.182306885777725,0.13853828708647195,0.21186205180795356,0.1311405455423816,0.17107192131704965,0.1963316477281109,0.15614119017824485,0.14402246901410237,0.2936425998700261,0.0682938740558497,0.08223808669447408
2660,4226.667,4208.205,4118.462,4126.667,4220.513,0.3034975019544856,0.06731606669181048,0.0666979313117642,0.182306885777725,0.13853828708647195,0.21186205180795356,0.1311405455423816,0.17107192131704965,0.1963316477281109,0.15614119017824485,0.14402246901410237,0.2936425998700261,0.0682938740558497,0.08223808669447408
2667,4241.538,4217.949,4104.615,4138.462,4252.821,0.3034975019544856,0.06731606669181048,0.0666979313117642,0.182306885777725,0.13853828708647195,0.21186205180795356,0.1311405455423816,0.17107192131704965,0.1963316477281109,0.15614119017824485,0.14402246901410237,0.2936425998700261,0.0682938740558497,0.08223808669447408
2674,4255.385,4216.41,4118.974,4146.667,4276.41,0.3034975019544856,0.06731606669181048,0.0666979313117642,0.182306885777725,0.13853828708647195,0.21186205180795356,0.1311405455423816,0.17107192131704965,0.1963316477281109,0.15614119017824485,0.14402246901410237,0.2936425998700261,0.0682938740558497,0.08223808669447408
2681,4266.154,4214.359,4144.103,4146.154,4276.923,0.3034975019544856,0.06731606669181048,0.0666979313117642,0.182306885777725,0.13853828708647195,0.21186205180795356,0.1311405455423816,0.17107192131704965,0.1963316477281109,0.15614119017824485,0.14402246901410237,0.2936425998700261,0.0682938740558497,0.08223808669447408
