timestamp,AF3,T7,Pz,T8,AF4,AF3_theta,AF3_alpha,AF3_beta,T7_theta,T7_mu,T7_beta,Pz_alpha,Pz_beta,T8_theta,T8_mu,T8_beta,AF4_theta,AF4_alpha,AF4_beta
0,4269.231,4216.41,4147.692,4144.103,4224.103,0.16624590290948238,0.022986003140174238,0.043699805087312325,0.08770901100098624,0.18407162211664402,0.3755808552085299,0.15118646094600577,0.4083635696303801,0.09029605026459468,0.21711391482763626,0.31522099645327334,0.08122602491525392,0.024154726533712742,0.06722339422817457
7,4258.462,4234.359,4138.462,4130.256,4234.872,0.16624590290948238,0.022986003140174238,0.043699805087312325,0.08770901100098624,0.18407162211664402,0.3755808552085299,0.15118646094600577,0.4083635696303801,0.09029605026459468,0.21711391482763626,0.31522099645327334,0.08122602491525392,0.024154726533712742,0.06722339422817457
14,4257.949,4236.41,4141.538,4120.0,4226.154,0.16624590290948238,0.022986003140174238,0.043699805087312325,0.08770901100098624,0.18407162211664402,0.3755808552085299,0.15118646094600577,0.4083635696303801,0.09029605026459468,0.21711391482763626,0.31522099645327334,0.08122602491525392,0.024154726533712742,0.06722339422817457
21,4255.385,4225.128,4133.846,4129.231,4221.026,0.16624590290948238,0.022986003140174238,0.043699805087312325,0.08770901100098624,0.18407162211664402,0.3755808552085299,0.15118646094600577,0.4083635696303801,0.09029605026459468,0.21711391482763626,0.31522099645327334,0.08122602491525392,0.024154726533712742,0.06722339422817457
28,4234.359,4224.615,4127.179,4117.949,4226.667,0.16624590290948238,0.022986003140174238,0.043699805087312325,0.08770901100098624,0.18407162211664402,0.3755808552085299,0.15118646094600577,0.4083635696303801,0.09029605026459468,0.21711391482763626,0.31522099645327334,0.08122602491525392,0.024154726533712742,0.06722339422817457
35,4249.744,4231.282,4132.308,4103.077,4221.538,0.16624590290948238,0.022986003140174238,0.043699805087312325,0.08770901100098624,0.18407162211664402,0.3755808552085299,0.15118646094600577,0.4083635696303801,0.09029605026459468,0.21711391482763626,0.31522099645327334,0.08122602491525392,0.024154726533712742,0.06722339422817457
42,4283.077,4243.59,4133.333,4120.0,4227.692,0.16624590290948238,0.022986003140174238,0.043699805087312325,0.08770901100098624,0.18407162211664402,0.3755808552085299,0.15118646094600577,0.4083635696303801,0.09029605026459468,0.21711391482763626,0.31522099645327334,0.08122602491525392,0.024154726533712742,0.06722339422817457
49,4264.615,4242.564,4133.333,4112.308,4224.615,0.16624590290948238,0.022986003140174238,0.043699805087312325,0.08770901100098624,0.18407162211664402,0.3755808552085299,0.15118646094600577,0.4083635696303801,0.09029605026459468,0.21711391482763626,0.31522099645327334,0.08122602491525392,0.024154726533712742,0.06722339422817457
56,4252.308,4231.282,4143.077,4089.231,4206.154,0.16624590290948238,0.022986003140174238,0.043699805087312325,0.08770901100098624,0.18407162211664402,0.3755808552085299,0.15118646094600577,0.4083635696303801,0.09029605026459468,0.21711391482763626,0.31522099645327334,0.08122602491525392,0.024154726533712742,0.06722339422817457
63,4290.256,4244.103,4151.282,4125.128,4237.436,0.16624590290948238,0.022986003140174238,0.043699805087312325,0.08770901100098624,0.18407162211664402,0.3755808552085299,0.15118646094600577,0.4083635696303801,0.09029605026459468,0.21711391482763626,0.31522099645327334,0.08122602491525392,0.024154726533712742,0.06722339422817457
70,4299.487,4264.615,4156.923,4168.718,4270.769,0.16624590290948238,0.022986003140174238,0.043699805087312325,0.08770901100098624,0.18407162211664402,0.3755808552085299,0.15118646094600577,0.4083635696303801,0.09029605026459468,0.21711391482763626,0.31522099645327334,0.08122602491525392,0.024154726533712742,0.06722339422817457
77,4284.103,4265.641,4171.282,4171.795,4246.667,0.16624590290948238,0.022986003140174238,0.043699805087312325,0.08770901100098624,0.18407162211664402,0.3755808552085299,0.15118646094600577,0.4083635696303801,0.09029605026459468,0.21711391482763626,0.31522099645327334,0.08122602491525392,0.024154726533712742,0.06722339422817457
84,4303.59,4255.897,4187.179,4183.077,4238.462,0.16624590290948238,0.022986003140174238,0.043699805087312325,0.08770901100098624,0.18407162211664402,0.3755808552085299,0.15118646094600577,0.4083635696303801,0.09029605026459468,0.21711391482763626,0.31522099645327334,0.08122602491525392,0.024154726533712742,0.06722339422817457
91,4327.692,4260.0,4181.538,4209.744,4269.744,0.16624590290948238,0.022986003140174238,0.043699805087312325,0.08770901100098624,0.18407162211664402,0.3755808552085299,0.15118646094600577,0.4083635696303801,0.09029605026459468,0.21711391482763626,0.31522099645327334,0.08122602491525392,0.024154726533712742,0.06722339422817457
98,4322.051,4271.282,4155.897,4205.128,4271.795,0.16624590290948238,0.022986003140174238,0.043699805087312325,0.08770901100098624,0.18407162211664402,0.3755808552085299,0.15118646094600577,0.4083635696303801,0.09029605026459468,0.21711391482763626,0.31522099645327334,0.08122602491525392,0.024154726533712742,0.06722339422817457
105,4303.59,4268.718,4144.103,4169.744,4239.487,0.16624590290948238,0.022986003140174238,0.043699805087312325,0.08770901100098624,0.18407162211664402,0.3755808552085299,0.15118646094600577,0.4083635696303801,0.09029605026459468,0.21711391482763626,0.31522099645327334,0.08122602491525392,0.024154726533712742,0.06722339422817457
112,4295.897,4261.026,4157.436,4149.744,4231.795,0.16624590290948238,0.022986003140174238,0.043699805087312325,0.08770901100098624,0.18407162211664402,0.3755808552085299,0.15118646094600577,0.4083635696303801,0.09029605026459468,0.21711391482763626,0.31522099645327334,0.08122602491525392,0.024154726533712742,0.06722339422817457
119,4310.769,4258.974,4162.051,4161.538,4258.462,0.16624590290948238,0.022986003140174238,0.043699805087312325,0.08770901100098624,0.18407162211664402,0.3755808552085299,0.15118646094600577,0.4083635696303801,0.09029605026459468,0.21711391482763626,0.31522099645327334,0.08122602491525392,0.024154726533712742,0.06722339422817457
126,4314.872,4260.0,4140.513,4165.641,4270.769,0.16624590290948238,0.022986003140174238,0.043699805087312325,0.08770901100098624,0.18407162211664402,0.3755808552085299,0.15118646094600577,0.4083635696303801,0.09029605026459468,0.21711391482763626,0.31522099645327334,0.08122602491525392,0.024154726533712742,0.06722339422817457
133,4287.179,4256.923,4121.026,4140.0,4239.487,0.16624590290948238,0.022986003140174238,0.043699805087312325,0.08770901100098624,0.18407162211664402,0.3755808552085299,0.15118646094600577,0.4083635696303801,0.09029605026459468,0.21711391482763626,0.31522099645327334,0.08122602491525392,0.024154726533712742,0.06722339422817457
140,4274.359,4240.513,4124.615,4124.103,4200.513,0.16624590290948238,0.022986003140174238,0.043699805087312325,0.08770901100098624,0.18407162211664402,0.3755808552085299,0.15118646094600577,0.4083635696303801,0.09029605026459468,0.21711391482763626,0.31522099645327334,0.08122602491525392,0.024154726533712742,0.06722339422817457
147,4289.744,4226.154,4127.179,4134.872,4205.641,0.16624590290948238,0.022986003140174238,0.043699805087312325,0.08770901100098624,0.18407162211664402,0.3755808552085299,0.15118646094600577,0.4083635696303801,0.09029605026459468,0.21711391482763626,0.31522099645327334,0.08122602491525392,0.024154726533712742,0.06722339422817457
154,4292.821,4248.205,4115.385,4146.667,4246.154,0.16624590290948238,0.022986003140174238,0.043699805087312325,0.08770901100098624,0.18407162211664402,0.3755808552085299,0.15118646094600577,0.4083635696303801,0.09029605026459468,0.21711391482763626,0.31522099645327334,0.08122602491525392,0.024154726533712742,0.06722339422817457
161,4293.846,4268.205,4125.128,4150.256,4264.615,0.16624590290948238,0.022986003140174238,0.043699805087312325,0.08770901100098624,0.18407162211664402,0.3755808552085299,0.15118646094600577,0.4083635696303801,0.09029605026459468,0.21711391482763626,0.31522099645327334,0.08122602491525392,0.024154726533712742,0.06722339422817457
168,4309.231,4240.0,4141.026,4154.359,4248.205,0.16624590290948238,0.022986003140174238,0.043699805087312325,0.08770901100098624,0.18407162211664402,0.3755808552085299,0.15118646094600577,0.4083635696303801,0.09029605026459468,0.21711391482763626,0.31522099645327334,0.08122602491525392,0.024154726533712742,0.06722339422817457
175,4301.538,4221.026,4114.872,4158.462,4245.641,0.16624590290948238,0.022986003140174238,0.043699805087312325,0.08770901100098624,0.18407162211664402,0.3755808552085299,0.15118646094600577,0.4083635696303801,0.09029605026459468,0.21711391482763626,0.31522099645327334,0.08122602491525392,0.024154726533712742,0.06722339422817457
182,4270.256,4237.949,4093.333,4147.179,4246.667,0.16624590290948238,0.022986003140174238,0.043699805087312325,0.08770901100098624,0.18407162211664402,0.3755808552085299,0.15118646094600577,0.4083635696303801,0.09029605026459468,0.21711391482763626,0.31522099645327334,0.08122602491525392,0.024154726533712742,0.06722339422817457
189,4262.051,4236.923,4123.077,4128.718,4224.615,0.16624590290948238,0.022986003140174238,0.043699805087312325,0.08770901100098624,0.18407162211664402,0.3755808552085299,0.15118646094600577,0.4083635696303801,0.09029605026459468,0.21711391482763626,0.31522099645327334,0.08122602491525392,0.024154726533712742,0.06722339422817457
196,4280.513,4227.179,4137.436,4131.795,4227.179,0.16624590290948238,0.022986003140174238,0.043699805087312325,0.08770901100098624,0.18407162211664402,0.3755808552085299,0.15118646094600577,0.4083635696303801,0.09029605026459468,0.21711391482763626,0.31522099645327334,0.08122602491525392,0.024154726533712742,0.06722339422817457
203,4285.128,4240.513,4112.308,4144.103,4249.231,0.16624590290948238,0.022986003140174238,0.043699805087312325,0.08770901100098624,0.18407162211664402,0.3755808552085299,0.15118646094600577,0.4083635696303801,0.09029605026459468,0.21711391482763626,0.31522099645327334,0.08122602491525392,0.024154726533712742,0.06722339422817457
210,4275.897,4242.051,4121.026,4139.487,4247.179,0.16624590290948238,0.022986003140174238,0.043699805087312325,0.08770901100098624,0.18407162211664402,0.3755808552085299,0.15118646094600577,0.4083635696303801,0.09029605026459468,0.21711391482763626,0.31522099645327334,0.08122602491525392,0.024154726533712742,0.06722339422817457
217,4273.333,4224.615,4133.333,4130.769,4252.821,0.16624590290948238,0.022986003140174238,0.043699805087312325,0.08770901100098624,0.18407162211664402,0.3755808552085299,0.15118646094600577,0.4083635696303801,0.09029605026459468,0.21711391482763626,0.31522099645327334,0.08122602491525392,0.024154726533712742,0.06722339422817457
224,4260.513,4216.923,4094.872,4121.538,4264.103,0.16624590290948238,0.022986003140174238,0.043699805087312325,0.08770901100098624,0.18407162211664402,0.3755808552085299,0.15118646094600577,0.4083635696303801,0.09029605026459468,0.21711391482763626,0.31522099645327334,0.08122602491525392,0.024154726533712742,0.06722339422817457
231,4248.205,4211.282,4083.077,4107.179,4251.282,0.16624590290948238,0.022986003140174238,0.043699805087312325,0.08770901100098624,0.18407162211664402,0.3755808552085299,0.15118646094600577,0.4083635696303801,0.09029605026459468,0.21711391482763626,0.31522099645327334,0.08122602491525392,0.024154726533712742,0.06722339422817457
238,4257.949,4208.718,4118.974,4107.692,4242.051,0.16624590290948238,0.022986003140174238,0.043699805087312325,0.08770901100098624,0.18407162211664402,0.3755808552085299,0.15118646094600577,0.4083635696303801,0.09029605026459468,0.21711391482763626,0.31522099645327334,0.08122602491525392,0.024154726533712742,0.06722339422817457
245,4255.385,4223.59,4126.667,4117.949,4248.205,0.16624590290948238,0.022986003140174238,0.043699805087312325,0.08770901100098624,0.18407162211664402,0.3755808552085299,0.15118646094600577,0.4083635696303801,0.09029605026459468,0.21711391482763626,0.31522099645327334,0.08122602491525392,0.024154726533712742,0.06722339422817457
252,4234.359,4221.538,4104.103,4110.769,4231.282,0.16624590290948238,0.022986003140174238,0.043699805087312325,0.08770901100098624,0.18407162211664402,0.3755808552085299,0.15118646094600577,0.4083635696303801,0.09029605026459468,0.21711391482763626,0.31522099645327334,0.08122602491525392,0.024154726533712742,0.06722339422817457
259,4236.41,4210.256,4093.846,4101.026,4221.026,0.16624590290948238,0.022986003140174238,0.043699805087312325,0.08770901100098624,0.18407162211664402,0.3755808552085299,0.15118646094600577,0.4083635696303801,0.09029605026459468,0.21711391482763626,0.31522099645327334,0.08122602491525392,0.024154726533712742,0.06722339422817457
266,4245.641,4223.077,4104.103,4100.0,4231.795,0.16624590290948238,0.022986003140174238,0.043699805087312325,0.08770901100098624,0.18407162211664402,0.3755808552085299,0.15118646094600577,0.4083635696303801,0.09029605026459468,0.21711391482763626,0.31522099645327334,0.08122602491525392,0.024154726533712742,0.06722339422817457
273,4243.59,4234.359,4123.59,4102.051,4231.282,0.16624590290948238,0.022986003140174238,0.043699805087312325,0.08770901100098624,0.18407162211664402,0.3755808552085299,0.15118646094600577,0.4083635696303801,0.09029605026459468,0.21711391482763626,0.31522099645327334,0.08122602491525392,0.024154726533712742,0.06722339422817457
280,4253.333,4231.282,4124.615,4112.308,4243.59,0.16624590290948238,0.022986003140174238,0.043699805087312325,0.08770901100098624,0.18407162211664402,0.3755808552085299,0.15118646094600577,0.4083635696303801,0.09029605026459468,0.21711391482763626,0.31522099645327334,0.08122602491525392,0.024154726533712742,0.06722339422817457
287,4258.974,4236.923,4114.359,4115.897,4265.128,0.16624590290948238,0.022986003140174238,0.043699805087312325,0.08770901100098624,0.18407162211664402,0.3755808552085299,0.15118646094600577,0.4083635696303801,0.09029605026459468,0.21711391482763626,0.31522099645327334,0.08122602491525392,0.024154726533712742,0.06722339422817457
294,4252.308,4237.949,4120.0,4106.154,4255.385,0.16624590290948238,0.022986003140174238,0.043699805087312325,0.08770901100098624,0.18407162211664402,0.3755808552085299,0.15118646094600577,0.4083635696303801,0.09029605026459468,0.21711391482763626,0.31522099645327334,0.08122602491525392,0.024154726533712742,0.06722339422817457
301,4256.41,4233.846,4109.744,4114.872,4244.103,0.16624590290948238,0.022986003140174238,0.043699805087312325,0.08770901100098624,0.18407162211664402,0.3755808552085299,0.15118646094600577,0.4083635696303801,0.09029605026459468,0.21711391482763626,0.31522099645327334,0.08122602491525392,0.024154726533712742,0.06722339422817457
308,4263.59,4245.128,4102.051,4131.795,4250.769,0.16624590290948238,0.022986003140174238,0.043699805087312325,0.08770901100098624,0.18407162211664402,0.3755808552085299,0.15118646094600577,0.4083635696303801,0.09029605026459468,0.21711391482763626,0.31522099645327334,0.08122602491525392,0.024154726533712742,0.06722339422817457
315,4260.513,4247.692,4128.205,4122.051,4231.795,0.16624590290948238,0.022986003140174238,0.043699805087312325,0.08770901100098624,0.18407162211664402,0.3755808552085299,0.15118646094600577,0.4083635696303801,0.09029605026459468,0.21711391482763626,0.31522099645327334,0.08122602491525392,0.024154726533712742,0.06722339422817457
322,4256.923,4242.564,4128.205,4112.308,4228.718,0.16624590290948238,0.022986003140174238,0.043699805087312325,0.08770901100098624,0.18407162211664402,0.3755808552085299,0.15118646094600577,0.4083635696303801,0.09029605026459468,0.21711391482763626,0.31522099645327334,0.08122602491525392,0.024154726533712742,0.06722339422817457
329,4251.282,4247.179,4096.923,4110.256,4257.949,0.16624590290948238,0.022986003140174238,0.043699805087312325,0.08770901100098624,0.18407162211664402,0.3755808552085299,0.15118646094600577,0.4083635696303801,0.09029605026459468,0.21711391482763626,0.31522099645327334,0.08122602491525392,0.024154726533712742,0.06722339422817457
336,4256.41,4238.974,4104.615,4095.897,4245.641,0.16624590290948238,0.022986003140174238,0.043699805087312325,0.08770901100098624,0.18407162211664402,0.3755808552085299,0.15118646094600577,0.4083635696303801,0.09029605026459468,0.21711391482763626,0.31522099645327334,0.08122602491525392,0.024154726533712742,0.06722339422817457
343,4268.718,4228.205,4126.154,4089.231,4230.256,0.16624590290948238,0.022986003140174238,0.043699805087312325,0.08770901100098624,0.18407162211664402,0.3755808552085299,0.15118646094600577,0.4083635696303801,0.09029605026459468,0.21711391482763626,0.31522099645327334,0.08122602491525392,0.024154726533712742,0.06722339422817457
350,4255.385,4237.436,4116.41,4087.179,4243.077,0.16624590290948238,0.022986003140174238,0.043699805087312325,0.08770901100098624,0.18407162211664402,0.3755808552085299,0.15118646094600577,0.4083635696303801,0.09029605026459468,0.21711391482763626,0.31522099645327334,0.08122602491525392,0.024154726533712742,0.06722339422817457
357,4245.128,4232.308,4106.154,4079.487,4222.051,0.16624590290948238,0.022986003140174238,0.043699805087312325,0.08770901100098624,0.18407162211664402,0.3755808552085299,0.15118646094600577,0.4083635696303801,0.09029605026459468,0.21711391482763626,0.31522099645327334,0.08122602491525392,0.024154726533712742,0.06722339422817457
364,4262.051,4219.487,4109.744,4089.231,4205.128,0.16624590290948238,0.022986003140174238,0.043699805087312325,0.08770901100098624,0.18407162211664402,0.3755808552085299,0.15118646094600577,0.4083635696303801,0.09029605026459468,0.21711391482763626,0.31522099645327334,0.08122602491525392,0.024154726533712742,0.06722339422817457
371,4270.769,4242.051,4122.564,4106.154,4235.385,0.16624590290948238,0.022986003140174238,0.043699805087312325,0.08770901100098624,0.18407162211664402,0.3755808552085299,0.15118646094600577,0.4083635696303801,0.09029605026459468,0.21711391482763626,0.31522099645327334,0.08122602491525392,0.024154726533712742,0.06722339422817457
378,4270.256,4257.436,4140.0,4110.256,4247.692,0.16624590290948238,0.022986003140174238,0.043699805087312325,0.08770901100098624,0.18407162211664402,0.3755808552085299,0.15118646094600577,0.4083635696303801,0.09029605026459468,0.21711391482763626,0.31522099645327334,0.08122602491525392,0.024154726533712742,0.06722339422817457
385,4273.846,4236.41,4127.692,4117.949,4237.949,0.16624590290948238,0.022986003140174238,0.043699805087312325,0.08770901100098624,0.18407162211664402,0.3755808552085299,0.15118646094600577,0.4083635696303801,0.09029605026459468,0.21711391482763626,0.31522099645327334,0.08122602491525392,0.024154726533712742,0.06722339422817457
392,4263.077,4222.564,4100.513,4111.795,4226.667,0.16624590290948238,0.022986003140174238,0.043699805087312325,0.08770901100098624,0.18407162211664402,0.3755808552085299,0.15118646094600577,0.4083635696303801,0.09029605026459468,0.21711391482763626,0.31522099645327334,0.08122602491525392,0.024154726533712742,0.06722339422817457
399,4246.667,4218.974,4091.282,4083.59,4189.744,0.16624590290948238,0.022986003140174238,0.043699805087312325,0.08770901100098624,0.18407162211664402,0.3755808552085299,0.15118646094600577,0.4083635696303801,0.09029605026459468,0.21711391482763626,0.31522099645327334,0.08122602491525392,0.024154726533712742,0.06722339422817457
406,4247.692,4221.026,4084.615,4084.615,4179.487,0.16624590290948238,0.022986003140174238,0.043699805087312325,0.08770901100098624,0.18407162211664402,0.3755808552085299,0.15118646094600577,0.4083635696303801,0.09029605026459468,0.21711391482763626,0.31522099645327334,0.08122602491525392,0.024154726533712742,0.06722339422817457
413,4250.769,4232.308,4085.128,4100.0,4203.59,0.16624590290948238,0.022986003140174238,0.043699805087312325,0.08770901100098624,0.18407162211664402,0.3755808552085299,0.15118646094600577,0.4083635696303801,0.09029605026459468,0.21711391482763626,0.31522099645327334,0.08122602491525392,0.024154726533712742,0.06722339422817457
420,4251.795,4229.231,4094.872,4088.205,4185.641,0.16624590290948238,0.022986003140174238,0.043699805087312325,0.08770901100098624,0.18407162211664402,0.3755808552085299,0.15118646094600577,0.4083635696303801,0.09029605026459468,0.21711391482763626,0.31522099645327334,0.08122602491525392,0.024154726533712742,0.06722339422817457
427,4250.769,4221.026,4083.077,4075.385,4169.231,0.16624590290948238,0.022986003140174238,0.043699805087312325,0.08770901100098624,0.18407162211664402,0.3755808552085299,0.15118646094600577,0.4083635696303801,0.09029605026459468,0.21711391482763626,0.31522099645327334,0.08122602491525392,0.024154726533712742,0.06722339422817457
434,4259.487,4233.846,4080.513,4086.154,4205.128,0.16624590290948238,0.022986003140174238,0.043699805087312325,0.08770901100098624,0.18407162211664402,0.3755808552085299,0.15118646094600577,0.4083635696303801,0.09029605026459468,0.21711391482763626,0.31522099645327334,0.08122602491525392,0.024154726533712742,0.06722339422817457
441,4265.128,4228.205,4093.846,4086.154,4208.205,0.16624590290948238,0.022986003140174238,0.043699805087312325,0.08770901100098624,0.18407162211664402,0.3755808552085299,0.15118646094600577,0.4083635696303801,0.09029605026459468,0.21711391482763626,0.31522099645327334,0.08122602491525392,0.024154726533712742,0.06722339422817457
448,4235.897,4186.667,4077.436,4061.026,4163.077,0.16624590290948238,0.022986003140174238,0.043699805087312325,0.08770901100098624,0.18407162211664402,0.3755808552085299,0.15118646094600577,0.4083635696303801,0.09029605026459468,0.21711391482763626,0.31522099645327334,0.08122602491525392,0.024154726533712742,0.06722339422817457
455,4215.385,4172.821,4056.923,4053.846,4171.795,0.16624590290948238,0.022986003140174238,0.043699805087312325,0.08770901100098624,0.18407162211664402,0.3755808552085299,0.15118646094600577,0.4083635696303801,0.09029605026459468,0.21711391482763626,0.31522099645327334,0.08122602491525392,0.024154726533712742,0.06722339422817457
462,4226.667,4196.41,4063.077,4083.077,4209.744,0.16624590290948238,0.022986003140174238,0.043699805087312325,0.08770901100098624,0.18407162211664402,0.3755808552085299,0.15118646094600577,0.4083635696303801,0.09029605026459468,0.21711391482763626,0.31522099645327334,0.08122602491525392,0.024154726533712742,0.06722339422817457
469,4225.641,4194.872,4060.0,4103.077,4190.769,0.16624590290948238,0.022986003140174238,0.043699805087312325,0.08770901100098624,0.18407162211664402,0.3755808552085299,0.15118646094600577,0.4083635696303801,0.09029605026459468,0.21711391482763626,0.31522099645327334,0.08122602491525392,0.024154726533712742,0.06722339422817457
476,4225.641,4182.051,4060.0,4104.615,4175.897,0.16624590290948238,0.022986003140174238,0.043699805087312325,0.08770901100098624,0.18407162211664402,0.3755808552085299,0.15118646094600577,0.4083635696303801,0.09029605026459468,0.21711391482763626,0.31522099645327334,0.08122602491525392,0.024154726533712742,0.06722339422817457
483,4249.231,4200.0,4092.821,4104.615,4204.615,0.16624590290948238,0.022986003140174238,0.043699805087312325,0.08770901100098624,0.18407162211664402,0.3755808552085299,0.15118646094600577,0.4083635696303801,0.09029605026459468,0.21711391482763626,0.31522099645327334,0.08122602491525392,0.024154726533712742,0.06722339422817457
490,4243.077,4204.103,4093.333,4082.051,4205.641,0.16624590290948238,0.022986003140174238,0.043699805087312325,0.08770901100098624,0.18407162211664402,0.3755808552085299,0.15118646094600577,0.4083635696303801,0.09029605026459468,0.21711391482763626,0.31522099645327334,0.08122602491525392,0.024154726533712742,0.06722339422817457
497,4213.333,4181.026,4051.795,4049.231,4180.513,0.16624590290948238,0.022986003140174238,0.043699805087312325,0.08770901100098624,0.18407162211664402,0.3755808552085299,0.15118646094600577,0.4083635696303801,0.09029605026459468,0.21711391482763626,0.31522099645327334,0.08122602491525392,0.024154726533712742,0.06722339422817457
504,4216.923,4178.974,4037.436,4045.641,4183.077,0.16624590290948238,0.022986003140174238,0.043699805087312325,0.08770901100098624,0.18407162211664402,0.3755808552085299,0.15118646094600577,0.4083635696303801,0.09029605026459468,0.21711391482763626,0.31522099645327334,0.08122602491525392,0.024154726533712742,0.06722339422817457
511,4223.077,4181.538,4043.59,4046.154,4177.949,0.16624590290948238,0.022986003140174238,0.043699805087312325,0.08770901100098624,0.18407162211664402,0.3755808552085299,0.15118646094600577,0.4083635696303801,0.09029605026459468,0.21711391482763626,0.31522099645327334,0.08122602491525392,0.024154726533712742,0.06722339422817457
518,4210.256,4166.667,4041.026,4031.795,4157.436,0.16624590290948238,0.022986003140174238,0.043699805087312325,0.08770901100098624,0.18407162211664402,0.3755808552085299,0.15118646094600577,0.4083635696303801,0.09029605026459468,0.21711391482763626,0.31522099645327334,0.08122602491525392,0.024154726533712742,0.06722339422817457
525,4215.897,4177.949,4043.59,4038.974,4175.385,0.16624590290948238,0.022986003140174238,0.043699805087312325,0.08770901100098624,0.18407162211664402,0.3755808552085299,0.15118646094600577,0.4083635696303801,0.09029605026459468,0.21711391482763626,0.31522099645327334,0.08122602491525392,0.024154726533712742,0.06722339422817457
532,4231.795,4201.026,4060.0,4050.769,4190.769,0.16624590290948238,0.022986003140174238,0.043699805087312325,0.08770901100098624,0.18407162211664402,0.3755808552085299,0.15118646094600577,0.4083635696303801,0.09029605026459468,0.21711391482763626,0.31522099645327334,0.08122602491525392,0.024154726533712742,0.06722339422817457
539,4232.308,4190.769,4062.051,4039.487,4189.744,0.16624590290948238,0.022986003140174238,0.043699805087312325,0.08770901100098624,0.18407162211664402,0.3755808552085299,0.15118646094600577,0.4083635696303801,0.09029605026459468,0.21711391482763626,0.31522099645327334,0.08122602491525392,0.024154726533712742,0.06722339422817457
546,4224.103,4169.231,4049.231,4030.769,4203.077,0.16624590290948238,0.022986003140174238,0.043699805087312325,0.08770901100098624,0.18407162211664402,0.3755808552085299,0.15118646094600577,0.4083635696303801,0.09029605026459468,0.21711391482763626,0.31522099645327334,0.08122602491525392,0.024154726533712742,0.06722339422817457
553,4225.641,4162.051,4046.154,4037.949,4196.923,0.16624590290948238,0.022986003140174238,0.043699805087312325,0.08770901100098624,0.18407162211664402,0.3755808552085299,0.15118646094600577,0.4083635696303801,0.09029605026459468,0.21711391482763626,0.31522099645327334,0.08122602491525392,0.024154726533712742,0.06722339422817457
560,4238.974,4173.846,4053.333,4067.692,4186.667,0.16624590290948238,0.022986003140174238,0.043699805087312325,0.08770901100098624,0.18407162211664402,0.3755808552085299,0.15118646094600577,0.4083635696303801,0.09029605026459468,0.21711391482763626,0.31522099645327334,0.08122602491525392,0.024154726533712742,0.06722339422817457
567,4245.641,4182.564,4058.974,4088.718,4205.128,0.16624590290948238,0.022986003140174238,0.043699805087312325,0.08770901100098624,0.18407162211664402,0.3755808552085299,0.15118646094600577,0.4083635696303801,0.09029605026459468,0.21711391482763626,0.31522099645327334,0.08122602491525392,0.024154726533712742,0.06722339422817457
574,4235.897,4169.231,4046.154,4072.308,4207.179,0.16624590290948238,0.022986003140174238,0.043699805087312325,0.08770901100098624,0.18407162211664402,0.3755808552085299,0.15118646094600577,0.4083635696303801,0.09029605026459468,0.21711391482763626,0.31522099645327334,0.08122602491525392,0.024154726533712742,0.06722339422817457
581,4228.718,4165.641,4044.103,4063.077,4182.564,0.16624590290948238,0.022986003140174238,0.043699805087312325,0.08770901100098624,0.18407162211664402,0.3755808552085299,0.15118646094600577,0.4083635696303801,0.09029605026459468,0.21711391482763626,0.31522099645327334,0.08122602491525392,0.024154726533712742,0.06722339422817457
588,4219.487,4173.846,4043.59,4063.59,4174.872,0.16624590290948238,0.022986003140174238,0.043699805087312325,0.08770901100098624,0.18407162211664402,0.3755808552085299,0.15118646094600577,0.4083635696303801,0.09029605026459468,0.21711391482763626,0.31522099645327334,0.08122602491525392,0.024154726533712742,0.06722339422817457
595,4188.718,4152.821,4016.923,4029.744,4166.154,0.16624590290948238,0.022986003140174238,0.043699805087312325,0.08770901100098624,0.18407162211664402,0.3755808552085299,0.15118646094600577,0.4083635696303801,0.09029605026459468,0.21711391482763626,0.31522099645327334,0.08122602491525392,0.024154726533712742,0.06722339422817457
602,4184.103,4133.333,4021.538,4014.872,4163.59,0.16624590290948238,0.022986003140174238,0.043699805087312325,0.08770901100098624,0.18407162211664402,0.3755808552085299,0.15118646094600577,0.4083635696303801,0.09029605026459468,0.21711391482763626,0.31522099645327334,0.08122602491525392,0.024154726533712742,0.06722339422817457
609,4225.128,4175.385,4070.769,4072.308,4202.051,0.16624590290948238,0.022986003140174238,0.043699805087312325,0.08770901100098624,0.18407162211664402,0.3755808552085299,0.15118646094600577,0.4083635696303801,0.09029605026459468,0.21711391482763626,0.31522099645327334,0.08122602491525392,0.024154726533712742,0.06722339422817457
616,4245.641,4210.769,4092.821,4111.795,4218.462,0.16624590290948238,0.022986003140174238,0.043699805087312325,0.08770901100098624,0.18407162211664402,0.3755808552085299,0.15118646094600577,0.4083635696303801,0.09029605026459468,0.21711391482763626,0.31522099645327334,0.08122602491525392,0.024154726533712742,0.06722339422817457
623,4232.308,4180.513,4067.692,4079.487,4193.333,0.16624590290948238,0.022986003140174238,0.043699805087312325,0.08770901100098624,0.18407162211664402,0.3755808552085299,0.15118646094600577,0.4083635696303801,0.09029605026459468,0.21711391482763626,0.31522099645327334,0.08122602491525392,0.024154726533712742,0.06722339422817457
630,4226.154,4158.974,4063.59,4048.205,4187.179,0.16624590290948238,0.022986003140174238,0.043699805087312325,0.08770901100098624,0.18407162211664402,0.3755808552085299,0.15118646094600577,0.4083635696303801,0.09029605026459468,0.21711391482763626,0.31522099645327334,0.08122602491525392,0.024154726533712742,0.06722339422817457
637,4234.872,4177.949,4090.256,4063.077,4198.974,0.16624590290948238,0.022986003140174238,0.043699805087312325,0.08770901100098624,0.18407162211664402,0.3755808552085299,0.15118646094600577,0.4083635696303801,0.09029605026459468,0.21711391482763626,0.31522099645327334,0.08122602491525392,0.024154726533712742,0.06722339422817457
644,4229.231,4189.744,4093.333,4079.487,4192.821,0.16624590290948238,0.022986003140174238,0.043699805087312325,0.08770901100098624,0.18407162211664402,0.3755808552085299,0.15118646094600577,0.4083635696303801,0.09029605026459468,0.21711391482763626,0.31522099645327334,0.08122602491525392,0.024154726533712742,0.06722339422817457
651,4222.051,4188.205,4078.974,4079.487,4185.128,0.16624590290948238,0.022986003140174238,0.043699805087312325,0.08770901100098624,0.18407162211664402,0.3755808552085299,0.15118646094600577,0.4083635696303801,0.09029605026459468,0.21711391482763626,0.31522099645327334,0.08122602491525392,0.024154726533712742,0.06722339422817457
658,4223.59,4185.641,4065.128,4075.897,4194.872,0.16624590290948238,0.022986003140174238,0.043699805087312325,0.08770901100098624,0.18407162211664402,0.3755808552085299,0.15118646094600577,0.4083635696303801,0.09029605026459468,0.21711391482763626,0.31522099645327334,0.08122602491525392,0.024154726533712742,0.06722339422817457
665,4207.692,4171.282,4060.513,4057.949,4193.333,0.16624590290948238,0.022986003140174238,0.043699805087312325,0.08770901100098624,0.18407162211664402,0.3755808552085299,0.15118646094600577,0.4083635696303801,0.09029605026459468,0.21711391482763626,0.31522099645327334,0.08122602491525392,0.024154726533712742,0.06722339422817457
672,4212.308,4172.308,4074.872,4062.564,4196.923,0.16624590290948238,0.022986003140174238,0.043699805087312325,0.08770901100098624,0.18407162211664402,0.3755808552085299,0.15118646094600577,0.4083635696303801,0.09029605026459468,0.21711391482763626,0.31522099645327334,0.08122602491525392,0.024154726533712742,0.06722339422817457
679,4250.256,4209.231,4105.128,4109.744,4231.282,0.16624590290948238,0.022986003140174238,0.043699805087312325,0.08770901100098624,0.18407162211664402,0.3755808552085299,0.15118646094600577,0.4083635696303801,0.09029605026459468,0.21711391482763626,0.31522099645327334,0.08122602491525392,0.024154726533712742,0.06722339422817457
686,4263.59,4226.154,4116.41,4127.692,4242.051,0.16624590290948238,0.022986003140174238,0.043699805087312325,0.08770901100098624,0.18407162211664402,0.3755808552085299,0.15118646094600577,0.4083635696303801,0.09029605026459468,0.21711391482763626,0.31522099645327334,0.08122602491525392,0.024154726533712742,0.06722339422817457
693,4245.128,4199.487,4093.333,4103.077,4214.872,0.16624590290948238,0.022986003140174238,0.043699805087312325,0.08770901100098624,0.18407162211664402,0.3755808552085299,0.15118646094600577,0.4083635696303801,0.09029605026459468,0.21711391482763626,0.31522099645327334,0.08122602491525392,0.024154726533712742,0.06722339422817457
700,4238.462,4174.359,4077.949,4082.051,4196.923,0.16624590290948238,0.022986003140174238,0.043699805087312325,0.08770901100098624,0.18407162211664402,0.3755808552085299,0.15118646094600577,0.4083635696303801,0.09029605026459468,0.21711391482763626,0.31522099645327334,0.08122602491525392,0.024154726533712742,0.06722339422817457
707,4240.0,4180.0,4086.667,4075.385,4196.41,0.16624590290948238,0.022986003140174238,0.043699805087312325,0.08770901100098624,0.18407162211664402,0.3755808552085299,0.15118646094600577,0.4083635696303801,0.09029605026459468,0.21711391482763626,0.31522099645327334,0.08122602491525392,0.024154726533712742,0.06722339422817457
714,4228.205,4192.308,4089.744,4066.667,4196.41,0.16624590290948238,0.022986003140174238,0.043699805087312325,0.08770901100098624,0.18407162211664402,0.3755808552085299,0.15118646094600577,0.4083635696303801,0.09029605026459468,0.21711391482763626,0.31522099645327334,0.08122602491525392,0.024154726533712742,0.06722339422817457
721,4222.051,4189.744,4078.462,4062.564,4198.462,0.16624590290948238,0.022986003140174238,0.043699805087312325,0.08770901100098624,0.18407162211664402,0.3755808552085299,0.15118646094600577,0.4083635696303801,0.09029605026459468,0.21711391482763626,0.31522099645327334,0.08122602491525392,0.024154726533712742,0.06722339422817457
728,4236.41,4185.641,4077.436,4070.769,4208.205,0.16624590290948238,0.022986003140174238,0.043699805087312325,0.08770901100098624,0.18407162211664402,0.3755808552085299,0.15118646094600577,0.4083635696303801,0.09029605026459468,0.21711391482763626,0.31522099645327334,0.08122602491525392,0.024154726533712742,0.06722339422817457
735,4254.872,4193.333,4087.692,4081.538,4223.59,0.16624590290948238,0.022986003140174238,0.043699805087312325,0.08770901100098624,0.18407162211664402,0.3755808552085299,0.15118646094600577,0.4083635696303801,0.09029605026459468,0.21711391482763626,0.31522099645327334,0.08122602491525392,0.024154726533712742,0.06722339422817457
742,4244.103,4193.333,4083.59,4074.872,4213.846,0.16624590290948238,0.022986003140174238,0.043699805087312325,0.08770901100098624,0.18407162211664402,0.3755808552085299,0.15118646094600577,0.4083635696303801,0.09029605026459468,0.21711391482763626,0.31522099645327334,0.08122602491525392,0.024154726533712742,0.06722339422817457
749,4218.974,4181.538,4064.103,4058.462,4169.231,0.16624590290948238,0.022986003140174238,0.043699805087312325,0.08770901100098624,0.18407162211664402,0.3755808552085299,0.15118646094600577,0.4083635696303801,0.09029605026459468,0.21711391482763626,0.31522099645327334,0.08122602491525392,0.024154726533712742,0.06722339422817457
756,4219.487,4179.487,4056.41,4061.538,4153.333,0.16624590290948238,0.022986003140174238,0.043699805087312325,0.08770901100098624,0.18407162211664402,0.3755808552085299,0.15118646094600577,0.4083635696303801,0.09029605026459468,0.21711391482763626,0.31522099645327334,0.08122602491525392,0.024154726533712742,0.06722339422817457
763,4236.923,4184.103,4065.641,4076.923,4190.256,0.16624590290948238,0.022986003140174238,0.043699805087312325,0.08770901100098624,0.18407162211664402,0.3755808552085299,0.15118646094600577,0.4083635696303801,0.09029605026459468,0.21711391482763626,0.31522099645327334,0.08122602491525392,0.024154726533712742,0.06722339422817457
770,4251.282,4201.538,4083.077,4090.769,4219.487,0.16624590290948238,0.022986003140174238,0.043699805087312325,0.08770901100098624,0.18407162211664402,0.3755808552085299,0.15118646094600577,0.4083635696303801,0.09029605026459468,0.21711391482763626,0.31522099645327334,0.08122602491525392,0.024154726533712742,0.06722339422817457
777,4253.846,4221.538,4099.487,4097.949,4207.692,0.16624590290948238,0.022986003140174238,0.043699805087312325,0.08770901100098624,0.18407162211664402,0.3755808552085299,0.15118646094600577,0.4083635696303801,0.09029605026459468,0.21711391482763626,0.31522099645327334,0.08122602491525392,0.024154726533712742,0.06722339422817457
784,4247.692,4212.821,4102.051,4089.231,4192.308,0.16624590290948238,0.022986003140174238,0.043699805087312325,0.08770901100098624,0.18407162211664402,0.3755808552085299,0.15118646094600577,0.4083635696303801,0.09029605026459468,0.21711391482763626,0.31522099645327334,0.08122602491525392,0.024154726533712742,0.06722339422817457
791,4243.59,4197.949,4090.769,4074.872,4183.59,0.16624590290948238,0.022986003140174238,0.043699805087312325,0.08770901100098624,0.18407162211664402,0.3755808552085299,0.15118646094600577,0.4083635696303801,0.09029605026459468,0.21711391482763626,0.31522099645327334,0.08122602491525392,0.024154726533712742,0.06722339422817457
798,4248.718,4205.128,4088.718,4075.385,4171.795,0.16624590290948238,0.022986003140174238,0.043699805087312325,0.08770901100098624,0.18407162211664402,0.3755808552085299,0.15118646094600577,0.4083635696303801,0.09029605026459468,0.21711391482763626,0.31522099645327334,0.08122602491525392,0.024154726533712742,0.06722339422817457
805,4249.744,4211.795,4087.692,4089.744,4188.205,0.16624590290948238,0.022986003140174238,0.043699805087312325,0.08770901100098624,0.18407162211664402,0.3755808552085299,0.15118646094600577,0.4083635696303801,0.09029605026459468,0.21711391482763626,0.31522099645327334,0.08122602491525392,0.024154726533712742,0.06722339422817457
812,4235.897,4197.949,4072.821,4087.692,4218.462,0.16624590290948238,0.022986003140174238,0.043699805087312325,0.08770901100098624,0.18407162211664402,0.3755808552085299,0.15118646094600577,0.4083635696303801,0.09029605026459468,0.21711391482763626,0.31522099645327334,0.08122602491525392,0.024154726533712742,0.06722339422817457
819,4220.513,4181.538,4075.897,4071.795,4202.051,0.16624590290948238,0.022986003140174238,0.043699805087312325,0.08770901100098624,0.18407162211664402,0.3755808552085299,0.15118646094600577,0.4083635696303801,0.09029605026459468,0.21711391482763626,0.31522099645327334,0.08122602491525392,0.024154726533712742,0.06722339422817457
826,4216.41,4177.949,4095.385,4066.667,4168.205,0.16624590290948238,0.022986003140174238,0.043699805087312325,0.08770901100098624,0.18407162211664402,0.3755808552085299,0.15118646094600577,0.4083635696303801,0.09029605026459468,0.21711391482763626,0.31522099645327334,0.08122602491525392,0.024154726533712742,0.06722339422817457
833,4227.692,4186.154,4096.923,4068.205,4187.692,0.16624590290948238,0.022986003140174238,0.043699805087312325,0.08770901100098624,0.18407162211664402,0.3755808552085299,0.15118646094600577,0.4083635696303801,0.09029605026459468,0.21711391482763626,0.31522099645327334,0.08122602491525392,0.024154726533712742,0.06722339422817457
840,4249.231,4209.744,4088.205,4083.077,4227.179,0.16624590290948238,0.022986003140174238,0.043699805087312325,0.08770901100098624,0.18407162211664402,0.3755808552085299,0.15118646094600577,0.4083635696303801,0.09029605026459468,0.21711391482763626,0.31522099645327334,0.08122602491525392,0.024154726533712742,0.06722339422817457
847,4248.718,4213.846,4078.462,4082.564,4217.949,0.16624590290948238,0.022986003140174238,0.043699805087312325,0.08770901100098624,0.18407162211664402,0.3755808552085299,0.15118646094600577,0.4083635696303801,0.09029605026459468,0.21711391482763626,0.31522099645327334,0.08122602491525392,0.024154726533712742,0.06722339422817457
854,4232.821,4191.282,4077.436,4053.846,4185.641,0.16624590290948238,0.022986003140174238,0.043699805087312325,0.08770901100098624,0.18407162211664402,0.3755808552085299,0.15118646094600577,0.4083635696303801,0.09029605026459468,0.21711391482763626,0.31522099645327334,0.08122602491525392,0.024154726533712742,0.06722339422817457
861,4247.179,4198.974,4097.436,4052.821,4195.897,0.16624590290948238,0.022986003140174238,0.043699805087312325,0.08770901100098624,0.18407162211664402,0.3755808552085299,0.15118646094600577,0.4083635696303801,0.09029605026459468,0.21711391482763626,0.31522099645327334,0.08122602491525392,0.024154726533712742,0.06722339422817457
868,4267.692,4223.59,4110.769,4078.974,4233.846,0.16624590290948238,0.022986003140174238,0.043699805087312325,0.08770901100098624,0.18407162211664402,0.3755808552085299,0.15118646094600577,0.4083635696303801,0.09029605026459468,0.21711391482763626,0.31522099645327334,0.08122602491525392,0.024154726533712742,0.06722339422817457
875,4249.744,4203.077,4089.231,4075.897,4231.795,0.16624590290948238,0.022986003140174238,0.043699805087312325,0.08770901100098624,0.18407162211664402,0.3755808552085299,0.15118646094600577,0.4083635696303801,0.09029605026459468,0.21711391482763626,0.31522099645327334,0.08122602491525392,0.024154726533712742,0.06722339422817457
882,4229.744,4174.872,4070.769,4067.179,4210.769,0.16624590290948238,0.022986003140174238,0.043699805087312325,0.08770901100098624,0.18407162211664402,0.3755808552085299,0.15118646094600577,0.4083635696303801,0.09029605026459468,0.21711391482763626,0.31522099645327334,0.08122602491525392,0.024154726533712742,0.06722339422817457
889,4243.59,4184.615,4086.154,4078.462,4209.231,0.16624590290948238,0.022986003140174238,0.043699805087312325,0.08770901100098624,0.18407162211664402,0.3755808552085299,0.15118646094600577,0.4083635696303801,0.09029605026459468,0.21711391482763626,0.31522099645327334,0.08122602491525392,0.024154726533712742,0.06722339422817457
896,4262.564,4192.821,4097.436,4085.128,4225.641,0.16624590290948238,0.022986003140174238,0.043699805087312325,0.08770901100098624,0.18407162211664402,0.3755808552085299,0.15118646094600577,0.4083635696303801,0.09029605026459468,0.21711391482763626,0.31522099645327334,0.08122602491525392,0.024154726533712742,0.06722339422817457
903,4255.897,4191.282,4092.308,4084.103,4246.154,0.16624590290948238,0.022986003140174238,0.043699805087312325,0.08770901100098624,0.18407162211664402,0.3755808552085299,0.15118646094600577,0.4083635696303801,0.09029605026459468,0.21711391482763626,0.31522099645327334,0.08122602491525392,0.024154726533712742,0.06722339422817457
910,4242.051,4188.718,4098.462,4077.949,4244.103,0.16624590290948238,0.022986003140174238,0.043699805087312325,0.08770901100098624,0.18407162211664402,0.3755808552085299,0.15118646094600577,0.4083635696303801,0.09029605026459468,0.21711391482763626,0.31522099645327334,0.08122602491525392,0.024154726533712742,0.06722339422817457
917,4241.538,4180.513,4103.59,4066.154,4232.821,0.16624590290948238,0.022986003140174238,0.043699805087312325,0.08770901100098624,0.18407162211664402,0.3755808552085299,0.15118646094600577,0.4083635696303801,0.09029605026459468,0.21711391482763626,0.31522099645327334,0.08122602491525392,0.024154726533712742,0.06722339422817457
924,4237.949,4182.564,4093.333,4058.462,4233.846,0.16624590290948238,0.022986003140174238,0.043699805087312325,0.08770901100098624,0.18407162211664402,0.3755808552085299,0.15118646094600577,0.4083635696303801,0.09029605026459468,0.21711391482763626,0.31522099645327334,0.08122602491525392,0.024154726533712742,0.06722339422817457
931,4249.231,4194.872,4101.026,4073.333,4249.231,0.16624590290948238,0.022986003140174238,0.043699805087312325,0.08770901100098624,0.18407162211664402,0.3755808552085299,0.15118646094600577,0.4083635696303801,0.09029605026459468,0.21711391482763626,0.31522099645327334,0.08122602491525392,0.024154726533712742,0.06722339422817457
938,4269.231,4206.154,4123.59,4094.359,4245.641,0.16624590290948238,0.022986003140174238,0.043699805087312325,0.08770901100098624,0.18407162211664402,0.3755808552085299,0.15118646094600577,0.4083635696303801,0.09029605026459468,0.21711391482763626,0.31522099645327334,0.08122602491525392,0.024154726533712742,0.06722339422817457
945,4252.308,4210.769,4130.769,4079.487,4197.436,0.16624590290948238,0.022986003140174238,0.043699805087312325,0.08770901100098624,0.18407162211664402,0.3755808552085299,0.15118646094600577,0.4083635696303801,0.09029605026459468,0.21711391482763626,0.31522099645327334,0.08122602491525392,0.024154726533712742,0.06722339422817457
952,4239.487,4208.718,4128.205,4066.667,4180.513,0.16624590290948238,0.022986003140174238,0.043699805087312325,0.08770901100098624,0.18407162211664402,0.3755808552085299,0.15118646094600577,0.4083635696303801,0.09029605026459468,0.21711391482763626,0.31522099645327334,0.08122602491525392,0.024154726533712742,0.06722339422817457
959,4261.026,4219.487,4117.436,4092.308,4244.615,0.16624590290948238,0.022986003140174238,0.043699805087312325,0.08770901100098624,0.18407162211664402,0.3755808552085299,0.15118646094600577,0.4083635696303801,0.09029605026459468,0.21711391482763626,0.31522099645327334,0.08122602491525392,0.024154726533712742,0.06722339422817457
966,4266.667,4222.564,4116.41,4104.103,4271.795,0.16624590290948238,0.022986003140174238,0.043699805087312325,0.08770901100098624,0.18407162211664402,0.3755808552085299,0.15118646094600577,0.4083635696303801,0.09029605026459468,0.21711391482763626,0.31522099645327334,0.08122602491525392,0.024154726533712742,0.06722339422817457
973,4249.744,4200.513,4120.0,4089.744,4218.974,0.16624590290948238,0.022986003140174238,0.043699805087312325,0.08770901100098624,0.18407162211664402,0.3755808552085299,0.15118646094600577,0.4083635696303801,0.09029605026459468,0.21711391482763626,0.31522099645327334,0.08122602491525392,0.024154726533712742,0.06722339422817457
980,4237.949,4189.744,4109.744,4086.154,4206.667,0.16624590290948238,0.022986003140174238,0.043699805087312325,0.08770901100098624,0.18407162211664402,0.3755808552085299,0.15118646094600577,0.4083635696303801,0.09029605026459468,0.21711391482763626,0.31522099645327334,0.08122602491525392,0.024154726533712742,0.06722339422817457
987,4234.872,4197.949,4105.128,4089.744,4211.795,0.16624590290948238,0.022986003140174238,0.043699805087312325,0.08770901100098624,0.18407162211664402,0.3755808552085299,0.15118646094600577,0.4083635696303801,0.09029605026459468,0.21711391482763626,0.31522099645327334,0.08122602491525392,0.024154726533712742,0.06722339422817457
994,4244.615,4206.667,4116.41,4095.897,4175.385,0.16624590290948238,0.022986003140174238,0.043699805087312325,0.08770901100098624,0.18407162211664402,0.3755808552085299,0.15118646094600577,0.4083635696303801,0.09029605026459468,0.21711391482763626,0.31522099645327334,0.08122602491525392,0.024154726533712742,0.06722339422817457
1001,4243.59,4208.205,4119.487,4093.333,4166.667,0.16624590290948238,0.022986003140174238,0.043699805087312325,0.08770901100098624,0.18407162211664402,0.3755808552085299,0.15118646094600577,0.4083635696303801,0.09029605026459468,0.21711391482763626,0.31522099645327334,0.08122602491525392,0.024154726533712742,0.06722339422817457
1008,4231.795,4206.154,4108.718,4081.026,4196.41,0.16624590290948238,0.022986003140174238,0.043699805087312325,0.08770901100098624,0.18407162211664402,0.3755808552085299,0.15118646094600577,0.4083635696303801,0.09029605026459468,0.21711391482763626,0.31522099645327334,0.08122602491525392,0.024154726533712742,0.06722339422817457
1015,4235.385,4205.641,4096.923,4085.128,4207.692,0.16624590290948238,0.022986003140174238,0.043699805087312325,0.08770901100098624,0.18407162211664402,0.3755808552085299,0.15118646094600577,0.4083635696303801,0.09029605026459468,0.21711391482763626,0.31522099645327334,0.08122602491525392,0.024154726533712742,0.06722339422817457
1022,4244.103,4196.41,4092.821,4093.846,4195.897,0.16624590290948238,0.022986003140174238,0.043699805087312325,0.08770901100098624,0.18407162211664402,0.3755808552085299,0.15118646094600577,0.4083635696303801,0.09029605026459468,0.21711391482763626,0.31522099645327334,0.08122602491525392,0.024154726533712742,0.06722339422817457
1029,4246.667,4192.308,4104.615,4095.897,4193.333,0.16624590290948238,0.022986003140174238,0.043699805087312325,0.08770901100098624,0.18407162211664402,0.3755808552085299,0.15118646094600577,0.4083635696303801,0.09029605026459468,0.21711391482763626,0.31522099645327334,0.08122602491525392,0.024154726533712742,0.06722339422817457
1036,4241.026,4191.795,4113.333,4092.308,4177.949,0.16624590290948238,0.022986003140174238,0.043699805087312325,0.08770901100098624,0.18407162211664402,0.3755808552085299,0.15118646094600577,0.4083635696303801,0.09029605026459468,0.21711391482763626,0.31522099645327334,0.08122602491525392,0.024154726533712742,0.06722339422817457
1043,4219.487,4181.026,4097.436,4070.256,4162.564,0.16624590290948238,0.022986003140174238,0.043699805087312325,0.08770901100098624,0.18407162211664402,0.3755808552085299,0.15118646094600577,0.4083635696303801,0.09029605026459468,0.21711391482763626,0.31522099645327334,0.08122602491525392,0.024154726533712742,0.06722339422817457
1050,4205.641,4176.923,4083.59,4048.205,4175.385,0.16624590290948238,0.022986003140174238,0.043699805087312325,0.08770901100098624,0.18407162211664402,0.3755808552085299,0.15118646094600577,0.4083635696303801,0.09029605026459468,0.21711391482763626,0.31522099645327334,0.08122602491525392,0.024154726533712742,0.06722339422817457
1057,4218.462,4194.359,4086.667,4062.564,4185.128,0.16624590290948238,0.022986003140174238,0.043699805087312325,0.08770901100098624,0.18407162211664402,0.3755808552085299,0.15118646094600577,0.4083635696303801,0.09029605026459468,0.21711391482763626,0.31522099645327334,0.08122602491525392,0.024154726533712742,0.06722339422817457
1064,4222.564,4198.462,4088.718,4082.051,4174.872,0.16624590290948238,0.022986003140174238,0.043699805087312325,0.08770901100098624,0.18407162211664402,0.3755808552085299,0.15118646094600577,0.4083635696303801,0.09029605026459468,0.21711391482763626,0.31522099645327334,0.08122602491525392,0.024154726533712742,0.06722339422817457
1071,4218.974,4186.667,4085.128,4082.051,4179.487,0.16624590290948238,0.022986003140174238,0.043699805087312325,0.08770901100098624,0.18407162211664402,0.3755808552085299,0.15118646094600577,0.4083635696303801,0.09029605026459468,0.21711391482763626,0.31522099645327334,0.08122602491525392,0.024154726533712742,0.06722339422817457
1078,4226.667,4195.897,4089.231,4098.462,4206.667,0.16624590290948238,0.022986003140174238,0.043699805087312325,0.08770901100098624,0.18407162211664402,0.3755808552085299,0.15118646094600577,0.4083635696303801,0.09029605026459468,0.21711391482763626,0.31522099645327334,0.08122602491525392,0.024154726533712742,0.06722339422817457
1085,4227.692,4203.077,4098.462,4112.308,4208.205,0.16624590290948238,0.022986003140174238,0.043699805087312325,0.08770901100098624,0.18407162211664402,0.3755808552085299,0.15118646094600577,0.4083635696303801,0.09029605026459468,0.21711391482763626,0.31522099645327334,0.08122602491525392,0.024154726533712742,0.06722339422817457
1092,4242.564,4200.0,4107.179,4118.462,4210.769,0.16624590290948238,0.022986003140174238,0.043699805087312325,0.08770901100098624,0.18407162211664402,0.3755808552085299,0.15118646094600577,0.4083635696303801,0.09029605026459468,0.21711391482763626,0.31522099645327334,0.08122602491525392,0.024154726533712742,0.06722339422817457
1099,4269.744,4220.0,4124.615,4146.667,4250.769,0.16624590290948238,0.022986003140174238,0.043699805087312325,0.08770901100098624,0.18407162211664402,0.3755808552085299,0.15118646094600577,0.4083635696303801,0.09029605026459468,0.21711391482763626,0.31522099645327334,0.08122602491525392,0.024154726533712742,0.06722339422817457
1106,4269.744,4237.436,4147.179,4162.564,4264.103,0.16624590290948238,0.022986003140174238,0.043699805087312325,0.08770901100098624,0.18407162211664402,0.3755808552085299,0.15118646094600577,0.4083635696303801,0.09029605026459468,0.21711391482763626,0.31522099645327334,0.08122602491525392,0.024154726533712742,0.06722339422817457
1113,4244.615,4215.385,4142.051,4139.487,4231.282,0.16624590290948238,0.022986003140174238,0.043699805087312325,0.08770901100098624,0.18407162211664402,0.3755808552085299,0.15118646094600577,0.4083635696303801,0.09029605026459468,0.21711391482763626,0.31522099645327334,0.08122602491525392,0.024154726533712742,0.06722339422817457
1120,4242.051,4189.231,4113.333,4126.667,4224.615,0.16624590290948238,0.022986003140174238,0.043699805087312325,0.08770901100098624,0.18407162211664402,0.3755808552085299,0.15118646094600577,0.4083635696303801,0.09029605026459468,0.21711391482763626,0.31522099645327334,0.08122602491525392,0.024154726533712742,0.06722339422817457
1127,4265.128,4202.564,4110.769,4142.564,4260.0,0.16624590290948238,0.022986003140174238,0.043699805087312325,0.08770901100098624,0.18407162211664402,0.3755808552085299,0.15118646094600577,0.4083635696303801,0.09029605026459468,0.21711391482763626,0.31522099645327334,0.08122602491525392,0.024154726533712742,0.06722339422817457
1134,4285.128,4211.282,4134.872,4144.103,4266.154,0.16624590290948238,0.022986003140174238,0.043699805087312325,0.08770901100098624,0.18407162211664402,0.3755808552085299,0.15118646094600577,0.4083635696303801,0.09029605026459468,0.21711391482763626,0.31522099645327334,0.08122602491525392,0.024154726533712742,0.06722339422817457
1141,4308.205,4197.949,4127.179,4132.308,4267.692,0.16624590290948238,0.022986003140174238,0.043699805087312325,0.08770901100098624,0.18407162211664402,0.3755808552085299,0.15118646094600577,0.4083635696303801,0.09029605026459468,0.21711391482763626,0.31522099645327334,0.08122602491525392,0.024154726533712742,0.06722339422817457
1148,4331.282,4204.615,4093.333,4120.0,4307.692,0.16624590290948238,0.022986003140174238,0.043699805087312325,0.08770901100098624,0.18407162211664402,0.3755808552085299,0.15118646094600577,0.4083635696303801,0.09029605026459468,0.21711391482763626,0.31522099645327334,0.08122602491525392,0.024154726533712742,0.06722339422817457
1155,4350.256,4220.513,4081.538,4103.077,4335.897,0.16624590290948238,0.022986003140174238,0.043699805087312325,0.08770901100098624,0.18407162211664402,0.3755808552085299,0.15118646094600577,0.4083635696303801,0.09029605026459468,0.21711391482763626,0.31522099645327334,0.08122602491525392,0.024154726533712742,0.06722339422817457
1162,4369.744,4214.872,4092.821,4090.769,4333.846,0.16624590290948238,0.022986003140174238,0.043699805087312325,0.08770901100098624,0.18407162211664402,0.3755808552085299,0.15118646094600577,0.4083635696303801,0.09029605026459468,0.21711391482763626,0.31522099645327334,0.08122602491525392,0.024154726533712742,0.06722339422817457
1169,4392.821,4207.692,4102.051,4090.769,4336.923,0.16624590290948238,0.022986003140174238,0.043699805087312325,0.08770901100098624,0.18407162211664402,0.3755808552085299,0.15118646094600577,0.4083635696303801,0.09029605026459468,0.21711391482763626,0.31522099645327334,0.08122602491525392,0.024154726533712742,0.06722339422817457
1176,4418.974,4210.256,4107.179,4105.128,4352.821,0.16624590290948238,0.022986003140174238,0.043699805087312325,0.08770901100098624,0.18407162211664402,0.3755808552085299,0.15118646094600577,0.4083635696303801,0.09029605026459468,0.21711391482763626,0.31522099645327334,0.08122602491525392,0.024154726533712742,0.06722339422817457
1183,4438.462,4216.41,4119.487,4126.154,4373.846,0.16624590290948238,0.022986003140174238,0.043699805087312325,0.08770901100098624,0.18407162211664402,0.3755808552085299,0.15118646094600577,0.4083635696303801,0.09029605026459468,0.21711391482763626,0.31522099645327334,0.08122602491525392,0.024154726533712742,0.06722339422817457
1190,4467.179,4240.0,4143.077,4150.769,4406.154,0.16624590290948238,0.022986003140174238,0.043699805087312325,0.08770901100098624,0.18407162211664402,0.3755808552085299,0.15118646094600577,0.4083635696303801,0.09029605026459468,0.21711391482763626,0.31522099645327334,0.08122602491525392,0.024154726533712742,0.06722339422817457
1197,4497.949,4262.564,4154.359,4172.821,4442.051,0.16624590290948238,0.022986003140174238,0.043699805087312325,0.08770901100098624,0.18407162211664402,0.3755808552085299,0.15118646094600577,0.4083635696303801,0.09029605026459468,0.21711391482763626,0.31522099645327334,0.08122602491525392,0.024154726533712742,0.06722339422817457
1204,4507.692,4255.897,4138.462,4176.923,4463.59,0.16624590290948238,0.022986003140174238,0.043699805087312325,0.08770901100098624,0.18407162211664402,0.3755808552085299,0.15118646094600577,0.4083635696303801,0.09029605026459468,0.21711391482763626,0.31522099645327334,0.08122602491525392,0.024154726533712742,0.06722339422817457
1211,4502.564,4247.692,4117.436,4171.795,4452.821,0.16624590290948238,0.022986003140174238,0.043699805087312325,0.08770901100098624,0.18407162211664402,0.3755808552085299,0.15118646094600577,0.4083635696303801,0.09029605026459468,0.21711391482763626,0.31522099645327334,0.08122602491525392,0.024154726533712742,0.06722339422817457
1218,4501.026,4246.154,4114.359,4165.641,4434.872,0.16624590290948238,0.022986003140174238,0.043699805087312325,0.08770901100098624,0.18407162211664402,0.3755808552085299,0.15118646094600577,0.4083635696303801,0.09029605026459468,0.21711391482763626,0.31522099645327334,0.08122602491525392,0.024154726533712742,0.06722339422817457
1225,4501.026,4231.282,4124.615,4154.359,4441.538,0.16624590290948238,0.022986003140174238,0.043699805087312325,0.08770901100098624,0.18407162211664402,0.3755808552085299,0.15118646094600577,0.4083635696303801,0.09029605026459468,0.21711391482763626,0.31522099645327334,0.08122602491525392,0.024154726533712742,0.06722339422817457
1232,4492.308,4221.026,4128.718,4145.641,4441.026,0.16624590290948238,0.022986003140174238,0.043699805087312325,0.08770901100098624,0.18407162211664402,0.3755808552085299,0.15118646094600577,0.4083635696303801,0.09029605026459468,0.21711391482763626,0.31522099645327334,0.08122602491525392,0.024154726533712742,0.06722339422817457
1239,4486.154,4234.359,4140.513,4153.846,4426.154,0.16624590290948238,0.022986003140174238,0.043699805087312325,0.08770901100098624,0.18407162211664402,0.3755808552085299,0.15118646094600577,0.4083635696303801,0.09029605026459468,0.21711391482763626,0.31522099645327334,0.08122602491525392,0.024154726533712742,0.06722339422817457
1246,4474.359,4249.231,4162.051,4164.615,4413.333,0.16624590290948238,0.022986003140174238,0.043699805087312325,0.08770901100098624,0.18407162211664402,0.3755808552085299,0.15118646094600577,0.4083635696303801,0.09029605026459468,0.21711391482763626,0.31522099645327334,0.08122602491525392,0.024154726533712742,0.06722339422817457
1253,4427.179,4226.154,4144.103,4149.231,4378.462,0.16624590290948238,0.022986003140174238,0.043699805087312325,0.08770901100098624,0.18407162211664402,0.3755808552085299,0.15118646094600577,0.4083635696303801,0.09029605026459468,0.21711391482763626,0.31522099645327334,0.08122602491525392,0.024154726533712742,0.06722339422817457
1260,4380.513,4204.103,4110.769,4134.359,4344.103,0.16624590290948238,0.022986003140174238,0.043699805087312325,0.08770901100098624,0.18407162211664402,0.3755808552085299,0.15118646094600577,0.4083635696303801,0.09029605026459468,0.21711391482763626,0.31522099645327334,0.08122602491525392,0.024154726533712742,0.06722339422817457
1267,4366.667,4221.538,4108.205,4148.205,4343.59,0.16624590290948238,0.022986003140174238,0.043699805087312325,0.08770901100098624,0.18407162211664402,0.3755808552085299,0.15118646094600577,0.4083635696303801,0.09029605026459468,0.21711391482763626,0.31522099645327334,0.08122602491525392,0.024154726533712742,0.06722339422817457
1274,4333.846,4225.641,4103.59,4144.615,4320.513,0.16624590290948238,0.022986003140174238,0.043699805087312325,0.08770901100098624,0.18407162211664402,0.3755808552085299,0.15118646094600577,0.4083635696303801,0.09029605026459468,0.21711391482763626,0.31522099645327334,0.08122602491525392,0.024154726533712742,0.06722339422817457
1281,4284.103,4199.487,4093.333,4115.897,4265.641,0.16624590290948238,0.022986003140174238,0.043699805087312325,0.08770901100098624,0.18407162211664402,0.3755808552085299,0.15118646094600577,0.4083635696303801,0.09029605026459468,0.21711391482763626,0.31522099645327334,0.08122602491525392,0.024154726533712742,0.06722339422817457
1288,4288.718,4193.333,4107.179,4122.564,4258.974,0.16624590290948238,0.022986003140174238,0.043699805087312325,0.08770901100098624,0.18407162211664402,0.3755808552085299,0.15118646094600577,0.4083635696303801,0.09029605026459468,0.21711391482763626,0.31522099645327334,0.08122602491525392,0.024154726533712742,0.06722339422817457
1295,4310.769,4211.282,4115.385,4150.256,4277.436,0.16624590290948238,0.022986003140174238,0.043699805087312325,0.08770901100098624,0.18407162211664402,0.3755808552085299,0.15118646094600577,0.4083635696303801,0.09029605026459468,0.21711391482763626,0.31522099645327334,0.08122602491525392,0.024154726533712742,0.06722339422817457
1302,4292.821,4231.282,4113.333,4146.154,4272.821,0.16624590290948238,0.022986003140174238,0.043699805087312325,0.08770901100098624,0.18407162211664402,0.3755808552085299,0.15118646094600577,0.4083635696303801,0.09029605026459468,0.21711391482763626,0.31522099645327334,0.08122602491525392,0.024154726533712742,0.06722339422817457
1309,4283.077,4245.128,4143.59,4138.974,4267.179,0.16624590290948238,0.022986003140174238,0.043699805087312325,0.08770901100098624,0.18407162211664402,0.3755808552085299,0.15118646094600577,0.4083635696303801,0.09029605026459468,0.21711391482763626,0.31522099645327334,0.08122602491525392,0.024154726533712742,0.06722339422817457
1316,4303.077,4238.974,4168.718,4149.231,4268.205,0.16624590290948238,0.022986003140174238,0.043699805087312325,0.08770901100098624,0.18407162211664402,0.3755808552085299,0.15118646094600577,0.4083635696303801,0.09029605026459468,0.21711391482763626,0.31522099645327334,0.08122602491525392,0.024154726533712742,0.06722339422817457
1323,4285.641,4232.821,4145.641,4138.462,4256.923,0.16624590290948238,0.022986003140174238,0.043699805087312325,0.08770901100098624,0.18407162211664402,0.3755808552085299,0.15118646094600577,0.4083635696303801,0.09029605026459468,0.21711391482763626,0.31522099645327334,0.08122602491525392,0.024154726533712742,0.06722339422817457
1330,4232.821,4223.077,4104.615,4111.795,4221.026,0.16624590290948238,0.022986003140174238,0.043699805087312325,0.08770901100098624,0.18407162211664402,0.3755808552085299,0.15118646094600577,0.4083635696303801,0.09029605026459468,0.21711391482763626,0.31522099645327334,0.08122602491525392,0.024154726533712742,0.06722339422817457
1337,4211.795,4198.462,4081.538,4111.282,4185.641,0.16624590290948238,0.022986003140174238,0.043699805087312325,0.08770901100098624,0.18407162211664402,0.3755808552085299,0.15118646094600577,0.4083635696303801,0.09029605026459468,0.21711391482763626,0.31522099645327334,0.08122602491525392,0.024154726533712742,0.06722339422817457
1344,4222.051,4200.0,4098.462,4128.718,4173.846,0.16624590290948238,0.022986003140174238,0.043699805087312325,0.08770901100098624,0.18407162211664402,0.3755808552085299,0.15118646094600577,0.4083635696303801,0.09029605026459468,0.21711391482763626,0.31522099645327334,0.08122602491525392,0.024154726533712742,0.06722339422817457
1351,4226.667,4220.513,4123.59,4134.872,4171.282,0.16624590290948238,0.022986003140174238,0.043699805087312325,0.08770901100098624,0.18407162211664402,0.3755808552085299,0.15118646094600577,0.4083635696303801,0.09029605026459468,0.21711391482763626,0.31522099645327334,0.08122602491525392,0.024154726533712742,0.06722339422817457
1358,4222.564,4222.564,4128.718,4134.359,4173.846,0.16624590290948238,0.022986003140174238,0.043699805087312325,0.08770901100098624,0.18407162211664402,0.3755808552085299,0.15118646094600577,0.4083635696303801,0.09029605026459468,0.21711391482763626,0.31522099645327334,0.08122602491525392,0.024154726533712742,0.06722339422817457
1365,4221.026,4217.436,4122.564,4130.769,4176.41,0.16624590290948238,0.022986003140174238,0.043699805087312325,0.08770901100098624,0.18407162211664402,0.3755808552085299,0.15118646094600577,0.4083635696303801,0.09029605026459468,0.21711391482763626,0.31522099645327334,0.08122602491525392,0.024154726533712742,0.06722339422817457
1372,4224.615,4224.615,4106.667,4123.077,4174.359,0.16624590290948238,0.022986003140174238,0.043699805087312325,0.08770901100098624,0.18407162211664402,0.3755808552085299,0.15118646094600577,0.4083635696303801,0.09029605026459468,0.21711391482763626,0.31522099645327334,0.08122602491525392,0.024154726533712742,0.06722339422817457
1379,4224.615,4218.462,4080.0,4106.667,4152.821,0.16624590290948238,0.022986003140174238,0.043699805087312325,0.08770901100098624,0.18407162211664402,0.3755808552085299,0.15118646094600577,0.4083635696303801,0.09029605026459468,0.21711391482763626,0.31522099645327334,0.08122602491525392,0.024154726533712742,0.06722339422817457
1386,4204.103,4193.333,4060.0,4078.974,4121.538,0.16624590290948238,0.022986003140174238,0.043699805087312325,0.08770901100098624,0.18407162211664402,0.3755808552085299,0.15118646094600577,0.4083635696303801,0.09029605026459468,0.21711391482763626,0.31522099645327334,0.08122602491525392,0.024154726533712742,0.06722339422817457
1393,4187.179,4184.103,4067.179,4072.308,4115.897,0.16624590290948238,0.022986003140174238,0.043699805087312325,0.08770901100098624,0.18407162211664402,0.3755808552085299,0.15118646094600577,0.4083635696303801,0.09029605026459468,0.21711391482763626,0.31522099645327334,0.08122602491525392,0.024154726533712742,0.06722339422817457
1400,4195.897,4198.462,4078.462,4094.359,4126.667,0.16624590290948238,0.022986003140174238,0.043699805087312325,0.08770901100098624,0.18407162211664402,0.3755808552085299,0.15118646094600577,0.4083635696303801,0.09029605026459468,0.21711391482763626,0.31522099645327334,0.08122602491525392,0.024154726533712742,0.06722339422817457
1407,4196.923,4205.641,4073.333,4104.615,4124.615,0.16624590290948238,0.022986003140174238,0.043699805087312325,0.08770901100098624,0.18407162211664402,0.3755808552085299,0.15118646094600577,0.4083635696303801,0.09029605026459468,0.21711391482763626,0.31522099645327334,0.08122602491525392,0.024154726533712742,0.06722339422817457
1414,4192.308,4199.487,4066.667,4110.769,4128.718,0.16624590290948238,0.022986003140174238,0.043699805087312325,0.08770901100098624,0.18407162211664402,0.3755808552085299,0.15118646094600577,0.4083635696303801,0.09029605026459468,0.21711391482763626,0.31522099645327334,0.08122602491525392,0.024154726533712742,0.06722339422817457
1421,4202.051,4204.103,4077.436,4136.41,4148.718,0.16624590290948238,0.022986003140174238,0.043699805087312325,0.08770901100098624,0.18407162211664402,0.3755808552085299,0.15118646094600577,0.4083635696303801,0.09029605026459468,0.21711391482763626,0.31522099645327334,0.08122602491525392,0.024154726533712742,0.06722339422817457
1428,4203.077,4206.667,4093.333,4145.128,4146.667,0.16624590290948238,0.022986003140174238,0.043699805087312325,0.08770901100098624,0.18407162211664402,0.3755808552085299,0.15118646094600577,0.4083635696303801,0.09029605026459468,0.21711391482763626,0.31522099645327334,0.08122602491525392,0.024154726533712742,0.06722339422817457
1435,4185.641,4200.0,4089.231,4126.154,4133.846,0.16624590290948238,0.022986003140174238,0.043699805087312325,0.08770901100098624,0.18407162211664402,0.3755808552085299,0.15118646094600577,0.4083635696303801,0.09029605026459468,0.21711391482763626,0.31522099645327334,0.08122602491525392,0.024154726533712742,0.06722339422817457
1442,4179.487,4205.128,4089.231,4118.462,4142.564,0.16624590290948238,0.022986003140174238,0.043699805087312325,0.08770901100098624,0.18407162211664402,0.3755808552085299,0.15118646094600577,0.4083635696303801,0.09029605026459468,0.21711391482763626,0.31522099645327334,0.08122602491525392,0.024154726533712742,0.06722339422817457
1449,4189.231,4218.462,4101.026,4120.0,4150.769,0.16624590290948238,0.022986003140174238,0.043699805087312325,0.08770901100098624,0.18407162211664402,0.3755808552085299,0.15118646094600577,0.4083635696303801,0.09029605026459468,0.21711391482763626,0.31522099645327334,0.08122602491525392,0.024154726533712742,0.06722339422817457
1456,4187.692,4221.026,4096.923,4108.718,4147.692,0.16624590290948238,0.022986003140174238,0.043699805087312325,0.08770901100098624,0.18407162211664402,0.3755808552085299,0.15118646094600577,0.4083635696303801,0.09029605026459468,0.21711391482763626,0.31522099645327334,0.08122602491525392,0.024154726533712742,0.06722339422817457
1463,4173.333,4202.564,4080.0,4086.667,4145.128,0.16624590290948238,0.022986003140174238,0.043699805087312325,0.08770901100098624,0.18407162211664402,0.3755808552085299,0.15118646094600577,0.4083635696303801,0.09029605026459468,0.21711391482763626,0.31522099645327334,0.08122602491525392,0.024154726533712742,0.06722339422817457
1470,4171.795,4183.077,4075.897,4082.051,4147.179,0.16624590290948238,0.022986003140174238,0.043699805087312325,0.08770901100098624,0.18407162211664402,0.3755808552085299,0.15118646094600577,0.4083635696303801,0.09029605026459468,0.21711391482763626,0.31522099645327334,0.08122602491525392,0.024154726533712742,0.06722339422817457
1477,4189.744,4189.744,4086.154,4108.205,4154.872,0.16624590290948238,0.022986003140174238,0.043699805087312325,0.08770901100098624,0.18407162211664402,0.3755808552085299,0.15118646094600577,0.4083635696303801,0.09029605026459468,0.21711391482763626,0.31522099645327334,0.08122602491525392,0.024154726533712742,0.06722339422817457
1484,4193.846,4208.205,4089.231,4123.59,4157.949,0.16624590290948238,0.022986003140174238,0.043699805087312325,0.08770901100098624,0.18407162211664402,0.3755808552085299,0.15118646094600577,0.4083635696303801,0.09029605026459468,0.21711391482763626,0.31522099645327334,0.08122602491525392,0.024154726533712742,0.06722339422817457
1491,4192.308,4202.564,4080.0,4105.641,4156.41,0.16624590290948238,0.022986003140174238,0.043699805087312325,0.08770901100098624,0.18407162211664402,0.3755808552085299,0.15118646094600577,0.4083635696303801,0.09029605026459468,0.21711391482763626,0.31522099645327334,0.08122602491525392,0.024154726533712742,0.06722339422817457
1498,4233.333,4212.308,4085.641,4113.846,4191.282,0.16624590290948238,0.022986003140174238,0.043699805087312325,0.08770901100098624,0.18407162211664402,0.3755808552085299,0.15118646094600577,0.4083635696303801,0.09029605026459468,0.21711391482763626,0.31522099645327334,0.08122602491525392,0.024154726533712742,0.06722339422817457
1505,4301.026,4262.564,4131.795,4163.077,4250.769,0.16624590290948238,0.022986003140174238,0.043699805087312325,0.08770901100098624,0.18407162211664402,0.3755808552085299,0.15118646094600577,0.4083635696303801,0.09029605026459468,0.21711391482763626,0.31522099645327334,0.08122602491525392,0.024154726533712742,0.06722339422817457
1512,4313.846,4251.795,4134.359,4155.385,4254.359,0.16624590290948238,0.022986003140174238,0.043699805087312325,0.08770901100098624,0.18407162211664402,0.3755808552085299,0.15118646094600577,0.4083635696303801,0.09029605026459468,0.21711391482763626,0.31522099645327334,0.08122602491525392,0.024154726533712742,0.06722339422817457
1519,4287.179,4166.154,4058.974,4090.769,4216.41,0.16624590290948238,0.022986003140174238,0.043699805087312325,0.08770901100098624,0.18407162211664402,0.3755808552085299,0.15118646094600577,0.4083635696303801,0.09029605026459468,0.21711391482763626,0.31522099645327334,0.08122602491525392,0.024154726533712742,0.06722339422817457
1526,4309.231,4142.564,4023.59,4076.41,4233.846,0.16624590290948238,0.022986003140174238,0.043699805087312325,0.08770901100098624,0.18407162211664402,0.3755808552085299,0.15118646094600577,0.4083635696303801,0.09029605026459468,0.21711391482763626,0.31522099645327334,0.08122602491525392,0.024154726533712742,0.06722339422817457
1533,4355.897,4177.949,4055.897,4091.282,4295.897,0.16624590290948238,0.022986003140174238,0.043699805087312325,0.08770901100098624,0.18407162211664402,0.3755808552085299,0.15118646094600577,0.4083635696303801,0.09029605026459468,0.21711391482763626,0.31522099645327334,0.08122602491525392,0.024154726533712742,0.06722339422817457
1540,4377.949,4173.846,4074.359,4073.333,4314.359,0.16624590290948238,0.022986003140174238,0.043699805087312325,0.08770901100098624,0.18407162211664402,0.3755808552085299,0.15118646094600577,0.4083635696303801,0.09029605026459468,0.21711391482763626,0.31522099645327334,0.08122602491525392,0.024154726533712742,0.06722339422817457
1547,4395.385,4158.462,4070.769,4050.769,4281.026,0.16624590290948238,0.022986003140174238,0.043699805087312325,0.08770901100098624,0.18407162211664402,0.3755808552085299,0.15118646094600577,0.4083635696303801,0.09029605026459468,0.21711391482763626,0.31522099645327334,0.08122602491525392,0.024154726533712742,0.06722339422817457
1554,4421.026,4170.769,4074.359,4057.436,4287.179,0.16624590290948238,0.022986003140174238,0.043699805087312325,0.08770901100098624,0.18407162211664402,0.3755808552085299,0.15118646094600577,0.4083635696303801,0.09029605026459468,0.21711391482763626,0.31522099645327334,0.08122602491525392,0.024154726533712742,0.06722339422817457
1561,4442.051,4195.897,4086.667,4083.59,4361.026,0.16624590290948238,0.022986003140174238,0.043699805087312325,0.08770901100098624,0.18407162211664402,0.3755808552085299,0.15118646094600577,0.4083635696303801,0.09029605026459468,0.21711391482763626,0.31522099645327334,0.08122602491525392,0.024154726533712742,0.06722339422817457
1568,4454.359,4226.154,4112.821,4117.436,4395.897,0.16624590290948238,0.022986003140174238,0.043699805087312325,0.08770901100098624,0.18407162211664402,0.3755808552085299,0.15118646094600577,0.4083635696303801,0.09029605026459468,0.21711391482763626,0.31522099645327334,0.08122602491525392,0.024154726533712742,0.06722339422817457
1575,4441.538,4237.436,4130.769,4136.923,4360.0,0.16624590290948238,0.022986003140174238,0.043699805087312325,0.08770901100098624,0.18407162211664402,0.3755808552085299,0.15118646094600577,0.4083635696303801,0.09029605026459468,0.21711391482763626,0.31522099645327334,0.08122602491525392,0.024154726533712742,0.06722339422817457
1582,4390.256,4209.744,4106.667,4122.564,4323.59,0.16624590290948238,0.022986003140174238,0.043699805087312325,0.08770901100098624,0.18407162211664402,0.3755808552085299,0.15118646094600577,0.4083635696303801,0.09029605026459468,0.21711391482763626,0.31522099645327334,0.08122602491525392,0.024154726533712742,0.06722339422817457
1589,4340.0,4192.308,4076.923,4101.538,4302.564,0.16624590290948238,0.022986003140174238,0.043699805087312325,0.08770901100098624,0.18407162211664402,0.3755808552085299,0.15118646094600577,0.4083635696303801,0.09029605026459468,0.21711391482763626,0.31522099645327334,0.08122602491525392,0.024154726533712742,0.06722339422817457
1596,4314.872,4220.513,4091.282,4097.949,4284.103,0.16624590290948238,0.022986003140174238,0.043699805087312325,0.08770901100098624,0.18407162211664402,0.3755808552085299,0.15118646094600577,0.4083635696303801,0.09029605026459468,0.21711391482763626,0.31522099645327334,0.08122602491525392,0.024154726533712742,0.06722339422817457
1603,4304.615,4250.769,4129.744,4109.744,4274.872,0.16624590290948238,0.022986003140174238,0.043699805087312325,0.08770901100098624,0.18407162211664402,0.3755808552085299,0.15118646094600577,0.4083635696303801,0.09029605026459468,0.21711391482763626,0.31522099645327334,0.08122602491525392,0.024154726533712742,0.06722339422817457
1610,4301.538,4240.513,4133.333,4136.923,4263.077,0.16624590290948238,0.022986003140174238,0.043699805087312325,0.08770901100098624,0.18407162211664402,0.3755808552085299,0.15118646094600577,0.4083635696303801,0.09029605026459468,0.21711391482763626,0.31522099645327334,0.08122602491525392,0.024154726533712742,0.06722339422817457
1617,4273.846,4201.538,4091.795,4135.897,4228.718,0.16624590290948238,0.022986003140174238,0.043699805087312325,0.08770901100098624,0.18407162211664402,0.3755808552085299,0.15118646094600577,0.4083635696303801,0.09029605026459468,0.21711391482763626,0.31522099645327334,0.08122602491525392,0.024154726533712742,0.06722339422817457
1624,4234.872,4181.538,4062.564,4102.051,4195.897,0.16624590290948238,0.022986003140174238,0.043699805087312325,0.08770901100098624,0.18407162211664402,0.3755808552085299,0.15118646094600577,0.4083635696303801,0.09029605026459468,0.21711391482763626,0.31522099645327334,0.08122602491525392,0.024154726533712742,0.06722339422817457
1631,4213.333,4185.128,4060.0,4086.154,4176.923,0.16624590290948238,0.022986003140174238,0.043699805087312325,0.08770901100098624,0.18407162211664402,0.3755808552085299,0.15118646094600577,0.4083635696303801,0.09029605026459468,0.21711391482763626,0.31522099645327334,0.08122602491525392,0.024154726533712742,0.06722339422817457
1638,4195.385,4180.513,4054.359,4080.513,4160.0,0.16624590290948238,0.022986003140174238,0.043699805087312325,0.08770901100098624,0.18407162211664402,0.3755808552085299,0.15118646094600577,0.4083635696303801,0.09029605026459468,0.21711391482763626,0.31522099645327334,0.08122602491525392,0.024154726533712742,0.06722339422817457
1645,4197.436,4191.282,4062.051,4085.641,4163.077,0.16624590290948238,0.022986003140174238,0.043699805087312325,0.08770901100098624,0.18407162211664402,0.3755808552085299,0.15118646094600577,0.4083635696303801,0.09029605026459468,0.21711391482763626,0.31522099645327334,0.08122602491525392,0.024154726533712742,0.06722339422817457
1652,4234.872,4227.179,4105.128,4116.923,4193.846,0.16624590290948238,0.022986003140174238,0.043699805087312325,0.08770901100098624,0.18407162211664402,0.3755808552085299,0.15118646094600577,0.4083635696303801,0.09029605026459468,0.21711391482763626,0.31522099645327334,0.08122602491525392,0.024154726533712742,0.06722339422817457
1659,4249.744,4236.41,4134.359,4134.359,4211.795,0.16624590290948238,0.022986003140174238,0.043699805087312325,0.08770901100098624,0.18407162211664402,0.3755808552085299,0.15118646094600577,0.4083635696303801,0.09029605026459468,0.21711391482763626,0.31522099645327334,0.08122602491525392,0.024154726533712742,0.06722339422817457
1666,4215.385,4217.949,4111.795,4117.436,4203.59,0.16624590290948238,0.022986003140174238,0.043699805087312325,0.08770901100098624,0.18407162211664402,0.3755808552085299,0.15118646094600577,0.4083635696303801,0.09029605026459468,0.21711391482763626,0.31522099645327334,0.08122602491525392,0.024154726533712742,0.06722339422817457
1673,4205.128,4216.41,4089.231,4115.897,4203.077,0.16624590290948238,0.022986003140174238,0.043699805087312325,0.08770901100098624,0.18407162211664402,0.3755808552085299,0.15118646094600577,0.4083635696303801,0.09029605026459468,0.21711391482763626,0.31522099645327334,0.08122602491525392,0.024154726533712742,0.06722339422817457
1680,4215.897,4225.641,4094.872,4118.462,4203.077,0.16624590290948238,0.022986003140174238,0.043699805087312325,0.08770901100098624,0.18407162211664402,0.3755808552085299,0.15118646094600577,0.4083635696303801,0.09029605026459468,0.21711391482763626,0.31522099645327334,0.08122602491525392,0.024154726533712742,0.06722339422817457
1687,4203.077,4215.385,4100.513,4098.974,4183.077,0.16624590290948238,0.022986003140174238,0.043699805087312325,0.08770901100098624,0.18407162211664402,0.3755808552085299,0.15118646094600577,0.4083635696303801,0.09029605026459468,0.21711391482763626,0.31522099645327334,0.08122602491525392,0.024154726533712742,0.06722339422817457
1694,4182.564,4198.462,4099.487,4086.667,4160.513,0.16624590290948238,0.022986003140174238,0.043699805087312325,0.08770901100098624,0.18407162211664402,0.3755808552085299,0.15118646094600577,0.4083635696303801,0.09029605026459468,0.21711391482763626,0.31522099645327334,0.08122602491525392,0.024154726533712742,0.06722339422817457
1701,4172.308,4193.333,4104.615,4078.462,4142.051,0.16624590290948238,0.022986003140174238,0.043699805087312325,0.08770901100098624,0.18407162211664402,0.3755808552085299,0.15118646094600577,0.4083635696303801,0.09029605026459468,0.21711391482763626,0.31522099645327334,0.08122602491525392,0.024154726533712742,0.06722339422817457
1708,4188.718,4210.256,4118.974,4092.821,4165.128,0.16624590290948238,0.022986003140174238,0.043699805087312325,0.08770901100098624,0.18407162211664402,0.3755808552085299,0.15118646094600577,0.4083635696303801,0.09029605026459468,0.21711391482763626,0.31522099645327334,0.08122602491525392,0.024154726533712742,0.06722339422817457
1715,4204.103,4226.154,4126.154,4115.897,4204.615,0.16624590290948238,0.022986003140174238,0.043699805087312325,0.08770901100098624,0.18407162211664402,0.3755808552085299,0.15118646094600577,0.4083635696303801,0.09029605026459468,0.21711391482763626,0.31522099645327334,0.08122602491525392,0.024154726533712742,0.06722339422817457
1722,4205.128,4225.128,4118.462,4118.974,4201.538,0.16624590290948238,0.022986003140174238,0.043699805087312325,0.08770901100098624,0.18407162211664402,0.3755808552085299,0.15118646094600577,0.4083635696303801,0.09029605026459468,0.21711391482763626,0.31522099645327334,0.08122602491525392,0.024154726533712742,0.06722339422817457
1729,4216.923,4235.385,4114.359,4126.667,4197.436,0.16624590290948238,0.022986003140174238,0.043699805087312325,0.08770901100098624,0.18407162211664402,0.3755808552085299,0.15118646094600577,0.4083635696303801,0.09029605026459468,0.21711391482763626,0.31522099645327334,0.08122602491525392,0.024154726533712742,0.06722339422817457
1736,4231.282,4240.0,4119.487,4136.41,4211.282,0.16624590290948238,0.022986003140174238,0.043699805087312325,0.08770901100098624,0.18407162211664402,0.3755808552085299,0.15118646094600577,0.4083635696303801,0.09029605026459468,0.21711391482763626,0.31522099645327334,0.08122602491525392,0.024154726533712742,0.06722339422817457
1743,4213.846,4217.949,4114.872,4120.513,4198.974,0.16624590290948238,0.022986003140174238,0.043699805087312325,0.08770901100098624,0.18407162211664402,0.3755808552085299,0.15118646094600577,0.4083635696303801,0.09029605026459468,0.21711391482763626,0.31522099645327334,0.08122602491525392,0.024154726533712742,0.06722339422817457
1750,4192.308,4212.308,4118.462,4101.538,4179.487,0.16624590290948238,0.022986003140174238,0.043699805087312325,0.08770901100098624,0.18407162211664402,0.3755808552085299,0.15118646094600577,0.4083635696303801,0.09029605026459468,0.21711391482763626,0.31522099645327334,0.08122602491525392,0.024154726533712742,0.06722339422817457
1757,4217.949,4243.077,4136.41,4126.154,4198.462,0.16624590290948238,0.022986003140174238,0.043699805087312325,0.08770901100098624,0.18407162211664402,0.3755808552085299,0.15118646094600577,0.4083635696303801,0.09029605026459468,0.21711391482763626,0.31522099645327334,0.08122602491525392,0.024154726533712742,0.06722339422817457
1764,4243.077,4257.949,4141.538,4153.846,4216.41,0.16624590290948238,0.022986003140174238,0.043699805087312325,0.08770901100098624,0.18407162211664402,0.3755808552085299,0.15118646094600577,0.4083635696303801,0.09029605026459468,0.21711391482763626,0.31522099645327334,0.08122602491525392,0.024154726533712742,0.06722339422817457
1771,4229.744,4230.769,4133.846,4138.974,4207.692,0.16624590290948238,0.022986003140174238,0.043699805087312325,0.08770901100098624,0.18407162211664402,0.3755808552085299,0.15118646094600577,0.4083635696303801,0.09029605026459468,0.21711391482763626,0.31522099645327334,0.08122602491525392,0.024154726533712742,0.06722339422817457
1778,4210.769,4216.41,4133.333,4116.923,4206.154,0.16624590290948238,0.022986003140174238,0.043699805087312325,0.08770901100098624,0.18407162211664402,0.3755808552085299,0.15118646094600577,0.4083635696303801,0.09029605026459468,0.21711391482763626,0.31522099645327334,0.08122602491525392,0.024154726533712742,0.06722339422817457
1785,4207.692,4225.641,4134.872,4112.821,4206.667,0.16624590290948238,0.022986003140174238,0.043699805087312325,0.08770901100098624,0.18407162211664402,0.3755808552085299,0.15118646094600577,0.4083635696303801,0.09029605026459468,0.21711391482763626,0.31522099645327334,0.08122602491525392,0.024154726533712742,0.06722339422817457
1792,4206.667,4230.256,4121.538,4111.282,4200.0,0.16624590290948238,0.022986003140174238,0.043699805087312325,0.08770901100098624,0.18407162211664402,0.3755808552085299,0.15118646094600577,0.4083635696303801,0.09029605026459468,0.21711391482763626,0.31522099645327334,0.08122602491525392,0.024154726533712742,0.06722339422817457
1799,4210.769,4237.949,4124.615,4116.923,4206.667,0.16624590290948238,0.022986003140174238,0.043699805087312325,0.08770901100098624,0.18407162211664402,0.3755808552085299,0.15118646094600577,0.4083635696303801,0.09029605026459468,0.21711391482763626,0.31522099645327334,0.08122602491525392,0.024154726533712742,0.06722339422817457
1806,4227.692,4249.231,4141.538,4139.487,4224.103,0.16624590290948238,0.022986003140174238,0.043699805087312325,0.08770901100098624,0.18407162211664402,0.3755808552085299,0.15118646094600577,0.4083635696303801,0.09029605026459468,0.21711391482763626,0.31522099645327334,0.08122602491525392,0.024154726533712742,0.06722339422817457
1813,4222.051,4243.59,4130.769,4136.41,4214.359,0.16624590290948238,0.022986003140174238,0.043699805087312325,0.08770901100098624,0.18407162211664402,0.3755808552085299,0.15118646094600577,0.4083635696303801,0.09029605026459468,0.21711391482763626,0.31522099645327334,0.08122602491525392,0.024154726533712742,0.06722339422817457
1820,4213.846,4237.949,4120.0,4125.128,4202.051,0.16624590290948238,0.022986003140174238,0.043699805087312325,0.08770901100098624,0.18407162211664402,0.3755808552085299,0.15118646094600577,0.4083635696303801,0.09029605026459468,0.21711391482763626,0.31522099645327334,0.08122602491525392,0.024154726533712742,0.06722339422817457
1827,4218.462,4245.641,4125.641,4132.821,4218.974,0.16624590290948238,0.022986003140174238,0.043699805087312325,0.08770901100098624,0.18407162211664402,0.3755808552085299,0.15118646094600577,0.4083635696303801,0.09029605026459468,0.21711391482763626,0.31522099645327334,0.08122602491525392,0.024154726533712742,0.06722339422817457
1834,4200.513,4238.462,4111.795,4121.026,4211.795,0.16624590290948238,0.022986003140174238,0.043699805087312325,0.08770901100098624,0.18407162211664402,0.3755808552085299,0.15118646094600577,0.4083635696303801,0.09029605026459468,0.21711391482763626,0.31522099645327334,0.08122602491525392,0.024154726533712742,0.06722339422817457
1841,4194.359,4231.795,4094.359,4117.436,4190.769,0.16624590290948238,0.022986003140174238,0.043699805087312325,0.08770901100098624,0.18407162211664402,0.3755808552085299,0.15118646094600577,0.4083635696303801,0.09029605026459468,0.21711391482763626,0.31522099645327334,0.08122602491525392,0.024154726533712742,0.06722339422817457
1848,4217.949,4238.974,4119.487,4138.974,4205.128,0.16624590290948238,0.022986003140174238,0.043699805087312325,0.08770901100098624,0.18407162211664402,0.3755808552085299,0.15118646094600577,0.4083635696303801,0.09029605026459468,0.21711391482763626,0.31522099645327334,0.08122602491525392,0.024154726533712742,0.06722339422817457
1855,4213.333,4235.385,4137.949,4134.872,4213.846,0.16624590290948238,0.022986003140174238,0.043699805087312325,0.08770901100098624,0.18407162211664402,0.3755808552085299,0.15118646094600577,0.4083635696303801,0.09029605026459468,0.21711391482763626,0.31522099645327334,0.08122602491525392,0.024154726533712742,0.06722339422817457
1862,4174.359,4211.282,4113.333,4104.615,4174.872,0.16624590290948238,0.022986003140174238,0.043699805087312325,0.08770901100098624,0.18407162211664402,0.3755808552085299,0.15118646094600577,0.4083635696303801,0.09029605026459468,0.21711391482763626,0.31522099645327334,0.08122602491525392,0.024154726533712742,0.06722339422817457
1869,4160.0,4193.333,4098.974,4094.872,4147.692,0.16624590290948238,0.022986003140174238,0.043699805087312325,0.08770901100098624,0.18407162211664402,0.3755808552085299,0.15118646094600577,0.4083635696303801,0.09029605026459468,0.21711391482763626,0.31522099645327334,0.08122602491525392,0.024154726533712742,0.06722339422817457
1876,4180.513,4218.974,4117.436,4112.308,4180.0,0.16624590290948238,0.022986003140174238,0.043699805087312325,0.08770901100098624,0.18407162211664402,0.3755808552085299,0.15118646094600577,0.4083635696303801,0.09029605026459468,0.21711391482763626,0.31522099645327334,0.08122602491525392,0.024154726533712742,0.06722339422817457
1883,4218.974,4261.538,4155.385,4146.154,4215.385,0.16624590290948238,0.022986003140174238,0.043699805087312325,0.08770901100098624,0.18407162211664402,0.3755808552085299,0.15118646094600577,0.4083635696303801,0.09029605026459468,0.21711391482763626,0.31522099645327334,0.08122602491525392,0.024154726533712742,0.06722339422817457
1890,4244.615,4271.282,4171.282,4168.205,4217.949,0.16624590290948238,0.022986003140174238,0.043699805087312325,0.08770901100098624,0.18407162211664402,0.3755808552085299,0.15118646094600577,0.4083635696303801,0.09029605026459468,0.21711391482763626,0.31522099645327334,0.08122602491525392,0.024154726533712742,0.06722339422817457
1897,4229.231,4262.051,4158.462,4153.333,4203.59,0.16624590290948238,0.022986003140174238,0.043699805087312325,0.08770901100098624,0.18407162211664402,0.3755808552085299,0.15118646094600577,0.4083635696303801,0.09029605026459468,0.21711391482763626,0.31522099645327334,0.08122602491525392,0.024154726533712742,0.06722339422817457
1904,4216.923,4259.487,4150.769,4148.718,4196.41,0.16624590290948238,0.022986003140174238,0.043699805087312325,0.08770901100098624,0.18407162211664402,0.3755808552085299,0.15118646094600577,0.4083635696303801,0.09029605026459468,0.21711391482763626,0.31522099645327334,0.08122602491525392,0.024154726533712742,0.06722339422817457
1911,4220.0,4249.231,4144.615,4157.949,4193.846,0.16624590290948238,0.022986003140174238,0.043699805087312325,0.08770901100098624,0.18407162211664402,0.3755808552085299,0.15118646094600577,0.4083635696303801,0.09029605026459468,0.21711391482763626,0.31522099645327334,0.08122602491525392,0.024154726533712742,0.06722339422817457
1918,4214.872,4233.333,4137.436,4146.667,4182.564,0.16624590290948238,0.022986003140174238,0.043699805087312325,0.08770901100098624,0.18407162211664402,0.3755808552085299,0.15118646094600577,0.4083635696303801,0.09029605026459468,0.21711391482763626,0.31522099645327334,0.08122602491525392,0.024154726533712742,0.06722339422817457
1925,4208.718,4235.385,4135.385,4135.385,4178.974,0.16624590290948238,0.022986003140174238,0.043699805087312325,0.08770901100098624,0.18407162211664402,0.3755808552085299,0.15118646094600577,0.4083635696303801,0.09029605026459468,0.21711391482763626,0.31522099645327334,0.08122602491525392,0.024154726533712742,0.06722339422817457
1932,4205.128,4238.462,4134.872,4129.231,4177.436,0.16624590290948238,0.022986003140174238,0.043699805087312325,0.08770901100098624,0.18407162211664402,0.3755808552085299,0.15118646094600577,0.4083635696303801,0.09029605026459468,0.21711391482763626,0.31522099645327334,0.08122602491525392,0.024154726533712742,0.06722339422817457
1939,4210.769,4243.59,4131.282,4133.846,4185.641,0.16624590290948238,0.022986003140174238,0.043699805087312325,0.08770901100098624,0.18407162211664402,0.3755808552085299,0.15118646094600577,0.4083635696303801,0.09029605026459468,0.21711391482763626,0.31522099645327334,0.08122602491525392,0.024154726533712742,0.06722339422817457
1946,4227.692,4260.0,4136.41,4154.359,4202.564,0.16624590290948238,0.022986003140174238,0.043699805087312325,0.08770901100098624,0.18407162211664402,0.3755808552085299,0.15118646094600577,0.4083635696303801,0.09029605026459468,0.21711391482763626,0.31522099645327334,0.08122602491525392,0.024154726533712742,0.06722339422817457
1953,4237.436,4262.564,4156.41,4163.077,4200.0,0.16624590290948238,0.022986003140174238,0.043699805087312325,0.08770901100098624,0.18407162211664402,0.3755808552085299,0.15118646094600577,0.4083635696303801,0.09029605026459468,0.21711391482763626,0.31522099645327334,0.08122602491525392,0.024154726533712742,0.06722339422817457
1960,4247.692,4257.949,4175.897,4161.026,4201.026,0.16624590290948238,0.022986003140174238,0.043699805087312325,0.08770901100098624,0.18407162211664402,0.3755808552085299,0.15118646094600577,0.4083635696303801,0.09029605026459468,0.21711391482763626,0.31522099645327334,0.08122602491525392,0.024154726533712742,0.06722339422817457
1967,4258.462,4279.487,4179.487,4167.179,4220.513,0.16624590290948238,0.022986003140174238,0.043699805087312325,0.08770901100098624,0.18407162211664402,0.3755808552085299,0.15118646094600577,0.4083635696303801,0.09029605026459468,0.21711391482763626,0.31522099645327334,0.08122602491525392,0.024154726533712742,0.06722339422817457
1974,4246.667,4294.359,4170.769,4162.051,4215.897,0.16624590290948238,0.022986003140174238,0.043699805087312325,0.08770901100098624,0.18407162211664402,0.3755808552085299,0.15118646094600577,0.4083635696303801,0.09029605026459468,0.21711391482763626,0.31522099645327334,0.08122602491525392,0.024154726533712742,0.06722339422817457
1981,4237.949,4269.744,4166.154,4153.333,4192.308,0.16624590290948238,0.022986003140174238,0.043699805087312325,0.08770901100098624,0.18407162211664402,0.3755808552085299,0.15118646094600577,0.4083635696303801,0.09029605026459468,0.21711391482763626,0.31522099645327334,0.08122602491525392,0.024154726533712742,0.06722339422817457
1988,4246.667,4267.692,4165.128,4164.615,4215.897,0.16624590290948238,0.022986003140174238,0.043699805087312325,0.08770901100098624,0.18407162211664402,0.3755808552085299,0.15118646094600577,0.4083635696303801,0.09029605026459468,0.21711391482763626,0.31522099645327334,0.08122602491525392,0.024154726533712742,0.06722339422817457
1995,4246.154,4289.744,4171.282,4169.231,4248.205,0.16624590290948238,0.022986003140174238,0.043699805087312325,0.08770901100098624,0.18407162211664402,0.3755808552085299,0.15118646094600577,0.4083635696303801,0.09029605026459468,0.21711391482763626,0.31522099645327334,0.08122602491525392,0.024154726533712742,0.06722339422817457
2002,4252.821,4283.077,4183.59,4167.179,4238.462,0.16624590290948238,0.022986003140174238,0.043699805087312325,0.08770901100098624,0.18407162211664402,0.3755808552085299,0.15118646094600577,0.4083635696303801,0.09029605026459468,0.21711391482763626,0.31522099645327334,0.08122602491525392,0.024154726533712742,0.06722339422817457
2009,4261.538,4280.0,4189.744,4173.333,4230.256,0.16624590290948238,0.022986003140174238,0.043699805087312325,0.08770901100098624,0.18407162211664402,0.3755808552085299,0.15118646094600577,0.4083635696303801,0.09029605026459468,0.21711391482763626,0.31522099645327334,0.08122602491525392,0.024154726533712742,0.06722339422817457
2016,4237.949,4285.128,4187.179,4161.026,4211.282,0.16624590290948238,0.022986003140174238,0.043699805087312325,0.08770901100098624,0.18407162211664402,0.3755808552085299,0.15118646094600577,0.4083635696303801,0.09029605026459468,0.21711391482763626,0.31522099645327334,0.08122602491525392,0.024154726533712742,0.06722339422817457
2023,4219.487,4279.487,4181.026,4150.256,4196.923,0.16624590290948238,0.022986003140174238,0.043699805087312325,0.08770901100098624,0.18407162211664402,0.3755808552085299,0.15118646094600577,0.4083635696303801,0.09029605026459468,0.21711391482763626,0.31522099645327334,0.08122602491525392,0.024154726533712742,0.06722339422817457
2030,4219.487,4265.641,4166.667,4151.795,4201.538,0.16624590290948238,0.022986003140174238,0.043699805087312325,0.08770901100098624,0.18407162211664402,0.3755808552085299,0.15118646094600577,0.4083635696303801,0.09029605026459468,0.21711391482763626,0.31522099645327334,0.08122602491525392,0.024154726533712742,0.06722339422817457
2037,4208.718,4240.513,4151.795,4135.897,4193.846,0.16624590290948238,0.022986003140174238,0.043699805087312325,0.08770901100098624,0.18407162211664402,0.3755808552085299,0.15118646094600577,0.4083635696303801,0.09029605026459468,0.21711391482763626,0.31522099645327334,0.08122602491525392,0.024154726533712742,0.06722339422817457
2044,4204.615,4237.436,4155.385,4122.564,4187.692,0.16624590290948238,0.022986003140174238,0.043699805087312325,0.08770901100098624,0.18407162211664402,0.3755808552085299,0.15118646094600577,0.4083635696303801,0.09029605026459468,0.21711391482763626,0.31522099645327334,0.08122602491525392,0.024154726533712742,0.06722339422817457
2051,4218.974,4265.641,4171.282,4141.026,4199.487,0.16624590290948238,0.022986003140174238,0.043699805087312325,0.08770901100098624,0.18407162211664402,0.3755808552085299,0.15118646094600577,0.4083635696303801,0.09029605026459468,0.21711391482763626,0.31522099645327334,0.08122602491525392,0.024154726533712742,0.06722339422817457
2058,4237.436,4281.026,4177.949,4176.923,4225.641,0.16624590290948238,0.022986003140174238,0.043699805087312325,0.08770901100098624,0.18407162211664402,0.3755808552085299,0.15118646094600577,0.4083635696303801,0.09029605026459468,0.21711391482763626,0.31522099645327334,0.08122602491525392,0.024154726533712742,0.06722339422817457
2065,4244.103,4274.359,4174.872,4180.513,4238.974,0.16624590290948238,0.022986003140174238,0.043699805087312325,0.08770901100098624,0.18407162211664402,0.3755808552085299,0.15118646094600577,0.4083635696303801,0.09029605026459468,0.21711391482763626,0.31522099645327334,0.08122602491525392,0.024154726533712742,0.06722339422817457
2072,4227.692,4266.667,4167.179,4143.077,4216.41,0.16624590290948238,0.022986003140174238,0.043699805087312325,0.08770901100098624,0.18407162211664402,0.3755808552085299,0.15118646094600577,0.4083635696303801,0.09029605026459468,0.21711391482763626,0.31522099645327334,0.08122602491525392,0.024154726533712742,0.06722339422817457
2079,4210.769,4261.538,4154.359,4123.59,4201.538,0.16624590290948238,0.022986003140174238,0.043699805087312325,0.08770901100098624,0.18407162211664402,0.3755808552085299,0.15118646094600577,0.4083635696303801,0.09029605026459468,0.21711391482763626,0.31522099645327334,0.08122602491525392,0.024154726533712742,0.06722339422817457
2086,4216.923,4270.769,4153.333,4143.59,4227.179,0.16624590290948238,0.022986003140174238,0.043699805087312325,0.08770901100098624,0.18407162211664402,0.3755808552085299,0.15118646094600577,0.4083635696303801,0.09029605026459468,0.21711391482763626,0.31522099645327334,0.08122602491525392,0.024154726533712742,0.06722339422817457
2093,4233.333,4281.538,4166.154,4161.538,4241.026,0.16624590290948238,0.022986003140174238,0.043699805087312325,0.08770901100098624,0.18407162211664402,0.3755808552085299,0.15118646094600577,0.4083635696303801,0.09029605026459468,0.21711391482763626,0.31522099645327334,0.08122602491525392,0.024154726533712742,0.06722339422817457
2100,4236.41,4271.282,4168.205,4155.897,4221.026,0.16624590290948238,0.022986003140174238,0.043699805087312325,0.08770901100098624,0.18407162211664402,0.3755808552085299,0.15118646094600577,0.4083635696303801,0.09029605026459468,0.21711391482763626,0.31522099645327334,0.08122602491525392,0.024154726533712742,0.06722339422817457
2107,4224.103,4260.513,4158.974,4138.974,4220.513,0.16624590290948238,0.022986003140174238,0.043699805087312325,0.08770901100098624,0.18407162211664402,0.3755808552085299,0.15118646094600577,0.4083635696303801,0.09029605026459468,0.21711391482763626,0.31522099645327334,0.08122602491525392,0.024154726533712742,0.06722339422817457
2114,4206.154,4255.897,4154.359,4134.359,4228.718,0.16624590290948238,0.022986003140174238,0.043699805087312325,0.08770901100098624,0.18407162211664402,0.3755808552085299,0.15118646094600577,0.4083635696303801,0.09029605026459468,0.21711391482763626,0.31522099645327334,0.08122602491525392,0.024154726533712742,0.06722339422817457
2121,4204.615,4256.41,4161.538,4146.154,4216.41,0.16624590290948238,0.022986003140174238,0.043699805087312325,0.08770901100098624,0.18407162211664402,0.3755808552085299,0.15118646094600577,0.4083635696303801,0.09029605026459468,0.21711391482763626,0.31522099645327334,0.08122602491525392,0.024154726533712742,0.06722339422817457
2128,4222.564,4264.103,4168.205,4143.077,4215.897,0.16624590290948238,0.022986003140174238,0.043699805087312325,0.08770901100098624,0.18407162211664402,0.3755808552085299,0.15118646094600577,0.4083635696303801,0.09029605026459468,0.21711391482763626,0.31522099645327334,0.08122602491525392,0.024154726533712742,0.06722339422817457
2135,4221.026,4260.513,4156.41,4117.949,4220.0,0.16624590290948238,0.022986003140174238,0.043699805087312325,0.08770901100098624,0.18407162211664402,0.3755808552085299,0.15118646094600577,0.4083635696303801,0.09029605026459468,0.21711391482763626,0.31522099645327334,0.08122602491525392,0.024154726533712742,0.06722339422817457
2142,4195.385,4248.718,4138.462,4105.128,4209.231,0.16624590290948238,0.022986003140174238,0.043699805087312325,0.08770901100098624,0.18407162211664402,0.3755808552085299,0.15118646094600577,0.4083635696303801,0.09029605026459468,0.21711391482763626,0.31522099645327334,0.08122602491525392,0.024154726533712742,0.06722339422817457
2149,4203.59,4261.538,4143.59,4129.744,4220.0,0.16624590290948238,0.022986003140174238,0.043699805087312325,0.08770901100098624,0.18407162211664402,0.3755808552085299,0.15118646094600577,0.4083635696303801,0.09029605026459468,0.21711391482763626,0.31522099645327334,0.08122602491525392,0.024154726533712742,0.06722339422817457
2156,4249.744,4293.846,4166.667,4170.256,4262.051,0.16624590290948238,0.022986003140174238,0.043699805087312325,0.08770901100098624,0.18407162211664402,0.3755808552085299,0.15118646094600577,0.4083635696303801,0.09029605026459468,0.21711391482763626,0.31522099645327334,0.08122602491525392,0.024154726533712742,0.06722339422817457
2163,4261.026,4291.795,4176.923,4181.026,4262.051,0.16624590290948238,0.022986003140174238,0.043699805087312325,0.08770901100098624,0.18407162211664402,0.3755808552085299,0.15118646094600577,0.4083635696303801,0.09029605026459468,0.21711391482763626,0.31522099645327334,0.08122602491525392,0.024154726533712742,0.06722339422817457
2170,4235.897,4270.769,4157.949,4166.154,4221.538,0.16624590290948238,0.022986003140174238,0.043699805087312325,0.08770901100098624,0.18407162211664402,0.3755808552085299,0.15118646094600577,0.4083635696303801,0.09029605026459468,0.21711391482763626,0.31522099645327334,0.08122602491525392,0.024154726533712742,0.06722339422817457
2177,4230.769,4273.846,4135.385,4161.026,4224.615,0.16624590290948238,0.022986003140174238,0.043699805087312325,0.08770901100098624,0.18407162211664402,0.3755808552085299,0.15118646094600577,0.4083635696303801,0.09029605026459468,0.21711391482763626,0.31522099645327334,0.08122602491525392,0.024154726533712742,0.06722339422817457
2184,4236.41,4269.231,4132.821,4162.051,4239.487,0.16624590290948238,0.022986003140174238,0.043699805087312325,0.08770901100098624,0.18407162211664402,0.3755808552085299,0.15118646094600577,0.4083635696303801,0.09029605026459468,0.21711391482763626,0.31522099645327334,0.08122602491525392,0.024154726533712742,0.06722339422817457
2191,4226.154,4248.205,4140.0,4162.051,4230.769,0.16624590290948238,0.022986003140174238,0.043699805087312325,0.08770901100098624,0.18407162211664402,0.3755808552085299,0.15118646094600577,0.4083635696303801,0.09029605026459468,0.21711391482763626,0.31522099645327334,0.08122602491525392,0.024154726533712742,0.06722339422817457
2198,4223.077,4261.026,4151.282,4166.154,4238.974,0.16624590290948238,0.022986003140174238,0.043699805087312325,0.08770901100098624,0.18407162211664402,0.3755808552085299,0.15118646094600577,0.4083635696303801,0.09029605026459468,0.21711391482763626,0.31522099645327334,0.08122602491525392,0.024154726533712742,0.06722339422817457
2205,4243.077,4280.0,4163.077,4172.308,4254.872,0.16624590290948238,0.022986003140174238,0.043699805087312325,0.08770901100098624,0.18407162211664402,0.3755808552085299,0.15118646094600577,0.4083635696303801,0.09029605026459468,0.21711391482763626,0.31522099645327334,0.08122602491525392,0.024154726533712742,0.06722339422817457
2212,4269.231,4280.0,4168.205,4197.436,4263.59,0.16624590290948238,0.022986003140174238,0.043699805087312325,0.08770901100098624,0.18407162211664402,0.3755808552085299,0.15118646094600577,0.4083635696303801,0.09029605026459468,0.21711391482763626,0.31522099645327334,0.08122602491525392,0.024154726533712742,0.06722339422817457
2219,4266.667,4288.718,4175.897,4208.718,4254.359,0.16624590290948238,0.022986003140174238,0.043699805087312325,0.08770901100098624,0.18407162211664402,0.3755808552085299,0.15118646094600577,0.4083635696303801,0.09029605026459468,0.21711391482763626,0.31522099645327334,0.08122602491525392,0.024154726533712742,0.06722339422817457
2226,4251.795,4285.641,4181.538,4191.795,4238.974,0.16624590290948238,0.022986003140174238,0.043699805087312325,0.08770901100098624,0.18407162211664402,0.3755808552085299,0.15118646094600577,0.4083635696303801,0.09029605026459468,0.21711391482763626,0.31522099645327334,0.08122602491525392,0.024154726533712742,0.06722339422817457
2233,4254.872,4260.513,4163.077,4195.385,4249.744,0.16624590290948238,0.022986003140174238,0.043699805087312325,0.08770901100098624,0.18407162211664402,0.3755808552085299,0.15118646094600577,0.4083635696303801,0.09029605026459468,0.21711391482763626,0.31522099645327334,0.08122602491525392,0.024154726533712742,0.06722339422817457
2240,4252.821,4260.0,4149.231,4199.487,4263.59,0.16624590290948238,0.022986003140174238,0.043699805087312325,0.08770901100098624,0.18407162211664402,0.3755808552085299,0.15118646094600577,0.4083635696303801,0.09029605026459468,0.21711391482763626,0.31522099645327334,0.08122602491525392,0.024154726533712742,0.06722339422817457
2247,4245.128,4279.487,4169.744,4179.487,4246.154,0.16624590290948238,0.022986003140174238,0.043699805087312325,0.08770901100098624,0.18407162211664402,0.3755808552085299,0.15118646094600577,0.4083635696303801,0.09029605026459468,0.21711391482763626,0.31522099645327334,0.08122602491525392,0.024154726533712742,0.06722339422817457
2254,4263.59,4287.179,4183.59,4184.103,4245.128,0.16624590290948238,0.022986003140174238,0.043699805087312325,0.08770901100098624,0.18407162211664402,0.3755808552085299,0.15118646094600577,0.4083635696303801,0.09029605026459468,0.21711391482763626,0.31522099645327334,0.08122602491525392,0.024154726533712742,0.06722339422817457
2261,4270.256,4281.538,4158.974,4188.718,4256.41,0.16624590290948238,0.022986003140174238,0.043699805087312325,0.08770901100098624,0.18407162211664402,0.3755808552085299,0.15118646094600577,0.4083635696303801,0.09029605026459468,0.21711391482763626,0.31522099645327334,0.08122602491525392,0.024154726533712742,0.06722339422817457
2268,4238.974,4262.564,4131.795,4144.103,4223.077,0.16624590290948238,0.022986003140174238,0.043699805087312325,0.08770901100098624,0.18407162211664402,0.3755808552085299,0.15118646094600577,0.4083635696303801,0.09029605026459468,0.21711391482763626,0.31522099645327334,0.08122602491525392,0.024154726533712742,0.06722339422817457
2275,4227.692,4245.641,4123.59,4121.026,4200.0,0.16624590290948238,0.022986003140174238,0.043699805087312325,0.08770901100098624,0.18407162211664402,0.3755808552085299,0.15118646094600577,0.4083635696303801,0.09029605026459468,0.21711391482763626,0.31522099645327334,0.08122602491525392,0.024154726533712742,0.06722339422817457
2282,4239.487,4244.103,4119.487,4139.487,4207.692,0.16624590290948238,0.022986003140174238,0.043699805087312325,0.08770901100098624,0.18407162211664402,0.3755808552085299,0.15118646094600577,0.4083635696303801,0.09029605026459468,0.21711391482763626,0.31522099645327334,0.08122602491525392,0.024154726533712742,0.06722339422817457
2289,4233.333,4237.436,4123.59,4142.051,4190.769,0.16624590290948238,0.022986003140174238,0.043699805087312325,0.08770901100098624,0.18407162211664402,0.3755808552085299,0.15118646094600577,0.4083635696303801,0.09029605026459468,0.21711391482763626,0.31522099645327334,0.08122602491525392,0.024154726533712742,0.06722339422817457
2296,4225.128,4230.769,4131.795,4141.538,4184.615,0.16624590290948238,0.022986003140174238,0.043699805087312325,0.08770901100098624,0.18407162211664402,0.3755808552085299,0.15118646094600577,0.4083635696303801,0.09029605026459468,0.21711391482763626,0.31522099645327334,0.08122602491525392,0.024154726533712742,0.06722339422817457
2303,4226.154,4249.744,4132.821,4159.487,4223.59,0.16624590290948238,0.022986003140174238,0.043699805087312325,0.08770901100098624,0.18407162211664402,0.3755808552085299,0.15118646094600577,0.4083635696303801,0.09029605026459468,0.21711391482763626,0.31522099645327334,0.08122602491525392,0.024154726533712742,0.06722339422817457
2310,4232.308,4257.436,4145.128,4171.795,4243.077,0.16624590290948238,0.022986003140174238,0.043699805087312325,0.08770901100098624,0.18407162211664402,0.3755808552085299,0.15118646094600577,0.4083635696303801,0.09029605026459468,0.21711391482763626,0.31522099645327334,0.08122602491525392,0.024154726533712742,0.06722339422817457
2317,4238.974,4237.436,4156.923,4173.846,4218.462,0.16624590290948238,0.022986003140174238,0.043699805087312325,0.08770901100098624,0.18407162211664402,0.3755808552085299,0.15118646094600577,0.4083635696303801,0.09029605026459468,0.21711391482763626,0.31522099645327334,0.08122602491525392,0.024154726533712742,0.06722339422817457
2324,4231.282,4233.846,4147.179,4166.667,4203.077,0.16624590290948238,0.022986003140174238,0.043699805087312325,0.08770901100098624,0.18407162211664402,0.3755808552085299,0.15118646094600577,0.4083635696303801,0.09029605026459468,0.21711391482763626,0.31522099645327334,0.08122602491525392,0.024154726533712742,0.06722339422817457
2331,4221.538,4247.692,4136.923,4155.385,4210.769,0.16624590290948238,0.022986003140174238,0.043699805087312325,0.08770901100098624,0.18407162211664402,0.3755808552085299,0.15118646094600577,0.4083635696303801,0.09029605026459468,0.21711391482763626,0.31522099645327334,0.08122602491525392,0.024154726533712742,0.06722339422817457
2338,4224.103,4237.949,4128.205,4150.256,4209.231,0.16624590290948238,0.022986003140174238,0.043699805087312325,0.08770901100098624,0.18407162211664402,0.3755808552085299,0.15118646094600577,0.4083635696303801,0.09029605026459468,0.21711391482763626,0.31522099645327334,0.08122602491525392,0.024154726533712742,0.06722339422817457
2345,4214.359,4213.846,4108.718,4132.821,4176.41,0.16624590290948238,0.022986003140174238,0.043699805087312325,0.08770901100098624,0.18407162211664402,0.3755808552085299,0.15118646094600577,0.4083635696303801,0.09029605026459468,0.21711391482763626,0.31522099645327334,0.08122602491525392,0.024154726533712742,0.06722339422817457
2352,4205.128,4215.385,4099.487,4111.795,4157.436,0.16624590290948238,0.022986003140174238,0.043699805087312325,0.08770901100098624,0.18407162211664402,0.3755808552085299,0.15118646094600577,0.4083635696303801,0.09029605026459468,0.21711391482763626,0.31522099645327334,0.08122602491525392,0.024154726533712742,0.06722339422817457
2359,4221.538,4235.897,4110.256,4114.872,4184.615,0.16624590290948238,0.022986003140174238,0.043699805087312325,0.08770901100098624,0.18407162211664402,0.3755808552085299,0.15118646094600577,0.4083635696303801,0.09029605026459468,0.21711391482763626,0.31522099645327334,0.08122602491525392,0.024154726533712742,0.06722339422817457
2366,4245.641,4242.051,4127.179,4138.974,4199.487,0.16624590290948238,0.022986003140174238,0.043699805087312325,0.08770901100098624,0.18407162211664402,0.3755808552085299,0.15118646094600577,0.4083635696303801,0.09029605026459468,0.21711391482763626,0.31522099645327334,0.08122602491525392,0.024154726533712742,0.06722339422817457
2373,4257.436,4238.462,4133.333,4157.949,4183.59,0.16624590290948238,0.022986003140174238,0.043699805087312325,0.08770901100098624,0.18407162211664402,0.3755808552085299,0.15118646094600577,0.4083635696303801,0.09029605026459468,0.21711391482763626,0.31522099645327334,0.08122602491525392,0.024154726533712742,0.06722339422817457
2380,4253.333,4246.667,4137.436,4145.128,4186.667,0.16624590290948238,0.022986003140174238,0.043699805087312325,0.08770901100098624,0.18407162211664402,0.3755808552085299,0.15118646094600577,0.4083635696303801,0.09029605026459468,0.21711391482763626,0.31522099645327334,0.08122602491525392,0.024154726533712742,0.06722339422817457
2387,4263.077,4257.949,4152.821,4132.308,4212.308,0.16624590290948238,0.022986003140174238,0.043699805087312325,0.08770901100098624,0.18407162211664402,0.3755808552085299,0.15118646094600577,0.4083635696303801,0.09029605026459468,0.21711391482763626,0.31522099645327334,0.08122602491525392,0.024154726533712742,0.06722339422817457
2394,4279.487,4261.026,4155.897,4151.282,4218.974,0.16624590290948238,0.022986003140174238,0.043699805087312325,0.08770901100098624,0.18407162211664402,0.3755808552085299,0.15118646094600577,0.4083635696303801,0.09029605026459468,0.21711391482763626,0.31522099645327334,0.08122602491525392,0.024154726533712742,0.06722339422817457
2401,4260.0,4257.436,4147.179,4150.256,4201.026,0.16624590290948238,0.022986003140174238,0.043699805087312325,0.08770901100098624,0.18407162211664402,0.3755808552085299,0.15118646094600577,0.4083635696303801,0.09029605026459468,0.21711391482763626,0.31522099645327334,0.08122602491525392,0.024154726533712742,0.06722339422817457
2408,4240.513,4252.821,4154.359,4120.513,4193.846,0.16624590290948238,0.022986003140174238,0.043699805087312325,0.08770901100098624,0.18407162211664402,0.3755808552085299,0.15118646094600577,0.4083635696303801,0.09029605026459468,0.21711391482763626,0.31522099645327334,0.08122602491525392,0.024154726533712742,0.06722339422817457
2415,4254.359,4258.462,4148.205,4126.154,4208.205,0.16624590290948238,0.022986003140174238,0.043699805087312325,0.08770901100098624,0.18407162211664402,0.3755808552085299,0.15118646094600577,0.4083635696303801,0.09029605026459468,0.21711391482763626,0.31522099645327334,0.08122602491525392,0.024154726533712742,0.06722339422817457
2422,4252.821,4253.333,4123.59,4137.436,4207.179,0.16624590290948238,0.022986003140174238,0.043699805087312325,0.08770901100098624,0.18407162211664402,0.3755808552085299,0.15118646094600577,0.4083635696303801,0.09029605026459468,0.21711391482763626,0.31522099645327334,0.08122602491525392,0.024154726533712742,0.06722339422817457
2429,4236.923,4229.231,4120.513,4121.026,4191.795,0.16624590290948238,0.022986003140174238,0.043699805087312325,0.08770901100098624,0.18407162211664402,0.3755808552085299,0.15118646094600577,0.4083635696303801,0.09029605026459468,0.21711391482763626,0.31522099645327334,0.08122602491525392,0.024154726533712742,0.06722339422817457
2436,4229.744,4220.513,4121.538,4112.308,4195.897,0.16624590290948238,0.022986003140174238,0.043699805087312325,0.08770901100098624,0.18407162211664402,0.3755808552085299,0.15118646094600577,0.4083635696303801,0.09029605026459468,0.21711391482763626,0.31522099645327334,0.08122602491525392,0.024154726533712742,0.06722339422817457
2443,4228.718,4226.154,4112.821,4115.897,4204.103,0.16624590290948238,0.022986003140174238,0.043699805087312325,0.08770901100098624,0.18407162211664402,0.3755808552085299,0.15118646094600577,0.4083635696303801,0.09029605026459468,0.21711391482763626,0.31522099645327334,0.08122602491525392,0.024154726533712742,0.06722339422817457
2450,4239.487,4230.256,4126.154,4123.59,4204.615,0.16624590290948238,0.022986003140174238,0.043699805087312325,0.08770901100098624,0.18407162211664402,0.3755808552085299,0.15118646094600577,0.4083635696303801,0.09029605026459468,0.21711391482763626,0.31522099645327334,0.08122602491525392,0.024154726533712742,0.06722339422817457
2457,4226.667,4224.103,4113.846,4118.462,4203.59,0.16624590290948238,0.022986003140174238,0.043699805087312325,0.08770901100098624,0.18407162211664402,0.3755808552085299,0.15118646094600577,0.4083635696303801,0.09029605026459468,0.21711391482763626,0.31522099645327334,0.08122602491525392,0.024154726533712742,0.06722339422817457
2464,4181.026,4175.897,4057.949,4068.718,4157.949,0.16624590290948238,0.022986003140174238,0.043699805087312325,0.08770901100098624,0.18407162211664402,0.3755808552085299,0.15118646094600577,0.4083635696303801,0.09029605026459468,0.21711391482763626,0.31522099645327334,0.08122602491525392,0.024154726533712742,0.06722339422817457
2471,4161.538,4135.897,4040.0,4024.103,4111.795,0.16624590290948238,0.022986003140174238,0.043699805087312325,0.08770901100098624,0.18407162211664402,0.3755808552085299,0.15118646094600577,0.4083635696303801,0.09029605026459468,0.21711391482763626,0.31522099645327334,0.08122602491525392,0.024154726533712742,0.06722339422817457
2478,4174.872,4149.744,4056.41,4041.026,4141.538,0.16624590290948238,0.022986003140174238,0.043699805087312325,0.08770901100098624,0.18407162211664402,0.3755808552085299,0.15118646094600577,0.4083635696303801,0.09029605026459468,0.21711391482763626,0.31522099645327334,0.08122602491525392,0.024154726533712742,0.06722339422817457
2485,4172.308,4156.41,4048.205,4058.974,4172.821,0.16624590290948238,0.022986003140174238,0.043699805087312325,0.08770901100098624,0.18407162211664402,0.3755808552085299,0.15118646094600577,0.4083635696303801,0.09029605026459468,0.21711391482763626,0.31522099645327334,0.08122602491525392,0.024154726533712742,0.06722339422817457
2492,4177.949,4151.282,4053.846,4060.0,4166.154,0.16624590290948238,0.022986003140174238,0.043699805087312325,0.08770901100098624,0.18407162211664402,0.3755808552085299,0.15118646094600577,0.4083635696303801,0.09029605026459468,0.21711391482763626,0.31522099645327334,0.08122602491525392,0.024154726533712742,0.06722339422817457
2499,4205.641,4184.103,4089.231,4089.744,4185.128,0.16624590290948238,0.022986003140174238,0.043699805087312325,0.08770901100098624,0.18407162211664402,0.3755808552085299,0.15118646094600577,0.4083635696303801,0.09029605026459468,0.21711391482763626,0.31522099645327334,0.08122602491525392,0.024154726533712742,0.06722339422817457
2506,4211.795,4208.205,4104.103,4113.846,4204.103,0.16624590290948238,0.022986003140174238,0.043699805087312325,0.08770901100098624,0.18407162211664402,0.3755808552085299,0.15118646094600577,0.4083635696303801,0.09029605026459468,0.21711391482763626,0.31522099645327334,0.08122602491525392,0.024154726533712742,0.06722339422817457
2513,4204.103,4192.821,4094.872,4097.949,4184.615,0.16624590290948238,0.022986003140174238,0.043699805087312325,0.08770901100098624,0.18407162211664402,0.3755808552085299,0.15118646094600577,0.4083635696303801,0.09029605026459468,0.21711391482763626,0.31522099645327334,0.08122602491525392,0.024154726533712742,0.06722339422817457
2520,4202.051,4183.59,4085.641,4084.615,4176.41,0.16624590290948238,0.022986003140174238,0.043699805087312325,0.08770901100098624,0.18407162211664402,0.3755808552085299,0.15118646094600577,0.4083635696303801,0.09029605026459468,0.21711391482763626,0.31522099645327334,0.08122602491525392,0.024154726533712742,0.06722339422817457
2527,4208.205,4189.744,4086.667,4098.974,4189.231,0.16624590290948238,0.022986003140174238,0.043699805087312325,0.08770901100098624,0.18407162211664402,0.3755808552085299,0.15118646094600577,0.4083635696303801,0.09029605026459468,0.21711391482763626,0.31522099645327334,0.08122602491525392,0.024154726533712742,0.06722339422817457
2534,4213.846,4193.333,4102.564,4100.0,4181.026,0.16624590290948238,0.022986003140174238,0.043699805087312325,0.08770901100098624,0.18407162211664402,0.3755808552085299,0.15118646094600577,0.4083635696303801,0.09029605026459468,0.21711391482763626,0.31522099645327334,0.08122602491525392,0.024154726533712742,0.06722339422817457
2541,4203.59,4178.462,4088.205,4076.923,4161.026,0.16624590290948238,0.022986003140174238,0.043699805087312325,0.08770901100098624,0.18407162211664402,0.3755808552085299,0.15118646094600577,0.4083635696303801,0.09029605026459468,0.21711391482763626,0.31522099645327334,0.08122602491525392,0.024154726533712742,0.06722339422817457
2548,4189.744,4160.513,4057.949,4073.333,4160.0,0.16624590290948238,0.022986003140174238,0.043699805087312325,0.08770901100098624,0.18407162211664402,0.3755808552085299,0.15118646094600577,0.4083635696303801,0.09029605026459468,0.21711391482763626,0.31522099645327334,0.08122602491525392,0.024154726533712742,0.06722339422817457
2555,4204.615,4182.051,4076.41,4105.641,4179.487,0.16624590290948238,0.022986003140174238,0.043699805087312325,0.08770901100098624,0.18407162211664402,0.3755808552085299,0.15118646094600577,0.4083635696303801,0.09029605026459468,0.21711391482763626,0.31522099645327334,0.08122602491525392,0.024154726533712742,0.06722339422817457
2562,4220.513,4206.154,4098.974,4122.564,4184.103,0.16624590290948238,0.022986003140174238,0.043699805087312325,0.08770901100098624,0.18407162211664402,0.3755808552085299,0.15118646094600577,0.4083635696303801,0.09029605026459468,0.21711391482763626,0.31522099645327334,0.08122602491525392,0.024154726533712742,0.06722339422817457
2569,4214.359,4201.538,4082.564,4112.821,4180.513,0.16624590290948238,0.022986003140174238,0.043699805087312325,0.08770901100098624,0.18407162211664402,0.3755808552085299,0.15118646094600577,0.4083635696303801,0.09029605026459468,0.21711391482763626,0.31522099645327334,0.08122602491525392,0.024154726533712742,0.06722339422817457
2576,4223.077,4201.538,4075.897,4114.359,4196.41,0.16624590290948238,0.022986003140174238,0.043699805087312325,0.08770901100098624,0.18407162211664402,0.3755808552085299,0.15118646094600577,0.4083635696303801,0.09029605026459468,0.21711391482763626,0.31522099645327334,0.08122602491525392,0.024154726533712742,0.06722339422817457
2583,4218.462,4190.769,4073.846,4103.59,4185.128,0.16624590290948238,0.022986003140174238,0.043699805087312325,0.08770901100098624,0.18407162211664402,0.3755808552085299,0.15118646094600577,0.4083635696303801,0.09029605026459468,0.21711391482763626,0.31522099645327334,0.08122602491525392,0.024154726533712742,0.06722339422817457
2590,4175.385,4163.077,4051.282,4064.615,4143.59,0.16624590290948238,0.022986003140174238,0.043699805087312325,0.08770901100098624,0.18407162211664402,0.3755808552085299,0.15118646094600577,0.4083635696303801,0.09029605026459468,0.21711391482763626,0.31522099645327334,0.08122602491525392,0.024154726533712742,0.06722339422817457
2597,4151.795,4154.359,4035.385,4038.974,4129.231,0.16624590290948238,0.022986003140174238,0.043699805087312325,0.08770901100098624,0.18407162211664402,0.3755808552085299,0.15118646094600577,0.4083635696303801,0.09029605026459468,0.21711391482763626,0.31522099645327334,0.08122602491525392,0.024154726533712742,0.06722339422817457
2604,4165.128,4156.923,4046.154,4045.641,4136.923,0.16624590290948238,0.022986003140174238,0.043699805087312325,0.08770901100098624,0.18407162211664402,0.3755808552085299,0.15118646094600577,0.4083635696303801,0.09029605026459468,0.21711391482763626,0.31522099645327334,0.08122602491525392,0.024154726533712742,0.06722339422817457
2611,4195.385,4180.0,4078.974,4091.282,4167.179,0.16624590290948238,0.022986003140174238,0.043699805087312325,0.08770901100098624,0.18407162211664402,0.3755808552085299,0.15118646094600577,0.4083635696303801,0.09029605026459468,0.21711391482763626,0.31522099645327334,0.08122602491525392,0.024154726533712742,0.06722339422817457
2618,4229.231,4214.359,4109.231,4144.103,4209.744,0.16624590290948238,0.022986003140174238,0.043699805087312325,0.08770901100098624,0.18407162211664402,0.3755808552085299,0.15118646094600577,0.4083635696303801,0.09029605026459468,0.21711391482763626,0.31522099645327334,0.08122602491525392,0.024154726533712742,0.06722339422817457
2625,4233.333,4210.256,4100.513,4144.103,4203.077,0.16624590290948238,0.022986003140174238,0.043699805087312325,0.08770901100098624,0.18407162211664402,0.3755808552085299,0.15118646094600577,0.4083635696303801,0.09029605026459468,0.21711391482763626,0.31522099645327334,0.08122602491525392,0.024154726533712742,0.06722339422817457
2632,4215.385,4185.128,4086.667,4120.0,4169.231,0.16624590290948238,0.022986003140174238,0.043699805087312325,0.08770901100098624,0.18407162211664402,0.3755808552085299,0.15118646094600577,0.4083635696303801,0.09029605026459468,0.21711391482763626,0.31522099645327334,0.08122602491525392,0.024154726533712742,0.06722339422817457
2639,4219.487,4187.179,4104.103,4132.821,4186.154,0.16624590290948238,0.022986003140174238,0.043699805087312325,0.08770901100098624,0.18407162211664402,0.3755808552085299,0.15118646094600577,0.4083635696303801,0.09029605026459468,0.21711391482763626,0.31522099645327334,0.08122602491525392,0.024154726533712742,0.06722339422817457
2646,4230.256,4207.179,4115.897,4147.692,4214.872,0.16624590290948238,0.022986003140174238,0.043699805087312325,0.08770901100098624,0.18407162211664402,0.3755808552085299,0.15118646094600577,0.4083635696303801,0.09029605026459468,0.21711391482763626,0.31522099645327334,0.08122602491525392,0.024154726533712742,0.06722339422817457
2653,4229.231,4209.744,4107.692,4130.256,4194.359,0.16624590290948238,0.022986003140174238,0.043699805087312325,0.08770901100098624,0.18407162211664402,0.3755808552085299,0.15118646094600577,0.4083635696303801,0.09029605026459468,0.21711391482763626,0.31522099645327334,0.08122602491525392,0.024154726533712742,0.06722339422817457
2660,4231.282,4203.077,4095.897,4124.103,4182.051,0.16624590290948238,0.022986003140174238,0.043699805087312325,0.08770901100098624,0.18407162211664402,0.3755808552085299,0.15118646094600577,0.4083635696303801,0.09029605026459468,0.21711391482763626,0.31522099645327334,0.08122602491525392,0.024154726533712742,0.06722339422817457
2667,4229.744,4197.949,4097.436,4128.718,4192.308,0.16624590290948238,0.022986003140174238,0.043699805087312325,0.08770901100098624,0.18407162211664402,0.3755808552085299,0.15118646094600577,0.4083635696303801,0.09029605026459468,0.21711391482763626,0.31522099645327334,0.08122602491525392,0.024154726533712742,0.06722339422817457
2674,4228.718,4205.128,4107.692,4125.128,4192.821,0.16624590290948238,0.022986003140174238,0.043699805087312325,0.08770901100098624,0.18407162211664402,0.3755808552085299,0.15118646094600577,0.4083635696303801,0.09029605026459468,0.21711391482763626,0.31522099645327334,0.08122602491525392,0.024154726533712742,0.06722339422817457
2681,4232.308,4217.436,4109.744,4134.872,4198.974,0.16624590290948238,0.022986003140174238,0.043699805087312325,0.08770901100098624,0.18407162211664402,0.3755808552085299,0.15118646094600577,0.4083635696303801,0.09029605026459468,0.21711391482763626,0.31522099645327334,0.08122602491525392,0.024154726533712742,0.06722339422817457
