timestamp,AF3,T7,Pz,T8,AF4,AF3_theta,AF3_alpha,AF3_beta,T7_theta,T7_mu,T7_beta,Pz_alpha,Pz_beta,T8_theta,T8_mu,T8_beta,AF4_theta,AF4_alpha,AF4_beta
0,4251.282,4247.692,4120.513,4188.205,4242.564,0.22541045205315693,0.043361191897185354,0.03244693963419822,0.29041251621667163,0.0471905641306718,0.18671828473923827,0.0993943252094445,0.19170466859940424,0.20423188908721676,0.07668023458360278,0.2097338874570898,0.2306078653709547,0.03461928940505933,0.03978753414155093
7,4268.205,4258.462,4153.333,4197.436,4242.051,0.22541045205315693,0.043361191897185354,0.03244693963419822,0.29041251621667163,0.0471905641306718,0.18671828473923827,0.0993943252094445,0.19170466859940424,0.20423188908721676,0.07668023458360278,0.2097338874570898,0.2306078653709547,0.03461928940505933,0.03978753414155093
14,4287.692,4266.154,4190.256,4219.487,4251.282,0.22541045205315693,0.043361191897185354,0.03244693963419822,0.29041251621667163,0.0471905641306718,0.18671828473923827,0.0993943252094445,0.19170466859940424,0.20423188908721676,0.07668023458360278,0.2097338874570898,0.2306078653709547,0.03461928940505933,0.03978753414155093
21,4280.513,4262.564,4181.538,4211.282,4251.282,0.22541045205315693,0.043361191897185354,0.03244693963419822,0.29041251621667163,0.0471905641306718,0.18671828473923827,0.0993943252094445,0.19170466859940424,0.20423188908721676,0.07668023458360278,0.2097338874570898,0.2306078653709547,0.03461928940505933,0.03978753414155093
28,4268.718,4260.513,4162.051,4192.821,4240.513,0.22541045205315693,0.043361191897185354,0.03244693963419822,0.29041251621667163,0.0471905641306718,0.18671828473923827,0.0993943252094445,0.19170466859940424,0.20423188908721676,0.07668023458360278,0.2097338874570898,0.2306078653709547,0.03461928940505933,0.03978753414155093
35,4271.282,4257.949,4161.538,4203.59,4242.051,0.22541045205315693,0.043361191897185354,0.03244693963419822,0.29041251621667163,0.0471905641306718,0.18671828473923827,0.0993943252094445,0.19170466859940424,0.20423188908721676,0.07668023458360278,0.2097338874570898,0.2306078653709547,0.03461928940505933,0.03978753414155093
42,4269.231,4234.872,4164.103,4192.821,4235.897,0.22541045205315693,0.043361191897185354,0.03244693963419822,0.29041251621667163,0.0471905641306718,0.18671828473923827,0.0993943252094445,0.19170466859940424,0.20423188908721676,0.07668023458360278,0.2097338874570898,0.2306078653709547,0.03461928940505933,0.03978753414155093
49,4251.795,4220.513,4160.513,4149.744,4207.692,0.22541045205315693,0.043361191897185354,0.03244693963419822,0.29041251621667163,0.0471905641306718,0.18671828473923827,0.0993943252094445,0.19170466859940424,0.20423188908721676,0.07668023458360278,0.2097338874570898,0.2306078653709547,0.03461928940505933,0.03978753414155093
56,4230.769,4236.923,4132.821,4135.385,4190.769,0.22541045205315693,0.043361191897185354,0.03244693963419822,0.29041251621667163,0.0471905641306718,0.18671828473923827,0.0993943252094445,0.19170466859940424,0.20423188908721676,0.07668023458360278,0.2097338874570898,0.2306078653709547,0.03461928940505933,0.03978753414155093
63,4220.0,4236.41,4102.051,4154.359,4191.282,0.22541045205315693,0.043361191897185354,0.03244693963419822,0.29041251621667163,0.0471905641306718,0.18671828473923827,0.0993943252094445,0.19170466859940424,0.20423188908721676,0.07668023458360278,0.2097338874570898,0.2306078653709547,0.03461928940505933,0.03978753414155093
70,4212.308,4215.897,4104.615,4154.872,4184.103,0.22541045205315693,0.043361191897185354,0.03244693963419822,0.29041251621667163,0.0471905641306718,0.18671828473923827,0.0993943252094445,0.19170466859940424,0.20423188908721676,0.07668023458360278,0.2097338874570898,0.2306078653709547,0.03461928940505933,0.03978753414155093
77,4206.667,4216.41,4118.974,4144.103,4181.026,0.22541045205315693,0.043361191897185354,0.03244693963419822,0.29041251621667163,0.0471905641306718,0.18671828473923827,0.0993943252094445,0.19170466859940424,0.20423188908721676,0.07668023458360278,0.2097338874570898,0.2306078653709547,0.03461928940505933,0.03978753414155093
84,4231.282,4244.103,4126.154,4159.487,4211.795,0.22541045205315693,0.043361191897185354,0.03244693963419822,0.29041251621667163,0.0471905641306718,0.18671828473923827,0.0993943252094445,0.19170466859940424,0.20423188908721676,0.07668023458360278,0.2097338874570898,0.2306078653709547,0.03461928940505933,0.03978753414155093
91,4268.205,4257.949,4138.974,4181.538,4237.949,0.22541045205315693,0.043361191897185354,0.03244693963419822,0.29041251621667163,0.0471905641306718,0.18671828473923827,0.0993943252094445,0.19170466859940424,0.20423188908721676,0.07668023458360278,0.2097338874570898,0.2306078653709547,0.03461928940505933,0.03978753414155093
98,4279.487,4248.205,4152.308,4186.154,4237.436,0.22541045205315693,0.043361191897185354,0.03244693963419822,0.29041251621667163,0.0471905641306718,0.18671828473923827,0.0993943252094445,0.19170466859940424,0.20423188908721676,0.07668023458360278,0.2097338874570898,0.2306078653709547,0.03461928940505933,0.03978753414155093
105,4293.333,4253.333,4168.718,4197.436,4245.128,0.22541045205315693,0.043361191897185354,0.03244693963419822,0.29041251621667163,0.0471905641306718,0.18671828473923827,0.0993943252094445,0.19170466859940424,0.20423188908721676,0.07668023458360278,0.2097338874570898,0.2306078653709547,0.03461928940505933,0.03978753414155093
112,4317.436,4285.128,4194.872,4211.282,4264.615,0.22541045205315693,0.043361191897185354,0.03244693963419822,0.29041251621667163,0.0471905641306718,0.18671828473923827,0.0993943252094445,0.19170466859940424,0.20423188908721676,0.07668023458360278,0.2097338874570898,0.2306078653709547,0.03461928940505933,0.03978753414155093
119,4300.0,4293.846,4184.103,4203.077,4258.974,0.22541045205315693,0.043361191897185354,0.03244693963419822,0.29041251621667163,0.0471905641306718,0.18671828473923827,0.0993943252094445,0.19170466859940424,0.20423188908721676,0.07668023458360278,0.2097338874570898,0.2306078653709547,0.03461928940505933,0.03978753414155093
126,4263.59,4266.667,4137.949,4186.667,4229.744,0.22541045205315693,0.043361191897185354,0.03244693963419822,0.29041251621667163,0.0471905641306718,0.18671828473923827,0.0993943252094445,0.19170466859940424,0.20423188908721676,0.07668023458360278,0.2097338874570898,0.2306078653709547,0.03461928940505933,0.03978753414155093
133,4260.0,4240.0,4127.692,4173.846,4209.231,0.22541045205315693,0.043361191897185354,0.03244693963419822,0.29041251621667163,0.0471905641306718,0.18671828473923827,0.0993943252094445,0.19170466859940424,0.20423188908721676,0.07668023458360278,0.2097338874570898,0.2306078653709547,0.03461928940505933,0.03978753414155093
140,4263.077,4227.179,4140.0,4167.692,4205.128,0.22541045205315693,0.043361191897185354,0.03244693963419822,0.29041251621667163,0.0471905641306718,0.18671828473923827,0.0993943252094445,0.19170466859940424,0.20423188908721676,0.07668023458360278,0.2097338874570898,0.2306078653709547,0.03461928940505933,0.03978753414155093
147,4246.667,4226.154,4123.077,4169.231,4207.179,0.22541045205315693,0.043361191897185354,0.03244693963419822,0.29041251621667163,0.0471905641306718,0.18671828473923827,0.0993943252094445,0.19170466859940424,0.20423188908721676,0.07668023458360278,0.2097338874570898,0.2306078653709547,0.03461928940505933,0.03978753414155093
154,4230.256,4222.051,4114.872,4162.564,4196.41,0.22541045205315693,0.043361191897185354,0.03244693963419822,0.29041251621667163,0.0471905641306718,0.18671828473923827,0.0993943252094445,0.19170466859940424,0.20423188908721676,0.07668023458360278,0.2097338874570898,0.2306078653709547,0.03461928940505933,0.03978753414155093
161,4224.615,4218.974,4141.538,4149.231,4181.026,0.22541045205315693,0.043361191897185354,0.03244693963419822,0.29041251621667163,0.0471905641306718,0.18671828473923827,0.0993943252094445,0.19170466859940424,0.20423188908721676,0.07668023458360278,0.2097338874570898,0.2306078653709547,0.03461928940505933,0.03978753414155093
168,4222.051,4246.667,4149.744,4149.744,4190.769,0.22541045205315693,0.043361191897185354,0.03244693963419822,0.29041251621667163,0.0471905641306718,0.18671828473923827,0.0993943252094445,0.19170466859940424,0.20423188908721676,0.07668023458360278,0.2097338874570898,0.2306078653709547,0.03461928940505933,0.03978753414155093
175,4218.974,4261.538,4127.692,4154.872,4212.308,0.22541045205315693,0.043361191897185354,0.03244693963419822,0.29041251621667163,0.0471905641306718,0.18671828473923827,0.0993943252094445,0.19170466859940424,0.20423188908721676,0.07668023458360278,0.2097338874570898,0.2306078653709547,0.03461928940505933,0.03978753414155093
182,4217.436,4226.154,4118.974,4155.385,4208.205,0.22541045205315693,0.043361191897185354,0.03244693963419822,0.29041251621667163,0.0471905641306718,0.18671828473923827,0.0993943252094445,0.19170466859940424,0.20423188908721676,0.07668023458360278,0.2097338874570898,0.2306078653709547,0.03461928940505933,0.03978753414155093
189,4222.051,4204.615,4117.436,4162.564,4201.026,0.22541045205315693,0.043361191897185354,0.03244693963419822,0.29041251621667163,0.0471905641306718,0.18671828473923827,0.0993943252094445,0.19170466859940424,0.20423188908721676,0.07668023458360278,0.2097338874570898,0.2306078653709547,0.03461928940505933,0.03978753414155093
196,4222.051,4211.282,4098.974,4160.513,4206.667,0.22541045205315693,0.043361191897185354,0.03244693963419822,0.29041251621667163,0.0471905641306718,0.18671828473923827,0.0993943252094445,0.19170466859940424,0.20423188908721676,0.07668023458360278,0.2097338874570898,0.2306078653709547,0.03461928940505933,0.03978753414155093
203,4223.077,4207.692,4086.154,4158.974,4204.615,0.22541045205315693,0.043361191897185354,0.03244693963419822,0.29041251621667163,0.0471905641306718,0.18671828473923827,0.0993943252094445,0.19170466859940424,0.20423188908721676,0.07668023458360278,0.2097338874570898,0.2306078653709547,0.03461928940505933,0.03978753414155093
210,4234.872,4209.744,4107.692,4171.795,4206.154,0.22541045205315693,0.043361191897185354,0.03244693963419822,0.29041251621667163,0.0471905641306718,0.18671828473923827,0.0993943252094445,0.19170466859940424,0.20423188908721676,0.07668023458360278,0.2097338874570898,0.2306078653709547,0.03461928940505933,0.03978753414155093
217,4240.513,4226.667,4137.436,4171.795,4218.462,0.22541045205315693,0.043361191897185354,0.03244693963419822,0.29041251621667163,0.0471905641306718,0.18671828473923827,0.0993943252094445,0.19170466859940424,0.20423188908721676,0.07668023458360278,0.2097338874570898,0.2306078653709547,0.03461928940505933,0.03978753414155093
224,4241.026,4240.0,4146.667,4162.564,4228.205,0.22541045205315693,0.043361191897185354,0.03244693963419822,0.29041251621667163,0.0471905641306718,0.18671828473923827,0.0993943252094445,0.19170466859940424,0.20423188908721676,0.07668023458360278,0.2097338874570898,0.2306078653709547,0.03461928940505933,0.03978753414155093
231,4249.744,4250.256,4156.923,4169.744,4236.923,0.22541045205315693,0.043361191897185354,0.03244693963419822,0.29041251621667163,0.0471905641306718,0.18671828473923827,0.0993943252094445,0.19170466859940424,0.20423188908721676,0.07668023458360278,0.2097338874570898,0.2306078653709547,0.03461928940505933,0.03978753414155093
238,4250.769,4261.026,4160.0,4183.59,4249.744,0.22541045205315693,0.043361191897185354,0.03244693963419822,0.29041251621667163,0.0471905641306718,0.18671828473923827,0.0993943252094445,0.19170466859940424,0.20423188908721676,0.07668023458360278,0.2097338874570898,0.2306078653709547,0.03461928940505933,0.03978753414155093
245,4249.231,4263.59,4143.077,4189.231,4261.538,0.22541045205315693,0.043361191897185354,0.03244693963419822,0.29041251621667163,0.0471905641306718,0.18671828473923827,0.0993943252094445,0.19170466859940424,0.20423188908721676,0.07668023458360278,0.2097338874570898,0.2306078653709547,0.03461928940505933,0.03978753414155093
252,4262.051,4267.692,4142.051,4194.872,4263.59,0.22541045205315693,0.043361191897185354,0.03244693963419822,0.29041251621667163,0.0471905641306718,0.18671828473923827,0.0993943252094445,0.19170466859940424,0.20423188908721676,0.07668023458360278,0.2097338874570898,0.2306078653709547,0.03461928940505933,0.03978753414155093
259,4264.615,4260.513,4155.385,4182.564,4238.974,0.22541045205315693,0.043361191897185354,0.03244693963419822,0.29041251621667163,0.0471905641306718,0.18671828473923827,0.0993943252094445,0.19170466859940424,0.20423188908721676,0.07668023458360278,0.2097338874570898,0.2306078653709547,0.03461928940505933,0.03978753414155093
266,4246.154,4242.564,4150.769,4161.026,4209.744,0.22541045205315693,0.043361191897185354,0.03244693963419822,0.29041251621667163,0.0471905641306718,0.18671828473923827,0.0993943252094445,0.19170466859940424,0.20423188908721676,0.07668023458360278,0.2097338874570898,0.2306078653709547,0.03461928940505933,0.03978753414155093
273,4243.077,4239.487,4147.179,4165.641,4217.436,0.22541045205315693,0.043361191897185354,0.03244693963419822,0.29041251621667163,0.0471905641306718,0.18671828473923827,0.0993943252094445,0.19170466859940424,0.20423188908721676,0.07668023458360278,0.2097338874570898,0.2306078653709547,0.03461928940505933,0.03978753414155093
280,4246.667,4247.692,4160.0,4168.718,4233.846,0.22541045205315693,0.043361191897185354,0.03244693963419822,0.29041251621667163,0.0471905641306718,0.18671828473923827,0.0993943252094445,0.19170466859940424,0.20423188908721676,0.07668023458360278,0.2097338874570898,0.2306078653709547,0.03461928940505933,0.03978753414155093
287,4241.026,4259.487,4157.949,4162.051,4234.872,0.22541045205315693,0.043361191897185354,0.03244693963419822,0.29041251621667163,0.0471905641306718,0.18671828473923827,0.0993943252094445,0.19170466859940424,0.20423188908721676,0.07668023458360278,0.2097338874570898,0.2306078653709547,0.03461928940505933,0.03978753414155093
294,4253.846,4264.103,4149.744,4180.0,4247.179,0.22541045205315693,0.043361191897185354,0.03244693963419822,0.29041251621667163,0.0471905641306718,0.18671828473923827,0.0993943252094445,0.19170466859940424,0.20423188908721676,0.07668023458360278,0.2097338874570898,0.2306078653709547,0.03461928940505933,0.03978753414155093
301,4274.872,4261.538,4154.872,4196.41,4267.692,0.22541045205315693,0.043361191897185354,0.03244693963419822,0.29041251621667163,0.0471905641306718,0.18671828473923827,0.0993943252094445,0.19170466859940424,0.20423188908721676,0.07668023458360278,0.2097338874570898,0.2306078653709547,0.03461928940505933,0.03978753414155093
308,4268.718,4260.513,4155.897,4186.154,4266.667,0.22541045205315693,0.043361191897185354,0.03244693963419822,0.29041251621667163,0.0471905641306718,0.18671828473923827,0.0993943252094445,0.19170466859940424,0.20423188908721676,0.07668023458360278,0.2097338874570898,0.2306078653709547,0.03461928940505933,0.03978753414155093
315,4256.41,4249.231,4149.231,4181.538,4249.744,0.22541045205315693,0.043361191897185354,0.03244693963419822,0.29041251621667163,0.0471905641306718,0.18671828473923827,0.0993943252094445,0.19170466859940424,0.20423188908721676,0.07668023458360278,0.2097338874570898,0.2306078653709547,0.03461928940505933,0.03978753414155093
322,4247.692,4232.308,4142.051,4171.282,4234.872,0.22541045205315693,0.043361191897185354,0.03244693963419822,0.29041251621667163,0.0471905641306718,0.18671828473923827,0.0993943252094445,0.19170466859940424,0.20423188908721676,0.07668023458360278,0.2097338874570898,0.2306078653709547,0.03461928940505933,0.03978753414155093
329,4241.538,4248.718,4134.872,4153.333,4239.487,0.22541045205315693,0.043361191897185354,0.03244693963419822,0.29041251621667163,0.0471905641306718,0.18671828473923827,0.0993943252094445,0.19170466859940424,0.20423188908721676,0.07668023458360278,0.2097338874570898,0.2306078653709547,0.03461928940505933,0.03978753414155093
336,4262.051,4279.487,4140.0,4167.692,4267.179,0.22541045205315693,0.043361191897185354,0.03244693963419822,0.29041251621667163,0.0471905641306718,0.18671828473923827,0.0993943252094445,0.19170466859940424,0.20423188908721676,0.07668023458360278,0.2097338874570898,0.2306078653709547,0.03461928940505933,0.03978753414155093
343,4277.436,4267.179,4148.205,4173.333,4271.795,0.22541045205315693,0.043361191897185354,0.03244693963419822,0.29041251621667163,0.0471905641306718,0.18671828473923827,0.0993943252094445,0.19170466859940424,0.20423188908721676,0.07668023458360278,0.2097338874570898,0.2306078653709547,0.03461928940505933,0.03978753414155093
350,4266.667,4248.205,4154.872,4153.846,4251.282,0.22541045205315693,0.043361191897185354,0.03244693963419822,0.29041251621667163,0.0471905641306718,0.18671828473923827,0.0993943252094445,0.19170466859940424,0.20423188908721676,0.07668023458360278,0.2097338874570898,0.2306078653709547,0.03461928940505933,0.03978753414155093
357,4261.538,4255.897,4167.179,4157.949,4237.949,0.22541045205315693,0.043361191897185354,0.03244693963419822,0.29041251621667163,0.0471905641306718,0.18671828473923827,0.0993943252094445,0.19170466859940424,0.20423188908721676,0.07668023458360278,0.2097338874570898,0.2306078653709547,0.03461928940505933,0.03978753414155093
364,4253.333,4241.538,4162.564,4159.487,4217.949,0.22541045205315693,0.043361191897185354,0.03244693963419822,0.29041251621667163,0.0471905641306718,0.18671828473923827,0.0993943252094445,0.19170466859940424,0.20423188908721676,0.07668023458360278,0.2097338874570898,0.2306078653709547,0.03461928940505933,0.03978753414155093
371,4234.872,4222.564,4149.744,4150.769,4204.615,0.22541045205315693,0.043361191897185354,0.03244693963419822,0.29041251621667163,0.0471905641306718,0.18671828473923827,0.0993943252094445,0.19170466859940424,0.20423188908721676,0.07668023458360278,0.2097338874570898,0.2306078653709547,0.03461928940505933,0.03978753414155093
378,4240.513,4244.103,4147.692,4173.333,4224.615,0.22541045205315693,0.043361191897185354,0.03244693963419822,0.29041251621667163,0.0471905641306718,0.18671828473923827,0.0993943252094445,0.19170466859940424,0.20423188908721676,0.07668023458360278,0.2097338874570898,0.2306078653709547,0.03461928940505933,0.03978753414155093
385,4241.026,4256.41,4134.872,4174.359,4237.436,0.22541045205315693,0.043361191897185354,0.03244693963419822,0.29041251621667163,0.0471905641306718,0.18671828473923827,0.0993943252094445,0.19170466859940424,0.20423188908721676,0.07668023458360278,0.2097338874570898,0.2306078653709547,0.03461928940505933,0.03978753414155093
392,4215.897,4234.872,4115.385,4134.872,4220.0,0.22541045205315693,0.043361191897185354,0.03244693963419822,0.29041251621667163,0.0471905641306718,0.18671828473923827,0.0993943252094445,0.19170466859940424,0.20423188908721676,0.07668023458360278,0.2097338874570898,0.2306078653709547,0.03461928940505933,0.03978753414155093
399,4221.538,4242.564,4130.769,4131.795,4223.59,0.22541045205315693,0.043361191897185354,0.03244693963419822,0.29041251621667163,0.0471905641306718,0.18671828473923827,0.0993943252094445,0.19170466859940424,0.20423188908721676,0.07668023458360278,0.2097338874570898,0.2306078653709547,0.03461928940505933,0.03978753414155093
406,4257.436,4273.333,4152.821,4170.256,4253.846,0.22541045205315693,0.043361191897185354,0.03244693963419822,0.29041251621667163,0.0471905641306718,0.18671828473923827,0.0993943252094445,0.19170466859940424,0.20423188908721676,0.07668023458360278,0.2097338874570898,0.2306078653709547,0.03461928940505933,0.03978753414155093
413,4270.256,4272.308,4148.718,4190.256,4266.667,0.22541045205315693,0.043361191897185354,0.03244693963419822,0.29041251621667163,0.0471905641306718,0.18671828473923827,0.0993943252094445,0.19170466859940424,0.20423188908721676,0.07668023458360278,0.2097338874570898,0.2306078653709547,0.03461928940505933,0.03978753414155093
420,4265.128,4246.667,4152.821,4177.949,4252.308,0.22541045205315693,0.043361191897185354,0.03244693963419822,0.29041251621667163,0.0471905641306718,0.18671828473923827,0.0993943252094445,0.19170466859940424,0.20423188908721676,0.07668023458360278,0.2097338874570898,0.2306078653709547,0.03461928940505933,0.03978753414155093
427,4255.897,4231.795,4153.333,4146.667,4227.179,0.22541045205315693,0.043361191897185354,0.03244693963419822,0.29041251621667163,0.0471905641306718,0.18671828473923827,0.0993943252094445,0.19170466859940424,0.20423188908721676,0.07668023458360278,0.2097338874570898,0.2306078653709547,0.03461928940505933,0.03978753414155093
434,4242.564,4224.103,4131.795,4128.718,4209.744,0.22541045205315693,0.043361191897185354,0.03244693963419822,0.29041251621667163,0.0471905641306718,0.18671828473923827,0.0993943252094445,0.19170466859940424,0.20423188908721676,0.07668023458360278,0.2097338874570898,0.2306078653709547,0.03461928940505933,0.03978753414155093
441,4234.872,4230.769,4125.128,4132.821,4207.692,0.22541045205315693,0.043361191897185354,0.03244693963419822,0.29041251621667163,0.0471905641306718,0.18671828473923827,0.0993943252094445,0.19170466859940424,0.20423188908721676,0.07668023458360278,0.2097338874570898,0.2306078653709547,0.03461928940505933,0.03978753414155093
448,4229.744,4247.179,4130.769,4130.769,4212.308,0.22541045205315693,0.043361191897185354,0.03244693963419822,0.29041251621667163,0.0471905641306718,0.18671828473923827,0.0993943252094445,0.19170466859940424,0.20423188908721676,0.07668023458360278,0.2097338874570898,0.2306078653709547,0.03461928940505933,0.03978753414155093
455,4210.769,4240.513,4110.256,4116.923,4207.179,0.22541045205315693,0.043361191897185354,0.03244693963419822,0.29041251621667163,0.0471905641306718,0.18671828473923827,0.0993943252094445,0.19170466859940424,0.20423188908721676,0.07668023458360278,0.2097338874570898,0.2306078653709547,0.03461928940505933,0.03978753414155093
462,4192.308,4216.923,4081.538,4110.769,4193.333,0.22541045205315693,0.043361191897185354,0.03244693963419822,0.29041251621667163,0.0471905641306718,0.18671828473923827,0.0993943252094445,0.19170466859940424,0.20423188908721676,0.07668023458360278,0.2097338874570898,0.2306078653709547,0.03461928940505933,0.03978753414155093
469,4197.949,4215.385,4085.641,4110.256,4187.179,0.22541045205315693,0.043361191897185354,0.03244693963419822,0.29041251621667163,0.0471905641306718,0.18671828473923827,0.0993943252094445,0.19170466859940424,0.20423188908721676,0.07668023458360278,0.2097338874570898,0.2306078653709547,0.03461928940505933,0.03978753414155093
476,4229.231,4241.026,4117.436,4129.744,4205.128,0.22541045205315693,0.043361191897185354,0.03244693963419822,0.29041251621667163,0.0471905641306718,0.18671828473923827,0.0993943252094445,0.19170466859940424,0.20423188908721676,0.07668023458360278,0.2097338874570898,0.2306078653709547,0.03461928940505933,0.03978753414155093
483,4270.256,4267.692,4144.615,4181.026,4249.744,0.22541045205315693,0.043361191897185354,0.03244693963419822,0.29041251621667163,0.0471905641306718,0.18671828473923827,0.0993943252094445,0.19170466859940424,0.20423188908721676,0.07668023458360278,0.2097338874570898,0.2306078653709547,0.03461928940505933,0.03978753414155093
490,4286.667,4265.128,4154.872,4201.026,4265.128,0.22541045205315693,0.043361191897185354,0.03244693963419822,0.29041251621667163,0.0471905641306718,0.18671828473923827,0.0993943252094445,0.19170466859940424,0.20423188908721676,0.07668023458360278,0.2097338874570898,0.2306078653709547,0.03461928940505933,0.03978753414155093
497,4269.231,4250.769,4156.41,4175.385,4234.359,0.22541045205315693,0.043361191897185354,0.03244693963419822,0.29041251621667163,0.0471905641306718,0.18671828473923827,0.0993943252094445,0.19170466859940424,0.20423188908721676,0.07668023458360278,0.2097338874570898,0.2306078653709547,0.03461928940505933,0.03978753414155093
504,4251.795,4256.923,4154.359,4162.051,4225.128,0.22541045205315693,0.043361191897185354,0.03244693963419822,0.29041251621667163,0.0471905641306718,0.18671828473923827,0.0993943252094445,0.19170466859940424,0.20423188908721676,0.07668023458360278,0.2097338874570898,0.2306078653709547,0.03461928940505933,0.03978753414155093
511,4244.615,4274.359,4138.974,4160.513,4244.615,0.22541045205315693,0.043361191897185354,0.03244693963419822,0.29041251621667163,0.0471905641306718,0.18671828473923827,0.0993943252094445,0.19170466859940424,0.20423188908721676,0.07668023458360278,0.2097338874570898,0.2306078653709547,0.03461928940505933,0.03978753414155093
518,4240.513,4270.769,4125.641,4150.256,4244.103,0.22541045205315693,0.043361191897185354,0.03244693963419822,0.29041251621667163,0.0471905641306718,0.18671828473923827,0.0993943252094445,0.19170466859940424,0.20423188908721676,0.07668023458360278,0.2097338874570898,0.2306078653709547,0.03461928940505933,0.03978753414155093
525,4240.0,4257.949,4122.564,4151.282,4236.41,0.22541045205315693,0.043361191897185354,0.03244693963419822,0.29041251621667163,0.0471905641306718,0.18671828473923827,0.0993943252094445,0.19170466859940424,0.20423188908721676,0.07668023458360278,0.2097338874570898,0.2306078653709547,0.03461928940505933,0.03978753414155093
532,4243.077,4252.308,4114.872,4163.077,4237.949,0.22541045205315693,0.043361191897185354,0.03244693963419822,0.29041251621667163,0.0471905641306718,0.18671828473923827,0.0993943252094445,0.19170466859940424,0.20423188908721676,0.07668023458360278,0.2097338874570898,0.2306078653709547,0.03461928940505933,0.03978753414155093
539,4242.564,4248.205,4123.077,4160.0,4229.744,0.22541045205315693,0.043361191897185354,0.03244693963419822,0.29041251621667163,0.0471905641306718,0.18671828473923827,0.0993943252094445,0.19170466859940424,0.20423188908721676,0.07668023458360278,0.2097338874570898,0.2306078653709547,0.03461928940505933,0.03978753414155093
546,4244.615,4241.538,4143.077,4148.205,4224.103,0.22541045205315693,0.043361191897185354,0.03244693963419822,0.29041251621667163,0.0471905641306718,0.18671828473923827,0.0993943252094445,0.19170466859940424,0.20423188908721676,0.07668023458360278,0.2097338874570898,0.2306078653709547,0.03461928940505933,0.03978753414155093
553,4250.769,4237.436,4143.077,4141.026,4229.231,0.22541045205315693,0.043361191897185354,0.03244693963419822,0.29041251621667163,0.0471905641306718,0.18671828473923827,0.0993943252094445,0.19170466859940424,0.20423188908721676,0.07668023458360278,0.2097338874570898,0.2306078653709547,0.03461928940505933,0.03978753414155093
560,4257.436,4237.949,4132.821,4156.41,4227.692,0.22541045205315693,0.043361191897185354,0.03244693963419822,0.29041251621667163,0.0471905641306718,0.18671828473923827,0.0993943252094445,0.19170466859940424,0.20423188908721676,0.07668023458360278,0.2097338874570898,0.2306078653709547,0.03461928940505933,0.03978753414155093
567,4254.359,4235.385,4134.872,4170.256,4218.462,0.22541045205315693,0.043361191897185354,0.03244693963419822,0.29041251621667163,0.0471905641306718,0.18671828473923827,0.0993943252094445,0.19170466859940424,0.20423188908721676,0.07668023458360278,0.2097338874570898,0.2306078653709547,0.03461928940505933,0.03978753414155093
574,4236.923,4237.436,4134.872,4153.846,4213.333,0.22541045205315693,0.043361191897185354,0.03244693963419822,0.29041251621667163,0.0471905641306718,0.18671828473923827,0.0993943252094445,0.19170466859940424,0.20423188908721676,0.07668023458360278,0.2097338874570898,0.2306078653709547,0.03461928940505933,0.03978753414155093
581,4229.231,4257.436,4126.154,4156.923,4230.769,0.22541045205315693,0.043361191897185354,0.03244693963419822,0.29041251621667163,0.0471905641306718,0.18671828473923827,0.0993943252094445,0.19170466859940424,0.20423188908721676,0.07668023458360278,0.2097338874570898,0.2306078653709547,0.03461928940505933,0.03978753414155093
588,4244.103,4262.051,4125.128,4167.179,4247.692,0.22541045205315693,0.043361191897185354,0.03244693963419822,0.29041251621667163,0.0471905641306718,0.18671828473923827,0.0993943252094445,0.19170466859940424,0.20423188908721676,0.07668023458360278,0.2097338874570898,0.2306078653709547,0.03461928940505933,0.03978753414155093
595,4244.615,4248.205,4122.051,4143.077,4230.769,0.22541045205315693,0.043361191897185354,0.03244693963419822,0.29041251621667163,0.0471905641306718,0.18671828473923827,0.0993943252094445,0.19170466859940424,0.20423188908721676,0.07668023458360278,0.2097338874570898,0.2306078653709547,0.03461928940505933,0.03978753414155093
602,4234.872,4237.949,4112.821,4142.564,4213.846,0.22541045205315693,0.043361191897185354,0.03244693963419822,0.29041251621667163,0.0471905641306718,0.18671828473923827,0.0993943252094445,0.19170466859940424,0.20423188908721676,0.07668023458360278,0.2097338874570898,0.2306078653709547,0.03461928940505933,0.03978753414155093
609,4250.256,4232.308,4118.974,4174.359,4215.385,0.22541045205315693,0.043361191897185354,0.03244693963419822,0.29041251621667163,0.0471905641306718,0.18671828473923827,0.0993943252094445,0.19170466859940424,0.20423188908721676,0.07668023458360278,0.2097338874570898,0.2306078653709547,0.03461928940505933,0.03978753414155093
616,4261.026,4227.179,4136.923,4166.667,4209.231,0.22541045205315693,0.043361191897185354,0.03244693963419822,0.29041251621667163,0.0471905641306718,0.18671828473923827,0.0993943252094445,0.19170466859940424,0.20423188908721676,0.07668023458360278,0.2097338874570898,0.2306078653709547,0.03461928940505933,0.03978753414155093
623,4257.436,4229.744,4143.077,4140.0,4217.436,0.22541045205315693,0.043361191897185354,0.03244693963419822,0.29041251621667163,0.0471905641306718,0.18671828473923827,0.0993943252094445,0.19170466859940424,0.20423188908721676,0.07668023458360278,0.2097338874570898,0.2306078653709547,0.03461928940505933,0.03978753414155093
630,4276.923,4247.179,4152.821,4159.487,4248.718,0.22541045205315693,0.043361191897185354,0.03244693963419822,0.29041251621667163,0.0471905641306718,0.18671828473923827,0.0993943252094445,0.19170466859940424,0.20423188908721676,0.07668023458360278,0.2097338874570898,0.2306078653709547,0.03461928940505933,0.03978753414155093
637,4271.282,4250.256,4149.231,4171.795,4241.026,0.22541045205315693,0.043361191897185354,0.03244693963419822,0.29041251621667163,0.0471905641306718,0.18671828473923827,0.0993943252094445,0.19170466859940424,0.20423188908721676,0.07668023458360278,0.2097338874570898,0.2306078653709547,0.03461928940505933,0.03978753414155093
644,4214.359,4219.487,4091.795,4125.128,4195.385,0.22541045205315693,0.043361191897185354,0.03244693963419822,0.29041251621667163,0.0471905641306718,0.18671828473923827,0.0993943252094445,0.19170466859940424,0.20423188908721676,0.07668023458360278,0.2097338874570898,0.2306078653709547,0.03461928940505933,0.03978753414155093
651,4173.333,4184.615,4043.077,4067.692,4158.974,0.22541045205315693,0.043361191897185354,0.03244693963419822,0.29041251621667163,0.0471905641306718,0.18671828473923827,0.0993943252094445,0.19170466859940424,0.20423188908721676,0.07668023458360278,0.2097338874570898,0.2306078653709547,0.03461928940505933,0.03978753414155093
658,4171.795,4189.231,4056.41,4060.513,4151.795,0.22541045205315693,0.043361191897185354,0.03244693963419822,0.29041251621667163,0.0471905641306718,0.18671828473923827,0.0993943252094445,0.19170466859940424,0.20423188908721676,0.07668023458360278,0.2097338874570898,0.2306078653709547,0.03461928940505933,0.03978753414155093
665,4183.59,4204.103,4067.692,4093.846,4166.154,0.22541045205315693,0.043361191897185354,0.03244693963419822,0.29041251621667163,0.0471905641306718,0.18671828473923827,0.0993943252094445,0.19170466859940424,0.20423188908721676,0.07668023458360278,0.2097338874570898,0.2306078653709547,0.03461928940505933,0.03978753414155093
672,4187.692,4184.103,4054.359,4091.795,4155.897,0.22541045205315693,0.043361191897185354,0.03244693963419822,0.29041251621667163,0.0471905641306718,0.18671828473923827,0.0993943252094445,0.19170466859940424,0.20423188908721676,0.07668023458360278,0.2097338874570898,0.2306078653709547,0.03461928940505933,0.03978753414155093
679,4162.564,4164.615,4051.795,4049.231,4124.615,0.22541045205315693,0.043361191897185354,0.03244693963419822,0.29041251621667163,0.0471905641306718,0.18671828473923827,0.0993943252094445,0.19170466859940424,0.20423188908721676,0.07668023458360278,0.2097338874570898,0.2306078653709547,0.03461928940505933,0.03978753414155093
686,4142.051,4150.256,4050.769,4041.026,4114.872,0.22541045205315693,0.043361191897185354,0.03244693963419822,0.29041251621667163,0.0471905641306718,0.18671828473923827,0.0993943252094445,0.19170466859940424,0.20423188908721676,0.07668023458360278,0.2097338874570898,0.2306078653709547,0.03461928940505933,0.03978753414155093
693,4171.795,4141.026,4058.974,4072.308,4124.615,0.22541045205315693,0.043361191897185354,0.03244693963419822,0.29041251621667163,0.0471905641306718,0.18671828473923827,0.0993943252094445,0.19170466859940424,0.20423188908721676,0.07668023458360278,0.2097338874570898,0.2306078653709547,0.03461928940505933,0.03978753414155093
700,4203.077,4177.949,4085.641,4094.359,4147.179,0.22541045205315693,0.043361191897185354,0.03244693963419822,0.29041251621667163,0.0471905641306718,0.18671828473923827,0.0993943252094445,0.19170466859940424,0.20423188908721676,0.07668023458360278,0.2097338874570898,0.2306078653709547,0.03461928940505933,0.03978753414155093
707,4197.436,4216.41,4093.846,4093.846,4164.103,0.22541045205315693,0.043361191897185354,0.03244693963419822,0.29041251621667163,0.0471905641306718,0.18671828473923827,0.0993943252094445,0.19170466859940424,0.20423188908721676,0.07668023458360278,0.2097338874570898,0.2306078653709547,0.03461928940505933,0.03978753414155093
714,4193.333,4197.436,4091.282,4087.179,4158.462,0.22541045205315693,0.043361191897185354,0.03244693963419822,0.29041251621667163,0.0471905641306718,0.18671828473923827,0.0993943252094445,0.19170466859940424,0.20423188908721676,0.07668023458360278,0.2097338874570898,0.2306078653709547,0.03461928940505933,0.03978753414155093
721,4206.667,4176.923,4095.385,4090.256,4153.846,0.22541045205315693,0.043361191897185354,0.03244693963419822,0.29041251621667163,0.0471905641306718,0.18671828473923827,0.0993943252094445,0.19170466859940424,0.20423188908721676,0.07668023458360278,0.2097338874570898,0.2306078653709547,0.03461928940505933,0.03978753414155093
728,4216.923,4194.872,4094.872,4096.923,4156.923,0.22541045205315693,0.043361191897185354,0.03244693963419822,0.29041251621667163,0.0471905641306718,0.18671828473923827,0.0993943252094445,0.19170466859940424,0.20423188908721676,0.07668023458360278,0.2097338874570898,0.2306078653709547,0.03461928940505933,0.03978753414155093
735,4233.333,4214.872,4111.795,4109.231,4173.333,0.22541045205315693,0.043361191897185354,0.03244693963419822,0.29041251621667163,0.0471905641306718,0.18671828473923827,0.0993943252094445,0.19170466859940424,0.20423188908721676,0.07668023458360278,0.2097338874570898,0.2306078653709547,0.03461928940505933,0.03978753414155093
742,4254.872,4245.641,4136.923,4133.846,4218.462,0.22541045205315693,0.043361191897185354,0.03244693963419822,0.29041251621667163,0.0471905641306718,0.18671828473923827,0.0993943252094445,0.19170466859940424,0.20423188908721676,0.07668023458360278,0.2097338874570898,0.2306078653709547,0.03461928940505933,0.03978753414155093
749,4253.846,4269.744,4125.641,4146.667,4242.051,0.22541045205315693,0.043361191897185354,0.03244693963419822,0.29041251621667163,0.0471905641306718,0.18671828473923827,0.0993943252094445,0.19170466859940424,0.20423188908721676,0.07668023458360278,0.2097338874570898,0.2306078653709547,0.03461928940505933,0.03978753414155093
756,4230.256,4228.718,4092.308,4114.359,4190.769,0.22541045205315693,0.043361191897185354,0.03244693963419822,0.29041251621667163,0.0471905641306718,0.18671828473923827,0.0993943252094445,0.19170466859940424,0.20423188908721676,0.07668023458360278,0.2097338874570898,0.2306078653709547,0.03461928940505933,0.03978753414155093
763,4205.641,4181.026,4078.974,4072.308,4140.0,0.22541045205315693,0.043361191897185354,0.03244693963419822,0.29041251621667163,0.0471905641306718,0.18671828473923827,0.0993943252094445,0.19170466859940424,0.20423188908721676,0.07668023458360278,0.2097338874570898,0.2306078653709547,0.03461928940505933,0.03978753414155093
770,4206.154,4211.795,4095.897,4091.282,4164.103,0.22541045205315693,0.043361191897185354,0.03244693963419822,0.29041251621667163,0.0471905641306718,0.18671828473923827,0.0993943252094445,0.19170466859940424,0.20423188908721676,0.07668023458360278,0.2097338874570898,0.2306078653709547,0.03461928940505933,0.03978753414155093
777,4231.795,4269.744,4123.077,4139.487,4220.0,0.22541045205315693,0.043361191897185354,0.03244693963419822,0.29041251621667163,0.0471905641306718,0.18671828473923827,0.0993943252094445,0.19170466859940424,0.20423188908721676,0.07668023458360278,0.2097338874570898,0.2306078653709547,0.03461928940505933,0.03978753414155093
784,4256.41,4264.615,4126.154,4152.821,4236.923,0.22541045205315693,0.043361191897185354,0.03244693963419822,0.29041251621667163,0.0471905641306718,0.18671828473923827,0.0993943252094445,0.19170466859940424,0.20423188908721676,0.07668023458360278,0.2097338874570898,0.2306078653709547,0.03461928940505933,0.03978753414155093
791,4249.744,4223.59,4108.205,4135.897,4205.128,0.22541045205315693,0.043361191897185354,0.03244693963419822,0.29041251621667163,0.0471905641306718,0.18671828473923827,0.0993943252094445,0.19170466859940424,0.20423188908721676,0.07668023458360278,0.2097338874570898,0.2306078653709547,0.03461928940505933,0.03978753414155093
798,4242.051,4225.128,4106.154,4134.359,4190.769,0.22541045205315693,0.043361191897185354,0.03244693963419822,0.29041251621667163,0.0471905641306718,0.18671828473923827,0.0993943252094445,0.19170466859940424,0.20423188908721676,0.07668023458360278,0.2097338874570898,0.2306078653709547,0.03461928940505933,0.03978753414155093
805,4261.538,4246.154,4126.667,4149.744,4209.744,0.22541045205315693,0.043361191897185354,0.03244693963419822,0.29041251621667163,0.0471905641306718,0.18671828473923827,0.0993943252094445,0.19170466859940424,0.20423188908721676,0.07668023458360278,0.2097338874570898,0.2306078653709547,0.03461928940505933,0.03978753414155093
812,4261.026,4234.359,4123.59,4140.513,4210.256,0.22541045205315693,0.043361191897185354,0.03244693963419822,0.29041251621667163,0.0471905641306718,0.18671828473923827,0.0993943252094445,0.19170466859940424,0.20423188908721676,0.07668023458360278,0.2097338874570898,0.2306078653709547,0.03461928940505933,0.03978753414155093
819,4234.359,4199.487,4092.308,4109.744,4172.308,0.22541045205315693,0.043361191897185354,0.03244693963419822,0.29041251621667163,0.0471905641306718,0.18671828473923827,0.0993943252094445,0.19170466859940424,0.20423188908721676,0.07668023458360278,0.2097338874570898,0.2306078653709547,0.03461928940505933,0.03978753414155093
826,4211.282,4191.282,4079.487,4079.487,4142.564,0.22541045205315693,0.043361191897185354,0.03244693963419822,0.29041251621667163,0.0471905641306718,0.18671828473923827,0.0993943252094445,0.19170466859940424,0.20423188908721676,0.07668023458360278,0.2097338874570898,0.2306078653709547,0.03461928940505933,0.03978753414155093
833,4216.41,4213.846,4095.385,4083.077,4161.026,0.22541045205315693,0.043361191897185354,0.03244693963419822,0.29041251621667163,0.0471905641306718,0.18671828473923827,0.0993943252094445,0.19170466859940424,0.20423188908721676,0.07668023458360278,0.2097338874570898,0.2306078653709547,0.03461928940505933,0.03978753414155093
840,4250.769,4231.282,4119.487,4122.564,4195.385,0.22541045205315693,0.043361191897185354,0.03244693963419822,0.29041251621667163,0.0471905641306718,0.18671828473923827,0.0993943252094445,0.19170466859940424,0.20423188908721676,0.07668023458360278,0.2097338874570898,0.2306078653709547,0.03461928940505933,0.03978753414155093
847,4277.436,4232.821,4138.974,4157.436,4210.256,0.22541045205315693,0.043361191897185354,0.03244693963419822,0.29041251621667163,0.0471905641306718,0.18671828473923827,0.0993943252094445,0.19170466859940424,0.20423188908721676,0.07668023458360278,0.2097338874570898,0.2306078653709547,0.03461928940505933,0.03978753414155093
854,4264.103,4228.718,4144.615,4161.538,4204.103,0.22541045205315693,0.043361191897185354,0.03244693963419822,0.29041251621667163,0.0471905641306718,0.18671828473923827,0.0993943252094445,0.19170466859940424,0.20423188908721676,0.07668023458360278,0.2097338874570898,0.2306078653709547,0.03461928940505933,0.03978753414155093
861,4247.692,4240.0,4133.846,4151.795,4206.154,0.22541045205315693,0.043361191897185354,0.03244693963419822,0.29041251621667163,0.0471905641306718,0.18671828473923827,0.0993943252094445,0.19170466859940424,0.20423188908721676,0.07668023458360278,0.2097338874570898,0.2306078653709547,0.03461928940505933,0.03978753414155093
868,4267.179,4266.667,4125.641,4147.179,4233.333,0.22541045205315693,0.043361191897185354,0.03244693963419822,0.29041251621667163,0.0471905641306718,0.18671828473923827,0.0993943252094445,0.19170466859940424,0.20423188908721676,0.07668023458360278,0.2097338874570898,0.2306078653709547,0.03461928940505933,0.03978753414155093
875,4275.897,4280.513,4138.974,4155.897,4250.769,0.22541045205315693,0.043361191897185354,0.03244693963419822,0.29041251621667163,0.0471905641306718,0.18671828473923827,0.0993943252094445,0.19170466859940424,0.20423188908721676,0.07668023458360278,0.2097338874570898,0.2306078653709547,0.03461928940505933,0.03978753414155093
882,4261.026,4260.0,4148.718,4162.051,4231.795,0.22541045205315693,0.043361191897185354,0.03244693963419822,0.29041251621667163,0.0471905641306718,0.18671828473923827,0.0993943252094445,0.19170466859940424,0.20423188908721676,0.07668023458360278,0.2097338874570898,0.2306078653709547,0.03461928940505933,0.03978753414155093
889,4261.538,4244.103,4141.538,4157.949,4215.385,0.22541045205315693,0.043361191897185354,0.03244693963419822,0.29041251621667163,0.0471905641306718,0.18671828473923827,0.0993943252094445,0.19170466859940424,0.20423188908721676,0.07668023458360278,0.2097338874570898,0.2306078653709547,0.03461928940505933,0.03978753414155093
896,4275.897,4247.692,4141.538,4169.744,4230.769,0.22541045205315693,0.043361191897185354,0.03244693963419822,0.29041251621667163,0.0471905641306718,0.18671828473923827,0.0993943252094445,0.19170466859940424,0.20423188908721676,0.07668023458360278,0.2097338874570898,0.2306078653709547,0.03461928940505933,0.03978753414155093
903,4274.872,4248.718,4151.795,4182.051,4241.538,0.22541045205315693,0.043361191897185354,0.03244693963419822,0.29041251621667163,0.0471905641306718,0.18671828473923827,0.0993943252094445,0.19170466859940424,0.20423188908721676,0.07668023458360278,0.2097338874570898,0.2306078653709547,0.03461928940505933,0.03978753414155093
910,4271.282,4253.333,4144.103,4171.795,4234.872,0.22541045205315693,0.043361191897185354,0.03244693963419822,0.29041251621667163,0.0471905641306718,0.18671828473923827,0.0993943252094445,0.19170466859940424,0.20423188908721676,0.07668023458360278,0.2097338874570898,0.2306078653709547,0.03461928940505933,0.03978753414155093
917,4276.41,4256.41,4128.205,4162.564,4225.641,0.22541045205315693,0.043361191897185354,0.03244693963419822,0.29041251621667163,0.0471905641306718,0.18671828473923827,0.0993943252094445,0.19170466859940424,0.20423188908721676,0.07668023458360278,0.2097338874570898,0.2306078653709547,0.03461928940505933,0.03978753414155093
924,4272.308,4252.308,4125.128,4164.103,4223.077,0.22541045205315693,0.043361191897185354,0.03244693963419822,0.29041251621667163,0.0471905641306718,0.18671828473923827,0.0993943252094445,0.19170466859940424,0.20423188908721676,0.07668023458360278,0.2097338874570898,0.2306078653709547,0.03461928940505933,0.03978753414155093
931,4260.513,4237.436,4122.051,4152.821,4218.974,0.22541045205315693,0.043361191897185354,0.03244693963419822,0.29041251621667163,0.0471905641306718,0.18671828473923827,0.0993943252094445,0.19170466859940424,0.20423188908721676,0.07668023458360278,0.2097338874570898,0.2306078653709547,0.03461928940505933,0.03978753414155093
938,4246.667,4217.436,4105.128,4134.872,4202.564,0.22541045205315693,0.043361191897185354,0.03244693963419822,0.29041251621667163,0.0471905641306718,0.18671828473923827,0.0993943252094445,0.19170466859940424,0.20423188908721676,0.07668023458360278,0.2097338874570898,0.2306078653709547,0.03461928940505933,0.03978753414155093
945,4245.128,4214.359,4096.923,4134.872,4194.359,0.22541045205315693,0.043361191897185354,0.03244693963419822,0.29041251621667163,0.0471905641306718,0.18671828473923827,0.0993943252094445,0.19170466859940424,0.20423188908721676,0.07668023458360278,0.2097338874570898,0.2306078653709547,0.03461928940505933,0.03978753414155093
952,4259.487,4225.641,4107.692,4147.692,4211.282,0.22541045205315693,0.043361191897185354,0.03244693963419822,0.29041251621667163,0.0471905641306718,0.18671828473923827,0.0993943252094445,0.19170466859940424,0.20423188908721676,0.07668023458360278,0.2097338874570898,0.2306078653709547,0.03461928940505933,0.03978753414155093
959,4263.077,4224.615,4117.436,4145.641,4212.821,0.22541045205315693,0.043361191897185354,0.03244693963419822,0.29041251621667163,0.0471905641306718,0.18671828473923827,0.0993943252094445,0.19170466859940424,0.20423188908721676,0.07668023458360278,0.2097338874570898,0.2306078653709547,0.03461928940505933,0.03978753414155093
966,4231.795,4213.333,4109.744,4114.359,4176.923,0.22541045205315693,0.043361191897185354,0.03244693963419822,0.29041251621667163,0.0471905641306718,0.18671828473923827,0.0993943252094445,0.19170466859940424,0.20423188908721676,0.07668023458360278,0.2097338874570898,0.2306078653709547,0.03461928940505933,0.03978753414155093
973,4202.564,4201.026,4097.436,4091.282,4147.179,0.22541045205315693,0.043361191897185354,0.03244693963419822,0.29041251621667163,0.0471905641306718,0.18671828473923827,0.0993943252094445,0.19170466859940424,0.20423188908721676,0.07668023458360278,0.2097338874570898,0.2306078653709547,0.03461928940505933,0.03978753414155093
980,4205.641,4188.205,4099.487,4087.692,4146.667,0.22541045205315693,0.043361191897185354,0.03244693963419822,0.29041251621667163,0.0471905641306718,0.18671828473923827,0.0993943252094445,0.19170466859940424,0.20423188908721676,0.07668023458360278,0.2097338874570898,0.2306078653709547,0.03461928940505933,0.03978753414155093
987,4231.795,4203.077,4115.385,4093.846,4179.487,0.22541045205315693,0.043361191897185354,0.03244693963419822,0.29041251621667163,0.0471905641306718,0.18671828473923827,0.0993943252094445,0.19170466859940424,0.20423188908721676,0.07668023458360278,0.2097338874570898,0.2306078653709547,0.03461928940505933,0.03978753414155093
994,4275.385,4240.0,4126.667,4130.769,4243.077,0.22541045205315693,0.043361191897185354,0.03244693963419822,0.29041251621667163,0.0471905641306718,0.18671828473923827,0.0993943252094445,0.19170466859940424,0.20423188908721676,0.07668023458360278,0.2097338874570898,0.2306078653709547,0.03461928940505933,0.03978753414155093
1001,4326.667,4247.692,4125.128,4169.744,4304.615,0.22541045205315693,0.043361191897185354,0.03244693963419822,0.29041251621667163,0.0471905641306718,0.18671828473923827,0.0993943252094445,0.19170466859940424,0.20423188908721676,0.07668023458360278,0.2097338874570898,0.2306078653709547,0.03461928940505933,0.03978753414155093
1008,4371.282,4233.846,4117.436,4167.692,4351.282,0.22541045205315693,0.043361191897185354,0.03244693963419822,0.29041251621667163,0.0471905641306718,0.18671828473923827,0.0993943252094445,0.19170466859940424,0.20423188908721676,0.07668023458360278,0.2097338874570898,0.2306078653709547,0.03461928940505933,0.03978753414155093
1015,4404.103,4240.0,4116.923,4146.667,4384.103,0.22541045205315693,0.043361191897185354,0.03244693963419822,0.29041251621667163,0.0471905641306718,0.18671828473923827,0.0993943252094445,0.19170466859940424,0.20423188908721676,0.07668023458360278,0.2097338874570898,0.2306078653709547,0.03461928940505933,0.03978753414155093
1022,4430.256,4258.462,4123.59,4134.872,4394.872,0.22541045205315693,0.043361191897185354,0.03244693963419822,0.29041251621667163,0.0471905641306718,0.18671828473923827,0.0993943252094445,0.19170466859940424,0.20423188908721676,0.07668023458360278,0.2097338874570898,0.2306078653709547,0.03461928940505933,0.03978753414155093
1029,4460.513,4260.513,4130.256,4128.718,4415.385,0.22541045205315693,0.043361191897185354,0.03244693963419822,0.29041251621667163,0.0471905641306718,0.18671828473923827,0.0993943252094445,0.19170466859940424,0.20423188908721676,0.07668023458360278,0.2097338874570898,0.2306078653709547,0.03461928940505933,0.03978753414155093
1036,4489.231,4251.282,4133.333,4142.051,4464.103,0.22541045205315693,0.043361191897185354,0.03244693963419822,0.29041251621667163,0.0471905641306718,0.18671828473923827,0.0993943252094445,0.19170466859940424,0.20423188908721676,0.07668023458360278,0.2097338874570898,0.2306078653709547,0.03461928940505933,0.03978753414155093
1043,4495.385,4248.205,4142.051,4151.795,4479.487,0.22541045205315693,0.043361191897185354,0.03244693963419822,0.29041251621667163,0.0471905641306718,0.18671828473923827,0.0993943252094445,0.19170466859940424,0.20423188908721676,0.07668023458360278,0.2097338874570898,0.2306078653709547,0.03461928940505933,0.03978753414155093
1050,4476.923,4252.308,4144.615,4126.667,4454.359,0.22541045205315693,0.043361191897185354,0.03244693963419822,0.29041251621667163,0.0471905641306718,0.18671828473923827,0.0993943252094445,0.19170466859940424,0.20423188908721676,0.07668023458360278,0.2097338874570898,0.2306078653709547,0.03461928940505933,0.03978753414155093
1057,4468.718,4252.308,4135.385,4122.051,4451.795,0.22541045205315693,0.043361191897185354,0.03244693963419822,0.29041251621667163,0.0471905641306718,0.18671828473923827,0.0993943252094445,0.19170466859940424,0.20423188908721676,0.07668023458360278,0.2097338874570898,0.2306078653709547,0.03461928940505933,0.03978753414155093
1064,4461.538,4258.462,4131.795,4150.769,4458.974,0.22541045205315693,0.043361191897185354,0.03244693963419822,0.29041251621667163,0.0471905641306718,0.18671828473923827,0.0993943252094445,0.19170466859940424,0.20423188908721676,0.07668023458360278,0.2097338874570898,0.2306078653709547,0.03461928940505933,0.03978753414155093
1071,4430.769,4270.256,4121.538,4153.846,4433.846,0.22541045205315693,0.043361191897185354,0.03244693963419822,0.29041251621667163,0.0471905641306718,0.18671828473923827,0.0993943252094445,0.19170466859940424,0.20423188908721676,0.07668023458360278,0.2097338874570898,0.2306078653709547,0.03461928940505933,0.03978753414155093
1078,4399.487,4268.718,4112.821,4132.821,4395.897,0.22541045205315693,0.043361191897185354,0.03244693963419822,0.29041251621667163,0.0471905641306718,0.18671828473923827,0.0993943252094445,0.19170466859940424,0.20423188908721676,0.07668023458360278,0.2097338874570898,0.2306078653709547,0.03461928940505933,0.03978753414155093
1085,4381.538,4255.897,4127.692,4125.128,4368.718,0.22541045205315693,0.043361191897185354,0.03244693963419822,0.29041251621667163,0.0471905641306718,0.18671828473923827,0.0993943252094445,0.19170466859940424,0.20423188908721676,0.07668023458360278,0.2097338874570898,0.2306078653709547,0.03461928940505933,0.03978753414155093
1092,4367.692,4255.385,4133.846,4134.359,4354.872,0.22541045205315693,0.043361191897185354,0.03244693963419822,0.29041251621667163,0.0471905641306718,0.18671828473923827,0.0993943252094445,0.19170466859940424,0.20423188908721676,0.07668023458360278,0.2097338874570898,0.2306078653709547,0.03461928940505933,0.03978753414155093
1099,4358.974,4264.615,4135.385,4145.641,4339.487,0.22541045205315693,0.043361191897185354,0.03244693963419822,0.29041251621667163,0.0471905641306718,0.18671828473923827,0.0993943252094445,0.19170466859940424,0.20423188908721676,0.07668023458360278,0.2097338874570898,0.2306078653709547,0.03461928940505933,0.03978753414155093
1106,4332.821,4247.692,4136.923,4132.821,4302.564,0.22541045205315693,0.043361191897185354,0.03244693963419822,0.29041251621667163,0.0471905641306718,0.18671828473923827,0.0993943252094445,0.19170466859940424,0.20423188908721676,0.07668023458360278,0.2097338874570898,0.2306078653709547,0.03461928940505933,0.03978753414155093
1113,4293.333,4221.538,4113.333,4120.513,4277.949,0.22541045205315693,0.043361191897185354,0.03244693963419822,0.29041251621667163,0.0471905641306718,0.18671828473923827,0.0993943252094445,0.19170466859940424,0.20423188908721676,0.07668023458360278,0.2097338874570898,0.2306078653709547,0.03461928940505933,0.03978753414155093
1120,4308.205,4239.487,4111.282,4166.667,4304.615,0.22541045205315693,0.043361191897185354,0.03244693963419822,0.29041251621667163,0.0471905641306718,0.18671828473923827,0.0993943252094445,0.19170466859940424,0.20423188908721676,0.07668023458360278,0.2097338874570898,0.2306078653709547,0.03461928940505933,0.03978753414155093
1127,4349.744,4264.103,4152.308,4210.256,4325.128,0.22541045205315693,0.043361191897185354,0.03244693963419822,0.29041251621667163,0.0471905641306718,0.18671828473923827,0.0993943252094445,0.19170466859940424,0.20423188908721676,0.07668023458360278,0.2097338874570898,0.2306078653709547,0.03461928940505933,0.03978753414155093
1134,4317.436,4241.026,4151.282,4161.538,4279.487,0.22541045205315693,0.043361191897185354,0.03244693963419822,0.29041251621667163,0.0471905641306718,0.18671828473923827,0.0993943252094445,0.19170466859940424,0.20423188908721676,0.07668023458360278,0.2097338874570898,0.2306078653709547,0.03461928940505933,0.03978753414155093
1141,4263.077,4222.564,4123.59,4107.179,4234.872,0.22541045205315693,0.043361191897185354,0.03244693963419822,0.29041251621667163,0.0471905641306718,0.18671828473923827,0.0993943252094445,0.19170466859940424,0.20423188908721676,0.07668023458360278,0.2097338874570898,0.2306078653709547,0.03461928940505933,0.03978753414155093
1148,4260.0,4240.0,4135.385,4122.564,4239.487,0.22541045205315693,0.043361191897185354,0.03244693963419822,0.29041251621667163,0.0471905641306718,0.18671828473923827,0.0993943252094445,0.19170466859940424,0.20423188908721676,0.07668023458360278,0.2097338874570898,0.2306078653709547,0.03461928940505933,0.03978753414155093
1155,4266.667,4238.462,4140.513,4136.41,4247.692,0.22541045205315693,0.043361191897185354,0.03244693963419822,0.29041251621667163,0.0471905641306718,0.18671828473923827,0.0993943252094445,0.19170466859940424,0.20423188908721676,0.07668023458360278,0.2097338874570898,0.2306078653709547,0.03461928940505933,0.03978753414155093
1162,4256.923,4229.231,4124.615,4135.385,4244.615,0.22541045205315693,0.043361191897185354,0.03244693963419822,0.29041251621667163,0.0471905641306718,0.18671828473923827,0.0993943252094445,0.19170466859940424,0.20423188908721676,0.07668023458360278,0.2097338874570898,0.2306078653709547,0.03461928940505933,0.03978753414155093
1169,4256.41,4240.0,4126.154,4154.872,4240.0,0.22541045205315693,0.043361191897185354,0.03244693963419822,0.29041251621667163,0.0471905641306718,0.18671828473923827,0.0993943252094445,0.19170466859940424,0.20423188908721676,0.07668023458360278,0.2097338874570898,0.2306078653709547,0.03461928940505933,0.03978753414155093
1176,4261.538,4234.872,4138.974,4161.538,4230.256,0.22541045205315693,0.043361191897185354,0.03244693963419822,0.29041251621667163,0.0471905641306718,0.18671828473923827,0.0993943252094445,0.19170466859940424,0.20423188908721676,0.07668023458360278,0.2097338874570898,0.2306078653709547,0.03461928940505933,0.03978753414155093
1183,4254.359,4225.128,4137.436,4144.615,4228.718,0.22541045205315693,0.043361191897185354,0.03244693963419822,0.29041251621667163,0.0471905641306718,0.18671828473923827,0.0993943252094445,0.19170466859940424,0.20423188908721676,0.07668023458360278,0.2097338874570898,0.2306078653709547,0.03461928940505933,0.03978753414155093
1190,4232.308,4228.718,4118.974,4130.256,4227.179,0.22541045205315693,0.043361191897185354,0.03244693963419822,0.29041251621667163,0.0471905641306718,0.18671828473923827,0.0993943252094445,0.19170466859940424,0.20423188908721676,0.07668023458360278,0.2097338874570898,0.2306078653709547,0.03461928940505933,0.03978753414155093
1197,4215.897,4234.359,4097.949,4113.846,4211.795,0.22541045205315693,0.043361191897185354,0.03244693963419822,0.29041251621667163,0.0471905641306718,0.18671828473923827,0.0993943252094445,0.19170466859940424,0.20423188908721676,0.07668023458360278,0.2097338874570898,0.2306078653709547,0.03461928940505933,0.03978753414155093
1204,4222.051,4225.641,4096.41,4101.026,4195.385,0.22541045205315693,0.043361191897185354,0.03244693963419822,0.29041251621667163,0.0471905641306718,0.18671828473923827,0.0993943252094445,0.19170466859940424,0.20423188908721676,0.07668023458360278,0.2097338874570898,0.2306078653709547,0.03461928940505933,0.03978753414155093
1211,4218.974,4216.41,4106.154,4098.974,4183.077,0.22541045205315693,0.043361191897185354,0.03244693963419822,0.29041251621667163,0.0471905641306718,0.18671828473923827,0.0993943252094445,0.19170466859940424,0.20423188908721676,0.07668023458360278,0.2097338874570898,0.2306078653709547,0.03461928940505933,0.03978753414155093
1218,4204.615,4223.59,4106.667,4106.154,4183.59,0.22541045205315693,0.043361191897185354,0.03244693963419822,0.29041251621667163,0.0471905641306718,0.18671828473923827,0.0993943252094445,0.19170466859940424,0.20423188908721676,0.07668023458360278,0.2097338874570898,0.2306078653709547,0.03461928940505933,0.03978753414155093
1225,4206.667,4235.897,4102.564,4124.103,4197.436,0.22541045205315693,0.043361191897185354,0.03244693963419822,0.29041251621667163,0.0471905641306718,0.18671828473923827,0.0993943252094445,0.19170466859940424,0.20423188908721676,0.07668023458360278,0.2097338874570898,0.2306078653709547,0.03461928940505933,0.03978753414155093
1232,4209.744,4237.949,4100.513,4129.231,4201.026,0.22541045205315693,0.043361191897185354,0.03244693963419822,0.29041251621667163,0.0471905641306718,0.18671828473923827,0.0993943252094445,0.19170466859940424,0.20423188908721676,0.07668023458360278,0.2097338874570898,0.2306078653709547,0.03461928940505933,0.03978753414155093
1239,4206.667,4222.564,4109.231,4116.923,4188.718,0.22541045205315693,0.043361191897185354,0.03244693963419822,0.29041251621667163,0.0471905641306718,0.18671828473923827,0.0993943252094445,0.19170466859940424,0.20423188908721676,0.07668023458360278,0.2097338874570898,0.2306078653709547,0.03461928940505933,0.03978753414155093
1246,4214.872,4220.0,4118.462,4117.436,4189.744,0.22541045205315693,0.043361191897185354,0.03244693963419822,0.29041251621667163,0.0471905641306718,0.18671828473923827,0.0993943252094445,0.19170466859940424,0.20423188908721676,0.07668023458360278,0.2097338874570898,0.2306078653709547,0.03461928940505933,0.03978753414155093
1253,4223.59,4237.949,4112.821,4127.179,4203.59,0.22541045205315693,0.043361191897185354,0.03244693963419822,0.29041251621667163,0.0471905641306718,0.18671828473923827,0.0993943252094445,0.19170466859940424,0.20423188908721676,0.07668023458360278,0.2097338874570898,0.2306078653709547,0.03461928940505933,0.03978753414155093
1260,4223.59,4256.923,4110.769,4132.308,4214.872,0.22541045205315693,0.043361191897185354,0.03244693963419822,0.29041251621667163,0.0471905641306718,0.18671828473923827,0.0993943252094445,0.19170466859940424,0.20423188908721676,0.07668023458360278,0.2097338874570898,0.2306078653709547,0.03461928940505933,0.03978753414155093
1267,4231.282,4250.256,4123.59,4147.179,4216.923,0.22541045205315693,0.043361191897185354,0.03244693963419822,0.29041251621667163,0.0471905641306718,0.18671828473923827,0.0993943252094445,0.19170466859940424,0.20423188908721676,0.07668023458360278,0.2097338874570898,0.2306078653709547,0.03461928940505933,0.03978753414155093
1274,4228.205,4224.103,4133.333,4137.436,4196.41,0.22541045205315693,0.043361191897185354,0.03244693963419822,0.29041251621667163,0.0471905641306718,0.18671828473923827,0.0993943252094445,0.19170466859940424,0.20423188908721676,0.07668023458360278,0.2097338874570898,0.2306078653709547,0.03461928940505933,0.03978753414155093
1281,4216.41,4222.051,4123.59,4107.692,4180.513,0.22541045205315693,0.043361191897185354,0.03244693963419822,0.29041251621667163,0.0471905641306718,0.18671828473923827,0.0993943252094445,0.19170466859940424,0.20423188908721676,0.07668023458360278,0.2097338874570898,0.2306078653709547,0.03461928940505933,0.03978753414155093
1288,4217.949,4221.538,4118.462,4099.487,4177.436,0.22541045205315693,0.043361191897185354,0.03244693963419822,0.29041251621667163,0.0471905641306718,0.18671828473923827,0.0993943252094445,0.19170466859940424,0.20423188908721676,0.07668023458360278,0.2097338874570898,0.2306078653709547,0.03461928940505933,0.03978753414155093
1295,4215.897,4204.615,4111.795,4100.513,4173.846,0.22541045205315693,0.043361191897185354,0.03244693963419822,0.29041251621667163,0.0471905641306718,0.18671828473923827,0.0993943252094445,0.19170466859940424,0.20423188908721676,0.07668023458360278,0.2097338874570898,0.2306078653709547,0.03461928940505933,0.03978753414155093
1302,4198.462,4186.154,4088.205,4093.846,4157.436,0.22541045205315693,0.043361191897185354,0.03244693963419822,0.29041251621667163,0.0471905641306718,0.18671828473923827,0.0993943252094445,0.19170466859940424,0.20423188908721676,0.07668023458360278,0.2097338874570898,0.2306078653709547,0.03461928940505933,0.03978753414155093
1309,4185.641,4191.282,4084.615,4083.077,4137.436,0.22541045205315693,0.043361191897185354,0.03244693963419822,0.29041251621667163,0.0471905641306718,0.18671828473923827,0.0993943252094445,0.19170466859940424,0.20423188908721676,0.07668023458360278,0.2097338874570898,0.2306078653709547,0.03461928940505933,0.03978753414155093
1316,4203.59,4209.744,4109.231,4091.282,4146.667,0.22541045205315693,0.043361191897185354,0.03244693963419822,0.29041251621667163,0.0471905641306718,0.18671828473923827,0.0993943252094445,0.19170466859940424,0.20423188908721676,0.07668023458360278,0.2097338874570898,0.2306078653709547,0.03461928940505933,0.03978753414155093
1323,4223.59,4212.821,4117.436,4111.795,4170.256,0.22541045205315693,0.043361191897185354,0.03244693963419822,0.29041251621667163,0.0471905641306718,0.18671828473923827,0.0993943252094445,0.19170466859940424,0.20423188908721676,0.07668023458360278,0.2097338874570898,0.2306078653709547,0.03461928940505933,0.03978753414155093
1330,4218.974,4217.949,4098.462,4127.692,4183.077,0.22541045205315693,0.043361191897185354,0.03244693963419822,0.29041251621667163,0.0471905641306718,0.18671828473923827,0.0993943252094445,0.19170466859940424,0.20423188908721676,0.07668023458360278,0.2097338874570898,0.2306078653709547,0.03461928940505933,0.03978753414155093
1337,4219.487,4222.564,4103.59,4140.513,4189.744,0.22541045205315693,0.043361191897185354,0.03244693963419822,0.29041251621667163,0.0471905641306718,0.18671828473923827,0.0993943252094445,0.19170466859940424,0.20423188908721676,0.07668023458360278,0.2097338874570898,0.2306078653709547,0.03461928940505933,0.03978753414155093
1344,4236.923,4210.769,4131.795,4152.308,4198.974,0.22541045205315693,0.043361191897185354,0.03244693963419822,0.29041251621667163,0.0471905641306718,0.18671828473923827,0.0993943252094445,0.19170466859940424,0.20423188908721676,0.07668023458360278,0.2097338874570898,0.2306078653709547,0.03461928940505933,0.03978753414155093
1351,4246.154,4202.564,4148.205,4148.205,4196.41,0.22541045205315693,0.043361191897185354,0.03244693963419822,0.29041251621667163,0.0471905641306718,0.18671828473923827,0.0993943252094445,0.19170466859940424,0.20423188908721676,0.07668023458360278,0.2097338874570898,0.2306078653709547,0.03461928940505933,0.03978753414155093
1358,4242.051,4230.769,4147.692,4142.051,4190.769,0.22541045205315693,0.043361191897185354,0.03244693963419822,0.29041251621667163,0.0471905641306718,0.18671828473923827,0.0993943252094445,0.19170466859940424,0.20423188908721676,0.07668023458360278,0.2097338874570898,0.2306078653709547,0.03461928940505933,0.03978753414155093
1365,4250.256,4241.538,4140.513,4155.897,4201.026,0.22541045205315693,0.043361191897185354,0.03244693963419822,0.29041251621667163,0.0471905641306718,0.18671828473923827,0.0993943252094445,0.19170466859940424,0.20423188908721676,0.07668023458360278,0.2097338874570898,0.2306078653709547,0.03461928940505933,0.03978753414155093
1372,4250.256,4212.308,4142.051,4154.872,4202.564,0.22541045205315693,0.043361191897185354,0.03244693963419822,0.29041251621667163,0.0471905641306718,0.18671828473923827,0.0993943252094445,0.19170466859940424,0.20423188908721676,0.07668023458360278,0.2097338874570898,0.2306078653709547,0.03461928940505933,0.03978753414155093
1379,4228.718,4222.051,4150.769,4135.897,4191.795,0.22541045205315693,0.043361191897185354,0.03244693963419822,0.29041251621667163,0.0471905641306718,0.18671828473923827,0.0993943252094445,0.19170466859940424,0.20423188908721676,0.07668023458360278,0.2097338874570898,0.2306078653709547,0.03461928940505933,0.03978753414155093
1386,4224.103,4269.231,4155.897,4140.0,4202.051,0.22541045205315693,0.043361191897185354,0.03244693963419822,0.29041251621667163,0.0471905641306718,0.18671828473923827,0.0993943252094445,0.19170466859940424,0.20423188908721676,0.07668023458360278,0.2097338874570898,0.2306078653709547,0.03461928940505933,0.03978753414155093
1393,4247.692,4279.487,4160.0,4158.974,4229.744,0.22541045205315693,0.043361191897185354,0.03244693963419822,0.29041251621667163,0.0471905641306718,0.18671828473923827,0.0993943252094445,0.19170466859940424,0.20423188908721676,0.07668023458360278,0.2097338874570898,0.2306078653709547,0.03461928940505933,0.03978753414155093
1400,4261.026,4253.333,4162.564,4160.0,4232.821,0.22541045205315693,0.043361191897185354,0.03244693963419822,0.29041251621667163,0.0471905641306718,0.18671828473923827,0.0993943252094445,0.19170466859940424,0.20423188908721676,0.07668023458360278,0.2097338874570898,0.2306078653709547,0.03461928940505933,0.03978753414155093
1407,4253.333,4238.462,4156.41,4147.692,4214.872,0.22541045205315693,0.043361191897185354,0.03244693963419822,0.29041251621667163,0.0471905641306718,0.18671828473923827,0.0993943252094445,0.19170466859940424,0.20423188908721676,0.07668023458360278,0.2097338874570898,0.2306078653709547,0.03461928940505933,0.03978753414155093
1414,4264.103,4242.564,4158.974,4149.231,4224.103,0.22541045205315693,0.043361191897185354,0.03244693963419822,0.29041251621667163,0.0471905641306718,0.18671828473923827,0.0993943252094445,0.19170466859940424,0.20423188908721676,0.07668023458360278,0.2097338874570898,0.2306078653709547,0.03461928940505933,0.03978753414155093
1421,4280.513,4248.718,4178.462,4159.487,4238.974,0.22541045205315693,0.043361191897185354,0.03244693963419822,0.29041251621667163,0.0471905641306718,0.18671828473923827,0.0993943252094445,0.19170466859940424,0.20423188908721676,0.07668023458360278,0.2097338874570898,0.2306078653709547,0.03461928940505933,0.03978753414155093
1428,4267.179,4257.949,4179.487,4156.41,4222.564,0.22541045205315693,0.043361191897185354,0.03244693963419822,0.29041251621667163,0.0471905641306718,0.18671828473923827,0.0993943252094445,0.19170466859940424,0.20423188908721676,0.07668023458360278,0.2097338874570898,0.2306078653709547,0.03461928940505933,0.03978753414155093
1435,4257.436,4264.103,4164.103,4158.462,4217.949,0.22541045205315693,0.043361191897185354,0.03244693963419822,0.29041251621667163,0.0471905641306718,0.18671828473923827,0.0993943252094445,0.19170466859940424,0.20423188908721676,0.07668023458360278,0.2097338874570898,0.2306078653709547,0.03461928940505933,0.03978753414155093
1442,4258.462,4264.615,4155.897,4173.333,4239.487,0.22541045205315693,0.043361191897185354,0.03244693963419822,0.29041251621667163,0.0471905641306718,0.18671828473923827,0.0993943252094445,0.19170466859940424,0.20423188908721676,0.07668023458360278,0.2097338874570898,0.2306078653709547,0.03461928940505933,0.03978753414155093
1449,4234.872,4250.769,4136.923,4158.974,4224.103,0.22541045205315693,0.043361191897185354,0.03244693963419822,0.29041251621667163,0.0471905641306718,0.18671828473923827,0.0993943252094445,0.19170466859940424,0.20423188908721676,0.07668023458360278,0.2097338874570898,0.2306078653709547,0.03461928940505933,0.03978753414155093
1456,4211.282,4233.333,4116.41,4127.692,4190.256,0.22541045205315693,0.043361191897185354,0.03244693963419822,0.29041251621667163,0.0471905641306718,0.18671828473923827,0.0993943252094445,0.19170466859940424,0.20423188908721676,0.07668023458360278,0.2097338874570898,0.2306078653709547,0.03461928940505933,0.03978753414155093
1463,4237.949,4233.333,4129.744,4147.179,4213.846,0.22541045205315693,0.043361191897185354,0.03244693963419822,0.29041251621667163,0.0471905641306718,0.18671828473923827,0.0993943252094445,0.19170466859940424,0.20423188908721676,0.07668023458360278,0.2097338874570898,0.2306078653709547,0.03461928940505933,0.03978753414155093
1470,4269.231,4247.692,4156.923,4185.128,4246.667,0.22541045205315693,0.043361191897185354,0.03244693963419822,0.29041251621667163,0.0471905641306718,0.18671828473923827,0.0993943252094445,0.19170466859940424,0.20423188908721676,0.07668023458360278,0.2097338874570898,0.2306078653709547,0.03461928940505933,0.03978753414155093
1477,4265.641,4253.846,4170.256,4176.923,4223.59,0.22541045205315693,0.043361191897185354,0.03244693963419822,0.29041251621667163,0.0471905641306718,0.18671828473923827,0.0993943252094445,0.19170466859940424,0.20423188908721676,0.07668023458360278,0.2097338874570898,0.2306078653709547,0.03461928940505933,0.03978753414155093
1484,4256.41,4245.641,4167.692,4151.282,4198.974,0.22541045205315693,0.043361191897185354,0.03244693963419822,0.29041251621667163,0.0471905641306718,0.18671828473923827,0.0993943252094445,0.19170466859940424,0.20423188908721676,0.07668023458360278,0.2097338874570898,0.2306078653709547,0.03461928940505933,0.03978753414155093
1491,4256.923,4245.641,4157.436,4155.385,4210.256,0.22541045205315693,0.043361191897185354,0.03244693963419822,0.29041251621667163,0.0471905641306718,0.18671828473923827,0.0993943252094445,0.19170466859940424,0.20423188908721676,0.07668023458360278,0.2097338874570898,0.2306078653709547,0.03461928940505933,0.03978753414155093
1498,4246.154,4252.821,4155.897,4153.333,4211.795,0.22541045205315693,0.043361191897185354,0.03244693963419822,0.29041251621667163,0.0471905641306718,0.18671828473923827,0.0993943252094445,0.19170466859940424,0.20423188908721676,0.07668023458360278,0.2097338874570898,0.2306078653709547,0.03461928940505933,0.03978753414155093
1505,4226.667,4239.487,4159.487,4127.692,4192.821,0.22541045205315693,0.043361191897185354,0.03244693963419822,0.29041251621667163,0.0471905641306718,0.18671828473923827,0.0993943252094445,0.19170466859940424,0.20423188908721676,0.07668023458360278,0.2097338874570898,0.2306078653709547,0.03461928940505933,0.03978753414155093
1512,4228.205,4246.667,4149.744,4128.718,4208.205,0.22541045205315693,0.043361191897185354,0.03244693963419822,0.29041251621667163,0.0471905641306718,0.18671828473923827,0.0993943252094445,0.19170466859940424,0.20423188908721676,0.07668023458360278,0.2097338874570898,0.2306078653709547,0.03461928940505933,0.03978753414155093
1519,4242.564,4274.359,4136.41,4151.282,4232.821,0.22541045205315693,0.043361191897185354,0.03244693963419822,0.29041251621667163,0.0471905641306718,0.18671828473923827,0.0993943252094445,0.19170466859940424,0.20423188908721676,0.07668023458360278,0.2097338874570898,0.2306078653709547,0.03461928940505933,0.03978753414155093
1526,4236.923,4249.231,4137.949,4148.205,4208.718,0.22541045205315693,0.043361191897185354,0.03244693963419822,0.29041251621667163,0.0471905641306718,0.18671828473923827,0.0993943252094445,0.19170466859940424,0.20423188908721676,0.07668023458360278,0.2097338874570898,0.2306078653709547,0.03461928940505933,0.03978753414155093
1533,4222.564,4207.692,4138.462,4131.282,4182.564,0.22541045205315693,0.043361191897185354,0.03244693963419822,0.29041251621667163,0.0471905641306718,0.18671828473923827,0.0993943252094445,0.19170466859940424,0.20423188908721676,0.07668023458360278,0.2097338874570898,0.2306078653709547,0.03461928940505933,0.03978753414155093
1540,4226.667,4216.41,4129.231,4132.821,4196.923,0.22541045205315693,0.043361191897185354,0.03244693963419822,0.29041251621667163,0.0471905641306718,0.18671828473923827,0.0993943252094445,0.19170466859940424,0.20423188908721676,0.07668023458360278,0.2097338874570898,0.2306078653709547,0.03461928940505933,0.03978753414155093
1547,4245.641,4233.846,4127.179,4150.769,4211.795,0.22541045205315693,0.043361191897185354,0.03244693963419822,0.29041251621667163,0.0471905641306718,0.18671828473923827,0.0993943252094445,0.19170466859940424,0.20423188908721676,0.07668023458360278,0.2097338874570898,0.2306078653709547,0.03461928940505933,0.03978753414155093
1554,4256.41,4235.897,4136.41,4157.436,4204.103,0.22541045205315693,0.043361191897185354,0.03244693963419822,0.29041251621667163,0.0471905641306718,0.18671828473923827,0.0993943252094445,0.19170466859940424,0.20423188908721676,0.07668023458360278,0.2097338874570898,0.2306078653709547,0.03461928940505933,0.03978753414155093
1561,4247.179,4240.513,4142.564,4148.718,4200.0,0.22541045205315693,0.043361191897185354,0.03244693963419822,0.29041251621667163,0.0471905641306718,0.18671828473923827,0.0993943252094445,0.19170466859940424,0.20423188908721676,0.07668023458360278,0.2097338874570898,0.2306078653709547,0.03461928940505933,0.03978753414155093
1568,4232.308,4237.949,4141.026,4144.103,4199.487,0.22541045205315693,0.043361191897185354,0.03244693963419822,0.29041251621667163,0.0471905641306718,0.18671828473923827,0.0993943252094445,0.19170466859940424,0.20423188908721676,0.07668023458360278,0.2097338874570898,0.2306078653709547,0.03461928940505933,0.03978753414155093
1575,4231.795,4235.385,4142.564,4149.231,4191.795,0.22541045205315693,0.043361191897185354,0.03244693963419822,0.29041251621667163,0.0471905641306718,0.18671828473923827,0.0993943252094445,0.19170466859940424,0.20423188908721676,0.07668023458360278,0.2097338874570898,0.2306078653709547,0.03461928940505933,0.03978753414155093
1582,4235.897,4240.513,4147.692,4140.513,4179.487,0.22541045205315693,0.043361191897185354,0.03244693963419822,0.29041251621667163,0.0471905641306718,0.18671828473923827,0.0993943252094445,0.19170466859940424,0.20423188908721676,0.07668023458360278,0.2097338874570898,0.2306078653709547,0.03461928940505933,0.03978753414155093
1589,4231.795,4244.103,4157.949,4132.308,4178.974,0.22541045205315693,0.043361191897185354,0.03244693963419822,0.29041251621667163,0.0471905641306718,0.18671828473923827,0.0993943252094445,0.19170466859940424,0.20423188908721676,0.07668023458360278,0.2097338874570898,0.2306078653709547,0.03461928940505933,0.03978753414155093
1596,4228.718,4253.846,4150.256,4143.077,4192.821,0.22541045205315693,0.043361191897185354,0.03244693963419822,0.29041251621667163,0.0471905641306718,0.18671828473923827,0.0993943252094445,0.19170466859940424,0.20423188908721676,0.07668023458360278,0.2097338874570898,0.2306078653709547,0.03461928940505933,0.03978753414155093
1603,4215.897,4250.769,4116.41,4134.872,4187.692,0.22541045205315693,0.043361191897185354,0.03244693963419822,0.29041251621667163,0.0471905641306718,0.18671828473923827,0.0993943252094445,0.19170466859940424,0.20423188908721676,0.07668023458360278,0.2097338874570898,0.2306078653709547,0.03461928940505933,0.03978753414155093
1610,4197.949,4236.923,4099.487,4119.487,4174.359,0.22541045205315693,0.043361191897185354,0.03244693963419822,0.29041251621667163,0.0471905641306718,0.18671828473923827,0.0993943252094445,0.19170466859940424,0.20423188908721676,0.07668023458360278,0.2097338874570898,0.2306078653709547,0.03461928940505933,0.03978753414155093
1617,4200.513,4231.282,4113.333,4130.256,4172.308,0.22541045205315693,0.043361191897185354,0.03244693963419822,0.29041251621667163,0.0471905641306718,0.18671828473923827,0.0993943252094445,0.19170466859940424,0.20423188908721676,0.07668023458360278,0.2097338874570898,0.2306078653709547,0.03461928940505933,0.03978753414155093
1624,4202.051,4224.615,4117.436,4124.615,4168.205,0.22541045205315693,0.043361191897185354,0.03244693963419822,0.29041251621667163,0.0471905641306718,0.18671828473923827,0.0993943252094445,0.19170466859940424,0.20423188908721676,0.07668023458360278,0.2097338874570898,0.2306078653709547,0.03461928940505933,0.03978753414155093
1631,4198.974,4218.974,4100.0,4102.564,4173.846,0.22541045205315693,0.043361191897185354,0.03244693963419822,0.29041251621667163,0.0471905641306718,0.18671828473923827,0.0993943252094445,0.19170466859940424,0.20423188908721676,0.07668023458360278,0.2097338874570898,0.2306078653709547,0.03461928940505933,0.03978753414155093
1638,4201.538,4215.385,4097.949,4102.051,4184.615,0.22541045205315693,0.043361191897185354,0.03244693963419822,0.29041251621667163,0.0471905641306718,0.18671828473923827,0.0993943252094445,0.19170466859940424,0.20423188908721676,0.07668023458360278,0.2097338874570898,0.2306078653709547,0.03461928940505933,0.03978753414155093
1645,4184.103,4213.846,4094.359,4093.846,4169.744,0.22541045205315693,0.043361191897185354,0.03244693963419822,0.29041251621667163,0.0471905641306718,0.18671828473923827,0.0993943252094445,0.19170466859940424,0.20423188908721676,0.07668023458360278,0.2097338874570898,0.2306078653709547,0.03461928940505933,0.03978753414155093
1652,4165.128,4204.103,4071.795,4067.179,4142.051,0.22541045205315693,0.043361191897185354,0.03244693963419822,0.29041251621667163,0.0471905641306718,0.18671828473923827,0.0993943252094445,0.19170466859940424,0.20423188908721676,0.07668023458360278,0.2097338874570898,0.2306078653709547,0.03461928940505933,0.03978753414155093
1659,4168.205,4168.718,4062.564,4062.564,4116.41,0.22541045205315693,0.043361191897185354,0.03244693963419822,0.29041251621667163,0.0471905641306718,0.18671828473923827,0.0993943252094445,0.19170466859940424,0.20423188908721676,0.07668023458360278,0.2097338874570898,0.2306078653709547,0.03461928940505933,0.03978753414155093
1666,4159.487,4148.205,4077.949,4066.154,4095.385,0.22541045205315693,0.043361191897185354,0.03244693963419822,0.29041251621667163,0.0471905641306718,0.18671828473923827,0.0993943252094445,0.19170466859940424,0.20423188908721676,0.07668023458360278,0.2097338874570898,0.2306078653709547,0.03461928940505933,0.03978753414155093
1673,4148.205,4164.615,4082.051,4062.564,4101.026,0.22541045205315693,0.043361191897185354,0.03244693963419822,0.29041251621667163,0.0471905641306718,0.18671828473923827,0.0993943252094445,0.19170466859940424,0.20423188908721676,0.07668023458360278,0.2097338874570898,0.2306078653709547,0.03461928940505933,0.03978753414155093
1680,4173.846,4165.128,4082.564,4076.41,4114.359,0.22541045205315693,0.043361191897185354,0.03244693963419822,0.29041251621667163,0.0471905641306718,0.18671828473923827,0.0993943252094445,0.19170466859940424,0.20423188908721676,0.07668023458360278,0.2097338874570898,0.2306078653709547,0.03461928940505933,0.03978753414155093
1687,4174.359,4147.179,4084.103,4074.359,4098.974,0.22541045205315693,0.043361191897185354,0.03244693963419822,0.29041251621667163,0.0471905641306718,0.18671828473923827,0.0993943252094445,0.19170466859940424,0.20423188908721676,0.07668023458360278,0.2097338874570898,0.2306078653709547,0.03461928940505933,0.03978753414155093
1694,4152.821,4157.949,4070.769,4063.077,4093.333,0.22541045205315693,0.043361191897185354,0.03244693963419822,0.29041251621667163,0.0471905641306718,0.18671828473923827,0.0993943252094445,0.19170466859940424,0.20423188908721676,0.07668023458360278,0.2097338874570898,0.2306078653709547,0.03461928940505933,0.03978753414155093
1701,4190.256,4181.026,4089.231,4092.821,4130.769,0.22541045205315693,0.043361191897185354,0.03244693963419822,0.29041251621667163,0.0471905641306718,0.18671828473923827,0.0993943252094445,0.19170466859940424,0.20423188908721676,0.07668023458360278,0.2097338874570898,0.2306078653709547,0.03461928940505933,0.03978753414155093
1708,4239.487,4193.333,4129.231,4129.231,4164.103,0.22541045205315693,0.043361191897185354,0.03244693963419822,0.29041251621667163,0.0471905641306718,0.18671828473923827,0.0993943252094445,0.19170466859940424,0.20423188908721676,0.07668023458360278,0.2097338874570898,0.2306078653709547,0.03461928940505933,0.03978753414155093
1715,4236.41,4203.59,4136.41,4132.821,4163.077,0.22541045205315693,0.043361191897185354,0.03244693963419822,0.29041251621667163,0.0471905641306718,0.18671828473923827,0.0993943252094445,0.19170466859940424,0.20423188908721676,0.07668023458360278,0.2097338874570898,0.2306078653709547,0.03461928940505933,0.03978753414155093
1722,4227.179,4215.385,4142.051,4130.256,4161.538,0.22541045205315693,0.043361191897185354,0.03244693963419822,0.29041251621667163,0.0471905641306718,0.18671828473923827,0.0993943252094445,0.19170466859940424,0.20423188908721676,0.07668023458360278,0.2097338874570898,0.2306078653709547,0.03461928940505933,0.03978753414155093
1729,4237.949,4229.744,4166.667,4135.897,4174.359,0.22541045205315693,0.043361191897185354,0.03244693963419822,0.29041251621667163,0.0471905641306718,0.18671828473923827,0.0993943252094445,0.19170466859940424,0.20423188908721676,0.07668023458360278,0.2097338874570898,0.2306078653709547,0.03461928940505933,0.03978753414155093
1736,4236.41,4238.974,4172.308,4140.0,4179.487,0.22541045205315693,0.043361191897185354,0.03244693963419822,0.29041251621667163,0.0471905641306718,0.18671828473923827,0.0993943252094445,0.19170466859940424,0.20423188908721676,0.07668023458360278,0.2097338874570898,0.2306078653709547,0.03461928940505933,0.03978753414155093
1743,4226.667,4233.333,4158.974,4137.949,4165.641,0.22541045205315693,0.043361191897185354,0.03244693963419822,0.29041251621667163,0.0471905641306718,0.18671828473923827,0.0993943252094445,0.19170466859940424,0.20423188908721676,0.07668023458360278,0.2097338874570898,0.2306078653709547,0.03461928940505933,0.03978753414155093
1750,4231.795,4236.41,4156.41,4131.282,4167.692,0.22541045205315693,0.043361191897185354,0.03244693963419822,0.29041251621667163,0.0471905641306718,0.18671828473923827,0.0993943252094445,0.19170466859940424,0.20423188908721676,0.07668023458360278,0.2097338874570898,0.2306078653709547,0.03461928940505933,0.03978753414155093
1757,4241.538,4238.974,4143.59,4134.359,4184.615,0.22541045205315693,0.043361191897185354,0.03244693963419822,0.29041251621667163,0.0471905641306718,0.18671828473923827,0.0993943252094445,0.19170466859940424,0.20423188908721676,0.07668023458360278,0.2097338874570898,0.2306078653709547,0.03461928940505933,0.03978753414155093
1764,4220.513,4214.359,4114.359,4126.154,4170.769,0.22541045205315693,0.043361191897185354,0.03244693963419822,0.29041251621667163,0.0471905641306718,0.18671828473923827,0.0993943252094445,0.19170466859940424,0.20423188908721676,0.07668023458360278,0.2097338874570898,0.2306078653709547,0.03461928940505933,0.03978753414155093
1771,4183.077,4191.282,4093.846,4098.974,4140.513,0.22541045205315693,0.043361191897185354,0.03244693963419822,0.29041251621667163,0.0471905641306718,0.18671828473923827,0.0993943252094445,0.19170466859940424,0.20423188908721676,0.07668023458360278,0.2097338874570898,0.2306078653709547,0.03461928940505933,0.03978753414155093
1778,4191.795,4196.41,4114.872,4104.103,4136.923,0.22541045205315693,0.043361191897185354,0.03244693963419822,0.29041251621667163,0.0471905641306718,0.18671828473923827,0.0993943252094445,0.19170466859940424,0.20423188908721676,0.07668023458360278,0.2097338874570898,0.2306078653709547,0.03461928940505933,0.03978753414155093
1785,4213.846,4213.333,4149.231,4120.513,4153.846,0.22541045205315693,0.043361191897185354,0.03244693963419822,0.29041251621667163,0.0471905641306718,0.18671828473923827,0.0993943252094445,0.19170466859940424,0.20423188908721676,0.07668023458360278,0.2097338874570898,0.2306078653709547,0.03461928940505933,0.03978753414155093
1792,4212.821,4223.077,4141.538,4121.538,4172.308,0.22541045205315693,0.043361191897185354,0.03244693963419822,0.29041251621667163,0.0471905641306718,0.18671828473923827,0.0993943252094445,0.19170466859940424,0.20423188908721676,0.07668023458360278,0.2097338874570898,0.2306078653709547,0.03461928940505933,0.03978753414155093
1799,4205.128,4219.487,4118.974,4118.974,4169.231,0.22541045205315693,0.043361191897185354,0.03244693963419822,0.29041251621667163,0.0471905641306718,0.18671828473923827,0.0993943252094445,0.19170466859940424,0.20423188908721676,0.07668023458360278,0.2097338874570898,0.2306078653709547,0.03461928940505933,0.03978753414155093
1806,4184.615,4207.179,4111.282,4099.487,4140.513,0.22541045205315693,0.043361191897185354,0.03244693963419822,0.29041251621667163,0.0471905641306718,0.18671828473923827,0.0993943252094445,0.19170466859940424,0.20423188908721676,0.07668023458360278,0.2097338874570898,0.2306078653709547,0.03461928940505933,0.03978753414155093
1813,4169.231,4187.692,4101.538,4083.077,4128.718,0.22541045205315693,0.043361191897185354,0.03244693963419822,0.29041251621667163,0.0471905641306718,0.18671828473923827,0.0993943252094445,0.19170466859940424,0.20423188908721676,0.07668023458360278,0.2097338874570898,0.2306078653709547,0.03461928940505933,0.03978753414155093
1820,4184.615,4169.744,4099.487,4091.282,4135.897,0.22541045205315693,0.043361191897185354,0.03244693963419822,0.29041251621667163,0.0471905641306718,0.18671828473923827,0.0993943252094445,0.19170466859940424,0.20423188908721676,0.07668023458360278,0.2097338874570898,0.2306078653709547,0.03461928940505933,0.03978753414155093
1827,4188.205,4172.821,4112.821,4090.256,4121.538,0.22541045205315693,0.043361191897185354,0.03244693963419822,0.29041251621667163,0.0471905641306718,0.18671828473923827,0.0993943252094445,0.19170466859940424,0.20423188908721676,0.07668023458360278,0.2097338874570898,0.2306078653709547,0.03461928940505933,0.03978753414155093
1834,4174.872,4182.051,4112.821,4081.026,4113.333,0.22541045205315693,0.043361191897185354,0.03244693963419822,0.29041251621667163,0.0471905641306718,0.18671828473923827,0.0993943252094445,0.19170466859940424,0.20423188908721676,0.07668023458360278,0.2097338874570898,0.2306078653709547,0.03461928940505933,0.03978753414155093
1841,4190.769,4164.103,4114.872,4088.718,4127.179,0.22541045205315693,0.043361191897185354,0.03244693963419822,0.29041251621667163,0.0471905641306718,0.18671828473923827,0.0993943252094445,0.19170466859940424,0.20423188908721676,0.07668023458360278,0.2097338874570898,0.2306078653709547,0.03461928940505933,0.03978753414155093
1848,4197.949,4168.718,4135.385,4100.513,4141.026,0.22541045205315693,0.043361191897185354,0.03244693963419822,0.29041251621667163,0.0471905641306718,0.18671828473923827,0.0993943252094445,0.19170466859940424,0.20423188908721676,0.07668023458360278,0.2097338874570898,0.2306078653709547,0.03461928940505933,0.03978753414155093
1855,4179.487,4198.974,4120.0,4105.641,4146.667,0.22541045205315693,0.043361191897185354,0.03244693963419822,0.29041251621667163,0.0471905641306718,0.18671828473923827,0.0993943252094445,0.19170466859940424,0.20423188908721676,0.07668023458360278,0.2097338874570898,0.2306078653709547,0.03461928940505933,0.03978753414155093
1862,4186.154,4176.923,4091.795,4092.308,4141.026,0.22541045205315693,0.043361191897185354,0.03244693963419822,0.29041251621667163,0.0471905641306718,0.18671828473923827,0.0993943252094445,0.19170466859940424,0.20423188908721676,0.07668023458360278,0.2097338874570898,0.2306078653709547,0.03461928940505933,0.03978753414155093
1869,4200.513,4150.256,4097.949,4080.0,4144.103,0.22541045205315693,0.043361191897185354,0.03244693963419822,0.29041251621667163,0.0471905641306718,0.18671828473923827,0.0993943252094445,0.19170466859940424,0.20423188908721676,0.07668023458360278,0.2097338874570898,0.2306078653709547,0.03461928940505933,0.03978753414155093
1876,4199.487,4176.41,4093.846,4110.256,4165.641,0.22541045205315693,0.043361191897185354,0.03244693963419822,0.29041251621667163,0.0471905641306718,0.18671828473923827,0.0993943252094445,0.19170466859940424,0.20423188908721676,0.07668023458360278,0.2097338874570898,0.2306078653709547,0.03461928940505933,0.03978753414155093
1883,4197.949,4175.897,4077.949,4123.077,4160.0,0.22541045205315693,0.043361191897185354,0.03244693963419822,0.29041251621667163,0.0471905641306718,0.18671828473923827,0.0993943252094445,0.19170466859940424,0.20423188908721676,0.07668023458360278,0.2097338874570898,0.2306078653709547,0.03461928940505933,0.03978753414155093
1890,4193.846,4156.923,4088.718,4102.051,4145.128,0.22541045205315693,0.043361191897185354,0.03244693963419822,0.29041251621667163,0.0471905641306718,0.18671828473923827,0.0993943252094445,0.19170466859940424,0.20423188908721676,0.07668023458360278,0.2097338874570898,0.2306078653709547,0.03461928940505933,0.03978753414155093
1897,4193.333,4185.641,4102.564,4121.538,4175.897,0.22541045205315693,0.043361191897185354,0.03244693963419822,0.29041251621667163,0.0471905641306718,0.18671828473923827,0.0993943252094445,0.19170466859940424,0.20423188908721676,0.07668023458360278,0.2097338874570898,0.2306078653709547,0.03461928940505933,0.03978753414155093
1904,4197.436,4205.641,4104.103,4136.923,4188.718,0.22541045205315693,0.043361191897185354,0.03244693963419822,0.29041251621667163,0.0471905641306718,0.18671828473923827,0.0993943252094445,0.19170466859940424,0.20423188908721676,0.07668023458360278,0.2097338874570898,0.2306078653709547,0.03461928940505933,0.03978753414155093
1911,4183.59,4197.436,4102.051,4100.513,4163.59,0.22541045205315693,0.043361191897185354,0.03244693963419822,0.29041251621667163,0.0471905641306718,0.18671828473923827,0.0993943252094445,0.19170466859940424,0.20423188908721676,0.07668023458360278,0.2097338874570898,0.2306078653709547,0.03461928940505933,0.03978753414155093
1918,4176.41,4198.462,4083.59,4092.821,4170.769,0.22541045205315693,0.043361191897185354,0.03244693963419822,0.29041251621667163,0.0471905641306718,0.18671828473923827,0.0993943252094445,0.19170466859940424,0.20423188908721676,0.07668023458360278,0.2097338874570898,0.2306078653709547,0.03461928940505933,0.03978753414155093
1925,4184.103,4185.641,4070.256,4109.744,4183.077,0.22541045205315693,0.043361191897185354,0.03244693963419822,0.29041251621667163,0.0471905641306718,0.18671828473923827,0.0993943252094445,0.19170466859940424,0.20423188908721676,0.07668023458360278,0.2097338874570898,0.2306078653709547,0.03461928940505933,0.03978753414155093
1932,4174.872,4175.385,4080.513,4100.0,4166.154,0.22541045205315693,0.043361191897185354,0.03244693963419822,0.29041251621667163,0.0471905641306718,0.18671828473923827,0.0993943252094445,0.19170466859940424,0.20423188908721676,0.07668023458360278,0.2097338874570898,0.2306078653709547,0.03461928940505933,0.03978753414155093
1939,4173.846,4174.872,4082.564,4105.641,4158.974,0.22541045205315693,0.043361191897185354,0.03244693963419822,0.29041251621667163,0.0471905641306718,0.18671828473923827,0.0993943252094445,0.19170466859940424,0.20423188908721676,0.07668023458360278,0.2097338874570898,0.2306078653709547,0.03461928940505933,0.03978753414155093
1946,4191.282,4147.692,4077.436,4122.051,4155.897,0.22541045205315693,0.043361191897185354,0.03244693963419822,0.29041251621667163,0.0471905641306718,0.18671828473923827,0.0993943252094445,0.19170466859940424,0.20423188908721676,0.07668023458360278,0.2097338874570898,0.2306078653709547,0.03461928940505933,0.03978753414155093
1953,4182.051,4144.103,4076.41,4105.641,4144.615,0.22541045205315693,0.043361191897185354,0.03244693963419822,0.29041251621667163,0.0471905641306718,0.18671828473923827,0.0993943252094445,0.19170466859940424,0.20423188908721676,0.07668023458360278,0.2097338874570898,0.2306078653709547,0.03461928940505933,0.03978753414155093
1960,4173.846,4174.872,4074.359,4087.692,4150.769,0.22541045205315693,0.043361191897185354,0.03244693963419822,0.29041251621667163,0.0471905641306718,0.18671828473923827,0.0993943252094445,0.19170466859940424,0.20423188908721676,0.07668023458360278,0.2097338874570898,0.2306078653709547,0.03461928940505933,0.03978753414155093
1967,4209.231,4169.744,4079.487,4091.282,4175.897,0.22541045205315693,0.043361191897185354,0.03244693963419822,0.29041251621667163,0.0471905641306718,0.18671828473923827,0.0993943252094445,0.19170466859940424,0.20423188908721676,0.07668023458360278,0.2097338874570898,0.2306078653709547,0.03461928940505933,0.03978753414155093
1974,4247.179,4151.795,4082.051,4095.385,4203.077,0.22541045205315693,0.043361191897185354,0.03244693963419822,0.29041251621667163,0.0471905641306718,0.18671828473923827,0.0993943252094445,0.19170466859940424,0.20423188908721676,0.07668023458360278,0.2097338874570898,0.2306078653709547,0.03461928940505933,0.03978753414155093
1981,4259.487,4158.974,4073.333,4092.821,4226.154,0.22541045205315693,0.043361191897185354,0.03244693963419822,0.29041251621667163,0.0471905641306718,0.18671828473923827,0.0993943252094445,0.19170466859940424,0.20423188908721676,0.07668023458360278,0.2097338874570898,0.2306078653709547,0.03461928940505933,0.03978753414155093
1988,4279.487,4174.359,4070.769,4096.41,4263.59,0.22541045205315693,0.043361191897185354,0.03244693963419822,0.29041251621667163,0.0471905641306718,0.18671828473923827,0.0993943252094445,0.19170466859940424,0.20423188908721676,0.07668023458360278,0.2097338874570898,0.2306078653709547,0.03461928940505933,0.03978753414155093
1995,4327.692,4187.692,4073.333,4115.897,4312.821,0.22541045205315693,0.043361191897185354,0.03244693963419822,0.29041251621667163,0.0471905641306718,0.18671828473923827,0.0993943252094445,0.19170466859940424,0.20423188908721676,0.07668023458360278,0.2097338874570898,0.2306078653709547,0.03461928940505933,0.03978753414155093
2002,4373.333,4178.462,4065.641,4125.128,4333.846,0.22541045205315693,0.043361191897185354,0.03244693963419822,0.29041251621667163,0.0471905641306718,0.18671828473923827,0.0993943252094445,0.19170466859940424,0.20423188908721676,0.07668023458360278,0.2097338874570898,0.2306078653709547,0.03461928940505933,0.03978753414155093
2009,4405.641,4169.744,4065.641,4120.0,4351.282,0.22541045205315693,0.043361191897185354,0.03244693963419822,0.29041251621667163,0.0471905641306718,0.18671828473923827,0.0993943252094445,0.19170466859940424,0.20423188908721676,0.07668023458360278,0.2097338874570898,0.2306078653709547,0.03461928940505933,0.03978753414155093
2016,4434.359,4202.051,4092.821,4140.513,4407.179,0.22541045205315693,0.043361191897185354,0.03244693963419822,0.29041251621667163,0.0471905641306718,0.18671828473923827,0.0993943252094445,0.19170466859940424,0.20423188908721676,0.07668023458360278,0.2097338874570898,0.2306078653709547,0.03461928940505933,0.03978753414155093
2023,4438.462,4226.154,4112.308,4156.923,4432.821,0.22541045205315693,0.043361191897185354,0.03244693963419822,0.29041251621667163,0.0471905641306718,0.18671828473923827,0.0993943252094445,0.19170466859940424,0.20423188908721676,0.07668023458360278,0.2097338874570898,0.2306078653709547,0.03461928940505933,0.03978753414155093
2030,4423.077,4208.718,4112.308,4130.769,4400.0,0.22541045205315693,0.043361191897185354,0.03244693963419822,0.29041251621667163,0.0471905641306718,0.18671828473923827,0.0993943252094445,0.19170466859940424,0.20423188908721676,0.07668023458360278,0.2097338874570898,0.2306078653709547,0.03461928940505933,0.03978753414155093
2037,4420.513,4206.667,4115.897,4113.846,4376.41,0.22541045205315693,0.043361191897185354,0.03244693963419822,0.29041251621667163,0.0471905641306718,0.18671828473923827,0.0993943252094445,0.19170466859940424,0.20423188908721676,0.07668023458360278,0.2097338874570898,0.2306078653709547,0.03461928940505933,0.03978753414155093
2044,4413.846,4231.282,4120.0,4127.179,4375.385,0.22541045205315693,0.043361191897185354,0.03244693963419822,0.29041251621667163,0.0471905641306718,0.18671828473923827,0.0993943252094445,0.19170466859940424,0.20423188908721676,0.07668023458360278,0.2097338874570898,0.2306078653709547,0.03461928940505933,0.03978753414155093
2051,4384.615,4219.487,4106.154,4133.333,4355.385,0.22541045205315693,0.043361191897185354,0.03244693963419822,0.29041251621667163,0.0471905641306718,0.18671828473923827,0.0993943252094445,0.19170466859940424,0.20423188908721676,0.07668023458360278,0.2097338874570898,0.2306078653709547,0.03461928940505933,0.03978753414155093
2058,4363.59,4184.103,4087.692,4123.077,4316.41,0.22541045205315693,0.043361191897185354,0.03244693963419822,0.29041251621667163,0.0471905641306718,0.18671828473923827,0.0993943252094445,0.19170466859940424,0.20423188908721676,0.07668023458360278,0.2097338874570898,0.2306078653709547,0.03461928940505933,0.03978753414155093
2065,4344.103,4184.615,4089.744,4118.462,4283.077,0.22541045205315693,0.043361191897185354,0.03244693963419822,0.29041251621667163,0.0471905641306718,0.18671828473923827,0.0993943252094445,0.19170466859940424,0.20423188908721676,0.07668023458360278,0.2097338874570898,0.2306078653709547,0.03461928940505933,0.03978753414155093
2072,4315.385,4206.154,4092.821,4128.205,4273.846,0.22541045205315693,0.043361191897185354,0.03244693963419822,0.29041251621667163,0.0471905641306718,0.18671828473923827,0.0993943252094445,0.19170466859940424,0.20423188908721676,0.07668023458360278,0.2097338874570898,0.2306078653709547,0.03461928940505933,0.03978753414155093
2079,4308.205,4215.897,4090.256,4149.231,4283.077,0.22541045205315693,0.043361191897185354,0.03244693963419822,0.29041251621667163,0.0471905641306718,0.18671828473923827,0.0993943252094445,0.19170466859940424,0.20423188908721676,0.07668023458360278,0.2097338874570898,0.2306078653709547,0.03461928940505933,0.03978753414155093
2086,4309.744,4203.59,4082.564,4159.487,4267.692,0.22541045205315693,0.043361191897185354,0.03244693963419822,0.29041251621667163,0.0471905641306718,0.18671828473923827,0.0993943252094445,0.19170466859940424,0.20423188908721676,0.07668023458360278,0.2097338874570898,0.2306078653709547,0.03461928940505933,0.03978753414155093
2093,4290.256,4175.897,4071.795,4147.179,4226.154,0.22541045205315693,0.043361191897185354,0.03244693963419822,0.29041251621667163,0.0471905641306718,0.18671828473923827,0.0993943252094445,0.19170466859940424,0.20423188908721676,0.07668023458360278,0.2097338874570898,0.2306078653709547,0.03461928940505933,0.03978753414155093
2100,4256.41,4167.692,4063.59,4125.128,4206.154,0.22541045205315693,0.043361191897185354,0.03244693963419822,0.29041251621667163,0.0471905641306718,0.18671828473923827,0.0993943252094445,0.19170466859940424,0.20423188908721676,0.07668023458360278,0.2097338874570898,0.2306078653709547,0.03461928940505933,0.03978753414155093
2107,4242.564,4184.103,4061.538,4121.026,4209.744,0.22541045205315693,0.043361191897185354,0.03244693963419822,0.29041251621667163,0.0471905641306718,0.18671828473923827,0.0993943252094445,0.19170466859940424,0.20423188908721676,0.07668023458360278,0.2097338874570898,0.2306078653709547,0.03461928940505933,0.03978753414155093
2114,4242.051,4180.0,4067.692,4126.667,4193.846,0.22541045205315693,0.043361191897185354,0.03244693963419822,0.29041251621667163,0.0471905641306718,0.18671828473923827,0.0993943252094445,0.19170466859940424,0.20423188908721676,0.07668023458360278,0.2097338874570898,0.2306078653709547,0.03461928940505933,0.03978753414155093
2121,4231.282,4163.077,4072.308,4115.897,4163.59,0.22541045205315693,0.043361191897185354,0.03244693963419822,0.29041251621667163,0.0471905641306718,0.18671828473923827,0.0993943252094445,0.19170466859940424,0.20423188908721676,0.07668023458360278,0.2097338874570898,0.2306078653709547,0.03461928940505933,0.03978753414155093
2128,4220.513,4168.205,4075.897,4097.436,4157.949,0.22541045205315693,0.043361191897185354,0.03244693963419822,0.29041251621667163,0.0471905641306718,0.18671828473923827,0.0993943252094445,0.19170466859940424,0.20423188908721676,0.07668023458360278,0.2097338874570898,0.2306078653709547,0.03461928940505933,0.03978753414155093
2135,4224.103,4180.0,4082.051,4098.974,4182.051,0.22541045205315693,0.043361191897185354,0.03244693963419822,0.29041251621667163,0.0471905641306718,0.18671828473923827,0.0993943252094445,0.19170466859940424,0.20423188908721676,0.07668023458360278,0.2097338874570898,0.2306078653709547,0.03461928940505933,0.03978753414155093
2142,4239.487,4194.359,4097.949,4126.154,4205.641,0.22541045205315693,0.043361191897185354,0.03244693963419822,0.29041251621667163,0.0471905641306718,0.18671828473923827,0.0993943252094445,0.19170466859940424,0.20423188908721676,0.07668023458360278,0.2097338874570898,0.2306078653709547,0.03461928940505933,0.03978753414155093
2149,4234.872,4201.538,4107.179,4135.897,4192.821,0.22541045205315693,0.043361191897185354,0.03244693963419822,0.29041251621667163,0.0471905641306718,0.18671828473923827,0.0993943252094445,0.19170466859940424,0.20423188908721676,0.07668023458360278,0.2097338874570898,0.2306078653709547,0.03461928940505933,0.03978753414155093
2156,4217.436,4184.615,4096.923,4118.974,4166.667,0.22541045205315693,0.043361191897185354,0.03244693963419822,0.29041251621667163,0.0471905641306718,0.18671828473923827,0.0993943252094445,0.19170466859940424,0.20423188908721676,0.07668023458360278,0.2097338874570898,0.2306078653709547,0.03461928940505933,0.03978753414155093
2163,4219.487,4182.564,4091.282,4110.256,4170.769,0.22541045205315693,0.043361191897185354,0.03244693963419822,0.29041251621667163,0.0471905641306718,0.18671828473923827,0.0993943252094445,0.19170466859940424,0.20423188908721676,0.07668023458360278,0.2097338874570898,0.2306078653709547,0.03461928940505933,0.03978753414155093
2170,4234.872,4207.179,4082.051,4123.59,4187.692,0.22541045205315693,0.043361191897185354,0.03244693963419822,0.29041251621667163,0.0471905641306718,0.18671828473923827,0.0993943252094445,0.19170466859940424,0.20423188908721676,0.07668023458360278,0.2097338874570898,0.2306078653709547,0.03461928940505933,0.03978753414155093
2177,4230.769,4217.436,4065.128,4126.667,4183.59,0.22541045205315693,0.043361191897185354,0.03244693963419822,0.29041251621667163,0.0471905641306718,0.18671828473923827,0.0993943252094445,0.19170466859940424,0.20423188908721676,0.07668023458360278,0.2097338874570898,0.2306078653709547,0.03461928940505933,0.03978753414155093
2184,4216.923,4209.744,4054.872,4116.41,4179.487,0.22541045205315693,0.043361191897185354,0.03244693963419822,0.29041251621667163,0.0471905641306718,0.18671828473923827,0.0993943252094445,0.19170466859940424,0.20423188908721676,0.07668023458360278,0.2097338874570898,0.2306078653709547,0.03461928940505933,0.03978753414155093
2191,4214.872,4200.513,4054.872,4097.436,4172.308,0.22541045205315693,0.043361191897185354,0.03244693963419822,0.29041251621667163,0.0471905641306718,0.18671828473923827,0.0993943252094445,0.19170466859940424,0.20423188908721676,0.07668023458360278,0.2097338874570898,0.2306078653709547,0.03461928940505933,0.03978753414155093
2198,4211.282,4193.333,4054.872,4073.846,4153.846,0.22541045205315693,0.043361191897185354,0.03244693963419822,0.29041251621667163,0.0471905641306718,0.18671828473923827,0.0993943252094445,0.19170466859940424,0.20423188908721676,0.07668023458360278,0.2097338874570898,0.2306078653709547,0.03461928940505933,0.03978753414155093
2205,4204.615,4191.282,4048.718,4082.051,4145.641,0.22541045205315693,0.043361191897185354,0.03244693963419822,0.29041251621667163,0.0471905641306718,0.18671828473923827,0.0993943252094445,0.19170466859940424,0.20423188908721676,0.07668023458360278,0.2097338874570898,0.2306078653709547,0.03461928940505933,0.03978753414155093
2212,4202.051,4200.513,4053.846,4091.282,4152.821,0.22541045205315693,0.043361191897185354,0.03244693963419822,0.29041251621667163,0.0471905641306718,0.18671828473923827,0.0993943252094445,0.19170466859940424,0.20423188908721676,0.07668023458360278,0.2097338874570898,0.2306078653709547,0.03461928940505933,0.03978753414155093
2219,4221.026,4207.692,4080.513,4085.641,4174.872,0.22541045205315693,0.043361191897185354,0.03244693963419822,0.29041251621667163,0.0471905641306718,0.18671828473923827,0.0993943252094445,0.19170466859940424,0.20423188908721676,0.07668023458360278,0.2097338874570898,0.2306078653709547,0.03461928940505933,0.03978753414155093
2226,4245.128,4188.718,4096.923,4079.487,4184.103,0.22541045205315693,0.043361191897185354,0.03244693963419822,0.29041251621667163,0.0471905641306718,0.18671828473923827,0.0993943252094445,0.19170466859940424,0.20423188908721676,0.07668023458360278,0.2097338874570898,0.2306078653709547,0.03461928940505933,0.03978753414155093
2233,4258.974,4173.846,4079.487,4064.615,4188.205,0.22541045205315693,0.043361191897185354,0.03244693963419822,0.29041251621667163,0.0471905641306718,0.18671828473923827,0.0993943252094445,0.19170466859940424,0.20423188908721676,0.07668023458360278,0.2097338874570898,0.2306078653709547,0.03461928940505933,0.03978753414155093
2240,4293.846,4183.59,4068.718,4068.718,4235.385,0.22541045205315693,0.043361191897185354,0.03244693963419822,0.29041251621667163,0.0471905641306718,0.18671828473923827,0.0993943252094445,0.19170466859940424,0.20423188908721676,0.07668023458360278,0.2097338874570898,0.2306078653709547,0.03461928940505933,0.03978753414155093
2247,4346.154,4178.462,4080.513,4085.641,4288.718,0.22541045205315693,0.043361191897185354,0.03244693963419822,0.29041251621667163,0.0471905641306718,0.18671828473923827,0.0993943252094445,0.19170466859940424,0.20423188908721676,0.07668023458360278,0.2097338874570898,0.2306078653709547,0.03461928940505933,0.03978753414155093
2254,4389.231,4162.564,4098.974,4078.462,4313.846,0.22541045205315693,0.043361191897185354,0.03244693963419822,0.29041251621667163,0.0471905641306718,0.18671828473923827,0.0993943252094445,0.19170466859940424,0.20423188908721676,0.07668023458360278,0.2097338874570898,0.2306078653709547,0.03461928940505933,0.03978753414155093
2261,4430.769,4176.41,4125.128,4081.026,4359.487,0.22541045205315693,0.043361191897185354,0.03244693963419822,0.29041251621667163,0.0471905641306718,0.18671828473923827,0.0993943252094445,0.19170466859940424,0.20423188908721676,0.07668023458360278,0.2097338874570898,0.2306078653709547,0.03461928940505933,0.03978753414155093
2268,4455.897,4189.744,4137.436,4116.41,4404.615,0.22541045205315693,0.043361191897185354,0.03244693963419822,0.29041251621667163,0.0471905641306718,0.18671828473923827,0.0993943252094445,0.19170466859940424,0.20423188908721676,0.07668023458360278,0.2097338874570898,0.2306078653709547,0.03461928940505933,0.03978753414155093
2275,4429.744,4171.282,4118.974,4113.333,4388.718,0.22541045205315693,0.043361191897185354,0.03244693963419822,0.29041251621667163,0.0471905641306718,0.18671828473923827,0.0993943252094445,0.19170466859940424,0.20423188908721676,0.07668023458360278,0.2097338874570898,0.2306078653709547,0.03461928940505933,0.03978753414155093
2282,4402.564,4157.949,4098.974,4088.205,4362.051,0.22541045205315693,0.043361191897185354,0.03244693963419822,0.29041251621667163,0.0471905641306718,0.18671828473923827,0.0993943252094445,0.19170466859940424,0.20423188908721676,0.07668023458360278,0.2097338874570898,0.2306078653709547,0.03461928940505933,0.03978753414155093
2289,4414.872,4152.308,4101.538,4107.179,4355.385,0.22541045205315693,0.043361191897185354,0.03244693963419822,0.29041251621667163,0.0471905641306718,0.18671828473923827,0.0993943252094445,0.19170466859940424,0.20423188908721676,0.07668023458360278,0.2097338874570898,0.2306078653709547,0.03461928940505933,0.03978753414155093
2296,4406.667,4136.41,4109.231,4120.513,4340.0,0.22541045205315693,0.043361191897185354,0.03244693963419822,0.29041251621667163,0.0471905641306718,0.18671828473923827,0.0993943252094445,0.19170466859940424,0.20423188908721676,0.07668023458360278,0.2097338874570898,0.2306078653709547,0.03461928940505933,0.03978753414155093
2303,4383.077,4136.923,4106.154,4109.744,4332.308,0.22541045205315693,0.043361191897185354,0.03244693963419822,0.29041251621667163,0.0471905641306718,0.18671828473923827,0.0993943252094445,0.19170466859940424,0.20423188908721676,0.07668023458360278,0.2097338874570898,0.2306078653709547,0.03461928940505933,0.03978753414155093
2310,4381.538,4112.821,4109.231,4107.692,4318.974,0.22541045205315693,0.043361191897185354,0.03244693963419822,0.29041251621667163,0.0471905641306718,0.18671828473923827,0.0993943252094445,0.19170466859940424,0.20423188908721676,0.07668023458360278,0.2097338874570898,0.2306078653709547,0.03461928940505933,0.03978753414155093
2317,4370.769,4066.667,4116.41,4103.59,4289.744,0.22541045205315693,0.043361191897185354,0.03244693963419822,0.29041251621667163,0.0471905641306718,0.18671828473923827,0.0993943252094445,0.19170466859940424,0.20423188908721676,0.07668023458360278,0.2097338874570898,0.2306078653709547,0.03461928940505933,0.03978753414155093
2324,4344.103,4090.256,4106.667,4104.103,4276.41,0.22541045205315693,0.043361191897185354,0.03244693963419822,0.29041251621667163,0.0471905641306718,0.18671828473923827,0.0993943252094445,0.19170466859940424,0.20423188908721676,0.07668023458360278,0.2097338874570898,0.2306078653709547,0.03461928940505933,0.03978753414155093
2331,4337.949,4127.179,4091.282,4116.41,4268.205,0.22541045205315693,0.043361191897185354,0.03244693963419822,0.29041251621667163,0.0471905641306718,0.18671828473923827,0.0993943252094445,0.19170466859940424,0.20423188908721676,0.07668023458360278,0.2097338874570898,0.2306078653709547,0.03461928940505933,0.03978753414155093
2338,4350.256,4106.154,4102.051,4120.0,4261.026,0.22541045205315693,0.043361191897185354,0.03244693963419822,0.29041251621667163,0.0471905641306718,0.18671828473923827,0.0993943252094445,0.19170466859940424,0.20423188908721676,0.07668023458360278,0.2097338874570898,0.2306078653709547,0.03461928940505933,0.03978753414155093
2345,4360.0,4122.051,4134.359,4122.564,4274.359,0.22541045205315693,0.043361191897185354,0.03244693963419822,0.29041251621667163,0.0471905641306718,0.18671828473923827,0.0993943252094445,0.19170466859940424,0.20423188908721676,0.07668023458360278,0.2097338874570898,0.2306078653709547,0.03461928940505933,0.03978753414155093
2352,4356.923,4171.795,4136.923,4137.436,4286.154,0.22541045205315693,0.043361191897185354,0.03244693963419822,0.29041251621667163,0.0471905641306718,0.18671828473923827,0.0993943252094445,0.19170466859940424,0.20423188908721676,0.07668023458360278,0.2097338874570898,0.2306078653709547,0.03461928940505933,0.03978753414155093
2359,4336.923,4146.154,4105.641,4148.205,4265.641,0.22541045205315693,0.043361191897185354,0.03244693963419822,0.29041251621667163,0.0471905641306718,0.18671828473923827,0.0993943252094445,0.19170466859940424,0.20423188908721676,0.07668023458360278,0.2097338874570898,0.2306078653709547,0.03461928940505933,0.03978753414155093
2366,4313.333,4106.154,4094.359,4140.513,4230.256,0.22541045205315693,0.043361191897185354,0.03244693963419822,0.29041251621667163,0.0471905641306718,0.18671828473923827,0.0993943252094445,0.19170466859940424,0.20423188908721676,0.07668023458360278,0.2097338874570898,0.2306078653709547,0.03461928940505933,0.03978753414155093
2373,4286.154,4126.667,4108.205,4116.923,4200.0,0.22541045205315693,0.043361191897185354,0.03244693963419822,0.29041251621667163,0.0471905641306718,0.18671828473923827,0.0993943252094445,0.19170466859940424,0.20423188908721676,0.07668023458360278,0.2097338874570898,0.2306078653709547,0.03461928940505933,0.03978753414155093
2380,4255.385,4141.026,4106.667,4099.487,4182.051,0.22541045205315693,0.043361191897185354,0.03244693963419822,0.29041251621667163,0.0471905641306718,0.18671828473923827,0.0993943252094445,0.19170466859940424,0.20423188908721676,0.07668023458360278,0.2097338874570898,0.2306078653709547,0.03461928940505933,0.03978753414155093
2387,4254.359,4140.513,4104.103,4120.0,4184.103,0.22541045205315693,0.043361191897185354,0.03244693963419822,0.29041251621667163,0.0471905641306718,0.18671828473923827,0.0993943252094445,0.19170466859940424,0.20423188908721676,0.07668023458360278,0.2097338874570898,0.2306078653709547,0.03461928940505933,0.03978753414155093
2394,4261.026,4157.949,4113.333,4137.436,4190.769,0.22541045205315693,0.043361191897185354,0.03244693963419822,0.29041251621667163,0.0471905641306718,0.18671828473923827,0.0993943252094445,0.19170466859940424,0.20423188908721676,0.07668023458360278,0.2097338874570898,0.2306078653709547,0.03461928940505933,0.03978753414155093
2401,4241.026,4163.077,4106.667,4123.077,4184.103,0.22541045205315693,0.043361191897185354,0.03244693963419822,0.29041251621667163,0.0471905641306718,0.18671828473923827,0.0993943252094445,0.19170466859940424,0.20423188908721676,0.07668023458360278,0.2097338874570898,0.2306078653709547,0.03461928940505933,0.03978753414155093
2408,4217.949,4152.308,4089.744,4123.077,4175.897,0.22541045205315693,0.043361191897185354,0.03244693963419822,0.29041251621667163,0.0471905641306718,0.18671828473923827,0.0993943252094445,0.19170466859940424,0.20423188908721676,0.07668023458360278,0.2097338874570898,0.2306078653709547,0.03461928940505933,0.03978753414155093
2415,4211.795,4155.385,4076.923,4134.872,4178.974,0.22541045205315693,0.043361191897185354,0.03244693963419822,0.29041251621667163,0.0471905641306718,0.18671828473923827,0.0993943252094445,0.19170466859940424,0.20423188908721676,0.07668023458360278,0.2097338874570898,0.2306078653709547,0.03461928940505933,0.03978753414155093
2422,4214.872,4150.769,4082.051,4129.231,4173.333,0.22541045205315693,0.043361191897185354,0.03244693963419822,0.29041251621667163,0.0471905641306718,0.18671828473923827,0.0993943252094445,0.19170466859940424,0.20423188908721676,0.07668023458360278,0.2097338874570898,0.2306078653709547,0.03461928940505933,0.03978753414155093
2429,4208.205,4134.359,4085.128,4108.718,4153.333,0.22541045205315693,0.043361191897185354,0.03244693963419822,0.29041251621667163,0.0471905641306718,0.18671828473923827,0.0993943252094445,0.19170466859940424,0.20423188908721676,0.07668023458360278,0.2097338874570898,0.2306078653709547,0.03461928940505933,0.03978753414155093
2436,4202.051,4144.615,4070.256,4097.949,4154.359,0.22541045205315693,0.043361191897185354,0.03244693963419822,0.29041251621667163,0.0471905641306718,0.18671828473923827,0.0993943252094445,0.19170466859940424,0.20423188908721676,0.07668023458360278,0.2097338874570898,0.2306078653709547,0.03461928940505933,0.03978753414155093
2443,4229.744,4170.256,4068.205,4125.128,4193.333,0.22541045205315693,0.043361191897185354,0.03244693963419822,0.29041251621667163,0.0471905641306718,0.18671828473923827,0.0993943252094445,0.19170466859940424,0.20423188908721676,0.07668023458360278,0.2097338874570898,0.2306078653709547,0.03461928940505933,0.03978753414155093
2450,4281.026,4172.308,4095.385,4167.179,4232.821,0.22541045205315693,0.043361191897185354,0.03244693963419822,0.29041251621667163,0.0471905641306718,0.18671828473923827,0.0993943252094445,0.19170466859940424,0.20423188908721676,0.07668023458360278,0.2097338874570898,0.2306078653709547,0.03461928940505933,0.03978753414155093
2457,4294.872,4167.179,4118.462,4163.077,4234.359,0.22541045205315693,0.043361191897185354,0.03244693963419822,0.29041251621667163,0.0471905641306718,0.18671828473923827,0.0993943252094445,0.19170466859940424,0.20423188908721676,0.07668023458360278,0.2097338874570898,0.2306078653709547,0.03461928940505933,0.03978753414155093
2464,4265.641,4164.615,4111.795,4127.692,4212.308,0.22541045205315693,0.043361191897185354,0.03244693963419822,0.29041251621667163,0.0471905641306718,0.18671828473923827,0.0993943252094445,0.19170466859940424,0.20423188908721676,0.07668023458360278,0.2097338874570898,0.2306078653709547,0.03461928940505933,0.03978753414155093
2471,4252.308,4149.744,4106.667,4121.026,4197.949,0.22541045205315693,0.043361191897185354,0.03244693963419822,0.29041251621667163,0.0471905641306718,0.18671828473923827,0.0993943252094445,0.19170466859940424,0.20423188908721676,0.07668023458360278,0.2097338874570898,0.2306078653709547,0.03461928940505933,0.03978753414155093
2478,4256.923,4144.103,4110.256,4117.436,4186.667,0.22541045205315693,0.043361191897185354,0.03244693963419822,0.29041251621667163,0.0471905641306718,0.18671828473923827,0.0993943252094445,0.19170466859940424,0.20423188908721676,0.07668023458360278,0.2097338874570898,0.2306078653709547,0.03461928940505933,0.03978753414155093
2485,4250.769,4164.103,4112.821,4099.487,4180.513,0.22541045205315693,0.043361191897185354,0.03244693963419822,0.29041251621667163,0.0471905641306718,0.18671828473923827,0.0993943252094445,0.19170466859940424,0.20423188908721676,0.07668023458360278,0.2097338874570898,0.2306078653709547,0.03461928940505933,0.03978753414155093
2492,4250.769,4183.59,4115.897,4109.744,4202.051,0.22541045205315693,0.043361191897185354,0.03244693963419822,0.29041251621667163,0.0471905641306718,0.18671828473923827,0.0993943252094445,0.19170466859940424,0.20423188908721676,0.07668023458360278,0.2097338874570898,0.2306078653709547,0.03461928940505933,0.03978753414155093
2499,4254.359,4173.333,4101.538,4134.359,4218.462,0.22541045205315693,0.043361191897185354,0.03244693963419822,0.29041251621667163,0.0471905641306718,0.18671828473923827,0.0993943252094445,0.19170466859940424,0.20423188908721676,0.07668023458360278,0.2097338874570898,0.2306078653709547,0.03461928940505933,0.03978753414155093
2506,4237.436,4158.462,4082.564,4124.615,4198.974,0.22541045205315693,0.043361191897185354,0.03244693963419822,0.29041251621667163,0.0471905641306718,0.18671828473923827,0.0993943252094445,0.19170466859940424,0.20423188908721676,0.07668023458360278,0.2097338874570898,0.2306078653709547,0.03461928940505933,0.03978753414155093
2513,4235.385,4173.333,4100.0,4116.923,4197.949,0.22541045205315693,0.043361191897185354,0.03244693963419822,0.29041251621667163,0.0471905641306718,0.18671828473923827,0.0993943252094445,0.19170466859940424,0.20423188908721676,0.07668023458360278,0.2097338874570898,0.2306078653709547,0.03461928940505933,0.03978753414155093
2520,4250.769,4190.769,4118.462,4137.436,4215.897,0.22541045205315693,0.043361191897185354,0.03244693963419822,0.29041251621667163,0.0471905641306718,0.18671828473923827,0.0993943252094445,0.19170466859940424,0.20423188908721676,0.07668023458360278,0.2097338874570898,0.2306078653709547,0.03461928940505933,0.03978753414155093
2527,4240.513,4176.41,4094.872,4129.231,4198.974,0.22541045205315693,0.043361191897185354,0.03244693963419822,0.29041251621667163,0.0471905641306718,0.18671828473923827,0.0993943252094445,0.19170466859940424,0.20423188908721676,0.07668023458360278,0.2097338874570898,0.2306078653709547,0.03461928940505933,0.03978753414155093
2534,4238.462,4164.103,4085.128,4115.897,4183.077,0.22541045205315693,0.043361191897185354,0.03244693963419822,0.29041251621667163,0.0471905641306718,0.18671828473923827,0.0993943252094445,0.19170466859940424,0.20423188908721676,0.07668023458360278,0.2097338874570898,0.2306078653709547,0.03461928940505933,0.03978753414155093
2541,4256.923,4169.231,4103.59,4132.821,4193.846,0.22541045205315693,0.043361191897185354,0.03244693963419822,0.29041251621667163,0.0471905641306718,0.18671828473923827,0.0993943252094445,0.19170466859940424,0.20423188908721676,0.07668023458360278,0.2097338874570898,0.2306078653709547,0.03461928940505933,0.03978753414155093
2548,4243.077,4170.256,4097.436,4118.974,4189.744,0.22541045205315693,0.043361191897185354,0.03244693963419822,0.29041251621667163,0.0471905641306718,0.18671828473923827,0.0993943252094445,0.19170466859940424,0.20423188908721676,0.07668023458360278,0.2097338874570898,0.2306078653709547,0.03461928940505933,0.03978753414155093
2555,4219.487,4154.359,4062.564,4083.077,4177.949,0.22541045205315693,0.043361191897185354,0.03244693963419822,0.29041251621667163,0.0471905641306718,0.18671828473923827,0.0993943252094445,0.19170466859940424,0.20423188908721676,0.07668023458360278,0.2097338874570898,0.2306078653709547,0.03461928940505933,0.03978753414155093
2562,4229.744,4128.205,4039.487,4073.846,4173.846,0.22541045205315693,0.043361191897185354,0.03244693963419822,0.29041251621667163,0.0471905641306718,0.18671828473923827,0.0993943252094445,0.19170466859940424,0.20423188908721676,0.07668023458360278,0.2097338874570898,0.2306078653709547,0.03461928940505933,0.03978753414155093
2569,4260.0,4114.872,4046.667,4078.974,4183.59,0.22541045205315693,0.043361191897185354,0.03244693963419822,0.29041251621667163,0.0471905641306718,0.18671828473923827,0.0993943252094445,0.19170466859940424,0.20423188908721676,0.07668023458360278,0.2097338874570898,0.2306078653709547,0.03461928940505933,0.03978753414155093
2576,4288.718,4135.897,4074.359,4091.282,4217.949,0.22541045205315693,0.043361191897185354,0.03244693963419822,0.29041251621667163,0.0471905641306718,0.18671828473923827,0.0993943252094445,0.19170466859940424,0.20423188908721676,0.07668023458360278,0.2097338874570898,0.2306078653709547,0.03461928940505933,0.03978753414155093
2583,4308.718,4176.923,4096.923,4115.897,4256.923,0.22541045205315693,0.043361191897185354,0.03244693963419822,0.29041251621667163,0.0471905641306718,0.18671828473923827,0.0993943252094445,0.19170466859940424,0.20423188908721676,0.07668023458360278,0.2097338874570898,0.2306078653709547,0.03461928940505933,0.03978753414155093
2590,4320.513,4194.872,4095.385,4123.077,4276.41,0.22541045205315693,0.043361191897185354,0.03244693963419822,0.29041251621667163,0.0471905641306718,0.18671828473923827,0.0993943252094445,0.19170466859940424,0.20423188908721676,0.07668023458360278,0.2097338874570898,0.2306078653709547,0.03461928940505933,0.03978753414155093
2597,4331.795,4195.385,4078.974,4120.0,4295.897,0.22541045205315693,0.043361191897185354,0.03244693963419822,0.29041251621667163,0.0471905641306718,0.18671828473923827,0.0993943252094445,0.19170466859940424,0.20423188908721676,0.07668023458360278,0.2097338874570898,0.2306078653709547,0.03461928940505933,0.03978753414155093
2604,4351.795,4188.205,4067.179,4128.205,4317.436,0.22541045205315693,0.043361191897185354,0.03244693963419822,0.29041251621667163,0.0471905641306718,0.18671828473923827,0.0993943252094445,0.19170466859940424,0.20423188908721676,0.07668023458360278,0.2097338874570898,0.2306078653709547,0.03461928940505933,0.03978753414155093
2611,4367.692,4167.692,4063.077,4111.795,4324.615,0.22541045205315693,0.043361191897185354,0.03244693963419822,0.29041251621667163,0.0471905641306718,0.18671828473923827,0.0993943252094445,0.19170466859940424,0.20423188908721676,0.07668023458360278,0.2097338874570898,0.2306078653709547,0.03461928940505933,0.03978753414155093
2618,4367.179,4166.154,4055.385,4088.205,4337.949,0.22541045205315693,0.043361191897185354,0.03244693963419822,0.29041251621667163,0.0471905641306718,0.18671828473923827,0.0993943252094445,0.19170466859940424,0.20423188908721676,0.07668023458360278,0.2097338874570898,0.2306078653709547,0.03461928940505933,0.03978753414155093
2625,4358.974,4188.718,4054.872,4097.436,4343.59,0.22541045205315693,0.043361191897185354,0.03244693963419822,0.29041251621667163,0.0471905641306718,0.18671828473923827,0.0993943252094445,0.19170466859940424,0.20423188908721676,0.07668023458360278,0.2097338874570898,0.2306078653709547,0.03461928940505933,0.03978753414155093
2632,4369.231,4207.179,4083.077,4122.564,4341.538,0.22541045205315693,0.043361191897185354,0.03244693963419822,0.29041251621667163,0.0471905641306718,0.18671828473923827,0.0993943252094445,0.19170466859940424,0.20423188908721676,0.07668023458360278,0.2097338874570898,0.2306078653709547,0.03461928940505933,0.03978753414155093
2639,4373.846,4212.821,4111.795,4133.846,4340.513,0.22541045205315693,0.043361191897185354,0.03244693963419822,0.29041251621667163,0.0471905641306718,0.18671828473923827,0.0993943252094445,0.19170466859940424,0.20423188908721676,0.07668023458360278,0.2097338874570898,0.2306078653709547,0.03461928940505933,0.03978753414155093
2646,4332.308,4206.667,4092.821,4119.487,4324.615,0.22541045205315693,0.043361191897185354,0.03244693963419822,0.29041251621667163,0.0471905641306718,0.18671828473923827,0.0993943252094445,0.19170466859940424,0.20423188908721676,0.07668023458360278,0.2097338874570898,0.2306078653709547,0.03461928940505933,0.03978753414155093
2653,4298.462,4197.949,4067.692,4107.179,4300.0,0.22541045205315693,0.043361191897185354,0.03244693963419822,0.29041251621667163,0.0471905641306718,0.18671828473923827,0.0993943252094445,0.19170466859940424,0.20423188908721676,0.07668023458360278,0.2097338874570898,0.2306078653709547,0.03461928940505933,0.03978753414155093
2660,4306.154,4207.692,4091.795,4123.59,4273.846,0.22541045205315693,0.043361191897185354,0.03244693963419822,0.29041251621667163,0.0471905641306718,0.18671828473923827,0.0993943252094445,0.19170466859940424,0.20423188908721676,0.07668023458360278,0.2097338874570898,0.2306078653709547,0.03461928940505933,0.03978753414155093
2667,4301.026,4223.59,4120.0,4140.0,4252.821,0.22541045205315693,0.043361191897185354,0.03244693963419822,0.29041251621667163,0.0471905641306718,0.18671828473923827,0.0993943252094445,0.19170466859940424,0.20423188908721676,0.07668023458360278,0.2097338874570898,0.2306078653709547,0.03461928940505933,0.03978753414155093
2674,4282.564,4225.128,4114.872,4137.949,4260.0,0.22541045205315693,0.043361191897185354,0.03244693963419822,0.29041251621667163,0.0471905641306718,0.18671828473923827,0.0993943252094445,0.19170466859940424,0.20423188908721676,0.07668023458360278,0.2097338874570898,0.2306078653709547,0.03461928940505933,0.03978753414155093
2681,4263.077,4211.795,4095.385,4113.846,4252.308,0.22541045205315693,0.043361191897185354,0.03244693963419822,0.29041251621667163,0.0471905641306718,0.18671828473923827,0.0993943252094445,0.19170466859940424,0.20423188908721676,0.07668023458360278,0.2097338874570898,0.2306078653709547,0.03461928940505933,0.03978753414155093
