timestamp,AF3,T7,Pz,T8,AF4,AF3_theta,AF3_alpha,AF3_beta,T7_theta,T7_mu,T7_beta,Pz_alpha,Pz_beta,T8_theta,T8_mu,T8_beta,AF4_theta,AF4_alpha,AF4_beta
0,4209.231,4190.256,4080.0,4050.769,4141.026,0.15397767463964346,0.04009582704880539,0.023159443679706113,0.23472821542048022,0.11247655736566516,0.17285367163848378,0.1322927908454407,0.2033932202692871,0.15860946306056015,0.15455205974567665,0.1274111455913719,0.16453374522242717,0.04647841168318043,0.03810518004031392
7,4223.077,4188.205,4092.821,4055.385,4138.974,0.15397767463964346,0.04009582704880539,0.023159443679706113,0.23472821542048022,0.11247655736566516,0.17285367163848378,0.1322927908454407,0.2033932202692871,0.15860946306056015,0.15455205974567665,0.1274111455913719,0.16453374522242717,0.04647841168318043,0.03810518004031392
14,4197.949,4184.615,4093.333,4017.949,4093.846,0.15397767463964346,0.04009582704880539,0.023159443679706113,0.23472821542048022,0.11247655736566516,0.17285367163848378,0.1322927908454407,0.2033932202692871,0.15860946306056015,0.15455205974567665,0.1274111455913719,0.16453374522242717,0.04647841168318043,0.03810518004031392
21,4160.0,4160.513,4036.41,3999.487,4073.846,0.15397767463964346,0.04009582704880539,0.023159443679706113,0.23472821542048022,0.11247655736566516,0.17285367163848378,0.1322927908454407,0.2033932202692871,0.15860946306056015,0.15455205974567665,0.1274111455913719,0.16453374522242717,0.04647841168318043,0.03810518004031392
28,4164.103,4136.41,4013.846,4009.744,4080.0,0.15397767463964346,0.04009582704880539,0.023159443679706113,0.23472821542048022,0.11247655736566516,0.17285367163848378,0.1322927908454407,0.2033932202692871,0.15860946306056015,0.15455205974567665,0.1274111455913719,0.16453374522242717,0.04647841168318043,0.03810518004031392
35,4168.205,4137.949,4036.41,3996.923,4063.59,0.15397767463964346,0.04009582704880539,0.023159443679706113,0.23472821542048022,0.11247655736566516,0.17285367163848378,0.1322927908454407,0.2033932202692871,0.15860946306056015,0.15455205974567665,0.1274111455913719,0.16453374522242717,0.04647841168318043,0.03810518004031392
42,4136.41,4150.256,4029.744,3970.256,4057.436,0.15397767463964346,0.04009582704880539,0.023159443679706113,0.23472821542048022,0.11247655736566516,0.17285367163848378,0.1322927908454407,0.2033932202692871,0.15860946306056015,0.15455205974567665,0.1274111455913719,0.16453374522242717,0.04647841168318043,0.03810518004031392
49,4140.0,4162.051,4027.179,3990.256,4094.359,0.15397767463964346,0.04009582704880539,0.023159443679706113,0.23472821542048022,0.11247655736566516,0.17285367163848378,0.1322927908454407,0.2033932202692871,0.15860946306056015,0.15455205974567665,0.1274111455913719,0.16453374522242717,0.04647841168318043,0.03810518004031392
56,4195.385,4166.154,4062.564,4035.385,4121.538,0.15397767463964346,0.04009582704880539,0.023159443679706113,0.23472821542048022,0.11247655736566516,0.17285367163848378,0.1322927908454407,0.2033932202692871,0.15860946306056015,0.15455205974567665,0.1274111455913719,0.16453374522242717,0.04647841168318043,0.03810518004031392
63,4198.974,4148.718,4075.385,4031.795,4094.359,0.15397767463964346,0.04009582704880539,0.023159443679706113,0.23472821542048022,0.11247655736566516,0.17285367163848378,0.1322927908454407,0.2033932202692871,0.15860946306056015,0.15455205974567665,0.1274111455913719,0.16453374522242717,0.04647841168318043,0.03810518004031392
70,4144.615,4136.923,4038.974,4003.077,4077.949,0.15397767463964346,0.04009582704880539,0.023159443679706113,0.23472821542048022,0.11247655736566516,0.17285367163848378,0.1322927908454407,0.2033932202692871,0.15860946306056015,0.15455205974567665,0.1274111455913719,0.16453374522242717,0.04647841168318043,0.03810518004031392
77,4148.205,4154.359,4013.846,4028.718,4115.897,0.15397767463964346,0.04009582704880539,0.023159443679706113,0.23472821542048022,0.11247655736566516,0.17285367163848378,0.1322927908454407,0.2033932202692871,0.15860946306056015,0.15455205974567665,0.1274111455913719,0.16453374522242717,0.04647841168318043,0.03810518004031392
84,4192.821,4176.923,4043.077,4058.974,4128.718,0.15397767463964346,0.04009582704880539,0.023159443679706113,0.23472821542048022,0.11247655736566516,0.17285367163848378,0.1322927908454407,0.2033932202692871,0.15860946306056015,0.15455205974567665,0.1274111455913719,0.16453374522242717,0.04647841168318043,0.03810518004031392
91,4192.821,4194.872,4079.487,4048.205,4111.282,0.15397767463964346,0.04009582704880539,0.023159443679706113,0.23472821542048022,0.11247655736566516,0.17285367163848378,0.1322927908454407,0.2033932202692871,0.15860946306056015,0.15455205974567665,0.1274111455913719,0.16453374522242717,0.04647841168318043,0.03810518004031392
98,4201.538,4215.897,4087.692,4074.359,4149.744,0.15397767463964346,0.04009582704880539,0.023159443679706113,0.23472821542048022,0.11247655736566516,0.17285367163848378,0.1322927908454407,0.2033932202692871,0.15860946306056015,0.15455205974567665,0.1274111455913719,0.16453374522242717,0.04647841168318043,0.03810518004031392
105,4243.59,4242.051,4102.564,4130.256,4201.026,0.15397767463964346,0.04009582704880539,0.023159443679706113,0.23472821542048022,0.11247655736566516,0.17285367163848378,0.1322927908454407,0.2033932202692871,0.15860946306056015,0.15455205974567665,0.1274111455913719,0.16453374522242717,0.04647841168318043,0.03810518004031392
112,4261.026,4261.538,4137.436,4140.0,4197.949,0.15397767463964346,0.04009582704880539,0.023159443679706113,0.23472821542048022,0.11247655736566516,0.17285367163848378,0.1322927908454407,0.2033932202692871,0.15860946306056015,0.15455205974567665,0.1274111455913719,0.16453374522242717,0.04647841168318043,0.03810518004031392
119,4260.0,4268.205,4151.795,4130.256,4202.051,0.15397767463964346,0.04009582704880539,0.023159443679706113,0.23472821542048022,0.11247655736566516,0.17285367163848378,0.1322927908454407,0.2033932202692871,0.15860946306056015,0.15455205974567665,0.1274111455913719,0.16453374522242717,0.04647841168318043,0.03810518004031392
126,4275.385,4258.462,4142.564,4146.667,4228.205,0.15397767463964346,0.04009582704880539,0.023159443679706113,0.23472821542048022,0.11247655736566516,0.17285367163848378,0.1322927908454407,0.2033932202692871,0.15860946306056015,0.15455205974567665,0.1274111455913719,0.16453374522242717,0.04647841168318043,0.03810518004031392
133,4276.923,4237.949,4138.462,4153.846,4215.385,0.15397767463964346,0.04009582704880539,0.023159443679706113,0.23472821542048022,0.11247655736566516,0.17285367163848378,0.1322927908454407,0.2033932202692871,0.15860946306056015,0.15455205974567665,0.1274111455913719,0.16453374522242717,0.04647841168318043,0.03810518004031392
140,4261.026,4222.564,4143.59,4137.949,4188.205,0.15397767463964346,0.04009582704880539,0.023159443679706113,0.23472821542048022,0.11247655736566516,0.17285367163848378,0.1322927908454407,0.2033932202692871,0.15860946306056015,0.15455205974567665,0.1274111455913719,0.16453374522242717,0.04647841168318043,0.03810518004031392
147,4260.513,4223.59,4145.128,4127.692,4179.487,0.15397767463964346,0.04009582704880539,0.023159443679706113,0.23472821542048022,0.11247655736566516,0.17285367163848378,0.1322927908454407,0.2033932202692871,0.15860946306056015,0.15455205974567665,0.1274111455913719,0.16453374522242717,0.04647841168318043,0.03810518004031392
154,4265.641,4237.436,4123.59,4128.718,4178.462,0.15397767463964346,0.04009582704880539,0.023159443679706113,0.23472821542048022,0.11247655736566516,0.17285367163848378,0.1322927908454407,0.2033932202692871,0.15860946306056015,0.15455205974567665,0.1274111455913719,0.16453374522242717,0.04647841168318043,0.03810518004031392
161,4260.0,4226.154,4101.538,4125.641,4174.872,0.15397767463964346,0.04009582704880539,0.023159443679706113,0.23472821542048022,0.11247655736566516,0.17285367163848378,0.1322927908454407,0.2033932202692871,0.15860946306056015,0.15455205974567665,0.1274111455913719,0.16453374522242717,0.04647841168318043,0.03810518004031392
168,4230.256,4189.744,4094.359,4092.821,4156.41,0.15397767463964346,0.04009582704880539,0.023159443679706113,0.23472821542048022,0.11247655736566516,0.17285367163848378,0.1322927908454407,0.2033932202692871,0.15860946306056015,0.15455205974567665,0.1274111455913719,0.16453374522242717,0.04647841168318043,0.03810518004031392
175,4202.051,4171.282,4084.615,4066.667,4139.487,0.15397767463964346,0.04009582704880539,0.023159443679706113,0.23472821542048022,0.11247655736566516,0.17285367163848378,0.1322927908454407,0.2033932202692871,0.15860946306056015,0.15455205974567665,0.1274111455913719,0.16453374522242717,0.04647841168318043,0.03810518004031392
182,4224.103,4186.667,4098.462,4090.256,4149.231,0.15397767463964346,0.04009582704880539,0.023159443679706113,0.23472821542048022,0.11247655736566516,0.17285367163848378,0.1322927908454407,0.2033932202692871,0.15860946306056015,0.15455205974567665,0.1274111455913719,0.16453374522242717,0.04647841168318043,0.03810518004031392
189,4235.385,4205.128,4104.615,4099.487,4152.821,0.15397767463964346,0.04009582704880539,0.023159443679706113,0.23472821542048022,0.11247655736566516,0.17285367163848378,0.1322927908454407,0.2033932202692871,0.15860946306056015,0.15455205974567665,0.1274111455913719,0.16453374522242717,0.04647841168318043,0.03810518004031392
196,4206.667,4197.436,4073.846,4080.0,4142.051,0.15397767463964346,0.04009582704880539,0.023159443679706113,0.23472821542048022,0.11247655736566516,0.17285367163848378,0.1322927908454407,0.2033932202692871,0.15860946306056015,0.15455205974567665,0.1274111455913719,0.16453374522242717,0.04647841168318043,0.03810518004031392
203,4199.487,4169.231,4057.949,4077.436,4137.949,0.15397767463964346,0.04009582704880539,0.023159443679706113,0.23472821542048022,0.11247655736566516,0.17285367163848378,0.1322927908454407,0.2033932202692871,0.15860946306056015,0.15455205974567665,0.1274111455913719,0.16453374522242717,0.04647841168318043,0.03810518004031392
210,4208.718,4151.795,4058.462,4078.974,4127.179,0.15397767463964346,0.04009582704880539,0.023159443679706113,0.23472821542048022,0.11247655736566516,0.17285367163848378,0.1322927908454407,0.2033932202692871,0.15860946306056015,0.15455205974567665,0.1274111455913719,0.16453374522242717,0.04647841168318043,0.03810518004031392
217,4220.513,4194.359,4066.667,4092.308,4141.026,0.15397767463964346,0.04009582704880539,0.023159443679706113,0.23472821542048022,0.11247655736566516,0.17285367163848378,0.1322927908454407,0.2033932202692871,0.15860946306056015,0.15455205974567665,0.1274111455913719,0.16453374522242717,0.04647841168318043,0.03810518004031392
224,4182.564,4178.974,4024.103,4065.128,4122.051,0.15397767463964346,0.04009582704880539,0.023159443679706113,0.23472821542048022,0.11247655736566516,0.17285367163848378,0.1322927908454407,0.2033932202692871,0.15860946306056015,0.15455205974567665,0.1274111455913719,0.16453374522242717,0.04647841168318043,0.03810518004031392
231,4101.026,4065.128,3940.0,3968.718,4031.282,0.15397767463964346,0.04009582704880539,0.023159443679706113,0.23472821542048022,0.11247655736566516,0.17285367163848378,0.1322927908454407,0.2033932202692871,0.15860946306056015,0.15455205974567665,0.1274111455913719,0.16453374522242717,0.04647841168318043,0.03810518004031392
238,4121.538,4070.256,3976.923,3960.513,4032.308,0.15397767463964346,0.04009582704880539,0.023159443679706113,0.23472821542048022,0.11247655736566516,0.17285367163848378,0.1322927908454407,0.2033932202692871,0.15860946306056015,0.15455205974567665,0.1274111455913719,0.16453374522242717,0.04647841168318043,0.03810518004031392
245,4226.154,4198.974,4091.795,4066.667,4141.538,0.15397767463964346,0.04009582704880539,0.023159443679706113,0.23472821542048022,0.11247655736566516,0.17285367163848378,0.1322927908454407,0.2033932202692871,0.15860946306056015,0.15455205974567665,0.1274111455913719,0.16453374522242717,0.04647841168318043,0.03810518004031392
252,4249.744,4225.641,4097.949,4106.154,4171.795,0.15397767463964346,0.04009582704880539,0.023159443679706113,0.23472821542048022,0.11247655736566516,0.17285367163848378,0.1322927908454407,0.2033932202692871,0.15860946306056015,0.15455205974567665,0.1274111455913719,0.16453374522242717,0.04647841168318043,0.03810518004031392
259,4216.41,4171.282,4064.615,4069.744,4125.128,0.15397767463964346,0.04009582704880539,0.023159443679706113,0.23472821542048022,0.11247655736566516,0.17285367163848378,0.1322927908454407,0.2033932202692871,0.15860946306056015,0.15455205974567665,0.1274111455913719,0.16453374522242717,0.04647841168318043,0.03810518004031392
266,4216.41,4179.487,4087.692,4065.128,4127.692,0.15397767463964346,0.04009582704880539,0.023159443679706113,0.23472821542048022,0.11247655736566516,0.17285367163848378,0.1322927908454407,0.2033932202692871,0.15860946306056015,0.15455205974567665,0.1274111455913719,0.16453374522242717,0.04647841168318043,0.03810518004031392
273,4216.41,4192.821,4074.872,4075.385,4150.256,0.15397767463964346,0.04009582704880539,0.023159443679706113,0.23472821542048022,0.11247655736566516,0.17285367163848378,0.1322927908454407,0.2033932202692871,0.15860946306056015,0.15455205974567665,0.1274111455913719,0.16453374522242717,0.04647841168318043,0.03810518004031392
280,4210.256,4176.923,4054.359,4075.897,4142.051,0.15397767463964346,0.04009582704880539,0.023159443679706113,0.23472821542048022,0.11247655736566516,0.17285367163848378,0.1322927908454407,0.2033932202692871,0.15860946306056015,0.15455205974567665,0.1274111455913719,0.16453374522242717,0.04647841168318043,0.03810518004031392
287,4209.744,4191.282,4077.436,4074.872,4130.256,0.15397767463964346,0.04009582704880539,0.023159443679706113,0.23472821542048022,0.11247655736566516,0.17285367163848378,0.1322927908454407,0.2033932202692871,0.15860946306056015,0.15455205974567665,0.1274111455913719,0.16453374522242717,0.04647841168318043,0.03810518004031392
294,4203.59,4201.538,4066.154,4075.897,4141.538,0.15397767463964346,0.04009582704880539,0.023159443679706113,0.23472821542048022,0.11247655736566516,0.17285367163848378,0.1322927908454407,0.2033932202692871,0.15860946306056015,0.15455205974567665,0.1274111455913719,0.16453374522242717,0.04647841168318043,0.03810518004031392
301,4200.0,4175.385,4050.256,4071.282,4153.846,0.15397767463964346,0.04009582704880539,0.023159443679706113,0.23472821542048022,0.11247655736566516,0.17285367163848378,0.1322927908454407,0.2033932202692871,0.15860946306056015,0.15455205974567665,0.1274111455913719,0.16453374522242717,0.04647841168318043,0.03810518004031392
308,4180.513,4171.282,4068.718,4044.615,4130.769,0.15397767463964346,0.04009582704880539,0.023159443679706113,0.23472821542048022,0.11247655736566516,0.17285367163848378,0.1322927908454407,0.2033932202692871,0.15860946306056015,0.15455205974567665,0.1274111455913719,0.16453374522242717,0.04647841168318043,0.03810518004031392
315,4181.538,4197.949,4068.718,4048.205,4125.128,0.15397767463964346,0.04009582704880539,0.023159443679706113,0.23472821542048022,0.11247655736566516,0.17285367163848378,0.1322927908454407,0.2033932202692871,0.15860946306056015,0.15455205974567665,0.1274111455913719,0.16453374522242717,0.04647841168318043,0.03810518004031392
322,4216.41,4188.205,4058.974,4074.872,4137.436,0.15397767463964346,0.04009582704880539,0.023159443679706113,0.23472821542048022,0.11247655736566516,0.17285367163848378,0.1322927908454407,0.2033932202692871,0.15860946306056015,0.15455205974567665,0.1274111455913719,0.16453374522242717,0.04647841168318043,0.03810518004031392
329,4227.692,4173.333,4074.872,4074.872,4134.359,0.15397767463964346,0.04009582704880539,0.023159443679706113,0.23472821542048022,0.11247655736566516,0.17285367163848378,0.1322927908454407,0.2033932202692871,0.15860946306056015,0.15455205974567665,0.1274111455913719,0.16453374522242717,0.04647841168318043,0.03810518004031392
336,4222.564,4188.718,4093.846,4080.0,4141.026,0.15397767463964346,0.04009582704880539,0.023159443679706113,0.23472821542048022,0.11247655736566516,0.17285367163848378,0.1322927908454407,0.2033932202692871,0.15860946306056015,0.15455205974567665,0.1274111455913719,0.16453374522242717,0.04647841168318043,0.03810518004031392
343,4234.359,4194.872,4102.051,4101.538,4158.462,0.15397767463964346,0.04009582704880539,0.023159443679706113,0.23472821542048022,0.11247655736566516,0.17285367163848378,0.1322927908454407,0.2033932202692871,0.15860946306056015,0.15455205974567665,0.1274111455913719,0.16453374522242717,0.04647841168318043,0.03810518004031392
350,4233.333,4191.795,4091.282,4094.359,4154.359,0.15397767463964346,0.04009582704880539,0.023159443679706113,0.23472821542048022,0.11247655736566516,0.17285367163848378,0.1322927908454407,0.2033932202692871,0.15860946306056015,0.15455205974567665,0.1274111455913719,0.16453374522242717,0.04647841168318043,0.03810518004031392
357,4221.026,4197.436,4077.949,4076.923,4147.692,0.15397767463964346,0.04009582704880539,0.023159443679706113,0.23472821542048022,0.11247655736566516,0.17285367163848378,0.1322927908454407,0.2033932202692871,0.15860946306056015,0.15455205974567665,0.1274111455913719,0.16453374522242717,0.04647841168318043,0.03810518004031392
364,4226.154,4190.769,4099.487,4081.026,4154.872,0.15397767463964346,0.04009582704880539,0.023159443679706113,0.23472821542048022,0.11247655736566516,0.17285367163848378,0.1322927908454407,0.2033932202692871,0.15860946306056015,0.15455205974567665,0.1274111455913719,0.16453374522242717,0.04647841168318043,0.03810518004031392
371,4231.282,4173.333,4112.308,4081.538,4151.282,0.15397767463964346,0.04009582704880539,0.023159443679706113,0.23472821542048022,0.11247655736566516,0.17285367163848378,0.1322927908454407,0.2033932202692871,0.15860946306056015,0.15455205974567665,0.1274111455913719,0.16453374522242717,0.04647841168318043,0.03810518004031392
378,4222.564,4153.333,4083.59,4070.769,4133.333,0.15397767463964346,0.04009582704880539,0.023159443679706113,0.23472821542048022,0.11247655736566516,0.17285367163848378,0.1322927908454407,0.2033932202692871,0.15860946306056015,0.15455205974567665,0.1274111455913719,0.16453374522242717,0.04647841168318043,0.03810518004031392
385,4200.513,4138.974,4073.846,4049.231,4115.897,0.15397767463964346,0.04009582704880539,0.023159443679706113,0.23472821542048022,0.11247655736566516,0.17285367163848378,0.1322927908454407,0.2033932202692871,0.15860946306056015,0.15455205974567665,0.1274111455913719,0.16453374522242717,0.04647841168318043,0.03810518004031392
392,4193.846,4151.795,4092.308,4046.667,4118.974,0.15397767463964346,0.04009582704880539,0.023159443679706113,0.23472821542048022,0.11247655736566516,0.17285367163848378,0.1322927908454407,0.2033932202692871,0.15860946306056015,0.15455205974567665,0.1274111455913719,0.16453374522242717,0.04647841168318043,0.03810518004031392
399,4225.641,4169.231,4092.308,4086.154,4142.051,0.15397767463964346,0.04009582704880539,0.023159443679706113,0.23472821542048022,0.11247655736566516,0.17285367163848378,0.1322927908454407,0.2033932202692871,0.15860946306056015,0.15455205974567665,0.1274111455913719,0.16453374522242717,0.04647841168318043,0.03810518004031392
406,4247.692,4181.538,4077.949,4111.795,4154.872,0.15397767463964346,0.04009582704880539,0.023159443679706113,0.23472821542048022,0.11247655736566516,0.17285367163848378,0.1322927908454407,0.2033932202692871,0.15860946306056015,0.15455205974567665,0.1274111455913719,0.16453374522242717,0.04647841168318043,0.03810518004031392
413,4222.051,4194.359,4064.103,4096.923,4146.667,0.15397767463964346,0.04009582704880539,0.023159443679706113,0.23472821542048022,0.11247655736566516,0.17285367163848378,0.1322927908454407,0.2033932202692871,0.15860946306056015,0.15455205974567665,0.1274111455913719,0.16453374522242717,0.04647841168318043,0.03810518004031392
420,4214.359,4196.41,4070.769,4091.282,4144.103,0.15397767463964346,0.04009582704880539,0.023159443679706113,0.23472821542048022,0.11247655736566516,0.17285367163848378,0.1322927908454407,0.2033932202692871,0.15860946306056015,0.15455205974567665,0.1274111455913719,0.16453374522242717,0.04647841168318043,0.03810518004031392
427,4256.41,4192.821,4096.41,4107.692,4167.692,0.15397767463964346,0.04009582704880539,0.023159443679706113,0.23472821542048022,0.11247655736566516,0.17285367163848378,0.1322927908454407,0.2033932202692871,0.15860946306056015,0.15455205974567665,0.1274111455913719,0.16453374522242717,0.04647841168318043,0.03810518004031392
434,4284.615,4191.795,4094.872,4098.974,4186.154,0.15397767463964346,0.04009582704880539,0.023159443679706113,0.23472821542048022,0.11247655736566516,0.17285367163848378,0.1322927908454407,0.2033932202692871,0.15860946306056015,0.15455205974567665,0.1274111455913719,0.16453374522242717,0.04647841168318043,0.03810518004031392
441,4278.974,4193.333,4066.154,4075.385,4179.487,0.15397767463964346,0.04009582704880539,0.023159443679706113,0.23472821542048022,0.11247655736566516,0.17285367163848378,0.1322927908454407,0.2033932202692871,0.15860946306056015,0.15455205974567665,0.1274111455913719,0.16453374522242717,0.04647841168318043,0.03810518004031392
448,4269.744,4194.359,4062.051,4077.436,4178.462,0.15397767463964346,0.04009582704880539,0.023159443679706113,0.23472821542048022,0.11247655736566516,0.17285367163848378,0.1322927908454407,0.2033932202692871,0.15860946306056015,0.15455205974567665,0.1274111455913719,0.16453374522242717,0.04647841168318043,0.03810518004031392
455,4266.154,4194.872,4085.641,4089.744,4184.103,0.15397767463964346,0.04009582704880539,0.023159443679706113,0.23472821542048022,0.11247655736566516,0.17285367163848378,0.1322927908454407,0.2033932202692871,0.15860946306056015,0.15455205974567665,0.1274111455913719,0.16453374522242717,0.04647841168318043,0.03810518004031392
462,4263.077,4188.718,4112.308,4091.795,4166.154,0.15397767463964346,0.04009582704880539,0.023159443679706113,0.23472821542048022,0.11247655736566516,0.17285367163848378,0.1322927908454407,0.2033932202692871,0.15860946306056015,0.15455205974567665,0.1274111455913719,0.16453374522242717,0.04647841168318043,0.03810518004031392
469,4264.103,4197.436,4129.231,4101.026,4162.564,0.15397767463964346,0.04009582704880539,0.023159443679706113,0.23472821542048022,0.11247655736566516,0.17285367163848378,0.1322927908454407,0.2033932202692871,0.15860946306056015,0.15455205974567665,0.1274111455913719,0.16453374522242717,0.04647841168318043,0.03810518004031392
476,4278.462,4218.462,4128.205,4121.026,4197.949,0.15397767463964346,0.04009582704880539,0.023159443679706113,0.23472821542048022,0.11247655736566516,0.17285367163848378,0.1322927908454407,0.2033932202692871,0.15860946306056015,0.15455205974567665,0.1274111455913719,0.16453374522242717,0.04647841168318043,0.03810518004031392
483,4285.128,4221.026,4125.128,4114.872,4205.641,0.15397767463964346,0.04009582704880539,0.023159443679706113,0.23472821542048022,0.11247655736566516,0.17285367163848378,0.1322927908454407,0.2033932202692871,0.15860946306056015,0.15455205974567665,0.1274111455913719,0.16453374522242717,0.04647841168318043,0.03810518004031392
490,4276.923,4218.462,4121.026,4095.897,4188.718,0.15397767463964346,0.04009582704880539,0.023159443679706113,0.23472821542048022,0.11247655736566516,0.17285367163848378,0.1322927908454407,0.2033932202692871,0.15860946306056015,0.15455205974567665,0.1274111455913719,0.16453374522242717,0.04647841168318043,0.03810518004031392
497,4262.564,4208.718,4107.692,4084.615,4186.154,0.15397767463964346,0.04009582704880539,0.023159443679706113,0.23472821542048022,0.11247655736566516,0.17285367163848378,0.1322927908454407,0.2033932202692871,0.15860946306056015,0.15455205974567665,0.1274111455913719,0.16453374522242717,0.04647841168318043,0.03810518004031392
504,4241.538,4197.949,4093.333,4069.231,4182.051,0.15397767463964346,0.04009582704880539,0.023159443679706113,0.23472821542048022,0.11247655736566516,0.17285367163848378,0.1322927908454407,0.2033932202692871,0.15860946306056015,0.15455205974567665,0.1274111455913719,0.16453374522242717,0.04647841168318043,0.03810518004031392
511,4242.051,4201.026,4080.513,4072.308,4177.436,0.15397767463964346,0.04009582704880539,0.023159443679706113,0.23472821542048022,0.11247655736566516,0.17285367163848378,0.1322927908454407,0.2033932202692871,0.15860946306056015,0.15455205974567665,0.1274111455913719,0.16453374522242717,0.04647841168318043,0.03810518004031392
518,4259.487,4204.103,4083.077,4086.154,4173.846,0.15397767463964346,0.04009582704880539,0.023159443679706113,0.23472821542048022,0.11247655736566516,0.17285367163848378,0.1322927908454407,0.2033932202692871,0.15860946306056015,0.15455205974567665,0.1274111455913719,0.16453374522242717,0.04647841168318043,0.03810518004031392
525,4257.436,4202.051,4100.513,4090.769,4172.308,0.15397767463964346,0.04009582704880539,0.023159443679706113,0.23472821542048022,0.11247655736566516,0.17285367163848378,0.1322927908454407,0.2033932202692871,0.15860946306056015,0.15455205974567665,0.1274111455913719,0.16453374522242717,0.04647841168318043,0.03810518004031392
532,4254.872,4211.795,4117.436,4095.385,4173.333,0.15397767463964346,0.04009582704880539,0.023159443679706113,0.23472821542048022,0.11247655736566516,0.17285367163848378,0.1322927908454407,0.2033932202692871,0.15860946306056015,0.15455205974567665,0.1274111455913719,0.16453374522242717,0.04647841168318043,0.03810518004031392
539,4274.872,4227.692,4123.077,4109.744,4180.0,0.15397767463964346,0.04009582704880539,0.023159443679706113,0.23472821542048022,0.11247655736566516,0.17285367163848378,0.1322927908454407,0.2033932202692871,0.15860946306056015,0.15455205974567665,0.1274111455913719,0.16453374522242717,0.04647841168318043,0.03810518004031392
546,4294.872,4235.897,4123.077,4123.59,4203.59,0.15397767463964346,0.04009582704880539,0.023159443679706113,0.23472821542048022,0.11247655736566516,0.17285367163848378,0.1322927908454407,0.2033932202692871,0.15860946306056015,0.15455205974567665,0.1274111455913719,0.16453374522242717,0.04647841168318043,0.03810518004031392
553,4297.949,4244.615,4123.59,4136.923,4237.436,0.15397767463964346,0.04009582704880539,0.023159443679706113,0.23472821542048022,0.11247655736566516,0.17285367163848378,0.1322927908454407,0.2033932202692871,0.15860946306056015,0.15455205974567665,0.1274111455913719,0.16453374522242717,0.04647841168318043,0.03810518004031392
560,4300.513,4243.077,4131.282,4160.513,4252.308,0.15397767463964346,0.04009582704880539,0.023159443679706113,0.23472821542048022,0.11247655736566516,0.17285367163848378,0.1322927908454407,0.2033932202692871,0.15860946306056015,0.15455205974567665,0.1274111455913719,0.16453374522242717,0.04647841168318043,0.03810518004031392
567,4282.564,4225.641,4128.205,4157.436,4226.154,0.15397767463964346,0.04009582704880539,0.023159443679706113,0.23472821542048022,0.11247655736566516,0.17285367163848378,0.1322927908454407,0.2033932202692871,0.15860946306056015,0.15455205974567665,0.1274111455913719,0.16453374522242717,0.04647841168318043,0.03810518004031392
574,4263.59,4213.846,4103.59,4131.795,4210.769,0.15397767463964346,0.04009582704880539,0.023159443679706113,0.23472821542048022,0.11247655736566516,0.17285367163848378,0.1322927908454407,0.2033932202692871,0.15860946306056015,0.15455205974567665,0.1274111455913719,0.16453374522242717,0.04647841168318043,0.03810518004031392
581,4274.872,4190.256,4095.897,4113.333,4214.872,0.15397767463964346,0.04009582704880539,0.023159443679706113,0.23472821542048022,0.11247655736566516,0.17285367163848378,0.1322927908454407,0.2033932202692871,0.15860946306056015,0.15455205974567665,0.1274111455913719,0.16453374522242717,0.04647841168318043,0.03810518004031392
588,4264.103,4163.59,4089.744,4087.692,4191.282,0.15397767463964346,0.04009582704880539,0.023159443679706113,0.23472821542048022,0.11247655736566516,0.17285367163848378,0.1322927908454407,0.2033932202692871,0.15860946306056015,0.15455205974567665,0.1274111455913719,0.16453374522242717,0.04647841168318043,0.03810518004031392
595,4231.282,4169.231,4055.385,4066.667,4174.872,0.15397767463964346,0.04009582704880539,0.023159443679706113,0.23472821542048022,0.11247655736566516,0.17285367163848378,0.1322927908454407,0.2033932202692871,0.15860946306056015,0.15455205974567665,0.1274111455913719,0.16453374522242717,0.04647841168318043,0.03810518004031392
602,4226.154,4170.256,4045.128,4066.154,4174.872,0.15397767463964346,0.04009582704880539,0.023159443679706113,0.23472821542048022,0.11247655736566516,0.17285367163848378,0.1322927908454407,0.2033932202692871,0.15860946306056015,0.15455205974567665,0.1274111455913719,0.16453374522242717,0.04647841168318043,0.03810518004031392
609,4212.821,4138.462,4065.641,4040.0,4133.846,0.15397767463964346,0.04009582704880539,0.023159443679706113,0.23472821542048022,0.11247655736566516,0.17285367163848378,0.1322927908454407,0.2033932202692871,0.15860946306056015,0.15455205974567665,0.1274111455913719,0.16453374522242717,0.04647841168318043,0.03810518004031392
616,4174.359,4139.487,4057.436,4003.077,4103.077,0.15397767463964346,0.04009582704880539,0.023159443679706113,0.23472821542048022,0.11247655736566516,0.17285367163848378,0.1322927908454407,0.2033932202692871,0.15860946306056015,0.15455205974567665,0.1274111455913719,0.16453374522242717,0.04647841168318043,0.03810518004031392
623,4184.615,4169.744,4044.103,4025.128,4143.077,0.15397767463964346,0.04009582704880539,0.023159443679706113,0.23472821542048022,0.11247655736566516,0.17285367163848378,0.1322927908454407,0.2033932202692871,0.15860946306056015,0.15455205974567665,0.1274111455913719,0.16453374522242717,0.04647841168318043,0.03810518004031392
630,4227.692,4156.923,4072.821,4057.949,4163.59,0.15397767463964346,0.04009582704880539,0.023159443679706113,0.23472821542048022,0.11247655736566516,0.17285367163848378,0.1322927908454407,0.2033932202692871,0.15860946306056015,0.15455205974567665,0.1274111455913719,0.16453374522242717,0.04647841168318043,0.03810518004031392
637,4204.615,4139.487,4076.923,4036.923,4135.897,0.15397767463964346,0.04009582704880539,0.023159443679706113,0.23472821542048022,0.11247655736566516,0.17285367163848378,0.1322927908454407,0.2033932202692871,0.15860946306056015,0.15455205974567665,0.1274111455913719,0.16453374522242717,0.04647841168318043,0.03810518004031392
644,4165.641,4153.846,4045.128,4032.308,4143.077,0.15397767463964346,0.04009582704880539,0.023159443679706113,0.23472821542048022,0.11247655736566516,0.17285367163848378,0.1322927908454407,0.2033932202692871,0.15860946306056015,0.15455205974567665,0.1274111455913719,0.16453374522242717,0.04647841168318043,0.03810518004031392
651,4195.385,4144.103,4057.436,4062.564,4159.487,0.15397767463964346,0.04009582704880539,0.023159443679706113,0.23472821542048022,0.11247655736566516,0.17285367163848378,0.1322927908454407,0.2033932202692871,0.15860946306056015,0.15455205974567665,0.1274111455913719,0.16453374522242717,0.04647841168318043,0.03810518004031392
658,4213.846,4124.103,4075.897,4058.974,4146.667,0.15397767463964346,0.04009582704880539,0.023159443679706113,0.23472821542048022,0.11247655736566516,0.17285367163848378,0.1322927908454407,0.2033932202692871,0.15860946306056015,0.15455205974567665,0.1274111455913719,0.16453374522242717,0.04647841168318043,0.03810518004031392
665,4192.821,4155.385,4065.641,4056.923,4168.205,0.15397767463964346,0.04009582704880539,0.023159443679706113,0.23472821542048022,0.11247655736566516,0.17285367163848378,0.1322927908454407,0.2033932202692871,0.15860946306056015,0.15455205974567665,0.1274111455913719,0.16453374522242717,0.04647841168318043,0.03810518004031392
672,4216.41,4193.333,4090.256,4104.615,4206.154,0.15397767463964346,0.04009582704880539,0.023159443679706113,0.23472821542048022,0.11247655736566516,0.17285367163848378,0.1322927908454407,0.2033932202692871,0.15860946306056015,0.15455205974567665,0.1274111455913719,0.16453374522242717,0.04647841168318043,0.03810518004031392
679,4253.846,4192.308,4130.256,4134.359,4210.769,0.15397767463964346,0.04009582704880539,0.023159443679706113,0.23472821542048022,0.11247655736566516,0.17285367163848378,0.1322927908454407,0.2033932202692871,0.15860946306056015,0.15455205974567665,0.1274111455913719,0.16453374522242717,0.04647841168318043,0.03810518004031392
686,4247.179,4198.974,4131.795,4125.641,4213.846,0.15397767463964346,0.04009582704880539,0.023159443679706113,0.23472821542048022,0.11247655736566516,0.17285367163848378,0.1322927908454407,0.2033932202692871,0.15860946306056015,0.15455205974567665,0.1274111455913719,0.16453374522242717,0.04647841168318043,0.03810518004031392
693,4241.538,4228.205,4121.538,4125.128,4228.205,0.15397767463964346,0.04009582704880539,0.023159443679706113,0.23472821542048022,0.11247655736566516,0.17285367163848378,0.1322927908454407,0.2033932202692871,0.15860946306056015,0.15455205974567665,0.1274111455913719,0.16453374522242717,0.04647841168318043,0.03810518004031392
700,4253.846,4228.718,4121.026,4127.179,4229.231,0.15397767463964346,0.04009582704880539,0.023159443679706113,0.23472821542048022,0.11247655736566516,0.17285367163848378,0.1322927908454407,0.2033932202692871,0.15860946306056015,0.15455205974567665,0.1274111455913719,0.16453374522242717,0.04647841168318043,0.03810518004031392
707,4245.641,4202.051,4127.179,4107.179,4207.692,0.15397767463964346,0.04009582704880539,0.023159443679706113,0.23472821542048022,0.11247655736566516,0.17285367163848378,0.1322927908454407,0.2033932202692871,0.15860946306056015,0.15455205974567665,0.1274111455913719,0.16453374522242717,0.04647841168318043,0.03810518004031392
714,4231.282,4196.923,4135.897,4100.0,4194.359,0.15397767463964346,0.04009582704880539,0.023159443679706113,0.23472821542048022,0.11247655736566516,0.17285367163848378,0.1322927908454407,0.2033932202692871,0.15860946306056015,0.15455205974567665,0.1274111455913719,0.16453374522242717,0.04647841168318043,0.03810518004031392
721,4235.897,4213.333,4142.051,4122.564,4200.513,0.15397767463964346,0.04009582704880539,0.023159443679706113,0.23472821542048022,0.11247655736566516,0.17285367163848378,0.1322927908454407,0.2033932202692871,0.15860946306056015,0.15455205974567665,0.1274111455913719,0.16453374522242717,0.04647841168318043,0.03810518004031392
728,4244.615,4227.179,4135.897,4142.564,4211.282,0.15397767463964346,0.04009582704880539,0.023159443679706113,0.23472821542048022,0.11247655736566516,0.17285367163848378,0.1322927908454407,0.2033932202692871,0.15860946306056015,0.15455205974567665,0.1274111455913719,0.16453374522242717,0.04647841168318043,0.03810518004031392
735,4250.256,4217.436,4118.462,4128.205,4207.179,0.15397767463964346,0.04009582704880539,0.023159443679706113,0.23472821542048022,0.11247655736566516,0.17285367163848378,0.1322927908454407,0.2033932202692871,0.15860946306056015,0.15455205974567665,0.1274111455913719,0.16453374522242717,0.04647841168318043,0.03810518004031392
742,4247.692,4196.923,4107.179,4097.436,4188.718,0.15397767463964346,0.04009582704880539,0.023159443679706113,0.23472821542048022,0.11247655736566516,0.17285367163848378,0.1322927908454407,0.2033932202692871,0.15860946306056015,0.15455205974567665,0.1274111455913719,0.16453374522242717,0.04647841168318043,0.03810518004031392
749,4259.487,4194.872,4121.026,4106.154,4194.359,0.15397767463964346,0.04009582704880539,0.023159443679706113,0.23472821542048022,0.11247655736566516,0.17285367163848378,0.1322927908454407,0.2033932202692871,0.15860946306056015,0.15455205974567665,0.1274111455913719,0.16453374522242717,0.04647841168318043,0.03810518004031392
756,4302.564,4203.077,4136.923,4135.385,4242.051,0.15397767463964346,0.04009582704880539,0.023159443679706113,0.23472821542048022,0.11247655736566516,0.17285367163848378,0.1322927908454407,0.2033932202692871,0.15860946306056015,0.15455205974567665,0.1274111455913719,0.16453374522242717,0.04647841168318043,0.03810518004031392
763,4348.718,4198.974,4115.897,4130.256,4304.615,0.15397767463964346,0.04009582704880539,0.023159443679706113,0.23472821542048022,0.11247655736566516,0.17285367163848378,0.1322927908454407,0.2033932202692871,0.15860946306056015,0.15455205974567665,0.1274111455913719,0.16453374522242717,0.04647841168318043,0.03810518004031392
770,4395.385,4200.513,4108.205,4123.077,4358.462,0.15397767463964346,0.04009582704880539,0.023159443679706113,0.23472821542048022,0.11247655736566516,0.17285367163848378,0.1322927908454407,0.2033932202692871,0.15860946306056015,0.15455205974567665,0.1274111455913719,0.16453374522242717,0.04647841168318043,0.03810518004031392
777,4449.231,4234.359,4142.051,4153.846,4420.0,0.15397767463964346,0.04009582704880539,0.023159443679706113,0.23472821542048022,0.11247655736566516,0.17285367163848378,0.1322927908454407,0.2033932202692871,0.15860946306056015,0.15455205974567665,0.1274111455913719,0.16453374522242717,0.04647841168318043,0.03810518004031392
784,4484.615,4243.59,4147.692,4167.179,4466.667,0.15397767463964346,0.04009582704880539,0.023159443679706113,0.23472821542048022,0.11247655736566516,0.17285367163848378,0.1322927908454407,0.2033932202692871,0.15860946306056015,0.15455205974567665,0.1274111455913719,0.16453374522242717,0.04647841168318043,0.03810518004031392
791,4499.487,4212.308,4127.179,4151.282,4475.385,0.15397767463964346,0.04009582704880539,0.023159443679706113,0.23472821542048022,0.11247655736566516,0.17285367163848378,0.1322927908454407,0.2033932202692871,0.15860946306056015,0.15455205974567665,0.1274111455913719,0.16453374522242717,0.04647841168318043,0.03810518004031392
798,4522.564,4208.718,4137.436,4163.077,4502.564,0.15397767463964346,0.04009582704880539,0.023159443679706113,0.23472821542048022,0.11247655736566516,0.17285367163848378,0.1322927908454407,0.2033932202692871,0.15860946306056015,0.15455205974567665,0.1274111455913719,0.16453374522242717,0.04647841168318043,0.03810518004031392
805,4537.949,4230.256,4155.385,4180.0,4543.077,0.15397767463964346,0.04009582704880539,0.023159443679706113,0.23472821542048022,0.11247655736566516,0.17285367163848378,0.1322927908454407,0.2033932202692871,0.15860946306056015,0.15455205974567665,0.1274111455913719,0.16453374522242717,0.04647841168318043,0.03810518004031392
812,4530.769,4232.821,4151.795,4175.385,4534.359,0.15397767463964346,0.04009582704880539,0.023159443679706113,0.23472821542048022,0.11247655736566516,0.17285367163848378,0.1322927908454407,0.2033932202692871,0.15860946306056015,0.15455205974567665,0.1274111455913719,0.16453374522242717,0.04647841168318043,0.03810518004031392
819,4514.872,4220.513,4153.333,4178.462,4496.41,0.15397767463964346,0.04009582704880539,0.023159443679706113,0.23472821542048022,0.11247655736566516,0.17285367163848378,0.1322927908454407,0.2033932202692871,0.15860946306056015,0.15455205974567665,0.1274111455913719,0.16453374522242717,0.04647841168318043,0.03810518004031392
826,4489.744,4225.641,4157.436,4185.128,4485.641,0.15397767463964346,0.04009582704880539,0.023159443679706113,0.23472821542048022,0.11247655736566516,0.17285367163848378,0.1322927908454407,0.2033932202692871,0.15860946306056015,0.15455205974567665,0.1274111455913719,0.16453374522242717,0.04647841168318043,0.03810518004031392
833,4465.641,4233.333,4151.282,4174.872,4490.256,0.15397767463964346,0.04009582704880539,0.023159443679706113,0.23472821542048022,0.11247655736566516,0.17285367163848378,0.1322927908454407,0.2033932202692871,0.15860946306056015,0.15455205974567665,0.1274111455913719,0.16453374522242717,0.04647841168318043,0.03810518004031392
840,4451.795,4226.154,4163.59,4165.128,4454.872,0.15397767463964346,0.04009582704880539,0.023159443679706113,0.23472821542048022,0.11247655736566516,0.17285367163848378,0.1322927908454407,0.2033932202692871,0.15860946306056015,0.15455205974567665,0.1274111455913719,0.16453374522242717,0.04647841168318043,0.03810518004031392
847,4436.41,4228.718,4193.846,4167.179,4400.513,0.15397767463964346,0.04009582704880539,0.023159443679706113,0.23472821542048022,0.11247655736566516,0.17285367163848378,0.1322927908454407,0.2033932202692871,0.15860946306056015,0.15455205974567665,0.1274111455913719,0.16453374522242717,0.04647841168318043,0.03810518004031392
854,4422.051,4233.333,4198.974,4176.923,4391.282,0.15397767463964346,0.04009582704880539,0.023159443679706113,0.23472821542048022,0.11247655736566516,0.17285367163848378,0.1322927908454407,0.2033932202692871,0.15860946306056015,0.15455205974567665,0.1274111455913719,0.16453374522242717,0.04647841168318043,0.03810518004031392
861,4412.821,4231.282,4185.641,4183.077,4407.692,0.15397767463964346,0.04009582704880539,0.023159443679706113,0.23472821542048022,0.11247655736566516,0.17285367163848378,0.1322927908454407,0.2033932202692871,0.15860946306056015,0.15455205974567665,0.1274111455913719,0.16453374522242717,0.04647841168318043,0.03810518004031392
868,4408.205,4245.641,4197.436,4188.205,4406.154,0.15397767463964346,0.04009582704880539,0.023159443679706113,0.23472821542048022,0.11247655736566516,0.17285367163848378,0.1322927908454407,0.2033932202692871,0.15860946306056015,0.15455205974567665,0.1274111455913719,0.16453374522242717,0.04647841168318043,0.03810518004031392
875,4389.231,4260.513,4201.026,4190.769,4374.359,0.15397767463964346,0.04009582704880539,0.023159443679706113,0.23472821542048022,0.11247655736566516,0.17285367163848378,0.1322927908454407,0.2033932202692871,0.15860946306056015,0.15455205974567665,0.1274111455913719,0.16453374522242717,0.04647841168318043,0.03810518004031392
882,4352.821,4238.462,4163.59,4177.436,4331.795,0.15397767463964346,0.04009582704880539,0.023159443679706113,0.23472821542048022,0.11247655736566516,0.17285367163848378,0.1322927908454407,0.2033932202692871,0.15860946306056015,0.15455205974567665,0.1274111455913719,0.16453374522242717,0.04647841168318043,0.03810518004031392
889,4333.333,4219.487,4152.308,4165.128,4311.795,0.15397767463964346,0.04009582704880539,0.023159443679706113,0.23472821542048022,0.11247655736566516,0.17285367163848378,0.1322927908454407,0.2033932202692871,0.15860946306056015,0.15455205974567665,0.1274111455913719,0.16453374522242717,0.04647841168318043,0.03810518004031392
896,4341.026,4244.103,4189.744,4173.333,4317.949,0.15397767463964346,0.04009582704880539,0.023159443679706113,0.23472821542048022,0.11247655736566516,0.17285367163848378,0.1322927908454407,0.2033932202692871,0.15860946306056015,0.15455205974567665,0.1274111455913719,0.16453374522242717,0.04647841168318043,0.03810518004031392
903,4342.051,4264.103,4206.667,4187.179,4333.333,0.15397767463964346,0.04009582704880539,0.023159443679706113,0.23472821542048022,0.11247655736566516,0.17285367163848378,0.1322927908454407,0.2033932202692871,0.15860946306056015,0.15455205974567665,0.1274111455913719,0.16453374522242717,0.04647841168318043,0.03810518004031392
910,4315.897,4235.897,4169.231,4179.487,4325.641,0.15397767463964346,0.04009582704880539,0.023159443679706113,0.23472821542048022,0.11247655736566516,0.17285367163848378,0.1322927908454407,0.2033932202692871,0.15860946306056015,0.15455205974567665,0.1274111455913719,0.16453374522242717,0.04647841168318043,0.03810518004031392
917,4283.59,4186.667,4124.103,4148.718,4282.564,0.15397767463964346,0.04009582704880539,0.023159443679706113,0.23472821542048022,0.11247655736566516,0.17285367163848378,0.1322927908454407,0.2033932202692871,0.15860946306056015,0.15455205974567665,0.1274111455913719,0.16453374522242717,0.04647841168318043,0.03810518004031392
924,4250.769,4163.59,4106.667,4101.538,4224.103,0.15397767463964346,0.04009582704880539,0.023159443679706113,0.23472821542048022,0.11247655736566516,0.17285367163848378,0.1322927908454407,0.2033932202692871,0.15860946306056015,0.15455205974567665,0.1274111455913719,0.16453374522242717,0.04647841168318043,0.03810518004031392
931,4227.692,4174.359,4097.949,4078.462,4212.821,0.15397767463964346,0.04009582704880539,0.023159443679706113,0.23472821542048022,0.11247655736566516,0.17285367163848378,0.1322927908454407,0.2033932202692871,0.15860946306056015,0.15455205974567665,0.1274111455913719,0.16453374522242717,0.04647841168318043,0.03810518004031392
938,4230.256,4169.744,4086.667,4102.564,4231.795,0.15397767463964346,0.04009582704880539,0.023159443679706113,0.23472821542048022,0.11247655736566516,0.17285367163848378,0.1322927908454407,0.2033932202692871,0.15860946306056015,0.15455205974567665,0.1274111455913719,0.16453374522242717,0.04647841168318043,0.03810518004031392
945,4212.308,4143.077,4072.308,4098.974,4196.923,0.15397767463964346,0.04009582704880539,0.023159443679706113,0.23472821542048022,0.11247655736566516,0.17285367163848378,0.1322927908454407,0.2033932202692871,0.15860946306056015,0.15455205974567665,0.1274111455913719,0.16453374522242717,0.04647841168318043,0.03810518004031392
952,4172.821,4139.487,4053.333,4053.846,4157.949,0.15397767463964346,0.04009582704880539,0.023159443679706113,0.23472821542048022,0.11247655736566516,0.17285367163848378,0.1322927908454407,0.2033932202692871,0.15860946306056015,0.15455205974567665,0.1274111455913719,0.16453374522242717,0.04647841168318043,0.03810518004031392
959,4175.385,4147.179,4047.179,4048.205,4176.923,0.15397767463964346,0.04009582704880539,0.023159443679706113,0.23472821542048022,0.11247655736566516,0.17285367163848378,0.1322927908454407,0.2033932202692871,0.15860946306056015,0.15455205974567665,0.1274111455913719,0.16453374522242717,0.04647841168318043,0.03810518004031392
966,4202.564,4154.872,4075.897,4071.282,4196.41,0.15397767463964346,0.04009582704880539,0.023159443679706113,0.23472821542048022,0.11247655736566516,0.17285367163848378,0.1322927908454407,0.2033932202692871,0.15860946306056015,0.15455205974567665,0.1274111455913719,0.16453374522242717,0.04647841168318043,0.03810518004031392
973,4205.128,4186.154,4111.795,4082.564,4194.872,0.15397767463964346,0.04009582704880539,0.023159443679706113,0.23472821542048022,0.11247655736566516,0.17285367163848378,0.1322927908454407,0.2033932202692871,0.15860946306056015,0.15455205974567665,0.1274111455913719,0.16453374522242717,0.04647841168318043,0.03810518004031392
980,4217.436,4226.154,4129.744,4105.128,4211.795,0.15397767463964346,0.04009582704880539,0.023159443679706113,0.23472821542048022,0.11247655736566516,0.17285367163848378,0.1322927908454407,0.2033932202692871,0.15860946306056015,0.15455205974567665,0.1274111455913719,0.16453374522242717,0.04647841168318043,0.03810518004031392
987,4245.641,4244.103,4143.077,4133.333,4240.513,0.15397767463964346,0.04009582704880539,0.023159443679706113,0.23472821542048022,0.11247655736566516,0.17285367163848378,0.1322927908454407,0.2033932202692871,0.15860946306056015,0.15455205974567665,0.1274111455913719,0.16453374522242717,0.04647841168318043,0.03810518004031392
994,4251.282,4236.923,4147.179,4143.59,4252.308,0.15397767463964346,0.04009582704880539,0.023159443679706113,0.23472821542048022,0.11247655736566516,0.17285367163848378,0.1322927908454407,0.2033932202692871,0.15860946306056015,0.15455205974567665,0.1274111455913719,0.16453374522242717,0.04647841168318043,0.03810518004031392
1001,4249.231,4218.974,4143.077,4151.795,4264.103,0.15397767463964346,0.04009582704880539,0.023159443679706113,0.23472821542048022,0.11247655736566516,0.17285367163848378,0.1322927908454407,0.2033932202692871,0.15860946306056015,0.15455205974567665,0.1274111455913719,0.16453374522242717,0.04647841168318043,0.03810518004031392
1008,4252.821,4218.462,4151.795,4164.615,4260.0,0.15397767463964346,0.04009582704880539,0.023159443679706113,0.23472821542048022,0.11247655736566516,0.17285367163848378,0.1322927908454407,0.2033932202692871,0.15860946306056015,0.15455205974567665,0.1274111455913719,0.16453374522242717,0.04647841168318043,0.03810518004031392
1015,4259.487,4244.615,4168.718,4170.769,4255.385,0.15397767463964346,0.04009582704880539,0.023159443679706113,0.23472821542048022,0.11247655736566516,0.17285367163848378,0.1322927908454407,0.2033932202692871,0.15860946306056015,0.15455205974567665,0.1274111455913719,0.16453374522242717,0.04647841168318043,0.03810518004031392
1022,4270.769,4244.103,4170.256,4169.231,4278.974,0.15397767463964346,0.04009582704880539,0.023159443679706113,0.23472821542048022,0.11247655736566516,0.17285367163848378,0.1322927908454407,0.2033932202692871,0.15860946306056015,0.15455205974567665,0.1274111455913719,0.16453374522242717,0.04647841168318043,0.03810518004031392
1029,4262.051,4208.205,4162.051,4156.41,4276.923,0.15397767463964346,0.04009582704880539,0.023159443679706113,0.23472821542048022,0.11247655736566516,0.17285367163848378,0.1322927908454407,0.2033932202692871,0.15860946306056015,0.15455205974567665,0.1274111455913719,0.16453374522242717,0.04647841168318043,0.03810518004031392
1036,4242.051,4188.205,4162.051,4152.821,4246.154,0.15397767463964346,0.04009582704880539,0.023159443679706113,0.23472821542048022,0.11247655736566516,0.17285367163848378,0.1322927908454407,0.2033932202692871,0.15860946306056015,0.15455205974567665,0.1274111455913719,0.16453374522242717,0.04647841168318043,0.03810518004031392
1043,4243.077,4183.59,4171.282,4153.333,4240.513,0.15397767463964346,0.04009582704880539,0.023159443679706113,0.23472821542048022,0.11247655736566516,0.17285367163848378,0.1322927908454407,0.2033932202692871,0.15860946306056015,0.15455205974567665,0.1274111455913719,0.16453374522242717,0.04647841168318043,0.03810518004031392
1050,4243.59,4191.795,4160.513,4143.077,4258.462,0.15397767463964346,0.04009582704880539,0.023159443679706113,0.23472821542048022,0.11247655736566516,0.17285367163848378,0.1322927908454407,0.2033932202692871,0.15860946306056015,0.15455205974567665,0.1274111455913719,0.16453374522242717,0.04647841168318043,0.03810518004031392
1057,4219.487,4190.769,4122.564,4137.949,4248.718,0.15397767463964346,0.04009582704880539,0.023159443679706113,0.23472821542048022,0.11247655736566516,0.17285367163848378,0.1322927908454407,0.2033932202692871,0.15860946306056015,0.15455205974567665,0.1274111455913719,0.16453374522242717,0.04647841168318043,0.03810518004031392
1064,4197.436,4143.077,4096.41,4121.538,4198.974,0.15397767463964346,0.04009582704880539,0.023159443679706113,0.23472821542048022,0.11247655736566516,0.17285367163848378,0.1322927908454407,0.2033932202692871,0.15860946306056015,0.15455205974567665,0.1274111455913719,0.16453374522242717,0.04647841168318043,0.03810518004031392
1071,4183.077,4114.872,4085.641,4093.846,4175.385,0.15397767463964346,0.04009582704880539,0.023159443679706113,0.23472821542048022,0.11247655736566516,0.17285367163848378,0.1322927908454407,0.2033932202692871,0.15860946306056015,0.15455205974567665,0.1274111455913719,0.16453374522242717,0.04647841168318043,0.03810518004031392
1078,4180.0,4174.359,4089.231,4107.692,4211.795,0.15397767463964346,0.04009582704880539,0.023159443679706113,0.23472821542048022,0.11247655736566516,0.17285367163848378,0.1322927908454407,0.2033932202692871,0.15860946306056015,0.15455205974567665,0.1274111455913719,0.16453374522242717,0.04647841168318043,0.03810518004031392
1085,4208.718,4220.513,4117.949,4148.205,4252.308,0.15397767463964346,0.04009582704880539,0.023159443679706113,0.23472821542048022,0.11247655736566516,0.17285367163848378,0.1322927908454407,0.2033932202692871,0.15860946306056015,0.15455205974567665,0.1274111455913719,0.16453374522242717,0.04647841168318043,0.03810518004031392
1092,4227.692,4185.128,4134.359,4140.0,4249.744,0.15397767463964346,0.04009582704880539,0.023159443679706113,0.23472821542048022,0.11247655736566516,0.17285367163848378,0.1322927908454407,0.2033932202692871,0.15860946306056015,0.15455205974567665,0.1274111455913719,0.16453374522242717,0.04647841168318043,0.03810518004031392
1099,4232.308,4178.462,4126.667,4133.846,4271.282,0.15397767463964346,0.04009582704880539,0.023159443679706113,0.23472821542048022,0.11247655736566516,0.17285367163848378,0.1322927908454407,0.2033932202692871,0.15860946306056015,0.15455205974567665,0.1274111455913719,0.16453374522242717,0.04647841168318043,0.03810518004031392
1106,4257.436,4221.538,4133.333,4180.0,4319.487,0.15397767463964346,0.04009582704880539,0.023159443679706113,0.23472821542048022,0.11247655736566516,0.17285367163848378,0.1322927908454407,0.2033932202692871,0.15860946306056015,0.15455205974567665,0.1274111455913719,0.16453374522242717,0.04647841168318043,0.03810518004031392
1113,4271.282,4226.667,4147.179,4197.949,4328.718,0.15397767463964346,0.04009582704880539,0.023159443679706113,0.23472821542048022,0.11247655736566516,0.17285367163848378,0.1322927908454407,0.2033932202692871,0.15860946306056015,0.15455205974567665,0.1274111455913719,0.16453374522242717,0.04647841168318043,0.03810518004031392
1120,4235.385,4172.821,4136.41,4150.256,4271.282,0.15397767463964346,0.04009582704880539,0.023159443679706113,0.23472821542048022,0.11247655736566516,0.17285367163848378,0.1322927908454407,0.2033932202692871,0.15860946306056015,0.15455205974567665,0.1274111455913719,0.16453374522242717,0.04647841168318043,0.03810518004031392
1127,4174.872,4124.615,4110.769,4100.513,4178.974,0.15397767463964346,0.04009582704880539,0.023159443679706113,0.23472821542048022,0.11247655736566516,0.17285367163848378,0.1322927908454407,0.2033932202692871,0.15860946306056015,0.15455205974567665,0.1274111455913719,0.16453374522242717,0.04647841168318043,0.03810518004031392
1134,4167.179,4152.308,4103.077,4106.154,4184.103,0.15397767463964346,0.04009582704880539,0.023159443679706113,0.23472821542048022,0.11247655736566516,0.17285367163848378,0.1322927908454407,0.2033932202692871,0.15860946306056015,0.15455205974567665,0.1274111455913719,0.16453374522242717,0.04647841168318043,0.03810518004031392
1141,4198.462,4201.538,4116.923,4130.256,4265.641,0.15397767463964346,0.04009582704880539,0.023159443679706113,0.23472821542048022,0.11247655736566516,0.17285367163848378,0.1322927908454407,0.2033932202692871,0.15860946306056015,0.15455205974567665,0.1274111455913719,0.16453374522242717,0.04647841168318043,0.03810518004031392
1148,4199.487,4202.051,4137.436,4131.795,4268.718,0.15397767463964346,0.04009582704880539,0.023159443679706113,0.23472821542048022,0.11247655736566516,0.17285367163848378,0.1322927908454407,0.2033932202692871,0.15860946306056015,0.15455205974567665,0.1274111455913719,0.16453374522242717,0.04647841168318043,0.03810518004031392
1155,4195.897,4193.333,4139.487,4140.513,4224.103,0.15397767463964346,0.04009582704880539,0.023159443679706113,0.23472821542048022,0.11247655736566516,0.17285367163848378,0.1322927908454407,0.2033932202692871,0.15860946306056015,0.15455205974567665,0.1274111455913719,0.16453374522242717,0.04647841168318043,0.03810518004031392
1162,4215.897,4194.872,4131.795,4161.538,4241.026,0.15397767463964346,0.04009582704880539,0.023159443679706113,0.23472821542048022,0.11247655736566516,0.17285367163848378,0.1322927908454407,0.2033932202692871,0.15860946306056015,0.15455205974567665,0.1274111455913719,0.16453374522242717,0.04647841168318043,0.03810518004031392
1169,4214.359,4180.513,4135.385,4157.436,4275.897,0.15397767463964346,0.04009582704880539,0.023159443679706113,0.23472821542048022,0.11247655736566516,0.17285367163848378,0.1322927908454407,0.2033932202692871,0.15860946306056015,0.15455205974567665,0.1274111455913719,0.16453374522242717,0.04647841168318043,0.03810518004031392
1176,4202.564,4169.231,4146.667,4143.077,4264.103,0.15397767463964346,0.04009582704880539,0.023159443679706113,0.23472821542048022,0.11247655736566516,0.17285367163848378,0.1322927908454407,0.2033932202692871,0.15860946306056015,0.15455205974567665,0.1274111455913719,0.16453374522242717,0.04647841168318043,0.03810518004031392
1183,4215.897,4173.333,4159.487,4142.051,4230.769,0.15397767463964346,0.04009582704880539,0.023159443679706113,0.23472821542048022,0.11247655736566516,0.17285367163848378,0.1322927908454407,0.2033932202692871,0.15860946306056015,0.15455205974567665,0.1274111455913719,0.16453374522242717,0.04647841168318043,0.03810518004031392
1190,4208.205,4172.821,4145.641,4133.333,4226.667,0.15397767463964346,0.04009582704880539,0.023159443679706113,0.23472821542048022,0.11247655736566516,0.17285367163848378,0.1322927908454407,0.2033932202692871,0.15860946306056015,0.15455205974567665,0.1274111455913719,0.16453374522242717,0.04647841168318043,0.03810518004031392
1197,4191.795,4166.667,4128.205,4127.692,4247.692,0.15397767463964346,0.04009582704880539,0.023159443679706113,0.23472821542048022,0.11247655736566516,0.17285367163848378,0.1322927908454407,0.2033932202692871,0.15860946306056015,0.15455205974567665,0.1274111455913719,0.16453374522242717,0.04647841168318043,0.03810518004031392
1204,4207.692,4171.795,4146.154,4138.462,4243.077,0.15397767463964346,0.04009582704880539,0.023159443679706113,0.23472821542048022,0.11247655736566516,0.17285367163848378,0.1322927908454407,0.2033932202692871,0.15860946306056015,0.15455205974567665,0.1274111455913719,0.16453374522242717,0.04647841168318043,0.03810518004031392
1211,4219.487,4185.128,4145.641,4152.308,4242.564,0.15397767463964346,0.04009582704880539,0.023159443679706113,0.23472821542048022,0.11247655736566516,0.17285367163848378,0.1322927908454407,0.2033932202692871,0.15860946306056015,0.15455205974567665,0.1274111455913719,0.16453374522242717,0.04647841168318043,0.03810518004031392
1218,4223.077,4183.077,4123.59,4164.615,4252.821,0.15397767463964346,0.04009582704880539,0.023159443679706113,0.23472821542048022,0.11247655736566516,0.17285367163848378,0.1322927908454407,0.2033932202692871,0.15860946306056015,0.15455205974567665,0.1274111455913719,0.16453374522242717,0.04647841168318043,0.03810518004031392
1225,4238.974,4176.41,4143.59,4174.359,4248.205,0.15397767463964346,0.04009582704880539,0.023159443679706113,0.23472821542048022,0.11247655736566516,0.17285367163848378,0.1322927908454407,0.2033932202692871,0.15860946306056015,0.15455205974567665,0.1274111455913719,0.16453374522242717,0.04647841168318043,0.03810518004031392
1232,4251.282,4197.436,4186.154,4172.821,4273.846,0.15397767463964346,0.04009582704880539,0.023159443679706113,0.23472821542048022,0.11247655736566516,0.17285367163848378,0.1322927908454407,0.2033932202692871,0.15860946306056015,0.15455205974567665,0.1274111455913719,0.16453374522242717,0.04647841168318043,0.03810518004031392
1239,4254.359,4227.179,4194.872,4173.846,4305.641,0.15397767463964346,0.04009582704880539,0.023159443679706113,0.23472821542048022,0.11247655736566516,0.17285367163848378,0.1322927908454407,0.2033932202692871,0.15860946306056015,0.15455205974567665,0.1274111455913719,0.16453374522242717,0.04647841168318043,0.03810518004031392
1246,4260.0,4237.436,4189.744,4196.41,4301.538,0.15397767463964346,0.04009582704880539,0.023159443679706113,0.23472821542048022,0.11247655736566516,0.17285367163848378,0.1322927908454407,0.2033932202692871,0.15860946306056015,0.15455205974567665,0.1274111455913719,0.16453374522242717,0.04647841168318043,0.03810518004031392
1253,4253.333,4232.821,4185.641,4199.487,4304.103,0.15397767463964346,0.04009582704880539,0.023159443679706113,0.23472821542048022,0.11247655736566516,0.17285367163848378,0.1322927908454407,0.2033932202692871,0.15860946306056015,0.15455205974567665,0.1274111455913719,0.16453374522242717,0.04647841168318043,0.03810518004031392
1260,4243.077,4227.692,4178.462,4168.205,4309.231,0.15397767463964346,0.04009582704880539,0.023159443679706113,0.23472821542048022,0.11247655736566516,0.17285367163848378,0.1322927908454407,0.2033932202692871,0.15860946306056015,0.15455205974567665,0.1274111455913719,0.16453374522242717,0.04647841168318043,0.03810518004031392
1267,4245.641,4238.974,4176.41,4155.385,4292.821,0.15397767463964346,0.04009582704880539,0.023159443679706113,0.23472821542048022,0.11247655736566516,0.17285367163848378,0.1322927908454407,0.2033932202692871,0.15860946306056015,0.15455205974567665,0.1274111455913719,0.16453374522242717,0.04647841168318043,0.03810518004031392
1274,4245.641,4254.359,4167.179,4173.846,4302.051,0.15397767463964346,0.04009582704880539,0.023159443679706113,0.23472821542048022,0.11247655736566516,0.17285367163848378,0.1322927908454407,0.2033932202692871,0.15860946306056015,0.15455205974567665,0.1274111455913719,0.16453374522242717,0.04647841168318043,0.03810518004031392
1281,4231.795,4230.256,4158.462,4177.436,4298.462,0.15397767463964346,0.04009582704880539,0.023159443679706113,0.23472821542048022,0.11247655736566516,0.17285367163848378,0.1322927908454407,0.2033932202692871,0.15860946306056015,0.15455205974567665,0.1274111455913719,0.16453374522242717,0.04647841168318043,0.03810518004031392
1288,4220.513,4204.615,4158.462,4165.641,4269.744,0.15397767463964346,0.04009582704880539,0.023159443679706113,0.23472821542048022,0.11247655736566516,0.17285367163848378,0.1322927908454407,0.2033932202692871,0.15860946306056015,0.15455205974567665,0.1274111455913719,0.16453374522242717,0.04647841168318043,0.03810518004031392
1295,4233.333,4219.487,4157.949,4176.923,4284.103,0.15397767463964346,0.04009582704880539,0.023159443679706113,0.23472821542048022,0.11247655736566516,0.17285367163848378,0.1322927908454407,0.2033932202692871,0.15860946306056015,0.15455205974567665,0.1274111455913719,0.16453374522242717,0.04647841168318043,0.03810518004031392
1302,4238.462,4236.923,4149.231,4186.667,4305.641,0.15397767463964346,0.04009582704880539,0.023159443679706113,0.23472821542048022,0.11247655736566516,0.17285367163848378,0.1322927908454407,0.2033932202692871,0.15860946306056015,0.15455205974567665,0.1274111455913719,0.16453374522242717,0.04647841168318043,0.03810518004031392
1309,4230.256,4232.821,4145.641,4183.59,4306.154,0.15397767463964346,0.04009582704880539,0.023159443679706113,0.23472821542048022,0.11247655736566516,0.17285367163848378,0.1322927908454407,0.2033932202692871,0.15860946306056015,0.15455205974567665,0.1274111455913719,0.16453374522242717,0.04647841168318043,0.03810518004031392
1316,4238.974,4224.103,4164.103,4181.538,4310.769,0.15397767463964346,0.04009582704880539,0.023159443679706113,0.23472821542048022,0.11247655736566516,0.17285367163848378,0.1322927908454407,0.2033932202692871,0.15860946306056015,0.15455205974567665,0.1274111455913719,0.16453374522242717,0.04647841168318043,0.03810518004031392
1323,4248.205,4215.897,4167.692,4180.513,4303.077,0.15397767463964346,0.04009582704880539,0.023159443679706113,0.23472821542048022,0.11247655736566516,0.17285367163848378,0.1322927908454407,0.2033932202692871,0.15860946306056015,0.15455205974567665,0.1274111455913719,0.16453374522242717,0.04647841168318043,0.03810518004031392
1330,4231.282,4200.513,4149.231,4169.231,4268.718,0.15397767463964346,0.04009582704880539,0.023159443679706113,0.23472821542048022,0.11247655736566516,0.17285367163848378,0.1322927908454407,0.2033932202692871,0.15860946306056015,0.15455205974567665,0.1274111455913719,0.16453374522242717,0.04647841168318043,0.03810518004031392
1337,4208.718,4204.103,4137.949,4154.872,4260.513,0.15397767463964346,0.04009582704880539,0.023159443679706113,0.23472821542048022,0.11247655736566516,0.17285367163848378,0.1322927908454407,0.2033932202692871,0.15860946306056015,0.15455205974567665,0.1274111455913719,0.16453374522242717,0.04647841168318043,0.03810518004031392
1344,4221.026,4218.974,4140.513,4170.256,4288.205,0.15397767463964346,0.04009582704880539,0.023159443679706113,0.23472821542048022,0.11247655736566516,0.17285367163848378,0.1322927908454407,0.2033932202692871,0.15860946306056015,0.15455205974567665,0.1274111455913719,0.16453374522242717,0.04647841168318043,0.03810518004031392
1351,4241.538,4230.256,4162.051,4191.795,4295.897,0.15397767463964346,0.04009582704880539,0.023159443679706113,0.23472821542048022,0.11247655736566516,0.17285367163848378,0.1322927908454407,0.2033932202692871,0.15860946306056015,0.15455205974567665,0.1274111455913719,0.16453374522242717,0.04647841168318043,0.03810518004031392
1358,4236.41,4229.231,4172.821,4184.103,4277.949,0.15397767463964346,0.04009582704880539,0.023159443679706113,0.23472821542048022,0.11247655736566516,0.17285367163848378,0.1322927908454407,0.2033932202692871,0.15860946306056015,0.15455205974567665,0.1274111455913719,0.16453374522242717,0.04647841168318043,0.03810518004031392
1365,4215.385,4196.923,4152.821,4165.641,4255.385,0.15397767463964346,0.04009582704880539,0.023159443679706113,0.23472821542048022,0.11247655736566516,0.17285367163848378,0.1322927908454407,0.2033932202692871,0.15860946306056015,0.15455205974567665,0.1274111455913719,0.16453374522242717,0.04647841168318043,0.03810518004031392
1372,4193.333,4181.026,4126.667,4154.872,4242.051,0.15397767463964346,0.04009582704880539,0.023159443679706113,0.23472821542048022,0.11247655736566516,0.17285367163848378,0.1322927908454407,0.2033932202692871,0.15860946306056015,0.15455205974567665,0.1274111455913719,0.16453374522242717,0.04647841168318043,0.03810518004031392
1379,4189.231,4197.436,4128.205,4153.846,4243.077,0.15397767463964346,0.04009582704880539,0.023159443679706113,0.23472821542048022,0.11247655736566516,0.17285367163848378,0.1322927908454407,0.2033932202692871,0.15860946306056015,0.15455205974567665,0.1274111455913719,0.16453374522242717,0.04647841168318043,0.03810518004031392
1386,4214.872,4207.692,4149.231,4167.179,4267.179,0.15397767463964346,0.04009582704880539,0.023159443679706113,0.23472821542048022,0.11247655736566516,0.17285367163848378,0.1322927908454407,0.2033932202692871,0.15860946306056015,0.15455205974567665,0.1274111455913719,0.16453374522242717,0.04647841168318043,0.03810518004031392
1393,4246.154,4202.051,4171.795,4188.205,4297.436,0.15397767463964346,0.04009582704880539,0.023159443679706113,0.23472821542048022,0.11247655736566516,0.17285367163848378,0.1322927908454407,0.2033932202692871,0.15860946306056015,0.15455205974567665,0.1274111455913719,0.16453374522242717,0.04647841168318043,0.03810518004031392
1400,4246.667,4206.154,4184.615,4188.718,4302.564,0.15397767463964346,0.04009582704880539,0.023159443679706113,0.23472821542048022,0.11247655736566516,0.17285367163848378,0.1322927908454407,0.2033932202692871,0.15860946306056015,0.15455205974567665,0.1274111455913719,0.16453374522242717,0.04647841168318043,0.03810518004031392
1407,4234.359,4223.077,4175.385,4184.103,4297.436,0.15397767463964346,0.04009582704880539,0.023159443679706113,0.23472821542048022,0.11247655736566516,0.17285367163848378,0.1322927908454407,0.2033932202692871,0.15860946306056015,0.15455205974567665,0.1274111455913719,0.16453374522242717,0.04647841168318043,0.03810518004031392
1414,4235.385,4228.205,4169.231,4187.692,4284.103,0.15397767463964346,0.04009582704880539,0.023159443679706113,0.23472821542048022,0.11247655736566516,0.17285367163848378,0.1322927908454407,0.2033932202692871,0.15860946306056015,0.15455205974567665,0.1274111455913719,0.16453374522242717,0.04647841168318043,0.03810518004031392
1421,4231.282,4217.949,4173.846,4183.077,4270.256,0.15397767463964346,0.04009582704880539,0.023159443679706113,0.23472821542048022,0.11247655736566516,0.17285367163848378,0.1322927908454407,0.2033932202692871,0.15860946306056015,0.15455205974567665,0.1274111455913719,0.16453374522242717,0.04647841168318043,0.03810518004031392
1428,4227.179,4215.897,4178.462,4181.538,4266.667,0.15397767463964346,0.04009582704880539,0.023159443679706113,0.23472821542048022,0.11247655736566516,0.17285367163848378,0.1322927908454407,0.2033932202692871,0.15860946306056015,0.15455205974567665,0.1274111455913719,0.16453374522242717,0.04647841168318043,0.03810518004031392
1435,4238.974,4244.615,4190.256,4188.205,4277.436,0.15397767463964346,0.04009582704880539,0.023159443679706113,0.23472821542048022,0.11247655736566516,0.17285367163848378,0.1322927908454407,0.2033932202692871,0.15860946306056015,0.15455205974567665,0.1274111455913719,0.16453374522242717,0.04647841168318043,0.03810518004031392
1442,4236.923,4254.872,4173.333,4191.282,4279.487,0.15397767463964346,0.04009582704880539,0.023159443679706113,0.23472821542048022,0.11247655736566516,0.17285367163848378,0.1322927908454407,0.2033932202692871,0.15860946306056015,0.15455205974567665,0.1274111455913719,0.16453374522242717,0.04647841168318043,0.03810518004031392
1449,4203.077,4217.436,4133.846,4168.205,4252.308,0.15397767463964346,0.04009582704880539,0.023159443679706113,0.23472821542048022,0.11247655736566516,0.17285367163848378,0.1322927908454407,0.2033932202692871,0.15860946306056015,0.15455205974567665,0.1274111455913719,0.16453374522242717,0.04647841168318043,0.03810518004031392
1456,4185.128,4203.59,4130.256,4145.641,4247.692,0.15397767463964346,0.04009582704880539,0.023159443679706113,0.23472821542048022,0.11247655736566516,0.17285367163848378,0.1322927908454407,0.2033932202692871,0.15860946306056015,0.15455205974567665,0.1274111455913719,0.16453374522242717,0.04647841168318043,0.03810518004031392
1463,4209.231,4222.051,4158.462,4158.462,4254.359,0.15397767463964346,0.04009582704880539,0.023159443679706113,0.23472821542048022,0.11247655736566516,0.17285367163848378,0.1322927908454407,0.2033932202692871,0.15860946306056015,0.15455205974567665,0.1274111455913719,0.16453374522242717,0.04647841168318043,0.03810518004031392
1470,4228.718,4241.026,4170.769,4181.026,4248.718,0.15397767463964346,0.04009582704880539,0.023159443679706113,0.23472821542048022,0.11247655736566516,0.17285367163848378,0.1322927908454407,0.2033932202692871,0.15860946306056015,0.15455205974567665,0.1274111455913719,0.16453374522242717,0.04647841168318043,0.03810518004031392
1477,4229.744,4257.949,4172.821,4196.923,4277.436,0.15397767463964346,0.04009582704880539,0.023159443679706113,0.23472821542048022,0.11247655736566516,0.17285367163848378,0.1322927908454407,0.2033932202692871,0.15860946306056015,0.15455205974567665,0.1274111455913719,0.16453374522242717,0.04647841168318043,0.03810518004031392
1484,4220.513,4259.487,4163.077,4191.795,4304.103,0.15397767463964346,0.04009582704880539,0.023159443679706113,0.23472821542048022,0.11247655736566516,0.17285367163848378,0.1322927908454407,0.2033932202692871,0.15860946306056015,0.15455205974567665,0.1274111455913719,0.16453374522242717,0.04647841168318043,0.03810518004031392
1491,4220.513,4262.051,4149.231,4186.667,4292.308,0.15397767463964346,0.04009582704880539,0.023159443679706113,0.23472821542048022,0.11247655736566516,0.17285367163848378,0.1322927908454407,0.2033932202692871,0.15860946306056015,0.15455205974567665,0.1274111455913719,0.16453374522242717,0.04647841168318043,0.03810518004031392
1498,4232.821,4270.769,4166.667,4194.872,4277.949,0.15397767463964346,0.04009582704880539,0.023159443679706113,0.23472821542048022,0.11247655736566516,0.17285367163848378,0.1322927908454407,0.2033932202692871,0.15860946306056015,0.15455205974567665,0.1274111455913719,0.16453374522242717,0.04647841168318043,0.03810518004031392
1505,4210.769,4257.949,4163.59,4183.077,4260.0,0.15397767463964346,0.04009582704880539,0.023159443679706113,0.23472821542048022,0.11247655736566516,0.17285367163848378,0.1322927908454407,0.2033932202692871,0.15860946306056015,0.15455205974567665,0.1274111455913719,0.16453374522242717,0.04647841168318043,0.03810518004031392
1512,4179.487,4222.051,4113.846,4157.949,4232.308,0.15397767463964346,0.04009582704880539,0.023159443679706113,0.23472821542048022,0.11247655736566516,0.17285367163848378,0.1322927908454407,0.2033932202692871,0.15860946306056015,0.15455205974567665,0.1274111455913719,0.16453374522242717,0.04647841168318043,0.03810518004031392
1519,4184.103,4208.718,4097.949,4145.641,4235.385,0.15397767463964346,0.04009582704880539,0.023159443679706113,0.23472821542048022,0.11247655736566516,0.17285367163848378,0.1322927908454407,0.2033932202692871,0.15860946306056015,0.15455205974567665,0.1274111455913719,0.16453374522242717,0.04647841168318043,0.03810518004031392
1526,4200.0,4227.692,4125.641,4155.385,4254.872,0.15397767463964346,0.04009582704880539,0.023159443679706113,0.23472821542048022,0.11247655736566516,0.17285367163848378,0.1322927908454407,0.2033932202692871,0.15860946306056015,0.15455205974567665,0.1274111455913719,0.16453374522242717,0.04647841168318043,0.03810518004031392
1533,4208.718,4227.692,4145.641,4174.872,4244.615,0.15397767463964346,0.04009582704880539,0.023159443679706113,0.23472821542048022,0.11247655736566516,0.17285367163848378,0.1322927908454407,0.2033932202692871,0.15860946306056015,0.15455205974567665,0.1274111455913719,0.16453374522242717,0.04647841168318043,0.03810518004031392
1540,4218.974,4224.103,4165.641,4183.59,4241.538,0.15397767463964346,0.04009582704880539,0.023159443679706113,0.23472821542048022,0.11247655736566516,0.17285367163848378,0.1322927908454407,0.2033932202692871,0.15860946306056015,0.15455205974567665,0.1274111455913719,0.16453374522242717,0.04647841168318043,0.03810518004031392
1547,4214.359,4248.205,4168.718,4168.205,4257.949,0.15397767463964346,0.04009582704880539,0.023159443679706113,0.23472821542048022,0.11247655736566516,0.17285367163848378,0.1322927908454407,0.2033932202692871,0.15860946306056015,0.15455205974567665,0.1274111455913719,0.16453374522242717,0.04647841168318043,0.03810518004031392
1554,4189.231,4247.692,4131.282,4141.538,4245.128,0.15397767463964346,0.04009582704880539,0.023159443679706113,0.23472821542048022,0.11247655736566516,0.17285367163848378,0.1322927908454407,0.2033932202692871,0.15860946306056015,0.15455205974567665,0.1274111455913719,0.16453374522242717,0.04647841168318043,0.03810518004031392
1561,4178.974,4214.872,4118.974,4133.846,4215.385,0.15397767463964346,0.04009582704880539,0.023159443679706113,0.23472821542048022,0.11247655736566516,0.17285367163848378,0.1322927908454407,0.2033932202692871,0.15860946306056015,0.15455205974567665,0.1274111455913719,0.16453374522242717,0.04647841168318043,0.03810518004031392
1568,4175.897,4207.179,4117.949,4136.923,4204.103,0.15397767463964346,0.04009582704880539,0.023159443679706113,0.23472821542048022,0.11247655736566516,0.17285367163848378,0.1322927908454407,0.2033932202692871,0.15860946306056015,0.15455205974567665,0.1274111455913719,0.16453374522242717,0.04647841168318043,0.03810518004031392
1575,4169.744,4201.026,4099.487,4141.026,4200.513,0.15397767463964346,0.04009582704880539,0.023159443679706113,0.23472821542048022,0.11247655736566516,0.17285367163848378,0.1322927908454407,0.2033932202692871,0.15860946306056015,0.15455205974567665,0.1274111455913719,0.16453374522242717,0.04647841168318043,0.03810518004031392
1582,4177.436,4181.538,4120.0,4146.667,4196.41,0.15397767463964346,0.04009582704880539,0.023159443679706113,0.23472821542048022,0.11247655736566516,0.17285367163848378,0.1322927908454407,0.2033932202692871,0.15860946306056015,0.15455205974567665,0.1274111455913719,0.16453374522242717,0.04647841168318043,0.03810518004031392
1589,4202.051,4193.846,4160.0,4160.513,4211.795,0.15397767463964346,0.04009582704880539,0.023159443679706113,0.23472821542048022,0.11247655736566516,0.17285367163848378,0.1322927908454407,0.2033932202692871,0.15860946306056015,0.15455205974567665,0.1274111455913719,0.16453374522242717,0.04647841168318043,0.03810518004031392
1596,4221.538,4218.462,4170.769,4180.0,4231.795,0.15397767463964346,0.04009582704880539,0.023159443679706113,0.23472821542048022,0.11247655736566516,0.17285367163848378,0.1322927908454407,0.2033932202692871,0.15860946306056015,0.15455205974567665,0.1274111455913719,0.16453374522242717,0.04647841168318043,0.03810518004031392
1603,4219.487,4225.641,4159.487,4178.974,4231.282,0.15397767463964346,0.04009582704880539,0.023159443679706113,0.23472821542048022,0.11247655736566516,0.17285367163848378,0.1322927908454407,0.2033932202692871,0.15860946306056015,0.15455205974567665,0.1274111455913719,0.16453374522242717,0.04647841168318043,0.03810518004031392
1610,4206.667,4224.615,4145.641,4160.513,4222.051,0.15397767463964346,0.04009582704880539,0.023159443679706113,0.23472821542048022,0.11247655736566516,0.17285367163848378,0.1322927908454407,0.2033932202692871,0.15860946306056015,0.15455205974567665,0.1274111455913719,0.16453374522242717,0.04647841168318043,0.03810518004031392
1617,4201.026,4218.462,4142.051,4161.026,4220.0,0.15397767463964346,0.04009582704880539,0.023159443679706113,0.23472821542048022,0.11247655736566516,0.17285367163848378,0.1322927908454407,0.2033932202692871,0.15860946306056015,0.15455205974567665,0.1274111455913719,0.16453374522242717,0.04647841168318043,0.03810518004031392
1624,4210.769,4206.667,4146.667,4175.897,4224.103,0.15397767463964346,0.04009582704880539,0.023159443679706113,0.23472821542048022,0.11247655736566516,0.17285367163848378,0.1322927908454407,0.2033932202692871,0.15860946306056015,0.15455205974567665,0.1274111455913719,0.16453374522242717,0.04647841168318043,0.03810518004031392
1631,4238.462,4208.205,4140.0,4178.974,4243.077,0.15397767463964346,0.04009582704880539,0.023159443679706113,0.23472821542048022,0.11247655736566516,0.17285367163848378,0.1322927908454407,0.2033932202692871,0.15860946306056015,0.15455205974567665,0.1274111455913719,0.16453374522242717,0.04647841168318043,0.03810518004031392
1638,4292.821,4231.282,4142.051,4200.0,4306.154,0.15397767463964346,0.04009582704880539,0.023159443679706113,0.23472821542048022,0.11247655736566516,0.17285367163848378,0.1322927908454407,0.2033932202692871,0.15860946306056015,0.15455205974567665,0.1274111455913719,0.16453374522242717,0.04647841168318043,0.03810518004031392
1645,4358.462,4252.308,4168.205,4232.308,4373.846,0.15397767463964346,0.04009582704880539,0.023159443679706113,0.23472821542048022,0.11247655736566516,0.17285367163848378,0.1322927908454407,0.2033932202692871,0.15860946306056015,0.15455205974567665,0.1274111455913719,0.16453374522242717,0.04647841168318043,0.03810518004031392
1652,4409.231,4255.385,4182.564,4221.538,4398.974,0.15397767463964346,0.04009582704880539,0.023159443679706113,0.23472821542048022,0.11247655736566516,0.17285367163848378,0.1322927908454407,0.2033932202692871,0.15860946306056015,0.15455205974567665,0.1274111455913719,0.16453374522242717,0.04647841168318043,0.03810518004031392
1659,4453.846,4262.051,4186.154,4202.564,4433.333,0.15397767463964346,0.04009582704880539,0.023159443679706113,0.23472821542048022,0.11247655736566516,0.17285367163848378,0.1322927908454407,0.2033932202692871,0.15860946306056015,0.15455205974567665,0.1274111455913719,0.16453374522242717,0.04647841168318043,0.03810518004031392
1666,4491.282,4270.256,4177.436,4209.744,4487.692,0.15397767463964346,0.04009582704880539,0.023159443679706113,0.23472821542048022,0.11247655736566516,0.17285367163848378,0.1322927908454407,0.2033932202692871,0.15860946306056015,0.15455205974567665,0.1274111455913719,0.16453374522242717,0.04647841168318043,0.03810518004031392
1673,4510.256,4251.795,4154.359,4196.923,4490.256,0.15397767463964346,0.04009582704880539,0.023159443679706113,0.23472821542048022,0.11247655736566516,0.17285367163848378,0.1322927908454407,0.2033932202692871,0.15860946306056015,0.15455205974567665,0.1274111455913719,0.16453374522242717,0.04647841168318043,0.03810518004031392
1680,4513.333,4248.205,4148.205,4174.359,4471.282,0.15397767463964346,0.04009582704880539,0.023159443679706113,0.23472821542048022,0.11247655736566516,0.17285367163848378,0.1322927908454407,0.2033932202692871,0.15860946306056015,0.15455205974567665,0.1274111455913719,0.16453374522242717,0.04647841168318043,0.03810518004031392
1687,4513.846,4283.59,4160.513,4197.949,4492.308,0.15397767463964346,0.04009582704880539,0.023159443679706113,0.23472821542048022,0.11247655736566516,0.17285367163848378,0.1322927908454407,0.2033932202692871,0.15860946306056015,0.15455205974567665,0.1274111455913719,0.16453374522242717,0.04647841168318043,0.03810518004031392
1694,4513.846,4303.077,4176.923,4229.744,4507.179,0.15397767463964346,0.04009582704880539,0.023159443679706113,0.23472821542048022,0.11247655736566516,0.17285367163848378,0.1322927908454407,0.2033932202692871,0.15860946306056015,0.15455205974567665,0.1274111455913719,0.16453374522242717,0.04647841168318043,0.03810518004031392
1701,4512.308,4302.564,4190.256,4233.333,4487.179,0.15397767463964346,0.04009582704880539,0.023159443679706113,0.23472821542048022,0.11247655736566516,0.17285367163848378,0.1322927908454407,0.2033932202692871,0.15860946306056015,0.15455205974567665,0.1274111455913719,0.16453374522242717,0.04647841168318043,0.03810518004031392
1708,4492.821,4315.897,4196.923,4240.0,4474.359,0.15397767463964346,0.04009582704880539,0.023159443679706113,0.23472821542048022,0.11247655736566516,0.17285367163848378,0.1322927908454407,0.2033932202692871,0.15860946306056015,0.15455205974567665,0.1274111455913719,0.16453374522242717,0.04647841168318043,0.03810518004031392
1715,4450.769,4316.923,4192.308,4249.231,4463.077,0.15397767463964346,0.04009582704880539,0.023159443679706113,0.23472821542048022,0.11247655736566516,0.17285367163848378,0.1322927908454407,0.2033932202692871,0.15860946306056015,0.15455205974567665,0.1274111455913719,0.16453374522242717,0.04647841168318043,0.03810518004031392
1722,4415.897,4283.077,4189.231,4244.615,4410.256,0.15397767463964346,0.04009582704880539,0.023159443679706113,0.23472821542048022,0.11247655736566516,0.17285367163848378,0.1322927908454407,0.2033932202692871,0.15860946306056015,0.15455205974567665,0.1274111455913719,0.16453374522242717,0.04647841168318043,0.03810518004031392
1729,4381.538,4263.59,4181.538,4237.949,4340.0,0.15397767463964346,0.04009582704880539,0.023159443679706113,0.23472821542048022,0.11247655736566516,0.17285367163848378,0.1322927908454407,0.2033932202692871,0.15860946306056015,0.15455205974567665,0.1274111455913719,0.16453374522242717,0.04647841168318043,0.03810518004031392
1736,4335.897,4267.692,4165.641,4236.923,4311.795,0.15397767463964346,0.04009582704880539,0.023159443679706113,0.23472821542048022,0.11247655736566516,0.17285367163848378,0.1322927908454407,0.2033932202692871,0.15860946306056015,0.15455205974567665,0.1274111455913719,0.16453374522242717,0.04647841168318043,0.03810518004031392
1743,4320.0,4264.615,4162.564,4252.308,4318.974,0.15397767463964346,0.04009582704880539,0.023159443679706113,0.23472821542048022,0.11247655736566516,0.17285367163848378,0.1322927908454407,0.2033932202692871,0.15860946306056015,0.15455205974567665,0.1274111455913719,0.16453374522242717,0.04647841168318043,0.03810518004031392
1750,4321.538,4251.795,4163.077,4257.436,4300.513,0.15397767463964346,0.04009582704880539,0.023159443679706113,0.23472821542048022,0.11247655736566516,0.17285367163848378,0.1322927908454407,0.2033932202692871,0.15860946306056015,0.15455205974567665,0.1274111455913719,0.16453374522242717,0.04647841168318043,0.03810518004031392
1757,4291.795,4250.256,4158.974,4234.872,4252.308,0.15397767463964346,0.04009582704880539,0.023159443679706113,0.23472821542048022,0.11247655736566516,0.17285367163848378,0.1322927908454407,0.2033932202692871,0.15860946306056015,0.15455205974567665,0.1274111455913719,0.16453374522242717,0.04647841168318043,0.03810518004031392
1764,4261.538,4265.641,4161.538,4233.333,4240.0,0.15397767463964346,0.04009582704880539,0.023159443679706113,0.23472821542048022,0.11247655736566516,0.17285367163848378,0.1322927908454407,0.2033932202692871,0.15860946306056015,0.15455205974567665,0.1274111455913719,0.16453374522242717,0.04647841168318043,0.03810518004031392
1771,4248.718,4273.846,4157.436,4250.256,4250.256,0.15397767463964346,0.04009582704880539,0.023159443679706113,0.23472821542048022,0.11247655736566516,0.17285367163848378,0.1322927908454407,0.2033932202692871,0.15860946306056015,0.15455205974567665,0.1274111455913719,0.16453374522242717,0.04647841168318043,0.03810518004031392
1778,4220.513,4262.051,4130.256,4230.769,4227.692,0.15397767463964346,0.04009582704880539,0.023159443679706113,0.23472821542048022,0.11247655736566516,0.17285367163848378,0.1322927908454407,0.2033932202692871,0.15860946306056015,0.15455205974567665,0.1274111455913719,0.16453374522242717,0.04647841168318043,0.03810518004031392
1785,4205.128,4247.179,4120.0,4198.462,4193.846,0.15397767463964346,0.04009582704880539,0.023159443679706113,0.23472821542048022,0.11247655736566516,0.17285367163848378,0.1322927908454407,0.2033932202692871,0.15860946306056015,0.15455205974567665,0.1274111455913719,0.16453374522242717,0.04647841168318043,0.03810518004031392
1792,4216.923,4246.154,4140.0,4202.564,4197.949,0.15397767463964346,0.04009582704880539,0.023159443679706113,0.23472821542048022,0.11247655736566516,0.17285367163848378,0.1322927908454407,0.2033932202692871,0.15860946306056015,0.15455205974567665,0.1274111455913719,0.16453374522242717,0.04647841168318043,0.03810518004031392
1799,4215.897,4248.205,4147.692,4223.59,4216.41,0.15397767463964346,0.04009582704880539,0.023159443679706113,0.23472821542048022,0.11247655736566516,0.17285367163848378,0.1322927908454407,0.2033932202692871,0.15860946306056015,0.15455205974567665,0.1274111455913719,0.16453374522242717,0.04647841168318043,0.03810518004031392
1806,4217.436,4256.923,4138.974,4240.0,4232.308,0.15397767463964346,0.04009582704880539,0.023159443679706113,0.23472821542048022,0.11247655736566516,0.17285367163848378,0.1322927908454407,0.2033932202692871,0.15860946306056015,0.15455205974567665,0.1274111455913719,0.16453374522242717,0.04647841168318043,0.03810518004031392
1813,4251.282,4276.41,4161.026,4265.641,4259.487,0.15397767463964346,0.04009582704880539,0.023159443679706113,0.23472821542048022,0.11247655736566516,0.17285367163848378,0.1322927908454407,0.2033932202692871,0.15860946306056015,0.15455205974567665,0.1274111455913719,0.16453374522242717,0.04647841168318043,0.03810518004031392
1820,4256.923,4274.872,4193.333,4264.615,4244.615,0.15397767463964346,0.04009582704880539,0.023159443679706113,0.23472821542048022,0.11247655736566516,0.17285367163848378,0.1322927908454407,0.2033932202692871,0.15860946306056015,0.15455205974567665,0.1274111455913719,0.16453374522242717,0.04647841168318043,0.03810518004031392
1827,4215.385,4249.744,4167.179,4228.205,4195.897,0.15397767463964346,0.04009582704880539,0.023159443679706113,0.23472821542048022,0.11247655736566516,0.17285367163848378,0.1322927908454407,0.2033932202692871,0.15860946306056015,0.15455205974567665,0.1274111455913719,0.16453374522242717,0.04647841168318043,0.03810518004031392
1834,4195.385,4220.513,4109.231,4215.897,4180.513,0.15397767463964346,0.04009582704880539,0.023159443679706113,0.23472821542048022,0.11247655736566516,0.17285367163848378,0.1322927908454407,0.2033932202692871,0.15860946306056015,0.15455205974567665,0.1274111455913719,0.16453374522242717,0.04647841168318043,0.03810518004031392
1841,4187.692,4208.205,4088.205,4216.41,4180.0,0.15397767463964346,0.04009582704880539,0.023159443679706113,0.23472821542048022,0.11247655736566516,0.17285367163848378,0.1322927908454407,0.2033932202692871,0.15860946306056015,0.15455205974567665,0.1274111455913719,0.16453374522242717,0.04647841168318043,0.03810518004031392
1848,4175.897,4228.205,4109.231,4204.103,4180.513,0.15397767463964346,0.04009582704880539,0.023159443679706113,0.23472821542048022,0.11247655736566516,0.17285367163848378,0.1322927908454407,0.2033932202692871,0.15860946306056015,0.15455205974567665,0.1274111455913719,0.16453374522242717,0.04647841168318043,0.03810518004031392
1855,4193.846,4239.487,4123.59,4213.846,4198.462,0.15397767463964346,0.04009582704880539,0.023159443679706113,0.23472821542048022,0.11247655736566516,0.17285367163848378,0.1322927908454407,0.2033932202692871,0.15860946306056015,0.15455205974567665,0.1274111455913719,0.16453374522242717,0.04647841168318043,0.03810518004031392
1862,4203.59,4204.103,4113.333,4219.487,4185.128,0.15397767463964346,0.04009582704880539,0.023159443679706113,0.23472821542048022,0.11247655736566516,0.17285367163848378,0.1322927908454407,0.2033932202692871,0.15860946306056015,0.15455205974567665,0.1274111455913719,0.16453374522242717,0.04647841168318043,0.03810518004031392
1869,4160.0,4169.744,4108.718,4171.282,4125.128,0.15397767463964346,0.04009582704880539,0.023159443679706113,0.23472821542048022,0.11247655736566516,0.17285367163848378,0.1322927908454407,0.2033932202692871,0.15860946306056015,0.15455205974567665,0.1274111455913719,0.16453374522242717,0.04647841168318043,0.03810518004031392
1876,4117.436,4169.744,4086.154,4134.359,4095.897,0.15397767463964346,0.04009582704880539,0.023159443679706113,0.23472821542048022,0.11247655736566516,0.17285367163848378,0.1322927908454407,0.2033932202692871,0.15860946306056015,0.15455205974567665,0.1274111455913719,0.16453374522242717,0.04647841168318043,0.03810518004031392
1883,4149.744,4179.487,4068.205,4166.667,4130.769,0.15397767463964346,0.04009582704880539,0.023159443679706113,0.23472821542048022,0.11247655736566516,0.17285367163848378,0.1322927908454407,0.2033932202692871,0.15860946306056015,0.15455205974567665,0.1274111455913719,0.16453374522242717,0.04647841168318043,0.03810518004031392
1890,4210.256,4212.821,4111.795,4208.718,4180.513,0.15397767463964346,0.04009582704880539,0.023159443679706113,0.23472821542048022,0.11247655736566516,0.17285367163848378,0.1322927908454407,0.2033932202692871,0.15860946306056015,0.15455205974567665,0.1274111455913719,0.16453374522242717,0.04647841168318043,0.03810518004031392
1897,4235.897,4255.385,4163.077,4238.974,4214.872,0.15397767463964346,0.04009582704880539,0.023159443679706113,0.23472821542048022,0.11247655736566516,0.17285367163848378,0.1322927908454407,0.2033932202692871,0.15860946306056015,0.15455205974567665,0.1274111455913719,0.16453374522242717,0.04647841168318043,0.03810518004031392
1904,4232.308,4254.359,4158.462,4254.359,4213.333,0.15397767463964346,0.04009582704880539,0.023159443679706113,0.23472821542048022,0.11247655736566516,0.17285367163848378,0.1322927908454407,0.2033932202692871,0.15860946306056015,0.15455205974567665,0.1274111455913719,0.16453374522242717,0.04647841168318043,0.03810518004031392
1911,4222.564,4245.128,4135.385,4248.718,4204.103,0.15397767463964346,0.04009582704880539,0.023159443679706113,0.23472821542048022,0.11247655736566516,0.17285367163848378,0.1322927908454407,0.2033932202692871,0.15860946306056015,0.15455205974567665,0.1274111455913719,0.16453374522242717,0.04647841168318043,0.03810518004031392
1918,4233.333,4259.487,4141.026,4253.333,4223.077,0.15397767463964346,0.04009582704880539,0.023159443679706113,0.23472821542048022,0.11247655736566516,0.17285367163848378,0.1322927908454407,0.2033932202692871,0.15860946306056015,0.15455205974567665,0.1274111455913719,0.16453374522242717,0.04647841168318043,0.03810518004031392
1925,4242.564,4261.026,4166.154,4251.282,4227.692,0.15397767463964346,0.04009582704880539,0.023159443679706113,0.23472821542048022,0.11247655736566516,0.17285367163848378,0.1322927908454407,0.2033932202692871,0.15860946306056015,0.15455205974567665,0.1274111455913719,0.16453374522242717,0.04647841168318043,0.03810518004031392
1932,4216.41,4245.641,4168.718,4229.231,4197.436,0.15397767463964346,0.04009582704880539,0.023159443679706113,0.23472821542048022,0.11247655736566516,0.17285367163848378,0.1322927908454407,0.2033932202692871,0.15860946306056015,0.15455205974567665,0.1274111455913719,0.16453374522242717,0.04647841168318043,0.03810518004031392
1939,4198.462,4236.923,4133.333,4221.026,4184.103,0.15397767463964346,0.04009582704880539,0.023159443679706113,0.23472821542048022,0.11247655736566516,0.17285367163848378,0.1322927908454407,0.2033932202692871,0.15860946306056015,0.15455205974567665,0.1274111455913719,0.16453374522242717,0.04647841168318043,0.03810518004031392
1946,4201.538,4220.513,4102.564,4207.692,4169.231,0.15397767463964346,0.04009582704880539,0.023159443679706113,0.23472821542048022,0.11247655736566516,0.17285367163848378,0.1322927908454407,0.2033932202692871,0.15860946306056015,0.15455205974567665,0.1274111455913719,0.16453374522242717,0.04647841168318043,0.03810518004031392
1953,4173.846,4206.154,4101.538,4163.59,4132.308,0.15397767463964346,0.04009582704880539,0.023159443679706113,0.23472821542048022,0.11247655736566516,0.17285367163848378,0.1322927908454407,0.2033932202692871,0.15860946306056015,0.15455205974567665,0.1274111455913719,0.16453374522242717,0.04647841168318043,0.03810518004031392
1960,4156.41,4230.769,4103.59,4163.077,4160.513,0.15397767463964346,0.04009582704880539,0.023159443679706113,0.23472821542048022,0.11247655736566516,0.17285367163848378,0.1322927908454407,0.2033932202692871,0.15860946306056015,0.15455205974567665,0.1274111455913719,0.16453374522242717,0.04647841168318043,0.03810518004031392
1967,4180.513,4237.436,4108.205,4198.974,4195.385,0.15397767463964346,0.04009582704880539,0.023159443679706113,0.23472821542048022,0.11247655736566516,0.17285367163848378,0.1322927908454407,0.2033932202692871,0.15860946306056015,0.15455205974567665,0.1274111455913719,0.16453374522242717,0.04647841168318043,0.03810518004031392
1974,4176.923,4203.077,4129.231,4177.949,4148.718,0.15397767463964346,0.04009582704880539,0.023159443679706113,0.23472821542048022,0.11247655736566516,0.17285367163848378,0.1322927908454407,0.2033932202692871,0.15860946306056015,0.15455205974567665,0.1274111455913719,0.16453374522242717,0.04647841168318043,0.03810518004031392
1981,4167.179,4208.718,4141.026,4167.692,4146.667,0.15397767463964346,0.04009582704880539,0.023159443679706113,0.23472821542048022,0.11247655736566516,0.17285367163848378,0.1322927908454407,0.2033932202692871,0.15860946306056015,0.15455205974567665,0.1274111455913719,0.16453374522242717,0.04647841168318043,0.03810518004031392
1988,4191.282,4230.256,4140.0,4203.077,4190.256,0.15397767463964346,0.04009582704880539,0.023159443679706113,0.23472821542048022,0.11247655736566516,0.17285367163848378,0.1322927908454407,0.2033932202692871,0.15860946306056015,0.15455205974567665,0.1274111455913719,0.16453374522242717,0.04647841168318043,0.03810518004031392
1995,4201.026,4209.744,4151.282,4203.077,4163.077,0.15397767463964346,0.04009582704880539,0.023159443679706113,0.23472821542048022,0.11247655736566516,0.17285367163848378,0.1322927908454407,0.2033932202692871,0.15860946306056015,0.15455205974567665,0.1274111455913719,0.16453374522242717,0.04647841168318043,0.03810518004031392
2002,4191.282,4195.897,4155.897,4173.846,4136.923,0.15397767463964346,0.04009582704880539,0.023159443679706113,0.23472821542048022,0.11247655736566516,0.17285367163848378,0.1322927908454407,0.2033932202692871,0.15860946306056015,0.15455205974567665,0.1274111455913719,0.16453374522242717,0.04647841168318043,0.03810518004031392
2009,4180.513,4202.564,4123.59,4168.205,4168.205,0.15397767463964346,0.04009582704880539,0.023159443679706113,0.23472821542048022,0.11247655736566516,0.17285367163848378,0.1322927908454407,0.2033932202692871,0.15860946306056015,0.15455205974567665,0.1274111455913719,0.16453374522242717,0.04647841168318043,0.03810518004031392
2016,4163.077,4175.385,4094.359,4165.641,4160.513,0.15397767463964346,0.04009582704880539,0.023159443679706113,0.23472821542048022,0.11247655736566516,0.17285367163848378,0.1322927908454407,0.2033932202692871,0.15860946306056015,0.15455205974567665,0.1274111455913719,0.16453374522242717,0.04647841168318043,0.03810518004031392
2023,4149.744,4147.179,4104.103,4140.0,4123.077,0.15397767463964346,0.04009582704880539,0.023159443679706113,0.23472821542048022,0.11247655736566516,0.17285367163848378,0.1322927908454407,0.2033932202692871,0.15860946306056015,0.15455205974567665,0.1274111455913719,0.16453374522242717,0.04647841168318043,0.03810518004031392
2030,4138.974,4163.59,4118.462,4124.615,4121.538,0.15397767463964346,0.04009582704880539,0.023159443679706113,0.23472821542048022,0.11247655736566516,0.17285367163848378,0.1322927908454407,0.2033932202692871,0.15860946306056015,0.15455205974567665,0.1274111455913719,0.16453374522242717,0.04647841168318043,0.03810518004031392
2037,4133.846,4183.077,4104.615,4134.872,4136.923,0.15397767463964346,0.04009582704880539,0.023159443679706113,0.23472821542048022,0.11247655736566516,0.17285367163848378,0.1322927908454407,0.2033932202692871,0.15860946306056015,0.15455205974567665,0.1274111455913719,0.16453374522242717,0.04647841168318043,0.03810518004031392
2044,4147.692,4180.513,4081.538,4154.359,4149.231,0.15397767463964346,0.04009582704880539,0.023159443679706113,0.23472821542048022,0.11247655736566516,0.17285367163848378,0.1322927908454407,0.2033932202692871,0.15860946306056015,0.15455205974567665,0.1274111455913719,0.16453374522242717,0.04647841168318043,0.03810518004031392
2051,4154.359,4155.385,4063.077,4140.513,4130.256,0.15397767463964346,0.04009582704880539,0.023159443679706113,0.23472821542048022,0.11247655736566516,0.17285367163848378,0.1322927908454407,0.2033932202692871,0.15860946306056015,0.15455205974567665,0.1274111455913719,0.16453374522242717,0.04647841168318043,0.03810518004031392
2058,4147.692,4147.179,4066.154,4109.231,4111.795,0.15397767463964346,0.04009582704880539,0.023159443679706113,0.23472821542048022,0.11247655736566516,0.17285367163848378,0.1322927908454407,0.2033932202692871,0.15860946306056015,0.15455205974567665,0.1274111455913719,0.16453374522242717,0.04647841168318043,0.03810518004031392
2065,4145.128,4182.051,4087.179,4114.359,4147.692,0.15397767463964346,0.04009582704880539,0.023159443679706113,0.23472821542048022,0.11247655736566516,0.17285367163848378,0.1322927908454407,0.2033932202692871,0.15860946306056015,0.15455205974567665,0.1274111455913719,0.16453374522242717,0.04647841168318043,0.03810518004031392
2072,4146.667,4201.026,4092.821,4138.462,4174.872,0.15397767463964346,0.04009582704880539,0.023159443679706113,0.23472821542048022,0.11247655736566516,0.17285367163848378,0.1322927908454407,0.2033932202692871,0.15860946306056015,0.15455205974567665,0.1274111455913719,0.16453374522242717,0.04647841168318043,0.03810518004031392
2079,4165.641,4178.462,4100.0,4154.359,4146.154,0.15397767463964346,0.04009582704880539,0.023159443679706113,0.23472821542048022,0.11247655736566516,0.17285367163848378,0.1322927908454407,0.2033932202692871,0.15860946306056015,0.15455205974567665,0.1274111455913719,0.16453374522242717,0.04647841168318043,0.03810518004031392
2086,4186.154,4174.872,4120.513,4149.231,4130.256,0.15397767463964346,0.04009582704880539,0.023159443679706113,0.23472821542048022,0.11247655736566516,0.17285367163848378,0.1322927908454407,0.2033932202692871,0.15860946306056015,0.15455205974567665,0.1274111455913719,0.16453374522242717,0.04647841168318043,0.03810518004031392
2093,4180.0,4203.077,4116.923,4136.923,4161.026,0.15397767463964346,0.04009582704880539,0.023159443679706113,0.23472821542048022,0.11247655736566516,0.17285367163848378,0.1322927908454407,0.2033932202692871,0.15860946306056015,0.15455205974567665,0.1274111455913719,0.16453374522242717,0.04647841168318043,0.03810518004031392
2100,4185.641,4218.462,4104.103,4157.436,4185.641,0.15397767463964346,0.04009582704880539,0.023159443679706113,0.23472821542048022,0.11247655736566516,0.17285367163848378,0.1322927908454407,0.2033932202692871,0.15860946306056015,0.15455205974567665,0.1274111455913719,0.16453374522242717,0.04647841168318043,0.03810518004031392
2107,4207.692,4223.077,4123.077,4178.974,4192.308,0.15397767463964346,0.04009582704880539,0.023159443679706113,0.23472821542048022,0.11247655736566516,0.17285367163848378,0.1322927908454407,0.2033932202692871,0.15860946306056015,0.15455205974567665,0.1274111455913719,0.16453374522242717,0.04647841168318043,0.03810518004031392
2114,4194.359,4226.667,4129.231,4160.0,4195.897,0.15397767463964346,0.04009582704880539,0.023159443679706113,0.23472821542048022,0.11247655736566516,0.17285367163848378,0.1322927908454407,0.2033932202692871,0.15860946306056015,0.15455205974567665,0.1274111455913719,0.16453374522242717,0.04647841168318043,0.03810518004031392
2121,4171.282,4219.487,4094.359,4154.872,4192.821,0.15397767463964346,0.04009582704880539,0.023159443679706113,0.23472821542048022,0.11247655736566516,0.17285367163848378,0.1322927908454407,0.2033932202692871,0.15860946306056015,0.15455205974567665,0.1274111455913719,0.16453374522242717,0.04647841168318043,0.03810518004031392
2128,4180.513,4218.462,4093.846,4180.0,4186.154,0.15397767463964346,0.04009582704880539,0.023159443679706113,0.23472821542048022,0.11247655736566516,0.17285367163848378,0.1322927908454407,0.2033932202692871,0.15860946306056015,0.15455205974567665,0.1274111455913719,0.16453374522242717,0.04647841168318043,0.03810518004031392
2135,4171.282,4218.462,4126.154,4158.974,4173.333,0.15397767463964346,0.04009582704880539,0.023159443679706113,0.23472821542048022,0.11247655736566516,0.17285367163848378,0.1322927908454407,0.2033932202692871,0.15860946306056015,0.15455205974567665,0.1274111455913719,0.16453374522242717,0.04647841168318043,0.03810518004031392
2142,4146.667,4209.231,4105.641,4124.103,4169.744,0.15397767463964346,0.04009582704880539,0.023159443679706113,0.23472821542048022,0.11247655736566516,0.17285367163848378,0.1322927908454407,0.2033932202692871,0.15860946306056015,0.15455205974567665,0.1274111455913719,0.16453374522242717,0.04647841168318043,0.03810518004031392
2149,4170.256,4198.462,4075.385,4145.128,4173.333,0.15397767463964346,0.04009582704880539,0.023159443679706113,0.23472821542048022,0.11247655736566516,0.17285367163848378,0.1322927908454407,0.2033932202692871,0.15860946306056015,0.15455205974567665,0.1274111455913719,0.16453374522242717,0.04647841168318043,0.03810518004031392
2156,4196.41,4186.667,4101.538,4154.872,4157.949,0.15397767463964346,0.04009582704880539,0.023159443679706113,0.23472821542048022,0.11247655736566516,0.17285367163848378,0.1322927908454407,0.2033932202692871,0.15860946306056015,0.15455205974567665,0.1274111455913719,0.16453374522242717,0.04647841168318043,0.03810518004031392
2163,4183.59,4190.769,4117.436,4132.308,4154.872,0.15397767463964346,0.04009582704880539,0.023159443679706113,0.23472821542048022,0.11247655736566516,0.17285367163848378,0.1322927908454407,0.2033932202692871,0.15860946306056015,0.15455205974567665,0.1274111455913719,0.16453374522242717,0.04647841168318043,0.03810518004031392
2170,4195.897,4210.769,4104.615,4155.897,4190.769,0.15397767463964346,0.04009582704880539,0.023159443679706113,0.23472821542048022,0.11247655736566516,0.17285367163848378,0.1322927908454407,0.2033932202692871,0.15860946306056015,0.15455205974567665,0.1274111455913719,0.16453374522242717,0.04647841168318043,0.03810518004031392
2177,4227.179,4226.667,4125.641,4193.846,4212.308,0.15397767463964346,0.04009582704880539,0.023159443679706113,0.23472821542048022,0.11247655736566516,0.17285367163848378,0.1322927908454407,0.2033932202692871,0.15860946306056015,0.15455205974567665,0.1274111455913719,0.16453374522242717,0.04647841168318043,0.03810518004031392
2184,4221.026,4232.308,4148.205,4188.205,4204.615,0.15397767463964346,0.04009582704880539,0.023159443679706113,0.23472821542048022,0.11247655736566516,0.17285367163848378,0.1322927908454407,0.2033932202692871,0.15860946306056015,0.15455205974567665,0.1274111455913719,0.16453374522242717,0.04647841168318043,0.03810518004031392
2191,4214.359,4228.205,4131.795,4186.154,4199.487,0.15397767463964346,0.04009582704880539,0.023159443679706113,0.23472821542048022,0.11247655736566516,0.17285367163848378,0.1322927908454407,0.2033932202692871,0.15860946306056015,0.15455205974567665,0.1274111455913719,0.16453374522242717,0.04647841168318043,0.03810518004031392
2198,4224.103,4223.59,4117.436,4196.923,4203.59,0.15397767463964346,0.04009582704880539,0.023159443679706113,0.23472821542048022,0.11247655736566516,0.17285367163848378,0.1322927908454407,0.2033932202692871,0.15860946306056015,0.15455205974567665,0.1274111455913719,0.16453374522242717,0.04647841168318043,0.03810518004031392
2205,4216.923,4229.231,4117.436,4188.205,4224.103,0.15397767463964346,0.04009582704880539,0.023159443679706113,0.23472821542048022,0.11247655736566516,0.17285367163848378,0.1322927908454407,0.2033932202692871,0.15860946306056015,0.15455205974567665,0.1274111455913719,0.16453374522242717,0.04647841168318043,0.03810518004031392
2212,4205.128,4225.641,4121.538,4180.0,4224.615,0.15397767463964346,0.04009582704880539,0.023159443679706113,0.23472821542048022,0.11247655736566516,0.17285367163848378,0.1322927908454407,0.2033932202692871,0.15860946306056015,0.15455205974567665,0.1274111455913719,0.16453374522242717,0.04647841168318043,0.03810518004031392
2219,4207.179,4216.923,4124.103,4179.487,4188.718,0.15397767463964346,0.04009582704880539,0.023159443679706113,0.23472821542048022,0.11247655736566516,0.17285367163848378,0.1322927908454407,0.2033932202692871,0.15860946306056015,0.15455205974567665,0.1274111455913719,0.16453374522242717,0.04647841168318043,0.03810518004031392
2226,4209.231,4226.667,4117.949,4184.615,4190.256,0.15397767463964346,0.04009582704880539,0.023159443679706113,0.23472821542048022,0.11247655736566516,0.17285367163848378,0.1322927908454407,0.2033932202692871,0.15860946306056015,0.15455205974567665,0.1274111455913719,0.16453374522242717,0.04647841168318043,0.03810518004031392
2233,4196.41,4232.308,4118.462,4185.128,4214.359,0.15397767463964346,0.04009582704880539,0.023159443679706113,0.23472821542048022,0.11247655736566516,0.17285367163848378,0.1322927908454407,0.2033932202692871,0.15860946306056015,0.15455205974567665,0.1274111455913719,0.16453374522242717,0.04647841168318043,0.03810518004031392
2240,4200.513,4235.897,4133.333,4170.256,4214.359,0.15397767463964346,0.04009582704880539,0.023159443679706113,0.23472821542048022,0.11247655736566516,0.17285367163848378,0.1322927908454407,0.2033932202692871,0.15860946306056015,0.15455205974567665,0.1274111455913719,0.16453374522242717,0.04647841168318043,0.03810518004031392
2247,4242.564,4248.718,4142.564,4166.667,4228.718,0.15397767463964346,0.04009582704880539,0.023159443679706113,0.23472821542048022,0.11247655736566516,0.17285367163848378,0.1322927908454407,0.2033932202692871,0.15860946306056015,0.15455205974567665,0.1274111455913719,0.16453374522242717,0.04647841168318043,0.03810518004031392
2254,4279.487,4242.051,4138.974,4184.615,4254.359,0.15397767463964346,0.04009582704880539,0.023159443679706113,0.23472821542048022,0.11247655736566516,0.17285367163848378,0.1322927908454407,0.2033932202692871,0.15860946306056015,0.15455205974567665,0.1274111455913719,0.16453374522242717,0.04647841168318043,0.03810518004031392
2261,4288.205,4234.872,4152.821,4195.897,4255.385,0.15397767463964346,0.04009582704880539,0.023159443679706113,0.23472821542048022,0.11247655736566516,0.17285367163848378,0.1322927908454407,0.2033932202692871,0.15860946306056015,0.15455205974567665,0.1274111455913719,0.16453374522242717,0.04647841168318043,0.03810518004031392
2268,4271.795,4248.718,4163.59,4192.821,4250.256,0.15397767463964346,0.04009582704880539,0.023159443679706113,0.23472821542048022,0.11247655736566516,0.17285367163848378,0.1322927908454407,0.2033932202692871,0.15860946306056015,0.15455205974567665,0.1274111455913719,0.16453374522242717,0.04647841168318043,0.03810518004031392
2275,4240.0,4236.923,4140.513,4184.103,4235.897,0.15397767463964346,0.04009582704880539,0.023159443679706113,0.23472821542048022,0.11247655736566516,0.17285367163848378,0.1322927908454407,0.2033932202692871,0.15860946306056015,0.15455205974567665,0.1274111455913719,0.16453374522242717,0.04647841168318043,0.03810518004031392
2282,4226.667,4207.179,4123.077,4170.769,4205.641,0.15397767463964346,0.04009582704880539,0.023159443679706113,0.23472821542048022,0.11247655736566516,0.17285367163848378,0.1322927908454407,0.2033932202692871,0.15860946306056015,0.15455205974567665,0.1274111455913719,0.16453374522242717,0.04647841168318043,0.03810518004031392
2289,4231.282,4206.154,4120.0,4161.026,4195.897,0.15397767463964346,0.04009582704880539,0.023159443679706113,0.23472821542048022,0.11247655736566516,0.17285367163848378,0.1322927908454407,0.2033932202692871,0.15860946306056015,0.15455205974567665,0.1274111455913719,0.16453374522242717,0.04647841168318043,0.03810518004031392
2296,4225.641,4211.795,4109.231,4153.846,4202.051,0.15397767463964346,0.04009582704880539,0.023159443679706113,0.23472821542048022,0.11247655736566516,0.17285367163848378,0.1322927908454407,0.2033932202692871,0.15860946306056015,0.15455205974567665,0.1274111455913719,0.16453374522242717,0.04647841168318043,0.03810518004031392
2303,4221.538,4209.231,4103.59,4142.564,4205.128,0.15397767463964346,0.04009582704880539,0.023159443679706113,0.23472821542048022,0.11247655736566516,0.17285367163848378,0.1322927908454407,0.2033932202692871,0.15860946306056015,0.15455205974567665,0.1274111455913719,0.16453374522242717,0.04647841168318043,0.03810518004031392
2310,4236.41,4210.256,4120.513,4156.923,4206.154,0.15397767463964346,0.04009582704880539,0.023159443679706113,0.23472821542048022,0.11247655736566516,0.17285367163848378,0.1322927908454407,0.2033932202692871,0.15860946306056015,0.15455205974567665,0.1274111455913719,0.16453374522242717,0.04647841168318043,0.03810518004031392
2317,4252.308,4220.0,4140.513,4190.769,4214.872,0.15397767463964346,0.04009582704880539,0.023159443679706113,0.23472821542048022,0.11247655736566516,0.17285367163848378,0.1322927908454407,0.2033932202692871,0.15860946306056015,0.15455205974567665,0.1274111455913719,0.16453374522242717,0.04647841168318043,0.03810518004031392
2324,4265.128,4229.744,4154.872,4201.538,4236.923,0.15397767463964346,0.04009582704880539,0.023159443679706113,0.23472821542048022,0.11247655736566516,0.17285367163848378,0.1322927908454407,0.2033932202692871,0.15860946306056015,0.15455205974567665,0.1274111455913719,0.16453374522242717,0.04647841168318043,0.03810518004031392
2331,4272.308,4232.821,4173.333,4188.205,4246.667,0.15397767463964346,0.04009582704880539,0.023159443679706113,0.23472821542048022,0.11247655736566516,0.17285367163848378,0.1322927908454407,0.2033932202692871,0.15860946306056015,0.15455205974567665,0.1274111455913719,0.16453374522242717,0.04647841168318043,0.03810518004031392
2338,4266.154,4240.513,4160.513,4189.744,4242.564,0.15397767463964346,0.04009582704880539,0.023159443679706113,0.23472821542048022,0.11247655736566516,0.17285367163848378,0.1322927908454407,0.2033932202692871,0.15860946306056015,0.15455205974567665,0.1274111455913719,0.16453374522242717,0.04647841168318043,0.03810518004031392
2345,4241.538,4231.282,4129.231,4186.154,4223.077,0.15397767463964346,0.04009582704880539,0.023159443679706113,0.23472821542048022,0.11247655736566516,0.17285367163848378,0.1322927908454407,0.2033932202692871,0.15860946306056015,0.15455205974567665,0.1274111455913719,0.16453374522242717,0.04647841168318043,0.03810518004031392
2352,4208.718,4212.821,4121.026,4159.487,4200.0,0.15397767463964346,0.04009582704880539,0.023159443679706113,0.23472821542048022,0.11247655736566516,0.17285367163848378,0.1322927908454407,0.2033932202692871,0.15860946306056015,0.15455205974567665,0.1274111455913719,0.16453374522242717,0.04647841168318043,0.03810518004031392
2359,4218.974,4212.308,4124.615,4151.282,4198.974,0.15397767463964346,0.04009582704880539,0.023159443679706113,0.23472821542048022,0.11247655736566516,0.17285367163848378,0.1322927908454407,0.2033932202692871,0.15860946306056015,0.15455205974567665,0.1274111455913719,0.16453374522242717,0.04647841168318043,0.03810518004031392
2366,4251.282,4219.487,4128.718,4156.923,4204.103,0.15397767463964346,0.04009582704880539,0.023159443679706113,0.23472821542048022,0.11247655736566516,0.17285367163848378,0.1322927908454407,0.2033932202692871,0.15860946306056015,0.15455205974567665,0.1274111455913719,0.16453374522242717,0.04647841168318043,0.03810518004031392
2373,4236.923,4222.564,4130.769,4162.051,4198.462,0.15397767463964346,0.04009582704880539,0.023159443679706113,0.23472821542048022,0.11247655736566516,0.17285367163848378,0.1322927908454407,0.2033932202692871,0.15860946306056015,0.15455205974567665,0.1274111455913719,0.16453374522242717,0.04647841168318043,0.03810518004031392
2380,4209.744,4225.641,4132.821,4164.103,4193.333,0.15397767463964346,0.04009582704880539,0.023159443679706113,0.23472821542048022,0.11247655736566516,0.17285367163848378,0.1322927908454407,0.2033932202692871,0.15860946306056015,0.15455205974567665,0.1274111455913719,0.16453374522242717,0.04647841168318043,0.03810518004031392
2387,4213.846,4230.769,4131.795,4146.154,4198.974,0.15397767463964346,0.04009582704880539,0.023159443679706113,0.23472821542048022,0.11247655736566516,0.17285367163848378,0.1322927908454407,0.2033932202692871,0.15860946306056015,0.15455205974567665,0.1274111455913719,0.16453374522242717,0.04647841168318043,0.03810518004031392
2394,4231.282,4217.949,4131.795,4130.256,4191.282,0.15397767463964346,0.04009582704880539,0.023159443679706113,0.23472821542048022,0.11247655736566516,0.17285367163848378,0.1322927908454407,0.2033932202692871,0.15860946306056015,0.15455205974567665,0.1274111455913719,0.16453374522242717,0.04647841168318043,0.03810518004031392
2401,4233.846,4201.538,4129.744,4125.641,4168.205,0.15397767463964346,0.04009582704880539,0.023159443679706113,0.23472821542048022,0.11247655736566516,0.17285367163848378,0.1322927908454407,0.2033932202692871,0.15860946306056015,0.15455205974567665,0.1274111455913719,0.16453374522242717,0.04647841168318043,0.03810518004031392
2408,4234.872,4216.41,4123.59,4129.231,4177.949,0.15397767463964346,0.04009582704880539,0.023159443679706113,0.23472821542048022,0.11247655736566516,0.17285367163848378,0.1322927908454407,0.2033932202692871,0.15860946306056015,0.15455205974567665,0.1274111455913719,0.16453374522242717,0.04647841168318043,0.03810518004031392
2415,4231.282,4236.923,4130.769,4126.667,4193.333,0.15397767463964346,0.04009582704880539,0.023159443679706113,0.23472821542048022,0.11247655736566516,0.17285367163848378,0.1322927908454407,0.2033932202692871,0.15860946306056015,0.15455205974567665,0.1274111455913719,0.16453374522242717,0.04647841168318043,0.03810518004031392
2422,4211.282,4231.795,4131.795,4114.359,4179.487,0.15397767463964346,0.04009582704880539,0.023159443679706113,0.23472821542048022,0.11247655736566516,0.17285367163848378,0.1322927908454407,0.2033932202692871,0.15860946306056015,0.15455205974567665,0.1274111455913719,0.16453374522242717,0.04647841168318043,0.03810518004031392
2429,4209.231,4214.872,4120.513,4120.513,4174.359,0.15397767463964346,0.04009582704880539,0.023159443679706113,0.23472821542048022,0.11247655736566516,0.17285367163848378,0.1322927908454407,0.2033932202692871,0.15860946306056015,0.15455205974567665,0.1274111455913719,0.16453374522242717,0.04647841168318043,0.03810518004031392
2436,4220.513,4191.795,4120.0,4121.026,4172.308,0.15397767463964346,0.04009582704880539,0.023159443679706113,0.23472821542048022,0.11247655736566516,0.17285367163848378,0.1322927908454407,0.2033932202692871,0.15860946306056015,0.15455205974567665,0.1274111455913719,0.16453374522242717,0.04647841168318043,0.03810518004031392
2443,4202.564,4173.846,4122.564,4087.179,4147.179,0.15397767463964346,0.04009582704880539,0.023159443679706113,0.23472821542048022,0.11247655736566516,0.17285367163848378,0.1322927908454407,0.2033932202692871,0.15860946306056015,0.15455205974567665,0.1274111455913719,0.16453374522242717,0.04647841168318043,0.03810518004031392
2450,4182.564,4182.051,4109.231,4070.769,4140.0,0.15397767463964346,0.04009582704880539,0.023159443679706113,0.23472821542048022,0.11247655736566516,0.17285367163848378,0.1322927908454407,0.2033932202692871,0.15860946306056015,0.15455205974567665,0.1274111455913719,0.16453374522242717,0.04647841168318043,0.03810518004031392
2457,4204.615,4186.667,4108.718,4105.641,4152.821,0.15397767463964346,0.04009582704880539,0.023159443679706113,0.23472821542048022,0.11247655736566516,0.17285367163848378,0.1322927908454407,0.2033932202692871,0.15860946306056015,0.15455205974567665,0.1274111455913719,0.16453374522242717,0.04647841168318043,0.03810518004031392
2464,4210.256,4188.718,4128.205,4120.0,4134.359,0.15397767463964346,0.04009582704880539,0.023159443679706113,0.23472821542048022,0.11247655736566516,0.17285367163848378,0.1322927908454407,0.2033932202692871,0.15860946306056015,0.15455205974567665,0.1274111455913719,0.16453374522242717,0.04647841168318043,0.03810518004031392
2471,4182.051,4209.744,4113.333,4103.59,4129.744,0.15397767463964346,0.04009582704880539,0.023159443679706113,0.23472821542048022,0.11247655736566516,0.17285367163848378,0.1322927908454407,0.2033932202692871,0.15860946306056015,0.15455205974567665,0.1274111455913719,0.16453374522242717,0.04647841168318043,0.03810518004031392
2478,4191.282,4200.513,4083.59,4108.718,4161.026,0.15397767463964346,0.04009582704880539,0.023159443679706113,0.23472821542048022,0.11247655736566516,0.17285367163848378,0.1322927908454407,0.2033932202692871,0.15860946306056015,0.15455205974567665,0.1274111455913719,0.16453374522242717,0.04647841168318043,0.03810518004031392
2485,4201.538,4174.359,4086.667,4109.744,4166.154,0.15397767463964346,0.04009582704880539,0.023159443679706113,0.23472821542048022,0.11247655736566516,0.17285367163848378,0.1322927908454407,0.2033932202692871,0.15860946306056015,0.15455205974567665,0.1274111455913719,0.16453374522242717,0.04647841168318043,0.03810518004031392
2492,4176.923,4201.538,4096.41,4106.667,4161.026,0.15397767463964346,0.04009582704880539,0.023159443679706113,0.23472821542048022,0.11247655736566516,0.17285367163848378,0.1322927908454407,0.2033932202692871,0.15860946306056015,0.15455205974567665,0.1274111455913719,0.16453374522242717,0.04647841168318043,0.03810518004031392
2499,4191.282,4227.692,4104.103,4130.769,4179.487,0.15397767463964346,0.04009582704880539,0.023159443679706113,0.23472821542048022,0.11247655736566516,0.17285367163848378,0.1322927908454407,0.2033932202692871,0.15860946306056015,0.15455205974567665,0.1274111455913719,0.16453374522242717,0.04647841168318043,0.03810518004031392
2506,4229.744,4209.744,4124.103,4145.641,4191.282,0.15397767463964346,0.04009582704880539,0.023159443679706113,0.23472821542048022,0.11247655736566516,0.17285367163848378,0.1322927908454407,0.2033932202692871,0.15860946306056015,0.15455205974567665,0.1274111455913719,0.16453374522242717,0.04647841168318043,0.03810518004031392
2513,4204.103,4204.103,4124.103,4115.897,4168.718,0.15397767463964346,0.04009582704880539,0.023159443679706113,0.23472821542048022,0.11247655736566516,0.17285367163848378,0.1322927908454407,0.2033932202692871,0.15860946306056015,0.15455205974567665,0.1274111455913719,0.16453374522242717,0.04647841168318043,0.03810518004031392
2520,4155.897,4189.744,4085.128,4078.974,4127.692,0.15397767463964346,0.04009582704880539,0.023159443679706113,0.23472821542048022,0.11247655736566516,0.17285367163848378,0.1322927908454407,0.2033932202692871,0.15860946306056015,0.15455205974567665,0.1274111455913719,0.16453374522242717,0.04647841168318043,0.03810518004031392
2527,4162.051,4143.077,4070.769,4073.846,4102.564,0.15397767463964346,0.04009582704880539,0.023159443679706113,0.23472821542048022,0.11247655736566516,0.17285367163848378,0.1322927908454407,0.2033932202692871,0.15860946306056015,0.15455205974567665,0.1274111455913719,0.16453374522242717,0.04647841168318043,0.03810518004031392
2534,4195.385,4154.359,4111.282,4088.718,4129.744,0.15397767463964346,0.04009582704880539,0.023159443679706113,0.23472821542048022,0.11247655736566516,0.17285367163848378,0.1322927908454407,0.2033932202692871,0.15860946306056015,0.15455205974567665,0.1274111455913719,0.16453374522242717,0.04647841168318043,0.03810518004031392
2541,4218.462,4211.282,4145.128,4115.897,4185.641,0.15397767463964346,0.04009582704880539,0.023159443679706113,0.23472821542048022,0.11247655736566516,0.17285367163848378,0.1322927908454407,0.2033932202692871,0.15860946306056015,0.15455205974567665,0.1274111455913719,0.16453374522242717,0.04647841168318043,0.03810518004031392
2548,4232.308,4222.564,4152.308,4138.462,4203.59,0.15397767463964346,0.04009582704880539,0.023159443679706113,0.23472821542048022,0.11247655736566516,0.17285367163848378,0.1322927908454407,0.2033932202692871,0.15860946306056015,0.15455205974567665,0.1274111455913719,0.16453374522242717,0.04647841168318043,0.03810518004031392
2555,4238.974,4219.487,4161.026,4153.846,4204.615,0.15397767463964346,0.04009582704880539,0.023159443679706113,0.23472821542048022,0.11247655736566516,0.17285367163848378,0.1322927908454407,0.2033932202692871,0.15860946306056015,0.15455205974567665,0.1274111455913719,0.16453374522242717,0.04647841168318043,0.03810518004031392
2562,4253.333,4249.231,4184.103,4177.436,4228.718,0.15397767463964346,0.04009582704880539,0.023159443679706113,0.23472821542048022,0.11247655736566516,0.17285367163848378,0.1322927908454407,0.2033932202692871,0.15860946306056015,0.15455205974567665,0.1274111455913719,0.16453374522242717,0.04647841168318043,0.03810518004031392
2569,4252.821,4263.077,4189.744,4178.974,4230.256,0.15397767463964346,0.04009582704880539,0.023159443679706113,0.23472821542048022,0.11247655736566516,0.17285367163848378,0.1322927908454407,0.2033932202692871,0.15860946306056015,0.15455205974567665,0.1274111455913719,0.16453374522242717,0.04647841168318043,0.03810518004031392
2576,4218.974,4218.974,4152.821,4135.897,4180.0,0.15397767463964346,0.04009582704880539,0.023159443679706113,0.23472821542048022,0.11247655736566516,0.17285367163848378,0.1322927908454407,0.2033932202692871,0.15860946306056015,0.15455205974567665,0.1274111455913719,0.16453374522242717,0.04647841168318043,0.03810518004031392
2583,4201.026,4177.436,4128.718,4111.795,4148.718,0.15397767463964346,0.04009582704880539,0.023159443679706113,0.23472821542048022,0.11247655736566516,0.17285367163848378,0.1322927908454407,0.2033932202692871,0.15860946306056015,0.15455205974567665,0.1274111455913719,0.16453374522242717,0.04647841168318043,0.03810518004031392
2590,4216.923,4198.462,4142.051,4139.487,4174.359,0.15397767463964346,0.04009582704880539,0.023159443679706113,0.23472821542048022,0.11247655736566516,0.17285367163848378,0.1322927908454407,0.2033932202692871,0.15860946306056015,0.15455205974567665,0.1274111455913719,0.16453374522242717,0.04647841168318043,0.03810518004031392
2597,4231.282,4235.385,4155.385,4163.077,4202.564,0.15397767463964346,0.04009582704880539,0.023159443679706113,0.23472821542048022,0.11247655736566516,0.17285367163848378,0.1322927908454407,0.2033932202692871,0.15860946306056015,0.15455205974567665,0.1274111455913719,0.16453374522242717,0.04647841168318043,0.03810518004031392
2604,4242.051,4233.333,4161.026,4161.538,4201.538,0.15397767463964346,0.04009582704880539,0.023159443679706113,0.23472821542048022,0.11247655736566516,0.17285367163848378,0.1322927908454407,0.2033932202692871,0.15860946306056015,0.15455205974567665,0.1274111455913719,0.16453374522242717,0.04647841168318043,0.03810518004031392
2611,4252.821,4226.154,4177.949,4161.538,4193.846,0.15397767463964346,0.04009582704880539,0.023159443679706113,0.23472821542048022,0.11247655736566516,0.17285367163848378,0.1322927908454407,0.2033932202692871,0.15860946306056015,0.15455205974567665,0.1274111455913719,0.16453374522242717,0.04647841168318043,0.03810518004031392
2618,4256.41,4250.256,4190.769,4177.436,4212.821,0.15397767463964346,0.04009582704880539,0.023159443679706113,0.23472821542048022,0.11247655736566516,0.17285367163848378,0.1322927908454407,0.2033932202692871,0.15860946306056015,0.15455205974567665,0.1274111455913719,0.16453374522242717,0.04647841168318043,0.03810518004031392
2625,4262.051,4263.077,4192.308,4198.974,4249.744,0.15397767463964346,0.04009582704880539,0.023159443679706113,0.23472821542048022,0.11247655736566516,0.17285367163848378,0.1322927908454407,0.2033932202692871,0.15860946306056015,0.15455205974567665,0.1274111455913719,0.16453374522242717,0.04647841168318043,0.03810518004031392
2632,4268.718,4267.179,4189.231,4202.051,4264.615,0.15397767463964346,0.04009582704880539,0.023159443679706113,0.23472821542048022,0.11247655736566516,0.17285367163848378,0.1322927908454407,0.2033932202692871,0.15860946306056015,0.15455205974567665,0.1274111455913719,0.16453374522242717,0.04647841168318043,0.03810518004031392
2639,4269.231,4269.744,4174.359,4191.795,4243.59,0.15397767463964346,0.04009582704880539,0.023159443679706113,0.23472821542048022,0.11247655736566516,0.17285367163848378,0.1322927908454407,0.2033932202692871,0.15860946306056015,0.15455205974567665,0.1274111455913719,0.16453374522242717,0.04647841168318043,0.03810518004031392
2646,4245.641,4241.026,4153.333,4172.308,4204.103,0.15397767463964346,0.04009582704880539,0.023159443679706113,0.23472821542048022,0.11247655736566516,0.17285367163848378,0.1322927908454407,0.2033932202692871,0.15860946306056015,0.15455205974567665,0.1274111455913719,0.16453374522242717,0.04647841168318043,0.03810518004031392
2653,4202.051,4214.359,4126.667,4149.231,4190.769,0.15397767463964346,0.04009582704880539,0.023159443679706113,0.23472821542048022,0.11247655736566516,0.17285367163848378,0.1322927908454407,0.2033932202692871,0.15860946306056015,0.15455205974567665,0.1274111455913719,0.16453374522242717,0.04647841168318043,0.03810518004031392
2660,4203.59,4213.846,4114.872,4144.103,4192.821,0.15397767463964346,0.04009582704880539,0.023159443679706113,0.23472821542048022,0.11247655736566516,0.17285367163848378,0.1322927908454407,0.2033932202692871,0.15860946306056015,0.15455205974567665,0.1274111455913719,0.16453374522242717,0.04647841168318043,0.03810518004031392
2667,4214.359,4206.667,4112.308,4137.436,4166.667,0.15397767463964346,0.04009582704880539,0.023159443679706113,0.23472821542048022,0.11247655736566516,0.17285367163848378,0.1322927908454407,0.2033932202692871,0.15860946306056015,0.15455205974567665,0.1274111455913719,0.16453374522242717,0.04647841168318043,0.03810518004031392
2674,4191.282,4202.564,4100.0,4133.846,4163.077,0.15397767463964346,0.04009582704880539,0.023159443679706113,0.23472821542048022,0.11247655736566516,0.17285367163848378,0.1322927908454407,0.2033932202692871,0.15860946306056015,0.15455205974567665,0.1274111455913719,0.16453374522242717,0.04647841168318043,0.03810518004031392
2681,4209.744,4233.333,4117.949,4153.333,4204.615,0.15397767463964346,0.04009582704880539,0.023159443679706113,0.23472821542048022,0.11247655736566516,0.17285367163848378,0.1322927908454407,0.2033932202692871,0.15860946306056015,0.15455205974567665,0.1274111455913719,0.16453374522242717,0.04647841168318043,0.03810518004031392
