timestamp,AF3,T7,Pz,T8,AF4,AF3_theta,AF3_alpha,AF3_beta,T7_theta,T7_mu,T7_beta,Pz_alpha,Pz_beta,T8_theta,T8_mu,T8_beta,AF4_theta,AF4_alpha,AF4_beta
0.0,1933.846,1825.128,1907.692,1874.872,1928.205,0.14879073174239818,0.10760899374288398,0.13975741136811864,0.14859054756828302,0.10587446162099227,0.13927070599954228,0.10316746717044223,0.13468293321032043,0.14837184982333787,0.10534579932727291,0.13871073023883407,0.14716300301635402,0.10434682988427273,0.13748579789321147
7.8125,2212.821,2078.462,2169.744,2123.077,2213.846,0.14879073174239818,0.10760899374288398,0.13975741136811864,0.14859054756828302,0.10587446162099227,0.13927070599954228,0.10316746717044223,0.13468293321032043,0.14837184982333787,0.10534579932727291,0.13871073023883407,0.14716300301635402,0.10434682988427273,0.13748579789321147
15.625,2025.128,1894.359,1972.821,1963.077,2055.385,0.14879073174239818,0.10760899374288398,0.13975741136811864,0.14859054756828302,0.10587446162099227,0.13927070599954228,0.10316746717044223,0.13468293321032043,0.14837184982333787,0.10534579932727291,0.13871073023883407,0.14716300301635402,0.10434682988427273,0.13748579789321147
23.4375,1628.718,1520.0,1591.282,1566.667,1652.821,0.14879073174239818,0.10760899374288398,0.13975741136811864,0.14859054756828302,0.10587446162099227,0.13927070599954228,0.10316746717044223,0.13468293321032043,0.14837184982333787,0.10534579932727291,0.13871073023883407,0.14716300301635402,0.10434682988427273,0.13748579789321147
31.25,1723.59,1611.282,1685.128,1650.256,1733.846,0.14879073174239818,0.10760899374288398,0.13975741136811864,0.14859054756828302,0.10587446162099227,0.13927070599954228,0.10316746717044223,0.13468293321032043,0.14837184982333787,0.10534579932727291,0.13871073023883407,0.14716300301635402,0.10434682988427273,0.13748579789321147
39.0625,1437.436,1356.923,1401.026,1407.179,1457.949,0.14879073174239818,0.10760899374288398,0.13975741136811864,0.14859054756828302,0.10587446162099227,0.13927070599954228,0.10316746717044223,0.13468293321032043,0.14837184982333787,0.10534579932727291,0.13871073023883407,0.14716300301635402,0.10434682988427273,0.13748579789321147
46.875,1341.026,1298.974,1335.897,1298.462,1346.154,0.14879073174239818,0.10760899374288398,0.13975741136811864,0.14859054756828302,0.10587446162099227,0.13927070599954228,0.10316746717044223,0.13468293321032043,0.14837184982333787,0.10534579932727291,0.13871073023883407,0.14716300301635402,0.10434682988427273,0.13748579789321147
54.6875,2368.205,2262.051,2346.667,2260.0,2351.795,0.14879073174239818,0.10760899374288398,0.13975741136811864,0.14859054756828302,0.10587446162099227,0.13927070599954228,0.10316746717044223,0.13468293321032043,0.14837184982333787,0.10534579932727291,0.13871073023883407,0.14716300301635402,0.10434682988427273,0.13748579789321147
62.5,3338.974,3156.41,3278.974,3216.923,3344.103,0.14879073174239818,0.10760899374288398,0.13975741136811864,0.14859054756828302,0.10587446162099227,0.13927070599954228,0.10316746717044223,0.13468293321032043,0.14837184982333787,0.10534579932727291,0.13871073023883407,0.14716300301635402,0.10434682988427273,0.13748579789321147
70.3125,3456.41,3292.308,3395.385,3395.385,3489.744,0.14879073174239818,0.10760899374288398,0.13975741136811864,0.14859054756828302,0.10587446162099227,0.13927070599954228,0.10316746717044223,0.13468293321032043,0.14837184982333787,0.10534579932727291,0.13871073023883407,0.14716300301635402,0.10434682988427273,0.13748579789321147
78.125,2657.436,2556.923,2624.103,2668.718,2706.154,0.14879073174239818,0.10760899374288398,0.13975741136811864,0.14859054756828302,0.10587446162099227,0.13927070599954228,0.10316746717044223,0.13468293321032043,0.14837184982333787,0.10534579932727291,0.13871073023883407,0.14716300301635402,0.10434682988427273,0.13748579789321147
85.9375,1682.051,1587.179,1681.026,1684.103,1733.333,0.14879073174239818,0.10760899374288398,0.13975741136811864,0.14859054756828302,0.10587446162099227,0.13927070599954228,0.10316746717044223,0.13468293321032043,0.14837184982333787,0.10534579932727291,0.13871073023883407,0.14716300301635402,0.10434682988427273,0.13748579789321147
93.75,1401.026,1279.487,1404.615,1358.974,1436.923,0.14879073174239818,0.10760899374288398,0.13975741136811864,0.14859054756828302,0.10587446162099227,0.13927070599954228,0.10316746717044223,0.13468293321032043,0.14837184982333787,0.10534579932727291,0.13871073023883407,0.14716300301635402,0.10434682988427273,0.13748579789321147
101.5625,1406.154,1307.692,1392.308,1380.513,1442.564,0.14879073174239818,0.10760899374288398,0.13975741136811864,0.14859054756828302,0.10587446162099227,0.13927070599954228,0.10316746717044223,0.13468293321032043,0.14837184982333787,0.10534579932727291,0.13871073023883407,0.14716300301635402,0.10434682988427273,0.13748579789321147
109.375,1088.718,1024.103,1074.359,1081.538,1133.846,0.14879073174239818,0.10760899374288398,0.13975741136811864,0.14859054756828302,0.10587446162099227,0.13927070599954228,0.10316746717044223,0.13468293321032043,0.14837184982333787,0.10534579932727291,0.13871073023883407,0.14716300301635402,0.10434682988427273,0.13748579789321147
117.1875,1416.41,1307.692,1404.103,1344.103,1444.615,0.14879073174239818,0.10760899374288398,0.13975741136811864,0.14859054756828302,0.10587446162099227,0.13927070599954228,0.10316746717044223,0.13468293321032043,0.14837184982333787,0.10534579932727291,0.13871073023883407,0.14716300301635402,0.10434682988427273,0.13748579789321147
125.0,2312.821,2152.308,2277.436,2223.59,2343.59,0.14879073174239818,0.10760899374288398,0.13975741136811864,0.14859054756828302,0.10587446162099227,0.13927070599954228,0.10316746717044223,0.13468293321032043,0.14837184982333787,0.10534579932727291,0.13871073023883407,0.14716300301635402,0.10434682988427273,0.13748579789321147
132.8125,2773.333,2624.615,2738.462,2707.692,2815.385,0.14879073174239818,0.10760899374288398,0.13975741136811864,0.14859054756828302,0.10587446162099227,0.13927070599954228,0.10316746717044223,0.13468293321032043,0.14837184982333787,0.10534579932727291,0.13871073023883407,0.14716300301635402,0.10434682988427273,0.13748579789321147
140.625,3230.769,3081.026,3200.513,3165.641,3264.615,0.14879073174239818,0.10760899374288398,0.13975741136811864,0.14859054756828302,0.10587446162099227,0.13927070599954228,0.10316746717044223,0.13468293321032043,0.14837184982333787,0.10534579932727291,0.13871073023883407,0.14716300301635402,0.10434682988427273,0.13748579789321147
148.4375,3057.949,2905.128,3023.59,3033.333,3104.103,0.14879073174239818,0.10760899374288398,0.13975741136811864,0.14859054756828302,0.10587446162099227,0.13927070599954228,0.10316746717044223,0.13468293321032043,0.14837184982333787,0.10534579932727291,0.13871073023883407,0.14716300301635402,0.10434682988427273,0.13748579789321147
156.25,2620.513,2482.051,2610.256,2585.641,2678.462,0.14879073174239818,0.10760899374288398,0.13975741136811864,0.14859054756828302,0.10587446162099227,0.13927070599954228,0.10316746717044223,0.13468293321032043,0.14837184982333787,0.10534579932727291,0.13871073023883407,0.14716300301635402,0.10434682988427273,0.13748579789321147
164.0625,3198.974,3024.103,3172.308,3114.872,3234.359,0.14879073174239818,0.10760899374288398,0.13975741136811864,0.14859054756828302,0.10587446162099227,0.13927070599954228,0.10316746717044223,0.13468293321032043,0.14837184982333787,0.10534579932727291,0.13871073023883407,0.14716300301635402,0.10434682988427273,0.13748579789321147
171.875,3297.436,3089.744,3221.538,3257.436,3332.308,0.14879073174239818,0.10760899374288398,0.13975741136811864,0.14859054756828302,0.10587446162099227,0.13927070599954228,0.10316746717044223,0.13468293321032043,0.14837184982333787,0.10534579932727291,0.13871073023883407,0.14716300301635402,0.10434682988427273,0.13748579789321147
179.6875,2253.846,2078.462,2189.231,2247.179,2308.205,0.14879073174239818,0.10760899374288398,0.13975741136811864,0.14859054756828302,0.10587446162099227,0.13927070599954228,0.10316746717044223,0.13468293321032043,0.14837184982333787,0.10534579932727291,0.13871073023883407,0.14716300301635402,0.10434682988427273,0.13748579789321147
187.5,2033.333,1877.949,1995.897,1971.795,2080.0,0.14879073174239818,0.10760899374288398,0.13975741136811864,0.14859054756828302,0.10587446162099227,0.13927070599954228,0.10316746717044223,0.13468293321032043,0.14837184982333787,0.10534579932727291,0.13871073023883407,0.14716300301635402,0.10434682988427273,0.13748579789321147
195.3125,2450.769,2267.179,2392.821,2407.692,2500.513,0.14879073174239818,0.10760899374288398,0.13975741136811864,0.14859054756828302,0.10587446162099227,0.13927070599954228,0.10316746717044223,0.13468293321032043,0.14837184982333787,0.10534579932727291,0.13871073023883407,0.14716300301635402,0.10434682988427273,0.13748579789321147
203.125,1714.359,1546.667,1659.487,1760.0,1781.026,0.14879073174239818,0.10760899374288398,0.13975741136811864,0.14859054756828302,0.10587446162099227,0.13927070599954228,0.10316746717044223,0.13468293321032043,0.14837184982333787,0.10534579932727291,0.13871073023883407,0.14716300301635402,0.10434682988427273,0.13748579789321147
210.9375,857.949,756.41,851.795,887.179,906.667,0.14879073174239818,0.10760899374288398,0.13975741136811864,0.14859054756828302,0.10587446162099227,0.13927070599954228,0.10316746717044223,0.13468293321032043,0.14837184982333787,0.10534579932727291,0.13871073023883407,0.14716300301635402,0.10434682988427273,0.13748579789321147
218.75,1095.897,997.436,1097.949,1068.205,1136.41,0.14879073174239818,0.10760899374288398,0.13975741136811864,0.14859054756828302,0.10587446162099227,0.13927070599954228,0.10316746717044223,0.13468293321032043,0.14837184982333787,0.10534579932727291,0.13871073023883407,0.14716300301635402,0.10434682988427273,0.13748579789321147
226.5625,1160.0,1029.744,1146.154,1143.59,1211.795,0.14879073174239818,0.10760899374288398,0.13975741136811864,0.14859054756828302,0.10587446162099227,0.13927070599954228,0.10316746717044223,0.13468293321032043,0.14837184982333787,0.10534579932727291,0.13871073023883407,0.14716300301635402,0.10434682988427273,0.13748579789321147
234.375,1059.487,942.564,1063.59,1037.436,1090.256,0.14879073174239818,0.10760899374288398,0.13975741136811864,0.14859054756828302,0.10587446162099227,0.13927070599954228,0.10316746717044223,0.13468293321032043,0.14837184982333787,0.10534579932727291,0.13871073023883407,0.14716300301635402,0.10434682988427273,0.13748579789321147
242.1875,2071.282,1951.282,2091.282,2009.231,2099.487,0.14879073174239818,0.10760899374288398,0.13975741136811864,0.14859054756828302,0.10587446162099227,0.13927070599954228,0.10316746717044223,0.13468293321032043,0.14837184982333787,0.10534579932727291,0.13871073023883407,0.14716300301635402,0.10434682988427273,0.13748579789321147
250.0,3540.0,3360.513,3531.795,3469.744,3593.846,0.14879073174239818,0.10760899374288398,0.13975741136811864,0.14859054756828302,0.10587446162099227,0.13927070599954228,0.10316746717044223,0.13468293321032043,0.14837184982333787,0.10534579932727291,0.13871073023883407,0.14716300301635402,0.10434682988427273,0.13748579789321147
257.8125,3903.077,3692.308,3854.872,3877.949,3963.59,0.14879073174239818,0.10760899374288398,0.13975741136811864,0.14859054756828302,0.10587446162099227,0.13927070599954228,0.10316746717044223,0.13468293321032043,0.14837184982333787,0.10534579932727291,0.13871073023883407,0.14716300301635402,0.10434682988427273,0.13748579789321147
265.625,3379.487,3198.462,3327.179,3371.795,3439.487,0.14879073174239818,0.10760899374288398,0.13975741136811864,0.14859054756828302,0.10587446162099227,0.13927070599954228,0.10316746717044223,0.13468293321032043,0.14837184982333787,0.10534579932727291,0.13871073023883407,0.14716300301635402,0.10434682988427273,0.13748579789321147
273.4375,3575.385,3416.41,3532.821,3512.821,3632.821,0.14879073174239818,0.10760899374288398,0.13975741136811864,0.14859054756828302,0.10587446162099227,0.13927070599954228,0.10316746717044223,0.13468293321032043,0.14837184982333787,0.10534579932727291,0.13871073023883407,0.14716300301635402,0.10434682988427273,0.13748579789321147
281.25,4244.615,4053.846,4168.205,4174.359,4292.821,0.14879073174239818,0.10760899374288398,0.13975741136811864,0.14859054756828302,0.10587446162099227,0.13927070599954228,0.10316746717044223,0.13468293321032043,0.14837184982333787,0.10534579932727291,0.13871073023883407,0.14716300301635402,0.10434682988427273,0.13748579789321147
289.0625,3860.513,3637.949,3759.487,3828.205,3915.897,0.14879073174239818,0.10760899374288398,0.13975741136811864,0.14859054756828302,0.10587446162099227,0.13927070599954228,0.10316746717044223,0.13468293321032043,0.14837184982333787,0.10534579932727291,0.13871073023883407,0.14716300301635402,0.10434682988427273,0.13748579789321147
296.875,3678.462,3475.897,3614.872,3597.436,3734.359,0.14879073174239818,0.10760899374288398,0.13975741136811864,0.14859054756828302,0.10587446162099227,0.13927070599954228,0.10316746717044223,0.13468293321032043,0.14837184982333787,0.10534579932727291,0.13871073023883407,0.14716300301635402,0.10434682988427273,0.13748579789321147
304.6875,4632.821,4454.359,4578.462,4514.359,4665.128,0.14879073174239818,0.10760899374288398,0.13975741136811864,0.14859054756828302,0.10587446162099227,0.13927070599954228,0.10316746717044223,0.13468293321032043,0.14837184982333787,0.10534579932727291,0.13871073023883407,0.14716300301635402,0.10434682988427273,0.13748579789321147
312.5,4508.718,4304.615,4400.0,4481.026,4554.359,0.14879073174239818,0.10760899374288398,0.13975741136811864,0.14859054756828302,0.10587446162099227,0.13927070599954228,0.10316746717044223,0.13468293321032043,0.14837184982333787,0.10534579932727291,0.13871073023883407,0.14716300301635402,0.10434682988427273,0.13748579789321147
320.3125,2250.769,2039.487,2146.667,2303.077,2328.718,0.14879073174239818,0.10760899374288398,0.13975741136811864,0.14859054756828302,0.10587446162099227,0.13927070599954228,0.10316746717044223,0.13468293321032043,0.14837184982333787,0.10534579932727291,0.13871073023883407,0.14716300301635402,0.10434682988427273,0.13748579789321147
328.125,1354.872,1200.0,1346.154,1301.538,1385.641,0.14879073174239818,0.10760899374288398,0.13975741136811864,0.14859054756828302,0.10587446162099227,0.13927070599954228,0.10316746717044223,0.13468293321032043,0.14837184982333787,0.10534579932727291,0.13871073023883407,0.14716300301635402,0.10434682988427273,0.13748579789321147
335.9375,3794.872,3649.231,3793.333,3654.359,3776.41,0.14879073174239818,0.10760899374288398,0.13975741136811864,0.14859054756828302,0.10587446162099227,0.13927070599954228,0.10316746717044223,0.13468293321032043,0.14837184982333787,0.10534579932727291,0.13871073023883407,0.14716300301635402,0.10434682988427273,0.13748579789321147
343.75,5117.436,4914.872,5025.128,5070.256,5151.282,0.14879073174239818,0.10760899374288398,0.13975741136811864,0.14859054756828302,0.10587446162099227,0.13927070599954228,0.10316746717044223,0.13468293321032043,0.14837184982333787,0.10534579932727291,0.13871073023883407,0.14716300301635402,0.10434682988427273,0.13748579789321147
351.5625,3538.462,3329.744,3447.179,3550.256,3615.897,0.14879073174239818,0.10760899374288398,0.13975741136811864,0.14859054756828302,0.10587446162099227,0.13927070599954228,0.10316746717044223,0.13468293321032043,0.14837184982333787,0.10534579932727291,0.13871073023883407,0.14716300301635402,0.10434682988427273,0.13748579789321147
359.375,2652.821,2472.308,2619.487,2611.282,2700.0,0.14879073174239818,0.10760899374288398,0.13975741136811864,0.14859054756828302,0.10587446162099227,0.13927070599954228,0.10316746717044223,0.13468293321032043,0.14837184982333787,0.10534579932727291,0.13871073023883407,0.14716300301635402,0.10434682988427273,0.13748579789321147
367.1875,3368.205,3168.205,3311.795,3281.026,3381.538,0.14879073174239818,0.10760899374288398,0.13975741136811864,0.14859054756828302,0.10587446162099227,0.13927070599954228,0.10316746717044223,0.13468293321032043,0.14837184982333787,0.10534579932727291,0.13871073023883407,0.14716300301635402,0.10434682988427273,0.13748579789321147
375.0,3781.538,3538.974,3661.538,3694.872,3788.205,0.14879073174239818,0.10760899374288398,0.13975741136811864,0.14859054756828302,0.10587446162099227,0.13927070599954228,0.10316746717044223,0.13468293321032043,0.14837184982333787,0.10534579932727291,0.13871073023883407,0.14716300301635402,0.10434682988427273,0.13748579789321147
382.8125,3250.256,2998.462,3105.641,3171.795,3265.128,0.14879073174239818,0.10760899374288398,0.13975741136811864,0.14859054756828302,0.10587446162099227,0.13927070599954228,0.10316746717044223,0.13468293321032043,0.14837184982333787,0.10534579932727291,0.13871073023883407,0.14716300301635402,0.10434682988427273,0.13748579789321147
390.625,2840.0,2600.0,2720.0,2749.744,2867.692,0.14879073174239818,0.10760899374288398,0.13975741136811864,0.14859054756828302,0.10587446162099227,0.13927070599954228,0.10316746717044223,0.13468293321032043,0.14837184982333787,0.10534579932727291,0.13871073023883407,0.14716300301635402,0.10434682988427273,0.13748579789321147
398.4375,3112.308,2887.692,3033.333,3012.308,3142.051,0.14879073174239818,0.10760899374288398,0.13975741136811864,0.14859054756828302,0.10587446162099227,0.13927070599954228,0.10316746717044223,0.13468293321032043,0.14837184982333787,0.10534579932727291,0.13871073023883407,0.14716300301635402,0.10434682988427273,0.13748579789321147
406.25,3407.692,3190.256,3332.308,3333.846,3435.385,0.14879073174239818,0.10760899374288398,0.13975741136811864,0.14859054756828302,0.10587446162099227,0.13927070599954228,0.10316746717044223,0.13468293321032043,0.14837184982333787,0.10534579932727291,0.13871073023883407,0.14716300301635402,0.10434682988427273,0.13748579789321147
414.0625,2732.308,2514.872,2629.744,2692.308,2758.974,0.14879073174239818,0.10760899374288398,0.13975741136811864,0.14859054756828302,0.10587446162099227,0.13927070599954228,0.10316746717044223,0.13468293321032043,0.14837184982333787,0.10534579932727291,0.13871073023883407,0.14716300301635402,0.10434682988427273,0.13748579789321147
421.875,2520.513,2306.667,2427.179,2429.744,2517.436,0.14879073174239818,0.10760899374288398,0.13975741136811864,0.14859054756828302,0.10587446162099227,0.13927070599954228,0.10316746717044223,0.13468293321032043,0.14837184982333787,0.10534579932727291,0.13871073023883407,0.14716300301635402,0.10434682988427273,0.13748579789321147
429.6875,3080.0,2857.436,2988.718,2997.949,3081.026,0.14879073174239818,0.10760899374288398,0.13975741136811864,0.14859054756828302,0.10587446162099227,0.13927070599954228,0.10316746717044223,0.13468293321032043,0.14837184982333787,0.10534579932727291,0.13871073023883407,0.14716300301635402,0.10434682988427273,0.13748579789321147
437.5,2648.718,2435.897,2555.385,2623.59,2684.103,0.14879073174239818,0.10760899374288398,0.13975741136811864,0.14859054756828302,0.10587446162099227,0.13927070599954228,0.10316746717044223,0.13468293321032043,0.14837184982333787,0.10534579932727291,0.13871073023883407,0.14716300301635402,0.10434682988427273,0.13748579789321147
445.3125,2340.0,2146.154,2272.308,2285.641,2363.59,0.14879073174239818,0.10760899374288398,0.13975741136811864,0.14859054756828302,0.10587446162099227,0.13927070599954228,0.10316746717044223,0.13468293321032043,0.14837184982333787,0.10534579932727291,0.13871073023883407,0.14716300301635402,0.10434682988427273,0.13748579789321147
453.125,3551.795,3348.718,3496.923,3430.256,3543.59,0.14879073174239818,0.10760899374288398,0.13975741136811864,0.14859054756828302,0.10587446162099227,0.13927070599954228,0.10316746717044223,0.13468293321032043,0.14837184982333787,0.10534579932727291,0.13871073023883407,0.14716300301635402,0.10434682988427273,0.13748579789321147
460.9375,4943.59,4731.282,4858.974,4835.385,4938.974,0.14879073174239818,0.10760899374288398,0.13975741136811864,0.14859054756828302,0.10587446162099227,0.13927070599954228,0.10316746717044223,0.13468293321032043,0.14837184982333787,0.10534579932727291,0.13871073023883407,0.14716300301635402,0.10434682988427273,0.13748579789321147
468.75,4681.538,4467.692,4556.41,4657.436,4699.487,0.14879073174239818,0.10760899374288398,0.13975741136811864,0.14859054756828302,0.10587446162099227,0.13927070599954228,0.10316746717044223,0.13468293321032043,0.14837184982333787,0.10534579932727291,0.13871073023883407,0.14716300301635402,0.10434682988427273,0.13748579789321147
476.5625,3387.692,3153.333,3264.103,3381.026,3413.846,0.14879073174239818,0.10760899374288398,0.13975741136811864,0.14859054756828302,0.10587446162099227,0.13927070599954228,0.10316746717044223,0.13468293321032043,0.14837184982333787,0.10534579932727291,0.13871073023883407,0.14716300301635402,0.10434682988427273,0.13748579789321147
484.375,2738.462,2506.667,2644.615,2701.538,2762.051,0.14879073174239818,0.10760899374288398,0.13975741136811864,0.14859054756828302,0.10587446162099227,0.13927070599954228,0.10316746717044223,0.13468293321032043,0.14837184982333787,0.10534579932727291,0.13871073023883407,0.14716300301635402,0.10434682988427273,0.13748579789321147
492.1875,2330.769,2145.128,2256.41,2288.205,2333.846,0.14879073174239818,0.10760899374288398,0.13975741136811864,0.14859054756828302,0.10587446162099227,0.13927070599954228,0.10316746717044223,0.13468293321032043,0.14837184982333787,0.10534579932727291,0.13871073023883407,0.14716300301635402,0.10434682988427273,0.13748579789321147
500.0,2213.846,2031.795,2149.231,2130.769,2194.872,0.14879073174239818,0.10760899374288398,0.13975741136811864,0.14859054756828302,0.10587446162099227,0.13927070599954228,0.10316746717044223,0.13468293321032043,0.14837184982333787,0.10534579932727291,0.13871073023883407,0.14716300301635402,0.10434682988427273,0.13748579789321147
507.8125,3173.333,2954.359,3103.077,3046.154,3165.641,0.14879073174239818,0.10760899374288398,0.13975741136811864,0.14859054756828302,0.10587446162099227,0.13927070599954228,0.10316746717044223,0.13468293321032043,0.14837184982333787,0.10534579932727291,0.13871073023883407,0.14716300301635402,0.10434682988427273,0.13748579789321147
515.625,4297.949,4072.821,4213.333,4202.564,4300.513,0.14879073174239818,0.10760899374288398,0.13975741136811864,0.14859054756828302,0.10587446162099227,0.13927070599954228,0.10316746717044223,0.13468293321032043,0.14837184982333787,0.10534579932727291,0.13871073023883407,0.14716300301635402,0.10434682988427273,0.13748579789321147
523.4375,4588.205,4369.744,4493.846,4516.923,4579.487,0.14879073174239818,0.10760899374288398,0.13975741136811864,0.14859054756828302,0.10587446162099227,0.13927070599954228,0.10316746717044223,0.13468293321032043,0.14837184982333787,0.10534579932727291,0.13871073023883407,0.14716300301635402,0.10434682988427273,0.13748579789321147
531.25,4579.487,4352.308,4465.641,4504.615,4595.897,0.14879073174239818,0.10760899374288398,0.13975741136811864,0.14859054756828302,0.10587446162099227,0.13927070599954228,0.10316746717044223,0.13468293321032043,0.14837184982333787,0.10534579932727291,0.13871073023883407,0.14716300301635402,0.10434682988427273,0.13748579789321147
539.0625,3864.615,3636.41,3731.795,3837.436,3912.308,0.14879073174239818,0.10760899374288398,0.13975741136811864,0.14859054756828302,0.10587446162099227,0.13927070599954228,0.10316746717044223,0.13468293321032043,0.14837184982333787,0.10534579932727291,0.13871073023883407,0.14716300301635402,0.10434682988427273,0.13748579789321147
546.875,2904.103,2692.308,2797.949,2871.795,2914.872,0.14879073174239818,0.10760899374288398,0.13975741136811864,0.14859054756828302,0.10587446162099227,0.13927070599954228,0.10316746717044223,0.13468293321032043,0.14837184982333787,0.10534579932727291,0.13871073023883407,0.14716300301635402,0.10434682988427273,0.13748579789321147
554.6875,3348.718,3143.59,3273.846,3245.128,3327.692,0.14879073174239818,0.10760899374288398,0.13975741136811864,0.14859054756828302,0.10587446162099227,0.13927070599954228,0.10316746717044223,0.13468293321032043,0.14837184982333787,0.10534579932727291,0.13871073023883407,0.14716300301635402,0.10434682988427273,0.13748579789321147
562.5,4857.436,4637.949,4766.154,4737.949,4850.769,0.14879073174239818,0.10760899374288398,0.13975741136811864,0.14859054756828302,0.10587446162099227,0.13927070599954228,0.10316746717044223,0.13468293321032043,0.14837184982333787,0.10534579932727291,0.13871073023883407,0.14716300301635402,0.10434682988427273,0.13748579789321147
570.3125,5374.359,5141.538,5237.949,5316.923,5392.308,0.14879073174239818,0.10760899374288398,0.13975741136811864,0.14859054756828302,0.10587446162099227,0.13927070599954228,0.10316746717044223,0.13468293321032043,0.14837184982333787,0.10534579932727291,0.13871073023883407,0.14716300301635402,0.10434682988427273,0.13748579789321147
578.125,4368.718,4155.385,4219.487,4348.718,4396.923,0.14879073174239818,0.10760899374288398,0.13975741136811864,0.14859054756828302,0.10587446162099227,0.13927070599954228,0.10316746717044223,0.13468293321032043,0.14837184982333787,0.10534579932727291,0.13871073023883407,0.14716300301635402,0.10434682988427273,0.13748579789321147
585.9375,3953.846,3757.949,3828.205,3885.641,3946.667,0.14879073174239818,0.10760899374288398,0.13975741136811864,0.14859054756828302,0.10587446162099227,0.13927070599954228,0.10316746717044223,0.13468293321032043,0.14837184982333787,0.10534579932727291,0.13871073023883407,0.14716300301635402,0.10434682988427273,0.13748579789321147
593.75,4725.128,4509.231,4592.821,4627.692,4678.974,0.14879073174239818,0.10760899374288398,0.13975741136811864,0.14859054756828302,0.10587446162099227,0.13927070599954228,0.10316746717044223,0.13468293321032043,0.14837184982333787,0.10534579932727291,0.13871073023883407,0.14716300301635402,0.10434682988427273,0.13748579789321147
601.5625,4643.077,4412.821,4477.436,4582.564,4622.051,0.14879073174239818,0.10760899374288398,0.13975741136811864,0.14859054756828302,0.10587446162099227,0.13927070599954228,0.10316746717044223,0.13468293321032043,0.14837184982333787,0.10534579932727291,0.13871073023883407,0.14716300301635402,0.10434682988427273,0.13748579789321147
609.375,3983.077,3764.615,3828.205,3914.872,3992.308,0.14879073174239818,0.10760899374288398,0.13975741136811864,0.14859054756828302,0.10587446162099227,0.13927070599954228,0.10316746717044223,0.13468293321032043,0.14837184982333787,0.10534579932727291,0.13871073023883407,0.14716300301635402,0.10434682988427273,0.13748579789321147
617.1875,4562.564,4341.026,4427.692,4454.359,4550.256,0.14879073174239818,0.10760899374288398,0.13975741136811864,0.14859054756828302,0.10587446162099227,0.13927070599954228,0.10316746717044223,0.13468293321032043,0.14837184982333787,0.10534579932727291,0.13871073023883407,0.14716300301635402,0.10434682988427273,0.13748579789321147
625.0,4977.949,4742.051,4817.436,4912.308,4962.051,0.14879073174239818,0.10760899374288398,0.13975741136811864,0.14859054756828302,0.10587446162099227,0.13927070599954228,0.10316746717044223,0.13468293321032043,0.14837184982333787,0.10534579932727291,0.13871073023883407,0.14716300301635402,0.10434682988427273,0.13748579789321147
632.8125,4063.077,3835.385,3887.179,4044.103,4070.256,0.14879073174239818,0.10760899374288398,0.13975741136811864,0.14859054756828302,0.10587446162099227,0.13927070599954228,0.10316746717044223,0.13468293321032043,0.14837184982333787,0.10534579932727291,0.13871073023883407,0.14716300301635402,0.10434682988427273,0.13748579789321147
640.625,3325.641,3121.538,3165.128,3286.154,3334.359,0.14879073174239818,0.10760899374288398,0.13975741136811864,0.14859054756828302,0.10587446162099227,0.13927070599954228,0.10316746717044223,0.13468293321032043,0.14837184982333787,0.10534579932727291,0.13871073023883407,0.14716300301635402,0.10434682988427273,0.13748579789321147
648.4375,3414.872,3228.205,3277.436,3345.128,3402.051,0.14879073174239818,0.10760899374288398,0.13975741136811864,0.14859054756828302,0.10587446162099227,0.13927070599954228,0.10316746717044223,0.13468293321032043,0.14837184982333787,0.10534579932727291,0.13871073023883407,0.14716300301635402,0.10434682988427273,0.13748579789321147
656.25,3760.513,3566.667,3626.154,3696.41,3730.256,0.14879073174239818,0.10760899374288398,0.13975741136811864,0.14859054756828302,0.10587446162099227,0.13927070599954228,0.10316746717044223,0.13468293321032043,0.14837184982333787,0.10534579932727291,0.13871073023883407,0.14716300301635402,0.10434682988427273,0.13748579789321147
664.0625,3773.333,3569.231,3613.846,3723.59,3748.718,0.14879073174239818,0.10760899374288398,0.13975741136811864,0.14859054756828302,0.10587446162099227,0.13927070599954228,0.10316746717044223,0.13468293321032043,0.14837184982333787,0.10534579932727291,0.13871073023883407,0.14716300301635402,0.10434682988427273,0.13748579789321147
671.875,3602.051,3387.692,3425.641,3524.615,3581.026,0.14879073174239818,0.10760899374288398,0.13975741136811864,0.14859054756828302,0.10587446162099227,0.13927070599954228,0.10316746717044223,0.13468293321032043,0.14837184982333787,0.10534579932727291,0.13871073023883407,0.14716300301635402,0.10434682988427273,0.13748579789321147
679.6875,3716.41,3498.974,3563.59,3612.821,3690.769,0.14879073174239818,0.10760899374288398,0.13975741136811864,0.14859054756828302,0.10587446162099227,0.13927070599954228,0.10316746717044223,0.13468293321032043,0.14837184982333787,0.10534579932727291,0.13871073023883407,0.14716300301635402,0.10434682988427273,0.13748579789321147
687.5,4083.077,3877.436,3945.641,3991.282,4054.872,0.14879073174239818,0.10760899374288398,0.13975741136811864,0.14859054756828302,0.10587446162099227,0.13927070599954228,0.10316746717044223,0.13468293321032043,0.14837184982333787,0.10534579932727291,0.13871073023883407,0.14716300301635402,0.10434682988427273,0.13748579789321147
695.3125,4056.923,3845.641,3898.974,3985.128,4021.026,0.14879073174239818,0.10760899374288398,0.13975741136811864,0.14859054756828302,0.10587446162099227,0.13927070599954228,0.10316746717044223,0.13468293321032043,0.14837184982333787,0.10534579932727291,0.13871073023883407,0.14716300301635402,0.10434682988427273,0.13748579789321147
703.125,3811.795,3575.897,3655.897,3722.564,3759.487,0.14879073174239818,0.10760899374288398,0.13975741136811864,0.14859054756828302,0.10587446162099227,0.13927070599954228,0.10316746717044223,0.13468293321032043,0.14837184982333787,0.10534579932727291,0.13871073023883407,0.14716300301635402,0.10434682988427273,0.13748579789321147
710.9375,4136.41,3895.897,3984.103,4010.769,4068.718,0.14879073174239818,0.10760899374288398,0.13975741136811864,0.14859054756828302,0.10587446162099227,0.13927070599954228,0.10316746717044223,0.13468293321032043,0.14837184982333787,0.10534579932727291,0.13871073023883407,0.14716300301635402,0.10434682988427273,0.13748579789321147
718.75,4637.436,4412.821,4454.359,4494.872,4565.128,0.14879073174239818,0.10760899374288398,0.13975741136811864,0.14859054756828302,0.10587446162099227,0.13927070599954228,0.10316746717044223,0.13468293321032043,0.14837184982333787,0.10534579932727291,0.13871073023883407,0.14716300301635402,0.10434682988427273,0.13748579789321147
726.5625,4888.718,4666.154,4691.282,4775.385,4821.538,0.14879073174239818,0.10760899374288398,0.13975741136811864,0.14859054756828302,0.10587446162099227,0.13927070599954228,0.10316746717044223,0.13468293321032043,0.14837184982333787,0.10534579932727291,0.13871073023883407,0.14716300301635402,0.10434682988427273,0.13748579789321147
734.375,4720.513,4503.59,4533.846,4661.026,4677.436,0.14879073174239818,0.10760899374288398,0.13975741136811864,0.14859054756828302,0.10587446162099227,0.13927070599954228,0.10316746717044223,0.13468293321032043,0.14837184982333787,0.10534579932727291,0.13871073023883407,0.14716300301635402,0.10434682988427273,0.13748579789321147
742.1875,4289.744,4095.385,4117.949,4205.641,4255.897,0.14879073174239818,0.10760899374288398,0.13975741136811864,0.14859054756828302,0.10587446162099227,0.13927070599954228,0.10316746717044223,0.13468293321032043,0.14837184982333787,0.10534579932727291,0.13871073023883407,0.14716300301635402,0.10434682988427273,0.13748579789321147
750.0,4463.59,4271.795,4300.513,4336.923,4413.846,0.14879073174239818,0.10760899374288398,0.13975741136811864,0.14859054756828302,0.10587446162099227,0.13927070599954228,0.10316746717044223,0.13468293321032043,0.14837184982333787,0.10534579932727291,0.13871073023883407,0.14716300301635402,0.10434682988427273,0.13748579789321147
757.8125,4670.769,4466.667,4498.462,4598.462,4622.564,0.14879073174239818,0.10760899374288398,0.13975741136811864,0.14859054756828302,0.10587446162099227,0.13927070599954228,0.10316746717044223,0.13468293321032043,0.14837184982333787,0.10534579932727291,0.13871073023883407,0.14716300301635402,0.10434682988427273,0.13748579789321147
765.625,4025.128,3823.59,3853.333,3977.949,3984.103,0.14879073174239818,0.10760899374288398,0.13975741136811864,0.14859054756828302,0.10587446162099227,0.13927070599954228,0.10316746717044223,0.13468293321032043,0.14837184982333787,0.10534579932727291,0.13871073023883407,0.14716300301635402,0.10434682988427273,0.13748579789321147
773.4375,3742.051,3550.256,3601.538,3621.026,3691.282,0.14879073174239818,0.10760899374288398,0.13975741136811864,0.14859054756828302,0.10587446162099227,0.13927070599954228,0.10316746717044223,0.13468293321032043,0.14837184982333787,0.10534579932727291,0.13871073023883407,0.14716300301635402,0.10434682988427273,0.13748579789321147
781.25,4603.59,4398.462,4461.538,4451.795,4546.154,0.14879073174239818,0.10760899374288398,0.13975741136811864,0.14859054756828302,0.10587446162099227,0.13927070599954228,0.10316746717044223,0.13468293321032043,0.14837184982333787,0.10534579932727291,0.13871073023883407,0.14716300301635402,0.10434682988427273,0.13748579789321147
789.0625,5093.846,4873.333,4909.744,4988.205,5042.564,0.14879073174239818,0.10760899374288398,0.13975741136811864,0.14859054756828302,0.10587446162099227,0.13927070599954228,0.10316746717044223,0.13468293321032043,0.14837184982333787,0.10534579932727291,0.13871073023883407,0.14716300301635402,0.10434682988427273,0.13748579789321147
796.875,4747.179,4542.051,4562.564,4664.103,4695.385,0.14879073174239818,0.10760899374288398,0.13975741136811864,0.14859054756828302,0.10587446162099227,0.13927070599954228,0.10316746717044223,0.13468293321032043,0.14837184982333787,0.10534579932727291,0.13871073023883407,0.14716300301635402,0.10434682988427273,0.13748579789321147
804.6875,4768.718,4570.769,4596.41,4682.564,4718.974,0.14879073174239818,0.10760899374288398,0.13975741136811864,0.14859054756828302,0.10587446162099227,0.13927070599954228,0.10316746717044223,0.13468293321032043,0.14837184982333787,0.10534579932727291,0.13871073023883407,0.14716300301635402,0.10434682988427273,0.13748579789321147
812.5,4895.385,4685.641,4707.179,4818.462,4863.59,0.14879073174239818,0.10760899374288398,0.13975741136811864,0.14859054756828302,0.10587446162099227,0.13927070599954228,0.10316746717044223,0.13468293321032043,0.14837184982333787,0.10534579932727291,0.13871073023883407,0.14716300301635402,0.10434682988427273,0.13748579789321147
820.3125,4613.333,4412.821,4436.41,4544.103,4585.641,0.14879073174239818,0.10760899374288398,0.13975741136811864,0.14859054756828302,0.10587446162099227,0.13927070599954228,0.10316746717044223,0.13468293321032043,0.14837184982333787,0.10534579932727291,0.13871073023883407,0.14716300301635402,0.10434682988427273,0.13748579789321147
828.125,4429.744,4245.128,4270.769,4363.077,4395.897,0.14879073174239818,0.10760899374288398,0.13975741136811864,0.14859054756828302,0.10587446162099227,0.13927070599954228,0.10316746717044223,0.13468293321032043,0.14837184982333787,0.10534579932727291,0.13871073023883407,0.14716300301635402,0.10434682988427273,0.13748579789321147
835.9375,4474.359,4291.282,4308.718,4396.923,4429.231,0.14879073174239818,0.10760899374288398,0.13975741136811864,0.14859054756828302,0.10587446162099227,0.13927070599954228,0.10316746717044223,0.13468293321032043,0.14837184982333787,0.10534579932727291,0.13871073023883407,0.14716300301635402,0.10434682988427273,0.13748579789321147
843.75,4680.0,4507.179,4521.026,4594.359,4621.026,0.14879073174239818,0.10760899374288398,0.13975741136811864,0.14859054756828302,0.10587446162099227,0.13927070599954228,0.10316746717044223,0.13468293321032043,0.14837184982333787,0.10534579932727291,0.13871073023883407,0.14716300301635402,0.10434682988427273,0.13748579789321147
851.5625,4937.949,4764.103,4780.0,4877.436,4885.641,0.14879073174239818,0.10760899374288398,0.13975741136811864,0.14859054756828302,0.10587446162099227,0.13927070599954228,0.10316746717044223,0.13468293321032043,0.14837184982333787,0.10534579932727291,0.13871073023883407,0.14716300301635402,0.10434682988427273,0.13748579789321147
859.375,4754.872,4561.538,4575.897,4726.154,4728.718,0.14879073174239818,0.10760899374288398,0.13975741136811864,0.14859054756828302,0.10587446162099227,0.13927070599954228,0.10316746717044223,0.13468293321032043,0.14837184982333787,0.10534579932727291,0.13871073023883407,0.14716300301635402,0.10434682988427273,0.13748579789321147
867.1875,4265.128,4074.359,4089.744,4227.179,4243.077,0.14879073174239818,0.10760899374288398,0.13975741136811864,0.14859054756828302,0.10587446162099227,0.13927070599954228,0.10316746717044223,0.13468293321032043,0.14837184982333787,0.10534579932727291,0.13871073023883407,0.14716300301635402,0.10434682988427273,0.13748579789321147
875.0,4205.641,4025.641,4042.051,4131.795,4168.718,0.14879073174239818,0.10760899374288398,0.13975741136811864,0.14859054756828302,0.10587446162099227,0.13927070599954228,0.10316746717044223,0.13468293321032043,0.14837184982333787,0.10534579932727291,0.13871073023883407,0.14716300301635402,0.10434682988427273,0.13748579789321147
882.8125,4392.821,4205.641,4207.179,4307.692,4350.769,0.14879073174239818,0.10760899374288398,0.13975741136811864,0.14859054756828302,0.10587446162099227,0.13927070599954228,0.10316746717044223,0.13468293321032043,0.14837184982333787,0.10534579932727291,0.13871073023883407,0.14716300301635402,0.10434682988427273,0.13748579789321147
890.625,4535.897,4361.538,4352.821,4456.923,4492.308,0.14879073174239818,0.10760899374288398,0.13975741136811864,0.14859054756828302,0.10587446162099227,0.13927070599954228,0.10316746717044223,0.13468293321032043,0.14837184982333787,0.10534579932727291,0.13871073023883407,0.14716300301635402,0.10434682988427273,0.13748579789321147
898.4375,4932.821,4776.41,4765.128,4869.231,4889.744,0.14879073174239818,0.10760899374288398,0.13975741136811864,0.14859054756828302,0.10587446162099227,0.13927070599954228,0.10316746717044223,0.13468293321032043,0.14837184982333787,0.10534579932727291,0.13871073023883407,0.14716300301635402,0.10434682988427273,0.13748579789321147
906.25,4788.718,4634.872,4607.179,4747.692,4743.59,0.14879073174239818,0.10760899374288398,0.13975741136811864,0.14859054756828302,0.10587446162099227,0.13927070599954228,0.10316746717044223,0.13468293321032043,0.14837184982333787,0.10534579932727291,0.13871073023883407,0.14716300301635402,0.10434682988427273,0.13748579789321147
914.0625,4354.359,4210.769,4176.41,4297.436,4303.077,0.14879073174239818,0.10760899374288398,0.13975741136811864,0.14859054756828302,0.10587446162099227,0.13927070599954228,0.10316746717044223,0.13468293321032043,0.14837184982333787,0.10534579932727291,0.13871073023883407,0.14716300301635402,0.10434682988427273,0.13748579789321147
921.875,4321.026,4182.564,4147.692,4277.949,4282.051,0.14879073174239818,0.10760899374288398,0.13975741136811864,0.14859054756828302,0.10587446162099227,0.13927070599954228,0.10316746717044223,0.13468293321032043,0.14837184982333787,0.10534579932727291,0.13871073023883407,0.14716300301635402,0.10434682988427273,0.13748579789321147
929.6875,3794.872,3658.974,3625.641,3797.949,3761.026,0.14879073174239818,0.10760899374288398,0.13975741136811864,0.14859054756828302,0.10587446162099227,0.13927070599954228,0.10316746717044223,0.13468293321032043,0.14837184982333787,0.10534579932727291,0.13871073023883407,0.14716300301635402,0.10434682988427273,0.13748579789321147
937.5,3227.692,3109.744,3089.744,3202.051,3191.795,0.14879073174239818,0.10760899374288398,0.13975741136811864,0.14859054756828302,0.10587446162099227,0.13927070599954228,0.10316746717044223,0.13468293321032043,0.14837184982333787,0.10534579932727291,0.13871073023883407,0.14716300301635402,0.10434682988427273,0.13748579789321147
945.3125,3460.513,3347.179,3333.333,3408.718,3449.744,0.14879073174239818,0.10760899374288398,0.13975741136811864,0.14859054756828302,0.10587446162099227,0.13927070599954228,0.10316746717044223,0.13468293321032043,0.14837184982333787,0.10534579932727291,0.13871073023883407,0.14716300301635402,0.10434682988427273,0.13748579789321147
953.125,3421.026,3310.256,3276.41,3405.641,3426.154,0.14879073174239818,0.10760899374288398,0.13975741136811864,0.14859054756828302,0.10587446162099227,0.13927070599954228,0.10316746717044223,0.13468293321032043,0.14837184982333787,0.10534579932727291,0.13871073023883407,0.14716300301635402,0.10434682988427273,0.13748579789321147
960.9375,3352.821,3263.077,3226.667,3316.41,3328.718,0.14879073174239818,0.10760899374288398,0.13975741136811864,0.14859054756828302,0.10587446162099227,0.13927070599954228,0.10316746717044223,0.13468293321032043,0.14837184982333787,0.10534579932727291,0.13871073023883407,0.14716300301635402,0.10434682988427273,0.13748579789321147
968.75,4364.103,4263.077,4249.744,4283.077,4320.0,0.14879073174239818,0.10760899374288398,0.13975741136811864,0.14859054756828302,0.10587446162099227,0.13927070599954228,0.10316746717044223,0.13468293321032043,0.14837184982333787,0.10534579932727291,0.13871073023883407,0.14716300301635402,0.10434682988427273,0.13748579789321147
976.5625,5038.462,4904.103,4886.154,4994.359,5007.179,0.14879073174239818,0.10760899374288398,0.13975741136811864,0.14859054756828302,0.10587446162099227,0.13927070599954228,0.10316746717044223,0.13468293321032043,0.14837184982333787,0.10534579932727291,0.13871073023883407,0.14716300301635402,0.10434682988427273,0.13748579789321147
984.375,4903.59,4776.923,4749.744,4865.641,4862.564,0.14879073174239818,0.10760899374288398,0.13975741136811864,0.14859054756828302,0.10587446162099227,0.13927070599954228,0.10316746717044223,0.13468293321032043,0.14837184982333787,0.10534579932727291,0.13871073023883407,0.14716300301635402,0.10434682988427273,0.13748579789321147
992.1875,5491.795,5363.59,5342.564,5408.205,5421.538,0.14879073174239818,0.10760899374288398,0.13975741136811864,0.14859054756828302,0.10587446162099227,0.13927070599954228,0.10316746717044223,0.13468293321032043,0.14837184982333787,0.10534579932727291,0.13871073023883407,0.14716300301635402,0.10434682988427273,0.13748579789321147
1000.0,6006.667,5841.538,5816.41,5933.846,5932.821,0.14879073174239818,0.10760899374288398,0.13975741136811864,0.14859054756828302,0.10587446162099227,0.13927070599954228,0.10316746717044223,0.13468293321032043,0.14837184982333787,0.10534579932727291,0.13871073023883407,0.14716300301635402,0.10434682988427273,0.13748579789321147
1007.8125,5661.538,5496.41,5457.949,5604.103,5600.0,0.14879073174239818,0.10760899374288398,0.13975741136811864,0.14859054756828302,0.10587446162099227,0.13927070599954228,0.10316746717044223,0.13468293321032043,0.14837184982333787,0.10534579932727291,0.13871073023883407,0.14716300301635402,0.10434682988427273,0.13748579789321147
1015.625,5490.256,5347.692,5301.026,5423.59,5420.0,0.14879073174239818,0.10760899374288398,0.13975741136811864,0.14859054756828302,0.10587446162099227,0.13927070599954228,0.10316746717044223,0.13468293321032043,0.14837184982333787,0.10534579932727291,0.13871073023883407,0.14716300301635402,0.10434682988427273,0.13748579789321147
1023.4375,5219.487,5086.667,5035.897,5188.718,5145.641,0.14879073174239818,0.10760899374288398,0.13975741136811864,0.14859054756828302,0.10587446162099227,0.13927070599954228,0.10316746717044223,0.13468293321032043,0.14837184982333787,0.10534579932727291,0.13871073023883407,0.14716300301635402,0.10434682988427273,0.13748579789321147
1031.25,4466.154,4356.41,4310.769,4465.641,4416.41,0.14879073174239818,0.10760899374288398,0.13975741136811864,0.14859054756828302,0.10587446162099227,0.13927070599954228,0.10316746717044223,0.13468293321032043,0.14837184982333787,0.10534579932727291,0.13871073023883407,0.14716300301635402,0.10434682988427273,0.13748579789321147
1039.0625,4376.41,4274.872,4249.744,4350.769,4337.436,0.14879073174239818,0.10760899374288398,0.13975741136811864,0.14859054756828302,0.10587446162099227,0.13927070599954228,0.10316746717044223,0.13468293321032043,0.14837184982333787,0.10534579932727291,0.13871073023883407,0.14716300301635402,0.10434682988427273,0.13748579789321147
1046.875,4700.513,4584.615,4553.333,4675.385,4650.256,0.14879073174239818,0.10760899374288398,0.13975741136811864,0.14859054756828302,0.10587446162099227,0.13927070599954228,0.10316746717044223,0.13468293321032043,0.14837184982333787,0.10534579932727291,0.13871073023883407,0.14716300301635402,0.10434682988427273,0.13748579789321147
1054.6875,4167.179,4054.359,4004.615,4165.128,4105.641,0.14879073174239818,0.10760899374288398,0.13975741136811864,0.14859054756828302,0.10587446162099227,0.13927070599954228,0.10316746717044223,0.13468293321032043,0.14837184982333787,0.10534579932727291,0.13871073023883407,0.14716300301635402,0.10434682988427273,0.13748579789321147
1062.5,3832.308,3720.0,3687.692,3779.487,3749.231,0.14879073174239818,0.10760899374288398,0.13975741136811864,0.14859054756828302,0.10587446162099227,0.13927070599954228,0.10316746717044223,0.13468293321032043,0.14837184982333787,0.10534579932727291,0.13871073023883407,0.14716300301635402,0.10434682988427273,0.13748579789321147
1070.3125,4894.359,4761.026,4751.282,4806.667,4805.128,0.14879073174239818,0.10760899374288398,0.13975741136811864,0.14859054756828302,0.10587446162099227,0.13927070599954228,0.10316746717044223,0.13468293321032043,0.14837184982333787,0.10534579932727291,0.13871073023883407,0.14716300301635402,0.10434682988427273,0.13748579789321147
1078.125,5408.718,5276.923,5244.103,5381.026,5341.538,0.14879073174239818,0.10760899374288398,0.13975741136811864,0.14859054756828302,0.10587446162099227,0.13927070599954228,0.10316746717044223,0.13468293321032043,0.14837184982333787,0.10534579932727291,0.13871073023883407,0.14716300301635402,0.10434682988427273,0.13748579789321147
1085.9375,4558.462,4436.923,4381.026,4549.744,4483.59,0.14879073174239818,0.10760899374288398,0.13975741136811864,0.14859054756828302,0.10587446162099227,0.13927070599954228,0.10316746717044223,0.13468293321032043,0.14837184982333787,0.10534579932727291,0.13871073023883407,0.14716300301635402,0.10434682988427273,0.13748579789321147
1093.75,4049.231,3923.59,3884.615,4003.59,3952.821,0.14879073174239818,0.10760899374288398,0.13975741136811864,0.14859054756828302,0.10587446162099227,0.13927070599954228,0.10316746717044223,0.13468293321032043,0.14837184982333787,0.10534579932727291,0.13871073023883407,0.14716300301635402,0.10434682988427273,0.13748579789321147
1101.5625,4316.41,4209.744,4180.0,4264.103,4236.923,0.14879073174239818,0.10760899374288398,0.13975741136811864,0.14859054756828302,0.10587446162099227,0.13927070599954228,0.10316746717044223,0.13468293321032043,0.14837184982333787,0.10534579932727291,0.13871073023883407,0.14716300301635402,0.10434682988427273,0.13748579789321147
1109.375,4464.103,4363.077,4316.41,4429.744,4404.615,0.14879073174239818,0.10760899374288398,0.13975741136811864,0.14859054756828302,0.10587446162099227,0.13927070599954228,0.10316746717044223,0.13468293321032043,0.14837184982333787,0.10534579932727291,0.13871073023883407,0.14716300301635402,0.10434682988427273,0.13748579789321147
1117.1875,4083.077,3962.051,3910.256,4056.41,4013.846,0.14879073174239818,0.10760899374288398,0.13975741136811864,0.14859054756828302,0.10587446162099227,0.13927070599954228,0.10316746717044223,0.13468293321032043,0.14837184982333787,0.10534579932727291,0.13871073023883407,0.14716300301635402,0.10434682988427273,0.13748579789321147
1125.0,3831.282,3728.205,3678.462,3796.41,3749.744,0.14879073174239818,0.10760899374288398,0.13975741136811864,0.14859054756828302,0.10587446162099227,0.13927070599954228,0.10316746717044223,0.13468293321032043,0.14837184982333787,0.10534579932727291,0.13871073023883407,0.14716300301635402,0.10434682988427273,0.13748579789321147
1132.8125,3774.359,3685.641,3626.154,3750.256,3698.974,0.14879073174239818,0.10760899374288398,0.13975741136811864,0.14859054756828302,0.10587446162099227,0.13927070599954228,0.10316746717044223,0.13468293321032043,0.14837184982333787,0.10534579932727291,0.13871073023883407,0.14716300301635402,0.10434682988427273,0.13748579789321147
1140.625,3943.077,3833.333,3790.256,3905.641,3865.128,0.14879073174239818,0.10760899374288398,0.13975741136811864,0.14859054756828302,0.10587446162099227,0.13927070599954228,0.10316746717044223,0.13468293321032043,0.14837184982333787,0.10534579932727291,0.13871073023883407,0.14716300301635402,0.10434682988427273,0.13748579789321147
1148.4375,5020.513,4912.821,4903.077,4934.359,4921.026,0.14879073174239818,0.10760899374288398,0.13975741136811864,0.14859054756828302,0.10587446162099227,0.13927070599954228,0.10316746717044223,0.13468293321032043,0.14837184982333787,0.10534579932727291,0.13871073023883407,0.14716300301635402,0.10434682988427273,0.13748579789321147
1156.25,6133.846,6042.564,6020.513,6066.154,6039.487,0.14879073174239818,0.10760899374288398,0.13975741136811864,0.14859054756828302,0.10587446162099227,0.13927070599954228,0.10316746717044223,0.13468293321032043,0.14837184982333787,0.10534579932727291,0.13871073023883407,0.14716300301635402,0.10434682988427273,0.13748579789321147
1164.0625,5469.744,5362.051,5309.231,5485.641,5418.974,0.14879073174239818,0.10760899374288398,0.13975741136811864,0.14859054756828302,0.10587446162099227,0.13927070599954228,0.10316746717044223,0.13468293321032043,0.14837184982333787,0.10534579932727291,0.13871073023883407,0.14716300301635402,0.10434682988427273,0.13748579789321147
1171.875,4300.0,4196.41,4153.333,4289.744,4252.821,0.14879073174239818,0.10760899374288398,0.13975741136811864,0.14859054756828302,0.10587446162099227,0.13927070599954228,0.10316746717044223,0.13468293321032043,0.14837184982333787,0.10534579932727291,0.13871073023883407,0.14716300301635402,0.10434682988427273,0.13748579789321147
1179.6875,5153.846,5080.0,5048.718,5053.333,5066.154,0.14879073174239818,0.10760899374288398,0.13975741136811864,0.14859054756828302,0.10587446162099227,0.13927070599954228,0.10316746717044223,0.13468293321032043,0.14837184982333787,0.10534579932727291,0.13871073023883407,0.14716300301635402,0.10434682988427273,0.13748579789321147
1187.5,6401.026,6311.795,6261.026,6334.359,6322.564,0.14879073174239818,0.10760899374288398,0.13975741136811864,0.14859054756828302,0.10587446162099227,0.13927070599954228,0.10316746717044223,0.13468293321032043,0.14837184982333787,0.10534579932727291,0.13871073023883407,0.14716300301635402,0.10434682988427273,0.13748579789321147
1195.3125,5645.641,5528.718,5465.128,5661.538,5606.154,0.14879073174239818,0.10760899374288398,0.13975741136811864,0.14859054756828302,0.10587446162099227,0.13927070599954228,0.10316746717044223,0.13468293321032043,0.14837184982333787,0.10534579932727291,0.13871073023883407,0.14716300301635402,0.10434682988427273,0.13748579789321147
1203.125,4496.923,4390.769,4337.436,4489.744,4436.41,0.14879073174239818,0.10760899374288398,0.13975741136811864,0.14859054756828302,0.10587446162099227,0.13927070599954228,0.10316746717044223,0.13468293321032043,0.14837184982333787,0.10534579932727291,0.13871073023883407,0.14716300301635402,0.10434682988427273,0.13748579789321147
1210.9375,4702.051,4606.154,4560.513,4630.256,4603.59,0.14879073174239818,0.10760899374288398,0.13975741136811864,0.14859054756828302,0.10587446162099227,0.13927070599954228,0.10316746717044223,0.13468293321032043,0.14837184982333787,0.10534579932727291,0.13871073023883407,0.14716300301635402,0.10434682988427273,0.13748579789321147
1218.75,5156.923,5056.923,5008.205,5102.564,5077.436,0.14879073174239818,0.10760899374288398,0.13975741136811864,0.14859054756828302,0.10587446162099227,0.13927070599954228,0.10316746717044223,0.13468293321032043,0.14837184982333787,0.10534579932727291,0.13871073023883407,0.14716300301635402,0.10434682988427273,0.13748579789321147
1226.5625,4834.872,4738.462,4684.615,4834.872,4777.436,0.14879073174239818,0.10760899374288398,0.13975741136811864,0.14859054756828302,0.10587446162099227,0.13927070599954228,0.10316746717044223,0.13468293321032043,0.14837184982333787,0.10534579932727291,0.13871073023883407,0.14716300301635402,0.10434682988427273,0.13748579789321147
1234.375,4470.769,4378.974,4327.692,4462.051,4396.923,0.14879073174239818,0.10760899374288398,0.13975741136811864,0.14859054756828302,0.10587446162099227,0.13927070599954228,0.10316746717044223,0.13468293321032043,0.14837184982333787,0.10534579932727291,0.13871073023883407,0.14716300301635402,0.10434682988427273,0.13748579789321147
1242.1875,4756.41,4658.974,4623.077,4701.026,4673.333,0.14879073174239818,0.10760899374288398,0.13975741136811864,0.14859054756828302,0.10587446162099227,0.13927070599954228,0.10316746717044223,0.13468293321032043,0.14837184982333787,0.10534579932727291,0.13871073023883407,0.14716300301635402,0.10434682988427273,0.13748579789321147
1250.0,5311.795,5207.692,5175.385,5257.436,5240.0,0.14879073174239818,0.10760899374288398,0.13975741136811864,0.14859054756828302,0.10587446162099227,0.13927070599954228,0.10316746717044223,0.13468293321032043,0.14837184982333787,0.10534579932727291,0.13871073023883407,0.14716300301635402,0.10434682988427273,0.13748579789321147
1257.8125,5308.718,5207.179,5158.462,5273.333,5232.308,0.14879073174239818,0.10760899374288398,0.13975741136811864,0.14859054756828302,0.10587446162099227,0.13927070599954228,0.10316746717044223,0.13468293321032043,0.14837184982333787,0.10534579932727291,0.13871073023883407,0.14716300301635402,0.10434682988427273,0.13748579789321147
1265.625,5129.744,5034.872,4979.487,5080.513,5043.59,0.14879073174239818,0.10760899374288398,0.13975741136811864,0.14859054756828302,0.10587446162099227,0.13927070599954228,0.10316746717044223,0.13468293321032043,0.14837184982333787,0.10534579932727291,0.13871073023883407,0.14716300301635402,0.10434682988427273,0.13748579789321147
1273.4375,5412.821,5311.795,5265.128,5352.821,5327.179,0.14879073174239818,0.10760899374288398,0.13975741136811864,0.14859054756828302,0.10587446162099227,0.13927070599954228,0.10316746717044223,0.13468293321032043,0.14837184982333787,0.10534579932727291,0.13871073023883407,0.14716300301635402,0.10434682988427273,0.13748579789321147
1281.25,5552.308,5436.923,5387.692,5511.795,5468.718,0.14879073174239818,0.10760899374288398,0.13975741136811864,0.14859054756828302,0.10587446162099227,0.13927070599954228,0.10316746717044223,0.13468293321032043,0.14837184982333787,0.10534579932727291,0.13871073023883407,0.14716300301635402,0.10434682988427273,0.13748579789321147
1289.0625,4932.821,4827.692,4762.564,4900.0,4850.769,0.14879073174239818,0.10760899374288398,0.13975741136811864,0.14859054756828302,0.10587446162099227,0.13927070599954228,0.10316746717044223,0.13468293321032043,0.14837184982333787,0.10534579932727291,0.13871073023883407,0.14716300301635402,0.10434682988427273,0.13748579789321147
1296.875,4738.974,4654.359,4578.974,4685.641,4650.256,0.14879073174239818,0.10760899374288398,0.13975741136811864,0.14859054756828302,0.10587446162099227,0.13927070599954228,0.10316746717044223,0.13468293321032043,0.14837184982333787,0.10534579932727291,0.13871073023883407,0.14716300301635402,0.10434682988427273,0.13748579789321147
1304.6875,4784.103,4696.923,4616.41,4766.154,4696.923,0.14879073174239818,0.10760899374288398,0.13975741136811864,0.14859054756828302,0.10587446162099227,0.13927070599954228,0.10316746717044223,0.13468293321032043,0.14837184982333787,0.10534579932727291,0.13871073023883407,0.14716300301635402,0.10434682988427273,0.13748579789321147
1312.5,3865.128,3792.308,3724.615,3890.256,3797.949,0.14879073174239818,0.10760899374288398,0.13975741136811864,0.14859054756828302,0.10587446162099227,0.13927070599954228,0.10316746717044223,0.13468293321032043,0.14837184982333787,0.10534579932727291,0.13871073023883407,0.14716300301635402,0.10434682988427273,0.13748579789321147
1320.3125,3577.436,3532.821,3481.538,3567.692,3505.641,0.14879073174239818,0.10760899374288398,0.13975741136811864,0.14859054756828302,0.10587446162099227,0.13927070599954228,0.10316746717044223,0.13468293321032043,0.14837184982333787,0.10534579932727291,0.13871073023883407,0.14716300301635402,0.10434682988427273,0.13748579789321147
1328.125,4421.538,4370.769,4305.128,4394.872,4326.667,0.14879073174239818,0.10760899374288398,0.13975741136811864,0.14859054756828302,0.10587446162099227,0.13927070599954228,0.10316746717044223,0.13468293321032043,0.14837184982333787,0.10534579932727291,0.13871073023883407,0.14716300301635402,0.10434682988427273,0.13748579789321147
1335.9375,4608.718,4545.128,4459.487,4605.641,4513.846,0.14879073174239818,0.10760899374288398,0.13975741136811864,0.14859054756828302,0.10587446162099227,0.13927070599954228,0.10316746717044223,0.13468293321032043,0.14837184982333787,0.10534579932727291,0.13871073023883407,0.14716300301635402,0.10434682988427273,0.13748579789321147
1343.75,4246.667,4187.692,4101.026,4239.487,4166.667,0.14879073174239818,0.10760899374288398,0.13975741136811864,0.14859054756828302,0.10587446162099227,0.13927070599954228,0.10316746717044223,0.13468293321032043,0.14837184982333787,0.10534579932727291,0.13871073023883407,0.14716300301635402,0.10434682988427273,0.13748579789321147
1351.5625,4303.59,4253.333,4156.41,4275.385,4228.205,0.14879073174239818,0.10760899374288398,0.13975741136811864,0.14859054756828302,0.10587446162099227,0.13927070599954228,0.10316746717044223,0.13468293321032043,0.14837184982333787,0.10534579932727291,0.13871073023883407,0.14716300301635402,0.10434682988427273,0.13748579789321147
1359.375,4292.308,4254.359,4142.051,4273.333,4227.692,0.14879073174239818,0.10760899374288398,0.13975741136811864,0.14859054756828302,0.10587446162099227,0.13927070599954228,0.10316746717044223,0.13468293321032043,0.14837184982333787,0.10534579932727291,0.13871073023883407,0.14716300301635402,0.10434682988427273,0.13748579789321147
1367.1875,4020.0,3976.923,3879.487,4007.179,3947.692,0.14879073174239818,0.10760899374288398,0.13975741136811864,0.14859054756828302,0.10587446162099227,0.13927070599954228,0.10316746717044223,0.13468293321032043,0.14837184982333787,0.10534579932727291,0.13871073023883407,0.14716300301635402,0.10434682988427273,0.13748579789321147
1375.0,4071.282,4010.769,3932.821,4057.436,3980.513,0.14879073174239818,0.10760899374288398,0.13975741136811864,0.14859054756828302,0.10587446162099227,0.13927070599954228,0.10316746717044223,0.13468293321032043,0.14837184982333787,0.10534579932727291,0.13871073023883407,0.14716300301635402,0.10434682988427273,0.13748579789321147
1382.8125,4228.205,4175.385,4094.872,4208.718,4146.667,0.14879073174239818,0.10760899374288398,0.13975741136811864,0.14859054756828302,0.10587446162099227,0.13927070599954228,0.10316746717044223,0.13468293321032043,0.14837184982333787,0.10534579932727291,0.13871073023883407,0.14716300301635402,0.10434682988427273,0.13748579789321147
1390.625,4562.564,4528.718,4441.538,4526.667,4481.026,0.14879073174239818,0.10760899374288398,0.13975741136811864,0.14859054756828302,0.10587446162099227,0.13927070599954228,0.10316746717044223,0.13468293321032043,0.14837184982333787,0.10534579932727291,0.13871073023883407,0.14716300301635402,0.10434682988427273,0.13748579789321147
1398.4375,4969.744,4922.564,4824.103,4942.564,4872.308,0.14879073174239818,0.10760899374288398,0.13975741136811864,0.14859054756828302,0.10587446162099227,0.13927070599954228,0.10316746717044223,0.13468293321032043,0.14837184982333787,0.10534579932727291,0.13871073023883407,0.14716300301635402,0.10434682988427273,0.13748579789321147
1406.25,4813.846,4751.282,4640.513,4807.179,4734.359,0.14879073174239818,0.10760899374288398,0.13975741136811864,0.14859054756828302,0.10587446162099227,0.13927070599954228,0.10316746717044223,0.13468293321032043,0.14837184982333787,0.10534579932727291,0.13871073023883407,0.14716300301635402,0.10434682988427273,0.13748579789321147
1414.0625,4430.256,4378.974,4271.282,4422.051,4378.974,0.14879073174239818,0.10760899374288398,0.13975741136811864,0.14859054756828302,0.10587446162099227,0.13927070599954228,0.10316746717044223,0.13468293321032043,0.14837184982333787,0.10534579932727291,0.13871073023883407,0.14716300301635402,0.10434682988427273,0.13748579789321147
1421.875,4432.821,4391.282,4286.154,4421.538,4367.692,0.14879073174239818,0.10760899374288398,0.13975741136811864,0.14859054756828302,0.10587446162099227,0.13927070599954228,0.10316746717044223,0.13468293321032043,0.14837184982333787,0.10534579932727291,0.13871073023883407,0.14716300301635402,0.10434682988427273,0.13748579789321147
1429.6875,4391.795,4355.385,4242.051,4390.769,4316.923,0.14879073174239818,0.10760899374288398,0.13975741136811864,0.14859054756828302,0.10587446162099227,0.13927070599954228,0.10316746717044223,0.13468293321032043,0.14837184982333787,0.10534579932727291,0.13871073023883407,0.14716300301635402,0.10434682988427273,0.13748579789321147
1437.5,4150.769,4120.513,4006.154,4140.0,4090.769,0.14879073174239818,0.10760899374288398,0.13975741136811864,0.14859054756828302,0.10587446162099227,0.13927070599954228,0.10316746717044223,0.13468293321032043,0.14837184982333787,0.10534579932727291,0.13871073023883407,0.14716300301635402,0.10434682988427273,0.13748579789321147
1445.3125,4439.487,4403.59,4304.615,4414.359,4372.821,0.14879073174239818,0.10760899374288398,0.13975741136811864,0.14859054756828302,0.10587446162099227,0.13927070599954228,0.10316746717044223,0.13468293321032043,0.14837184982333787,0.10534579932727291,0.13871073023883407,0.14716300301635402,0.10434682988427273,0.13748579789321147
1453.125,4617.436,4564.103,4468.718,4611.282,4538.974,0.14879073174239818,0.10760899374288398,0.13975741136811864,0.14859054756828302,0.10587446162099227,0.13927070599954228,0.10316746717044223,0.13468293321032043,0.14837184982333787,0.10534579932727291,0.13871073023883407,0.14716300301635402,0.10434682988427273,0.13748579789321147
1460.9375,3862.051,3806.154,3693.846,3862.051,3795.385,0.14879073174239818,0.10760899374288398,0.13975741136811864,0.14859054756828302,0.10587446162099227,0.13927070599954228,0.10316746717044223,0.13468293321032043,0.14837184982333787,0.10534579932727291,0.13871073023883407,0.14716300301635402,0.10434682988427273,0.13748579789321147
1468.75,3462.564,3417.436,3302.564,3429.231,3399.487,0.14879073174239818,0.10760899374288398,0.13975741136811864,0.14859054756828302,0.10587446162099227,0.13927070599954228,0.10316746717044223,0.13468293321032043,0.14837184982333787,0.10534579932727291,0.13871073023883407,0.14716300301635402,0.10434682988427273,0.13748579789321147
1476.5625,3916.923,3879.487,3780.0,3871.282,3841.026,0.14879073174239818,0.10760899374288398,0.13975741136811864,0.14859054756828302,0.10587446162099227,0.13927070599954228,0.10316746717044223,0.13468293321032043,0.14837184982333787,0.10534579932727291,0.13871073023883407,0.14716300301635402,0.10434682988427273,0.13748579789321147
1484.375,4085.128,4056.41,3947.179,4060.513,4016.41,0.14879073174239818,0.10760899374288398,0.13975741136811864,0.14859054756828302,0.10587446162099227,0.13927070599954228,0.10316746717044223,0.13468293321032043,0.14837184982333787,0.10534579932727291,0.13871073023883407,0.14716300301635402,0.10434682988427273,0.13748579789321147
1492.1875,3800.513,3766.154,3647.692,3775.385,3733.333,0.14879073174239818,0.10760899374288398,0.13975741136811864,0.14859054756828302,0.10587446162099227,0.13927070599954228,0.10316746717044223,0.13468293321032043,0.14837184982333787,0.10534579932727291,0.13871073023883407,0.14716300301635402,0.10434682988427273,0.13748579789321147
1500.0,3992.308,3948.718,3845.641,3941.026,3904.615,0.14879073174239818,0.10760899374288398,0.13975741136811864,0.14859054756828302,0.10587446162099227,0.13927070599954228,0.10316746717044223,0.13468293321032043,0.14837184982333787,0.10534579932727291,0.13871073023883407,0.14716300301635402,0.10434682988427273,0.13748579789321147
1507.8125,4325.641,4295.385,4171.282,4305.641,4268.205,0.14879073174239818,0.10760899374288398,0.13975741136811864,0.14859054756828302,0.10587446162099227,0.13927070599954228,0.10316746717044223,0.13468293321032043,0.14837184982333787,0.10534579932727291,0.13871073023883407,0.14716300301635402,0.10434682988427273,0.13748579789321147
1515.625,3733.333,3717.949,3557.436,3782.051,3723.077,0.14879073174239818,0.10760899374288398,0.13975741136811864,0.14859054756828302,0.10587446162099227,0.13927070599954228,0.10316746717044223,0.13468293321032043,0.14837184982333787,0.10534579932727291,0.13871073023883407,0.14716300301635402,0.10434682988427273,0.13748579789321147
1523.4375,2884.615,2866.667,2722.564,2921.026,2845.641,0.14879073174239818,0.10760899374288398,0.13975741136811864,0.14859054756828302,0.10587446162099227,0.13927070599954228,0.10316746717044223,0.13468293321032043,0.14837184982333787,0.10534579932727291,0.13871073023883407,0.14716300301635402,0.10434682988427273,0.13748579789321147
1531.25,2994.872,2982.564,2858.462,2969.744,2926.154,0.14879073174239818,0.10760899374288398,0.13975741136811864,0.14859054756828302,0.10587446162099227,0.13927070599954228,0.10316746717044223,0.13468293321032043,0.14837184982333787,0.10534579932727291,0.13871073023883407,0.14716300301635402,0.10434682988427273,0.13748579789321147
1539.0625,3756.41,3753.333,3623.077,3724.615,3716.41,0.14879073174239818,0.10760899374288398,0.13975741136811864,0.14859054756828302,0.10587446162099227,0.13927070599954228,0.10316746717044223,0.13468293321032043,0.14837184982333787,0.10534579932727291,0.13871073023883407,0.14716300301635402,0.10434682988427273,0.13748579789321147
1546.875,4052.821,4035.385,3902.564,4022.564,4005.128,0.14879073174239818,0.10760899374288398,0.13975741136811864,0.14859054756828302,0.10587446162099227,0.13927070599954228,0.10316746717044223,0.13468293321032043,0.14837184982333787,0.10534579932727291,0.13871073023883407,0.14716300301635402,0.10434682988427273,0.13748579789321147
1554.6875,4206.154,4172.821,4039.487,4131.282,4114.872,0.14879073174239818,0.10760899374288398,0.13975741136811864,0.14859054756828302,0.10587446162099227,0.13927070599954228,0.10316746717044223,0.13468293321032043,0.14837184982333787,0.10534579932727291,0.13871073023883407,0.14716300301635402,0.10434682988427273,0.13748579789321147
1562.5,5167.179,5144.615,5014.872,5064.103,5082.051,0.14879073174239818,0.10760899374288398,0.13975741136811864,0.14859054756828302,0.10587446162099227,0.13927070599954228,0.10316746717044223,0.13468293321032043,0.14837184982333787,0.10534579932727291,0.13871073023883407,0.14716300301635402,0.10434682988427273,0.13748579789321147
1570.3125,6563.59,6553.333,6446.667,6484.103,6504.103,0.14879073174239818,0.10760899374288398,0.13975741136811864,0.14859054756828302,0.10587446162099227,0.13927070599954228,0.10316746717044223,0.13468293321032043,0.14837184982333787,0.10534579932727291,0.13871073023883407,0.14716300301635402,0.10434682988427273,0.13748579789321147
1578.125,6873.846,6852.821,6742.051,6850.769,6821.538,0.14879073174239818,0.10760899374288398,0.13975741136811864,0.14859054756828302,0.10587446162099227,0.13927070599954228,0.10316746717044223,0.13468293321032043,0.14837184982333787,0.10534579932727291,0.13871073023883407,0.14716300301635402,0.10434682988427273,0.13748579789321147
1585.9375,6135.897,6107.692,5984.103,6126.667,6093.846,0.14879073174239818,0.10760899374288398,0.13975741136811864,0.14859054756828302,0.10587446162099227,0.13927070599954228,0.10316746717044223,0.13468293321032043,0.14837184982333787,0.10534579932727291,0.13871073023883407,0.14716300301635402,0.10434682988427273,0.13748579789321147
1593.75,6126.667,6104.103,5972.308,6072.821,6086.154,0.14879073174239818,0.10760899374288398,0.13975741136811864,0.14859054756828302,0.10587446162099227,0.13927070599954228,0.10316746717044223,0.13468293321032043,0.14837184982333787,0.10534579932727291,0.13871073023883407,0.14716300301635402,0.10434682988427273,0.13748579789321147
1601.5625,6868.718,6843.59,6683.59,6805.128,6812.308,0.14879073174239818,0.10760899374288398,0.13975741136811864,0.14859054756828302,0.10587446162099227,0.13927070599954228,0.10316746717044223,0.13468293321032043,0.14837184982333787,0.10534579932727291,0.13871073023883407,0.14716300301635402,0.10434682988427273,0.13748579789321147
1609.375,7298.462,7274.359,7148.718,7264.615,7245.128,0.14879073174239818,0.10760899374288398,0.13975741136811864,0.14859054756828302,0.10587446162099227,0.13927070599954228,0.10316746717044223,0.13468293321032043,0.14837184982333787,0.10534579932727291,0.13871073023883407,0.14716300301635402,0.10434682988427273,0.13748579789321147
1617.1875,7594.359,7586.154,7570.256,7575.385,7576.923,0.14879073174239818,0.10760899374288398,0.13975741136811864,0.14859054756828302,0.10587446162099227,0.13927070599954228,0.10316746717044223,0.13468293321032043,0.14837184982333787,0.10534579932727291,0.13871073023883407,0.14716300301635402,0.10434682988427273,0.13748579789321147
1625.0,7867.692,7873.333,7901.026,7864.103,7877.949,0.14879073174239818,0.10760899374288398,0.13975741136811864,0.14859054756828302,0.10587446162099227,0.13927070599954228,0.10316746717044223,0.13468293321032043,0.14837184982333787,0.10534579932727291,0.13871073023883407,0.14716300301635402,0.10434682988427273,0.13748579789321147
1632.8125,7813.333,7809.744,7790.769,7817.949,7806.667,0.14879073174239818,0.10760899374288398,0.13975741136811864,0.14859054756828302,0.10587446162099227,0.13927070599954228,0.10316746717044223,0.13468293321032043,0.14837184982333787,0.10534579932727291,0.13871073023883407,0.14716300301635402,0.10434682988427273,0.13748579789321147
1640.625,7667.179,7651.282,7595.897,7651.795,7638.462,0.14879073174239818,0.10760899374288398,0.13975741136811864,0.14859054756828302,0.10587446162099227,0.13927070599954228,0.10316746717044223,0.13468293321032043,0.14837184982333787,0.10534579932727291,0.13871073023883407,0.14716300301635402,0.10434682988427273,0.13748579789321147
1648.4375,7728.205,7718.974,7683.59,7710.256,7715.897,0.14879073174239818,0.10760899374288398,0.13975741136811864,0.14859054756828302,0.10587446162099227,0.13927070599954228,0.10316746717044223,0.13468293321032043,0.14837184982333787,0.10534579932727291,0.13871073023883407,0.14716300301635402,0.10434682988427273,0.13748579789321147
1656.25,7790.769,7792.308,7791.795,7790.769,7796.923,0.14879073174239818,0.10760899374288398,0.13975741136811864,0.14859054756828302,0.10587446162099227,0.13927070599954228,0.10316746717044223,0.13468293321032043,0.14837184982333787,0.10534579932727291,0.13871073023883407,0.14716300301635402,0.10434682988427273,0.13748579789321147
1664.0625,7787.692,7789.744,7793.846,7791.795,7788.205,0.14879073174239818,0.10760899374288398,0.13975741136811864,0.14859054756828302,0.10587446162099227,0.13927070599954228,0.10316746717044223,0.13468293321032043,0.14837184982333787,0.10534579932727291,0.13871073023883407,0.14716300301635402,0.10434682988427273,0.13748579789321147
1671.875,7775.897,7773.333,7774.872,7774.359,7773.333,0.14879073174239818,0.10760899374288398,0.13975741136811864,0.14859054756828302,0.10587446162099227,0.13927070599954228,0.10316746717044223,0.13468293321032043,0.14837184982333787,0.10534579932727291,0.13871073023883407,0.14716300301635402,0.10434682988427273,0.13748579789321147
1679.6875,7796.923,7796.41,7804.615,7799.487,7802.051,0.14879073174239818,0.10760899374288398,0.13975741136811864,0.14859054756828302,0.10587446162099227,0.13927070599954228,0.10316746717044223,0.13468293321032043,0.14837184982333787,0.10534579932727291,0.13871073023883407,0.14716300301635402,0.10434682988427273,0.13748579789321147
1687.5,7824.615,7826.154,7826.667,7822.051,7825.128,0.14879073174239818,0.10760899374288398,0.13975741136811864,0.14859054756828302,0.10587446162099227,0.13927070599954228,0.10316746717044223,0.13468293321032043,0.14837184982333787,0.10534579932727291,0.13871073023883407,0.14716300301635402,0.10434682988427273,0.13748579789321147
1695.3125,7955.385,7952.308,7975.897,7959.487,7961.538,0.14879073174239818,0.10760899374288398,0.13975741136811864,0.14859054756828302,0.10587446162099227,0.13927070599954228,0.10316746717044223,0.13468293321032043,0.14837184982333787,0.10534579932727291,0.13871073023883407,0.14716300301635402,0.10434682988427273,0.13748579789321147
1703.125,7775.385,7773.846,7772.308,7791.282,7779.487,0.14879073174239818,0.10760899374288398,0.13975741136811864,0.14859054756828302,0.10587446162099227,0.13927070599954228,0.10316746717044223,0.13468293321032043,0.14837184982333787,0.10534579932727291,0.13871073023883407,0.14716300301635402,0.10434682988427273,0.13748579789321147
1710.9375,7514.359,7525.641,7426.154,7494.359,7482.564,0.14879073174239818,0.10760899374288398,0.13975741136811864,0.14859054756828302,0.10587446162099227,0.13927070599954228,0.10316746717044223,0.13468293321032043,0.14837184982333787,0.10534579932727291,0.13871073023883407,0.14716300301635402,0.10434682988427273,0.13748579789321147
1718.75,7473.846,7483.077,7333.846,7444.615,7420.0,0.14879073174239818,0.10760899374288398,0.13975741136811864,0.14859054756828302,0.10587446162099227,0.13927070599954228,0.10316746717044223,0.13468293321032043,0.14837184982333787,0.10534579932727291,0.13871073023883407,0.14716300301635402,0.10434682988427273,0.13748579789321147
1726.5625,6418.462,6424.103,6211.282,6428.718,6359.487,0.14879073174239818,0.10760899374288398,0.13975741136811864,0.14859054756828302,0.10587446162099227,0.13927070599954228,0.10316746717044223,0.13468293321032043,0.14837184982333787,0.10534579932727291,0.13871073023883407,0.14716300301635402,0.10434682988427273,0.13748579789321147
1734.375,4620.0,4652.308,4318.974,4608.718,4543.59,0.14879073174239818,0.10760899374288398,0.13975741136811864,0.14859054756828302,0.10587446162099227,0.13927070599954228,0.10316746717044223,0.13468293321032043,0.14837184982333787,0.10534579932727291,0.13871073023883407,0.14716300301635402,0.10434682988427273,0.13748579789321147
1742.1875,4140.513,4197.436,3838.974,4058.462,4056.41,0.14879073174239818,0.10760899374288398,0.13975741136811864,0.14859054756828302,0.10587446162099227,0.13927070599954228,0.10316746717044223,0.13468293321032043,0.14837184982333787,0.10534579932727291,0.13871073023883407,0.14716300301635402,0.10434682988427273,0.13748579789321147
1750.0,4651.795,4700.0,4392.308,4569.744,4568.205,0.14879073174239818,0.10760899374288398,0.13975741136811864,0.14859054756828302,0.10587446162099227,0.13927070599954228,0.10316746717044223,0.13468293321032043,0.14837184982333787,0.10534579932727291,0.13871073023883407,0.14716300301635402,0.10434682988427273,0.13748579789321147
1757.8125,4514.359,4560.0,4244.103,4466.154,4418.974,0.14879073174239818,0.10760899374288398,0.13975741136811864,0.14859054756828302,0.10587446162099227,0.13927070599954228,0.10316746717044223,0.13468293321032043,0.14837184982333787,0.10534579932727291,0.13871073023883407,0.14716300301635402,0.10434682988427273,0.13748579789321147
1765.625,4454.359,4512.821,4188.718,4386.154,4344.615,0.14879073174239818,0.10760899374288398,0.13975741136811864,0.14859054756828302,0.10587446162099227,0.13927070599954228,0.10316746717044223,0.13468293321032043,0.14837184982333787,0.10534579932727291,0.13871073023883407,0.14716300301635402,0.10434682988427273,0.13748579789321147
1773.4375,4962.564,5019.487,4712.821,4878.462,4830.769,0.14879073174239818,0.10760899374288398,0.13975741136811864,0.14859054756828302,0.10587446162099227,0.13927070599954228,0.10316746717044223,0.13468293321032043,0.14837184982333787,0.10534579932727291,0.13871073023883407,0.14716300301635402,0.10434682988427273,0.13748579789321147
1781.25,5087.692,5130.769,4824.615,5009.744,4945.128,0.14879073174239818,0.10760899374288398,0.13975741136811864,0.14859054756828302,0.10587446162099227,0.13927070599954228,0.10316746717044223,0.13468293321032043,0.14837184982333787,0.10534579932727291,0.13871073023883407,0.14716300301635402,0.10434682988427273,0.13748579789321147
1789.0625,4733.333,4768.205,4465.128,4670.256,4627.692,0.14879073174239818,0.10760899374288398,0.13975741136811864,0.14859054756828302,0.10587446162099227,0.13927070599954228,0.10316746717044223,0.13468293321032043,0.14837184982333787,0.10534579932727291,0.13871073023883407,0.14716300301635402,0.10434682988427273,0.13748579789321147
1796.875,4427.179,4464.103,4164.103,4356.923,4328.718,0.14879073174239818,0.10760899374288398,0.13975741136811864,0.14859054756828302,0.10587446162099227,0.13927070599954228,0.10316746717044223,0.13468293321032043,0.14837184982333787,0.10534579932727291,0.13871073023883407,0.14716300301635402,0.10434682988427273,0.13748579789321147
1804.6875,4416.923,4453.333,4175.385,4351.795,4298.974,0.14879073174239818,0.10760899374288398,0.13975741136811864,0.14859054756828302,0.10587446162099227,0.13927070599954228,0.10316746717044223,0.13468293321032043,0.14837184982333787,0.10534579932727291,0.13871073023883407,0.14716300301635402,0.10434682988427273,0.13748579789321147
1812.5,3681.026,3739.487,3435.897,3677.436,3586.154,0.14879073174239818,0.10760899374288398,0.13975741136811864,0.14859054756828302,0.10587446162099227,0.13927070599954228,0.10316746717044223,0.13468293321032043,0.14837184982333787,0.10534579932727291,0.13871073023883407,0.14716300301635402,0.10434682988427273,0.13748579789321147
1820.3125,2003.59,2090.256,1751.795,2027.692,1933.846,0.14879073174239818,0.10760899374288398,0.13975741136811864,0.14859054756828302,0.10587446162099227,0.13927070599954228,0.10316746717044223,0.13468293321032043,0.14837184982333787,0.10534579932727291,0.13871073023883407,0.14716300301635402,0.10434682988427273,0.13748579789321147
1828.125,715.385,762.564,587.692,723.077,673.846,0.14879073174239818,0.10760899374288398,0.13975741136811864,0.14859054756828302,0.10587446162099227,0.13927070599954228,0.10316746717044223,0.13468293321032043,0.14837184982333787,0.10534579932727291,0.13871073023883407,0.14716300301635402,0.10434682988427273,0.13748579789321147
1835.9375,563.59,586.667,566.154,545.128,541.538,0.14879073174239818,0.10760899374288398,0.13975741136811864,0.14859054756828302,0.10587446162099227,0.13927070599954228,0.10316746717044223,0.13468293321032043,0.14837184982333787,0.10534579932727291,0.13871073023883407,0.14716300301635402,0.10434682988427273,0.13748579789321147
1843.75,1607.179,1690.256,1524.103,1541.026,1552.308,0.14879073174239818,0.10760899374288398,0.13975741136811864,0.14859054756828302,0.10587446162099227,0.13927070599954228,0.10316746717044223,0.13468293321032043,0.14837184982333787,0.10534579932727291,0.13871073023883407,0.14716300301635402,0.10434682988427273,0.13748579789321147
1851.5625,3242.564,3346.154,3013.846,3141.026,3140.513,0.14879073174239818,0.10760899374288398,0.13975741136811864,0.14859054756828302,0.10587446162099227,0.13927070599954228,0.10316746717044223,0.13468293321032043,0.14837184982333787,0.10534579932727291,0.13871073023883407,0.14716300301635402,0.10434682988427273,0.13748579789321147
1859.375,4089.231,4145.641,3852.821,4010.769,3984.615,0.14879073174239818,0.10760899374288398,0.13975741136811864,0.14859054756828302,0.10587446162099227,0.13927070599954228,0.10316746717044223,0.13468293321032043,0.14837184982333787,0.10534579932727291,0.13871073023883407,0.14716300301635402,0.10434682988427273,0.13748579789321147
1867.1875,3967.179,4021.026,3762.564,3896.41,3864.615,0.14879073174239818,0.10760899374288398,0.13975741136811864,0.14859054756828302,0.10587446162099227,0.13927070599954228,0.10316746717044223,0.13468293321032043,0.14837184982333787,0.10534579932727291,0.13871073023883407,0.14716300301635402,0.10434682988427273,0.13748579789321147
1875.0,4530.769,4594.872,4306.667,4431.282,4403.59,0.14879073174239818,0.10760899374288398,0.13975741136811864,0.14859054756828302,0.10587446162099227,0.13927070599954228,0.10316746717044223,0.13468293321032043,0.14837184982333787,0.10534579932727291,0.13871073023883407,0.14716300301635402,0.10434682988427273,0.13748579789321147
1882.8125,5338.462,5369.231,5084.615,5269.744,5213.846,0.14879073174239818,0.10760899374288398,0.13975741136811864,0.14859054756828302,0.10587446162099227,0.13927070599954228,0.10316746717044223,0.13468293321032043,0.14837184982333787,0.10534579932727291,0.13871073023883407,0.14716300301635402,0.10434682988427273,0.13748579789321147
1890.625,4974.872,4998.462,4700.0,4941.538,4875.385,0.14879073174239818,0.10760899374288398,0.13975741136811864,0.14859054756828302,0.10587446162099227,0.13927070599954228,0.10316746717044223,0.13468293321032043,0.14837184982333787,0.10534579932727291,0.13871073023883407,0.14716300301635402,0.10434682988427273,0.13748579789321147
1898.4375,4591.795,4635.897,4306.667,4529.231,4495.385,0.14879073174239818,0.10760899374288398,0.13975741136811864,0.14859054756828302,0.10587446162099227,0.13927070599954228,0.10316746717044223,0.13468293321032043,0.14837184982333787,0.10534579932727291,0.13871073023883407,0.14716300301635402,0.10434682988427273,0.13748579789321147
1906.25,5034.872,5088.718,4745.641,4967.692,4927.179,0.14879073174239818,0.10760899374288398,0.13975741136811864,0.14859054756828302,0.10587446162099227,0.13927070599954228,0.10316746717044223,0.13468293321032043,0.14837184982333787,0.10534579932727291,0.13871073023883407,0.14716300301635402,0.10434682988427273,0.13748579789321147
1914.0625,5023.59,5086.154,4720.513,4996.41,4932.821,0.14879073174239818,0.10760899374288398,0.13975741136811864,0.14859054756828302,0.10587446162099227,0.13927070599954228,0.10316746717044223,0.13468293321032043,0.14837184982333787,0.10534579932727291,0.13871073023883407,0.14716300301635402,0.10434682988427273,0.13748579789321147
1921.875,4566.154,4633.846,4267.692,4516.923,4482.564,0.14879073174239818,0.10760899374288398,0.13975741136811864,0.14859054756828302,0.10587446162099227,0.13927070599954228,0.10316746717044223,0.13468293321032043,0.14837184982333787,0.10534579932727291,0.13871073023883407,0.14716300301635402,0.10434682988427273,0.13748579789321147
1929.6875,4780.513,4842.564,4482.564,4699.487,4670.769,0.14879073174239818,0.10760899374288398,0.13975741136811864,0.14859054756828302,0.10587446162099227,0.13927070599954228,0.10316746717044223,0.13468293321032043,0.14837184982333787,0.10534579932727291,0.13871073023883407,0.14716300301635402,0.10434682988427273,0.13748579789321147
1937.5,4636.923,4707.692,4317.436,4585.128,4531.795,0.14879073174239818,0.10760899374288398,0.13975741136811864,0.14859054756828302,0.10587446162099227,0.13927070599954228,0.10316746717044223,0.13468293321032043,0.14837184982333787,0.10534579932727291,0.13871073023883407,0.14716300301635402,0.10434682988427273,0.13748579789321147
1945.3125,4614.359,4702.051,4336.923,4537.949,4519.487,0.14879073174239818,0.10760899374288398,0.13975741136811864,0.14859054756828302,0.10587446162099227,0.13927070599954228,0.10316746717044223,0.13468293321032043,0.14837184982333787,0.10534579932727291,0.13871073023883407,0.14716300301635402,0.10434682988427273,0.13748579789321147
1953.125,5687.692,5750.769,5457.949,5607.179,5605.641,0.14879073174239818,0.10760899374288398,0.13975741136811864,0.14859054756828302,0.10587446162099227,0.13927070599954228,0.10316746717044223,0.13468293321032043,0.14837184982333787,0.10534579932727291,0.13871073023883407,0.14716300301635402,0.10434682988427273,0.13748579789321147
1960.9375,5231.795,5274.359,4951.282,5243.59,5188.718,0.14879073174239818,0.10760899374288398,0.13975741136811864,0.14859054756828302,0.10587446162099227,0.13927070599954228,0.10316746717044223,0.13468293321032043,0.14837184982333787,0.10534579932727291,0.13871073023883407,0.14716300301635402,0.10434682988427273,0.13748579789321147
1968.75,3135.897,3213.333,2807.692,3149.744,3086.667,0.14879073174239818,0.10760899374288398,0.13975741136811864,0.14859054756828302,0.10587446162099227,0.13927070599954228,0.10316746717044223,0.13468293321032043,0.14837184982333787,0.10534579932727291,0.13871073023883407,0.14716300301635402,0.10434682988427273,0.13748579789321147
1976.5625,3005.641,3104.103,2710.769,2914.872,2900.513,0.14879073174239818,0.10760899374288398,0.13975741136811864,0.14859054756828302,0.10587446162099227,0.13927070599954228,0.10316746717044223,0.13468293321032043,0.14837184982333787,0.10534579932727291,0.13871073023883407,0.14716300301635402,0.10434682988427273,0.13748579789321147
1984.375,4325.128,4406.667,4048.718,4233.846,4226.154,0.14879073174239818,0.10760899374288398,0.13975741136811864,0.14859054756828302,0.10587446162099227,0.13927070599954228,0.10316746717044223,0.13468293321032043,0.14837184982333787,0.10534579932727291,0.13871073023883407,0.14716300301635402,0.10434682988427273,0.13748579789321147
1992.1875,4073.333,4155.385,3766.154,4062.564,4017.949,0.14879073174239818,0.10760899374288398,0.13975741136811864,0.14859054756828302,0.10587446162099227,0.13927070599954228,0.10316746717044223,0.13468293321032043,0.14837184982333787,0.10534579932727291,0.13871073023883407,0.14716300301635402,0.10434682988427273,0.13748579789321147
2000.0,2770.256,2866.667,2454.872,2763.59,2700.0,0.14879073174239818,0.10760899374288398,0.13975741136811864,0.14859054756828302,0.10587446162099227,0.13927070599954228,0.10316746717044223,0.13468293321032043,0.14837184982333787,0.10534579932727291,0.13871073023883407,0.14716300301635402,0.10434682988427273,0.13748579789321147
2007.8125,2693.846,2787.179,2401.026,2605.128,2593.333,0.14879073174239818,0.10760899374288398,0.13975741136811864,0.14859054756828302,0.10587446162099227,0.13927070599954228,0.10316746717044223,0.13468293321032043,0.14837184982333787,0.10534579932727291,0.13871073023883407,0.14716300301635402,0.10434682988427273,0.13748579789321147
2015.625,4017.949,4099.487,3727.179,3889.231,3936.923,0.14879073174239818,0.10760899374288398,0.13975741136811864,0.14859054756828302,0.10587446162099227,0.13927070599954228,0.10316746717044223,0.13468293321032043,0.14837184982333787,0.10534579932727291,0.13871073023883407,0.14716300301635402,0.10434682988427273,0.13748579789321147
2023.4375,4573.333,4647.692,4241.026,4514.359,4525.128,0.14879073174239818,0.10760899374288398,0.13975741136811864,0.14859054756828302,0.10587446162099227,0.13927070599954228,0.10316746717044223,0.13468293321032043,0.14837184982333787,0.10534579932727291,0.13871073023883407,0.14716300301635402,0.10434682988427273,0.13748579789321147
2031.25,3821.026,3905.128,3474.359,3777.949,3762.564,0.14879073174239818,0.10760899374288398,0.13975741136811864,0.14859054756828302,0.10587446162099227,0.13927070599954228,0.10316746717044223,0.13468293321032043,0.14837184982333787,0.10534579932727291,0.13871073023883407,0.14716300301635402,0.10434682988427273,0.13748579789321147
2039.0625,4000.0,4091.282,3692.821,3895.897,3918.462,0.14879073174239818,0.10760899374288398,0.13975741136811864,0.14859054756828302,0.10587446162099227,0.13927070599954228,0.10316746717044223,0.13468293321032043,0.14837184982333787,0.10534579932727291,0.13871073023883407,0.14716300301635402,0.10434682988427273,0.13748579789321147
2046.875,4827.692,4907.179,4532.821,4740.0,4746.667,0.14879073174239818,0.10760899374288398,0.13975741136811864,0.14859054756828302,0.10587446162099227,0.13927070599954228,0.10316746717044223,0.13468293321032043,0.14837184982333787,0.10534579932727291,0.13871073023883407,0.14716300301635402,0.10434682988427273,0.13748579789321147
2054.6875,4677.436,4755.385,4372.821,4614.872,4597.949,0.14879073174239818,0.10760899374288398,0.13975741136811864,0.14859054756828302,0.10587446162099227,0.13927070599954228,0.10316746717044223,0.13468293321032043,0.14837184982333787,0.10534579932727291,0.13871073023883407,0.14716300301635402,0.10434682988427273,0.13748579789321147
2062.5,4502.564,4596.923,4207.179,4406.667,4427.179,0.14879073174239818,0.10760899374288398,0.13975741136811864,0.14859054756828302,0.10587446162099227,0.13927070599954228,0.10316746717044223,0.13468293321032043,0.14837184982333787,0.10534579932727291,0.13871073023883407,0.14716300301635402,0.10434682988427273,0.13748579789321147
2070.3125,4636.923,4738.462,4335.385,4565.641,4585.641,0.14879073174239818,0.10760899374288398,0.13975741136811864,0.14859054756828302,0.10587446162099227,0.13927070599954228,0.10316746717044223,0.13468293321032043,0.14837184982333787,0.10534579932727291,0.13871073023883407,0.14716300301635402,0.10434682988427273,0.13748579789321147
2078.125,4135.385,4231.282,3826.667,4097.949,4092.308,0.14879073174239818,0.10760899374288398,0.13975741136811864,0.14859054756828302,0.10587446162099227,0.13927070599954228,0.10316746717044223,0.13468293321032043,0.14837184982333787,0.10534579932727291,0.13871073023883407,0.14716300301635402,0.10434682988427273,0.13748579789321147
2085.9375,4075.385,4167.692,3785.128,3994.872,3997.949,0.14879073174239818,0.10760899374288398,0.13975741136811864,0.14859054756828302,0.10587446162099227,0.13927070599954228,0.10316746717044223,0.13468293321032043,0.14837184982333787,0.10534579932727291,0.13871073023883407,0.14716300301635402,0.10434682988427273,0.13748579789321147
2093.75,4754.872,4855.897,4466.667,4674.872,4672.308,0.14879073174239818,0.10760899374288398,0.13975741136811864,0.14859054756828302,0.10587446162099227,0.13927070599954228,0.10316746717044223,0.13468293321032043,0.14837184982333787,0.10534579932727291,0.13871073023883407,0.14716300301635402,0.10434682988427273,0.13748579789321147
2101.5625,4758.462,4869.231,4462.051,4717.949,4708.718,0.14879073174239818,0.10760899374288398,0.13975741136811864,0.14859054756828302,0.10587446162099227,0.13927070599954228,0.10316746717044223,0.13468293321032043,0.14837184982333787,0.10534579932727291,0.13871073023883407,0.14716300301635402,0.10434682988427273,0.13748579789321147
2109.375,4476.923,4584.615,4197.949,4412.821,4426.154,0.14879073174239818,0.10760899374288398,0.13975741136811864,0.14859054756828302,0.10587446162099227,0.13927070599954228,0.10316746717044223,0.13468293321032043,0.14837184982333787,0.10534579932727291,0.13871073023883407,0.14716300301635402,0.10434682988427273,0.13748579789321147
2117.1875,4727.692,4846.667,4464.615,4658.462,4657.949,0.14879073174239818,0.10760899374288398,0.13975741136811864,0.14859054756828302,0.10587446162099227,0.13927070599954228,0.10316746717044223,0.13468293321032043,0.14837184982333787,0.10534579932727291,0.13871073023883407,0.14716300301635402,0.10434682988427273,0.13748579789321147
2125.0,4774.359,4915.385,4521.026,4752.821,4710.256,0.14879073174239818,0.10760899374288398,0.13975741136811864,0.14859054756828302,0.10587446162099227,0.13927070599954228,0.10316746717044223,0.13468293321032043,0.14837184982333787,0.10534579932727291,0.13871073023883407,0.14716300301635402,0.10434682988427273,0.13748579789321147
2132.8125,4220.513,4349.231,3972.308,4209.744,4165.128,0.14879073174239818,0.10760899374288398,0.13975741136811864,0.14859054756828302,0.10587446162099227,0.13927070599954228,0.10316746717044223,0.13468293321032043,0.14837184982333787,0.10534579932727291,0.13871073023883407,0.14716300301635402,0.10434682988427273,0.13748579789321147
2140.625,3682.564,3804.103,3418.974,3602.051,3601.026,0.14879073174239818,0.10760899374288398,0.13975741136811864,0.14859054756828302,0.10587446162099227,0.13927070599954228,0.10316746717044223,0.13468293321032043,0.14837184982333787,0.10534579932727291,0.13871073023883407,0.14716300301635402,0.10434682988427273,0.13748579789321147
2148.4375,4769.744,4893.846,4562.051,4619.487,4679.487,0.14879073174239818,0.10760899374288398,0.13975741136811864,0.14859054756828302,0.10587446162099227,0.13927070599954228,0.10316746717044223,0.13468293321032043,0.14837184982333787,0.10534579932727291,0.13871073023883407,0.14716300301635402,0.10434682988427273,0.13748579789321147
2156.25,6801.538,6877.436,6662.051,6709.744,6750.256,0.14879073174239818,0.10760899374288398,0.13975741136811864,0.14859054756828302,0.10587446162099227,0.13927070599954228,0.10316746717044223,0.13468293321032043,0.14837184982333787,0.10534579932727291,0.13871073023883407,0.14716300301635402,0.10434682988427273,0.13748579789321147
2164.0625,6627.179,6669.231,6416.923,6624.103,6593.333,0.14879073174239818,0.10760899374288398,0.13975741136811864,0.14859054756828302,0.10587446162099227,0.13927070599954228,0.10316746717044223,0.13468293321032043,0.14837184982333787,0.10534579932727291,0.13871073023883407,0.14716300301635402,0.10434682988427273,0.13748579789321147
2171.875,4995.385,5085.641,4708.718,4943.59,4930.256,0.14879073174239818,0.10760899374288398,0.13975741136811864,0.14859054756828302,0.10587446162099227,0.13927070599954228,0.10316746717044223,0.13468293321032043,0.14837184982333787,0.10534579932727291,0.13871073023883407,0.14716300301635402,0.10434682988427273,0.13748579789321147
2179.6875,4952.821,5082.564,4708.718,4848.205,4873.846,0.14879073174239818,0.10760899374288398,0.13975741136811864,0.14859054756828302,0.10587446162099227,0.13927070599954228,0.10316746717044223,0.13468293321032043,0.14837184982333787,0.10534579932727291,0.13871073023883407,0.14716300301635402,0.10434682988427273,0.13748579789321147
2187.5,5072.308,5185.128,4868.718,5041.538,5021.538,0.14879073174239818,0.10760899374288398,0.13975741136811864,0.14859054756828302,0.10587446162099227,0.13927070599954228,0.10316746717044223,0.13468293321032043,0.14837184982333787,0.10534579932727291,0.13871073023883407,0.14716300301635402,0.10434682988427273,0.13748579789321147
2195.3125,3823.077,3940.0,3589.231,3804.615,3763.59,0.14879073174239818,0.10760899374288398,0.13975741136811864,0.14859054756828302,0.10587446162099227,0.13927070599954228,0.10316746717044223,0.13468293321032043,0.14837184982333787,0.10534579932727291,0.13871073023883407,0.14716300301635402,0.10434682988427273,0.13748579789321147
2203.125,3967.179,4098.462,3740.0,3829.231,3866.154,0.14879073174239818,0.10760899374288398,0.13975741136811864,0.14859054756828302,0.10587446162099227,0.13927070599954228,0.10316746717044223,0.13468293321032043,0.14837184982333787,0.10534579932727291,0.13871073023883407,0.14716300301635402,0.10434682988427273,0.13748579789321147
2210.9375,6046.667,6135.385,5875.897,5903.077,5954.359,0.14879073174239818,0.10760899374288398,0.13975741136811864,0.14859054756828302,0.10587446162099227,0.13927070599954228,0.10316746717044223,0.13468293321032043,0.14837184982333787,0.10534579932727291,0.13871073023883407,0.14716300301635402,0.10434682988427273,0.13748579789321147
2218.75,6496.41,6555.385,6306.667,6481.538,6451.795,0.14879073174239818,0.10760899374288398,0.13975741136811864,0.14859054756828302,0.10587446162099227,0.13927070599954228,0.10316746717044223,0.13468293321032043,0.14837184982333787,0.10534579932727291,0.13871073023883407,0.14716300301635402,0.10434682988427273,0.13748579789321147
2226.5625,4614.872,4723.59,4350.256,4635.385,4578.974,0.14879073174239818,0.10760899374288398,0.13975741136811864,0.14859054756828302,0.10587446162099227,0.13927070599954228,0.10316746717044223,0.13468293321032043,0.14837184982333787,0.10534579932727291,0.13871073023883407,0.14716300301635402,0.10434682988427273,0.13748579789321147
2234.375,3591.282,3741.538,3331.282,3494.872,3506.154,0.14879073174239818,0.10760899374288398,0.13975741136811864,0.14859054756828302,0.10587446162099227,0.13927070599954228,0.10316746717044223,0.13468293321032043,0.14837184982333787,0.10534579932727291,0.13871073023883407,0.14716300301635402,0.10434682988427273,0.13748579789321147
2242.1875,4397.949,4525.641,4185.128,4250.769,4305.641,0.14879073174239818,0.10760899374288398,0.13975741136811864,0.14859054756828302,0.10587446162099227,0.13927070599954228,0.10316746717044223,0.13468293321032043,0.14837184982333787,0.10534579932727291,0.13871073023883407,0.14716300301635402,0.10434682988427273,0.13748579789321147
2250.0,4609.744,4741.026,4388.718,4516.41,4551.282,0.14879073174239818,0.10760899374288398,0.13975741136811864,0.14859054756828302,0.10587446162099227,0.13927070599954228,0.10316746717044223,0.13468293321032043,0.14837184982333787,0.10534579932727291,0.13871073023883407,0.14716300301635402,0.10434682988427273,0.13748579789321147
2257.8125,4207.179,4365.641,3981.538,4142.051,4159.487,0.14879073174239818,0.10760899374288398,0.13975741136811864,0.14859054756828302,0.10587446162099227,0.13927070599954228,0.10316746717044223,0.13468293321032043,0.14837184982333787,0.10534579932727291,0.13871073023883407,0.14716300301635402,0.10434682988427273,0.13748579789321147
2265.625,4208.205,4354.872,4005.128,4139.487,4154.872,0.14879073174239818,0.10760899374288398,0.13975741136811864,0.14859054756828302,0.10587446162099227,0.13927070599954228,0.10316746717044223,0.13468293321032043,0.14837184982333787,0.10534579932727291,0.13871073023883407,0.14716300301635402,0.10434682988427273,0.13748579789321147
2273.4375,4674.359,4810.769,4466.667,4566.667,4595.385,0.14879073174239818,0.10760899374288398,0.13975741136811864,0.14859054756828302,0.10587446162099227,0.13927070599954228,0.10316746717044223,0.13468293321032043,0.14837184982333787,0.10534579932727291,0.13871073023883407,0.14716300301635402,0.10434682988427273,0.13748579789321147
2281.25,5463.59,5590.769,5233.846,5339.487,5366.667,0.14879073174239818,0.10760899374288398,0.13975741136811864,0.14859054756828302,0.10587446162099227,0.13927070599954228,0.10316746717044223,0.13468293321032043,0.14837184982333787,0.10534579932727291,0.13871073023883407,0.14716300301635402,0.10434682988427273,0.13748579789321147
2289.0625,5672.308,5781.026,5425.128,5595.897,5594.872,0.14879073174239818,0.10760899374288398,0.13975741136811864,0.14859054756828302,0.10587446162099227,0.13927070599954228,0.10316746717044223,0.13468293321032043,0.14837184982333787,0.10534579932727291,0.13871073023883407,0.14716300301635402,0.10434682988427273,0.13748579789321147
2296.875,5064.615,5187.179,4827.179,5016.923,5011.282,0.14879073174239818,0.10760899374288398,0.13975741136811864,0.14859054756828302,0.10587446162099227,0.13927070599954228,0.10316746717044223,0.13468293321032043,0.14837184982333787,0.10534579932727291,0.13871073023883407,0.14716300301635402,0.10434682988427273,0.13748579789321147
2304.6875,4552.308,4698.462,4335.897,4482.564,4489.744,0.14879073174239818,0.10760899374288398,0.13975741136811864,0.14859054756828302,0.10587446162099227,0.13927070599954228,0.10316746717044223,0.13468293321032043,0.14837184982333787,0.10534579932727291,0.13871073023883407,0.14716300301635402,0.10434682988427273,0.13748579789321147
2312.5,4301.026,4445.128,4081.026,4225.128,4235.897,0.14879073174239818,0.10760899374288398,0.13975741136811864,0.14859054756828302,0.10587446162099227,0.13927070599954228,0.10316746717044223,0.13468293321032043,0.14837184982333787,0.10534579932727291,0.13871073023883407,0.14716300301635402,0.10434682988427273,0.13748579789321147
2320.3125,4072.308,4216.923,3855.385,4007.692,4016.41,0.14879073174239818,0.10760899374288398,0.13975741136811864,0.14859054756828302,0.10587446162099227,0.13927070599954228,0.10316746717044223,0.13468293321032043,0.14837184982333787,0.10534579932727291,0.13871073023883407,0.14716300301635402,0.10434682988427273,0.13748579789321147
2328.125,4160.513,4318.462,3958.462,4090.256,4101.026,0.14879073174239818,0.10760899374288398,0.13975741136811864,0.14859054756828302,0.10587446162099227,0.13927070599954228,0.10316746717044223,0.13468293321032043,0.14837184982333787,0.10534579932727291,0.13871073023883407,0.14716300301635402,0.10434682988427273,0.13748579789321147
2335.9375,4021.538,4168.718,3809.231,3952.308,3974.359,0.14879073174239818,0.10760899374288398,0.13975741136811864,0.14859054756828302,0.10587446162099227,0.13927070599954228,0.10316746717044223,0.13468293321032043,0.14837184982333787,0.10534579932727291,0.13871073023883407,0.14716300301635402,0.10434682988427273,0.13748579789321147
2343.75,3641.538,3768.718,3429.744,3560.513,3603.59,0.14879073174239818,0.10760899374288398,0.13975741136811864,0.14859054756828302,0.10587446162099227,0.13927070599954228,0.10316746717044223,0.13468293321032043,0.14837184982333787,0.10534579932727291,0.13871073023883407,0.14716300301635402,0.10434682988427273,0.13748579789321147
2351.5625,3816.923,3947.179,3625.128,3728.718,3758.974,0.14879073174239818,0.10760899374288398,0.13975741136811864,0.14859054756828302,0.10587446162099227,0.13927070599954228,0.10316746717044223,0.13468293321032043,0.14837184982333787,0.10534579932727291,0.13871073023883407,0.14716300301635402,0.10434682988427273,0.13748579789321147
2359.375,4126.154,4270.256,3943.59,4035.897,4050.256,0.14879073174239818,0.10760899374288398,0.13975741136811864,0.14859054756828302,0.10587446162099227,0.13927070599954228,0.10316746717044223,0.13468293321032043,0.14837184982333787,0.10534579932727291,0.13871073023883407,0.14716300301635402,0.10434682988427273,0.13748579789321147
2367.1875,4304.615,4444.615,4115.385,4205.641,4228.205,0.14879073174239818,0.10760899374288398,0.13975741136811864,0.14859054756828302,0.10587446162099227,0.13927070599954228,0.10316746717044223,0.13468293321032043,0.14837184982333787,0.10534579932727291,0.13871073023883407,0.14716300301635402,0.10434682988427273,0.13748579789321147
2375.0,4231.795,4369.744,4046.667,4143.59,4167.692,0.14879073174239818,0.10760899374288398,0.13975741136811864,0.14859054756828302,0.10587446162099227,0.13927070599954228,0.10316746717044223,0.13468293321032043,0.14837184982333787,0.10534579932727291,0.13871073023883407,0.14716300301635402,0.10434682988427273,0.13748579789321147
2382.8125,4077.949,4229.744,3903.59,3990.256,4034.359,0.14879073174239818,0.10760899374288398,0.13975741136811864,0.14859054756828302,0.10587446162099227,0.13927070599954228,0.10316746717044223,0.13468293321032043,0.14837184982333787,0.10534579932727291,0.13871073023883407,0.14716300301635402,0.10434682988427273,0.13748579789321147
2390.625,4294.872,4437.949,4109.744,4189.744,4249.744,0.14879073174239818,0.10760899374288398,0.13975741136811864,0.14859054756828302,0.10587446162099227,0.13927070599954228,0.10316746717044223,0.13468293321032043,0.14837184982333787,0.10534579932727291,0.13871073023883407,0.14716300301635402,0.10434682988427273,0.13748579789321147
2398.4375,4647.692,4760.0,4438.462,4550.256,4580.0,0.14879073174239818,0.10760899374288398,0.13975741136811864,0.14859054756828302,0.10587446162099227,0.13927070599954228,0.10316746717044223,0.13468293321032043,0.14837184982333787,0.10534579932727291,0.13871073023883407,0.14716300301635402,0.10434682988427273,0.13748579789321147
2406.25,4163.077,4278.974,3945.641,4102.051,4112.821,0.14879073174239818,0.10760899374288398,0.13975741136811864,0.14859054756828302,0.10587446162099227,0.13927070599954228,0.10316746717044223,0.13468293321032043,0.14837184982333787,0.10534579932727291,0.13871073023883407,0.14716300301635402,0.10434682988427273,0.13748579789321147
2414.0625,3436.923,3574.872,3242.564,3370.256,3400.0,0.14879073174239818,0.10760899374288398,0.13975741136811864,0.14859054756828302,0.10587446162099227,0.13927070599954228,0.10316746717044223,0.13468293321032043,0.14837184982333787,0.10534579932727291,0.13871073023883407,0.14716300301635402,0.10434682988427273,0.13748579789321147
2421.875,3507.692,3642.564,3330.256,3417.949,3440.513,0.14879073174239818,0.10760899374288398,0.13975741136811864,0.14859054756828302,0.10587446162099227,0.13927070599954228,0.10316746717044223,0.13468293321032043,0.14837184982333787,0.10534579932727291,0.13871073023883407,0.14716300301635402,0.10434682988427273,0.13748579789321147
2429.6875,3370.256,3508.718,3188.718,3283.077,3300.0,0.14879073174239818,0.10760899374288398,0.13975741136811864,0.14859054756828302,0.10587446162099227,0.13927070599954228,0.10316746717044223,0.13468293321032043,0.14837184982333787,0.10534579932727291,0.13871073023883407,0.14716300301635402,0.10434682988427273,0.13748579789321147
2437.5,2835.385,3001.026,2660.513,2749.231,2787.692,0.14879073174239818,0.10760899374288398,0.13975741136811864,0.14859054756828302,0.10587446162099227,0.13927070599954228,0.10316746717044223,0.13468293321032043,0.14837184982333787,0.10534579932727291,0.13871073023883407,0.14716300301635402,0.10434682988427273,0.13748579789321147
2445.3125,2858.462,3032.821,2701.538,2775.385,2815.385,0.14879073174239818,0.10760899374288398,0.13975741136811864,0.14859054756828302,0.10587446162099227,0.13927070599954228,0.10316746717044223,0.13468293321032043,0.14837184982333787,0.10534579932727291,0.13871073023883407,0.14716300301635402,0.10434682988427273,0.13748579789321147
2453.125,3156.923,3324.615,3009.744,3075.897,3118.974,0.14879073174239818,0.10760899374288398,0.13975741136811864,0.14859054756828302,0.10587446162099227,0.13927070599954228,0.10316746717044223,0.13468293321032043,0.14837184982333787,0.10534579932727291,0.13871073023883407,0.14716300301635402,0.10434682988427273,0.13748579789321147
2460.9375,3075.385,3239.487,2926.667,2999.487,3041.538,0.14879073174239818,0.10760899374288398,0.13975741136811864,0.14859054756828302,0.10587446162099227,0.13927070599954228,0.10316746717044223,0.13468293321032043,0.14837184982333787,0.10534579932727291,0.13871073023883407,0.14716300301635402,0.10434682988427273,0.13748579789321147
2468.75,2505.128,2666.667,2355.897,2462.051,2470.769,0.14879073174239818,0.10760899374288398,0.13975741136811864,0.14859054756828302,0.10587446162099227,0.13927070599954228,0.10316746717044223,0.13468293321032043,0.14837184982333787,0.10534579932727291,0.13871073023883407,0.14716300301635402,0.10434682988427273,0.13748579789321147
2476.5625,2024.615,2192.308,1892.821,1974.872,1985.641,0.14879073174239818,0.10760899374288398,0.13975741136811864,0.14859054756828302,0.10587446162099227,0.13927070599954228,0.10316746717044223,0.13468293321032043,0.14837184982333787,0.10534579932727291,0.13871073023883407,0.14716300301635402,0.10434682988427273,0.13748579789321147
2484.375,2560.513,2731.795,2448.205,2459.487,2501.026,0.14879073174239818,0.10760899374288398,0.13975741136811864,0.14859054756828302,0.10587446162099227,0.13927070599954228,0.10316746717044223,0.13468293321032043,0.14837184982333787,0.10534579932727291,0.13871073023883407,0.14716300301635402,0.10434682988427273,0.13748579789321147
2492.1875,3519.487,3681.538,3392.821,3432.308,3457.949,0.14879073174239818,0.10760899374288398,0.13975741136811864,0.14859054756828302,0.10587446162099227,0.13927070599954228,0.10316746717044223,0.13468293321032043,0.14837184982333787,0.10534579932727291,0.13871073023883407,0.14716300301635402,0.10434682988427273,0.13748579789321147
2500.0,3617.436,3785.128,3471.795,3571.795,3576.923,0.14879073174239818,0.10760899374288398,0.13975741136811864,0.14859054756828302,0.10587446162099227,0.13927070599954228,0.10316746717044223,0.13468293321032043,0.14837184982333787,0.10534579932727291,0.13871073023883407,0.14716300301635402,0.10434682988427273,0.13748579789321147
2507.8125,3276.41,3447.692,3123.59,3213.333,3236.923,0.14879073174239818,0.10760899374288398,0.13975741136811864,0.14859054756828302,0.10587446162099227,0.13927070599954228,0.10316746717044223,0.13468293321032043,0.14837184982333787,0.10534579932727291,0.13871073023883407,0.14716300301635402,0.10434682988427273,0.13748579789321147
2515.625,3175.897,3329.231,3020.0,3078.974,3117.436,0.14879073174239818,0.10760899374288398,0.13975741136811864,0.14859054756828302,0.10587446162099227,0.13927070599954228,0.10316746717044223,0.13468293321032043,0.14837184982333787,0.10534579932727291,0.13871073023883407,0.14716300301635402,0.10434682988427273,0.13748579789321147
2523.4375,3382.564,3527.692,3247.179,3267.692,3298.462,0.14879073174239818,0.10760899374288398,0.13975741136811864,0.14859054756828302,0.10587446162099227,0.13927070599954228,0.10316746717044223,0.13468293321032043,0.14837184982333787,0.10534579932727291,0.13871073023883407,0.14716300301635402,0.10434682988427273,0.13748579789321147
2531.25,3823.077,3984.615,3704.615,3717.436,3738.462,0.14879073174239818,0.10760899374288398,0.13975741136811864,0.14859054756828302,0.10587446162099227,0.13927070599954228,0.10316746717044223,0.13468293321032043,0.14837184982333787,0.10534579932727291,0.13871073023883407,0.14716300301635402,0.10434682988427273,0.13748579789321147
2539.0625,3938.974,4114.359,3815.385,3865.128,3888.205,0.14879073174239818,0.10760899374288398,0.13975741136811864,0.14859054756828302,0.10587446162099227,0.13927070599954228,0.10316746717044223,0.13468293321032043,0.14837184982333787,0.10534579932727291,0.13871073023883407,0.14716300301635402,0.10434682988427273,0.13748579789321147
2546.875,3730.256,3915.385,3607.692,3664.103,3693.846,0.14879073174239818,0.10760899374288398,0.13975741136811864,0.14859054756828302,0.10587446162099227,0.13927070599954228,0.10316746717044223,0.13468293321032043,0.14837184982333787,0.10534579932727291,0.13871073023883407,0.14716300301635402,0.10434682988427273,0.13748579789321147
2554.6875,3807.692,3995.385,3681.538,3736.41,3767.692,0.14879073174239818,0.10760899374288398,0.13975741136811864,0.14859054756828302,0.10587446162099227,0.13927070599954228,0.10316746717044223,0.13468293321032043,0.14837184982333787,0.10534579932727291,0.13871073023883407,0.14716300301635402,0.10434682988427273,0.13748579789321147
2562.5,4006.154,4161.538,3850.769,3940.0,3965.641,0.14879073174239818,0.10760899374288398,0.13975741136811864,0.14859054756828302,0.10587446162099227,0.13927070599954228,0.10316746717044223,0.13468293321032043,0.14837184982333787,0.10534579932727291,0.13871073023883407,0.14716300301635402,0.10434682988427273,0.13748579789321147
2570.3125,3868.718,3984.103,3685.641,3789.231,3813.846,0.14879073174239818,0.10760899374288398,0.13975741136811864,0.14859054756828302,0.10587446162099227,0.13927070599954228,0.10316746717044223,0.13468293321032043,0.14837184982333787,0.10534579932727291,0.13871073023883407,0.14716300301635402,0.10434682988427273,0.13748579789321147
2578.125,3592.821,3707.692,3419.487,3489.231,3526.154,0.14879073174239818,0.10760899374288398,0.13975741136811864,0.14859054756828302,0.10587446162099227,0.13927070599954228,0.10316746717044223,0.13468293321032043,0.14837184982333787,0.10534579932727291,0.13871073023883407,0.14716300301635402,0.10434682988427273,0.13748579789321147
2585.9375,3654.872,3773.846,3507.692,3538.974,3590.769,0.14879073174239818,0.10760899374288398,0.13975741136811864,0.14859054756828302,0.10587446162099227,0.13927070599954228,0.10316746717044223,0.13468293321032043,0.14837184982333787,0.10534579932727291,0.13871073023883407,0.14716300301635402,0.10434682988427273,0.13748579789321147
2593.75,3783.077,3877.436,3632.821,3676.41,3712.308,0.14879073174239818,0.10760899374288398,0.13975741136811864,0.14859054756828302,0.10587446162099227,0.13927070599954228,0.10316746717044223,0.13468293321032043,0.14837184982333787,0.10534579932727291,0.13871073023883407,0.14716300301635402,0.10434682988427273,0.13748579789321147
2601.5625,3453.846,3547.692,3288.205,3366.154,3381.026,0.14879073174239818,0.10760899374288398,0.13975741136811864,0.14859054756828302,0.10587446162099227,0.13927070599954228,0.10316746717044223,0.13468293321032043,0.14837184982333787,0.10534579932727291,0.13871073023883407,0.14716300301635402,0.10434682988427273,0.13748579789321147
2609.375,2977.436,3109.744,2828.718,2905.641,2923.59,0.14879073174239818,0.10760899374288398,0.13975741136811864,0.14859054756828302,0.10587446162099227,0.13927070599954228,0.10316746717044223,0.13468293321032043,0.14837184982333787,0.10534579932727291,0.13871073023883407,0.14716300301635402,0.10434682988427273,0.13748579789321147
2617.1875,2706.667,2856.41,2573.846,2638.462,2668.205,0.14879073174239818,0.10760899374288398,0.13975741136811864,0.14859054756828302,0.10587446162099227,0.13927070599954228,0.10316746717044223,0.13468293321032043,0.14837184982333787,0.10534579932727291,0.13871073023883407,0.14716300301635402,0.10434682988427273,0.13748579789321147
2625.0,2515.897,2664.615,2380.513,2442.564,2482.051,0.14879073174239818,0.10760899374288398,0.13975741136811864,0.14859054756828302,0.10587446162099227,0.13927070599954228,0.10316746717044223,0.13468293321032043,0.14837184982333787,0.10534579932727291,0.13871073023883407,0.14716300301635402,0.10434682988427273,0.13748579789321147
2632.8125,2748.205,2901.538,2630.256,2647.179,2706.154,0.14879073174239818,0.10760899374288398,0.13975741136811864,0.14859054756828302,0.10587446162099227,0.13927070599954228,0.10316746717044223,0.13468293321032043,0.14837184982333787,0.10534579932727291,0.13871073023883407,0.14716300301635402,0.10434682988427273,0.13748579789321147
2640.625,3722.564,3863.077,3616.41,3587.179,3666.154,0.14879073174239818,0.10760899374288398,0.13975741136811864,0.14859054756828302,0.10587446162099227,0.13927070599954228,0.10316746717044223,0.13468293321032043,0.14837184982333787,0.10534579932727291,0.13871073023883407,0.14716300301635402,0.10434682988427273,0.13748579789321147
2648.4375,4222.564,4342.051,4094.872,4110.769,4173.333,0.14879073174239818,0.10760899374288398,0.13975741136811864,0.14859054756828302,0.10587446162099227,0.13927070599954228,0.10316746717044223,0.13468293321032043,0.14837184982333787,0.10534579932727291,0.13871073023883407,0.14716300301635402,0.10434682988427273,0.13748579789321147
2656.25,3652.308,3780.513,3521.538,3586.154,3629.744,0.14879073174239818,0.10760899374288398,0.13975741136811864,0.14859054756828302,0.10587446162099227,0.13927070599954228,0.10316746717044223,0.13468293321032043,0.14837184982333787,0.10534579932727291,0.13871073023883407,0.14716300301635402,0.10434682988427273,0.13748579789321147
2664.0625,3367.179,3496.41,3245.128,3288.718,3355.897,0.14879073174239818,0.10760899374288398,0.13975741136811864,0.14859054756828302,0.10587446162099227,0.13927070599954228,0.10316746717044223,0.13468293321032043,0.14837184982333787,0.10534579932727291,0.13871073023883407,0.14716300301635402,0.10434682988427273,0.13748579789321147
2671.875,3691.282,3801.538,3565.641,3587.692,3674.872,0.14879073174239818,0.10760899374288398,0.13975741136811864,0.14859054756828302,0.10587446162099227,0.13927070599954228,0.10316746717044223,0.13468293321032043,0.14837184982333787,0.10534579932727291,0.13871073023883407,0.14716300301635402,0.10434682988427273,0.13748579789321147
2679.6875,3740.0,3849.744,3620.513,3643.59,3709.231,0.14879073174239818,0.10760899374288398,0.13975741136811864,0.14859054756828302,0.10587446162099227,0.13927070599954228,0.10316746717044223,0.13468293321032043,0.14837184982333787,0.10534579932727291,0.13871073023883407,0.14716300301635402,0.10434682988427273,0.13748579789321147
2687.5,3728.205,3850.256,3615.897,3631.795,3679.487,0.14879073174239818,0.10760899374288398,0.13975741136811864,0.14859054756828302,0.10587446162099227,0.13927070599954228,0.10316746717044223,0.13468293321032043,0.14837184982333787,0.10534579932727291,0.13871073023883407,0.14716300301635402,0.10434682988427273,0.13748579789321147
2695.3125,4016.923,4148.205,3889.744,3916.41,3981.538,0.14879073174239818,0.10760899374288398,0.13975741136811864,0.14859054756828302,0.10587446162099227,0.13927070599954228,0.10316746717044223,0.13468293321032043,0.14837184982333787,0.10534579932727291,0.13871073023883407,0.14716300301635402,0.10434682988427273,0.13748579789321147
2703.125,3912.821,4049.744,3768.718,3837.436,3902.051,0.14879073174239818,0.10760899374288398,0.13975741136811864,0.14859054756828302,0.10587446162099227,0.13927070599954228,0.10316746717044223,0.13468293321032043,0.14837184982333787,0.10534579932727291,0.13871073023883407,0.14716300301635402,0.10434682988427273,0.13748579789321147
2710.9375,3261.026,3398.462,3128.718,3197.436,3245.641,0.14879073174239818,0.10760899374288398,0.13975741136811864,0.14859054756828302,0.10587446162099227,0.13927070599954228,0.10316746717044223,0.13468293321032043,0.14837184982333787,0.10534579932727291,0.13871073023883407,0.14716300301635402,0.10434682988427273,0.13748579789321147
2718.75,3207.179,3336.923,3115.385,3101.538,3178.462,0.14879073174239818,0.10760899374288398,0.13975741136811864,0.14859054756828302,0.10587446162099227,0.13927070599954228,0.10316746717044223,0.13468293321032043,0.14837184982333787,0.10534579932727291,0.13871073023883407,0.14716300301635402,0.10434682988427273,0.13748579789321147
2726.5625,3678.462,3808.718,3589.231,3566.667,3658.462,0.14879073174239818,0.10760899374288398,0.13975741136811864,0.14859054756828302,0.10587446162099227,0.13927070599954228,0.10316746717044223,0.13468293321032043,0.14837184982333787,0.10534579932727291,0.13871073023883407,0.14716300301635402,0.10434682988427273,0.13748579789321147
2734.375,3583.077,3731.282,3460.513,3474.872,3557.949,0.14879073174239818,0.10760899374288398,0.13975741136811864,0.14859054756828302,0.10587446162099227,0.13927070599954228,0.10316746717044223,0.13468293321032043,0.14837184982333787,0.10534579932727291,0.13871073023883407,0.14716300301635402,0.10434682988427273,0.13748579789321147
2742.1875,4214.872,4352.821,4122.051,4061.026,4167.692,0.14879073174239818,0.10760899374288398,0.13975741136811864,0.14859054756828302,0.10587446162099227,0.13927070599954228,0.10316746717044223,0.13468293321032043,0.14837184982333787,0.10534579932727291,0.13871073023883407,0.14716300301635402,0.10434682988427273,0.13748579789321147
2750.0,5825.641,5905.128,5749.231,5714.872,5791.795,0.14879073174239818,0.10760899374288398,0.13975741136811864,0.14859054756828302,0.10587446162099227,0.13927070599954228,0.10316746717044223,0.13468293321032043,0.14837184982333787,0.10534579932727291,0.13871073023883407,0.14716300301635402,0.10434682988427273,0.13748579789321147
2757.8125,5237.949,5293.333,5090.769,5237.949,5225.128,0.14879073174239818,0.10760899374288398,0.13975741136811864,0.14859054756828302,0.10587446162099227,0.13927070599954228,0.10316746717044223,0.13468293321032043,0.14837184982333787,0.10534579932727291,0.13871073023883407,0.14716300301635402,0.10434682988427273,0.13748579789321147
2765.625,3194.872,3311.795,3051.282,3150.769,3165.128,0.14879073174239818,0.10760899374288398,0.13975741136811864,0.14859054756828302,0.10587446162099227,0.13927070599954228,0.10316746717044223,0.13468293321032043,0.14837184982333787,0.10534579932727291,0.13871073023883407,0.14716300301635402,0.10434682988427273,0.13748579789321147
2773.4375,3377.436,3534.872,3308.718,3242.051,3336.923,0.14879073174239818,0.10760899374288398,0.13975741136811864,0.14859054756828302,0.10587446162099227,0.13927070599954228,0.10316746717044223,0.13468293321032043,0.14837184982333787,0.10534579932727291,0.13871073023883407,0.14716300301635402,0.10434682988427273,0.13748579789321147
2781.25,4300.0,4430.256,4230.256,4208.205,4279.487,0.14879073174239818,0.10760899374288398,0.13975741136811864,0.14859054756828302,0.10587446162099227,0.13927070599954228,0.10316746717044223,0.13468293321032043,0.14837184982333787,0.10534579932727291,0.13871073023883407,0.14716300301635402,0.10434682988427273,0.13748579789321147
2789.0625,3897.436,4012.821,3807.692,3828.205,3876.923,0.14879073174239818,0.10760899374288398,0.13975741136811864,0.14859054756828302,0.10587446162099227,0.13927070599954228,0.10316746717044223,0.13468293321032043,0.14837184982333787,0.10534579932727291,0.13871073023883407,0.14716300301635402,0.10434682988427273,0.13748579789321147
2796.875,3696.923,3820.0,3617.949,3591.282,3661.026,0.14879073174239818,0.10760899374288398,0.13975741136811864,0.14859054756828302,0.10587446162099227,0.13927070599954228,0.10316746717044223,0.13468293321032043,0.14837184982333787,0.10534579932727291,0.13871073023883407,0.14716300301635402,0.10434682988427273,0.13748579789321147
2804.6875,3830.256,3951.795,3746.667,3735.385,3802.051,0.14879073174239818,0.10760899374288398,0.13975741136811864,0.14859054756828302,0.10587446162099227,0.13927070599954228,0.10316746717044223,0.13468293321032043,0.14837184982333787,0.10534579932727291,0.13871073023883407,0.14716300301635402,0.10434682988427273,0.13748579789321147
2812.5,3609.231,3724.103,3528.718,3536.923,3582.564,0.14879073174239818,0.10760899374288398,0.13975741136811864,0.14859054756828302,0.10587446162099227,0.13927070599954228,0.10316746717044223,0.13468293321032043,0.14837184982333787,0.10534579932727291,0.13871073023883407,0.14716300301635402,0.10434682988427273,0.13748579789321147
2820.3125,3593.333,3731.795,3535.385,3502.564,3545.128,0.14879073174239818,0.10760899374288398,0.13975741136811864,0.14859054756828302,0.10587446162099227,0.13927070599954228,0.10316746717044223,0.13468293321032043,0.14837184982333787,0.10534579932727291,0.13871073023883407,0.14716300301635402,0.10434682988427273,0.13748579789321147
2828.125,4794.872,4938.462,4757.949,4645.128,4730.256,0.14879073174239818,0.10760899374288398,0.13975741136811864,0.14859054756828302,0.10587446162099227,0.13927070599954228,0.10316746717044223,0.13468293321032043,0.14837184982333787,0.10534579932727291,0.13871073023883407,0.14716300301635402,0.10434682988427273,0.13748579789321147
2835.9375,6349.231,6433.333,6289.744,6231.282,6315.385,0.14879073174239818,0.10760899374288398,0.13975741136811864,0.14859054756828302,0.10587446162099227,0.13927070599954228,0.10316746717044223,0.13468293321032043,0.14837184982333787,0.10534579932727291,0.13871073023883407,0.14716300301635402,0.10434682988427273,0.13748579789321147
2843.75,5674.359,5745.641,5560.513,5655.897,5684.103,0.14879073174239818,0.10760899374288398,0.13975741136811864,0.14859054756828302,0.10587446162099227,0.13927070599954228,0.10316746717044223,0.13468293321032043,0.14837184982333787,0.10534579932727291,0.13871073023883407,0.14716300301635402,0.10434682988427273,0.13748579789321147
2851.5625,3900.0,4032.821,3798.974,3831.795,3886.154,0.14879073174239818,0.10760899374288398,0.13975741136811864,0.14859054756828302,0.10587446162099227,0.13927070599954228,0.10316746717044223,0.13468293321032043,0.14837184982333787,0.10534579932727291,0.13871073023883407,0.14716300301635402,0.10434682988427273,0.13748579789321147
2859.375,4110.256,4254.872,4054.872,3942.051,4053.333,0.14879073174239818,0.10760899374288398,0.13975741136811864,0.14859054756828302,0.10587446162099227,0.13927070599954228,0.10316746717044223,0.13468293321032043,0.14837184982333787,0.10534579932727291,0.13871073023883407,0.14716300301635402,0.10434682988427273,0.13748579789321147
2867.1875,4766.667,4872.821,4688.205,4652.821,4730.769,0.14879073174239818,0.10760899374288398,0.13975741136811864,0.14859054756828302,0.10587446162099227,0.13927070599954228,0.10316746717044223,0.13468293321032043,0.14837184982333787,0.10534579932727291,0.13871073023883407,0.14716300301635402,0.10434682988427273,0.13748579789321147
2875.0,4006.667,4121.026,3909.231,3935.897,3998.462,0.14879073174239818,0.10760899374288398,0.13975741136811864,0.14859054756828302,0.10587446162099227,0.13927070599954228,0.10316746717044223,0.13468293321032043,0.14837184982333787,0.10534579932727291,0.13871073023883407,0.14716300301635402,0.10434682988427273,0.13748579789321147
2882.8125,3821.538,3950.256,3749.744,3689.744,3802.564,0.14879073174239818,0.10760899374288398,0.13975741136811864,0.14859054756828302,0.10587446162099227,0.13927070599954228,0.10316746717044223,0.13468293321032043,0.14837184982333787,0.10534579932727291,0.13871073023883407,0.14716300301635402,0.10434682988427273,0.13748579789321147
2890.625,4308.205,4423.59,4235.385,4177.436,4285.128,0.14879073174239818,0.10760899374288398,0.13975741136811864,0.14859054756828302,0.10587446162099227,0.13927070599954228,0.10316746717044223,0.13468293321032043,0.14837184982333787,0.10534579932727291,0.13871073023883407,0.14716300301635402,0.10434682988427273,0.13748579789321147
2898.4375,4235.385,4355.897,4164.103,4133.333,4217.949,0.14879073174239818,0.10760899374288398,0.13975741136811864,0.14859054756828302,0.10587446162099227,0.13927070599954228,0.10316746717044223,0.13468293321032043,0.14837184982333787,0.10534579932727291,0.13871073023883407,0.14716300301635402,0.10434682988427273,0.13748579789321147
2906.25,4248.205,4373.333,4189.231,4124.615,4227.692,0.14879073174239818,0.10760899374288398,0.13975741136811864,0.14859054756828302,0.10587446162099227,0.13927070599954228,0.10316746717044223,0.13468293321032043,0.14837184982333787,0.10534579932727291,0.13871073023883407,0.14716300301635402,0.10434682988427273,0.13748579789321147
2914.0625,4777.436,4882.051,4721.026,4635.897,4744.615,0.14879073174239818,0.10760899374288398,0.13975741136811864,0.14859054756828302,0.10587446162099227,0.13927070599954228,0.10316746717044223,0.13468293321032043,0.14837184982333787,0.10534579932727291,0.13871073023883407,0.14716300301635402,0.10434682988427273,0.13748579789321147
2921.875,5888.205,5957.436,5856.41,5776.923,5844.615,0.14879073174239818,0.10760899374288398,0.13975741136811864,0.14859054756828302,0.10587446162099227,0.13927070599954228,0.10316746717044223,0.13468293321032043,0.14837184982333787,0.10534579932727291,0.13871073023883407,0.14716300301635402,0.10434682988427273,0.13748579789321147
2929.6875,7318.974,7343.59,7328.205,7269.231,7289.744,0.14879073174239818,0.10760899374288398,0.13975741136811864,0.14859054756828302,0.10587446162099227,0.13927070599954228,0.10316746717044223,0.13468293321032043,0.14837184982333787,0.10534579932727291,0.13871073023883407,0.14716300301635402,0.10434682988427273,0.13748579789321147
2937.5,8018.462,8011.282,8032.821,8018.974,8018.462,0.14879073174239818,0.10760899374288398,0.13975741136811864,0.14859054756828302,0.10587446162099227,0.13927070599954228,0.10316746717044223,0.13468293321032043,0.14837184982333787,0.10534579932727291,0.13871073023883407,0.14716300301635402,0.10434682988427273,0.13748579789321147
2945.3125,7843.077,7840.0,7830.769,7844.615,7846.667,0.14879073174239818,0.10760899374288398,0.13975741136811864,0.14859054756828302,0.10587446162099227,0.13927070599954228,0.10316746717044223,0.13468293321032043,0.14837184982333787,0.10534579932727291,0.13871073023883407,0.14716300301635402,0.10434682988427273,0.13748579789321147
2953.125,7758.462,7767.179,7747.179,7742.051,7754.359,0.14879073174239818,0.10760899374288398,0.13975741136811864,0.14859054756828302,0.10587446162099227,0.13927070599954228,0.10316746717044223,0.13468293321032043,0.14837184982333787,0.10534579932727291,0.13871073023883407,0.14716300301635402,0.10434682988427273,0.13748579789321147
2960.9375,7886.154,7886.154,7889.231,7880.0,7886.667,0.14879073174239818,0.10760899374288398,0.13975741136811864,0.14859054756828302,0.10587446162099227,0.13927070599954228,0.10316746717044223,0.13468293321032043,0.14837184982333787,0.10534579932727291,0.13871073023883407,0.14716300301635402,0.10434682988427273,0.13748579789321147
2968.75,7815.897,7810.769,7820.513,7824.103,7817.949,0.14879073174239818,0.10760899374288398,0.13975741136811864,0.14859054756828302,0.10587446162099227,0.13927070599954228,0.10316746717044223,0.13468293321032043,0.14837184982333787,0.10534579932727291,0.13871073023883407,0.14716300301635402,0.10434682988427273,0.13748579789321147
2976.5625,7769.744,7769.231,7769.744,7771.795,7769.231,0.14879073174239818,0.10760899374288398,0.13975741136811864,0.14859054756828302,0.10587446162099227,0.13927070599954228,0.10316746717044223,0.13468293321032043,0.14837184982333787,0.10534579932727291,0.13871073023883407,0.14716300301635402,0.10434682988427273,0.13748579789321147
2984.375,7765.128,7767.179,7764.103,7763.077,7765.128,0.14879073174239818,0.10760899374288398,0.13975741136811864,0.14859054756828302,0.10587446162099227,0.13927070599954228,0.10316746717044223,0.13468293321032043,0.14837184982333787,0.10534579932727291,0.13871073023883407,0.14716300301635402,0.10434682988427273,0.13748579789321147
2992.1875,7772.821,7771.282,7774.872,7773.333,7773.333,0.14879073174239818,0.10760899374288398,0.13975741136811864,0.14859054756828302,0.10587446162099227,0.13927070599954228,0.10316746717044223,0.13468293321032043,0.14837184982333787,0.10534579932727291,0.13871073023883407,0.14716300301635402,0.10434682988427273,0.13748579789321147
