timestamp,AF3,T7,Pz,T8,AF4,AF3_theta,AF3_alpha,AF3_beta,T7_theta,T7_mu,T7_beta,Pz_alpha,Pz_beta,T8_theta,T8_mu,T8_beta,AF4_theta,AF4_alpha,AF4_beta
0.0,4242.564,4042.564,4176.41,4092.308,4050.769,0.1881387778962053,0.17496700465345183,0.30622995026586486,0.13320475538043033,0.10801125038406109,0.3269452321105239,0.12079015115096645,0.2143154364292426,0.17287155358087186,0.12171751923637282,0.32480548359607675,0.11897426574148695,0.15577614393807793,0.293916234867083
7.8125,4235.385,4036.41,4165.128,4100.0,4045.128,0.1881387778962053,0.17496700465345183,0.30622995026586486,0.13320475538043033,0.10801125038406109,0.3269452321105239,0.12079015115096645,0.2143154364292426,0.17287155358087186,0.12171751923637282,0.32480548359607675,0.11897426574148695,0.15577614393807793,0.293916234867083
15.625,4223.077,4025.128,4160.513,4096.923,4047.692,0.1881387778962053,0.17496700465345183,0.30622995026586486,0.13320475538043033,0.10801125038406109,0.3269452321105239,0.12079015115096645,0.2143154364292426,0.17287155358087186,0.12171751923637282,0.32480548359607675,0.11897426574148695,0.15577614393807793,0.293916234867083
23.4375,4230.256,4035.385,4163.59,4090.256,4055.385,0.1881387778962053,0.17496700465345183,0.30622995026586486,0.13320475538043033,0.10801125038406109,0.3269452321105239,0.12079015115096645,0.2143154364292426,0.17287155358087186,0.12171751923637282,0.32480548359607675,0.11897426574148695,0.15577614393807793,0.293916234867083
31.25,4231.795,4047.692,4169.231,4080.513,4043.59,0.1881387778962053,0.17496700465345183,0.30622995026586486,0.13320475538043033,0.10801125038406109,0.3269452321105239,0.12079015115096645,0.2143154364292426,0.17287155358087186,0.12171751923637282,0.32480548359607675,0.11897426574148695,0.15577614393807793,0.293916234867083
39.0625,4227.692,4038.462,4172.308,4076.41,4027.179,0.1881387778962053,0.17496700465345183,0.30622995026586486,0.13320475538043033,0.10801125038406109,0.3269452321105239,0.12079015115096645,0.2143154364292426,0.17287155358087186,0.12171751923637282,0.32480548359607675,0.11897426574148695,0.15577614393807793,0.293916234867083
46.875,4242.564,4035.897,4175.385,4092.821,4035.385,0.1881387778962053,0.17496700465345183,0.30622995026586486,0.13320475538043033,0.10801125038406109,0.3269452321105239,0.12079015115096645,0.2143154364292426,0.17287155358087186,0.12171751923637282,0.32480548359607675,0.11897426574148695,0.15577614393807793,0.293916234867083
54.6875,4262.564,4044.615,4175.385,4114.872,4053.333,0.1881387778962053,0.17496700465345183,0.30622995026586486,0.13320475538043033,0.10801125038406109,0.3269452321105239,0.12079015115096645,0.2143154364292426,0.17287155358087186,0.12171751923637282,0.32480548359607675,0.11897426574148695,0.15577614393807793,0.293916234867083
62.5,4267.179,4040.513,4172.308,4123.077,4062.051,0.1881387778962053,0.17496700465345183,0.30622995026586486,0.13320475538043033,0.10801125038406109,0.3269452321105239,0.12079015115096645,0.2143154364292426,0.17287155358087186,0.12171751923637282,0.32480548359607675,0.11897426574148695,0.15577614393807793,0.293916234867083
70.3125,4262.564,4039.487,4176.41,4123.59,4060.0,0.1881387778962053,0.17496700465345183,0.30622995026586486,0.13320475538043033,0.10801125038406109,0.3269452321105239,0.12079015115096645,0.2143154364292426,0.17287155358087186,0.12171751923637282,0.32480548359607675,0.11897426574148695,0.15577614393807793,0.293916234867083
78.125,4250.769,4050.769,4172.308,4113.333,4036.923,0.1881387778962053,0.17496700465345183,0.30622995026586486,0.13320475538043033,0.10801125038406109,0.3269452321105239,0.12079015115096645,0.2143154364292426,0.17287155358087186,0.12171751923637282,0.32480548359607675,0.11897426574148695,0.15577614393807793,0.293916234867083
85.9375,4232.308,4054.872,4150.256,4090.769,4013.333,0.1881387778962053,0.17496700465345183,0.30622995026586486,0.13320475538043033,0.10801125038406109,0.3269452321105239,0.12079015115096645,0.2143154364292426,0.17287155358087186,0.12171751923637282,0.32480548359607675,0.11897426574148695,0.15577614393807793,0.293916234867083
93.75,4223.077,4055.385,4141.026,4076.923,4021.026,0.1881387778962053,0.17496700465345183,0.30622995026586486,0.13320475538043033,0.10801125038406109,0.3269452321105239,0.12079015115096645,0.2143154364292426,0.17287155358087186,0.12171751923637282,0.32480548359607675,0.11897426574148695,0.15577614393807793,0.293916234867083
101.5625,4231.795,4061.026,4156.41,4082.051,4033.333,0.1881387778962053,0.17496700465345183,0.30622995026586486,0.13320475538043033,0.10801125038406109,0.3269452321105239,0.12079015115096645,0.2143154364292426,0.17287155358087186,0.12171751923637282,0.32480548359607675,0.11897426574148695,0.15577614393807793,0.293916234867083
109.375,4244.615,4061.026,4173.333,4089.744,4022.564,0.1881387778962053,0.17496700465345183,0.30622995026586486,0.13320475538043033,0.10801125038406109,0.3269452321105239,0.12079015115096645,0.2143154364292426,0.17287155358087186,0.12171751923637282,0.32480548359607675,0.11897426574148695,0.15577614393807793,0.293916234867083
117.1875,4248.205,4055.897,4182.051,4095.897,4009.231,0.1881387778962053,0.17496700465345183,0.30622995026586486,0.13320475538043033,0.10801125038406109,0.3269452321105239,0.12079015115096645,0.2143154364292426,0.17287155358087186,0.12171751923637282,0.32480548359607675,0.11897426574148695,0.15577614393807793,0.293916234867083
125.0,4248.205,4051.795,4185.641,4107.692,4009.744,0.1881387778962053,0.17496700465345183,0.30622995026586486,0.13320475538043033,0.10801125038406109,0.3269452321105239,0.12079015115096645,0.2143154364292426,0.17287155358087186,0.12171751923637282,0.32480548359607675,0.11897426574148695,0.15577614393807793,0.293916234867083
132.8125,4250.769,4054.359,4183.077,4122.051,4014.359,0.1881387778962053,0.17496700465345183,0.30622995026586486,0.13320475538043033,0.10801125038406109,0.3269452321105239,0.12079015115096645,0.2143154364292426,0.17287155358087186,0.12171751923637282,0.32480548359607675,0.11897426574148695,0.15577614393807793,0.293916234867083
140.625,4253.333,4065.128,4179.487,4137.949,4016.923,0.1881387778962053,0.17496700465345183,0.30622995026586486,0.13320475538043033,0.10801125038406109,0.3269452321105239,0.12079015115096645,0.2143154364292426,0.17287155358087186,0.12171751923637282,0.32480548359607675,0.11897426574148695,0.15577614393807793,0.293916234867083
148.4375,4257.436,4068.718,4170.256,4145.641,4017.949,0.1881387778962053,0.17496700465345183,0.30622995026586486,0.13320475538043033,0.10801125038406109,0.3269452321105239,0.12079015115096645,0.2143154364292426,0.17287155358087186,0.12171751923637282,0.32480548359607675,0.11897426574148695,0.15577614393807793,0.293916234867083
156.25,4251.282,4062.564,4154.359,4136.923,4011.795,0.1881387778962053,0.17496700465345183,0.30622995026586486,0.13320475538043033,0.10801125038406109,0.3269452321105239,0.12079015115096645,0.2143154364292426,0.17287155358087186,0.12171751923637282,0.32480548359607675,0.11897426574148695,0.15577614393807793,0.293916234867083
164.0625,4227.692,4054.872,4147.179,4120.0,3996.41,0.1881387778962053,0.17496700465345183,0.30622995026586486,0.13320475538043033,0.10801125038406109,0.3269452321105239,0.12079015115096645,0.2143154364292426,0.17287155358087186,0.12171751923637282,0.32480548359607675,0.11897426574148695,0.15577614393807793,0.293916234867083
171.875,4211.795,4048.205,4146.154,4109.744,3976.923,0.1881387778962053,0.17496700465345183,0.30622995026586486,0.13320475538043033,0.10801125038406109,0.3269452321105239,0.12079015115096645,0.2143154364292426,0.17287155358087186,0.12171751923637282,0.32480548359607675,0.11897426574148695,0.15577614393807793,0.293916234867083
179.6875,4225.128,4053.333,4145.641,4113.333,3976.923,0.1881387778962053,0.17496700465345183,0.30622995026586486,0.13320475538043033,0.10801125038406109,0.3269452321105239,0.12079015115096645,0.2143154364292426,0.17287155358087186,0.12171751923637282,0.32480548359607675,0.11897426574148695,0.15577614393807793,0.293916234867083
187.5,4249.744,4069.744,4149.231,4127.692,4006.667,0.1881387778962053,0.17496700465345183,0.30622995026586486,0.13320475538043033,0.10801125038406109,0.3269452321105239,0.12079015115096645,0.2143154364292426,0.17287155358087186,0.12171751923637282,0.32480548359607675,0.11897426574148695,0.15577614393807793,0.293916234867083
195.3125,4266.154,4075.385,4149.231,4138.462,4036.41,0.1881387778962053,0.17496700465345183,0.30622995026586486,0.13320475538043033,0.10801125038406109,0.3269452321105239,0.12079015115096645,0.2143154364292426,0.17287155358087186,0.12171751923637282,0.32480548359607675,0.11897426574148695,0.15577614393807793,0.293916234867083
203.125,4267.179,4070.769,4140.513,4142.051,4036.41,0.1881387778962053,0.17496700465345183,0.30622995026586486,0.13320475538043033,0.10801125038406109,0.3269452321105239,0.12079015115096645,0.2143154364292426,0.17287155358087186,0.12171751923637282,0.32480548359607675,0.11897426574148695,0.15577614393807793,0.293916234867083
210.9375,4258.974,4070.256,4134.359,4146.154,4017.436,0.1881387778962053,0.17496700465345183,0.30622995026586486,0.13320475538043033,0.10801125038406109,0.3269452321105239,0.12079015115096645,0.2143154364292426,0.17287155358087186,0.12171751923637282,0.32480548359607675,0.11897426574148695,0.15577614393807793,0.293916234867083
218.75,4251.282,4070.256,4130.769,4140.0,4010.256,0.1881387778962053,0.17496700465345183,0.30622995026586486,0.13320475538043033,0.10801125038406109,0.3269452321105239,0.12079015115096645,0.2143154364292426,0.17287155358087186,0.12171751923637282,0.32480548359607675,0.11897426574148695,0.15577614393807793,0.293916234867083
226.5625,4241.538,4069.231,4122.051,4131.795,4005.128,0.1881387778962053,0.17496700465345183,0.30622995026586486,0.13320475538043033,0.10801125038406109,0.3269452321105239,0.12079015115096645,0.2143154364292426,0.17287155358087186,0.12171751923637282,0.32480548359607675,0.11897426574148695,0.15577614393807793,0.293916234867083
234.375,4218.462,4061.538,4101.026,4127.692,3980.0,0.1881387778962053,0.17496700465345183,0.30622995026586486,0.13320475538043033,0.10801125038406109,0.3269452321105239,0.12079015115096645,0.2143154364292426,0.17287155358087186,0.12171751923637282,0.32480548359607675,0.11897426574148695,0.15577614393807793,0.293916234867083
242.1875,4203.59,4046.667,4086.154,4117.436,3963.59,0.1881387778962053,0.17496700465345183,0.30622995026586486,0.13320475538043033,0.10801125038406109,0.3269452321105239,0.12079015115096645,0.2143154364292426,0.17287155358087186,0.12171751923637282,0.32480548359607675,0.11897426574148695,0.15577614393807793,0.293916234867083
250.0,4217.436,4040.513,4090.769,4114.359,3974.359,0.1881387778962053,0.17496700465345183,0.30622995026586486,0.13320475538043033,0.10801125038406109,0.3269452321105239,0.12079015115096645,0.2143154364292426,0.17287155358087186,0.12171751923637282,0.32480548359607675,0.11897426574148695,0.15577614393807793,0.293916234867083
257.8125,4234.872,4042.051,4093.846,4128.718,3977.436,0.1881387778962053,0.17496700465345183,0.30622995026586486,0.13320475538043033,0.10801125038406109,0.3269452321105239,0.12079015115096645,0.2143154364292426,0.17287155358087186,0.12171751923637282,0.32480548359607675,0.11897426574148695,0.15577614393807793,0.293916234867083
265.625,4238.462,4049.744,4088.205,4145.128,3977.949,0.1881387778962053,0.17496700465345183,0.30622995026586486,0.13320475538043033,0.10801125038406109,0.3269452321105239,0.12079015115096645,0.2143154364292426,0.17287155358087186,0.12171751923637282,0.32480548359607675,0.11897426574148695,0.15577614393807793,0.293916234867083
273.4375,4242.564,4066.154,4089.744,4143.077,4000.0,0.1881387778962053,0.17496700465345183,0.30622995026586486,0.13320475538043033,0.10801125038406109,0.3269452321105239,0.12079015115096645,0.2143154364292426,0.17287155358087186,0.12171751923637282,0.32480548359607675,0.11897426574148695,0.15577614393807793,0.293916234867083
281.25,4253.333,4084.103,4095.897,4138.974,4012.308,0.1881387778962053,0.17496700465345183,0.30622995026586486,0.13320475538043033,0.10801125038406109,0.3269452321105239,0.12079015115096645,0.2143154364292426,0.17287155358087186,0.12171751923637282,0.32480548359607675,0.11897426574148695,0.15577614393807793,0.293916234867083
289.0625,4251.282,4083.59,4091.795,4136.923,3994.359,0.1881387778962053,0.17496700465345183,0.30622995026586486,0.13320475538043033,0.10801125038406109,0.3269452321105239,0.12079015115096645,0.2143154364292426,0.17287155358087186,0.12171751923637282,0.32480548359607675,0.11897426574148695,0.15577614393807793,0.293916234867083
296.875,4244.615,4071.282,4082.051,4133.846,3982.564,0.1881387778962053,0.17496700465345183,0.30622995026586486,0.13320475538043033,0.10801125038406109,0.3269452321105239,0.12079015115096645,0.2143154364292426,0.17287155358087186,0.12171751923637282,0.32480548359607675,0.11897426574148695,0.15577614393807793,0.293916234867083
304.6875,4249.744,4071.795,4080.513,4137.436,3988.205,0.1881387778962053,0.17496700465345183,0.30622995026586486,0.13320475538043033,0.10801125038406109,0.3269452321105239,0.12079015115096645,0.2143154364292426,0.17287155358087186,0.12171751923637282,0.32480548359607675,0.11897426574148695,0.15577614393807793,0.293916234867083
312.5,4254.359,4080.513,4079.487,4149.231,3985.128,0.1881387778962053,0.17496700465345183,0.30622995026586486,0.13320475538043033,0.10801125038406109,0.3269452321105239,0.12079015115096645,0.2143154364292426,0.17287155358087186,0.12171751923637282,0.32480548359607675,0.11897426574148695,0.15577614393807793,0.293916234867083
320.3125,4255.897,4090.769,4076.41,4169.231,3987.179,0.1881387778962053,0.17496700465345183,0.30622995026586486,0.13320475538043033,0.10801125038406109,0.3269452321105239,0.12079015115096645,0.2143154364292426,0.17287155358087186,0.12171751923637282,0.32480548359607675,0.11897426574148695,0.15577614393807793,0.293916234867083
328.125,4255.897,4093.333,4065.641,4175.897,3994.872,0.1881387778962053,0.17496700465345183,0.30622995026586486,0.13320475538043033,0.10801125038406109,0.3269452321105239,0.12079015115096645,0.2143154364292426,0.17287155358087186,0.12171751923637282,0.32480548359607675,0.11897426574148695,0.15577614393807793,0.293916234867083
335.9375,4244.103,4084.615,4053.846,4165.641,3986.154,0.1881387778962053,0.17496700465345183,0.30622995026586486,0.13320475538043033,0.10801125038406109,0.3269452321105239,0.12079015115096645,0.2143154364292426,0.17287155358087186,0.12171751923637282,0.32480548359607675,0.11897426574148695,0.15577614393807793,0.293916234867083
343.75,4233.333,4079.487,4057.949,4154.872,3966.154,0.1881387778962053,0.17496700465345183,0.30622995026586486,0.13320475538043033,0.10801125038406109,0.3269452321105239,0.12079015115096645,0.2143154364292426,0.17287155358087186,0.12171751923637282,0.32480548359607675,0.11897426574148695,0.15577614393807793,0.293916234867083
351.5625,4241.538,4083.077,4068.718,4150.769,3957.949,0.1881387778962053,0.17496700465345183,0.30622995026586486,0.13320475538043033,0.10801125038406109,0.3269452321105239,0.12079015115096645,0.2143154364292426,0.17287155358087186,0.12171751923637282,0.32480548359607675,0.11897426574148695,0.15577614393807793,0.293916234867083
359.375,4248.718,4079.487,4070.769,4155.385,3967.692,0.1881387778962053,0.17496700465345183,0.30622995026586486,0.13320475538043033,0.10801125038406109,0.3269452321105239,0.12079015115096645,0.2143154364292426,0.17287155358087186,0.12171751923637282,0.32480548359607675,0.11897426574148695,0.15577614393807793,0.293916234867083
367.1875,4253.846,4074.359,4068.718,4155.897,3973.333,0.1881387778962053,0.17496700465345183,0.30622995026586486,0.13320475538043033,0.10801125038406109,0.3269452321105239,0.12079015115096645,0.2143154364292426,0.17287155358087186,0.12171751923637282,0.32480548359607675,0.11897426574148695,0.15577614393807793,0.293916234867083
375.0,4262.564,4083.077,4065.641,4149.231,3966.154,0.1881387778962053,0.17496700465345183,0.30622995026586486,0.13320475538043033,0.10801125038406109,0.3269452321105239,0.12079015115096645,0.2143154364292426,0.17287155358087186,0.12171751923637282,0.32480548359607675,0.11897426574148695,0.15577614393807793,0.293916234867083
382.8125,4252.308,4089.744,4053.846,4147.179,3959.487,0.1881387778962053,0.17496700465345183,0.30622995026586486,0.13320475538043033,0.10801125038406109,0.3269452321105239,0.12079015115096645,0.2143154364292426,0.17287155358087186,0.12171751923637282,0.32480548359607675,0.11897426574148695,0.15577614393807793,0.293916234867083
390.625,4231.795,4092.308,4043.59,4151.795,3958.974,0.1881387778962053,0.17496700465345183,0.30622995026586486,0.13320475538043033,0.10801125038406109,0.3269452321105239,0.12079015115096645,0.2143154364292426,0.17287155358087186,0.12171751923637282,0.32480548359607675,0.11897426574148695,0.15577614393807793,0.293916234867083
398.4375,4225.128,4098.462,4041.538,4154.872,3950.256,0.1881387778962053,0.17496700465345183,0.30622995026586486,0.13320475538043033,0.10801125038406109,0.3269452321105239,0.12079015115096645,0.2143154364292426,0.17287155358087186,0.12171751923637282,0.32480548359607675,0.11897426574148695,0.15577614393807793,0.293916234867083
406.25,4221.538,4102.564,4045.641,4154.359,3931.795,0.1881387778962053,0.17496700465345183,0.30622995026586486,0.13320475538043033,0.10801125038406109,0.3269452321105239,0.12079015115096645,0.2143154364292426,0.17287155358087186,0.12171751923637282,0.32480548359607675,0.11897426574148695,0.15577614393807793,0.293916234867083
414.0625,4215.897,4107.179,4058.974,4160.513,3926.154,0.1881387778962053,0.17496700465345183,0.30622995026586486,0.13320475538043033,0.10801125038406109,0.3269452321105239,0.12079015115096645,0.2143154364292426,0.17287155358087186,0.12171751923637282,0.32480548359607675,0.11897426574148695,0.15577614393807793,0.293916234867083
421.875,4217.436,4103.59,4062.051,4166.154,3930.256,0.1881387778962053,0.17496700465345183,0.30622995026586486,0.13320475538043033,0.10801125038406109,0.3269452321105239,0.12079015115096645,0.2143154364292426,0.17287155358087186,0.12171751923637282,0.32480548359607675,0.11897426574148695,0.15577614393807793,0.293916234867083
429.6875,4226.154,4100.0,4053.333,4170.256,3932.821,0.1881387778962053,0.17496700465345183,0.30622995026586486,0.13320475538043033,0.10801125038406109,0.3269452321105239,0.12079015115096645,0.2143154364292426,0.17287155358087186,0.12171751923637282,0.32480548359607675,0.11897426574148695,0.15577614393807793,0.293916234867083
437.5,4233.846,4111.795,4053.333,4176.41,3932.308,0.1881387778962053,0.17496700465345183,0.30622995026586486,0.13320475538043033,0.10801125038406109,0.3269452321105239,0.12079015115096645,0.2143154364292426,0.17287155358087186,0.12171751923637282,0.32480548359607675,0.11897426574148695,0.15577614393807793,0.293916234867083
445.3125,4220.0,4115.385,4046.667,4173.846,3920.513,0.1881387778962053,0.17496700465345183,0.30622995026586486,0.13320475538043033,0.10801125038406109,0.3269452321105239,0.12079015115096645,0.2143154364292426,0.17287155358087186,0.12171751923637282,0.32480548359607675,0.11897426574148695,0.15577614393807793,0.293916234867083
453.125,4192.821,4102.564,4033.333,4163.077,3900.513,0.1881387778962053,0.17496700465345183,0.30622995026586486,0.13320475538043033,0.10801125038406109,0.3269452321105239,0.12079015115096645,0.2143154364292426,0.17287155358087186,0.12171751923637282,0.32480548359607675,0.11897426574148695,0.15577614393807793,0.293916234867083
460.9375,4196.41,4106.154,4044.103,4167.692,3892.821,0.1881387778962053,0.17496700465345183,0.30622995026586486,0.13320475538043033,0.10801125038406109,0.3269452321105239,0.12079015115096645,0.2143154364292426,0.17287155358087186,0.12171751923637282,0.32480548359607675,0.11897426574148695,0.15577614393807793,0.293916234867083
468.75,4225.128,4116.923,4058.462,4183.59,3901.538,0.1881387778962053,0.17496700465345183,0.30622995026586486,0.13320475538043033,0.10801125038406109,0.3269452321105239,0.12079015115096645,0.2143154364292426,0.17287155358087186,0.12171751923637282,0.32480548359607675,0.11897426574148695,0.15577614393807793,0.293916234867083
476.5625,4231.282,4108.718,4052.821,4183.077,3902.564,0.1881387778962053,0.17496700465345183,0.30622995026586486,0.13320475538043033,0.10801125038406109,0.3269452321105239,0.12079015115096645,0.2143154364292426,0.17287155358087186,0.12171751923637282,0.32480548359607675,0.11897426574148695,0.15577614393807793,0.293916234867083
484.375,4223.59,4108.718,4052.821,4183.59,3902.051,0.1881387778962053,0.17496700465345183,0.30622995026586486,0.13320475538043033,0.10801125038406109,0.3269452321105239,0.12079015115096645,0.2143154364292426,0.17287155358087186,0.12171751923637282,0.32480548359607675,0.11897426574148695,0.15577614393807793,0.293916234867083
492.1875,4231.795,4128.205,4057.436,4199.487,3911.795,0.1881387778962053,0.17496700465345183,0.30622995026586486,0.13320475538043033,0.10801125038406109,0.3269452321105239,0.12079015115096645,0.2143154364292426,0.17287155358087186,0.12171751923637282,0.32480548359607675,0.11897426574148695,0.15577614393807793,0.293916234867083
500.0,4238.462,4138.462,4046.154,4196.923,3922.564,0.1881387778962053,0.17496700465345183,0.30622995026586486,0.13320475538043033,0.10801125038406109,0.3269452321105239,0.12079015115096645,0.2143154364292426,0.17287155358087186,0.12171751923637282,0.32480548359607675,0.11897426574148695,0.15577614393807793,0.293916234867083
507.8125,4237.949,4134.359,4046.667,4181.026,3932.308,0.1881387778962053,0.17496700465345183,0.30622995026586486,0.13320475538043033,0.10801125038406109,0.3269452321105239,0.12079015115096645,0.2143154364292426,0.17287155358087186,0.12171751923637282,0.32480548359607675,0.11897426574148695,0.15577614393807793,0.293916234867083
515.625,4249.744,4131.795,4064.615,4187.179,3936.41,0.1881387778962053,0.17496700465345183,0.30622995026586486,0.13320475538043033,0.10801125038406109,0.3269452321105239,0.12079015115096645,0.2143154364292426,0.17287155358087186,0.12171751923637282,0.32480548359607675,0.11897426574148695,0.15577614393807793,0.293916234867083
523.4375,4261.538,4135.385,4069.231,4196.923,3926.154,0.1881387778962053,0.17496700465345183,0.30622995026586486,0.13320475538043033,0.10801125038406109,0.3269452321105239,0.12079015115096645,0.2143154364292426,0.17287155358087186,0.12171751923637282,0.32480548359607675,0.11897426574148695,0.15577614393807793,0.293916234867083
531.25,4250.769,4133.333,4062.564,4186.667,3904.615,0.1881387778962053,0.17496700465345183,0.30622995026586486,0.13320475538043033,0.10801125038406109,0.3269452321105239,0.12079015115096645,0.2143154364292426,0.17287155358087186,0.12171751923637282,0.32480548359607675,0.11897426574148695,0.15577614393807793,0.293916234867083
539.0625,4241.538,4124.103,4060.513,4178.462,3893.333,0.1881387778962053,0.17496700465345183,0.30622995026586486,0.13320475538043033,0.10801125038406109,0.3269452321105239,0.12079015115096645,0.2143154364292426,0.17287155358087186,0.12171751923637282,0.32480548359607675,0.11897426574148695,0.15577614393807793,0.293916234867083
546.875,4258.462,4126.667,4057.949,4197.436,3898.462,0.1881387778962053,0.17496700465345183,0.30622995026586486,0.13320475538043033,0.10801125038406109,0.3269452321105239,0.12079015115096645,0.2143154364292426,0.17287155358087186,0.12171751923637282,0.32480548359607675,0.11897426574148695,0.15577614393807793,0.293916234867083
554.6875,4264.103,4142.564,4048.205,4215.897,3900.513,0.1881387778962053,0.17496700465345183,0.30622995026586486,0.13320475538043033,0.10801125038406109,0.3269452321105239,0.12079015115096645,0.2143154364292426,0.17287155358087186,0.12171751923637282,0.32480548359607675,0.11897426574148695,0.15577614393807793,0.293916234867083
562.5,4245.641,4151.282,4042.564,4201.538,3893.846,0.1881387778962053,0.17496700465345183,0.30622995026586486,0.13320475538043033,0.10801125038406109,0.3269452321105239,0.12079015115096645,0.2143154364292426,0.17287155358087186,0.12171751923637282,0.32480548359607675,0.11897426574148695,0.15577614393807793,0.293916234867083
570.3125,4236.41,4153.333,4047.692,4186.667,3894.359,0.1881387778962053,0.17496700465345183,0.30622995026586486,0.13320475538043033,0.10801125038406109,0.3269452321105239,0.12079015115096645,0.2143154364292426,0.17287155358087186,0.12171751923637282,0.32480548359607675,0.11897426574148695,0.15577614393807793,0.293916234867083
578.125,4235.897,4149.231,4049.231,4186.667,3890.769,0.1881387778962053,0.17496700465345183,0.30622995026586486,0.13320475538043033,0.10801125038406109,0.3269452321105239,0.12079015115096645,0.2143154364292426,0.17287155358087186,0.12171751923637282,0.32480548359607675,0.11897426574148695,0.15577614393807793,0.293916234867083
585.9375,4227.692,4135.897,4041.538,4177.436,3867.179,0.1881387778962053,0.17496700465345183,0.30622995026586486,0.13320475538043033,0.10801125038406109,0.3269452321105239,0.12079015115096645,0.2143154364292426,0.17287155358087186,0.12171751923637282,0.32480548359607675,0.11897426574148695,0.15577614393807793,0.293916234867083
593.75,4222.051,4133.846,4037.436,4167.179,3849.231,0.1881387778962053,0.17496700465345183,0.30622995026586486,0.13320475538043033,0.10801125038406109,0.3269452321105239,0.12079015115096645,0.2143154364292426,0.17287155358087186,0.12171751923637282,0.32480548359607675,0.11897426574148695,0.15577614393807793,0.293916234867083
601.5625,4226.154,4148.205,4038.974,4176.41,3847.692,0.1881387778962053,0.17496700465345183,0.30622995026586486,0.13320475538043033,0.10801125038406109,0.3269452321105239,0.12079015115096645,0.2143154364292426,0.17287155358087186,0.12171751923637282,0.32480548359607675,0.11897426574148695,0.15577614393807793,0.293916234867083
609.375,4220.0,4154.359,4037.436,4183.077,3841.026,0.1881387778962053,0.17496700465345183,0.30622995026586486,0.13320475538043033,0.10801125038406109,0.3269452321105239,0.12079015115096645,0.2143154364292426,0.17287155358087186,0.12171751923637282,0.32480548359607675,0.11897426574148695,0.15577614393807793,0.293916234867083
617.1875,4210.256,4148.718,4040.0,4180.0,3832.821,0.1881387778962053,0.17496700465345183,0.30622995026586486,0.13320475538043033,0.10801125038406109,0.3269452321105239,0.12079015115096645,0.2143154364292426,0.17287155358087186,0.12171751923637282,0.32480548359607675,0.11897426574148695,0.15577614393807793,0.293916234867083
625.0,4222.564,4146.154,4053.846,4188.205,3836.923,0.1881387778962053,0.17496700465345183,0.30622995026586486,0.13320475538043033,0.10801125038406109,0.3269452321105239,0.12079015115096645,0.2143154364292426,0.17287155358087186,0.12171751923637282,0.32480548359607675,0.11897426574148695,0.15577614393807793,0.293916234867083
632.8125,4230.769,4144.615,4055.897,4196.41,3840.513,0.1881387778962053,0.17496700465345183,0.30622995026586486,0.13320475538043033,0.10801125038406109,0.3269452321105239,0.12079015115096645,0.2143154364292426,0.17287155358087186,0.12171751923637282,0.32480548359607675,0.11897426574148695,0.15577614393807793,0.293916234867083
640.625,4216.41,4143.59,4047.179,4198.462,3840.0,0.1881387778962053,0.17496700465345183,0.30622995026586486,0.13320475538043033,0.10801125038406109,0.3269452321105239,0.12079015115096645,0.2143154364292426,0.17287155358087186,0.12171751923637282,0.32480548359607675,0.11897426574148695,0.15577614393807793,0.293916234867083
648.4375,4207.692,4149.744,4055.385,4196.41,3836.41,0.1881387778962053,0.17496700465345183,0.30622995026586486,0.13320475538043033,0.10801125038406109,0.3269452321105239,0.12079015115096645,0.2143154364292426,0.17287155358087186,0.12171751923637282,0.32480548359607675,0.11897426574148695,0.15577614393807793,0.293916234867083
656.25,4212.308,4154.872,4070.256,4185.641,3828.205,0.1881387778962053,0.17496700465345183,0.30622995026586486,0.13320475538043033,0.10801125038406109,0.3269452321105239,0.12079015115096645,0.2143154364292426,0.17287155358087186,0.12171751923637282,0.32480548359607675,0.11897426574148695,0.15577614393807793,0.293916234867083
664.0625,4211.282,4152.821,4073.846,4183.59,3825.128,0.1881387778962053,0.17496700465345183,0.30622995026586486,0.13320475538043033,0.10801125038406109,0.3269452321105239,0.12079015115096645,0.2143154364292426,0.17287155358087186,0.12171751923637282,0.32480548359607675,0.11897426574148695,0.15577614393807793,0.293916234867083
671.875,4224.103,4155.385,4077.436,4205.641,3843.077,0.1881387778962053,0.17496700465345183,0.30622995026586486,0.13320475538043033,0.10801125038406109,0.3269452321105239,0.12079015115096645,0.2143154364292426,0.17287155358087186,0.12171751923637282,0.32480548359607675,0.11897426574148695,0.15577614393807793,0.293916234867083
679.6875,4252.308,4169.744,4085.128,4230.769,3869.744,0.1881387778962053,0.17496700465345183,0.30622995026586486,0.13320475538043033,0.10801125038406109,0.3269452321105239,0.12079015115096645,0.2143154364292426,0.17287155358087186,0.12171751923637282,0.32480548359607675,0.11897426574148695,0.15577614393807793,0.293916234867083
687.5,4253.846,4180.0,4083.077,4231.795,3871.282,0.1881387778962053,0.17496700465345183,0.30622995026586486,0.13320475538043033,0.10801125038406109,0.3269452321105239,0.12079015115096645,0.2143154364292426,0.17287155358087186,0.12171751923637282,0.32480548359607675,0.11897426574148695,0.15577614393807793,0.293916234867083
695.3125,4234.359,4180.0,4077.949,4222.051,3854.872,0.1881387778962053,0.17496700465345183,0.30622995026586486,0.13320475538043033,0.10801125038406109,0.3269452321105239,0.12079015115096645,0.2143154364292426,0.17287155358087186,0.12171751923637282,0.32480548359607675,0.11897426574148695,0.15577614393807793,0.293916234867083
703.125,4227.692,4171.282,4071.795,4213.846,3844.615,0.1881387778962053,0.17496700465345183,0.30622995026586486,0.13320475538043033,0.10801125038406109,0.3269452321105239,0.12079015115096645,0.2143154364292426,0.17287155358087186,0.12171751923637282,0.32480548359607675,0.11897426574148695,0.15577614393807793,0.293916234867083
710.9375,4228.718,4156.41,4061.538,4205.128,3835.897,0.1881387778962053,0.17496700465345183,0.30622995026586486,0.13320475538043033,0.10801125038406109,0.3269452321105239,0.12079015115096645,0.2143154364292426,0.17287155358087186,0.12171751923637282,0.32480548359607675,0.11897426574148695,0.15577614393807793,0.293916234867083
718.75,4225.128,4149.231,4056.41,4200.0,3824.103,0.1881387778962053,0.17496700465345183,0.30622995026586486,0.13320475538043033,0.10801125038406109,0.3269452321105239,0.12079015115096645,0.2143154364292426,0.17287155358087186,0.12171751923637282,0.32480548359607675,0.11897426574148695,0.15577614393807793,0.293916234867083
726.5625,4221.538,4158.462,4056.923,4205.641,3832.821,0.1881387778962053,0.17496700465345183,0.30622995026586486,0.13320475538043033,0.10801125038406109,0.3269452321105239,0.12079015115096645,0.2143154364292426,0.17287155358087186,0.12171751923637282,0.32480548359607675,0.11897426574148695,0.15577614393807793,0.293916234867083
734.375,4218.974,4168.205,4058.974,4214.359,3853.333,0.1881387778962053,0.17496700465345183,0.30622995026586486,0.13320475538043033,0.10801125038406109,0.3269452321105239,0.12079015115096645,0.2143154364292426,0.17287155358087186,0.12171751923637282,0.32480548359607675,0.11897426574148695,0.15577614393807793,0.293916234867083
742.1875,4217.949,4163.59,4058.462,4210.256,3854.359,0.1881387778962053,0.17496700465345183,0.30622995026586486,0.13320475538043033,0.10801125038406109,0.3269452321105239,0.12079015115096645,0.2143154364292426,0.17287155358087186,0.12171751923637282,0.32480548359607675,0.11897426574148695,0.15577614393807793,0.293916234867083
750.0,4222.051,4156.41,4054.872,4202.564,3849.231,0.1881387778962053,0.17496700465345183,0.30622995026586486,0.13320475538043033,0.10801125038406109,0.3269452321105239,0.12079015115096645,0.2143154364292426,0.17287155358087186,0.12171751923637282,0.32480548359607675,0.11897426574148695,0.15577614393807793,0.293916234867083
757.8125,4232.308,4155.385,4056.41,4210.256,3866.667,0.1881387778962053,0.17496700465345183,0.30622995026586486,0.13320475538043033,0.10801125038406109,0.3269452321105239,0.12079015115096645,0.2143154364292426,0.17287155358087186,0.12171751923637282,0.32480548359607675,0.11897426574148695,0.15577614393807793,0.293916234867083
765.625,4246.154,4151.795,4060.0,4227.692,3883.59,0.1881387778962053,0.17496700465345183,0.30622995026586486,0.13320475538043033,0.10801125038406109,0.3269452321105239,0.12079015115096645,0.2143154364292426,0.17287155358087186,0.12171751923637282,0.32480548359607675,0.11897426574148695,0.15577614393807793,0.293916234867083
773.4375,4245.128,4146.667,4045.641,4230.769,3873.846,0.1881387778962053,0.17496700465345183,0.30622995026586486,0.13320475538043033,0.10801125038406109,0.3269452321105239,0.12079015115096645,0.2143154364292426,0.17287155358087186,0.12171751923637282,0.32480548359607675,0.11897426574148695,0.15577614393807793,0.293916234867083
781.25,4229.231,4152.821,4022.051,4220.0,3865.641,0.1881387778962053,0.17496700465345183,0.30622995026586486,0.13320475538043033,0.10801125038406109,0.3269452321105239,0.12079015115096645,0.2143154364292426,0.17287155358087186,0.12171751923637282,0.32480548359607675,0.11897426574148695,0.15577614393807793,0.293916234867083
789.0625,4226.667,4167.179,4016.41,4214.359,3872.308,0.1881387778962053,0.17496700465345183,0.30622995026586486,0.13320475538043033,0.10801125038406109,0.3269452321105239,0.12079015115096645,0.2143154364292426,0.17287155358087186,0.12171751923637282,0.32480548359607675,0.11897426574148695,0.15577614393807793,0.293916234867083
796.875,4229.231,4164.103,4016.41,4208.205,3863.077,0.1881387778962053,0.17496700465345183,0.30622995026586486,0.13320475538043033,0.10801125038406109,0.3269452321105239,0.12079015115096645,0.2143154364292426,0.17287155358087186,0.12171751923637282,0.32480548359607675,0.11897426574148695,0.15577614393807793,0.293916234867083
804.6875,4222.051,4154.359,4019.487,4198.462,3855.897,0.1881387778962053,0.17496700465345183,0.30622995026586486,0.13320475538043033,0.10801125038406109,0.3269452321105239,0.12079015115096645,0.2143154364292426,0.17287155358087186,0.12171751923637282,0.32480548359607675,0.11897426574148695,0.15577614393807793,0.293916234867083
812.5,4230.256,4164.103,4042.051,4205.128,3879.487,0.1881387778962053,0.17496700465345183,0.30622995026586486,0.13320475538043033,0.10801125038406109,0.3269452321105239,0.12079015115096645,0.2143154364292426,0.17287155358087186,0.12171751923637282,0.32480548359607675,0.11897426574148695,0.15577614393807793,0.293916234867083
820.3125,4248.718,4175.385,4056.923,4220.0,3891.795,0.1881387778962053,0.17496700465345183,0.30622995026586486,0.13320475538043033,0.10801125038406109,0.3269452321105239,0.12079015115096645,0.2143154364292426,0.17287155358087186,0.12171751923637282,0.32480548359607675,0.11897426574148695,0.15577614393807793,0.293916234867083
828.125,4247.692,4172.821,4044.615,4224.615,3876.923,0.1881387778962053,0.17496700465345183,0.30622995026586486,0.13320475538043033,0.10801125038406109,0.3269452321105239,0.12079015115096645,0.2143154364292426,0.17287155358087186,0.12171751923637282,0.32480548359607675,0.11897426574148695,0.15577614393807793,0.293916234867083
835.9375,4240.513,4179.487,4037.436,4221.026,3879.487,0.1881387778962053,0.17496700465345183,0.30622995026586486,0.13320475538043033,0.10801125038406109,0.3269452321105239,0.12079015115096645,0.2143154364292426,0.17287155358087186,0.12171751923637282,0.32480548359607675,0.11897426574148695,0.15577614393807793,0.293916234867083
843.75,4240.513,4190.256,4045.641,4218.462,3898.974,0.1881387778962053,0.17496700465345183,0.30622995026586486,0.13320475538043033,0.10801125038406109,0.3269452321105239,0.12079015115096645,0.2143154364292426,0.17287155358087186,0.12171751923637282,0.32480548359607675,0.11897426574148695,0.15577614393807793,0.293916234867083
851.5625,4238.462,4186.667,4053.333,4226.667,3904.615,0.1881387778962053,0.17496700465345183,0.30622995026586486,0.13320475538043033,0.10801125038406109,0.3269452321105239,0.12079015115096645,0.2143154364292426,0.17287155358087186,0.12171751923637282,0.32480548359607675,0.11897426574148695,0.15577614393807793,0.293916234867083
859.375,4240.0,4181.026,4061.026,4239.487,3898.974,0.1881387778962053,0.17496700465345183,0.30622995026586486,0.13320475538043033,0.10801125038406109,0.3269452321105239,0.12079015115096645,0.2143154364292426,0.17287155358087186,0.12171751923637282,0.32480548359607675,0.11897426574148695,0.15577614393807793,0.293916234867083
867.1875,4243.59,4175.385,4057.949,4226.667,3888.205,0.1881387778962053,0.17496700465345183,0.30622995026586486,0.13320475538043033,0.10801125038406109,0.3269452321105239,0.12079015115096645,0.2143154364292426,0.17287155358087186,0.12171751923637282,0.32480548359607675,0.11897426574148695,0.15577614393807793,0.293916234867083
875.0,4240.513,4165.128,4047.179,4206.667,3882.564,0.1881387778962053,0.17496700465345183,0.30622995026586486,0.13320475538043033,0.10801125038406109,0.3269452321105239,0.12079015115096645,0.2143154364292426,0.17287155358087186,0.12171751923637282,0.32480548359607675,0.11897426574148695,0.15577614393807793,0.293916234867083
882.8125,4245.128,4168.718,4052.308,4217.436,3897.949,0.1881387778962053,0.17496700465345183,0.30622995026586486,0.13320475538043033,0.10801125038406109,0.3269452321105239,0.12079015115096645,0.2143154364292426,0.17287155358087186,0.12171751923637282,0.32480548359607675,0.11897426574148695,0.15577614393807793,0.293916234867083
890.625,4245.128,4177.436,4056.923,4225.128,3908.205,0.1881387778962053,0.17496700465345183,0.30622995026586486,0.13320475538043033,0.10801125038406109,0.3269452321105239,0.12079015115096645,0.2143154364292426,0.17287155358087186,0.12171751923637282,0.32480548359607675,0.11897426574148695,0.15577614393807793,0.293916234867083
898.4375,4232.821,4172.308,4051.795,4210.256,3894.872,0.1881387778962053,0.17496700465345183,0.30622995026586486,0.13320475538043033,0.10801125038406109,0.3269452321105239,0.12079015115096645,0.2143154364292426,0.17287155358087186,0.12171751923637282,0.32480548359607675,0.11897426574148695,0.15577614393807793,0.293916234867083
906.25,4242.051,4180.513,4064.103,4218.462,3901.538,0.1881387778962053,0.17496700465345183,0.30622995026586486,0.13320475538043033,0.10801125038406109,0.3269452321105239,0.12079015115096645,0.2143154364292426,0.17287155358087186,0.12171751923637282,0.32480548359607675,0.11897426574148695,0.15577614393807793,0.293916234867083
914.0625,4263.59,4202.564,4082.051,4239.487,3926.667,0.1881387778962053,0.17496700465345183,0.30622995026586486,0.13320475538043033,0.10801125038406109,0.3269452321105239,0.12079015115096645,0.2143154364292426,0.17287155358087186,0.12171751923637282,0.32480548359607675,0.11897426574148695,0.15577614393807793,0.293916234867083
921.875,4252.308,4195.897,4076.41,4231.795,3914.359,0.1881387778962053,0.17496700465345183,0.30622995026586486,0.13320475538043033,0.10801125038406109,0.3269452321105239,0.12079015115096645,0.2143154364292426,0.17287155358087186,0.12171751923637282,0.32480548359607675,0.11897426574148695,0.15577614393807793,0.293916234867083
929.6875,4232.308,4171.795,4064.615,4211.795,3882.564,0.1881387778962053,0.17496700465345183,0.30622995026586486,0.13320475538043033,0.10801125038406109,0.3269452321105239,0.12079015115096645,0.2143154364292426,0.17287155358087186,0.12171751923637282,0.32480548359607675,0.11897426574148695,0.15577614393807793,0.293916234867083
937.5,4237.436,4167.179,4064.103,4211.795,3878.462,0.1881387778962053,0.17496700465345183,0.30622995026586486,0.13320475538043033,0.10801125038406109,0.3269452321105239,0.12079015115096645,0.2143154364292426,0.17287155358087186,0.12171751923637282,0.32480548359607675,0.11897426574148695,0.15577614393807793,0.293916234867083
945.3125,4243.59,4175.897,4062.564,4222.564,3896.41,0.1881387778962053,0.17496700465345183,0.30622995026586486,0.13320475538043033,0.10801125038406109,0.3269452321105239,0.12079015115096645,0.2143154364292426,0.17287155358087186,0.12171751923637282,0.32480548359607675,0.11897426574148695,0.15577614393807793,0.293916234867083
953.125,4241.538,4177.949,4061.538,4230.769,3914.359,0.1881387778962053,0.17496700465345183,0.30622995026586486,0.13320475538043033,0.10801125038406109,0.3269452321105239,0.12079015115096645,0.2143154364292426,0.17287155358087186,0.12171751923637282,0.32480548359607675,0.11897426574148695,0.15577614393807793,0.293916234867083
960.9375,4236.923,4176.41,4065.128,4228.718,3919.487,0.1881387778962053,0.17496700465345183,0.30622995026586486,0.13320475538043033,0.10801125038406109,0.3269452321105239,0.12079015115096645,0.2143154364292426,0.17287155358087186,0.12171751923637282,0.32480548359607675,0.11897426574148695,0.15577614393807793,0.293916234867083
968.75,4228.205,4176.41,4073.846,4222.051,3905.128,0.1881387778962053,0.17496700465345183,0.30622995026586486,0.13320475538043033,0.10801125038406109,0.3269452321105239,0.12079015115096645,0.2143154364292426,0.17287155358087186,0.12171751923637282,0.32480548359607675,0.11897426574148695,0.15577614393807793,0.293916234867083
976.5625,4223.077,4178.462,4088.205,4222.051,3886.154,0.1881387778962053,0.17496700465345183,0.30622995026586486,0.13320475538043033,0.10801125038406109,0.3269452321105239,0.12079015115096645,0.2143154364292426,0.17287155358087186,0.12171751923637282,0.32480548359607675,0.11897426574148695,0.15577614393807793,0.293916234867083
984.375,4215.897,4175.897,4083.59,4224.615,3881.026,0.1881387778962053,0.17496700465345183,0.30622995026586486,0.13320475538043033,0.10801125038406109,0.3269452321105239,0.12079015115096645,0.2143154364292426,0.17287155358087186,0.12171751923637282,0.32480548359607675,0.11897426574148695,0.15577614393807793,0.293916234867083
992.1875,4201.026,4174.872,4065.641,4222.564,3889.744,0.1881387778962053,0.17496700465345183,0.30622995026586486,0.13320475538043033,0.10801125038406109,0.3269452321105239,0.12079015115096645,0.2143154364292426,0.17287155358087186,0.12171751923637282,0.32480548359607675,0.11897426574148695,0.15577614393807793,0.293916234867083
1000.0,4199.487,4186.667,4072.308,4218.462,3904.615,0.1881387778962053,0.17496700465345183,0.30622995026586486,0.13320475538043033,0.10801125038406109,0.3269452321105239,0.12079015115096645,0.2143154364292426,0.17287155358087186,0.12171751923637282,0.32480548359607675,0.11897426574148695,0.15577614393807793,0.293916234867083
1007.8125,4223.59,4192.308,4094.872,4226.667,3918.974,0.1881387778962053,0.17496700465345183,0.30622995026586486,0.13320475538043033,0.10801125038406109,0.3269452321105239,0.12079015115096645,0.2143154364292426,0.17287155358087186,0.12171751923637282,0.32480548359607675,0.11897426574148695,0.15577614393807793,0.293916234867083
1015.625,4244.615,4183.59,4095.897,4241.026,3928.205,0.1881387778962053,0.17496700465345183,0.30622995026586486,0.13320475538043033,0.10801125038406109,0.3269452321105239,0.12079015115096645,0.2143154364292426,0.17287155358087186,0.12171751923637282,0.32480548359607675,0.11897426574148695,0.15577614393807793,0.293916234867083
1023.4375,4244.615,4183.59,4086.667,4250.769,3940.513,0.1881387778962053,0.17496700465345183,0.30622995026586486,0.13320475538043033,0.10801125038406109,0.3269452321105239,0.12079015115096645,0.2143154364292426,0.17287155358087186,0.12171751923637282,0.32480548359607675,0.11897426574148695,0.15577614393807793,0.293916234867083
1031.25,4244.103,4196.923,4089.744,4261.026,3965.641,0.1881387778962053,0.17496700465345183,0.30622995026586486,0.13320475538043033,0.10801125038406109,0.3269452321105239,0.12079015115096645,0.2143154364292426,0.17287155358087186,0.12171751923637282,0.32480548359607675,0.11897426574148695,0.15577614393807793,0.293916234867083
1039.0625,4251.795,4202.564,4088.205,4267.179,3979.487,0.1881387778962053,0.17496700465345183,0.30622995026586486,0.13320475538043033,0.10801125038406109,0.3269452321105239,0.12079015115096645,0.2143154364292426,0.17287155358087186,0.12171751923637282,0.32480548359607675,0.11897426574148695,0.15577614393807793,0.293916234867083
1046.875,4246.667,4206.667,4080.0,4265.128,3968.205,0.1881387778962053,0.17496700465345183,0.30622995026586486,0.13320475538043033,0.10801125038406109,0.3269452321105239,0.12079015115096645,0.2143154364292426,0.17287155358087186,0.12171751923637282,0.32480548359607675,0.11897426574148695,0.15577614393807793,0.293916234867083
1054.6875,4222.564,4209.744,4082.564,4255.385,3952.821,0.1881387778962053,0.17496700465345183,0.30622995026586486,0.13320475538043033,0.10801125038406109,0.3269452321105239,0.12079015115096645,0.2143154364292426,0.17287155358087186,0.12171751923637282,0.32480548359607675,0.11897426574148695,0.15577614393807793,0.293916234867083
1062.5,4212.821,4197.949,4088.205,4241.538,3944.615,0.1881387778962053,0.17496700465345183,0.30622995026586486,0.13320475538043033,0.10801125038406109,0.3269452321105239,0.12079015115096645,0.2143154364292426,0.17287155358087186,0.12171751923637282,0.32480548359607675,0.11897426574148695,0.15577614393807793,0.293916234867083
1070.3125,4225.641,4183.59,4080.513,4237.436,3937.949,0.1881387778962053,0.17496700465345183,0.30622995026586486,0.13320475538043033,0.10801125038406109,0.3269452321105239,0.12079015115096645,0.2143154364292426,0.17287155358087186,0.12171751923637282,0.32480548359607675,0.11897426574148695,0.15577614393807793,0.293916234867083
1078.125,4231.795,4185.641,4073.846,4249.231,3943.077,0.1881387778962053,0.17496700465345183,0.30622995026586486,0.13320475538043033,0.10801125038406109,0.3269452321105239,0.12079015115096645,0.2143154364292426,0.17287155358087186,0.12171751923637282,0.32480548359607675,0.11897426574148695,0.15577614393807793,0.293916234867083
1085.9375,4220.513,4202.564,4079.487,4254.359,3963.077,0.1881387778962053,0.17496700465345183,0.30622995026586486,0.13320475538043033,0.10801125038406109,0.3269452321105239,0.12079015115096645,0.2143154364292426,0.17287155358087186,0.12171751923637282,0.32480548359607675,0.11897426574148695,0.15577614393807793,0.293916234867083
1093.75,4213.846,4210.769,4084.615,4244.103,3975.897,0.1881387778962053,0.17496700465345183,0.30622995026586486,0.13320475538043033,0.10801125038406109,0.3269452321105239,0.12079015115096645,0.2143154364292426,0.17287155358087186,0.12171751923637282,0.32480548359607675,0.11897426574148695,0.15577614393807793,0.293916234867083
1101.5625,4228.718,4206.154,4091.282,4240.513,3981.538,0.1881387778962053,0.17496700465345183,0.30622995026586486,0.13320475538043033,0.10801125038406109,0.3269452321105239,0.12079015115096645,0.2143154364292426,0.17287155358087186,0.12171751923637282,0.32480548359607675,0.11897426574148695,0.15577614393807793,0.293916234867083
1109.375,4241.538,4211.282,4107.692,4249.231,3988.718,0.1881387778962053,0.17496700465345183,0.30622995026586486,0.13320475538043033,0.10801125038406109,0.3269452321105239,0.12079015115096645,0.2143154364292426,0.17287155358087186,0.12171751923637282,0.32480548359607675,0.11897426574148695,0.15577614393807793,0.293916234867083
1117.1875,4246.667,4220.0,4121.538,4256.923,3987.179,0.1881387778962053,0.17496700465345183,0.30622995026586486,0.13320475538043033,0.10801125038406109,0.3269452321105239,0.12079015115096645,0.2143154364292426,0.17287155358087186,0.12171751923637282,0.32480548359607675,0.11897426574148695,0.15577614393807793,0.293916234867083
1125.0,4251.282,4213.333,4118.462,4256.923,3974.872,0.1881387778962053,0.17496700465345183,0.30622995026586486,0.13320475538043033,0.10801125038406109,0.3269452321105239,0.12079015115096645,0.2143154364292426,0.17287155358087186,0.12171751923637282,0.32480548359607675,0.11897426574148695,0.15577614393807793,0.293916234867083
1132.8125,4248.718,4203.59,4105.641,4254.872,3976.41,0.1881387778962053,0.17496700465345183,0.30622995026586486,0.13320475538043033,0.10801125038406109,0.3269452321105239,0.12079015115096645,0.2143154364292426,0.17287155358087186,0.12171751923637282,0.32480548359607675,0.11897426574148695,0.15577614393807793,0.293916234867083
1140.625,4241.026,4202.564,4094.359,4256.923,3994.872,0.1881387778962053,0.17496700465345183,0.30622995026586486,0.13320475538043033,0.10801125038406109,0.3269452321105239,0.12079015115096645,0.2143154364292426,0.17287155358087186,0.12171751923637282,0.32480548359607675,0.11897426574148695,0.15577614393807793,0.293916234867083
1148.4375,4231.795,4203.077,4087.179,4251.282,4001.026,0.1881387778962053,0.17496700465345183,0.30622995026586486,0.13320475538043033,0.10801125038406109,0.3269452321105239,0.12079015115096645,0.2143154364292426,0.17287155358087186,0.12171751923637282,0.32480548359607675,0.11897426574148695,0.15577614393807793,0.293916234867083
1156.25,4216.41,4212.821,4089.231,4243.077,3996.923,0.1881387778962053,0.17496700465345183,0.30622995026586486,0.13320475538043033,0.10801125038406109,0.3269452321105239,0.12079015115096645,0.2143154364292426,0.17287155358087186,0.12171751923637282,0.32480548359607675,0.11897426574148695,0.15577614393807793,0.293916234867083
1164.0625,4205.128,4223.077,4090.769,4235.897,3994.359,0.1881387778962053,0.17496700465345183,0.30622995026586486,0.13320475538043033,0.10801125038406109,0.3269452321105239,0.12079015115096645,0.2143154364292426,0.17287155358087186,0.12171751923637282,0.32480548359607675,0.11897426574148695,0.15577614393807793,0.293916234867083
1171.875,4210.256,4216.923,4096.923,4228.205,3994.359,0.1881387778962053,0.17496700465345183,0.30622995026586486,0.13320475538043033,0.10801125038406109,0.3269452321105239,0.12079015115096645,0.2143154364292426,0.17287155358087186,0.12171751923637282,0.32480548359607675,0.11897426574148695,0.15577614393807793,0.293916234867083
1179.6875,4223.077,4206.154,4104.615,4232.308,4004.615,0.1881387778962053,0.17496700465345183,0.30622995026586486,0.13320475538043033,0.10801125038406109,0.3269452321105239,0.12079015115096645,0.2143154364292426,0.17287155358087186,0.12171751923637282,0.32480548359607675,0.11897426574148695,0.15577614393807793,0.293916234867083
1187.5,4229.744,4202.564,4098.974,4233.846,4017.949,0.1881387778962053,0.17496700465345183,0.30622995026586486,0.13320475538043033,0.10801125038406109,0.3269452321105239,0.12079015115096645,0.2143154364292426,0.17287155358087186,0.12171751923637282,0.32480548359607675,0.11897426574148695,0.15577614393807793,0.293916234867083
1195.3125,4227.692,4200.513,4085.641,4226.667,4026.154,0.1881387778962053,0.17496700465345183,0.30622995026586486,0.13320475538043033,0.10801125038406109,0.3269452321105239,0.12079015115096645,0.2143154364292426,0.17287155358087186,0.12171751923637282,0.32480548359607675,0.11897426574148695,0.15577614393807793,0.293916234867083
1203.125,4220.513,4207.692,4078.462,4230.256,4038.462,0.1881387778962053,0.17496700465345183,0.30622995026586486,0.13320475538043033,0.10801125038406109,0.3269452321105239,0.12079015115096645,0.2143154364292426,0.17287155358087186,0.12171751923637282,0.32480548359607675,0.11897426574148695,0.15577614393807793,0.293916234867083
1210.9375,4218.974,4221.026,4077.949,4234.872,4046.667,0.1881387778962053,0.17496700465345183,0.30622995026586486,0.13320475538043033,0.10801125038406109,0.3269452321105239,0.12079015115096645,0.2143154364292426,0.17287155358087186,0.12171751923637282,0.32480548359607675,0.11897426574148695,0.15577614393807793,0.293916234867083
1218.75,4218.974,4219.487,4087.692,4222.051,4039.487,0.1881387778962053,0.17496700465345183,0.30622995026586486,0.13320475538043033,0.10801125038406109,0.3269452321105239,0.12079015115096645,0.2143154364292426,0.17287155358087186,0.12171751923637282,0.32480548359607675,0.11897426574148695,0.15577614393807793,0.293916234867083
1226.5625,4212.308,4209.231,4094.359,4208.718,4032.821,0.1881387778962053,0.17496700465345183,0.30622995026586486,0.13320475538043033,0.10801125038406109,0.3269452321105239,0.12079015115096645,0.2143154364292426,0.17287155358087186,0.12171751923637282,0.32480548359607675,0.11897426574148695,0.15577614393807793,0.293916234867083
1234.375,4207.179,4205.128,4082.564,4210.769,4035.385,0.1881387778962053,0.17496700465345183,0.30622995026586486,0.13320475538043033,0.10801125038406109,0.3269452321105239,0.12079015115096645,0.2143154364292426,0.17287155358087186,0.12171751923637282,0.32480548359607675,0.11897426574148695,0.15577614393807793,0.293916234867083
1242.1875,4214.872,4203.077,4071.795,4215.897,4041.538,0.1881387778962053,0.17496700465345183,0.30622995026586486,0.13320475538043033,0.10801125038406109,0.3269452321105239,0.12079015115096645,0.2143154364292426,0.17287155358087186,0.12171751923637282,0.32480548359607675,0.11897426574148695,0.15577614393807793,0.293916234867083
1250.0,4231.282,4205.128,4073.846,4218.974,4053.333,0.1881387778962053,0.17496700465345183,0.30622995026586486,0.13320475538043033,0.10801125038406109,0.3269452321105239,0.12079015115096645,0.2143154364292426,0.17287155358087186,0.12171751923637282,0.32480548359607675,0.11897426574148695,0.15577614393807793,0.293916234867083
1257.8125,4245.128,4225.641,4080.0,4230.256,4074.872,0.1881387778962053,0.17496700465345183,0.30622995026586486,0.13320475538043033,0.10801125038406109,0.3269452321105239,0.12079015115096645,0.2143154364292426,0.17287155358087186,0.12171751923637282,0.32480548359607675,0.11897426574148695,0.15577614393807793,0.293916234867083
1265.625,4238.462,4239.487,4083.077,4238.462,4089.231,0.1881387778962053,0.17496700465345183,0.30622995026586486,0.13320475538043033,0.10801125038406109,0.3269452321105239,0.12079015115096645,0.2143154364292426,0.17287155358087186,0.12171751923637282,0.32480548359607675,0.11897426574148695,0.15577614393807793,0.293916234867083
1273.4375,4226.667,4228.718,4083.59,4227.179,4083.077,0.1881387778962053,0.17496700465345183,0.30622995026586486,0.13320475538043033,0.10801125038406109,0.3269452321105239,0.12079015115096645,0.2143154364292426,0.17287155358087186,0.12171751923637282,0.32480548359607675,0.11897426574148695,0.15577614393807793,0.293916234867083
1281.25,4233.846,4230.256,4095.385,4221.538,4070.256,0.1881387778962053,0.17496700465345183,0.30622995026586486,0.13320475538043033,0.10801125038406109,0.3269452321105239,0.12079015115096645,0.2143154364292426,0.17287155358087186,0.12171751923637282,0.32480548359607675,0.11897426574148695,0.15577614393807793,0.293916234867083
1289.0625,4236.41,4245.641,4104.615,4230.769,4065.128,0.1881387778962053,0.17496700465345183,0.30622995026586486,0.13320475538043033,0.10801125038406109,0.3269452321105239,0.12079015115096645,0.2143154364292426,0.17287155358087186,0.12171751923637282,0.32480548359607675,0.11897426574148695,0.15577614393807793,0.293916234867083
1296.875,4224.103,4244.103,4092.821,4227.692,4069.744,0.1881387778962053,0.17496700465345183,0.30622995026586486,0.13320475538043033,0.10801125038406109,0.3269452321105239,0.12079015115096645,0.2143154364292426,0.17287155358087186,0.12171751923637282,0.32480548359607675,0.11897426574148695,0.15577614393807793,0.293916234867083
1304.6875,4231.282,4233.333,4086.154,4224.103,4082.051,0.1881387778962053,0.17496700465345183,0.30622995026586486,0.13320475538043033,0.10801125038406109,0.3269452321105239,0.12079015115096645,0.2143154364292426,0.17287155358087186,0.12171751923637282,0.32480548359607675,0.11897426574148695,0.15577614393807793,0.293916234867083
1312.5,4250.256,4236.923,4093.846,4241.538,4094.872,0.1881387778962053,0.17496700465345183,0.30622995026586486,0.13320475538043033,0.10801125038406109,0.3269452321105239,0.12079015115096645,0.2143154364292426,0.17287155358087186,0.12171751923637282,0.32480548359607675,0.11897426574148695,0.15577614393807793,0.293916234867083
1320.3125,4251.795,4247.692,4093.333,4249.744,4105.641,0.1881387778962053,0.17496700465345183,0.30622995026586486,0.13320475538043033,0.10801125038406109,0.3269452321105239,0.12079015115096645,0.2143154364292426,0.17287155358087186,0.12171751923637282,0.32480548359607675,0.11897426574148695,0.15577614393807793,0.293916234867083
1328.125,4243.077,4254.872,4091.795,4245.128,4112.821,0.1881387778962053,0.17496700465345183,0.30622995026586486,0.13320475538043033,0.10801125038406109,0.3269452321105239,0.12079015115096645,0.2143154364292426,0.17287155358087186,0.12171751923637282,0.32480548359607675,0.11897426574148695,0.15577614393807793,0.293916234867083
1335.9375,4232.308,4260.0,4096.41,4251.795,4107.692,0.1881387778962053,0.17496700465345183,0.30622995026586486,0.13320475538043033,0.10801125038406109,0.3269452321105239,0.12079015115096645,0.2143154364292426,0.17287155358087186,0.12171751923637282,0.32480548359607675,0.11897426574148695,0.15577614393807793,0.293916234867083
1343.75,4225.641,4262.051,4100.0,4256.41,4105.128,0.1881387778962053,0.17496700465345183,0.30622995026586486,0.13320475538043033,0.10801125038406109,0.3269452321105239,0.12079015115096645,0.2143154364292426,0.17287155358087186,0.12171751923637282,0.32480548359607675,0.11897426574148695,0.15577614393807793,0.293916234867083
1351.5625,4228.205,4262.564,4106.667,4246.667,4114.872,0.1881387778962053,0.17496700465345183,0.30622995026586486,0.13320475538043033,0.10801125038406109,0.3269452321105239,0.12079015115096645,0.2143154364292426,0.17287155358087186,0.12171751923637282,0.32480548359607675,0.11897426574148695,0.15577614393807793,0.293916234867083
1359.375,4225.128,4255.897,4110.256,4235.897,4114.872,0.1881387778962053,0.17496700465345183,0.30622995026586486,0.13320475538043033,0.10801125038406109,0.3269452321105239,0.12079015115096645,0.2143154364292426,0.17287155358087186,0.12171751923637282,0.32480548359607675,0.11897426574148695,0.15577614393807793,0.293916234867083
1367.1875,4218.462,4249.231,4109.744,4227.179,4105.128,0.1881387778962053,0.17496700465345183,0.30622995026586486,0.13320475538043033,0.10801125038406109,0.3269452321105239,0.12079015115096645,0.2143154364292426,0.17287155358087186,0.12171751923637282,0.32480548359607675,0.11897426574148695,0.15577614393807793,0.293916234867083
1375.0,4225.128,4253.846,4122.564,4233.333,4110.256,0.1881387778962053,0.17496700465345183,0.30622995026586486,0.13320475538043033,0.10801125038406109,0.3269452321105239,0.12079015115096645,0.2143154364292426,0.17287155358087186,0.12171751923637282,0.32480548359607675,0.11897426574148695,0.15577614393807793,0.293916234867083
1382.8125,4234.872,4257.436,4136.41,4251.795,4116.923,0.1881387778962053,0.17496700465345183,0.30622995026586486,0.13320475538043033,0.10801125038406109,0.3269452321105239,0.12079015115096645,0.2143154364292426,0.17287155358087186,0.12171751923637282,0.32480548359607675,0.11897426574148695,0.15577614393807793,0.293916234867083
1390.625,4238.462,4254.872,4126.667,4254.872,4101.026,0.1881387778962053,0.17496700465345183,0.30622995026586486,0.13320475538043033,0.10801125038406109,0.3269452321105239,0.12079015115096645,0.2143154364292426,0.17287155358087186,0.12171751923637282,0.32480548359607675,0.11897426574148695,0.15577614393807793,0.293916234867083
1398.4375,4241.026,4266.154,4116.923,4244.615,4097.949,0.1881387778962053,0.17496700465345183,0.30622995026586486,0.13320475538043033,0.10801125038406109,0.3269452321105239,0.12079015115096645,0.2143154364292426,0.17287155358087186,0.12171751923637282,0.32480548359607675,0.11897426574148695,0.15577614393807793,0.293916234867083
1406.25,4229.744,4282.564,4114.359,4240.513,4118.974,0.1881387778962053,0.17496700465345183,0.30622995026586486,0.13320475538043033,0.10801125038406109,0.3269452321105239,0.12079015115096645,0.2143154364292426,0.17287155358087186,0.12171751923637282,0.32480548359607675,0.11897426574148695,0.15577614393807793,0.293916234867083
1414.0625,4211.795,4277.436,4100.0,4232.821,4122.564,0.1881387778962053,0.17496700465345183,0.30622995026586486,0.13320475538043033,0.10801125038406109,0.3269452321105239,0.12079015115096645,0.2143154364292426,0.17287155358087186,0.12171751923637282,0.32480548359607675,0.11897426574148695,0.15577614393807793,0.293916234867083
1421.875,4211.282,4270.769,4096.923,4224.103,4112.821,0.1881387778962053,0.17496700465345183,0.30622995026586486,0.13320475538043033,0.10801125038406109,0.3269452321105239,0.12079015115096645,0.2143154364292426,0.17287155358087186,0.12171751923637282,0.32480548359607675,0.11897426574148695,0.15577614393807793,0.293916234867083
1429.6875,4224.103,4275.385,4117.949,4226.154,4123.077,0.1881387778962053,0.17496700465345183,0.30622995026586486,0.13320475538043033,0.10801125038406109,0.3269452321105239,0.12079015115096645,0.2143154364292426,0.17287155358087186,0.12171751923637282,0.32480548359607675,0.11897426574148695,0.15577614393807793,0.293916234867083
1437.5,4231.282,4273.846,4131.282,4230.256,4135.897,0.1881387778962053,0.17496700465345183,0.30622995026586486,0.13320475538043033,0.10801125038406109,0.3269452321105239,0.12079015115096645,0.2143154364292426,0.17287155358087186,0.12171751923637282,0.32480548359607675,0.11897426574148695,0.15577614393807793,0.293916234867083
1445.3125,4231.795,4271.795,4135.897,4237.949,4128.718,0.1881387778962053,0.17496700465345183,0.30622995026586486,0.13320475538043033,0.10801125038406109,0.3269452321105239,0.12079015115096645,0.2143154364292426,0.17287155358087186,0.12171751923637282,0.32480548359607675,0.11897426574148695,0.15577614393807793,0.293916234867083
1453.125,4235.897,4277.949,4146.667,4243.59,4129.231,0.1881387778962053,0.17496700465345183,0.30622995026586486,0.13320475538043033,0.10801125038406109,0.3269452321105239,0.12079015115096645,0.2143154364292426,0.17287155358087186,0.12171751923637282,0.32480548359607675,0.11897426574148695,0.15577614393807793,0.293916234867083
1460.9375,4242.051,4283.077,4150.256,4236.41,4140.513,0.1881387778962053,0.17496700465345183,0.30622995026586486,0.13320475538043033,0.10801125038406109,0.3269452321105239,0.12079015115096645,0.2143154364292426,0.17287155358087186,0.12171751923637282,0.32480548359607675,0.11897426574148695,0.15577614393807793,0.293916234867083
1468.75,4249.231,4284.615,4145.128,4233.333,4140.0,0.1881387778962053,0.17496700465345183,0.30622995026586486,0.13320475538043033,0.10801125038406109,0.3269452321105239,0.12079015115096645,0.2143154364292426,0.17287155358087186,0.12171751923637282,0.32480548359607675,0.11897426574148695,0.15577614393807793,0.293916234867083
1476.5625,4249.744,4284.103,4142.051,4246.667,4133.333,0.1881387778962053,0.17496700465345183,0.30622995026586486,0.13320475538043033,0.10801125038406109,0.3269452321105239,0.12079015115096645,0.2143154364292426,0.17287155358087186,0.12171751923637282,0.32480548359607675,0.11897426574148695,0.15577614393807793,0.293916234867083
1484.375,4236.41,4280.0,4132.821,4252.821,4125.128,0.1881387778962053,0.17496700465345183,0.30622995026586486,0.13320475538043033,0.10801125038406109,0.3269452321105239,0.12079015115096645,0.2143154364292426,0.17287155358087186,0.12171751923637282,0.32480548359607675,0.11897426574148695,0.15577614393807793,0.293916234867083
1492.1875,4230.769,4282.051,4123.59,4246.667,4126.154,0.1881387778962053,0.17496700465345183,0.30622995026586486,0.13320475538043033,0.10801125038406109,0.3269452321105239,0.12079015115096645,0.2143154364292426,0.17287155358087186,0.12171751923637282,0.32480548359607675,0.11897426574148695,0.15577614393807793,0.293916234867083
1500.0,4236.923,4287.179,4118.974,4245.641,4137.949,0.1881387778962053,0.17496700465345183,0.30622995026586486,0.13320475538043033,0.10801125038406109,0.3269452321105239,0.12079015115096645,0.2143154364292426,0.17287155358087186,0.12171751923637282,0.32480548359607675,0.11897426574148695,0.15577614393807793,0.293916234867083
1507.8125,4241.026,4287.692,4111.795,4245.128,4141.026,0.1881387778962053,0.17496700465345183,0.30622995026586486,0.13320475538043033,0.10801125038406109,0.3269452321105239,0.12079015115096645,0.2143154364292426,0.17287155358087186,0.12171751923637282,0.32480548359607675,0.11897426574148695,0.15577614393807793,0.293916234867083
1515.625,4238.462,4289.231,4115.897,4248.205,4144.615,0.1881387778962053,0.17496700465345183,0.30622995026586486,0.13320475538043033,0.10801125038406109,0.3269452321105239,0.12079015115096645,0.2143154364292426,0.17287155358087186,0.12171751923637282,0.32480548359607675,0.11897426574148695,0.15577614393807793,0.293916234867083
1523.4375,4240.513,4304.103,4135.897,4261.538,4167.692,0.1881387778962053,0.17496700465345183,0.30622995026586486,0.13320475538043033,0.10801125038406109,0.3269452321105239,0.12079015115096645,0.2143154364292426,0.17287155358087186,0.12171751923637282,0.32480548359607675,0.11897426574148695,0.15577614393807793,0.293916234867083
1531.25,4247.692,4320.513,4155.385,4273.846,4189.744,0.1881387778962053,0.17496700465345183,0.30622995026586486,0.13320475538043033,0.10801125038406109,0.3269452321105239,0.12079015115096645,0.2143154364292426,0.17287155358087186,0.12171751923637282,0.32480548359607675,0.11897426574148695,0.15577614393807793,0.293916234867083
1539.0625,4255.897,4326.154,4164.615,4275.897,4192.308,0.1881387778962053,0.17496700465345183,0.30622995026586486,0.13320475538043033,0.10801125038406109,0.3269452321105239,0.12079015115096645,0.2143154364292426,0.17287155358087186,0.12171751923637282,0.32480548359607675,0.11897426574148695,0.15577614393807793,0.293916234867083
1546.875,4254.872,4324.103,4158.974,4269.231,4184.615,0.1881387778962053,0.17496700465345183,0.30622995026586486,0.13320475538043033,0.10801125038406109,0.3269452321105239,0.12079015115096645,0.2143154364292426,0.17287155358087186,0.12171751923637282,0.32480548359607675,0.11897426574148695,0.15577614393807793,0.293916234867083
1554.6875,4235.897,4320.513,4145.128,4261.538,4167.692,0.1881387778962053,0.17496700465345183,0.30622995026586486,0.13320475538043033,0.10801125038406109,0.3269452321105239,0.12079015115096645,0.2143154364292426,0.17287155358087186,0.12171751923637282,0.32480548359607675,0.11897426574148695,0.15577614393807793,0.293916234867083
1562.5,4220.0,4317.949,4143.59,4253.846,4147.179,0.1881387778962053,0.17496700465345183,0.30622995026586486,0.13320475538043033,0.10801125038406109,0.3269452321105239,0.12079015115096645,0.2143154364292426,0.17287155358087186,0.12171751923637282,0.32480548359607675,0.11897426574148695,0.15577614393807793,0.293916234867083
1570.3125,4218.462,4311.282,4148.205,4248.205,4140.513,0.1881387778962053,0.17496700465345183,0.30622995026586486,0.13320475538043033,0.10801125038406109,0.3269452321105239,0.12079015115096645,0.2143154364292426,0.17287155358087186,0.12171751923637282,0.32480548359607675,0.11897426574148695,0.15577614393807793,0.293916234867083
1578.125,4221.026,4307.692,4147.179,4246.667,4145.128,0.1881387778962053,0.17496700465345183,0.30622995026586486,0.13320475538043033,0.10801125038406109,0.3269452321105239,0.12079015115096645,0.2143154364292426,0.17287155358087186,0.12171751923637282,0.32480548359607675,0.11897426574148695,0.15577614393807793,0.293916234867083
1585.9375,4225.641,4308.205,4143.59,4246.667,4147.179,0.1881387778962053,0.17496700465345183,0.30622995026586486,0.13320475538043033,0.10801125038406109,0.3269452321105239,0.12079015115096645,0.2143154364292426,0.17287155358087186,0.12171751923637282,0.32480548359607675,0.11897426574148695,0.15577614393807793,0.293916234867083
1593.75,4231.795,4307.179,4144.615,4252.821,4151.795,0.1881387778962053,0.17496700465345183,0.30622995026586486,0.13320475538043033,0.10801125038406109,0.3269452321105239,0.12079015115096645,0.2143154364292426,0.17287155358087186,0.12171751923637282,0.32480548359607675,0.11897426574148695,0.15577614393807793,0.293916234867083
1601.5625,4238.974,4309.231,4154.359,4265.641,4168.718,0.1881387778962053,0.17496700465345183,0.30622995026586486,0.13320475538043033,0.10801125038406109,0.3269452321105239,0.12079015115096645,0.2143154364292426,0.17287155358087186,0.12171751923637282,0.32480548359607675,0.11897426574148695,0.15577614393807793,0.293916234867083
1609.375,4243.077,4311.795,4161.538,4267.692,4176.41,0.1881387778962053,0.17496700465345183,0.30622995026586486,0.13320475538043033,0.10801125038406109,0.3269452321105239,0.12079015115096645,0.2143154364292426,0.17287155358087186,0.12171751923637282,0.32480548359607675,0.11897426574148695,0.15577614393807793,0.293916234867083
1617.1875,4243.59,4313.846,4152.821,4257.436,4164.103,0.1881387778962053,0.17496700465345183,0.30622995026586486,0.13320475538043033,0.10801125038406109,0.3269452321105239,0.12079015115096645,0.2143154364292426,0.17287155358087186,0.12171751923637282,0.32480548359607675,0.11897426574148695,0.15577614393807793,0.293916234867083
1625.0,4244.615,4313.333,4148.205,4261.538,4163.59,0.1881387778962053,0.17496700465345183,0.30622995026586486,0.13320475538043033,0.10801125038406109,0.3269452321105239,0.12079015115096645,0.2143154364292426,0.17287155358087186,0.12171751923637282,0.32480548359607675,0.11897426574148695,0.15577614393807793,0.293916234867083
1632.8125,4254.359,4316.41,4160.0,4273.333,4182.051,0.1881387778962053,0.17496700465345183,0.30622995026586486,0.13320475538043033,0.10801125038406109,0.3269452321105239,0.12079015115096645,0.2143154364292426,0.17287155358087186,0.12171751923637282,0.32480548359607675,0.11897426574148695,0.15577614393807793,0.293916234867083
1640.625,4260.0,4321.026,4163.59,4265.641,4196.41,0.1881387778962053,0.17496700465345183,0.30622995026586486,0.13320475538043033,0.10801125038406109,0.3269452321105239,0.12079015115096645,0.2143154364292426,0.17287155358087186,0.12171751923637282,0.32480548359607675,0.11897426574148695,0.15577614393807793,0.293916234867083
1648.4375,4262.564,4323.59,4162.051,4260.0,4206.154,0.1881387778962053,0.17496700465345183,0.30622995026586486,0.13320475538043033,0.10801125038406109,0.3269452321105239,0.12079015115096645,0.2143154364292426,0.17287155358087186,0.12171751923637282,0.32480548359607675,0.11897426574148695,0.15577614393807793,0.293916234867083
1656.25,4275.897,4329.231,4179.487,4276.41,4211.282,0.1881387778962053,0.17496700465345183,0.30622995026586486,0.13320475538043033,0.10801125038406109,0.3269452321105239,0.12079015115096645,0.2143154364292426,0.17287155358087186,0.12171751923637282,0.32480548359607675,0.11897426574148695,0.15577614393807793,0.293916234867083
1664.0625,4272.308,4335.897,4196.41,4284.103,4197.436,0.1881387778962053,0.17496700465345183,0.30622995026586486,0.13320475538043033,0.10801125038406109,0.3269452321105239,0.12079015115096645,0.2143154364292426,0.17287155358087186,0.12171751923637282,0.32480548359607675,0.11897426574148695,0.15577614393807793,0.293916234867083
1671.875,4250.256,4333.846,4186.154,4266.154,4180.513,0.1881387778962053,0.17496700465345183,0.30622995026586486,0.13320475538043033,0.10801125038406109,0.3269452321105239,0.12079015115096645,0.2143154364292426,0.17287155358087186,0.12171751923637282,0.32480548359607675,0.11897426574148695,0.15577614393807793,0.293916234867083
1679.6875,4245.641,4319.487,4163.59,4246.667,4180.513,0.1881387778962053,0.17496700465345183,0.30622995026586486,0.13320475538043033,0.10801125038406109,0.3269452321105239,0.12079015115096645,0.2143154364292426,0.17287155358087186,0.12171751923637282,0.32480548359607675,0.11897426574148695,0.15577614393807793,0.293916234867083
1687.5,4264.103,4318.974,4161.538,4251.282,4190.256,0.1881387778962053,0.17496700465345183,0.30622995026586486,0.13320475538043033,0.10801125038406109,0.3269452321105239,0.12079015115096645,0.2143154364292426,0.17287155358087186,0.12171751923637282,0.32480548359607675,0.11897426574148695,0.15577614393807793,0.293916234867083
1695.3125,4282.564,4330.769,4176.923,4266.154,4212.308,0.1881387778962053,0.17496700465345183,0.30622995026586486,0.13320475538043033,0.10801125038406109,0.3269452321105239,0.12079015115096645,0.2143154364292426,0.17287155358087186,0.12171751923637282,0.32480548359607675,0.11897426574148695,0.15577614393807793,0.293916234867083
1703.125,4293.333,4336.41,4191.795,4272.308,4241.538,0.1881387778962053,0.17496700465345183,0.30622995026586486,0.13320475538043033,0.10801125038406109,0.3269452321105239,0.12079015115096645,0.2143154364292426,0.17287155358087186,0.12171751923637282,0.32480548359607675,0.11897426574148695,0.15577614393807793,0.293916234867083
1710.9375,4289.744,4338.974,4196.923,4276.923,4243.59,0.1881387778962053,0.17496700465345183,0.30622995026586486,0.13320475538043033,0.10801125038406109,0.3269452321105239,0.12079015115096645,0.2143154364292426,0.17287155358087186,0.12171751923637282,0.32480548359607675,0.11897426574148695,0.15577614393807793,0.293916234867083
1718.75,4275.897,4334.872,4190.256,4271.282,4224.103,0.1881387778962053,0.17496700465345183,0.30622995026586486,0.13320475538043033,0.10801125038406109,0.3269452321105239,0.12079015115096645,0.2143154364292426,0.17287155358087186,0.12171751923637282,0.32480548359607675,0.11897426574148695,0.15577614393807793,0.293916234867083
1726.5625,4272.821,4330.769,4177.949,4250.256,4221.538,0.1881387778962053,0.17496700465345183,0.30622995026586486,0.13320475538043033,0.10801125038406109,0.3269452321105239,0.12079015115096645,0.2143154364292426,0.17287155358087186,0.12171751923637282,0.32480548359607675,0.11897426574148695,0.15577614393807793,0.293916234867083
1734.375,4276.41,4338.974,4175.385,4238.974,4230.256,0.1881387778962053,0.17496700465345183,0.30622995026586486,0.13320475538043033,0.10801125038406109,0.3269452321105239,0.12079015115096645,0.2143154364292426,0.17287155358087186,0.12171751923637282,0.32480548359607675,0.11897426574148695,0.15577614393807793,0.293916234867083
1742.1875,4272.821,4342.051,4182.564,4244.103,4227.692,0.1881387778962053,0.17496700465345183,0.30622995026586486,0.13320475538043033,0.10801125038406109,0.3269452321105239,0.12079015115096645,0.2143154364292426,0.17287155358087186,0.12171751923637282,0.32480548359607675,0.11897426574148695,0.15577614393807793,0.293916234867083
1750.0,4263.077,4331.282,4184.615,4242.564,4220.513,0.1881387778962053,0.17496700465345183,0.30622995026586486,0.13320475538043033,0.10801125038406109,0.3269452321105239,0.12079015115096645,0.2143154364292426,0.17287155358087186,0.12171751923637282,0.32480548359607675,0.11897426574148695,0.15577614393807793,0.293916234867083
1757.8125,4262.051,4334.872,4185.128,4241.538,4228.718,0.1881387778962053,0.17496700465345183,0.30622995026586486,0.13320475538043033,0.10801125038406109,0.3269452321105239,0.12079015115096645,0.2143154364292426,0.17287155358087186,0.12171751923637282,0.32480548359607675,0.11897426574148695,0.15577614393807793,0.293916234867083
1765.625,4274.359,4355.385,4200.0,4258.462,4263.59,0.1881387778962053,0.17496700465345183,0.30622995026586486,0.13320475538043033,0.10801125038406109,0.3269452321105239,0.12079015115096645,0.2143154364292426,0.17287155358087186,0.12171751923637282,0.32480548359607675,0.11897426574148695,0.15577614393807793,0.293916234867083
1773.4375,4270.769,4355.897,4206.154,4267.692,4279.487,0.1881387778962053,0.17496700465345183,0.30622995026586486,0.13320475538043033,0.10801125038406109,0.3269452321105239,0.12079015115096645,0.2143154364292426,0.17287155358087186,0.12171751923637282,0.32480548359607675,0.11897426574148695,0.15577614393807793,0.293916234867083
1781.25,4256.41,4351.282,4197.949,4257.436,4256.41,0.1881387778962053,0.17496700465345183,0.30622995026586486,0.13320475538043033,0.10801125038406109,0.3269452321105239,0.12079015115096645,0.2143154364292426,0.17287155358087186,0.12171751923637282,0.32480548359607675,0.11897426574148695,0.15577614393807793,0.293916234867083
1789.0625,4261.538,4364.103,4197.949,4250.769,4241.026,0.1881387778962053,0.17496700465345183,0.30622995026586486,0.13320475538043033,0.10801125038406109,0.3269452321105239,0.12079015115096645,0.2143154364292426,0.17287155358087186,0.12171751923637282,0.32480548359607675,0.11897426574148695,0.15577614393807793,0.293916234867083
1796.875,4275.897,4374.359,4203.077,4257.949,4252.308,0.1881387778962053,0.17496700465345183,0.30622995026586486,0.13320475538043033,0.10801125038406109,0.3269452321105239,0.12079015115096645,0.2143154364292426,0.17287155358087186,0.12171751923637282,0.32480548359607675,0.11897426574148695,0.15577614393807793,0.293916234867083
1804.6875,4271.282,4367.179,4197.949,4263.59,4255.385,0.1881387778962053,0.17496700465345183,0.30622995026586486,0.13320475538043033,0.10801125038406109,0.3269452321105239,0.12079015115096645,0.2143154364292426,0.17287155358087186,0.12171751923637282,0.32480548359607675,0.11897426574148695,0.15577614393807793,0.293916234867083
1812.5,4260.513,4355.385,4188.718,4261.026,4245.128,0.1881387778962053,0.17496700465345183,0.30622995026586486,0.13320475538043033,0.10801125038406109,0.3269452321105239,0.12079015115096645,0.2143154364292426,0.17287155358087186,0.12171751923637282,0.32480548359607675,0.11897426574148695,0.15577614393807793,0.293916234867083
1820.3125,4264.615,4358.462,4187.179,4263.077,4248.205,0.1881387778962053,0.17496700465345183,0.30622995026586486,0.13320475538043033,0.10801125038406109,0.3269452321105239,0.12079015115096645,0.2143154364292426,0.17287155358087186,0.12171751923637282,0.32480548359607675,0.11897426574148695,0.15577614393807793,0.293916234867083
1828.125,4270.256,4367.179,4191.795,4265.641,4260.513,0.1881387778962053,0.17496700465345183,0.30622995026586486,0.13320475538043033,0.10801125038406109,0.3269452321105239,0.12079015115096645,0.2143154364292426,0.17287155358087186,0.12171751923637282,0.32480548359607675,0.11897426574148695,0.15577614393807793,0.293916234867083
1835.9375,4260.0,4362.564,4192.308,4258.462,4260.513,0.1881387778962053,0.17496700465345183,0.30622995026586486,0.13320475538043033,0.10801125038406109,0.3269452321105239,0.12079015115096645,0.2143154364292426,0.17287155358087186,0.12171751923637282,0.32480548359607675,0.11897426574148695,0.15577614393807793,0.293916234867083
1843.75,4251.282,4356.41,4185.641,4252.308,4256.41,0.1881387778962053,0.17496700465345183,0.30622995026586486,0.13320475538043033,0.10801125038406109,0.3269452321105239,0.12079015115096645,0.2143154364292426,0.17287155358087186,0.12171751923637282,0.32480548359607675,0.11897426574148695,0.15577614393807793,0.293916234867083
1851.5625,4266.667,4362.564,4186.154,4257.949,4269.744,0.1881387778962053,0.17496700465345183,0.30622995026586486,0.13320475538043033,0.10801125038406109,0.3269452321105239,0.12079015115096645,0.2143154364292426,0.17287155358087186,0.12171751923637282,0.32480548359607675,0.11897426574148695,0.15577614393807793,0.293916234867083
1859.375,4276.41,4364.615,4192.308,4262.051,4285.128,0.1881387778962053,0.17496700465345183,0.30622995026586486,0.13320475538043033,0.10801125038406109,0.3269452321105239,0.12079015115096645,0.2143154364292426,0.17287155358087186,0.12171751923637282,0.32480548359607675,0.11897426574148695,0.15577614393807793,0.293916234867083
1867.1875,4268.205,4364.103,4195.897,4266.154,4285.641,0.1881387778962053,0.17496700465345183,0.30622995026586486,0.13320475538043033,0.10801125038406109,0.3269452321105239,0.12079015115096645,0.2143154364292426,0.17287155358087186,0.12171751923637282,0.32480548359607675,0.11897426574148695,0.15577614393807793,0.293916234867083
1875.0,4285.128,4377.949,4210.769,4286.154,4290.769,0.1881387778962053,0.17496700465345183,0.30622995026586486,0.13320475538043033,0.10801125038406109,0.3269452321105239,0.12079015115096645,0.2143154364292426,0.17287155358087186,0.12171751923637282,0.32480548359607675,0.11897426574148695,0.15577614393807793,0.293916234867083
1882.8125,4304.103,4377.949,4215.897,4285.128,4294.359,0.1881387778962053,0.17496700465345183,0.30622995026586486,0.13320475538043033,0.10801125038406109,0.3269452321105239,0.12079015115096645,0.2143154364292426,0.17287155358087186,0.12171751923637282,0.32480548359607675,0.11897426574148695,0.15577614393807793,0.293916234867083
1890.625,4282.051,4355.385,4197.436,4250.769,4279.487,0.1881387778962053,0.17496700465345183,0.30622995026586486,0.13320475538043033,0.10801125038406109,0.3269452321105239,0.12079015115096645,0.2143154364292426,0.17287155358087186,0.12171751923637282,0.32480548359607675,0.11897426574148695,0.15577614393807793,0.293916234867083
1898.4375,4265.128,4353.846,4190.256,4233.333,4264.615,0.1881387778962053,0.17496700465345183,0.30622995026586486,0.13320475538043033,0.10801125038406109,0.3269452321105239,0.12079015115096645,0.2143154364292426,0.17287155358087186,0.12171751923637282,0.32480548359607675,0.11897426574148695,0.15577614393807793,0.293916234867083
1906.25,4280.513,4374.359,4206.667,4246.154,4267.692,0.1881387778962053,0.17496700465345183,0.30622995026586486,0.13320475538043033,0.10801125038406109,0.3269452321105239,0.12079015115096645,0.2143154364292426,0.17287155358087186,0.12171751923637282,0.32480548359607675,0.11897426574148695,0.15577614393807793,0.293916234867083
1914.0625,4283.077,4377.949,4216.41,4244.615,4272.308,0.1881387778962053,0.17496700465345183,0.30622995026586486,0.13320475538043033,0.10801125038406109,0.3269452321105239,0.12079015115096645,0.2143154364292426,0.17287155358087186,0.12171751923637282,0.32480548359607675,0.11897426574148695,0.15577614393807793,0.293916234867083
1921.875,4265.128,4361.026,4208.718,4228.718,4266.667,0.1881387778962053,0.17496700465345183,0.30622995026586486,0.13320475538043033,0.10801125038406109,0.3269452321105239,0.12079015115096645,0.2143154364292426,0.17287155358087186,0.12171751923637282,0.32480548359607675,0.11897426574148695,0.15577614393807793,0.293916234867083
1929.6875,4263.077,4351.795,4200.0,4233.846,4268.718,0.1881387778962053,0.17496700465345183,0.30622995026586486,0.13320475538043033,0.10801125038406109,0.3269452321105239,0.12079015115096645,0.2143154364292426,0.17287155358087186,0.12171751923637282,0.32480548359607675,0.11897426574148695,0.15577614393807793,0.293916234867083
1937.5,4285.641,4368.205,4209.231,4256.41,4293.333,0.1881387778962053,0.17496700465345183,0.30622995026586486,0.13320475538043033,0.10801125038406109,0.3269452321105239,0.12079015115096645,0.2143154364292426,0.17287155358087186,0.12171751923637282,0.32480548359607675,0.11897426574148695,0.15577614393807793,0.293916234867083
1945.3125,4303.59,4389.231,4226.154,4269.231,4313.846,0.1881387778962053,0.17496700465345183,0.30622995026586486,0.13320475538043033,0.10801125038406109,0.3269452321105239,0.12079015115096645,0.2143154364292426,0.17287155358087186,0.12171751923637282,0.32480548359607675,0.11897426574148695,0.15577614393807793,0.293916234867083
1953.125,4292.308,4389.231,4223.59,4261.538,4307.179,0.1881387778962053,0.17496700465345183,0.30622995026586486,0.13320475538043033,0.10801125038406109,0.3269452321105239,0.12079015115096645,0.2143154364292426,0.17287155358087186,0.12171751923637282,0.32480548359607675,0.11897426574148695,0.15577614393807793,0.293916234867083
1960.9375,4277.949,4380.513,4211.795,4250.256,4301.538,0.1881387778962053,0.17496700465345183,0.30622995026586486,0.13320475538043033,0.10801125038406109,0.3269452321105239,0.12079015115096645,0.2143154364292426,0.17287155358087186,0.12171751923637282,0.32480548359607675,0.11897426574148695,0.15577614393807793,0.293916234867083
1968.75,4295.897,4382.051,4217.949,4253.846,4313.333,0.1881387778962053,0.17496700465345183,0.30622995026586486,0.13320475538043033,0.10801125038406109,0.3269452321105239,0.12079015115096645,0.2143154364292426,0.17287155358087186,0.12171751923637282,0.32480548359607675,0.11897426574148695,0.15577614393807793,0.293916234867083
1976.5625,4309.231,4384.615,4226.667,4267.692,4321.538,0.1881387778962053,0.17496700465345183,0.30622995026586486,0.13320475538043033,0.10801125038406109,0.3269452321105239,0.12079015115096645,0.2143154364292426,0.17287155358087186,0.12171751923637282,0.32480548359607675,0.11897426574148695,0.15577614393807793,0.293916234867083
1984.375,4290.769,4372.308,4217.949,4272.821,4320.0,0.1881387778962053,0.17496700465345183,0.30622995026586486,0.13320475538043033,0.10801125038406109,0.3269452321105239,0.12079015115096645,0.2143154364292426,0.17287155358087186,0.12171751923637282,0.32480548359607675,0.11897426574148695,0.15577614393807793,0.293916234867083
1992.1875,4280.513,4360.513,4205.641,4265.128,4322.051,0.1881387778962053,0.17496700465345183,0.30622995026586486,0.13320475538043033,0.10801125038406109,0.3269452321105239,0.12079015115096645,0.2143154364292426,0.17287155358087186,0.12171751923637282,0.32480548359607675,0.11897426574148695,0.15577614393807793,0.293916234867083
2000.0,4292.308,4363.077,4208.718,4255.897,4324.103,0.1881387778962053,0.17496700465345183,0.30622995026586486,0.13320475538043033,0.10801125038406109,0.3269452321105239,0.12079015115096645,0.2143154364292426,0.17287155358087186,0.12171751923637282,0.32480548359607675,0.11897426574148695,0.15577614393807793,0.293916234867083
2007.8125,4297.436,4370.256,4218.974,4255.385,4324.103,0.1881387778962053,0.17496700465345183,0.30622995026586486,0.13320475538043033,0.10801125038406109,0.3269452321105239,0.12079015115096645,0.2143154364292426,0.17287155358087186,0.12171751923637282,0.32480548359607675,0.11897426574148695,0.15577614393807793,0.293916234867083
2015.625,4281.538,4367.179,4217.949,4254.872,4326.667,0.1881387778962053,0.17496700465345183,0.30622995026586486,0.13320475538043033,0.10801125038406109,0.3269452321105239,0.12079015115096645,0.2143154364292426,0.17287155358087186,0.12171751923637282,0.32480548359607675,0.11897426574148695,0.15577614393807793,0.293916234867083
2023.4375,4265.128,4360.0,4208.718,4242.564,4323.59,0.1881387778962053,0.17496700465345183,0.30622995026586486,0.13320475538043033,0.10801125038406109,0.3269452321105239,0.12079015115096645,0.2143154364292426,0.17287155358087186,0.12171751923637282,0.32480548359607675,0.11897426574148695,0.15577614393807793,0.293916234867083
2031.25,4267.179,4365.128,4208.205,4228.718,4323.077,0.1881387778962053,0.17496700465345183,0.30622995026586486,0.13320475538043033,0.10801125038406109,0.3269452321105239,0.12079015115096645,0.2143154364292426,0.17287155358087186,0.12171751923637282,0.32480548359607675,0.11897426574148695,0.15577614393807793,0.293916234867083
2039.0625,4281.026,4377.436,4215.385,4229.231,4333.846,0.1881387778962053,0.17496700465345183,0.30622995026586486,0.13320475538043033,0.10801125038406109,0.3269452321105239,0.12079015115096645,0.2143154364292426,0.17287155358087186,0.12171751923637282,0.32480548359607675,0.11897426574148695,0.15577614393807793,0.293916234867083
2046.875,4288.205,4381.538,4218.462,4242.564,4340.513,0.1881387778962053,0.17496700465345183,0.30622995026586486,0.13320475538043033,0.10801125038406109,0.3269452321105239,0.12079015115096645,0.2143154364292426,0.17287155358087186,0.12171751923637282,0.32480548359607675,0.11897426574148695,0.15577614393807793,0.293916234867083
2054.6875,4287.179,4382.051,4214.359,4252.821,4347.692,0.1881387778962053,0.17496700465345183,0.30622995026586486,0.13320475538043033,0.10801125038406109,0.3269452321105239,0.12079015115096645,0.2143154364292426,0.17287155358087186,0.12171751923637282,0.32480548359607675,0.11897426574148695,0.15577614393807793,0.293916234867083
2062.5,4288.205,4384.615,4209.744,4249.744,4353.846,0.1881387778962053,0.17496700465345183,0.30622995026586486,0.13320475538043033,0.10801125038406109,0.3269452321105239,0.12079015115096645,0.2143154364292426,0.17287155358087186,0.12171751923637282,0.32480548359607675,0.11897426574148695,0.15577614393807793,0.293916234867083
2070.3125,4281.538,4375.385,4203.59,4235.897,4332.308,0.1881387778962053,0.17496700465345183,0.30622995026586486,0.13320475538043033,0.10801125038406109,0.3269452321105239,0.12079015115096645,0.2143154364292426,0.17287155358087186,0.12171751923637282,0.32480548359607675,0.11897426574148695,0.15577614393807793,0.293916234867083
2078.125,4265.128,4363.077,4191.282,4223.59,4304.615,0.1881387778962053,0.17496700465345183,0.30622995026586486,0.13320475538043033,0.10801125038406109,0.3269452321105239,0.12079015115096645,0.2143154364292426,0.17287155358087186,0.12171751923637282,0.32480548359607675,0.11897426574148695,0.15577614393807793,0.293916234867083
2085.9375,4264.103,4370.256,4188.718,4226.667,4317.436,0.1881387778962053,0.17496700465345183,0.30622995026586486,0.13320475538043033,0.10801125038406109,0.3269452321105239,0.12079015115096645,0.2143154364292426,0.17287155358087186,0.12171751923637282,0.32480548359607675,0.11897426574148695,0.15577614393807793,0.293916234867083
2093.75,4285.128,4382.051,4198.462,4236.41,4336.41,0.1881387778962053,0.17496700465345183,0.30622995026586486,0.13320475538043033,0.10801125038406109,0.3269452321105239,0.12079015115096645,0.2143154364292426,0.17287155358087186,0.12171751923637282,0.32480548359607675,0.11897426574148695,0.15577614393807793,0.293916234867083
2101.5625,4302.051,4383.077,4208.205,4244.103,4332.308,0.1881387778962053,0.17496700465345183,0.30622995026586486,0.13320475538043033,0.10801125038406109,0.3269452321105239,0.12079015115096645,0.2143154364292426,0.17287155358087186,0.12171751923637282,0.32480548359607675,0.11897426574148695,0.15577614393807793,0.293916234867083
2109.375,4303.077,4383.077,4218.974,4252.308,4340.513,0.1881387778962053,0.17496700465345183,0.30622995026586486,0.13320475538043033,0.10801125038406109,0.3269452321105239,0.12079015115096645,0.2143154364292426,0.17287155358087186,0.12171751923637282,0.32480548359607675,0.11897426574148695,0.15577614393807793,0.293916234867083
2117.1875,4302.051,4385.641,4227.179,4257.436,4358.974,0.1881387778962053,0.17496700465345183,0.30622995026586486,0.13320475538043033,0.10801125038406109,0.3269452321105239,0.12079015115096645,0.2143154364292426,0.17287155358087186,0.12171751923637282,0.32480548359607675,0.11897426574148695,0.15577614393807793,0.293916234867083
2125.0,4305.128,4381.538,4228.205,4261.538,4355.897,0.1881387778962053,0.17496700465345183,0.30622995026586486,0.13320475538043033,0.10801125038406109,0.3269452321105239,0.12079015115096645,0.2143154364292426,0.17287155358087186,0.12171751923637282,0.32480548359607675,0.11897426574148695,0.15577614393807793,0.293916234867083
2132.8125,4297.436,4373.846,4223.59,4257.949,4334.359,0.1881387778962053,0.17496700465345183,0.30622995026586486,0.13320475538043033,0.10801125038406109,0.3269452321105239,0.12079015115096645,0.2143154364292426,0.17287155358087186,0.12171751923637282,0.32480548359607675,0.11897426574148695,0.15577614393807793,0.293916234867083
2140.625,4275.897,4371.282,4218.462,4245.128,4322.051,0.1881387778962053,0.17496700465345183,0.30622995026586486,0.13320475538043033,0.10801125038406109,0.3269452321105239,0.12079015115096645,0.2143154364292426,0.17287155358087186,0.12171751923637282,0.32480548359607675,0.11897426574148695,0.15577614393807793,0.293916234867083
2148.4375,4267.692,4374.359,4217.949,4236.923,4326.667,0.1881387778962053,0.17496700465345183,0.30622995026586486,0.13320475538043033,0.10801125038406109,0.3269452321105239,0.12079015115096645,0.2143154364292426,0.17287155358087186,0.12171751923637282,0.32480548359607675,0.11897426574148695,0.15577614393807793,0.293916234867083
2156.25,4275.897,4379.487,4220.0,4240.0,4342.051,0.1881387778962053,0.17496700465345183,0.30622995026586486,0.13320475538043033,0.10801125038406109,0.3269452321105239,0.12079015115096645,0.2143154364292426,0.17287155358087186,0.12171751923637282,0.32480548359607675,0.11897426574148695,0.15577614393807793,0.293916234867083
2164.0625,4271.282,4381.026,4215.897,4243.077,4349.231,0.1881387778962053,0.17496700465345183,0.30622995026586486,0.13320475538043033,0.10801125038406109,0.3269452321105239,0.12079015115096645,0.2143154364292426,0.17287155358087186,0.12171751923637282,0.32480548359607675,0.11897426574148695,0.15577614393807793,0.293916234867083
2171.875,4270.769,4379.487,4216.41,4246.667,4345.641,0.1881387778962053,0.17496700465345183,0.30622995026586486,0.13320475538043033,0.10801125038406109,0.3269452321105239,0.12079015115096645,0.2143154364292426,0.17287155358087186,0.12171751923637282,0.32480548359607675,0.11897426574148695,0.15577614393807793,0.293916234867083
2179.6875,4283.077,4378.462,4221.538,4252.821,4341.538,0.1881387778962053,0.17496700465345183,0.30622995026586486,0.13320475538043033,0.10801125038406109,0.3269452321105239,0.12079015115096645,0.2143154364292426,0.17287155358087186,0.12171751923637282,0.32480548359607675,0.11897426574148695,0.15577614393807793,0.293916234867083
2187.5,4276.923,4372.821,4207.692,4247.692,4337.949,0.1881387778962053,0.17496700465345183,0.30622995026586486,0.13320475538043033,0.10801125038406109,0.3269452321105239,0.12079015115096645,0.2143154364292426,0.17287155358087186,0.12171751923637282,0.32480548359607675,0.11897426574148695,0.15577614393807793,0.293916234867083
2195.3125,4260.0,4363.59,4190.256,4238.462,4338.462,0.1881387778962053,0.17496700465345183,0.30622995026586486,0.13320475538043033,0.10801125038406109,0.3269452321105239,0.12079015115096645,0.2143154364292426,0.17287155358087186,0.12171751923637282,0.32480548359607675,0.11897426574148695,0.15577614393807793,0.293916234867083
2203.125,4262.051,4362.564,4195.385,4237.949,4349.744,0.1881387778962053,0.17496700465345183,0.30622995026586486,0.13320475538043033,0.10801125038406109,0.3269452321105239,0.12079015115096645,0.2143154364292426,0.17287155358087186,0.12171751923637282,0.32480548359607675,0.11897426574148695,0.15577614393807793,0.293916234867083
2210.9375,4280.0,4365.641,4205.128,4237.436,4360.513,0.1881387778962053,0.17496700465345183,0.30622995026586486,0.13320475538043033,0.10801125038406109,0.3269452321105239,0.12079015115096645,0.2143154364292426,0.17287155358087186,0.12171751923637282,0.32480548359607675,0.11897426574148695,0.15577614393807793,0.293916234867083
2218.75,4287.179,4363.59,4205.641,4234.359,4358.462,0.1881387778962053,0.17496700465345183,0.30622995026586486,0.13320475538043033,0.10801125038406109,0.3269452321105239,0.12079015115096645,0.2143154364292426,0.17287155358087186,0.12171751923637282,0.32480548359607675,0.11897426574148695,0.15577614393807793,0.293916234867083
2226.5625,4277.949,4365.641,4205.641,4230.769,4349.744,0.1881387778962053,0.17496700465345183,0.30622995026586486,0.13320475538043033,0.10801125038406109,0.3269452321105239,0.12079015115096645,0.2143154364292426,0.17287155358087186,0.12171751923637282,0.32480548359607675,0.11897426574148695,0.15577614393807793,0.293916234867083
2234.375,4271.795,4366.667,4208.718,4226.667,4342.051,0.1881387778962053,0.17496700465345183,0.30622995026586486,0.13320475538043033,0.10801125038406109,0.3269452321105239,0.12079015115096645,0.2143154364292426,0.17287155358087186,0.12171751923637282,0.32480548359607675,0.11897426574148695,0.15577614393807793,0.293916234867083
2242.1875,4286.154,4370.256,4218.462,4225.128,4349.744,0.1881387778962053,0.17496700465345183,0.30622995026586486,0.13320475538043033,0.10801125038406109,0.3269452321105239,0.12079015115096645,0.2143154364292426,0.17287155358087186,0.12171751923637282,0.32480548359607675,0.11897426574148695,0.15577614393807793,0.293916234867083
2250.0,4288.205,4371.282,4225.128,4219.487,4355.897,0.1881387778962053,0.17496700465345183,0.30622995026586486,0.13320475538043033,0.10801125038406109,0.3269452321105239,0.12079015115096645,0.2143154364292426,0.17287155358087186,0.12171751923637282,0.32480548359607675,0.11897426574148695,0.15577614393807793,0.293916234867083
2257.8125,4260.0,4355.897,4209.231,4203.59,4333.846,0.1881387778962053,0.17496700465345183,0.30622995026586486,0.13320475538043033,0.10801125038406109,0.3269452321105239,0.12079015115096645,0.2143154364292426,0.17287155358087186,0.12171751923637282,0.32480548359607675,0.11897426574148695,0.15577614393807793,0.293916234867083
2265.625,4249.744,4347.692,4197.436,4198.974,4320.0,0.1881387778962053,0.17496700465345183,0.30622995026586486,0.13320475538043033,0.10801125038406109,0.3269452321105239,0.12079015115096645,0.2143154364292426,0.17287155358087186,0.12171751923637282,0.32480548359607675,0.11897426574148695,0.15577614393807793,0.293916234867083
2273.4375,4269.744,4358.974,4213.333,4219.487,4340.513,0.1881387778962053,0.17496700465345183,0.30622995026586486,0.13320475538043033,0.10801125038406109,0.3269452321105239,0.12079015115096645,0.2143154364292426,0.17287155358087186,0.12171751923637282,0.32480548359607675,0.11897426574148695,0.15577614393807793,0.293916234867083
2281.25,4286.667,4368.718,4229.231,4233.333,4360.0,0.1881387778962053,0.17496700465345183,0.30622995026586486,0.13320475538043033,0.10801125038406109,0.3269452321105239,0.12079015115096645,0.2143154364292426,0.17287155358087186,0.12171751923637282,0.32480548359607675,0.11897426574148695,0.15577614393807793,0.293916234867083
2289.0625,4282.051,4364.615,4223.59,4219.487,4353.846,0.1881387778962053,0.17496700465345183,0.30622995026586486,0.13320475538043033,0.10801125038406109,0.3269452321105239,0.12079015115096645,0.2143154364292426,0.17287155358087186,0.12171751923637282,0.32480548359607675,0.11897426574148695,0.15577614393807793,0.293916234867083
2296.875,4278.462,4365.641,4220.513,4209.231,4353.333,0.1881387778962053,0.17496700465345183,0.30622995026586486,0.13320475538043033,0.10801125038406109,0.3269452321105239,0.12079015115096645,0.2143154364292426,0.17287155358087186,0.12171751923637282,0.32480548359607675,0.11897426574148695,0.15577614393807793,0.293916234867083
2304.6875,4284.615,4366.667,4226.154,4208.718,4358.462,0.1881387778962053,0.17496700465345183,0.30622995026586486,0.13320475538043033,0.10801125038406109,0.3269452321105239,0.12079015115096645,0.2143154364292426,0.17287155358087186,0.12171751923637282,0.32480548359607675,0.11897426574148695,0.15577614393807793,0.293916234867083
2312.5,4280.513,4361.026,4222.051,4195.897,4356.41,0.1881387778962053,0.17496700465345183,0.30622995026586486,0.13320475538043033,0.10801125038406109,0.3269452321105239,0.12079015115096645,0.2143154364292426,0.17287155358087186,0.12171751923637282,0.32480548359607675,0.11897426574148695,0.15577614393807793,0.293916234867083
2320.3125,4270.769,4364.103,4219.487,4189.744,4365.128,0.1881387778962053,0.17496700465345183,0.30622995026586486,0.13320475538043033,0.10801125038406109,0.3269452321105239,0.12079015115096645,0.2143154364292426,0.17287155358087186,0.12171751923637282,0.32480548359607675,0.11897426574148695,0.15577614393807793,0.293916234867083
2328.125,4274.359,4370.769,4234.872,4207.692,4377.436,0.1881387778962053,0.17496700465345183,0.30622995026586486,0.13320475538043033,0.10801125038406109,0.3269452321105239,0.12079015115096645,0.2143154364292426,0.17287155358087186,0.12171751923637282,0.32480548359607675,0.11897426574148695,0.15577614393807793,0.293916234867083
2335.9375,4283.077,4380.0,4249.231,4223.59,4379.487,0.1881387778962053,0.17496700465345183,0.30622995026586486,0.13320475538043033,0.10801125038406109,0.3269452321105239,0.12079015115096645,0.2143154364292426,0.17287155358087186,0.12171751923637282,0.32480548359607675,0.11897426574148695,0.15577614393807793,0.293916234867083
2343.75,4285.641,4389.744,4248.718,4224.103,4378.974,0.1881387778962053,0.17496700465345183,0.30622995026586486,0.13320475538043033,0.10801125038406109,0.3269452321105239,0.12079015115096645,0.2143154364292426,0.17287155358087186,0.12171751923637282,0.32480548359607675,0.11897426574148695,0.15577614393807793,0.293916234867083
2351.5625,4277.949,4387.692,4235.897,4214.359,4384.615,0.1881387778962053,0.17496700465345183,0.30622995026586486,0.13320475538043033,0.10801125038406109,0.3269452321105239,0.12079015115096645,0.2143154364292426,0.17287155358087186,0.12171751923637282,0.32480548359607675,0.11897426574148695,0.15577614393807793,0.293916234867083
2359.375,4264.103,4377.949,4223.077,4201.026,4380.513,0.1881387778962053,0.17496700465345183,0.30622995026586486,0.13320475538043033,0.10801125038406109,0.3269452321105239,0.12079015115096645,0.2143154364292426,0.17287155358087186,0.12171751923637282,0.32480548359607675,0.11897426574148695,0.15577614393807793,0.293916234867083
2367.1875,4274.359,4383.59,4228.205,4207.692,4381.538,0.1881387778962053,0.17496700465345183,0.30622995026586486,0.13320475538043033,0.10801125038406109,0.3269452321105239,0.12079015115096645,0.2143154364292426,0.17287155358087186,0.12171751923637282,0.32480548359607675,0.11897426574148695,0.15577614393807793,0.293916234867083
2375.0,4298.974,4387.692,4250.769,4228.205,4401.538,0.1881387778962053,0.17496700465345183,0.30622995026586486,0.13320475538043033,0.10801125038406109,0.3269452321105239,0.12079015115096645,0.2143154364292426,0.17287155358087186,0.12171751923637282,0.32480548359607675,0.11897426574148695,0.15577614393807793,0.293916234867083
2382.8125,4293.333,4369.231,4256.923,4222.051,4406.154,0.1881387778962053,0.17496700465345183,0.30622995026586486,0.13320475538043033,0.10801125038406109,0.3269452321105239,0.12079015115096645,0.2143154364292426,0.17287155358087186,0.12171751923637282,0.32480548359607675,0.11897426574148695,0.15577614393807793,0.293916234867083
2390.625,4284.615,4366.667,4250.256,4212.821,4402.051,0.1881387778962053,0.17496700465345183,0.30622995026586486,0.13320475538043033,0.10801125038406109,0.3269452321105239,0.12079015115096645,0.2143154364292426,0.17287155358087186,0.12171751923637282,0.32480548359607675,0.11897426574148695,0.15577614393807793,0.293916234867083
2398.4375,4300.513,4384.103,4256.923,4223.077,4400.513,0.1881387778962053,0.17496700465345183,0.30622995026586486,0.13320475538043033,0.10801125038406109,0.3269452321105239,0.12079015115096645,0.2143154364292426,0.17287155358087186,0.12171751923637282,0.32480548359607675,0.11897426574148695,0.15577614393807793,0.293916234867083
2406.25,4297.949,4380.0,4256.41,4215.897,4383.59,0.1881387778962053,0.17496700465345183,0.30622995026586486,0.13320475538043033,0.10801125038406109,0.3269452321105239,0.12079015115096645,0.2143154364292426,0.17287155358087186,0.12171751923637282,0.32480548359607675,0.11897426574148695,0.15577614393807793,0.293916234867083
2414.0625,4269.231,4363.077,4238.974,4196.923,4365.128,0.1881387778962053,0.17496700465345183,0.30622995026586486,0.13320475538043033,0.10801125038406109,0.3269452321105239,0.12079015115096645,0.2143154364292426,0.17287155358087186,0.12171751923637282,0.32480548359607675,0.11897426574148695,0.15577614393807793,0.293916234867083
2421.875,4256.41,4366.154,4232.821,4201.026,4369.744,0.1881387778962053,0.17496700465345183,0.30622995026586486,0.13320475538043033,0.10801125038406109,0.3269452321105239,0.12079015115096645,0.2143154364292426,0.17287155358087186,0.12171751923637282,0.32480548359607675,0.11897426574148695,0.15577614393807793,0.293916234867083
2429.6875,4256.41,4375.385,4237.949,4207.179,4374.359,0.1881387778962053,0.17496700465345183,0.30622995026586486,0.13320475538043033,0.10801125038406109,0.3269452321105239,0.12079015115096645,0.2143154364292426,0.17287155358087186,0.12171751923637282,0.32480548359607675,0.11897426574148695,0.15577614393807793,0.293916234867083
2437.5,4253.333,4372.308,4239.487,4193.846,4370.769,0.1881387778962053,0.17496700465345183,0.30622995026586486,0.13320475538043033,0.10801125038406109,0.3269452321105239,0.12079015115096645,0.2143154364292426,0.17287155358087186,0.12171751923637282,0.32480548359607675,0.11897426574148695,0.15577614393807793,0.293916234867083
2445.3125,4257.949,4373.333,4246.667,4191.282,4380.0,0.1881387778962053,0.17496700465345183,0.30622995026586486,0.13320475538043033,0.10801125038406109,0.3269452321105239,0.12079015115096645,0.2143154364292426,0.17287155358087186,0.12171751923637282,0.32480548359607675,0.11897426574148695,0.15577614393807793,0.293916234867083
2453.125,4262.564,4385.128,4256.41,4207.179,4390.256,0.1881387778962053,0.17496700465345183,0.30622995026586486,0.13320475538043033,0.10801125038406109,0.3269452321105239,0.12079015115096645,0.2143154364292426,0.17287155358087186,0.12171751923637282,0.32480548359607675,0.11897426574148695,0.15577614393807793,0.293916234867083
2460.9375,4255.385,4390.769,4257.436,4217.949,4386.154,0.1881387778962053,0.17496700465345183,0.30622995026586486,0.13320475538043033,0.10801125038406109,0.3269452321105239,0.12079015115096645,0.2143154364292426,0.17287155358087186,0.12171751923637282,0.32480548359607675,0.11897426574148695,0.15577614393807793,0.293916234867083
2468.75,4251.282,4387.692,4261.026,4217.949,4380.0,0.1881387778962053,0.17496700465345183,0.30622995026586486,0.13320475538043033,0.10801125038406109,0.3269452321105239,0.12079015115096645,0.2143154364292426,0.17287155358087186,0.12171751923637282,0.32480548359607675,0.11897426574148695,0.15577614393807793,0.293916234867083
2476.5625,4263.077,4383.077,4261.026,4214.359,4377.949,0.1881387778962053,0.17496700465345183,0.30622995026586486,0.13320475538043033,0.10801125038406109,0.3269452321105239,0.12079015115096645,0.2143154364292426,0.17287155358087186,0.12171751923637282,0.32480548359607675,0.11897426574148695,0.15577614393807793,0.293916234867083
2484.375,4261.538,4371.282,4248.205,4211.282,4372.821,0.1881387778962053,0.17496700465345183,0.30622995026586486,0.13320475538043033,0.10801125038406109,0.3269452321105239,0.12079015115096645,0.2143154364292426,0.17287155358087186,0.12171751923637282,0.32480548359607675,0.11897426574148695,0.15577614393807793,0.293916234867083
2492.1875,4242.564,4358.462,4236.923,4207.692,4364.615,0.1881387778962053,0.17496700465345183,0.30622995026586486,0.13320475538043033,0.10801125038406109,0.3269452321105239,0.12079015115096645,0.2143154364292426,0.17287155358087186,0.12171751923637282,0.32480548359607675,0.11897426574148695,0.15577614393807793,0.293916234867083
2500.0,4242.051,4364.615,4236.41,4200.513,4364.615,0.1881387778962053,0.17496700465345183,0.30622995026586486,0.13320475538043033,0.10801125038406109,0.3269452321105239,0.12079015115096645,0.2143154364292426,0.17287155358087186,0.12171751923637282,0.32480548359607675,0.11897426574148695,0.15577614393807793,0.293916234867083
2507.8125,4255.385,4377.436,4234.872,4192.821,4371.795,0.1881387778962053,0.17496700465345183,0.30622995026586486,0.13320475538043033,0.10801125038406109,0.3269452321105239,0.12079015115096645,0.2143154364292426,0.17287155358087186,0.12171751923637282,0.32480548359607675,0.11897426574148695,0.15577614393807793,0.293916234867083
2515.625,4252.821,4371.795,4230.769,4188.205,4370.769,0.1881387778962053,0.17496700465345183,0.30622995026586486,0.13320475538043033,0.10801125038406109,0.3269452321105239,0.12079015115096645,0.2143154364292426,0.17287155358087186,0.12171751923637282,0.32480548359607675,0.11897426574148695,0.15577614393807793,0.293916234867083
2523.4375,4246.154,4365.641,4236.923,4186.154,4374.872,0.1881387778962053,0.17496700465345183,0.30622995026586486,0.13320475538043033,0.10801125038406109,0.3269452321105239,0.12079015115096645,0.2143154364292426,0.17287155358087186,0.12171751923637282,0.32480548359607675,0.11897426574148695,0.15577614393807793,0.293916234867083
2531.25,4258.974,4373.333,4250.256,4190.769,4391.282,0.1881387778962053,0.17496700465345183,0.30622995026586486,0.13320475538043033,0.10801125038406109,0.3269452321105239,0.12079015115096645,0.2143154364292426,0.17287155358087186,0.12171751923637282,0.32480548359607675,0.11897426574148695,0.15577614393807793,0.293916234867083
2539.0625,4273.333,4372.821,4253.333,4196.41,4398.462,0.1881387778962053,0.17496700465345183,0.30622995026586486,0.13320475538043033,0.10801125038406109,0.3269452321105239,0.12079015115096645,0.2143154364292426,0.17287155358087186,0.12171751923637282,0.32480548359607675,0.11897426574148695,0.15577614393807793,0.293916234867083
2546.875,4267.692,4362.564,4244.103,4197.949,4391.282,0.1881387778962053,0.17496700465345183,0.30622995026586486,0.13320475538043033,0.10801125038406109,0.3269452321105239,0.12079015115096645,0.2143154364292426,0.17287155358087186,0.12171751923637282,0.32480548359607675,0.11897426574148695,0.15577614393807793,0.293916234867083
2554.6875,4261.026,4363.077,4246.154,4205.128,4389.231,0.1881387778962053,0.17496700465345183,0.30622995026586486,0.13320475538043033,0.10801125038406109,0.3269452321105239,0.12079015115096645,0.2143154364292426,0.17287155358087186,0.12171751923637282,0.32480548359607675,0.11897426574148695,0.15577614393807793,0.293916234867083
2562.5,4267.692,4366.154,4255.897,4215.385,4399.487,0.1881387778962053,0.17496700465345183,0.30622995026586486,0.13320475538043033,0.10801125038406109,0.3269452321105239,0.12079015115096645,0.2143154364292426,0.17287155358087186,0.12171751923637282,0.32480548359607675,0.11897426574148695,0.15577614393807793,0.293916234867083
2570.3125,4269.744,4358.462,4251.795,4208.205,4396.41,0.1881387778962053,0.17496700465345183,0.30622995026586486,0.13320475538043033,0.10801125038406109,0.3269452321105239,0.12079015115096645,0.2143154364292426,0.17287155358087186,0.12171751923637282,0.32480548359607675,0.11897426574148695,0.15577614393807793,0.293916234867083
2578.125,4255.897,4350.256,4241.026,4190.256,4380.0,0.1881387778962053,0.17496700465345183,0.30622995026586486,0.13320475538043033,0.10801125038406109,0.3269452321105239,0.12079015115096645,0.2143154364292426,0.17287155358087186,0.12171751923637282,0.32480548359607675,0.11897426574148695,0.15577614393807793,0.293916234867083
2585.9375,4253.846,4346.667,4238.974,4187.179,4382.564,0.1881387778962053,0.17496700465345183,0.30622995026586486,0.13320475538043033,0.10801125038406109,0.3269452321105239,0.12079015115096645,0.2143154364292426,0.17287155358087186,0.12171751923637282,0.32480548359607675,0.11897426574148695,0.15577614393807793,0.293916234867083
2593.75,4270.769,4345.641,4247.179,4198.974,4400.0,0.1881387778962053,0.17496700465345183,0.30622995026586486,0.13320475538043033,0.10801125038406109,0.3269452321105239,0.12079015115096645,0.2143154364292426,0.17287155358087186,0.12171751923637282,0.32480548359607675,0.11897426574148695,0.15577614393807793,0.293916234867083
2601.5625,4277.436,4348.718,4251.795,4205.641,4400.0,0.1881387778962053,0.17496700465345183,0.30622995026586486,0.13320475538043033,0.10801125038406109,0.3269452321105239,0.12079015115096645,0.2143154364292426,0.17287155358087186,0.12171751923637282,0.32480548359607675,0.11897426574148695,0.15577614393807793,0.293916234867083
2609.375,4276.923,4352.821,4249.744,4198.974,4396.41,0.1881387778962053,0.17496700465345183,0.30622995026586486,0.13320475538043033,0.10801125038406109,0.3269452321105239,0.12079015115096645,0.2143154364292426,0.17287155358087186,0.12171751923637282,0.32480548359607675,0.11897426574148695,0.15577614393807793,0.293916234867083
2617.1875,4280.513,4352.308,4246.667,4192.821,4401.026,0.1881387778962053,0.17496700465345183,0.30622995026586486,0.13320475538043033,0.10801125038406109,0.3269452321105239,0.12079015115096645,0.2143154364292426,0.17287155358087186,0.12171751923637282,0.32480548359607675,0.11897426574148695,0.15577614393807793,0.293916234867083
2625.0,4272.308,4345.128,4238.974,4189.231,4387.179,0.1881387778962053,0.17496700465345183,0.30622995026586486,0.13320475538043033,0.10801125038406109,0.3269452321105239,0.12079015115096645,0.2143154364292426,0.17287155358087186,0.12171751923637282,0.32480548359607675,0.11897426574148695,0.15577614393807793,0.293916234867083
2632.8125,4263.077,4343.59,4232.821,4190.769,4373.846,0.1881387778962053,0.17496700465345183,0.30622995026586486,0.13320475538043033,0.10801125038406109,0.3269452321105239,0.12079015115096645,0.2143154364292426,0.17287155358087186,0.12171751923637282,0.32480548359607675,0.11897426574148695,0.15577614393807793,0.293916234867083
2640.625,4271.795,4350.769,4238.462,4201.538,4389.231,0.1881387778962053,0.17496700465345183,0.30622995026586486,0.13320475538043033,0.10801125038406109,0.3269452321105239,0.12079015115096645,0.2143154364292426,0.17287155358087186,0.12171751923637282,0.32480548359607675,0.11897426574148695,0.15577614393807793,0.293916234867083
2648.4375,4282.051,4353.846,4245.641,4207.179,4407.179,0.1881387778962053,0.17496700465345183,0.30622995026586486,0.13320475538043033,0.10801125038406109,0.3269452321105239,0.12079015115096645,0.2143154364292426,0.17287155358087186,0.12171751923637282,0.32480548359607675,0.11897426574148695,0.15577614393807793,0.293916234867083
2656.25,4276.923,4341.538,4231.795,4195.385,4406.154,0.1881387778962053,0.17496700465345183,0.30622995026586486,0.13320475538043033,0.10801125038406109,0.3269452321105239,0.12079015115096645,0.2143154364292426,0.17287155358087186,0.12171751923637282,0.32480548359607675,0.11897426574148695,0.15577614393807793,0.293916234867083
2664.0625,4272.308,4330.769,4213.846,4178.462,4398.974,0.1881387778962053,0.17496700465345183,0.30622995026586486,0.13320475538043033,0.10801125038406109,0.3269452321105239,0.12079015115096645,0.2143154364292426,0.17287155358087186,0.12171751923637282,0.32480548359607675,0.11897426574148695,0.15577614393807793,0.293916234867083
2671.875,4269.744,4331.795,4216.41,4171.282,4391.795,0.1881387778962053,0.17496700465345183,0.30622995026586486,0.13320475538043033,0.10801125038406109,0.3269452321105239,0.12079015115096645,0.2143154364292426,0.17287155358087186,0.12171751923637282,0.32480548359607675,0.11897426574148695,0.15577614393807793,0.293916234867083
2679.6875,4262.051,4331.282,4227.692,4178.974,4392.821,0.1881387778962053,0.17496700465345183,0.30622995026586486,0.13320475538043033,0.10801125038406109,0.3269452321105239,0.12079015115096645,0.2143154364292426,0.17287155358087186,0.12171751923637282,0.32480548359607675,0.11897426574148695,0.15577614393807793,0.293916234867083
2687.5,4257.949,4328.718,4229.231,4187.692,4405.641,0.1881387778962053,0.17496700465345183,0.30622995026586486,0.13320475538043033,0.10801125038406109,0.3269452321105239,0.12079015115096645,0.2143154364292426,0.17287155358087186,0.12171751923637282,0.32480548359607675,0.11897426574148695,0.15577614393807793,0.293916234867083
2695.3125,4257.436,4320.513,4211.795,4173.846,4401.026,0.1881387778962053,0.17496700465345183,0.30622995026586486,0.13320475538043033,0.10801125038406109,0.3269452321105239,0.12079015115096645,0.2143154364292426,0.17287155358087186,0.12171751923637282,0.32480548359607675,0.11897426574148695,0.15577614393807793,0.293916234867083
2703.125,4250.769,4305.641,4192.821,4150.769,4377.949,0.1881387778962053,0.17496700465345183,0.30622995026586486,0.13320475538043033,0.10801125038406109,0.3269452321105239,0.12079015115096645,0.2143154364292426,0.17287155358087186,0.12171751923637282,0.32480548359607675,0.11897426574148695,0.15577614393807793,0.293916234867083
2710.9375,4243.077,4304.615,4191.795,4157.949,4373.846,0.1881387778962053,0.17496700465345183,0.30622995026586486,0.13320475538043033,0.10801125038406109,0.3269452321105239,0.12079015115096645,0.2143154364292426,0.17287155358087186,0.12171751923637282,0.32480548359607675,0.11897426574148695,0.15577614393807793,0.293916234867083
2718.75,4244.615,4312.308,4197.949,4180.0,4385.641,0.1881387778962053,0.17496700465345183,0.30622995026586486,0.13320475538043033,0.10801125038406109,0.3269452321105239,0.12079015115096645,0.2143154364292426,0.17287155358087186,0.12171751923637282,0.32480548359607675,0.11897426574148695,0.15577614393807793,0.293916234867083
2726.5625,4250.256,4311.282,4193.846,4177.436,4382.564,0.1881387778962053,0.17496700465345183,0.30622995026586486,0.13320475538043033,0.10801125038406109,0.3269452321105239,0.12079015115096645,0.2143154364292426,0.17287155358087186,0.12171751923637282,0.32480548359607675,0.11897426574148695,0.15577614393807793,0.293916234867083
2734.375,4254.359,4307.179,4185.641,4166.154,4376.923,0.1881387778962053,0.17496700465345183,0.30622995026586486,0.13320475538043033,0.10801125038406109,0.3269452321105239,0.12079015115096645,0.2143154364292426,0.17287155358087186,0.12171751923637282,0.32480548359607675,0.11897426574148695,0.15577614393807793,0.293916234867083
2742.1875,4254.359,4306.667,4188.205,4169.231,4381.538,0.1881387778962053,0.17496700465345183,0.30622995026586486,0.13320475538043033,0.10801125038406109,0.3269452321105239,0.12079015115096645,0.2143154364292426,0.17287155358087186,0.12171751923637282,0.32480548359607675,0.11897426574148695,0.15577614393807793,0.293916234867083
2750.0,4256.923,4309.231,4198.462,4177.436,4383.59,0.1881387778962053,0.17496700465345183,0.30622995026586486,0.13320475538043033,0.10801125038406109,0.3269452321105239,0.12079015115096645,0.2143154364292426,0.17287155358087186,0.12171751923637282,0.32480548359607675,0.11897426574148695,0.15577614393807793,0.293916234867083
2757.8125,4271.795,4314.872,4209.231,4181.026,4389.231,0.1881387778962053,0.17496700465345183,0.30622995026586486,0.13320475538043033,0.10801125038406109,0.3269452321105239,0.12079015115096645,0.2143154364292426,0.17287155358087186,0.12171751923637282,0.32480548359607675,0.11897426574148695,0.15577614393807793,0.293916234867083
2765.625,4281.026,4308.205,4211.282,4178.974,4401.026,0.1881387778962053,0.17496700465345183,0.30622995026586486,0.13320475538043033,0.10801125038406109,0.3269452321105239,0.12079015115096645,0.2143154364292426,0.17287155358087186,0.12171751923637282,0.32480548359607675,0.11897426574148695,0.15577614393807793,0.293916234867083
2773.4375,4272.308,4299.487,4201.538,4171.795,4407.692,0.1881387778962053,0.17496700465345183,0.30622995026586486,0.13320475538043033,0.10801125038406109,0.3269452321105239,0.12079015115096645,0.2143154364292426,0.17287155358087186,0.12171751923637282,0.32480548359607675,0.11897426574148695,0.15577614393807793,0.293916234867083
2781.25,4269.744,4309.231,4200.513,4169.744,4404.103,0.1881387778962053,0.17496700465345183,0.30622995026586486,0.13320475538043033,0.10801125038406109,0.3269452321105239,0.12079015115096645,0.2143154364292426,0.17287155358087186,0.12171751923637282,0.32480548359607675,0.11897426574148695,0.15577614393807793,0.293916234867083
2789.0625,4274.359,4312.308,4207.179,4177.949,4397.436,0.1881387778962053,0.17496700465345183,0.30622995026586486,0.13320475538043033,0.10801125038406109,0.3269452321105239,0.12079015115096645,0.2143154364292426,0.17287155358087186,0.12171751923637282,0.32480548359607675,0.11897426574148695,0.15577614393807793,0.293916234867083
2796.875,4267.179,4306.154,4204.615,4182.051,4401.538,0.1881387778962053,0.17496700465345183,0.30622995026586486,0.13320475538043033,0.10801125038406109,0.3269452321105239,0.12079015115096645,0.2143154364292426,0.17287155358087186,0.12171751923637282,0.32480548359607675,0.11897426574148695,0.15577614393807793,0.293916234867083
2804.6875,4263.59,4311.795,4196.41,4180.0,4412.308,0.1881387778962053,0.17496700465345183,0.30622995026586486,0.13320475538043033,0.10801125038406109,0.3269452321105239,0.12079015115096645,0.2143154364292426,0.17287155358087186,0.12171751923637282,0.32480548359607675,0.11897426574148695,0.15577614393807793,0.293916234867083
2812.5,4266.667,4312.308,4189.231,4179.487,4408.718,0.1881387778962053,0.17496700465345183,0.30622995026586486,0.13320475538043033,0.10801125038406109,0.3269452321105239,0.12079015115096645,0.2143154364292426,0.17287155358087186,0.12171751923637282,0.32480548359607675,0.11897426574148695,0.15577614393807793,0.293916234867083
2820.3125,4267.179,4308.205,4188.205,4184.103,4406.667,0.1881387778962053,0.17496700465345183,0.30622995026586486,0.13320475538043033,0.10801125038406109,0.3269452321105239,0.12079015115096645,0.2143154364292426,0.17287155358087186,0.12171751923637282,0.32480548359607675,0.11897426574148695,0.15577614393807793,0.293916234867083
2828.125,4270.256,4312.308,4195.385,4189.231,4423.077,0.1881387778962053,0.17496700465345183,0.30622995026586486,0.13320475538043033,0.10801125038406109,0.3269452321105239,0.12079015115096645,0.2143154364292426,0.17287155358087186,0.12171751923637282,0.32480548359607675,0.11897426574148695,0.15577614393807793,0.293916234867083
2835.9375,4269.744,4307.179,4193.333,4184.615,4426.154,0.1881387778962053,0.17496700465345183,0.30622995026586486,0.13320475538043033,0.10801125038406109,0.3269452321105239,0.12079015115096645,0.2143154364292426,0.17287155358087186,0.12171751923637282,0.32480548359607675,0.11897426574148695,0.15577614393807793,0.293916234867083
2843.75,4254.359,4292.308,4176.41,4168.718,4400.513,0.1881387778962053,0.17496700465345183,0.30622995026586486,0.13320475538043033,0.10801125038406109,0.3269452321105239,0.12079015115096645,0.2143154364292426,0.17287155358087186,0.12171751923637282,0.32480548359607675,0.11897426574148695,0.15577614393807793,0.293916234867083
2851.5625,4245.641,4299.487,4176.923,4161.026,4384.615,0.1881387778962053,0.17496700465345183,0.30622995026586486,0.13320475538043033,0.10801125038406109,0.3269452321105239,0.12079015115096645,0.2143154364292426,0.17287155358087186,0.12171751923637282,0.32480548359607675,0.11897426574148695,0.15577614393807793,0.293916234867083
2859.375,4251.282,4309.231,4188.205,4164.103,4389.231,0.1881387778962053,0.17496700465345183,0.30622995026586486,0.13320475538043033,0.10801125038406109,0.3269452321105239,0.12079015115096645,0.2143154364292426,0.17287155358087186,0.12171751923637282,0.32480548359607675,0.11897426574148695,0.15577614393807793,0.293916234867083
2867.1875,4258.462,4292.821,4182.051,4164.103,4390.769,0.1881387778962053,0.17496700465345183,0.30622995026586486,0.13320475538043033,0.10801125038406109,0.3269452321105239,0.12079015115096645,0.2143154364292426,0.17287155358087186,0.12171751923637282,0.32480548359607675,0.11897426574148695,0.15577614393807793,0.293916234867083
2875.0,4262.051,4285.641,4181.026,4165.641,4388.205,0.1881387778962053,0.17496700465345183,0.30622995026586486,0.13320475538043033,0.10801125038406109,0.3269452321105239,0.12079015115096645,0.2143154364292426,0.17287155358087186,0.12171751923637282,0.32480548359607675,0.11897426574148695,0.15577614393807793,0.293916234867083
2882.8125,4269.231,4309.231,4203.077,4181.026,4393.846,0.1881387778962053,0.17496700465345183,0.30622995026586486,0.13320475538043033,0.10801125038406109,0.3269452321105239,0.12079015115096645,0.2143154364292426,0.17287155358087186,0.12171751923637282,0.32480548359607675,0.11897426574148695,0.15577614393807793,0.293916234867083
2890.625,4278.462,4322.051,4215.897,4191.795,4399.487,0.1881387778962053,0.17496700465345183,0.30622995026586486,0.13320475538043033,0.10801125038406109,0.3269452321105239,0.12079015115096645,0.2143154364292426,0.17287155358087186,0.12171751923637282,0.32480548359607675,0.11897426574148695,0.15577614393807793,0.293916234867083
2898.4375,4272.821,4303.077,4200.513,4179.487,4386.154,0.1881387778962053,0.17496700465345183,0.30622995026586486,0.13320475538043033,0.10801125038406109,0.3269452321105239,0.12079015115096645,0.2143154364292426,0.17287155358087186,0.12171751923637282,0.32480548359607675,0.11897426574148695,0.15577614393807793,0.293916234867083
2906.25,4262.564,4297.436,4191.795,4167.692,4372.308,0.1881387778962053,0.17496700465345183,0.30622995026586486,0.13320475538043033,0.10801125038406109,0.3269452321105239,0.12079015115096645,0.2143154364292426,0.17287155358087186,0.12171751923637282,0.32480548359607675,0.11897426574148695,0.15577614393807793,0.293916234867083
2914.0625,4264.103,4310.256,4203.59,4177.949,4377.949,0.1881387778962053,0.17496700465345183,0.30622995026586486,0.13320475538043033,0.10801125038406109,0.3269452321105239,0.12079015115096645,0.2143154364292426,0.17287155358087186,0.12171751923637282,0.32480548359607675,0.11897426574148695,0.15577614393807793,0.293916234867083
2921.875,4269.231,4308.718,4210.769,4188.718,4388.718,0.1881387778962053,0.17496700465345183,0.30622995026586486,0.13320475538043033,0.10801125038406109,0.3269452321105239,0.12079015115096645,0.2143154364292426,0.17287155358087186,0.12171751923637282,0.32480548359607675,0.11897426574148695,0.15577614393807793,0.293916234867083
2929.6875,4267.692,4300.0,4202.564,4180.0,4388.205,0.1881387778962053,0.17496700465345183,0.30622995026586486,0.13320475538043033,0.10801125038406109,0.3269452321105239,0.12079015115096645,0.2143154364292426,0.17287155358087186,0.12171751923637282,0.32480548359607675,0.11897426574148695,0.15577614393807793,0.293916234867083
2937.5,4264.103,4298.974,4191.282,4166.154,4379.487,0.1881387778962053,0.17496700465345183,0.30622995026586486,0.13320475538043033,0.10801125038406109,0.3269452321105239,0.12079015115096645,0.2143154364292426,0.17287155358087186,0.12171751923637282,0.32480548359607675,0.11897426574148695,0.15577614393807793,0.293916234867083
2945.3125,4261.538,4300.513,4192.308,4169.744,4380.513,0.1881387778962053,0.17496700465345183,0.30622995026586486,0.13320475538043033,0.10801125038406109,0.3269452321105239,0.12079015115096645,0.2143154364292426,0.17287155358087186,0.12171751923637282,0.32480548359607675,0.11897426574148695,0.15577614393807793,0.293916234867083
2953.125,4263.59,4301.026,4201.538,4182.564,4393.333,0.1881387778962053,0.17496700465345183,0.30622995026586486,0.13320475538043033,0.10801125038406109,0.3269452321105239,0.12079015115096645,0.2143154364292426,0.17287155358087186,0.12171751923637282,0.32480548359607675,0.11897426574148695,0.15577614393807793,0.293916234867083
2960.9375,4274.872,4304.103,4208.205,4188.718,4405.128,0.1881387778962053,0.17496700465345183,0.30622995026586486,0.13320475538043033,0.10801125038406109,0.3269452321105239,0.12079015115096645,0.2143154364292426,0.17287155358087186,0.12171751923637282,0.32480548359607675,0.11897426574148695,0.15577614393807793,0.293916234867083
2968.75,4284.103,4306.667,4207.179,4193.333,4409.744,0.1881387778962053,0.17496700465345183,0.30622995026586486,0.13320475538043033,0.10801125038406109,0.3269452321105239,0.12079015115096645,0.2143154364292426,0.17287155358087186,0.12171751923637282,0.32480548359607675,0.11897426574148695,0.15577614393807793,0.293916234867083
2976.5625,4281.538,4305.641,4200.0,4193.846,4405.128,0.1881387778962053,0.17496700465345183,0.30622995026586486,0.13320475538043033,0.10801125038406109,0.3269452321105239,0.12079015115096645,0.2143154364292426,0.17287155358087186,0.12171751923637282,0.32480548359607675,0.11897426574148695,0.15577614393807793,0.293916234867083
2984.375,4280.0,4301.538,4195.385,4181.538,4400.0,0.1881387778962053,0.17496700465345183,0.30622995026586486,0.13320475538043033,0.10801125038406109,0.3269452321105239,0.12079015115096645,0.2143154364292426,0.17287155358087186,0.12171751923637282,0.32480548359607675,0.11897426574148695,0.15577614393807793,0.293916234867083
2992.1875,4286.667,4303.077,4201.538,4174.872,4402.564,0.1881387778962053,0.17496700465345183,0.30622995026586486,0.13320475538043033,0.10801125038406109,0.3269452321105239,0.12079015115096645,0.2143154364292426,0.17287155358087186,0.12171751923637282,0.32480548359607675,0.11897426574148695,0.15577614393807793,0.293916234867083
