timestamp,AF3,T7,Pz,T8,AF4,AF3_theta,AF3_alpha,AF3_beta,T7_theta,T7_mu,T7_beta,Pz_alpha,Pz_beta,T8_theta,T8_mu,T8_beta,AF4_theta,AF4_alpha,AF4_beta
0.0,4282.564,4261.538,4211.282,4131.795,4264.615,0.1391893071660949,0.08898731599022192,0.11922609797654897,0.11130778191280907,0.12294070119599494,0.16291921867738401,0.1027228714942283,0.19544165950985523,0.11089289974743097,0.1394254944309227,0.2689614800081245,0.09762744694752686,0.07954491729004388,0.18273775731804143
7.8125,4281.026,4269.231,4224.103,4132.308,4267.179,0.1391893071660949,0.08898731599022192,0.11922609797654897,0.11130778191280907,0.12294070119599494,0.16291921867738401,0.1027228714942283,0.19544165950985523,0.11089289974743097,0.1394254944309227,0.2689614800081245,0.09762744694752686,0.07954491729004388,0.18273775731804143
15.625,4296.923,4284.103,4230.769,4136.923,4272.821,0.1391893071660949,0.08898731599022192,0.11922609797654897,0.11130778191280907,0.12294070119599494,0.16291921867738401,0.1027228714942283,0.19544165950985523,0.11089289974743097,0.1394254944309227,0.2689614800081245,0.09762744694752686,0.07954491729004388,0.18273775731804143
23.4375,4309.231,4282.051,4225.128,4142.051,4278.974,0.1391893071660949,0.08898731599022192,0.11922609797654897,0.11130778191280907,0.12294070119599494,0.16291921867738401,0.1027228714942283,0.19544165950985523,0.11089289974743097,0.1394254944309227,0.2689614800081245,0.09762744694752686,0.07954491729004388,0.18273775731804143
31.25,4295.385,4272.821,4226.154,4143.59,4281.026,0.1391893071660949,0.08898731599022192,0.11922609797654897,0.11130778191280907,0.12294070119599494,0.16291921867738401,0.1027228714942283,0.19544165950985523,0.11089289974743097,0.1394254944309227,0.2689614800081245,0.09762744694752686,0.07954491729004388,0.18273775731804143
39.0625,4280.0,4280.0,4236.41,4144.103,4276.923,0.1391893071660949,0.08898731599022192,0.11922609797654897,0.11130778191280907,0.12294070119599494,0.16291921867738401,0.1027228714942283,0.19544165950985523,0.11089289974743097,0.1394254944309227,0.2689614800081245,0.09762744694752686,0.07954491729004388,0.18273775731804143
46.875,4286.154,4285.641,4227.692,4148.205,4274.872,0.1391893071660949,0.08898731599022192,0.11922609797654897,0.11130778191280907,0.12294070119599494,0.16291921867738401,0.1027228714942283,0.19544165950985523,0.11089289974743097,0.1394254944309227,0.2689614800081245,0.09762744694752686,0.07954491729004388,0.18273775731804143
54.6875,4281.026,4255.897,4197.949,4144.103,4272.308,0.1391893071660949,0.08898731599022192,0.11922609797654897,0.11130778191280907,0.12294070119599494,0.16291921867738401,0.1027228714942283,0.19544165950985523,0.11089289974743097,0.1394254944309227,0.2689614800081245,0.09762744694752686,0.07954491729004388,0.18273775731804143
62.5,4262.564,4240.513,4185.128,4132.821,4273.333,0.1391893071660949,0.08898731599022192,0.11922609797654897,0.11130778191280907,0.12294070119599494,0.16291921867738401,0.1027228714942283,0.19544165950985523,0.11089289974743097,0.1394254944309227,0.2689614800081245,0.09762744694752686,0.07954491729004388,0.18273775731804143
70.3125,4271.282,4260.0,4198.462,4130.256,4276.41,0.1391893071660949,0.08898731599022192,0.11922609797654897,0.11130778191280907,0.12294070119599494,0.16291921867738401,0.1027228714942283,0.19544165950985523,0.11089289974743097,0.1394254944309227,0.2689614800081245,0.09762744694752686,0.07954491729004388,0.18273775731804143
78.125,4282.564,4260.513,4202.051,4133.846,4276.41,0.1391893071660949,0.08898731599022192,0.11922609797654897,0.11130778191280907,0.12294070119599494,0.16291921867738401,0.1027228714942283,0.19544165950985523,0.11089289974743097,0.1394254944309227,0.2689614800081245,0.09762744694752686,0.07954491729004388,0.18273775731804143
85.9375,4270.769,4239.487,4188.718,4130.256,4269.231,0.1391893071660949,0.08898731599022192,0.11922609797654897,0.11130778191280907,0.12294070119599494,0.16291921867738401,0.1027228714942283,0.19544165950985523,0.11089289974743097,0.1394254944309227,0.2689614800081245,0.09762744694752686,0.07954491729004388,0.18273775731804143
93.75,4264.615,4241.538,4184.615,4118.974,4260.513,0.1391893071660949,0.08898731599022192,0.11922609797654897,0.11130778191280907,0.12294070119599494,0.16291921867738401,0.1027228714942283,0.19544165950985523,0.11089289974743097,0.1394254944309227,0.2689614800081245,0.09762744694752686,0.07954491729004388,0.18273775731804143
101.5625,4270.256,4251.795,4193.333,4110.256,4255.897,0.1391893071660949,0.08898731599022192,0.11922609797654897,0.11130778191280907,0.12294070119599494,0.16291921867738401,0.1027228714942283,0.19544165950985523,0.11089289974743097,0.1394254944309227,0.2689614800081245,0.09762744694752686,0.07954491729004388,0.18273775731804143
109.375,4268.205,4251.282,4200.0,4112.821,4260.513,0.1391893071660949,0.08898731599022192,0.11922609797654897,0.11130778191280907,0.12294070119599494,0.16291921867738401,0.1027228714942283,0.19544165950985523,0.11089289974743097,0.1394254944309227,0.2689614800081245,0.09762744694752686,0.07954491729004388,0.18273775731804143
117.1875,4269.744,4246.667,4203.59,4121.538,4268.718,0.1391893071660949,0.08898731599022192,0.11922609797654897,0.11130778191280907,0.12294070119599494,0.16291921867738401,0.1027228714942283,0.19544165950985523,0.11089289974743097,0.1394254944309227,0.2689614800081245,0.09762744694752686,0.07954491729004388,0.18273775731804143
125.0,4271.282,4250.256,4205.641,4125.128,4268.205,0.1391893071660949,0.08898731599022192,0.11922609797654897,0.11130778191280907,0.12294070119599494,0.16291921867738401,0.1027228714942283,0.19544165950985523,0.11089289974743097,0.1394254944309227,0.2689614800081245,0.09762744694752686,0.07954491729004388,0.18273775731804143
132.8125,4265.128,4264.103,4201.026,4125.128,4260.513,0.1391893071660949,0.08898731599022192,0.11922609797654897,0.11130778191280907,0.12294070119599494,0.16291921867738401,0.1027228714942283,0.19544165950985523,0.11089289974743097,0.1394254944309227,0.2689614800081245,0.09762744694752686,0.07954491729004388,0.18273775731804143
140.625,4256.41,4256.923,4191.282,4118.462,4247.179,0.1391893071660949,0.08898731599022192,0.11922609797654897,0.11130778191280907,0.12294070119599494,0.16291921867738401,0.1027228714942283,0.19544165950985523,0.11089289974743097,0.1394254944309227,0.2689614800081245,0.09762744694752686,0.07954491729004388,0.18273775731804143
148.4375,4246.667,4230.769,4181.026,4107.179,4236.41,0.1391893071660949,0.08898731599022192,0.11922609797654897,0.11130778191280907,0.12294070119599494,0.16291921867738401,0.1027228714942283,0.19544165950985523,0.11089289974743097,0.1394254944309227,0.2689614800081245,0.09762744694752686,0.07954491729004388,0.18273775731804143
156.25,4251.282,4234.359,4182.564,4112.308,4246.154,0.1391893071660949,0.08898731599022192,0.11922609797654897,0.11130778191280907,0.12294070119599494,0.16291921867738401,0.1027228714942283,0.19544165950985523,0.11089289974743097,0.1394254944309227,0.2689614800081245,0.09762744694752686,0.07954491729004388,0.18273775731804143
164.0625,4275.385,4263.59,4202.564,4130.769,4265.128,0.1391893071660949,0.08898731599022192,0.11922609797654897,0.11130778191280907,0.12294070119599494,0.16291921867738401,0.1027228714942283,0.19544165950985523,0.11089289974743097,0.1394254944309227,0.2689614800081245,0.09762744694752686,0.07954491729004388,0.18273775731804143
171.875,4290.256,4265.128,4215.385,4139.487,4274.872,0.1391893071660949,0.08898731599022192,0.11922609797654897,0.11130778191280907,0.12294070119599494,0.16291921867738401,0.1027228714942283,0.19544165950985523,0.11089289974743097,0.1394254944309227,0.2689614800081245,0.09762744694752686,0.07954491729004388,0.18273775731804143
179.6875,4289.231,4245.128,4210.769,4141.538,4274.359,0.1391893071660949,0.08898731599022192,0.11922609797654897,0.11130778191280907,0.12294070119599494,0.16291921867738401,0.1027228714942283,0.19544165950985523,0.11089289974743097,0.1394254944309227,0.2689614800081245,0.09762744694752686,0.07954491729004388,0.18273775731804143
187.5,4286.667,4251.795,4209.231,4143.077,4266.154,0.1391893071660949,0.08898731599022192,0.11922609797654897,0.11130778191280907,0.12294070119599494,0.16291921867738401,0.1027228714942283,0.19544165950985523,0.11089289974743097,0.1394254944309227,0.2689614800081245,0.09762744694752686,0.07954491729004388,0.18273775731804143
195.3125,4286.667,4266.667,4216.41,4140.513,4258.462,0.1391893071660949,0.08898731599022192,0.11922609797654897,0.11130778191280907,0.12294070119599494,0.16291921867738401,0.1027228714942283,0.19544165950985523,0.11089289974743097,0.1394254944309227,0.2689614800081245,0.09762744694752686,0.07954491729004388,0.18273775731804143
203.125,4287.179,4260.0,4223.077,4135.897,4262.051,0.1391893071660949,0.08898731599022192,0.11922609797654897,0.11130778191280907,0.12294070119599494,0.16291921867738401,0.1027228714942283,0.19544165950985523,0.11089289974743097,0.1394254944309227,0.2689614800081245,0.09762744694752686,0.07954491729004388,0.18273775731804143
210.9375,4284.615,4257.436,4215.385,4130.769,4265.128,0.1391893071660949,0.08898731599022192,0.11922609797654897,0.11130778191280907,0.12294070119599494,0.16291921867738401,0.1027228714942283,0.19544165950985523,0.11089289974743097,0.1394254944309227,0.2689614800081245,0.09762744694752686,0.07954491729004388,0.18273775731804143
218.75,4279.487,4267.179,4208.718,4128.718,4259.487,0.1391893071660949,0.08898731599022192,0.11922609797654897,0.11130778191280907,0.12294070119599494,0.16291921867738401,0.1027228714942283,0.19544165950985523,0.11089289974743097,0.1394254944309227,0.2689614800081245,0.09762744694752686,0.07954491729004388,0.18273775731804143
226.5625,4268.718,4266.667,4217.436,4123.59,4255.385,0.1391893071660949,0.08898731599022192,0.11922609797654897,0.11130778191280907,0.12294070119599494,0.16291921867738401,0.1027228714942283,0.19544165950985523,0.11089289974743097,0.1394254944309227,0.2689614800081245,0.09762744694752686,0.07954491729004388,0.18273775731804143
234.375,4254.359,4252.821,4212.821,4109.231,4249.744,0.1391893071660949,0.08898731599022192,0.11922609797654897,0.11130778191280907,0.12294070119599494,0.16291921867738401,0.1027228714942283,0.19544165950985523,0.11089289974743097,0.1394254944309227,0.2689614800081245,0.09762744694752686,0.07954491729004388,0.18273775731804143
242.1875,4250.769,4235.897,4199.487,4108.205,4234.359,0.1391893071660949,0.08898731599022192,0.11922609797654897,0.11130778191280907,0.12294070119599494,0.16291921867738401,0.1027228714942283,0.19544165950985523,0.11089289974743097,0.1394254944309227,0.2689614800081245,0.09762744694752686,0.07954491729004388,0.18273775731804143
250.0,4255.897,4236.923,4205.641,4128.205,4233.333,0.1391893071660949,0.08898731599022192,0.11922609797654897,0.11130778191280907,0.12294070119599494,0.16291921867738401,0.1027228714942283,0.19544165950985523,0.11089289974743097,0.1394254944309227,0.2689614800081245,0.09762744694752686,0.07954491729004388,0.18273775731804143
257.8125,4265.641,4247.692,4214.872,4138.462,4256.41,0.1391893071660949,0.08898731599022192,0.11922609797654897,0.11130778191280907,0.12294070119599494,0.16291921867738401,0.1027228714942283,0.19544165950985523,0.11089289974743097,0.1394254944309227,0.2689614800081245,0.09762744694752686,0.07954491729004388,0.18273775731804143
265.625,4274.872,4243.59,4210.256,4131.795,4273.846,0.1391893071660949,0.08898731599022192,0.11922609797654897,0.11130778191280907,0.12294070119599494,0.16291921867738401,0.1027228714942283,0.19544165950985523,0.11089289974743097,0.1394254944309227,0.2689614800081245,0.09762744694752686,0.07954491729004388,0.18273775731804143
273.4375,4282.051,4233.846,4209.744,4136.41,4269.231,0.1391893071660949,0.08898731599022192,0.11922609797654897,0.11130778191280907,0.12294070119599494,0.16291921867738401,0.1027228714942283,0.19544165950985523,0.11089289974743097,0.1394254944309227,0.2689614800081245,0.09762744694752686,0.07954491729004388,0.18273775731804143
281.25,4270.769,4235.385,4209.744,4131.795,4259.487,0.1391893071660949,0.08898731599022192,0.11922609797654897,0.11130778191280907,0.12294070119599494,0.16291921867738401,0.1027228714942283,0.19544165950985523,0.11089289974743097,0.1394254944309227,0.2689614800081245,0.09762744694752686,0.07954491729004388,0.18273775731804143
289.0625,4266.667,4239.487,4201.538,4118.974,4262.564,0.1391893071660949,0.08898731599022192,0.11922609797654897,0.11130778191280907,0.12294070119599494,0.16291921867738401,0.1027228714942283,0.19544165950985523,0.11089289974743097,0.1394254944309227,0.2689614800081245,0.09762744694752686,0.07954491729004388,0.18273775731804143
296.875,4275.385,4240.0,4209.231,4114.872,4261.538,0.1391893071660949,0.08898731599022192,0.11922609797654897,0.11130778191280907,0.12294070119599494,0.16291921867738401,0.1027228714942283,0.19544165950985523,0.11089289974743097,0.1394254944309227,0.2689614800081245,0.09762744694752686,0.07954491729004388,0.18273775731804143
304.6875,4265.641,4237.949,4204.103,4108.718,4254.872,0.1391893071660949,0.08898731599022192,0.11922609797654897,0.11130778191280907,0.12294070119599494,0.16291921867738401,0.1027228714942283,0.19544165950985523,0.11089289974743097,0.1394254944309227,0.2689614800081245,0.09762744694752686,0.07954491729004388,0.18273775731804143
312.5,4254.359,4217.949,4192.308,4103.077,4242.564,0.1391893071660949,0.08898731599022192,0.11922609797654897,0.11130778191280907,0.12294070119599494,0.16291921867738401,0.1027228714942283,0.19544165950985523,0.11089289974743097,0.1394254944309227,0.2689614800081245,0.09762744694752686,0.07954491729004388,0.18273775731804143
320.3125,4247.179,4208.718,4195.897,4099.487,4230.256,0.1391893071660949,0.08898731599022192,0.11922609797654897,0.11130778191280907,0.12294070119599494,0.16291921867738401,0.1027228714942283,0.19544165950985523,0.11089289974743097,0.1394254944309227,0.2689614800081245,0.09762744694752686,0.07954491729004388,0.18273775731804143
328.125,4240.513,4218.974,4181.026,4096.923,4229.744,0.1391893071660949,0.08898731599022192,0.11922609797654897,0.11130778191280907,0.12294070119599494,0.16291921867738401,0.1027228714942283,0.19544165950985523,0.11089289974743097,0.1394254944309227,0.2689614800081245,0.09762744694752686,0.07954491729004388,0.18273775731804143
335.9375,4242.564,4221.538,4166.667,4090.769,4238.462,0.1391893071660949,0.08898731599022192,0.11922609797654897,0.11130778191280907,0.12294070119599494,0.16291921867738401,0.1027228714942283,0.19544165950985523,0.11089289974743097,0.1394254944309227,0.2689614800081245,0.09762744694752686,0.07954491729004388,0.18273775731804143
343.75,4265.641,4221.026,4186.154,4101.026,4248.205,0.1391893071660949,0.08898731599022192,0.11922609797654897,0.11130778191280907,0.12294070119599494,0.16291921867738401,0.1027228714942283,0.19544165950985523,0.11089289974743097,0.1394254944309227,0.2689614800081245,0.09762744694752686,0.07954491729004388,0.18273775731804143
351.5625,4281.026,4224.615,4205.641,4115.897,4246.154,0.1391893071660949,0.08898731599022192,0.11922609797654897,0.11130778191280907,0.12294070119599494,0.16291921867738401,0.1027228714942283,0.19544165950985523,0.11089289974743097,0.1394254944309227,0.2689614800081245,0.09762744694752686,0.07954491729004388,0.18273775731804143
359.375,4276.923,4226.667,4193.333,4120.0,4243.59,0.1391893071660949,0.08898731599022192,0.11922609797654897,0.11130778191280907,0.12294070119599494,0.16291921867738401,0.1027228714942283,0.19544165950985523,0.11089289974743097,0.1394254944309227,0.2689614800081245,0.09762744694752686,0.07954491729004388,0.18273775731804143
367.1875,4271.795,4215.385,4188.205,4110.256,4242.564,0.1391893071660949,0.08898731599022192,0.11922609797654897,0.11130778191280907,0.12294070119599494,0.16291921867738401,0.1027228714942283,0.19544165950985523,0.11089289974743097,0.1394254944309227,0.2689614800081245,0.09762744694752686,0.07954491729004388,0.18273775731804143
375.0,4262.051,4215.897,4192.308,4105.641,4249.744,0.1391893071660949,0.08898731599022192,0.11922609797654897,0.11130778191280907,0.12294070119599494,0.16291921867738401,0.1027228714942283,0.19544165950985523,0.11089289974743097,0.1394254944309227,0.2689614800081245,0.09762744694752686,0.07954491729004388,0.18273775731804143
382.8125,4267.179,4230.769,4196.923,4125.128,4261.538,0.1391893071660949,0.08898731599022192,0.11922609797654897,0.11130778191280907,0.12294070119599494,0.16291921867738401,0.1027228714942283,0.19544165950985523,0.11089289974743097,0.1394254944309227,0.2689614800081245,0.09762744694752686,0.07954491729004388,0.18273775731804143
390.625,4278.462,4238.462,4208.718,4130.769,4268.718,0.1391893071660949,0.08898731599022192,0.11922609797654897,0.11130778191280907,0.12294070119599494,0.16291921867738401,0.1027228714942283,0.19544165950985523,0.11089289974743097,0.1394254944309227,0.2689614800081245,0.09762744694752686,0.07954491729004388,0.18273775731804143
398.4375,4277.949,4223.59,4210.769,4120.513,4271.282,0.1391893071660949,0.08898731599022192,0.11922609797654897,0.11130778191280907,0.12294070119599494,0.16291921867738401,0.1027228714942283,0.19544165950985523,0.11089289974743097,0.1394254944309227,0.2689614800081245,0.09762744694752686,0.07954491729004388,0.18273775731804143
406.25,4251.282,4194.359,4208.718,4098.974,4246.667,0.1391893071660949,0.08898731599022192,0.11922609797654897,0.11130778191280907,0.12294070119599494,0.16291921867738401,0.1027228714942283,0.19544165950985523,0.11089289974743097,0.1394254944309227,0.2689614800081245,0.09762744694752686,0.07954491729004388,0.18273775731804143
414.0625,4213.846,4187.692,4184.615,4075.385,4220.0,0.1391893071660949,0.08898731599022192,0.11922609797654897,0.11130778191280907,0.12294070119599494,0.16291921867738401,0.1027228714942283,0.19544165950985523,0.11089289974743097,0.1394254944309227,0.2689614800081245,0.09762744694752686,0.07954491729004388,0.18273775731804143
421.875,4218.974,4189.231,4153.846,4078.974,4222.051,0.1391893071660949,0.08898731599022192,0.11922609797654897,0.11130778191280907,0.12294070119599494,0.16291921867738401,0.1027228714942283,0.19544165950985523,0.11089289974743097,0.1394254944309227,0.2689614800081245,0.09762744694752686,0.07954491729004388,0.18273775731804143
429.6875,4236.923,4181.026,4157.949,4080.513,4225.128,0.1391893071660949,0.08898731599022192,0.11922609797654897,0.11130778191280907,0.12294070119599494,0.16291921867738401,0.1027228714942283,0.19544165950985523,0.11089289974743097,0.1394254944309227,0.2689614800081245,0.09762744694752686,0.07954491729004388,0.18273775731804143
437.5,4232.308,4189.744,4164.103,4069.744,4219.487,0.1391893071660949,0.08898731599022192,0.11922609797654897,0.11130778191280907,0.12294070119599494,0.16291921867738401,0.1027228714942283,0.19544165950985523,0.11089289974743097,0.1394254944309227,0.2689614800081245,0.09762744694752686,0.07954491729004388,0.18273775731804143
445.3125,4238.462,4210.769,4162.051,4081.026,4228.718,0.1391893071660949,0.08898731599022192,0.11922609797654897,0.11130778191280907,0.12294070119599494,0.16291921867738401,0.1027228714942283,0.19544165950985523,0.11089289974743097,0.1394254944309227,0.2689614800081245,0.09762744694752686,0.07954491729004388,0.18273775731804143
453.125,4258.462,4212.308,4175.897,4095.385,4245.128,0.1391893071660949,0.08898731599022192,0.11922609797654897,0.11130778191280907,0.12294070119599494,0.16291921867738401,0.1027228714942283,0.19544165950985523,0.11089289974743097,0.1394254944309227,0.2689614800081245,0.09762744694752686,0.07954491729004388,0.18273775731804143
460.9375,4253.333,4195.385,4181.538,4075.897,4241.026,0.1391893071660949,0.08898731599022192,0.11922609797654897,0.11130778191280907,0.12294070119599494,0.16291921867738401,0.1027228714942283,0.19544165950985523,0.11089289974743097,0.1394254944309227,0.2689614800081245,0.09762744694752686,0.07954491729004388,0.18273775731804143
468.75,4253.846,4195.897,4171.795,4071.282,4243.077,0.1391893071660949,0.08898731599022192,0.11922609797654897,0.11130778191280907,0.12294070119599494,0.16291921867738401,0.1027228714942283,0.19544165950985523,0.11089289974743097,0.1394254944309227,0.2689614800081245,0.09762744694752686,0.07954491729004388,0.18273775731804143
476.5625,4280.0,4199.487,4183.59,4097.436,4252.821,0.1391893071660949,0.08898731599022192,0.11922609797654897,0.11130778191280907,0.12294070119599494,0.16291921867738401,0.1027228714942283,0.19544165950985523,0.11089289974743097,0.1394254944309227,0.2689614800081245,0.09762744694752686,0.07954491729004388,0.18273775731804143
484.375,4276.41,4194.872,4190.256,4098.974,4242.051,0.1391893071660949,0.08898731599022192,0.11922609797654897,0.11130778191280907,0.12294070119599494,0.16291921867738401,0.1027228714942283,0.19544165950985523,0.11089289974743097,0.1394254944309227,0.2689614800081245,0.09762744694752686,0.07954491729004388,0.18273775731804143
492.1875,4266.154,4199.487,4174.359,4091.795,4234.872,0.1391893071660949,0.08898731599022192,0.11922609797654897,0.11130778191280907,0.12294070119599494,0.16291921867738401,0.1027228714942283,0.19544165950985523,0.11089289974743097,0.1394254944309227,0.2689614800081245,0.09762744694752686,0.07954491729004388,0.18273775731804143
500.0,4284.615,4206.154,4183.077,4101.026,4242.051,0.1391893071660949,0.08898731599022192,0.11922609797654897,0.11130778191280907,0.12294070119599494,0.16291921867738401,0.1027228714942283,0.19544165950985523,0.11089289974743097,0.1394254944309227,0.2689614800081245,0.09762744694752686,0.07954491729004388,0.18273775731804143
507.8125,4283.077,4202.051,4188.205,4104.103,4247.179,0.1391893071660949,0.08898731599022192,0.11922609797654897,0.11130778191280907,0.12294070119599494,0.16291921867738401,0.1027228714942283,0.19544165950985523,0.11089289974743097,0.1394254944309227,0.2689614800081245,0.09762744694752686,0.07954491729004388,0.18273775731804143
515.625,4259.487,4183.59,4174.872,4098.974,4236.923,0.1391893071660949,0.08898731599022192,0.11922609797654897,0.11130778191280907,0.12294070119599494,0.16291921867738401,0.1027228714942283,0.19544165950985523,0.11089289974743097,0.1394254944309227,0.2689614800081245,0.09762744694752686,0.07954491729004388,0.18273775731804143
523.4375,4254.359,4172.821,4180.0,4098.974,4225.128,0.1391893071660949,0.08898731599022192,0.11922609797654897,0.11130778191280907,0.12294070119599494,0.16291921867738401,0.1027228714942283,0.19544165950985523,0.11089289974743097,0.1394254944309227,0.2689614800081245,0.09762744694752686,0.07954491729004388,0.18273775731804143
531.25,4268.718,4177.949,4190.769,4112.308,4229.231,0.1391893071660949,0.08898731599022192,0.11922609797654897,0.11130778191280907,0.12294070119599494,0.16291921867738401,0.1027228714942283,0.19544165950985523,0.11089289974743097,0.1394254944309227,0.2689614800081245,0.09762744694752686,0.07954491729004388,0.18273775731804143
539.0625,4263.59,4177.436,4185.128,4104.615,4230.256,0.1391893071660949,0.08898731599022192,0.11922609797654897,0.11130778191280907,0.12294070119599494,0.16291921867738401,0.1027228714942283,0.19544165950985523,0.11089289974743097,0.1394254944309227,0.2689614800081245,0.09762744694752686,0.07954491729004388,0.18273775731804143
546.875,4244.103,4171.795,4162.564,4078.974,4224.103,0.1391893071660949,0.08898731599022192,0.11922609797654897,0.11130778191280907,0.12294070119599494,0.16291921867738401,0.1027228714942283,0.19544165950985523,0.11089289974743097,0.1394254944309227,0.2689614800081245,0.09762744694752686,0.07954491729004388,0.18273775731804143
554.6875,4245.641,4170.256,4151.795,4072.308,4223.59,0.1391893071660949,0.08898731599022192,0.11922609797654897,0.11130778191280907,0.12294070119599494,0.16291921867738401,0.1027228714942283,0.19544165950985523,0.11089289974743097,0.1394254944309227,0.2689614800081245,0.09762744694752686,0.07954491729004388,0.18273775731804143
562.5,4257.436,4186.154,4157.949,4083.59,4234.872,0.1391893071660949,0.08898731599022192,0.11922609797654897,0.11130778191280907,0.12294070119599494,0.16291921867738401,0.1027228714942283,0.19544165950985523,0.11089289974743097,0.1394254944309227,0.2689614800081245,0.09762744694752686,0.07954491729004388,0.18273775731804143
570.3125,4281.538,4203.59,4177.949,4094.872,4244.103,0.1391893071660949,0.08898731599022192,0.11922609797654897,0.11130778191280907,0.12294070119599494,0.16291921867738401,0.1027228714942283,0.19544165950985523,0.11089289974743097,0.1394254944309227,0.2689614800081245,0.09762744694752686,0.07954491729004388,0.18273775731804143
578.125,4293.333,4205.641,4189.231,4094.872,4241.538,0.1391893071660949,0.08898731599022192,0.11922609797654897,0.11130778191280907,0.12294070119599494,0.16291921867738401,0.1027228714942283,0.19544165950985523,0.11089289974743097,0.1394254944309227,0.2689614800081245,0.09762744694752686,0.07954491729004388,0.18273775731804143
585.9375,4275.385,4192.821,4170.769,4092.308,4236.923,0.1391893071660949,0.08898731599022192,0.11922609797654897,0.11130778191280907,0.12294070119599494,0.16291921867738401,0.1027228714942283,0.19544165950985523,0.11089289974743097,0.1394254944309227,0.2689614800081245,0.09762744694752686,0.07954491729004388,0.18273775731804143
593.75,4250.769,4169.744,4157.949,4078.462,4205.641,0.1391893071660949,0.08898731599022192,0.11922609797654897,0.11130778191280907,0.12294070119599494,0.16291921867738401,0.1027228714942283,0.19544165950985523,0.11089289974743097,0.1394254944309227,0.2689614800081245,0.09762744694752686,0.07954491729004388,0.18273775731804143
601.5625,4222.051,4157.436,4152.821,4050.256,4162.051,0.1391893071660949,0.08898731599022192,0.11922609797654897,0.11130778191280907,0.12294070119599494,0.16291921867738401,0.1027228714942283,0.19544165950985523,0.11089289974743097,0.1394254944309227,0.2689614800081245,0.09762744694752686,0.07954491729004388,0.18273775731804143
609.375,4184.615,4167.692,4128.205,4046.154,4156.41,0.1391893071660949,0.08898731599022192,0.11922609797654897,0.11130778191280907,0.12294070119599494,0.16291921867738401,0.1027228714942283,0.19544165950985523,0.11089289974743097,0.1394254944309227,0.2689614800081245,0.09762744694752686,0.07954491729004388,0.18273775731804143
617.1875,4176.41,4175.897,4119.487,4076.923,4167.692,0.1391893071660949,0.08898731599022192,0.11922609797654897,0.11130778191280907,0.12294070119599494,0.16291921867738401,0.1027228714942283,0.19544165950985523,0.11089289974743097,0.1394254944309227,0.2689614800081245,0.09762744694752686,0.07954491729004388,0.18273775731804143
625.0,4202.564,4174.872,4162.564,4087.692,4151.795,0.1391893071660949,0.08898731599022192,0.11922609797654897,0.11130778191280907,0.12294070119599494,0.16291921867738401,0.1027228714942283,0.19544165950985523,0.11089289974743097,0.1394254944309227,0.2689614800081245,0.09762744694752686,0.07954491729004388,0.18273775731804143
632.8125,4202.051,4197.436,4187.179,4076.923,4148.718,0.1391893071660949,0.08898731599022192,0.11922609797654897,0.11130778191280907,0.12294070119599494,0.16291921867738401,0.1027228714942283,0.19544165950985523,0.11089289974743097,0.1394254944309227,0.2689614800081245,0.09762744694752686,0.07954491729004388,0.18273775731804143
640.625,4198.974,4215.897,4166.667,4103.077,4180.0,0.1391893071660949,0.08898731599022192,0.11922609797654897,0.11130778191280907,0.12294070119599494,0.16291921867738401,0.1027228714942283,0.19544165950985523,0.11089289974743097,0.1394254944309227,0.2689614800081245,0.09762744694752686,0.07954491729004388,0.18273775731804143
648.4375,4214.872,4187.179,4175.897,4116.41,4177.436,0.1391893071660949,0.08898731599022192,0.11922609797654897,0.11130778191280907,0.12294070119599494,0.16291921867738401,0.1027228714942283,0.19544165950985523,0.11089289974743097,0.1394254944309227,0.2689614800081245,0.09762744694752686,0.07954491729004388,0.18273775731804143
656.25,4208.205,4171.282,4195.897,4090.769,4162.051,0.1391893071660949,0.08898731599022192,0.11922609797654897,0.11130778191280907,0.12294070119599494,0.16291921867738401,0.1027228714942283,0.19544165950985523,0.11089289974743097,0.1394254944309227,0.2689614800081245,0.09762744694752686,0.07954491729004388,0.18273775731804143
664.0625,4194.359,4185.641,4166.667,4093.333,4181.026,0.1391893071660949,0.08898731599022192,0.11922609797654897,0.11130778191280907,0.12294070119599494,0.16291921867738401,0.1027228714942283,0.19544165950985523,0.11089289974743097,0.1394254944309227,0.2689614800081245,0.09762744694752686,0.07954491729004388,0.18273775731804143
671.875,4190.769,4158.974,4125.128,4093.846,4165.641,0.1391893071660949,0.08898731599022192,0.11922609797654897,0.11130778191280907,0.12294070119599494,0.16291921867738401,0.1027228714942283,0.19544165950985523,0.11089289974743097,0.1394254944309227,0.2689614800081245,0.09762744694752686,0.07954491729004388,0.18273775731804143
679.6875,4178.974,4117.436,4129.744,4056.923,4114.359,0.1391893071660949,0.08898731599022192,0.11922609797654897,0.11130778191280907,0.12294070119599494,0.16291921867738401,0.1027228714942283,0.19544165950985523,0.11089289974743097,0.1394254944309227,0.2689614800081245,0.09762744694752686,0.07954491729004388,0.18273775731804143
687.5,4168.205,4150.769,4156.41,4045.641,4116.923,0.1391893071660949,0.08898731599022192,0.11922609797654897,0.11130778191280907,0.12294070119599494,0.16291921867738401,0.1027228714942283,0.19544165950985523,0.11089289974743097,0.1394254944309227,0.2689614800081245,0.09762744694752686,0.07954491729004388,0.18273775731804143
695.3125,4176.41,4207.692,4147.179,4070.256,4163.59,0.1391893071660949,0.08898731599022192,0.11922609797654897,0.11130778191280907,0.12294070119599494,0.16291921867738401,0.1027228714942283,0.19544165950985523,0.11089289974743097,0.1394254944309227,0.2689614800081245,0.09762744694752686,0.07954491729004388,0.18273775731804143
703.125,4197.436,4191.282,4132.308,4085.128,4173.846,0.1391893071660949,0.08898731599022192,0.11922609797654897,0.11130778191280907,0.12294070119599494,0.16291921867738401,0.1027228714942283,0.19544165950985523,0.11089289974743097,0.1394254944309227,0.2689614800081245,0.09762744694752686,0.07954491729004388,0.18273775731804143
710.9375,4208.205,4152.821,4168.718,4076.923,4146.667,0.1391893071660949,0.08898731599022192,0.11922609797654897,0.11130778191280907,0.12294070119599494,0.16291921867738401,0.1027228714942283,0.19544165950985523,0.11089289974743097,0.1394254944309227,0.2689614800081245,0.09762744694752686,0.07954491729004388,0.18273775731804143
718.75,4199.487,4181.026,4197.436,4070.769,4146.667,0.1391893071660949,0.08898731599022192,0.11922609797654897,0.11130778191280907,0.12294070119599494,0.16291921867738401,0.1027228714942283,0.19544165950985523,0.11089289974743097,0.1394254944309227,0.2689614800081245,0.09762744694752686,0.07954491729004388,0.18273775731804143
726.5625,4214.872,4215.897,4176.41,4097.436,4180.513,0.1391893071660949,0.08898731599022192,0.11922609797654897,0.11130778191280907,0.12294070119599494,0.16291921867738401,0.1027228714942283,0.19544165950985523,0.11089289974743097,0.1394254944309227,0.2689614800081245,0.09762744694752686,0.07954491729004388,0.18273775731804143
734.375,4246.667,4191.795,4172.308,4118.974,4183.077,0.1391893071660949,0.08898731599022192,0.11922609797654897,0.11130778191280907,0.12294070119599494,0.16291921867738401,0.1027228714942283,0.19544165950985523,0.11089289974743097,0.1394254944309227,0.2689614800081245,0.09762744694752686,0.07954491729004388,0.18273775731804143
742.1875,4224.615,4167.179,4177.949,4088.718,4149.744,0.1391893071660949,0.08898731599022192,0.11922609797654897,0.11130778191280907,0.12294070119599494,0.16291921867738401,0.1027228714942283,0.19544165950985523,0.11089289974743097,0.1394254944309227,0.2689614800081245,0.09762744694752686,0.07954491729004388,0.18273775731804143
750.0,4184.103,4177.949,4136.923,4070.256,4148.205,0.1391893071660949,0.08898731599022192,0.11922609797654897,0.11130778191280907,0.12294070119599494,0.16291921867738401,0.1027228714942283,0.19544165950985523,0.11089289974743097,0.1394254944309227,0.2689614800081245,0.09762744694752686,0.07954491729004388,0.18273775731804143
757.8125,4198.462,4171.795,4121.538,4095.385,4161.538,0.1391893071660949,0.08898731599022192,0.11922609797654897,0.11130778191280907,0.12294070119599494,0.16291921867738401,0.1027228714942283,0.19544165950985523,0.11089289974743097,0.1394254944309227,0.2689614800081245,0.09762744694752686,0.07954491729004388,0.18273775731804143
765.625,4209.231,4151.282,4166.154,4081.538,4133.333,0.1391893071660949,0.08898731599022192,0.11922609797654897,0.11130778191280907,0.12294070119599494,0.16291921867738401,0.1027228714942283,0.19544165950985523,0.11089289974743097,0.1394254944309227,0.2689614800081245,0.09762744694752686,0.07954491729004388,0.18273775731804143
773.4375,4192.308,4176.41,4182.564,4072.821,4132.308,0.1391893071660949,0.08898731599022192,0.11922609797654897,0.11130778191280907,0.12294070119599494,0.16291921867738401,0.1027228714942283,0.19544165950985523,0.11089289974743097,0.1394254944309227,0.2689614800081245,0.09762744694752686,0.07954491729004388,0.18273775731804143
781.25,4208.205,4201.026,4170.256,4117.949,4177.949,0.1391893071660949,0.08898731599022192,0.11922609797654897,0.11130778191280907,0.12294070119599494,0.16291921867738401,0.1027228714942283,0.19544165950985523,0.11089289974743097,0.1394254944309227,0.2689614800081245,0.09762744694752686,0.07954491729004388,0.18273775731804143
789.0625,4228.718,4176.41,4167.692,4107.179,4180.0,0.1391893071660949,0.08898731599022192,0.11922609797654897,0.11130778191280907,0.12294070119599494,0.16291921867738401,0.1027228714942283,0.19544165950985523,0.11089289974743097,0.1394254944309227,0.2689614800081245,0.09762744694752686,0.07954491729004388,0.18273775731804143
796.875,4227.179,4168.205,4147.692,4058.462,4165.128,0.1391893071660949,0.08898731599022192,0.11922609797654897,0.11130778191280907,0.12294070119599494,0.16291921867738401,0.1027228714942283,0.19544165950985523,0.11089289974743097,0.1394254944309227,0.2689614800081245,0.09762744694752686,0.07954491729004388,0.18273775731804143
804.6875,4234.872,4178.462,4133.333,4069.231,4173.846,0.1391893071660949,0.08898731599022192,0.11922609797654897,0.11130778191280907,0.12294070119599494,0.16291921867738401,0.1027228714942283,0.19544165950985523,0.11089289974743097,0.1394254944309227,0.2689614800081245,0.09762744694752686,0.07954491729004388,0.18273775731804143
812.5,4232.308,4176.923,4145.641,4087.179,4168.205,0.1391893071660949,0.08898731599022192,0.11922609797654897,0.11130778191280907,0.12294070119599494,0.16291921867738401,0.1027228714942283,0.19544165950985523,0.11089289974743097,0.1394254944309227,0.2689614800081245,0.09762744694752686,0.07954491729004388,0.18273775731804143
820.3125,4226.667,4181.538,4143.077,4083.077,4163.59,0.1391893071660949,0.08898731599022192,0.11922609797654897,0.11130778191280907,0.12294070119599494,0.16291921867738401,0.1027228714942283,0.19544165950985523,0.11089289974743097,0.1394254944309227,0.2689614800081245,0.09762744694752686,0.07954491729004388,0.18273775731804143
828.125,4242.564,4182.051,4138.974,4094.359,4175.897,0.1391893071660949,0.08898731599022192,0.11922609797654897,0.11130778191280907,0.12294070119599494,0.16291921867738401,0.1027228714942283,0.19544165950985523,0.11089289974743097,0.1394254944309227,0.2689614800081245,0.09762744694752686,0.07954491729004388,0.18273775731804143
835.9375,4239.487,4167.692,4142.564,4089.744,4174.359,0.1391893071660949,0.08898731599022192,0.11922609797654897,0.11130778191280907,0.12294070119599494,0.16291921867738401,0.1027228714942283,0.19544165950985523,0.11089289974743097,0.1394254944309227,0.2689614800081245,0.09762744694752686,0.07954491729004388,0.18273775731804143
843.75,4229.231,4154.359,4126.667,4074.872,4165.128,0.1391893071660949,0.08898731599022192,0.11922609797654897,0.11130778191280907,0.12294070119599494,0.16291921867738401,0.1027228714942283,0.19544165950985523,0.11089289974743097,0.1394254944309227,0.2689614800081245,0.09762744694752686,0.07954491729004388,0.18273775731804143
851.5625,4243.077,4144.103,4123.077,4081.538,4155.897,0.1391893071660949,0.08898731599022192,0.11922609797654897,0.11130778191280907,0.12294070119599494,0.16291921867738401,0.1027228714942283,0.19544165950985523,0.11089289974743097,0.1394254944309227,0.2689614800081245,0.09762744694752686,0.07954491729004388,0.18273775731804143
859.375,4237.436,4155.385,4130.769,4074.872,4145.128,0.1391893071660949,0.08898731599022192,0.11922609797654897,0.11130778191280907,0.12294070119599494,0.16291921867738401,0.1027228714942283,0.19544165950985523,0.11089289974743097,0.1394254944309227,0.2689614800081245,0.09762744694752686,0.07954491729004388,0.18273775731804143
867.1875,4232.821,4175.385,4128.718,4071.282,4158.974,0.1391893071660949,0.08898731599022192,0.11922609797654897,0.11130778191280907,0.12294070119599494,0.16291921867738401,0.1027228714942283,0.19544165950985523,0.11089289974743097,0.1394254944309227,0.2689614800081245,0.09762744694752686,0.07954491729004388,0.18273775731804143
875.0,4255.385,4169.744,4144.615,4085.641,4182.051,0.1391893071660949,0.08898731599022192,0.11922609797654897,0.11130778191280907,0.12294070119599494,0.16291921867738401,0.1027228714942283,0.19544165950985523,0.11089289974743097,0.1394254944309227,0.2689614800081245,0.09762744694752686,0.07954491729004388,0.18273775731804143
882.8125,4263.59,4173.333,4161.538,4093.333,4187.692,0.1391893071660949,0.08898731599022192,0.11922609797654897,0.11130778191280907,0.12294070119599494,0.16291921867738401,0.1027228714942283,0.19544165950985523,0.11089289974743097,0.1394254944309227,0.2689614800081245,0.09762744694752686,0.07954491729004388,0.18273775731804143
890.625,4264.615,4188.718,4161.538,4092.821,4181.538,0.1391893071660949,0.08898731599022192,0.11922609797654897,0.11130778191280907,0.12294070119599494,0.16291921867738401,0.1027228714942283,0.19544165950985523,0.11089289974743097,0.1394254944309227,0.2689614800081245,0.09762744694752686,0.07954491729004388,0.18273775731804143
898.4375,4269.231,4177.949,4160.513,4090.769,4168.718,0.1391893071660949,0.08898731599022192,0.11922609797654897,0.11130778191280907,0.12294070119599494,0.16291921867738401,0.1027228714942283,0.19544165950985523,0.11089289974743097,0.1394254944309227,0.2689614800081245,0.09762744694752686,0.07954491729004388,0.18273775731804143
906.25,4260.0,4167.692,4155.385,4089.744,4158.462,0.1391893071660949,0.08898731599022192,0.11922609797654897,0.11130778191280907,0.12294070119599494,0.16291921867738401,0.1027228714942283,0.19544165950985523,0.11089289974743097,0.1394254944309227,0.2689614800081245,0.09762744694752686,0.07954491729004388,0.18273775731804143
914.0625,4254.359,4176.923,4144.615,4085.128,4150.256,0.1391893071660949,0.08898731599022192,0.11922609797654897,0.11130778191280907,0.12294070119599494,0.16291921867738401,0.1027228714942283,0.19544165950985523,0.11089289974743097,0.1394254944309227,0.2689614800081245,0.09762744694752686,0.07954491729004388,0.18273775731804143
921.875,4269.744,4182.051,4149.744,4082.564,4153.846,0.1391893071660949,0.08898731599022192,0.11922609797654897,0.11130778191280907,0.12294070119599494,0.16291921867738401,0.1027228714942283,0.19544165950985523,0.11089289974743097,0.1394254944309227,0.2689614800081245,0.09762744694752686,0.07954491729004388,0.18273775731804143
929.6875,4272.821,4186.154,4166.667,4085.641,4168.718,0.1391893071660949,0.08898731599022192,0.11922609797654897,0.11130778191280907,0.12294070119599494,0.16291921867738401,0.1027228714942283,0.19544165950985523,0.11089289974743097,0.1394254944309227,0.2689614800081245,0.09762744694752686,0.07954491729004388,0.18273775731804143
937.5,4255.385,4188.718,4160.513,4092.308,4161.538,0.1391893071660949,0.08898731599022192,0.11922609797654897,0.11130778191280907,0.12294070119599494,0.16291921867738401,0.1027228714942283,0.19544165950985523,0.11089289974743097,0.1394254944309227,0.2689614800081245,0.09762744694752686,0.07954491729004388,0.18273775731804143
945.3125,4259.487,4183.59,4141.538,4100.513,4142.051,0.1391893071660949,0.08898731599022192,0.11922609797654897,0.11130778191280907,0.12294070119599494,0.16291921867738401,0.1027228714942283,0.19544165950985523,0.11089289974743097,0.1394254944309227,0.2689614800081245,0.09762744694752686,0.07954491729004388,0.18273775731804143
953.125,4265.641,4182.051,4136.41,4091.795,4140.513,0.1391893071660949,0.08898731599022192,0.11922609797654897,0.11130778191280907,0.12294070119599494,0.16291921867738401,0.1027228714942283,0.19544165950985523,0.11089289974743097,0.1394254944309227,0.2689614800081245,0.09762744694752686,0.07954491729004388,0.18273775731804143
960.9375,4243.077,4183.077,4128.205,4073.333,4143.59,0.1391893071660949,0.08898731599022192,0.11922609797654897,0.11130778191280907,0.12294070119599494,0.16291921867738401,0.1027228714942283,0.19544165950985523,0.11089289974743097,0.1394254944309227,0.2689614800081245,0.09762744694752686,0.07954491729004388,0.18273775731804143
968.75,4235.385,4174.872,4113.333,4077.436,4138.974,0.1391893071660949,0.08898731599022192,0.11922609797654897,0.11130778191280907,0.12294070119599494,0.16291921867738401,0.1027228714942283,0.19544165950985523,0.11089289974743097,0.1394254944309227,0.2689614800081245,0.09762744694752686,0.07954491729004388,0.18273775731804143
976.5625,4246.154,4167.692,4121.026,4086.154,4132.308,0.1391893071660949,0.08898731599022192,0.11922609797654897,0.11130778191280907,0.12294070119599494,0.16291921867738401,0.1027228714942283,0.19544165950985523,0.11089289974743097,0.1394254944309227,0.2689614800081245,0.09762744694752686,0.07954491729004388,0.18273775731804143
984.375,4235.897,4184.103,4124.103,4081.538,4135.385,0.1391893071660949,0.08898731599022192,0.11922609797654897,0.11130778191280907,0.12294070119599494,0.16291921867738401,0.1027228714942283,0.19544165950985523,0.11089289974743097,0.1394254944309227,0.2689614800081245,0.09762744694752686,0.07954491729004388,0.18273775731804143
992.1875,4237.436,4192.821,4112.821,4093.846,4145.128,0.1391893071660949,0.08898731599022192,0.11922609797654897,0.11130778191280907,0.12294070119599494,0.16291921867738401,0.1027228714942283,0.19544165950985523,0.11089289974743097,0.1394254944309227,0.2689614800081245,0.09762744694752686,0.07954491729004388,0.18273775731804143
1000.0,4258.974,4183.59,4132.821,4106.667,4154.872,0.1391893071660949,0.08898731599022192,0.11922609797654897,0.11130778191280907,0.12294070119599494,0.16291921867738401,0.1027228714942283,0.19544165950985523,0.11089289974743097,0.1394254944309227,0.2689614800081245,0.09762744694752686,0.07954491729004388,0.18273775731804143
1007.8125,4260.0,4189.744,4143.077,4110.769,4175.385,0.1391893071660949,0.08898731599022192,0.11922609797654897,0.11130778191280907,0.12294070119599494,0.16291921867738401,0.1027228714942283,0.19544165950985523,0.11089289974743097,0.1394254944309227,0.2689614800081245,0.09762744694752686,0.07954491729004388,0.18273775731804143
1015.625,4256.41,4186.667,4125.641,4117.436,4183.59,0.1391893071660949,0.08898731599022192,0.11922609797654897,0.11130778191280907,0.12294070119599494,0.16291921867738401,0.1027228714942283,0.19544165950985523,0.11089289974743097,0.1394254944309227,0.2689614800081245,0.09762744694752686,0.07954491729004388,0.18273775731804143
1023.4375,4235.897,4171.795,4117.436,4088.205,4152.308,0.1391893071660949,0.08898731599022192,0.11922609797654897,0.11130778191280907,0.12294070119599494,0.16291921867738401,0.1027228714942283,0.19544165950985523,0.11089289974743097,0.1394254944309227,0.2689614800081245,0.09762744694752686,0.07954491729004388,0.18273775731804143
1031.25,4205.641,4175.897,4098.462,4069.231,4137.436,0.1391893071660949,0.08898731599022192,0.11922609797654897,0.11130778191280907,0.12294070119599494,0.16291921867738401,0.1027228714942283,0.19544165950985523,0.11089289974743097,0.1394254944309227,0.2689614800081245,0.09762744694752686,0.07954491729004388,0.18273775731804143
1039.0625,4222.564,4177.949,4096.41,4096.41,4151.282,0.1391893071660949,0.08898731599022192,0.11922609797654897,0.11130778191280907,0.12294070119599494,0.16291921867738401,0.1027228714942283,0.19544165950985523,0.11089289974743097,0.1394254944309227,0.2689614800081245,0.09762744694752686,0.07954491729004388,0.18273775731804143
1046.875,4241.538,4180.0,4120.513,4095.385,4154.359,0.1391893071660949,0.08898731599022192,0.11922609797654897,0.11130778191280907,0.12294070119599494,0.16291921867738401,0.1027228714942283,0.19544165950985523,0.11089289974743097,0.1394254944309227,0.2689614800081245,0.09762744694752686,0.07954491729004388,0.18273775731804143
1054.6875,4231.282,4187.692,4109.744,4079.487,4155.897,0.1391893071660949,0.08898731599022192,0.11922609797654897,0.11130778191280907,0.12294070119599494,0.16291921867738401,0.1027228714942283,0.19544165950985523,0.11089289974743097,0.1394254944309227,0.2689614800081245,0.09762744694752686,0.07954491729004388,0.18273775731804143
1062.5,4241.538,4175.385,4105.641,4093.846,4158.462,0.1391893071660949,0.08898731599022192,0.11922609797654897,0.11130778191280907,0.12294070119599494,0.16291921867738401,0.1027228714942283,0.19544165950985523,0.11089289974743097,0.1394254944309227,0.2689614800081245,0.09762744694752686,0.07954491729004388,0.18273775731804143
1070.3125,4249.231,4173.846,4128.205,4092.308,4158.974,0.1391893071660949,0.08898731599022192,0.11922609797654897,0.11130778191280907,0.12294070119599494,0.16291921867738401,0.1027228714942283,0.19544165950985523,0.11089289974743097,0.1394254944309227,0.2689614800081245,0.09762744694752686,0.07954491729004388,0.18273775731804143
1078.125,4236.923,4188.205,4115.897,4083.077,4162.051,0.1391893071660949,0.08898731599022192,0.11922609797654897,0.11130778191280907,0.12294070119599494,0.16291921867738401,0.1027228714942283,0.19544165950985523,0.11089289974743097,0.1394254944309227,0.2689614800081245,0.09762744694752686,0.07954491729004388,0.18273775731804143
1085.9375,4237.949,4185.128,4109.231,4093.333,4152.821,0.1391893071660949,0.08898731599022192,0.11922609797654897,0.11130778191280907,0.12294070119599494,0.16291921867738401,0.1027228714942283,0.19544165950985523,0.11089289974743097,0.1394254944309227,0.2689614800081245,0.09762744694752686,0.07954491729004388,0.18273775731804143
1093.75,4248.205,4198.462,4132.308,4095.897,4153.333,0.1391893071660949,0.08898731599022192,0.11922609797654897,0.11130778191280907,0.12294070119599494,0.16291921867738401,0.1027228714942283,0.19544165950985523,0.11089289974743097,0.1394254944309227,0.2689614800081245,0.09762744694752686,0.07954491729004388,0.18273775731804143
1101.5625,4253.333,4216.41,4143.077,4105.641,4174.359,0.1391893071660949,0.08898731599022192,0.11922609797654897,0.11130778191280907,0.12294070119599494,0.16291921867738401,0.1027228714942283,0.19544165950985523,0.11089289974743097,0.1394254944309227,0.2689614800081245,0.09762744694752686,0.07954491729004388,0.18273775731804143
1109.375,4245.641,4201.538,4145.641,4114.359,4176.923,0.1391893071660949,0.08898731599022192,0.11922609797654897,0.11130778191280907,0.12294070119599494,0.16291921867738401,0.1027228714942283,0.19544165950985523,0.11089289974743097,0.1394254944309227,0.2689614800081245,0.09762744694752686,0.07954491729004388,0.18273775731804143
1117.1875,4236.923,4191.795,4142.564,4096.923,4165.128,0.1391893071660949,0.08898731599022192,0.11922609797654897,0.11130778191280907,0.12294070119599494,0.16291921867738401,0.1027228714942283,0.19544165950985523,0.11089289974743097,0.1394254944309227,0.2689614800081245,0.09762744694752686,0.07954491729004388,0.18273775731804143
1125.0,4247.179,4198.462,4140.0,4092.821,4163.59,0.1391893071660949,0.08898731599022192,0.11922609797654897,0.11130778191280907,0.12294070119599494,0.16291921867738401,0.1027228714942283,0.19544165950985523,0.11089289974743097,0.1394254944309227,0.2689614800081245,0.09762744694752686,0.07954491729004388,0.18273775731804143
1132.8125,4246.154,4200.513,4151.282,4106.667,4160.513,0.1391893071660949,0.08898731599022192,0.11922609797654897,0.11130778191280907,0.12294070119599494,0.16291921867738401,0.1027228714942283,0.19544165950985523,0.11089289974743097,0.1394254944309227,0.2689614800081245,0.09762744694752686,0.07954491729004388,0.18273775731804143
1140.625,4229.744,4207.692,4138.974,4111.282,4172.308,0.1391893071660949,0.08898731599022192,0.11922609797654897,0.11130778191280907,0.12294070119599494,0.16291921867738401,0.1027228714942283,0.19544165950985523,0.11089289974743097,0.1394254944309227,0.2689614800081245,0.09762744694752686,0.07954491729004388,0.18273775731804143
1148.4375,4242.051,4193.333,4125.128,4111.282,4180.513,0.1391893071660949,0.08898731599022192,0.11922609797654897,0.11130778191280907,0.12294070119599494,0.16291921867738401,0.1027228714942283,0.19544165950985523,0.11089289974743097,0.1394254944309227,0.2689614800081245,0.09762744694752686,0.07954491729004388,0.18273775731804143
1156.25,4232.821,4172.308,4134.872,4090.769,4151.282,0.1391893071660949,0.08898731599022192,0.11922609797654897,0.11130778191280907,0.12294070119599494,0.16291921867738401,0.1027228714942283,0.19544165950985523,0.11089289974743097,0.1394254944309227,0.2689614800081245,0.09762744694752686,0.07954491729004388,0.18273775731804143
1164.0625,4197.436,4198.974,4109.744,4073.846,4146.667,0.1391893071660949,0.08898731599022192,0.11922609797654897,0.11130778191280907,0.12294070119599494,0.16291921867738401,0.1027228714942283,0.19544165950985523,0.11089289974743097,0.1394254944309227,0.2689614800081245,0.09762744694752686,0.07954491729004388,0.18273775731804143
1171.875,4224.615,4207.179,4086.154,4105.641,4172.821,0.1391893071660949,0.08898731599022192,0.11922609797654897,0.11130778191280907,0.12294070119599494,0.16291921867738401,0.1027228714942283,0.19544165950985523,0.11089289974743097,0.1394254944309227,0.2689614800081245,0.09762744694752686,0.07954491729004388,0.18273775731804143
1179.6875,4252.308,4172.308,4125.128,4118.974,4163.59,0.1391893071660949,0.08898731599022192,0.11922609797654897,0.11130778191280907,0.12294070119599494,0.16291921867738401,0.1027228714942283,0.19544165950985523,0.11089289974743097,0.1394254944309227,0.2689614800081245,0.09762744694752686,0.07954491729004388,0.18273775731804143
1187.5,4224.615,4187.692,4138.974,4097.949,4157.949,0.1391893071660949,0.08898731599022192,0.11922609797654897,0.11130778191280907,0.12294070119599494,0.16291921867738401,0.1027228714942283,0.19544165950985523,0.11089289974743097,0.1394254944309227,0.2689614800081245,0.09762744694752686,0.07954491729004388,0.18273775731804143
1195.3125,4229.744,4213.333,4110.769,4115.385,4185.641,0.1391893071660949,0.08898731599022192,0.11922609797654897,0.11130778191280907,0.12294070119599494,0.16291921867738401,0.1027228714942283,0.19544165950985523,0.11089289974743097,0.1394254944309227,0.2689614800081245,0.09762744694752686,0.07954491729004388,0.18273775731804143
1203.125,4246.154,4175.897,4129.744,4123.59,4168.205,0.1391893071660949,0.08898731599022192,0.11922609797654897,0.11130778191280907,0.12294070119599494,0.16291921867738401,0.1027228714942283,0.19544165950985523,0.11089289974743097,0.1394254944309227,0.2689614800081245,0.09762744694752686,0.07954491729004388,0.18273775731804143
1210.9375,4202.051,4161.538,4153.846,4079.487,4125.128,0.1391893071660949,0.08898731599022192,0.11922609797654897,0.11130778191280907,0.12294070119599494,0.16291921867738401,0.1027228714942283,0.19544165950985523,0.11089289974743097,0.1394254944309227,0.2689614800081245,0.09762744694752686,0.07954491729004388,0.18273775731804143
1218.75,4186.154,4207.179,4124.615,4071.795,4142.564,0.1391893071660949,0.08898731599022192,0.11922609797654897,0.11130778191280907,0.12294070119599494,0.16291921867738401,0.1027228714942283,0.19544165950985523,0.11089289974743097,0.1394254944309227,0.2689614800081245,0.09762744694752686,0.07954491729004388,0.18273775731804143
1226.5625,4237.949,4203.077,4116.923,4108.205,4167.692,0.1391893071660949,0.08898731599022192,0.11922609797654897,0.11130778191280907,0.12294070119599494,0.16291921867738401,0.1027228714942283,0.19544165950985523,0.11089289974743097,0.1394254944309227,0.2689614800081245,0.09762744694752686,0.07954491729004388,0.18273775731804143
1234.375,4237.436,4165.128,4149.744,4096.41,4141.538,0.1391893071660949,0.08898731599022192,0.11922609797654897,0.11130778191280907,0.12294070119599494,0.16291921867738401,0.1027228714942283,0.19544165950985523,0.11089289974743097,0.1394254944309227,0.2689614800081245,0.09762744694752686,0.07954491729004388,0.18273775731804143
1242.1875,4193.846,4188.205,4146.154,4076.41,4128.718,0.1391893071660949,0.08898731599022192,0.11922609797654897,0.11130778191280907,0.12294070119599494,0.16291921867738401,0.1027228714942283,0.19544165950985523,0.11089289974743097,0.1394254944309227,0.2689614800081245,0.09762744694752686,0.07954491729004388,0.18273775731804143
1250.0,4216.41,4212.308,4131.795,4117.436,4155.385,0.1391893071660949,0.08898731599022192,0.11922609797654897,0.11130778191280907,0.12294070119599494,0.16291921867738401,0.1027228714942283,0.19544165950985523,0.11089289974743097,0.1394254944309227,0.2689614800081245,0.09762744694752686,0.07954491729004388,0.18273775731804143
1257.8125,4244.615,4186.154,4161.026,4130.769,4149.744,0.1391893071660949,0.08898731599022192,0.11922609797654897,0.11130778191280907,0.12294070119599494,0.16291921867738401,0.1027228714942283,0.19544165950985523,0.11089289974743097,0.1394254944309227,0.2689614800081245,0.09762744694752686,0.07954491729004388,0.18273775731804143
1265.625,4205.128,4187.179,4163.077,4092.821,4133.333,0.1391893071660949,0.08898731599022192,0.11922609797654897,0.11130778191280907,0.12294070119599494,0.16291921867738401,0.1027228714942283,0.19544165950985523,0.11089289974743097,0.1394254944309227,0.2689614800081245,0.09762744694752686,0.07954491729004388,0.18273775731804143
1273.4375,4193.333,4214.872,4124.615,4101.026,4153.846,0.1391893071660949,0.08898731599022192,0.11922609797654897,0.11130778191280907,0.12294070119599494,0.16291921867738401,0.1027228714942283,0.19544165950985523,0.11089289974743097,0.1394254944309227,0.2689614800081245,0.09762744694752686,0.07954491729004388,0.18273775731804143
1281.25,4232.308,4199.487,4133.333,4136.41,4154.872,0.1391893071660949,0.08898731599022192,0.11922609797654897,0.11130778191280907,0.12294070119599494,0.16291921867738401,0.1027228714942283,0.19544165950985523,0.11089289974743097,0.1394254944309227,0.2689614800081245,0.09762744694752686,0.07954491729004388,0.18273775731804143
1289.0625,4213.333,4179.487,4156.41,4113.333,4127.179,0.1391893071660949,0.08898731599022192,0.11922609797654897,0.11130778191280907,0.12294070119599494,0.16291921867738401,0.1027228714942283,0.19544165950985523,0.11089289974743097,0.1394254944309227,0.2689614800081245,0.09762744694752686,0.07954491729004388,0.18273775731804143
1296.875,4169.744,4197.949,4121.026,4087.692,4137.949,0.1391893071660949,0.08898731599022192,0.11922609797654897,0.11130778191280907,0.12294070119599494,0.16291921867738401,0.1027228714942283,0.19544165950985523,0.11089289974743097,0.1394254944309227,0.2689614800081245,0.09762744694752686,0.07954491729004388,0.18273775731804143
1304.6875,4191.795,4196.41,4100.513,4107.179,4158.462,0.1391893071660949,0.08898731599022192,0.11922609797654897,0.11130778191280907,0.12294070119599494,0.16291921867738401,0.1027228714942283,0.19544165950985523,0.11089289974743097,0.1394254944309227,0.2689614800081245,0.09762744694752686,0.07954491729004388,0.18273775731804143
1312.5,4219.487,4175.897,4144.615,4114.872,4136.41,0.1391893071660949,0.08898731599022192,0.11922609797654897,0.11130778191280907,0.12294070119599494,0.16291921867738401,0.1027228714942283,0.19544165950985523,0.11089289974743097,0.1394254944309227,0.2689614800081245,0.09762744694752686,0.07954491729004388,0.18273775731804143
1320.3125,4197.949,4194.359,4164.615,4112.821,4132.308,0.1391893071660949,0.08898731599022192,0.11922609797654897,0.11130778191280907,0.12294070119599494,0.16291921867738401,0.1027228714942283,0.19544165950985523,0.11089289974743097,0.1394254944309227,0.2689614800081245,0.09762744694752686,0.07954491729004388,0.18273775731804143
1328.125,4183.59,4216.923,4130.769,4131.795,4165.641,0.1391893071660949,0.08898731599022192,0.11922609797654897,0.11130778191280907,0.12294070119599494,0.16291921867738401,0.1027228714942283,0.19544165950985523,0.11089289974743097,0.1394254944309227,0.2689614800081245,0.09762744694752686,0.07954491729004388,0.18273775731804143
1335.9375,4205.128,4193.846,4126.154,4128.718,4165.128,0.1391893071660949,0.08898731599022192,0.11922609797654897,0.11130778191280907,0.12294070119599494,0.16291921867738401,0.1027228714942283,0.19544165950985523,0.11089289974743097,0.1394254944309227,0.2689614800081245,0.09762744694752686,0.07954491729004388,0.18273775731804143
1343.75,4207.692,4179.487,4158.974,4098.974,4136.41,0.1391893071660949,0.08898731599022192,0.11922609797654897,0.11130778191280907,0.12294070119599494,0.16291921867738401,0.1027228714942283,0.19544165950985523,0.11089289974743097,0.1394254944309227,0.2689614800081245,0.09762744694752686,0.07954491729004388,0.18273775731804143
1351.5625,4189.744,4210.769,4147.692,4097.949,4146.667,0.1391893071660949,0.08898731599022192,0.11922609797654897,0.11130778191280907,0.12294070119599494,0.16291921867738401,0.1027228714942283,0.19544165950985523,0.11089289974743097,0.1394254944309227,0.2689614800081245,0.09762744694752686,0.07954491729004388,0.18273775731804143
1359.375,4203.077,4220.513,4118.462,4121.026,4174.872,0.1391893071660949,0.08898731599022192,0.11922609797654897,0.11130778191280907,0.12294070119599494,0.16291921867738401,0.1027228714942283,0.19544165950985523,0.11089289974743097,0.1394254944309227,0.2689614800081245,0.09762744694752686,0.07954491729004388,0.18273775731804143
1367.1875,4211.282,4197.949,4146.667,4117.949,4158.974,0.1391893071660949,0.08898731599022192,0.11922609797654897,0.11130778191280907,0.12294070119599494,0.16291921867738401,0.1027228714942283,0.19544165950985523,0.11089289974743097,0.1394254944309227,0.2689614800081245,0.09762744694752686,0.07954491729004388,0.18273775731804143
1375.0,4199.487,4207.692,4173.846,4109.231,4154.359,0.1391893071660949,0.08898731599022192,0.11922609797654897,0.11130778191280907,0.12294070119599494,0.16291921867738401,0.1027228714942283,0.19544165950985523,0.11089289974743097,0.1394254944309227,0.2689614800081245,0.09762744694752686,0.07954491729004388,0.18273775731804143
1382.8125,4225.128,4221.538,4154.359,4128.205,4187.692,0.1391893071660949,0.08898731599022192,0.11922609797654897,0.11130778191280907,0.12294070119599494,0.16291921867738401,0.1027228714942283,0.19544165950985523,0.11089289974743097,0.1394254944309227,0.2689614800081245,0.09762744694752686,0.07954491729004388,0.18273775731804143
1390.625,4251.795,4210.256,4150.769,4138.974,4187.692,0.1391893071660949,0.08898731599022192,0.11922609797654897,0.11130778191280907,0.12294070119599494,0.16291921867738401,0.1027228714942283,0.19544165950985523,0.11089289974743097,0.1394254944309227,0.2689614800081245,0.09762744694752686,0.07954491729004388,0.18273775731804143
1398.4375,4229.231,4214.872,4155.385,4125.641,4168.718,0.1391893071660949,0.08898731599022192,0.11922609797654897,0.11130778191280907,0.12294070119599494,0.16291921867738401,0.1027228714942283,0.19544165950985523,0.11089289974743097,0.1394254944309227,0.2689614800081245,0.09762744694752686,0.07954491729004388,0.18273775731804143
1406.25,4218.462,4217.949,4136.923,4114.872,4167.179,0.1391893071660949,0.08898731599022192,0.11922609797654897,0.11130778191280907,0.12294070119599494,0.16291921867738401,0.1027228714942283,0.19544165950985523,0.11089289974743097,0.1394254944309227,0.2689614800081245,0.09762744694752686,0.07954491729004388,0.18273775731804143
1414.0625,4231.282,4201.538,4147.692,4110.256,4161.026,0.1391893071660949,0.08898731599022192,0.11922609797654897,0.11130778191280907,0.12294070119599494,0.16291921867738401,0.1027228714942283,0.19544165950985523,0.11089289974743097,0.1394254944309227,0.2689614800081245,0.09762744694752686,0.07954491729004388,0.18273775731804143
1421.875,4237.436,4215.897,4178.462,4122.564,4177.436,0.1391893071660949,0.08898731599022192,0.11922609797654897,0.11130778191280907,0.12294070119599494,0.16291921867738401,0.1027228714942283,0.19544165950985523,0.11089289974743097,0.1394254944309227,0.2689614800081245,0.09762744694752686,0.07954491729004388,0.18273775731804143
1429.6875,4253.846,4236.41,4183.077,4147.179,4203.59,0.1391893071660949,0.08898731599022192,0.11922609797654897,0.11130778191280907,0.12294070119599494,0.16291921867738401,0.1027228714942283,0.19544165950985523,0.11089289974743097,0.1394254944309227,0.2689614800081245,0.09762744694752686,0.07954491729004388,0.18273775731804143
1437.5,4246.667,4218.974,4168.718,4139.487,4182.564,0.1391893071660949,0.08898731599022192,0.11922609797654897,0.11130778191280907,0.12294070119599494,0.16291921867738401,0.1027228714942283,0.19544165950985523,0.11089289974743097,0.1394254944309227,0.2689614800081245,0.09762744694752686,0.07954491729004388,0.18273775731804143
1445.3125,4221.538,4210.769,4148.718,4126.154,4168.205,0.1391893071660949,0.08898731599022192,0.11922609797654897,0.11130778191280907,0.12294070119599494,0.16291921867738401,0.1027228714942283,0.19544165950985523,0.11089289974743097,0.1394254944309227,0.2689614800081245,0.09762744694752686,0.07954491729004388,0.18273775731804143
1453.125,4231.795,4213.846,4145.641,4138.462,4177.436,0.1391893071660949,0.08898731599022192,0.11922609797654897,0.11130778191280907,0.12294070119599494,0.16291921867738401,0.1027228714942283,0.19544165950985523,0.11089289974743097,0.1394254944309227,0.2689614800081245,0.09762744694752686,0.07954491729004388,0.18273775731804143
1460.9375,4231.795,4211.282,4152.308,4129.231,4167.692,0.1391893071660949,0.08898731599022192,0.11922609797654897,0.11130778191280907,0.12294070119599494,0.16291921867738401,0.1027228714942283,0.19544165950985523,0.11089289974743097,0.1394254944309227,0.2689614800081245,0.09762744694752686,0.07954491729004388,0.18273775731804143
1468.75,4223.59,4217.436,4147.179,4122.051,4177.949,0.1391893071660949,0.08898731599022192,0.11922609797654897,0.11130778191280907,0.12294070119599494,0.16291921867738401,0.1027228714942283,0.19544165950985523,0.11089289974743097,0.1394254944309227,0.2689614800081245,0.09762744694752686,0.07954491729004388,0.18273775731804143
1476.5625,4243.077,4217.436,4154.359,4139.487,4197.436,0.1391893071660949,0.08898731599022192,0.11922609797654897,0.11130778191280907,0.12294070119599494,0.16291921867738401,0.1027228714942283,0.19544165950985523,0.11089289974743097,0.1394254944309227,0.2689614800081245,0.09762744694752686,0.07954491729004388,0.18273775731804143
1484.375,4235.897,4224.103,4158.974,4142.051,4188.718,0.1391893071660949,0.08898731599022192,0.11922609797654897,0.11130778191280907,0.12294070119599494,0.16291921867738401,0.1027228714942283,0.19544165950985523,0.11089289974743097,0.1394254944309227,0.2689614800081245,0.09762744694752686,0.07954491729004388,0.18273775731804143
1492.1875,4218.974,4229.744,4137.436,4142.564,4188.718,0.1391893071660949,0.08898731599022192,0.11922609797654897,0.11130778191280907,0.12294070119599494,0.16291921867738401,0.1027228714942283,0.19544165950985523,0.11089289974743097,0.1394254944309227,0.2689614800081245,0.09762744694752686,0.07954491729004388,0.18273775731804143
1500.0,4233.333,4211.795,4140.513,4132.821,4185.641,0.1391893071660949,0.08898731599022192,0.11922609797654897,0.11130778191280907,0.12294070119599494,0.16291921867738401,0.1027228714942283,0.19544165950985523,0.11089289974743097,0.1394254944309227,0.2689614800081245,0.09762744694752686,0.07954491729004388,0.18273775731804143
1507.8125,4221.026,4209.744,4144.103,4103.077,4167.179,0.1391893071660949,0.08898731599022192,0.11922609797654897,0.11130778191280907,0.12294070119599494,0.16291921867738401,0.1027228714942283,0.19544165950985523,0.11089289974743097,0.1394254944309227,0.2689614800081245,0.09762744694752686,0.07954491729004388,0.18273775731804143
1515.625,4202.564,4218.462,4115.385,4116.41,4167.692,0.1391893071660949,0.08898731599022192,0.11922609797654897,0.11130778191280907,0.12294070119599494,0.16291921867738401,0.1027228714942283,0.19544165950985523,0.11089289974743097,0.1394254944309227,0.2689614800081245,0.09762744694752686,0.07954491729004388,0.18273775731804143
1523.4375,4218.974,4204.615,4128.718,4145.641,4163.59,0.1391893071660949,0.08898731599022192,0.11922609797654897,0.11130778191280907,0.12294070119599494,0.16291921867738401,0.1027228714942283,0.19544165950985523,0.11089289974743097,0.1394254944309227,0.2689614800081245,0.09762744694752686,0.07954491729004388,0.18273775731804143
1531.25,4208.718,4212.821,4147.692,4126.154,4157.949,0.1391893071660949,0.08898731599022192,0.11922609797654897,0.11130778191280907,0.12294070119599494,0.16291921867738401,0.1027228714942283,0.19544165950985523,0.11089289974743097,0.1394254944309227,0.2689614800081245,0.09762744694752686,0.07954491729004388,0.18273775731804143
1539.0625,4194.872,4230.769,4121.026,4122.051,4181.538,0.1391893071660949,0.08898731599022192,0.11922609797654897,0.11130778191280907,0.12294070119599494,0.16291921867738401,0.1027228714942283,0.19544165950985523,0.11089289974743097,0.1394254944309227,0.2689614800081245,0.09762744694752686,0.07954491729004388,0.18273775731804143
1546.875,4215.385,4210.769,4134.359,4138.462,4180.513,0.1391893071660949,0.08898731599022192,0.11922609797654897,0.11130778191280907,0.12294070119599494,0.16291921867738401,0.1027228714942283,0.19544165950985523,0.11089289974743097,0.1394254944309227,0.2689614800081245,0.09762744694752686,0.07954491729004388,0.18273775731804143
1554.6875,4203.59,4211.282,4158.974,4122.564,4162.564,0.1391893071660949,0.08898731599022192,0.11922609797654897,0.11130778191280907,0.12294070119599494,0.16291921867738401,0.1027228714942283,0.19544165950985523,0.11089289974743097,0.1394254944309227,0.2689614800081245,0.09762744694752686,0.07954491729004388,0.18273775731804143
1562.5,4188.718,4235.897,4135.385,4132.308,4183.077,0.1391893071660949,0.08898731599022192,0.11922609797654897,0.11130778191280907,0.12294070119599494,0.16291921867738401,0.1027228714942283,0.19544165950985523,0.11089289974743097,0.1394254944309227,0.2689614800081245,0.09762744694752686,0.07954491729004388,0.18273775731804143
1570.3125,4215.385,4213.846,4140.513,4156.923,4190.256,0.1391893071660949,0.08898731599022192,0.11922609797654897,0.11130778191280907,0.12294070119599494,0.16291921867738401,0.1027228714942283,0.19544165950985523,0.11089289974743097,0.1394254944309227,0.2689614800081245,0.09762744694752686,0.07954491729004388,0.18273775731804143
1578.125,4222.564,4202.051,4168.205,4144.103,4182.051,0.1391893071660949,0.08898731599022192,0.11922609797654897,0.11130778191280907,0.12294070119599494,0.16291921867738401,0.1027228714942283,0.19544165950985523,0.11089289974743097,0.1394254944309227,0.2689614800081245,0.09762744694752686,0.07954491729004388,0.18273775731804143
1585.9375,4217.949,4227.692,4157.949,4145.128,4204.615,0.1391893071660949,0.08898731599022192,0.11922609797654897,0.11130778191280907,0.12294070119599494,0.16291921867738401,0.1027228714942283,0.19544165950985523,0.11089289974743097,0.1394254944309227,0.2689614800081245,0.09762744694752686,0.07954491729004388,0.18273775731804143
1593.75,4223.59,4217.949,4154.872,4157.949,4201.026,0.1391893071660949,0.08898731599022192,0.11922609797654897,0.11130778191280907,0.12294070119599494,0.16291921867738401,0.1027228714942283,0.19544165950985523,0.11089289974743097,0.1394254944309227,0.2689614800081245,0.09762744694752686,0.07954491729004388,0.18273775731804143
1601.5625,4202.564,4204.615,4154.359,4141.538,4175.897,0.1391893071660949,0.08898731599022192,0.11922609797654897,0.11130778191280907,0.12294070119599494,0.16291921867738401,0.1027228714942283,0.19544165950985523,0.11089289974743097,0.1394254944309227,0.2689614800081245,0.09762744694752686,0.07954491729004388,0.18273775731804143
1609.375,4190.769,4218.462,4122.051,4138.462,4185.641,0.1391893071660949,0.08898731599022192,0.11922609797654897,0.11130778191280907,0.12294070119599494,0.16291921867738401,0.1027228714942283,0.19544165950985523,0.11089289974743097,0.1394254944309227,0.2689614800081245,0.09762744694752686,0.07954491729004388,0.18273775731804143
1617.1875,4206.154,4201.026,4115.385,4143.59,4178.974,0.1391893071660949,0.08898731599022192,0.11922609797654897,0.11130778191280907,0.12294070119599494,0.16291921867738401,0.1027228714942283,0.19544165950985523,0.11089289974743097,0.1394254944309227,0.2689614800081245,0.09762744694752686,0.07954491729004388,0.18273775731804143
1625.0,4194.359,4186.154,4129.231,4123.077,4154.872,0.1391893071660949,0.08898731599022192,0.11922609797654897,0.11130778191280907,0.12294070119599494,0.16291921867738401,0.1027228714942283,0.19544165950985523,0.11089289974743097,0.1394254944309227,0.2689614800081245,0.09762744694752686,0.07954491729004388,0.18273775731804143
1632.8125,4192.821,4207.179,4123.077,4131.282,4177.436,0.1391893071660949,0.08898731599022192,0.11922609797654897,0.11130778191280907,0.12294070119599494,0.16291921867738401,0.1027228714942283,0.19544165950985523,0.11089289974743097,0.1394254944309227,0.2689614800081245,0.09762744694752686,0.07954491729004388,0.18273775731804143
1640.625,4223.59,4211.282,4141.538,4157.436,4193.333,0.1391893071660949,0.08898731599022192,0.11922609797654897,0.11130778191280907,0.12294070119599494,0.16291921867738401,0.1027228714942283,0.19544165950985523,0.11089289974743097,0.1394254944309227,0.2689614800081245,0.09762744694752686,0.07954491729004388,0.18273775731804143
1648.4375,4218.974,4219.487,4165.128,4155.385,4186.154,0.1391893071660949,0.08898731599022192,0.11922609797654897,0.11130778191280907,0.12294070119599494,0.16291921867738401,0.1027228714942283,0.19544165950985523,0.11089289974743097,0.1394254944309227,0.2689614800081245,0.09762744694752686,0.07954491729004388,0.18273775731804143
1656.25,4210.769,4238.462,4156.41,4170.256,4211.282,0.1391893071660949,0.08898731599022192,0.11922609797654897,0.11130778191280907,0.12294070119599494,0.16291921867738401,0.1027228714942283,0.19544165950985523,0.11089289974743097,0.1394254944309227,0.2689614800081245,0.09762744694752686,0.07954491729004388,0.18273775731804143
1664.0625,4231.795,4239.487,4165.128,4185.128,4223.077,0.1391893071660949,0.08898731599022192,0.11922609797654897,0.11130778191280907,0.12294070119599494,0.16291921867738401,0.1027228714942283,0.19544165950985523,0.11089289974743097,0.1394254944309227,0.2689614800081245,0.09762744694752686,0.07954491729004388,0.18273775731804143
1671.875,4233.333,4259.487,4182.051,4171.795,4216.41,0.1391893071660949,0.08898731599022192,0.11922609797654897,0.11130778191280907,0.12294070119599494,0.16291921867738401,0.1027228714942283,0.19544165950985523,0.11089289974743097,0.1394254944309227,0.2689614800081245,0.09762744694752686,0.07954491729004388,0.18273775731804143
1679.6875,4222.564,4269.744,4172.821,4175.385,4221.026,0.1391893071660949,0.08898731599022192,0.11922609797654897,0.11130778191280907,0.12294070119599494,0.16291921867738401,0.1027228714942283,0.19544165950985523,0.11089289974743097,0.1394254944309227,0.2689614800081245,0.09762744694752686,0.07954491729004388,0.18273775731804143
1687.5,4220.0,4240.513,4168.718,4174.359,4210.769,0.1391893071660949,0.08898731599022192,0.11922609797654897,0.11130778191280907,0.12294070119599494,0.16291921867738401,0.1027228714942283,0.19544165950985523,0.11089289974743097,0.1394254944309227,0.2689614800081245,0.09762744694752686,0.07954491729004388,0.18273775731804143
1695.3125,4224.103,4233.846,4176.923,4158.974,4210.256,0.1391893071660949,0.08898731599022192,0.11922609797654897,0.11130778191280907,0.12294070119599494,0.16291921867738401,0.1027228714942283,0.19544165950985523,0.11089289974743097,0.1394254944309227,0.2689614800081245,0.09762744694752686,0.07954491729004388,0.18273775731804143
1703.125,4234.872,4247.179,4179.487,4167.692,4226.667,0.1391893071660949,0.08898731599022192,0.11922609797654897,0.11130778191280907,0.12294070119599494,0.16291921867738401,0.1027228714942283,0.19544165950985523,0.11089289974743097,0.1394254944309227,0.2689614800081245,0.09762744694752686,0.07954491729004388,0.18273775731804143
1710.9375,4233.846,4240.513,4166.667,4177.436,4225.641,0.1391893071660949,0.08898731599022192,0.11922609797654897,0.11130778191280907,0.12294070119599494,0.16291921867738401,0.1027228714942283,0.19544165950985523,0.11089289974743097,0.1394254944309227,0.2689614800081245,0.09762744694752686,0.07954491729004388,0.18273775731804143
1718.75,4229.744,4234.872,4157.436,4176.41,4225.641,0.1391893071660949,0.08898731599022192,0.11922609797654897,0.11130778191280907,0.12294070119599494,0.16291921867738401,0.1027228714942283,0.19544165950985523,0.11089289974743097,0.1394254944309227,0.2689614800081245,0.09762744694752686,0.07954491729004388,0.18273775731804143
1726.5625,4241.026,4249.231,4176.41,4188.205,4241.538,0.1391893071660949,0.08898731599022192,0.11922609797654897,0.11130778191280907,0.12294070119599494,0.16291921867738401,0.1027228714942283,0.19544165950985523,0.11089289974743097,0.1394254944309227,0.2689614800081245,0.09762744694752686,0.07954491729004388,0.18273775731804143
1734.375,4249.744,4272.821,4195.897,4195.897,4248.718,0.1391893071660949,0.08898731599022192,0.11922609797654897,0.11130778191280907,0.12294070119599494,0.16291921867738401,0.1027228714942283,0.19544165950985523,0.11089289974743097,0.1394254944309227,0.2689614800081245,0.09762744694752686,0.07954491729004388,0.18273775731804143
1742.1875,4244.103,4263.59,4188.205,4185.128,4234.359,0.1391893071660949,0.08898731599022192,0.11922609797654897,0.11130778191280907,0.12294070119599494,0.16291921867738401,0.1027228714942283,0.19544165950985523,0.11089289974743097,0.1394254944309227,0.2689614800081245,0.09762744694752686,0.07954491729004388,0.18273775731804143
1750.0,4222.564,4222.051,4173.846,4161.538,4205.641,0.1391893071660949,0.08898731599022192,0.11922609797654897,0.11130778191280907,0.12294070119599494,0.16291921867738401,0.1027228714942283,0.19544165950985523,0.11089289974743097,0.1394254944309227,0.2689614800081245,0.09762744694752686,0.07954491729004388,0.18273775731804143
1757.8125,4203.077,4223.59,4161.026,4146.667,4191.795,0.1391893071660949,0.08898731599022192,0.11922609797654897,0.11130778191280907,0.12294070119599494,0.16291921867738401,0.1027228714942283,0.19544165950985523,0.11089289974743097,0.1394254944309227,0.2689614800081245,0.09762744694752686,0.07954491729004388,0.18273775731804143
1765.625,4213.333,4245.641,4155.897,4156.41,4198.974,0.1391893071660949,0.08898731599022192,0.11922609797654897,0.11130778191280907,0.12294070119599494,0.16291921867738401,0.1027228714942283,0.19544165950985523,0.11089289974743097,0.1394254944309227,0.2689614800081245,0.09762744694752686,0.07954491729004388,0.18273775731804143
1773.4375,4213.846,4233.846,4159.487,4154.872,4200.0,0.1391893071660949,0.08898731599022192,0.11922609797654897,0.11130778191280907,0.12294070119599494,0.16291921867738401,0.1027228714942283,0.19544165950985523,0.11089289974743097,0.1394254944309227,0.2689614800081245,0.09762744694752686,0.07954491729004388,0.18273775731804143
1781.25,4202.564,4228.205,4143.077,4143.077,4214.872,0.1391893071660949,0.08898731599022192,0.11922609797654897,0.11130778191280907,0.12294070119599494,0.16291921867738401,0.1027228714942283,0.19544165950985523,0.11089289974743097,0.1394254944309227,0.2689614800081245,0.09762744694752686,0.07954491729004388,0.18273775731804143
1789.0625,4229.231,4233.333,4138.974,4144.103,4232.821,0.1391893071660949,0.08898731599022192,0.11922609797654897,0.11130778191280907,0.12294070119599494,0.16291921867738401,0.1027228714942283,0.19544165950985523,0.11089289974743097,0.1394254944309227,0.2689614800081245,0.09762744694752686,0.07954491729004388,0.18273775731804143
1796.875,4237.949,4227.692,4153.333,4134.359,4218.974,0.1391893071660949,0.08898731599022192,0.11922609797654897,0.11130778191280907,0.12294070119599494,0.16291921867738401,0.1027228714942283,0.19544165950985523,0.11089289974743097,0.1394254944309227,0.2689614800081245,0.09762744694752686,0.07954491729004388,0.18273775731804143
1804.6875,4213.333,4223.077,4136.41,4134.872,4208.205,0.1391893071660949,0.08898731599022192,0.11922609797654897,0.11130778191280907,0.12294070119599494,0.16291921867738401,0.1027228714942283,0.19544165950985523,0.11089289974743097,0.1394254944309227,0.2689614800081245,0.09762744694752686,0.07954491729004388,0.18273775731804143
1812.5,4223.077,4218.974,4138.974,4154.359,4202.051,0.1391893071660949,0.08898731599022192,0.11922609797654897,0.11130778191280907,0.12294070119599494,0.16291921867738401,0.1027228714942283,0.19544165950985523,0.11089289974743097,0.1394254944309227,0.2689614800081245,0.09762744694752686,0.07954491729004388,0.18273775731804143
1820.3125,4239.487,4227.692,4165.641,4154.872,4192.821,0.1391893071660949,0.08898731599022192,0.11922609797654897,0.11130778191280907,0.12294070119599494,0.16291921867738401,0.1027228714942283,0.19544165950985523,0.11089289974743097,0.1394254944309227,0.2689614800081245,0.09762744694752686,0.07954491729004388,0.18273775731804143
1828.125,4238.462,4237.949,4154.359,4160.0,4199.487,0.1391893071660949,0.08898731599022192,0.11922609797654897,0.11130778191280907,0.12294070119599494,0.16291921867738401,0.1027228714942283,0.19544165950985523,0.11089289974743097,0.1394254944309227,0.2689614800081245,0.09762744694752686,0.07954491729004388,0.18273775731804143
1835.9375,4232.308,4231.282,4151.282,4166.667,4201.026,0.1391893071660949,0.08898731599022192,0.11922609797654897,0.11130778191280907,0.12294070119599494,0.16291921867738401,0.1027228714942283,0.19544165950985523,0.11089289974743097,0.1394254944309227,0.2689614800081245,0.09762744694752686,0.07954491729004388,0.18273775731804143
1843.75,4218.462,4240.513,4164.615,4148.205,4198.974,0.1391893071660949,0.08898731599022192,0.11922609797654897,0.11130778191280907,0.12294070119599494,0.16291921867738401,0.1027228714942283,0.19544165950985523,0.11089289974743097,0.1394254944309227,0.2689614800081245,0.09762744694752686,0.07954491729004388,0.18273775731804143
1851.5625,4222.564,4247.692,4150.256,4144.615,4203.59,0.1391893071660949,0.08898731599022192,0.11922609797654897,0.11130778191280907,0.12294070119599494,0.16291921867738401,0.1027228714942283,0.19544165950985523,0.11089289974743097,0.1394254944309227,0.2689614800081245,0.09762744694752686,0.07954491729004388,0.18273775731804143
1859.375,4233.846,4223.59,4155.385,4144.615,4183.077,0.1391893071660949,0.08898731599022192,0.11922609797654897,0.11130778191280907,0.12294070119599494,0.16291921867738401,0.1027228714942283,0.19544165950985523,0.11089289974743097,0.1394254944309227,0.2689614800081245,0.09762744694752686,0.07954491729004388,0.18273775731804143
1867.1875,4208.718,4228.205,4168.205,4123.077,4169.744,0.1391893071660949,0.08898731599022192,0.11922609797654897,0.11130778191280907,0.12294070119599494,0.16291921867738401,0.1027228714942283,0.19544165950985523,0.11089289974743097,0.1394254944309227,0.2689614800081245,0.09762744694752686,0.07954491729004388,0.18273775731804143
1875.0,4206.667,4248.205,4152.821,4137.949,4196.923,0.1391893071660949,0.08898731599022192,0.11922609797654897,0.11130778191280907,0.12294070119599494,0.16291921867738401,0.1027228714942283,0.19544165950985523,0.11089289974743097,0.1394254944309227,0.2689614800081245,0.09762744694752686,0.07954491729004388,0.18273775731804143
1882.8125,4230.769,4224.615,4170.769,4157.949,4194.359,0.1391893071660949,0.08898731599022192,0.11922609797654897,0.11130778191280907,0.12294070119599494,0.16291921867738401,0.1027228714942283,0.19544165950985523,0.11089289974743097,0.1394254944309227,0.2689614800081245,0.09762744694752686,0.07954491729004388,0.18273775731804143
1890.625,4206.154,4212.821,4186.154,4132.821,4162.051,0.1391893071660949,0.08898731599022192,0.11922609797654897,0.11130778191280907,0.12294070119599494,0.16291921867738401,0.1027228714942283,0.19544165950985523,0.11089289974743097,0.1394254944309227,0.2689614800081245,0.09762744694752686,0.07954491729004388,0.18273775731804143
1898.4375,4191.795,4233.846,4156.41,4134.359,4173.846,0.1391893071660949,0.08898731599022192,0.11922609797654897,0.11130778191280907,0.12294070119599494,0.16291921867738401,0.1027228714942283,0.19544165950985523,0.11089289974743097,0.1394254944309227,0.2689614800081245,0.09762744694752686,0.07954491729004388,0.18273775731804143
1906.25,4218.462,4229.231,4158.974,4156.923,4185.641,0.1391893071660949,0.08898731599022192,0.11922609797654897,0.11130778191280907,0.12294070119599494,0.16291921867738401,0.1027228714942283,0.19544165950985523,0.11089289974743097,0.1394254944309227,0.2689614800081245,0.09762744694752686,0.07954491729004388,0.18273775731804143
1914.0625,4209.744,4220.513,4169.231,4132.308,4155.385,0.1391893071660949,0.08898731599022192,0.11922609797654897,0.11130778191280907,0.12294070119599494,0.16291921867738401,0.1027228714942283,0.19544165950985523,0.11089289974743097,0.1394254944309227,0.2689614800081245,0.09762744694752686,0.07954491729004388,0.18273775731804143
1921.875,4214.359,4261.538,4165.128,4134.872,4168.718,0.1391893071660949,0.08898731599022192,0.11922609797654897,0.11130778191280907,0.12294070119599494,0.16291921867738401,0.1027228714942283,0.19544165950985523,0.11089289974743097,0.1394254944309227,0.2689614800081245,0.09762744694752686,0.07954491729004388,0.18273775731804143
1929.6875,4281.538,4317.949,4210.256,4204.615,4235.385,0.1391893071660949,0.08898731599022192,0.11922609797654897,0.11130778191280907,0.12294070119599494,0.16291921867738401,0.1027228714942283,0.19544165950985523,0.11089289974743097,0.1394254944309227,0.2689614800081245,0.09762744694752686,0.07954491729004388,0.18273775731804143
1937.5,4311.282,4329.231,4255.385,4230.256,4257.949,0.1391893071660949,0.08898731599022192,0.11922609797654897,0.11130778191280907,0.12294070119599494,0.16291921867738401,0.1027228714942283,0.19544165950985523,0.11089289974743097,0.1394254944309227,0.2689614800081245,0.09762744694752686,0.07954491729004388,0.18273775731804143
1945.3125,4284.615,4315.897,4234.872,4197.949,4233.333,0.1391893071660949,0.08898731599022192,0.11922609797654897,0.11130778191280907,0.12294070119599494,0.16291921867738401,0.1027228714942283,0.19544165950985523,0.11089289974743097,0.1394254944309227,0.2689614800081245,0.09762744694752686,0.07954491729004388,0.18273775731804143
1953.125,4284.103,4312.821,4222.051,4193.846,4224.615,0.1391893071660949,0.08898731599022192,0.11922609797654897,0.11130778191280907,0.12294070119599494,0.16291921867738401,0.1027228714942283,0.19544165950985523,0.11089289974743097,0.1394254944309227,0.2689614800081245,0.09762744694752686,0.07954491729004388,0.18273775731804143
1960.9375,4299.487,4304.615,4236.923,4196.923,4228.205,0.1391893071660949,0.08898731599022192,0.11922609797654897,0.11130778191280907,0.12294070119599494,0.16291921867738401,0.1027228714942283,0.19544165950985523,0.11089289974743097,0.1394254944309227,0.2689614800081245,0.09762744694752686,0.07954491729004388,0.18273775731804143
1968.75,4294.872,4293.333,4234.359,4178.974,4222.051,0.1391893071660949,0.08898731599022192,0.11922609797654897,0.11130778191280907,0.12294070119599494,0.16291921867738401,0.1027228714942283,0.19544165950985523,0.11089289974743097,0.1394254944309227,0.2689614800081245,0.09762744694752686,0.07954491729004388,0.18273775731804143
1976.5625,4290.256,4301.026,4224.615,4184.103,4224.615,0.1391893071660949,0.08898731599022192,0.11922609797654897,0.11130778191280907,0.12294070119599494,0.16291921867738401,0.1027228714942283,0.19544165950985523,0.11089289974743097,0.1394254944309227,0.2689614800081245,0.09762744694752686,0.07954491729004388,0.18273775731804143
1984.375,4286.667,4296.41,4219.487,4199.487,4224.103,0.1391893071660949,0.08898731599022192,0.11922609797654897,0.11130778191280907,0.12294070119599494,0.16291921867738401,0.1027228714942283,0.19544165950985523,0.11089289974743097,0.1394254944309227,0.2689614800081245,0.09762744694752686,0.07954491729004388,0.18273775731804143
1992.1875,4262.564,4273.333,4211.282,4178.462,4204.615,0.1391893071660949,0.08898731599022192,0.11922609797654897,0.11130778191280907,0.12294070119599494,0.16291921867738401,0.1027228714942283,0.19544165950985523,0.11089289974743097,0.1394254944309227,0.2689614800081245,0.09762744694752686,0.07954491729004388,0.18273775731804143
2000.0,4237.436,4272.308,4199.487,4156.923,4191.795,0.1391893071660949,0.08898731599022192,0.11922609797654897,0.11130778191280907,0.12294070119599494,0.16291921867738401,0.1027228714942283,0.19544165950985523,0.11089289974743097,0.1394254944309227,0.2689614800081245,0.09762744694752686,0.07954491729004388,0.18273775731804143
2007.8125,4238.974,4281.026,4204.103,4161.538,4189.744,0.1391893071660949,0.08898731599022192,0.11922609797654897,0.11130778191280907,0.12294070119599494,0.16291921867738401,0.1027228714942283,0.19544165950985523,0.11089289974743097,0.1394254944309227,0.2689614800081245,0.09762744694752686,0.07954491729004388,0.18273775731804143
2015.625,4253.333,4275.897,4213.333,4162.051,4189.744,0.1391893071660949,0.08898731599022192,0.11922609797654897,0.11130778191280907,0.12294070119599494,0.16291921867738401,0.1027228714942283,0.19544165950985523,0.11089289974743097,0.1394254944309227,0.2689614800081245,0.09762744694752686,0.07954491729004388,0.18273775731804143
2023.4375,4261.538,4269.231,4201.538,4162.051,4187.692,0.1391893071660949,0.08898731599022192,0.11922609797654897,0.11130778191280907,0.12294070119599494,0.16291921867738401,0.1027228714942283,0.19544165950985523,0.11089289974743097,0.1394254944309227,0.2689614800081245,0.09762744694752686,0.07954491729004388,0.18273775731804143
2031.25,4263.59,4281.026,4188.205,4166.667,4193.846,0.1391893071660949,0.08898731599022192,0.11922609797654897,0.11130778191280907,0.12294070119599494,0.16291921867738401,0.1027228714942283,0.19544165950985523,0.11089289974743097,0.1394254944309227,0.2689614800081245,0.09762744694752686,0.07954491729004388,0.18273775731804143
2039.0625,4267.692,4292.821,4194.872,4171.282,4209.744,0.1391893071660949,0.08898731599022192,0.11922609797654897,0.11130778191280907,0.12294070119599494,0.16291921867738401,0.1027228714942283,0.19544165950985523,0.11089289974743097,0.1394254944309227,0.2689614800081245,0.09762744694752686,0.07954491729004388,0.18273775731804143
2046.875,4264.615,4289.231,4205.128,4174.359,4210.769,0.1391893071660949,0.08898731599022192,0.11922609797654897,0.11130778191280907,0.12294070119599494,0.16291921867738401,0.1027228714942283,0.19544165950985523,0.11089289974743097,0.1394254944309227,0.2689614800081245,0.09762744694752686,0.07954491729004388,0.18273775731804143
2054.6875,4257.436,4274.872,4195.385,4171.795,4199.487,0.1391893071660949,0.08898731599022192,0.11922609797654897,0.11130778191280907,0.12294070119599494,0.16291921867738401,0.1027228714942283,0.19544165950985523,0.11089289974743097,0.1394254944309227,0.2689614800081245,0.09762744694752686,0.07954491729004388,0.18273775731804143
2062.5,4251.795,4266.154,4188.718,4149.744,4189.744,0.1391893071660949,0.08898731599022192,0.11922609797654897,0.11130778191280907,0.12294070119599494,0.16291921867738401,0.1027228714942283,0.19544165950985523,0.11089289974743097,0.1394254944309227,0.2689614800081245,0.09762744694752686,0.07954491729004388,0.18273775731804143
2070.3125,4247.179,4271.282,4184.615,4133.333,4185.641,0.1391893071660949,0.08898731599022192,0.11922609797654897,0.11130778191280907,0.12294070119599494,0.16291921867738401,0.1027228714942283,0.19544165950985523,0.11089289974743097,0.1394254944309227,0.2689614800081245,0.09762744694752686,0.07954491729004388,0.18273775731804143
2078.125,4253.846,4269.231,4188.205,4142.051,4181.026,0.1391893071660949,0.08898731599022192,0.11922609797654897,0.11130778191280907,0.12294070119599494,0.16291921867738401,0.1027228714942283,0.19544165950985523,0.11089289974743097,0.1394254944309227,0.2689614800081245,0.09762744694752686,0.07954491729004388,0.18273775731804143
2085.9375,4263.59,4274.359,4200.0,4156.923,4189.231,0.1391893071660949,0.08898731599022192,0.11922609797654897,0.11130778191280907,0.12294070119599494,0.16291921867738401,0.1027228714942283,0.19544165950985523,0.11089289974743097,0.1394254944309227,0.2689614800081245,0.09762744694752686,0.07954491729004388,0.18273775731804143
2093.75,4263.077,4277.436,4205.128,4162.564,4189.744,0.1391893071660949,0.08898731599022192,0.11922609797654897,0.11130778191280907,0.12294070119599494,0.16291921867738401,0.1027228714942283,0.19544165950985523,0.11089289974743097,0.1394254944309227,0.2689614800081245,0.09762744694752686,0.07954491729004388,0.18273775731804143
2101.5625,4257.949,4263.077,4207.692,4156.41,4174.872,0.1391893071660949,0.08898731599022192,0.11922609797654897,0.11130778191280907,0.12294070119599494,0.16291921867738401,0.1027228714942283,0.19544165950985523,0.11089289974743097,0.1394254944309227,0.2689614800081245,0.09762744694752686,0.07954491729004388,0.18273775731804143
2109.375,4277.949,4264.103,4219.487,4160.0,4187.692,0.1391893071660949,0.08898731599022192,0.11922609797654897,0.11130778191280907,0.12294070119599494,0.16291921867738401,0.1027228714942283,0.19544165950985523,0.11089289974743097,0.1394254944309227,0.2689614800081245,0.09762744694752686,0.07954491729004388,0.18273775731804143
2117.1875,4294.872,4279.487,4228.205,4171.795,4205.128,0.1391893071660949,0.08898731599022192,0.11922609797654897,0.11130778191280907,0.12294070119599494,0.16291921867738401,0.1027228714942283,0.19544165950985523,0.11089289974743097,0.1394254944309227,0.2689614800081245,0.09762744694752686,0.07954491729004388,0.18273775731804143
2125.0,4280.513,4268.718,4210.769,4170.769,4191.795,0.1391893071660949,0.08898731599022192,0.11922609797654897,0.11130778191280907,0.12294070119599494,0.16291921867738401,0.1027228714942283,0.19544165950985523,0.11089289974743097,0.1394254944309227,0.2689614800081245,0.09762744694752686,0.07954491729004388,0.18273775731804143
2132.8125,4263.59,4246.154,4195.385,4153.846,4173.333,0.1391893071660949,0.08898731599022192,0.11922609797654897,0.11130778191280907,0.12294070119599494,0.16291921867738401,0.1027228714942283,0.19544165950985523,0.11089289974743097,0.1394254944309227,0.2689614800081245,0.09762744694752686,0.07954491729004388,0.18273775731804143
2140.625,4258.974,4252.821,4192.821,4141.538,4179.487,0.1391893071660949,0.08898731599022192,0.11922609797654897,0.11130778191280907,0.12294070119599494,0.16291921867738401,0.1027228714942283,0.19544165950985523,0.11089289974743097,0.1394254944309227,0.2689614800081245,0.09762744694752686,0.07954491729004388,0.18273775731804143
2148.4375,4257.436,4255.897,4193.846,4140.513,4180.0,0.1391893071660949,0.08898731599022192,0.11922609797654897,0.11130778191280907,0.12294070119599494,0.16291921867738401,0.1027228714942283,0.19544165950985523,0.11089289974743097,0.1394254944309227,0.2689614800081245,0.09762744694752686,0.07954491729004388,0.18273775731804143
2156.25,4255.897,4250.769,4188.205,4135.385,4172.308,0.1391893071660949,0.08898731599022192,0.11922609797654897,0.11130778191280907,0.12294070119599494,0.16291921867738401,0.1027228714942283,0.19544165950985523,0.11089289974743097,0.1394254944309227,0.2689614800081245,0.09762744694752686,0.07954491729004388,0.18273775731804143
2164.0625,4265.641,4254.359,4176.41,4136.41,4173.846,0.1391893071660949,0.08898731599022192,0.11922609797654897,0.11130778191280907,0.12294070119599494,0.16291921867738401,0.1027228714942283,0.19544165950985523,0.11089289974743097,0.1394254944309227,0.2689614800081245,0.09762744694752686,0.07954491729004388,0.18273775731804143
2171.875,4251.282,4256.923,4176.41,4135.897,4163.077,0.1391893071660949,0.08898731599022192,0.11922609797654897,0.11130778191280907,0.12294070119599494,0.16291921867738401,0.1027228714942283,0.19544165950985523,0.11089289974743097,0.1394254944309227,0.2689614800081245,0.09762744694752686,0.07954491729004388,0.18273775731804143
2179.6875,4220.0,4255.897,4165.641,4136.41,4151.282,0.1391893071660949,0.08898731599022192,0.11922609797654897,0.11130778191280907,0.12294070119599494,0.16291921867738401,0.1027228714942283,0.19544165950985523,0.11089289974743097,0.1394254944309227,0.2689614800081245,0.09762744694752686,0.07954491729004388,0.18273775731804143
2187.5,4220.0,4239.487,4161.026,4144.103,4143.077,0.1391893071660949,0.08898731599022192,0.11922609797654897,0.11130778191280907,0.12294070119599494,0.16291921867738401,0.1027228714942283,0.19544165950985523,0.11089289974743097,0.1394254944309227,0.2689614800081245,0.09762744694752686,0.07954491729004388,0.18273775731804143
2195.3125,4217.436,4236.923,4175.897,4143.59,4135.897,0.1391893071660949,0.08898731599022192,0.11922609797654897,0.11130778191280907,0.12294070119599494,0.16291921867738401,0.1027228714942283,0.19544165950985523,0.11089289974743097,0.1394254944309227,0.2689614800081245,0.09762744694752686,0.07954491729004388,0.18273775731804143
2203.125,4198.462,4261.026,4170.256,4142.051,4148.718,0.1391893071660949,0.08898731599022192,0.11922609797654897,0.11130778191280907,0.12294070119599494,0.16291921867738401,0.1027228714942283,0.19544165950985523,0.11089289974743097,0.1394254944309227,0.2689614800081245,0.09762744694752686,0.07954491729004388,0.18273775731804143
2210.9375,4210.256,4254.359,4155.385,4152.821,4160.513,0.1391893071660949,0.08898731599022192,0.11922609797654897,0.11130778191280907,0.12294070119599494,0.16291921867738401,0.1027228714942283,0.19544165950985523,0.11089289974743097,0.1394254944309227,0.2689614800081245,0.09762744694752686,0.07954491729004388,0.18273775731804143
2218.75,4218.974,4223.59,4171.282,4141.538,4130.256,0.1391893071660949,0.08898731599022192,0.11922609797654897,0.11130778191280907,0.12294070119599494,0.16291921867738401,0.1027228714942283,0.19544165950985523,0.11089289974743097,0.1394254944309227,0.2689614800081245,0.09762744694752686,0.07954491729004388,0.18273775731804143
2226.5625,4187.179,4235.897,4167.179,4114.359,4113.846,0.1391893071660949,0.08898731599022192,0.11922609797654897,0.11130778191280907,0.12294070119599494,0.16291921867738401,0.1027228714942283,0.19544165950985523,0.11089289974743097,0.1394254944309227,0.2689614800081245,0.09762744694752686,0.07954491729004388,0.18273775731804143
2234.375,4195.897,4250.769,4141.538,4130.256,4140.0,0.1391893071660949,0.08898731599022192,0.11922609797654897,0.11130778191280907,0.12294070119599494,0.16291921867738401,0.1027228714942283,0.19544165950985523,0.11089289974743097,0.1394254944309227,0.2689614800081245,0.09762744694752686,0.07954491729004388,0.18273775731804143
2242.1875,4228.718,4227.692,4168.718,4151.795,4125.128,0.1391893071660949,0.08898731599022192,0.11922609797654897,0.11130778191280907,0.12294070119599494,0.16291921867738401,0.1027228714942283,0.19544165950985523,0.11089289974743097,0.1394254944309227,0.2689614800081245,0.09762744694752686,0.07954491729004388,0.18273775731804143
2250.0,4194.359,4226.154,4184.103,4123.077,4090.256,0.1391893071660949,0.08898731599022192,0.11922609797654897,0.11130778191280907,0.12294070119599494,0.16291921867738401,0.1027228714942283,0.19544165950985523,0.11089289974743097,0.1394254944309227,0.2689614800081245,0.09762744694752686,0.07954491729004388,0.18273775731804143
2257.8125,4168.205,4234.872,4134.359,4101.538,4104.103,0.1391893071660949,0.08898731599022192,0.11922609797654897,0.11130778191280907,0.12294070119599494,0.16291921867738401,0.1027228714942283,0.19544165950985523,0.11089289974743097,0.1394254944309227,0.2689614800081245,0.09762744694752686,0.07954491729004388,0.18273775731804143
2265.625,4212.821,4211.282,4128.205,4127.179,4115.385,0.1391893071660949,0.08898731599022192,0.11922609797654897,0.11130778191280907,0.12294070119599494,0.16291921867738401,0.1027228714942283,0.19544165950985523,0.11089289974743097,0.1394254944309227,0.2689614800081245,0.09762744694752686,0.07954491729004388,0.18273775731804143
2273.4375,4229.231,4198.974,4181.538,4128.718,4087.179,0.1391893071660949,0.08898731599022192,0.11922609797654897,0.11130778191280907,0.12294070119599494,0.16291921867738401,0.1027228714942283,0.19544165950985523,0.11089289974743097,0.1394254944309227,0.2689614800081245,0.09762744694752686,0.07954491729004388,0.18273775731804143
2281.25,4194.359,4225.128,4183.077,4101.538,4089.744,0.1391893071660949,0.08898731599022192,0.11922609797654897,0.11130778191280907,0.12294070119599494,0.16291921867738401,0.1027228714942283,0.19544165950985523,0.11089289974743097,0.1394254944309227,0.2689614800081245,0.09762744694752686,0.07954491729004388,0.18273775731804143
2289.0625,4198.974,4237.436,4156.41,4117.436,4120.0,0.1391893071660949,0.08898731599022192,0.11922609797654897,0.11130778191280907,0.12294070119599494,0.16291921867738401,0.1027228714942283,0.19544165950985523,0.11089289974743097,0.1394254944309227,0.2689614800081245,0.09762744694752686,0.07954491729004388,0.18273775731804143
2296.875,4217.436,4213.333,4180.0,4135.385,4101.026,0.1391893071660949,0.08898731599022192,0.11922609797654897,0.11130778191280907,0.12294070119599494,0.16291921867738401,0.1027228714942283,0.19544165950985523,0.11089289974743097,0.1394254944309227,0.2689614800081245,0.09762744694752686,0.07954491729004388,0.18273775731804143
2304.6875,4189.744,4213.846,4196.923,4102.051,4071.282,0.1391893071660949,0.08898731599022192,0.11922609797654897,0.11130778191280907,0.12294070119599494,0.16291921867738401,0.1027228714942283,0.19544165950985523,0.11089289974743097,0.1394254944309227,0.2689614800081245,0.09762744694752686,0.07954491729004388,0.18273775731804143
2312.5,4168.718,4243.077,4155.385,4092.308,4095.385,0.1391893071660949,0.08898731599022192,0.11922609797654897,0.11130778191280907,0.12294070119599494,0.16291921867738401,0.1027228714942283,0.19544165950985523,0.11089289974743097,0.1394254944309227,0.2689614800081245,0.09762744694752686,0.07954491729004388,0.18273775731804143
2320.3125,4195.385,4226.667,4131.282,4127.179,4116.41,0.1391893071660949,0.08898731599022192,0.11922609797654897,0.11130778191280907,0.12294070119599494,0.16291921867738401,0.1027228714942283,0.19544165950985523,0.11089289974743097,0.1394254944309227,0.2689614800081245,0.09762744694752686,0.07954491729004388,0.18273775731804143
2328.125,4194.872,4187.179,4160.513,4117.436,4075.385,0.1391893071660949,0.08898731599022192,0.11922609797654897,0.11130778191280907,0.12294070119599494,0.16291921867738401,0.1027228714942283,0.19544165950985523,0.11089289974743097,0.1394254944309227,0.2689614800081245,0.09762744694752686,0.07954491729004388,0.18273775731804143
2335.9375,4154.359,4196.923,4168.205,4080.513,4051.282,0.1391893071660949,0.08898731599022192,0.11922609797654897,0.11130778191280907,0.12294070119599494,0.16291921867738401,0.1027228714942283,0.19544165950985523,0.11089289974743097,0.1394254944309227,0.2689614800081245,0.09762744694752686,0.07954491729004388,0.18273775731804143
2343.75,4179.487,4222.564,4134.872,4097.436,4104.615,0.1391893071660949,0.08898731599022192,0.11922609797654897,0.11130778191280907,0.12294070119599494,0.16291921867738401,0.1027228714942283,0.19544165950985523,0.11089289974743097,0.1394254944309227,0.2689614800081245,0.09762744694752686,0.07954491729004388,0.18273775731804143
2351.5625,4250.769,4209.231,4128.718,4119.487,4146.667,0.1391893071660949,0.08898731599022192,0.11922609797654897,0.11130778191280907,0.12294070119599494,0.16291921867738401,0.1027228714942283,0.19544165950985523,0.11089289974743097,0.1394254944309227,0.2689614800081245,0.09762744694752686,0.07954491729004388,0.18273775731804143
2359.375,4269.231,4202.051,4156.923,4104.103,4147.692,0.1391893071660949,0.08898731599022192,0.11922609797654897,0.11130778191280907,0.12294070119599494,0.16291921867738401,0.1027228714942283,0.19544165950985523,0.11089289974743097,0.1394254944309227,0.2689614800081245,0.09762744694752686,0.07954491729004388,0.18273775731804143
2367.1875,4268.718,4215.385,4177.436,4102.051,4157.436,0.1391893071660949,0.08898731599022192,0.11922609797654897,0.11130778191280907,0.12294070119599494,0.16291921867738401,0.1027228714942283,0.19544165950985523,0.11089289974743097,0.1394254944309227,0.2689614800081245,0.09762744694752686,0.07954491729004388,0.18273775731804143
2375.0,4275.897,4218.974,4183.59,4112.821,4161.026,0.1391893071660949,0.08898731599022192,0.11922609797654897,0.11130778191280907,0.12294070119599494,0.16291921867738401,0.1027228714942283,0.19544165950985523,0.11089289974743097,0.1394254944309227,0.2689614800081245,0.09762744694752686,0.07954491729004388,0.18273775731804143
2382.8125,4263.59,4220.0,4176.41,4117.436,4148.718,0.1391893071660949,0.08898731599022192,0.11922609797654897,0.11130778191280907,0.12294070119599494,0.16291921867738401,0.1027228714942283,0.19544165950985523,0.11089289974743097,0.1394254944309227,0.2689614800081245,0.09762744694752686,0.07954491729004388,0.18273775731804143
2390.625,4256.41,4207.179,4165.641,4121.026,4142.051,0.1391893071660949,0.08898731599022192,0.11922609797654897,0.11130778191280907,0.12294070119599494,0.16291921867738401,0.1027228714942283,0.19544165950985523,0.11089289974743097,0.1394254944309227,0.2689614800081245,0.09762744694752686,0.07954491729004388,0.18273775731804143
2398.4375,4251.795,4201.538,4160.513,4108.205,4135.897,0.1391893071660949,0.08898731599022192,0.11922609797654897,0.11130778191280907,0.12294070119599494,0.16291921867738401,0.1027228714942283,0.19544165950985523,0.11089289974743097,0.1394254944309227,0.2689614800081245,0.09762744694752686,0.07954491729004388,0.18273775731804143
2406.25,4232.821,4219.487,4146.154,4095.897,4132.821,0.1391893071660949,0.08898731599022192,0.11922609797654897,0.11130778191280907,0.12294070119599494,0.16291921867738401,0.1027228714942283,0.19544165950985523,0.11089289974743097,0.1394254944309227,0.2689614800081245,0.09762744694752686,0.07954491729004388,0.18273775731804143
2414.0625,4237.949,4212.821,4140.513,4099.487,4136.41,0.1391893071660949,0.08898731599022192,0.11922609797654897,0.11130778191280907,0.12294070119599494,0.16291921867738401,0.1027228714942283,0.19544165950985523,0.11089289974743097,0.1394254944309227,0.2689614800081245,0.09762744694752686,0.07954491729004388,0.18273775731804143
2421.875,4245.128,4197.436,4154.359,4098.974,4135.897,0.1391893071660949,0.08898731599022192,0.11922609797654897,0.11130778191280907,0.12294070119599494,0.16291921867738401,0.1027228714942283,0.19544165950985523,0.11089289974743097,0.1394254944309227,0.2689614800081245,0.09762744694752686,0.07954491729004388,0.18273775731804143
2429.6875,4234.359,4208.718,4155.385,4105.641,4138.974,0.1391893071660949,0.08898731599022192,0.11922609797654897,0.11130778191280907,0.12294070119599494,0.16291921867738401,0.1027228714942283,0.19544165950985523,0.11089289974743097,0.1394254944309227,0.2689614800081245,0.09762744694752686,0.07954491729004388,0.18273775731804143
2437.5,4243.077,4213.333,4162.564,4118.974,4141.026,0.1391893071660949,0.08898731599022192,0.11922609797654897,0.11130778191280907,0.12294070119599494,0.16291921867738401,0.1027228714942283,0.19544165950985523,0.11089289974743097,0.1394254944309227,0.2689614800081245,0.09762744694752686,0.07954491729004388,0.18273775731804143
2445.3125,4251.282,4217.436,4184.615,4117.436,4143.077,0.1391893071660949,0.08898731599022192,0.11922609797654897,0.11130778191280907,0.12294070119599494,0.16291921867738401,0.1027228714942283,0.19544165950985523,0.11089289974743097,0.1394254944309227,0.2689614800081245,0.09762744694752686,0.07954491729004388,0.18273775731804143
2453.125,4251.795,4228.718,4185.641,4121.026,4150.769,0.1391893071660949,0.08898731599022192,0.11922609797654897,0.11130778191280907,0.12294070119599494,0.16291921867738401,0.1027228714942283,0.19544165950985523,0.11089289974743097,0.1394254944309227,0.2689614800081245,0.09762744694752686,0.07954491729004388,0.18273775731804143
2460.9375,4246.667,4213.333,4184.103,4111.282,4132.308,0.1391893071660949,0.08898731599022192,0.11922609797654897,0.11130778191280907,0.12294070119599494,0.16291921867738401,0.1027228714942283,0.19544165950985523,0.11089289974743097,0.1394254944309227,0.2689614800081245,0.09762744694752686,0.07954491729004388,0.18273775731804143
2468.75,4214.359,4215.385,4172.308,4078.974,4114.872,0.1391893071660949,0.08898731599022192,0.11922609797654897,0.11130778191280907,0.12294070119599494,0.16291921867738401,0.1027228714942283,0.19544165950985523,0.11089289974743097,0.1394254944309227,0.2689614800081245,0.09762744694752686,0.07954491729004388,0.18273775731804143
2476.5625,4202.051,4233.333,4144.103,4093.333,4135.897,0.1391893071660949,0.08898731599022192,0.11922609797654897,0.11130778191280907,0.12294070119599494,0.16291921867738401,0.1027228714942283,0.19544165950985523,0.11089289974743097,0.1394254944309227,0.2689614800081245,0.09762744694752686,0.07954491729004388,0.18273775731804143
2484.375,4215.385,4203.59,4154.872,4115.897,4135.385,0.1391893071660949,0.08898731599022192,0.11922609797654897,0.11130778191280907,0.12294070119599494,0.16291921867738401,0.1027228714942283,0.19544165950985523,0.11089289974743097,0.1394254944309227,0.2689614800081245,0.09762744694752686,0.07954491729004388,0.18273775731804143
2492.1875,4196.923,4198.462,4175.897,4091.282,4120.0,0.1391893071660949,0.08898731599022192,0.11922609797654897,0.11130778191280907,0.12294070119599494,0.16291921867738401,0.1027228714942283,0.19544165950985523,0.11089289974743097,0.1394254944309227,0.2689614800081245,0.09762744694752686,0.07954491729004388,0.18273775731804143
2500.0,4191.795,4241.538,4147.692,4093.333,4144.615,0.1391893071660949,0.08898731599022192,0.11922609797654897,0.11130778191280907,0.12294070119599494,0.16291921867738401,0.1027228714942283,0.19544165950985523,0.11089289974743097,0.1394254944309227,0.2689614800081245,0.09762744694752686,0.07954491729004388,0.18273775731804143
2507.8125,4224.103,4231.795,4137.949,4116.923,4154.359,0.1391893071660949,0.08898731599022192,0.11922609797654897,0.11130778191280907,0.12294070119599494,0.16291921867738401,0.1027228714942283,0.19544165950985523,0.11089289974743097,0.1394254944309227,0.2689614800081245,0.09762744694752686,0.07954491729004388,0.18273775731804143
2515.625,4214.359,4207.179,4168.205,4097.949,4130.769,0.1391893071660949,0.08898731599022192,0.11922609797654897,0.11130778191280907,0.12294070119599494,0.16291921867738401,0.1027228714942283,0.19544165950985523,0.11089289974743097,0.1394254944309227,0.2689614800081245,0.09762744694752686,0.07954491729004388,0.18273775731804143
2523.4375,4186.154,4236.41,4161.538,4089.231,4138.974,0.1391893071660949,0.08898731599022192,0.11922609797654897,0.11130778191280907,0.12294070119599494,0.16291921867738401,0.1027228714942283,0.19544165950985523,0.11089289974743097,0.1394254944309227,0.2689614800081245,0.09762744694752686,0.07954491729004388,0.18273775731804143
2531.25,4202.564,4234.872,4130.256,4116.41,4152.308,0.1391893071660949,0.08898731599022192,0.11922609797654897,0.11130778191280907,0.12294070119599494,0.16291921867738401,0.1027228714942283,0.19544165950985523,0.11089289974743097,0.1394254944309227,0.2689614800081245,0.09762744694752686,0.07954491729004388,0.18273775731804143
2539.0625,4204.103,4183.077,4134.872,4105.128,4109.744,0.1391893071660949,0.08898731599022192,0.11922609797654897,0.11130778191280907,0.12294070119599494,0.16291921867738401,0.1027228714942283,0.19544165950985523,0.11089289974743097,0.1394254944309227,0.2689614800081245,0.09762744694752686,0.07954491729004388,0.18273775731804143
2546.875,4161.026,4185.128,4146.667,4066.667,4073.333,0.1391893071660949,0.08898731599022192,0.11922609797654897,0.11130778191280907,0.12294070119599494,0.16291921867738401,0.1027228714942283,0.19544165950985523,0.11089289974743097,0.1394254944309227,0.2689614800081245,0.09762744694752686,0.07954491729004388,0.18273775731804143
2554.6875,4156.41,4227.179,4129.231,4078.462,4109.744,0.1391893071660949,0.08898731599022192,0.11922609797654897,0.11130778191280907,0.12294070119599494,0.16291921867738401,0.1027228714942283,0.19544165950985523,0.11089289974743097,0.1394254944309227,0.2689614800081245,0.09762744694752686,0.07954491729004388,0.18273775731804143
2562.5,4202.051,4216.923,4128.718,4110.256,4141.538,0.1391893071660949,0.08898731599022192,0.11922609797654897,0.11130778191280907,0.12294070119599494,0.16291921867738401,0.1027228714942283,0.19544165950985523,0.11089289974743097,0.1394254944309227,0.2689614800081245,0.09762744694752686,0.07954491729004388,0.18273775731804143
2570.3125,4211.795,4193.333,4161.026,4099.487,4113.333,0.1391893071660949,0.08898731599022192,0.11922609797654897,0.11130778191280907,0.12294070119599494,0.16291921867738401,0.1027228714942283,0.19544165950985523,0.11089289974743097,0.1394254944309227,0.2689614800081245,0.09762744694752686,0.07954491729004388,0.18273775731804143
2578.125,4184.615,4226.154,4166.154,4078.974,4100.0,0.1391893071660949,0.08898731599022192,0.11922609797654897,0.11130778191280907,0.12294070119599494,0.16291921867738401,0.1027228714942283,0.19544165950985523,0.11089289974743097,0.1394254944309227,0.2689614800081245,0.09762744694752686,0.07954491729004388,0.18273775731804143
2585.9375,4192.821,4250.769,4138.462,4096.923,4129.744,0.1391893071660949,0.08898731599022192,0.11922609797654897,0.11130778191280907,0.12294070119599494,0.16291921867738401,0.1027228714942283,0.19544165950985523,0.11089289974743097,0.1394254944309227,0.2689614800081245,0.09762744694752686,0.07954491729004388,0.18273775731804143
2593.75,4213.846,4213.333,4144.103,4113.846,4119.487,0.1391893071660949,0.08898731599022192,0.11922609797654897,0.11130778191280907,0.12294070119599494,0.16291921867738401,0.1027228714942283,0.19544165950985523,0.11089289974743097,0.1394254944309227,0.2689614800081245,0.09762744694752686,0.07954491729004388,0.18273775731804143
2601.5625,4197.949,4204.615,4172.821,4098.974,4088.718,0.1391893071660949,0.08898731599022192,0.11922609797654897,0.11130778191280907,0.12294070119599494,0.16291921867738401,0.1027228714942283,0.19544165950985523,0.11089289974743097,0.1394254944309227,0.2689614800081245,0.09762744694752686,0.07954491729004388,0.18273775731804143
2609.375,4196.923,4249.744,4158.974,4104.615,4116.41,0.1391893071660949,0.08898731599022192,0.11922609797654897,0.11130778191280907,0.12294070119599494,0.16291921867738401,0.1027228714942283,0.19544165950985523,0.11089289974743097,0.1394254944309227,0.2689614800081245,0.09762744694752686,0.07954491729004388,0.18273775731804143
2617.1875,4228.718,4243.077,4138.974,4133.846,4141.538,0.1391893071660949,0.08898731599022192,0.11922609797654897,0.11130778191280907,0.12294070119599494,0.16291921867738401,0.1027228714942283,0.19544165950985523,0.11089289974743097,0.1394254944309227,0.2689614800081245,0.09762744694752686,0.07954491729004388,0.18273775731804143
2625.0,4226.667,4202.564,4159.487,4125.641,4114.872,0.1391893071660949,0.08898731599022192,0.11922609797654897,0.11130778191280907,0.12294070119599494,0.16291921867738401,0.1027228714942283,0.19544165950985523,0.11089289974743097,0.1394254944309227,0.2689614800081245,0.09762744694752686,0.07954491729004388,0.18273775731804143
2632.8125,4189.231,4214.872,4153.846,4103.077,4105.128,0.1391893071660949,0.08898731599022192,0.11922609797654897,0.11130778191280907,0.12294070119599494,0.16291921867738401,0.1027228714942283,0.19544165950985523,0.11089289974743097,0.1394254944309227,0.2689614800081245,0.09762744694752686,0.07954491729004388,0.18273775731804143
2640.625,4191.282,4225.641,4118.462,4124.103,4121.026,0.1391893071660949,0.08898731599022192,0.11922609797654897,0.11130778191280907,0.12294070119599494,0.16291921867738401,0.1027228714942283,0.19544165950985523,0.11089289974743097,0.1394254944309227,0.2689614800081245,0.09762744694752686,0.07954491729004388,0.18273775731804143
2648.4375,4215.385,4198.462,4131.795,4136.923,4104.103,0.1391893071660949,0.08898731599022192,0.11922609797654897,0.11130778191280907,0.12294070119599494,0.16291921867738401,0.1027228714942283,0.19544165950985523,0.11089289974743097,0.1394254944309227,0.2689614800081245,0.09762744694752686,0.07954491729004388,0.18273775731804143
2656.25,4204.103,4207.179,4148.718,4106.154,4086.154,0.1391893071660949,0.08898731599022192,0.11922609797654897,0.11130778191280907,0.12294070119599494,0.16291921867738401,0.1027228714942283,0.19544165950985523,0.11089289974743097,0.1394254944309227,0.2689614800081245,0.09762744694752686,0.07954491729004388,0.18273775731804143
2664.0625,4195.385,4234.872,4120.0,4106.154,4102.564,0.1391893071660949,0.08898731599022192,0.11922609797654897,0.11130778191280907,0.12294070119599494,0.16291921867738401,0.1027228714942283,0.19544165950985523,0.11089289974743097,0.1394254944309227,0.2689614800081245,0.09762744694752686,0.07954491729004388,0.18273775731804143
2671.875,4211.282,4211.282,4121.026,4128.205,4101.026,0.1391893071660949,0.08898731599022192,0.11922609797654897,0.11130778191280907,0.12294070119599494,0.16291921867738401,0.1027228714942283,0.19544165950985523,0.11089289974743097,0.1394254944309227,0.2689614800081245,0.09762744694752686,0.07954491729004388,0.18273775731804143
2679.6875,4203.077,4193.846,4153.333,4112.308,4082.564,0.1391893071660949,0.08898731599022192,0.11922609797654897,0.11130778191280907,0.12294070119599494,0.16291921867738401,0.1027228714942283,0.19544165950985523,0.11089289974743097,0.1394254944309227,0.2689614800081245,0.09762744694752686,0.07954491729004388,0.18273775731804143
2687.5,4180.0,4220.513,4134.872,4097.949,4095.897,0.1391893071660949,0.08898731599022192,0.11922609797654897,0.11130778191280907,0.12294070119599494,0.16291921867738401,0.1027228714942283,0.19544165950985523,0.11089289974743097,0.1394254944309227,0.2689614800081245,0.09762744694752686,0.07954491729004388,0.18273775731804143
2695.3125,4200.513,4224.615,4108.205,4117.436,4116.923,0.1391893071660949,0.08898731599022192,0.11922609797654897,0.11130778191280907,0.12294070119599494,0.16291921867738401,0.1027228714942283,0.19544165950985523,0.11089289974743097,0.1394254944309227,0.2689614800081245,0.09762744694752686,0.07954491729004388,0.18273775731804143
2703.125,4231.282,4197.436,4134.872,4119.487,4105.641,0.1391893071660949,0.08898731599022192,0.11922609797654897,0.11130778191280907,0.12294070119599494,0.16291921867738401,0.1027228714942283,0.19544165950985523,0.11089289974743097,0.1394254944309227,0.2689614800081245,0.09762744694752686,0.07954491729004388,0.18273775731804143
2710.9375,4212.308,4198.974,4141.538,4106.154,4102.051,0.1391893071660949,0.08898731599022192,0.11922609797654897,0.11130778191280907,0.12294070119599494,0.16291921867738401,0.1027228714942283,0.19544165950985523,0.11089289974743097,0.1394254944309227,0.2689614800081245,0.09762744694752686,0.07954491729004388,0.18273775731804143
2718.75,4191.795,4222.564,4103.59,4114.359,4125.128,0.1391893071660949,0.08898731599022192,0.11922609797654897,0.11130778191280907,0.12294070119599494,0.16291921867738401,0.1027228714942283,0.19544165950985523,0.11089289974743097,0.1394254944309227,0.2689614800081245,0.09762744694752686,0.07954491729004388,0.18273775731804143
2726.5625,4210.769,4216.41,4104.103,4116.923,4122.051,0.1391893071660949,0.08898731599022192,0.11922609797654897,0.11130778191280907,0.12294070119599494,0.16291921867738401,0.1027228714942283,0.19544165950985523,0.11089289974743097,0.1394254944309227,0.2689614800081245,0.09762744694752686,0.07954491729004388,0.18273775731804143
2734.375,4212.308,4195.385,4137.436,4095.897,4092.308,0.1391893071660949,0.08898731599022192,0.11922609797654897,0.11130778191280907,0.12294070119599494,0.16291921867738401,0.1027228714942283,0.19544165950985523,0.11089289974743097,0.1394254944309227,0.2689614800081245,0.09762744694752686,0.07954491729004388,0.18273775731804143
2742.1875,4167.692,4195.385,4127.179,4087.692,4088.205,0.1391893071660949,0.08898731599022192,0.11922609797654897,0.11130778191280907,0.12294070119599494,0.16291921867738401,0.1027228714942283,0.19544165950985523,0.11089289974743097,0.1394254944309227,0.2689614800081245,0.09762744694752686,0.07954491729004388,0.18273775731804143
2750.0,4155.385,4205.128,4095.897,4103.59,4103.59,0.1391893071660949,0.08898731599022192,0.11922609797654897,0.11130778191280907,0.12294070119599494,0.16291921867738401,0.1027228714942283,0.19544165950985523,0.11089289974743097,0.1394254944309227,0.2689614800081245,0.09762744694752686,0.07954491729004388,0.18273775731804143
2757.8125,4185.128,4196.41,4102.564,4112.821,4091.795,0.1391893071660949,0.08898731599022192,0.11922609797654897,0.11130778191280907,0.12294070119599494,0.16291921867738401,0.1027228714942283,0.19544165950985523,0.11089289974743097,0.1394254944309227,0.2689614800081245,0.09762744694752686,0.07954491729004388,0.18273775731804143
2765.625,4168.205,4180.0,4121.026,4100.0,4055.385,0.1391893071660949,0.08898731599022192,0.11922609797654897,0.11130778191280907,0.12294070119599494,0.16291921867738401,0.1027228714942283,0.19544165950985523,0.11089289974743097,0.1394254944309227,0.2689614800081245,0.09762744694752686,0.07954491729004388,0.18273775731804143
2773.4375,4116.923,4182.564,4119.487,4082.564,4031.282,0.1391893071660949,0.08898731599022192,0.11922609797654897,0.11130778191280907,0.12294070119599494,0.16291921867738401,0.1027228714942283,0.19544165950985523,0.11089289974743097,0.1394254944309227,0.2689614800081245,0.09762744694752686,0.07954491729004388,0.18273775731804143
2781.25,4101.538,4181.538,4112.308,4071.795,4025.128,0.1391893071660949,0.08898731599022192,0.11922609797654897,0.11130778191280907,0.12294070119599494,0.16291921867738401,0.1027228714942283,0.19544165950985523,0.11089289974743097,0.1394254944309227,0.2689614800081245,0.09762744694752686,0.07954491729004388,0.18273775731804143
2789.0625,4107.179,4177.949,4107.179,4071.795,4029.744,0.1391893071660949,0.08898731599022192,0.11922609797654897,0.11130778191280907,0.12294070119599494,0.16291921867738401,0.1027228714942283,0.19544165950985523,0.11089289974743097,0.1394254944309227,0.2689614800081245,0.09762744694752686,0.07954491729004388,0.18273775731804143
2796.875,4115.897,4205.641,4102.051,4093.846,4053.333,0.1391893071660949,0.08898731599022192,0.11922609797654897,0.11130778191280907,0.12294070119599494,0.16291921867738401,0.1027228714942283,0.19544165950985523,0.11089289974743097,0.1394254944309227,0.2689614800081245,0.09762744694752686,0.07954491729004388,0.18273775731804143
2804.6875,4150.769,4231.282,4099.487,4129.231,4085.128,0.1391893071660949,0.08898731599022192,0.11922609797654897,0.11130778191280907,0.12294070119599494,0.16291921867738401,0.1027228714942283,0.19544165950985523,0.11089289974743097,0.1394254944309227,0.2689614800081245,0.09762744694752686,0.07954491729004388,0.18273775731804143
2812.5,4181.026,4196.923,4103.59,4151.282,4087.179,0.1391893071660949,0.08898731599022192,0.11922609797654897,0.11130778191280907,0.12294070119599494,0.16291921867738401,0.1027228714942283,0.19544165950985523,0.11089289974743097,0.1394254944309227,0.2689614800081245,0.09762744694752686,0.07954491729004388,0.18273775731804143
2820.3125,4167.692,4159.487,4117.949,4141.538,4061.026,0.1391893071660949,0.08898731599022192,0.11922609797654897,0.11130778191280907,0.12294070119599494,0.16291921867738401,0.1027228714942283,0.19544165950985523,0.11089289974743097,0.1394254944309227,0.2689614800081245,0.09762744694752686,0.07954491729004388,0.18273775731804143
2828.125,4144.615,4190.769,4124.615,4115.897,4047.692,0.1391893071660949,0.08898731599022192,0.11922609797654897,0.11130778191280907,0.12294070119599494,0.16291921867738401,0.1027228714942283,0.19544165950985523,0.11089289974743097,0.1394254944309227,0.2689614800081245,0.09762744694752686,0.07954491729004388,0.18273775731804143
2835.9375,4138.462,4229.231,4105.641,4104.103,4063.077,0.1391893071660949,0.08898731599022192,0.11922609797654897,0.11130778191280907,0.12294070119599494,0.16291921867738401,0.1027228714942283,0.19544165950985523,0.11089289974743097,0.1394254944309227,0.2689614800081245,0.09762744694752686,0.07954491729004388,0.18273775731804143
2843.75,4130.256,4210.769,4085.641,4114.359,4072.308,0.1391893071660949,0.08898731599022192,0.11922609797654897,0.11130778191280907,0.12294070119599494,0.16291921867738401,0.1027228714942283,0.19544165950985523,0.11089289974743097,0.1394254944309227,0.2689614800081245,0.09762744694752686,0.07954491729004388,0.18273775731804143
2851.5625,4122.564,4178.974,4089.231,4129.231,4060.0,0.1391893071660949,0.08898731599022192,0.11922609797654897,0.11130778191280907,0.12294070119599494,0.16291921867738401,0.1027228714942283,0.19544165950985523,0.11089289974743097,0.1394254944309227,0.2689614800081245,0.09762744694752686,0.07954491729004388,0.18273775731804143
2859.375,4133.846,4180.513,4103.59,4134.359,4051.795,0.1391893071660949,0.08898731599022192,0.11922609797654897,0.11130778191280907,0.12294070119599494,0.16291921867738401,0.1027228714942283,0.19544165950985523,0.11089289974743097,0.1394254944309227,0.2689614800081245,0.09762744694752686,0.07954491729004388,0.18273775731804143
2867.1875,4145.128,4193.846,4124.615,4131.282,4053.333,0.1391893071660949,0.08898731599022192,0.11922609797654897,0.11130778191280907,0.12294070119599494,0.16291921867738401,0.1027228714942283,0.19544165950985523,0.11089289974743097,0.1394254944309227,0.2689614800081245,0.09762744694752686,0.07954491729004388,0.18273775731804143
2875.0,4133.846,4201.538,4142.564,4122.564,4050.769,0.1391893071660949,0.08898731599022192,0.11922609797654897,0.11130778191280907,0.12294070119599494,0.16291921867738401,0.1027228714942283,0.19544165950985523,0.11089289974743097,0.1394254944309227,0.2689614800081245,0.09762744694752686,0.07954491729004388,0.18273775731804143
2882.8125,4127.179,4224.103,4131.282,4125.641,4061.026,0.1391893071660949,0.08898731599022192,0.11922609797654897,0.11130778191280907,0.12294070119599494,0.16291921867738401,0.1027228714942283,0.19544165950985523,0.11089289974743097,0.1394254944309227,0.2689614800081245,0.09762744694752686,0.07954491729004388,0.18273775731804143
2890.625,4143.077,4236.41,4103.59,4143.077,4088.205,0.1391893071660949,0.08898731599022192,0.11922609797654897,0.11130778191280907,0.12294070119599494,0.16291921867738401,0.1027228714942283,0.19544165950985523,0.11089289974743097,0.1394254944309227,0.2689614800081245,0.09762744694752686,0.07954491729004388,0.18273775731804143
2898.4375,4149.231,4205.128,4092.821,4140.513,4082.564,0.1391893071660949,0.08898731599022192,0.11922609797654897,0.11130778191280907,0.12294070119599494,0.16291921867738401,0.1027228714942283,0.19544165950985523,0.11089289974743097,0.1394254944309227,0.2689614800081245,0.09762744694752686,0.07954491729004388,0.18273775731804143
2906.25,4141.026,4172.308,4098.974,4118.462,4048.718,0.1391893071660949,0.08898731599022192,0.11922609797654897,0.11130778191280907,0.12294070119599494,0.16291921867738401,0.1027228714942283,0.19544165950985523,0.11089289974743097,0.1394254944309227,0.2689614800081245,0.09762744694752686,0.07954491729004388,0.18273775731804143
2914.0625,4131.795,4176.41,4112.308,4107.179,4031.795,0.1391893071660949,0.08898731599022192,0.11922609797654897,0.11130778191280907,0.12294070119599494,0.16291921867738401,0.1027228714942283,0.19544165950985523,0.11089289974743097,0.1394254944309227,0.2689614800081245,0.09762744694752686,0.07954491729004388,0.18273775731804143
2921.875,4109.744,4187.179,4122.051,4097.949,4022.051,0.1391893071660949,0.08898731599022192,0.11922609797654897,0.11130778191280907,0.12294070119599494,0.16291921867738401,0.1027228714942283,0.19544165950985523,0.11089289974743097,0.1394254944309227,0.2689614800081245,0.09762744694752686,0.07954491729004388,0.18273775731804143
2929.6875,4088.718,4193.333,4096.923,4073.846,4024.103,0.1391893071660949,0.08898731599022192,0.11922609797654897,0.11130778191280907,0.12294070119599494,0.16291921867738401,0.1027228714942283,0.19544165950985523,0.11089289974743097,0.1394254944309227,0.2689614800081245,0.09762744694752686,0.07954491729004388,0.18273775731804143
2937.5,4128.718,4204.103,4063.077,4085.128,4071.282,0.1391893071660949,0.08898731599022192,0.11922609797654897,0.11130778191280907,0.12294070119599494,0.16291921867738401,0.1027228714942283,0.19544165950985523,0.11089289974743097,0.1394254944309227,0.2689614800081245,0.09762744694752686,0.07954491729004388,0.18273775731804143
2945.3125,4215.385,4194.872,4098.462,4133.846,4117.949,0.1391893071660949,0.08898731599022192,0.11922609797654897,0.11130778191280907,0.12294070119599494,0.16291921867738401,0.1027228714942283,0.19544165950985523,0.11089289974743097,0.1394254944309227,0.2689614800081245,0.09762744694752686,0.07954491729004388,0.18273775731804143
2953.125,4242.564,4193.846,4155.385,4143.59,4119.487,0.1391893071660949,0.08898731599022192,0.11922609797654897,0.11130778191280907,0.12294070119599494,0.16291921867738401,0.1027228714942283,0.19544165950985523,0.11089289974743097,0.1394254944309227,0.2689614800081245,0.09762744694752686,0.07954491729004388,0.18273775731804143
2960.9375,4218.974,4227.179,4138.974,4124.103,4123.59,0.1391893071660949,0.08898731599022192,0.11922609797654897,0.11130778191280907,0.12294070119599494,0.16291921867738401,0.1027228714942283,0.19544165950985523,0.11089289974743097,0.1394254944309227,0.2689614800081245,0.09762744694752686,0.07954491729004388,0.18273775731804143
2968.75,4229.744,4225.641,4122.051,4127.692,4127.692,0.1391893071660949,0.08898731599022192,0.11922609797654897,0.11130778191280907,0.12294070119599494,0.16291921867738401,0.1027228714942283,0.19544165950985523,0.11089289974743097,0.1394254944309227,0.2689614800081245,0.09762744694752686,0.07954491729004388,0.18273775731804143
2976.5625,4232.308,4186.667,4152.821,4118.974,4095.385,0.1391893071660949,0.08898731599022192,0.11922609797654897,0.11130778191280907,0.12294070119599494,0.16291921867738401,0.1027228714942283,0.19544165950985523,0.11089289974743097,0.1394254944309227,0.2689614800081245,0.09762744694752686,0.07954491729004388,0.18273775731804143
2984.375,4201.026,4200.0,4144.103,4106.667,4092.821,0.1391893071660949,0.08898731599022192,0.11922609797654897,0.11130778191280907,0.12294070119599494,0.16291921867738401,0.1027228714942283,0.19544165950985523,0.11089289974743097,0.1394254944309227,0.2689614800081245,0.09762744694752686,0.07954491729004388,0.18273775731804143
2992.1875,4210.769,4223.077,4113.846,4130.769,4120.0,0.1391893071660949,0.08898731599022192,0.11922609797654897,0.11130778191280907,0.12294070119599494,0.16291921867738401,0.1027228714942283,0.19544165950985523,0.11089289974743097,0.1394254944309227,0.2689614800081245,0.09762744694752686,0.07954491729004388,0.18273775731804143
