timestamp,AF3,T7,Pz,T8,AF4,AF3_theta,AF3_alpha,AF3_beta,T7_theta,T7_mu,T7_beta,Pz_alpha,Pz_beta,T8_theta,T8_mu,T8_beta,AF4_theta,AF4_alpha,AF4_beta
0.0,4249.231,4190.769,4129.744,4127.179,4181.538,0.19557581481563627,0.08216283529554402,0.18409178027541387,0.13508937765710974,0.15207733876305982,0.411803429496173,0.31116014126784264,0.2925826852128852,0.13538976002653072,0.16176931964990998,0.34793533164506285,0.13629458290522797,0.08002259763398657,0.26989308301627435
7.8125,4220.0,4212.308,4122.564,4103.59,4178.462,0.19557581481563627,0.08216283529554402,0.18409178027541387,0.13508937765710974,0.15207733876305982,0.411803429496173,0.31116014126784264,0.2925826852128852,0.13538976002653072,0.16176931964990998,0.34793533164506285,0.13629458290522797,0.08002259763398657,0.26989308301627435
15.625,4218.974,4205.128,4111.795,4110.256,4176.41,0.19557581481563627,0.08216283529554402,0.18409178027541387,0.13508937765710974,0.15207733876305982,0.411803429496173,0.31116014126784264,0.2925826852128852,0.13538976002653072,0.16176931964990998,0.34793533164506285,0.13629458290522797,0.08002259763398657,0.26989308301627435
23.4375,4244.615,4180.513,4134.359,4104.615,4163.59,0.19557581481563627,0.08216283529554402,0.18409178027541387,0.13508937765710974,0.15207733876305982,0.411803429496173,0.31116014126784264,0.2925826852128852,0.13538976002653072,0.16176931964990998,0.34793533164506285,0.13629458290522797,0.08002259763398657,0.26989308301627435
31.25,4267.179,4191.282,4134.872,4086.154,4185.128,0.19557581481563627,0.08216283529554402,0.18409178027541387,0.13508937765710974,0.15207733876305982,0.411803429496173,0.31116014126784264,0.2925826852128852,0.13538976002653072,0.16176931964990998,0.34793533164506285,0.13629458290522797,0.08002259763398657,0.26989308301627435
39.0625,4334.359,4203.59,4116.923,4093.846,4244.103,0.19557581481563627,0.08216283529554402,0.18409178027541387,0.13508937765710974,0.15207733876305982,0.411803429496173,0.31116014126784264,0.2925826852128852,0.13538976002653072,0.16176931964990998,0.34793533164506285,0.13629458290522797,0.08002259763398657,0.26989308301627435
46.875,4430.769,4203.077,4124.103,4109.231,4300.513,0.19557581481563627,0.08216283529554402,0.18409178027541387,0.13508937765710974,0.15207733876305982,0.411803429496173,0.31116014126784264,0.2925826852128852,0.13538976002653072,0.16176931964990998,0.34793533164506285,0.13629458290522797,0.08002259763398657,0.26989308301627435
54.6875,4496.41,4215.385,4135.385,4108.718,4351.282,0.19557581481563627,0.08216283529554402,0.18409178027541387,0.13508937765710974,0.15207733876305982,0.411803429496173,0.31116014126784264,0.2925826852128852,0.13538976002653072,0.16176931964990998,0.34793533164506285,0.13629458290522797,0.08002259763398657,0.26989308301627435
62.5,4566.154,4227.179,4142.051,4105.641,4393.333,0.19557581481563627,0.08216283529554402,0.18409178027541387,0.13508937765710974,0.15207733876305982,0.411803429496173,0.31116014126784264,0.2925826852128852,0.13538976002653072,0.16176931964990998,0.34793533164506285,0.13629458290522797,0.08002259763398657,0.26989308301627435
70.3125,4653.333,4227.179,4154.872,4112.821,4422.564,0.19557581481563627,0.08216283529554402,0.18409178027541387,0.13508937765710974,0.15207733876305982,0.411803429496173,0.31116014126784264,0.2925826852128852,0.13538976002653072,0.16176931964990998,0.34793533164506285,0.13629458290522797,0.08002259763398657,0.26989308301627435
78.125,4703.077,4220.513,4153.333,4124.103,4446.154,0.19557581481563627,0.08216283529554402,0.18409178027541387,0.13508937765710974,0.15207733876305982,0.411803429496173,0.31116014126784264,0.2925826852128852,0.13538976002653072,0.16176931964990998,0.34793533164506285,0.13629458290522797,0.08002259763398657,0.26989308301627435
85.9375,4693.333,4210.256,4136.41,4123.077,4435.897,0.19557581481563627,0.08216283529554402,0.18409178027541387,0.13508937765710974,0.15207733876305982,0.411803429496173,0.31116014126784264,0.2925826852128852,0.13538976002653072,0.16176931964990998,0.34793533164506285,0.13629458290522797,0.08002259763398657,0.26989308301627435
93.75,4651.282,4207.179,4118.974,4108.205,4396.41,0.19557581481563627,0.08216283529554402,0.18409178027541387,0.13508937765710974,0.15207733876305982,0.411803429496173,0.31116014126784264,0.2925826852128852,0.13538976002653072,0.16176931964990998,0.34793533164506285,0.13629458290522797,0.08002259763398657,0.26989308301627435
101.5625,4602.051,4202.564,4106.154,4093.333,4360.513,0.19557581481563627,0.08216283529554402,0.18409178027541387,0.13508937765710974,0.15207733876305982,0.411803429496173,0.31116014126784264,0.2925826852128852,0.13538976002653072,0.16176931964990998,0.34793533164506285,0.13629458290522797,0.08002259763398657,0.26989308301627435
109.375,4549.744,4198.462,4110.256,4080.0,4324.615,0.19557581481563627,0.08216283529554402,0.18409178027541387,0.13508937765710974,0.15207733876305982,0.411803429496173,0.31116014126784264,0.2925826852128852,0.13538976002653072,0.16176931964990998,0.34793533164506285,0.13629458290522797,0.08002259763398657,0.26989308301627435
117.1875,4509.231,4214.872,4144.615,4090.769,4302.564,0.19557581481563627,0.08216283529554402,0.18409178027541387,0.13508937765710974,0.15207733876305982,0.411803429496173,0.31116014126784264,0.2925826852128852,0.13538976002653072,0.16176931964990998,0.34793533164506285,0.13629458290522797,0.08002259763398657,0.26989308301627435
125.0,4474.359,4223.59,4170.769,4117.436,4300.0,0.19557581481563627,0.08216283529554402,0.18409178027541387,0.13508937765710974,0.15207733876305982,0.411803429496173,0.31116014126784264,0.2925826852128852,0.13538976002653072,0.16176931964990998,0.34793533164506285,0.13629458290522797,0.08002259763398657,0.26989308301627435
132.8125,4423.077,4199.487,4151.795,4110.769,4270.256,0.19557581481563627,0.08216283529554402,0.18409178027541387,0.13508937765710974,0.15207733876305982,0.411803429496173,0.31116014126784264,0.2925826852128852,0.13538976002653072,0.16176931964990998,0.34793533164506285,0.13629458290522797,0.08002259763398657,0.26989308301627435
140.625,4364.103,4191.282,4128.205,4089.744,4220.513,0.19557581481563627,0.08216283529554402,0.18409178027541387,0.13508937765710974,0.15207733876305982,0.411803429496173,0.31116014126784264,0.2925826852128852,0.13538976002653072,0.16176931964990998,0.34793533164506285,0.13629458290522797,0.08002259763398657,0.26989308301627435
148.4375,4337.436,4202.051,4135.897,4098.974,4205.128,0.19557581481563627,0.08216283529554402,0.18409178027541387,0.13508937765710974,0.15207733876305982,0.411803429496173,0.31116014126784264,0.2925826852128852,0.13538976002653072,0.16176931964990998,0.34793533164506285,0.13629458290522797,0.08002259763398657,0.26989308301627435
156.25,4322.564,4192.821,4148.205,4106.667,4198.974,0.19557581481563627,0.08216283529554402,0.18409178027541387,0.13508937765710974,0.15207733876305982,0.411803429496173,0.31116014126784264,0.2925826852128852,0.13538976002653072,0.16176931964990998,0.34793533164506285,0.13629458290522797,0.08002259763398657,0.26989308301627435
164.0625,4278.974,4189.231,4129.744,4092.821,4177.436,0.19557581481563627,0.08216283529554402,0.18409178027541387,0.13508937765710974,0.15207733876305982,0.411803429496173,0.31116014126784264,0.2925826852128852,0.13538976002653072,0.16176931964990998,0.34793533164506285,0.13629458290522797,0.08002259763398657,0.26989308301627435
171.875,4252.821,4190.769,4114.359,4093.846,4170.769,0.19557581481563627,0.08216283529554402,0.18409178027541387,0.13508937765710974,0.15207733876305982,0.411803429496173,0.31116014126784264,0.2925826852128852,0.13538976002653072,0.16176931964990998,0.34793533164506285,0.13629458290522797,0.08002259763398657,0.26989308301627435
179.6875,4251.282,4174.872,4133.846,4093.846,4163.077,0.19557581481563627,0.08216283529554402,0.18409178027541387,0.13508937765710974,0.15207733876305982,0.411803429496173,0.31116014126784264,0.2925826852128852,0.13538976002653072,0.16176931964990998,0.34793533164506285,0.13629458290522797,0.08002259763398657,0.26989308301627435
187.5,4225.641,4177.949,4138.974,4072.821,4143.59,0.19557581481563627,0.08216283529554402,0.18409178027541387,0.13508937765710974,0.15207733876305982,0.411803429496173,0.31116014126784264,0.2925826852128852,0.13538976002653072,0.16176931964990998,0.34793533164506285,0.13629458290522797,0.08002259763398657,0.26989308301627435
195.3125,4203.077,4197.436,4109.231,4075.897,4140.0,0.19557581481563627,0.08216283529554402,0.18409178027541387,0.13508937765710974,0.15207733876305982,0.411803429496173,0.31116014126784264,0.2925826852128852,0.13538976002653072,0.16176931964990998,0.34793533164506285,0.13629458290522797,0.08002259763398657,0.26989308301627435
203.125,4213.333,4172.308,4104.103,4090.256,4122.564,0.19557581481563627,0.08216283529554402,0.18409178027541387,0.13508937765710974,0.15207733876305982,0.411803429496173,0.31116014126784264,0.2925826852128852,0.13538976002653072,0.16176931964990998,0.34793533164506285,0.13629458290522797,0.08002259763398657,0.26989308301627435
210.9375,4211.282,4146.154,4128.205,4075.897,4092.308,0.19557581481563627,0.08216283529554402,0.18409178027541387,0.13508937765710974,0.15207733876305982,0.411803429496173,0.31116014126784264,0.2925826852128852,0.13538976002653072,0.16176931964990998,0.34793533164506285,0.13629458290522797,0.08002259763398657,0.26989308301627435
218.75,4187.692,4175.385,4122.051,4072.308,4112.308,0.19557581481563627,0.08216283529554402,0.18409178027541387,0.13508937765710974,0.15207733876305982,0.411803429496173,0.31116014126784264,0.2925826852128852,0.13538976002653072,0.16176931964990998,0.34793533164506285,0.13629458290522797,0.08002259763398657,0.26989308301627435
226.5625,4185.641,4194.872,4096.41,4093.333,4143.59,0.19557581481563627,0.08216283529554402,0.18409178027541387,0.13508937765710974,0.15207733876305982,0.411803429496173,0.31116014126784264,0.2925826852128852,0.13538976002653072,0.16176931964990998,0.34793533164506285,0.13629458290522797,0.08002259763398657,0.26989308301627435
234.375,4184.615,4166.154,4091.795,4094.872,4115.897,0.19557581481563627,0.08216283529554402,0.18409178027541387,0.13508937765710974,0.15207733876305982,0.411803429496173,0.31116014126784264,0.2925826852128852,0.13538976002653072,0.16176931964990998,0.34793533164506285,0.13629458290522797,0.08002259763398657,0.26989308301627435
242.1875,4168.718,4134.872,4106.667,4071.795,4078.462,0.19557581481563627,0.08216283529554402,0.18409178027541387,0.13508937765710974,0.15207733876305982,0.411803429496173,0.31116014126784264,0.2925826852128852,0.13538976002653072,0.16176931964990998,0.34793533164506285,0.13629458290522797,0.08002259763398657,0.26989308301627435
250.0,4158.974,4139.487,4127.179,4055.897,4077.436,0.19557581481563627,0.08216283529554402,0.18409178027541387,0.13508937765710974,0.15207733876305982,0.411803429496173,0.31116014126784264,0.2925826852128852,0.13538976002653072,0.16176931964990998,0.34793533164506285,0.13629458290522797,0.08002259763398657,0.26989308301627435
257.8125,4149.744,4169.744,4132.821,4057.949,4084.615,0.19557581481563627,0.08216283529554402,0.18409178027541387,0.13508937765710974,0.15207733876305982,0.411803429496173,0.31116014126784264,0.2925826852128852,0.13538976002653072,0.16176931964990998,0.34793533164506285,0.13629458290522797,0.08002259763398657,0.26989308301627435
265.625,4137.949,4194.359,4121.538,4068.205,4096.923,0.19557581481563627,0.08216283529554402,0.18409178027541387,0.13508937765710974,0.15207733876305982,0.411803429496173,0.31116014126784264,0.2925826852128852,0.13538976002653072,0.16176931964990998,0.34793533164506285,0.13629458290522797,0.08002259763398657,0.26989308301627435
273.4375,4143.59,4199.487,4112.821,4077.949,4121.538,0.19557581481563627,0.08216283529554402,0.18409178027541387,0.13508937765710974,0.15207733876305982,0.411803429496173,0.31116014126784264,0.2925826852128852,0.13538976002653072,0.16176931964990998,0.34793533164506285,0.13629458290522797,0.08002259763398657,0.26989308301627435
281.25,4163.077,4187.179,4110.256,4092.821,4131.282,0.19557581481563627,0.08216283529554402,0.18409178027541387,0.13508937765710974,0.15207733876305982,0.411803429496173,0.31116014126784264,0.2925826852128852,0.13538976002653072,0.16176931964990998,0.34793533164506285,0.13629458290522797,0.08002259763398657,0.26989308301627435
289.0625,4173.333,4169.231,4116.923,4107.692,4116.923,0.19557581481563627,0.08216283529554402,0.18409178027541387,0.13508937765710974,0.15207733876305982,0.411803429496173,0.31116014126784264,0.2925826852128852,0.13538976002653072,0.16176931964990998,0.34793533164506285,0.13629458290522797,0.08002259763398657,0.26989308301627435
296.875,4167.692,4156.41,4136.923,4097.949,4098.462,0.19557581481563627,0.08216283529554402,0.18409178027541387,0.13508937765710974,0.15207733876305982,0.411803429496173,0.31116014126784264,0.2925826852128852,0.13538976002653072,0.16176931964990998,0.34793533164506285,0.13629458290522797,0.08002259763398657,0.26989308301627435
304.6875,4148.205,4155.897,4150.256,4069.231,4084.103,0.19557581481563627,0.08216283529554402,0.18409178027541387,0.13508937765710974,0.15207733876305982,0.411803429496173,0.31116014126784264,0.2925826852128852,0.13538976002653072,0.16176931964990998,0.34793533164506285,0.13629458290522797,0.08002259763398657,0.26989308301627435
312.5,4126.154,4168.205,4137.436,4054.872,4080.0,0.19557581481563627,0.08216283529554402,0.18409178027541387,0.13508937765710974,0.15207733876305982,0.411803429496173,0.31116014126784264,0.2925826852128852,0.13538976002653072,0.16176931964990998,0.34793533164506285,0.13629458290522797,0.08002259763398657,0.26989308301627435
320.3125,4123.077,4193.333,4119.487,4066.667,4090.769,0.19557581481563627,0.08216283529554402,0.18409178027541387,0.13508937765710974,0.15207733876305982,0.411803429496173,0.31116014126784264,0.2925826852128852,0.13538976002653072,0.16176931964990998,0.34793533164506285,0.13629458290522797,0.08002259763398657,0.26989308301627435
328.125,4135.385,4210.769,4122.564,4087.179,4109.231,0.19557581481563627,0.08216283529554402,0.18409178027541387,0.13508937765710974,0.15207733876305982,0.411803429496173,0.31116014126784264,0.2925826852128852,0.13538976002653072,0.16176931964990998,0.34793533164506285,0.13629458290522797,0.08002259763398657,0.26989308301627435
335.9375,4147.692,4211.795,4139.487,4105.128,4120.513,0.19557581481563627,0.08216283529554402,0.18409178027541387,0.13508937765710974,0.15207733876305982,0.411803429496173,0.31116014126784264,0.2925826852128852,0.13538976002653072,0.16176931964990998,0.34793533164506285,0.13629458290522797,0.08002259763398657,0.26989308301627435
343.75,4164.103,4203.077,4144.615,4121.026,4113.846,0.19557581481563627,0.08216283529554402,0.18409178027541387,0.13508937765710974,0.15207733876305982,0.411803429496173,0.31116014126784264,0.2925826852128852,0.13538976002653072,0.16176931964990998,0.34793533164506285,0.13629458290522797,0.08002259763398657,0.26989308301627435
351.5625,4179.487,4183.59,4143.077,4121.026,4091.795,0.19557581481563627,0.08216283529554402,0.18409178027541387,0.13508937765710974,0.15207733876305982,0.411803429496173,0.31116014126784264,0.2925826852128852,0.13538976002653072,0.16176931964990998,0.34793533164506285,0.13629458290522797,0.08002259763398657,0.26989308301627435
359.375,4171.282,4176.41,4161.538,4101.538,4080.0,0.19557581481563627,0.08216283529554402,0.18409178027541387,0.13508937765710974,0.15207733876305982,0.411803429496173,0.31116014126784264,0.2925826852128852,0.13538976002653072,0.16176931964990998,0.34793533164506285,0.13629458290522797,0.08002259763398657,0.26989308301627435
367.1875,4144.103,4188.205,4173.333,4078.974,4086.154,0.19557581481563627,0.08216283529554402,0.18409178027541387,0.13508937765710974,0.15207733876305982,0.411803429496173,0.31116014126784264,0.2925826852128852,0.13538976002653072,0.16176931964990998,0.34793533164506285,0.13629458290522797,0.08002259763398657,0.26989308301627435
375.0,4130.769,4197.949,4149.231,4076.41,4088.205,0.19557581481563627,0.08216283529554402,0.18409178027541387,0.13508937765710974,0.15207733876305982,0.411803429496173,0.31116014126784264,0.2925826852128852,0.13538976002653072,0.16176931964990998,0.34793533164506285,0.13629458290522797,0.08002259763398657,0.26989308301627435
382.8125,4136.923,4215.897,4128.205,4103.59,4094.872,0.19557581481563627,0.08216283529554402,0.18409178027541387,0.13508937765710974,0.15207733876305982,0.411803429496173,0.31116014126784264,0.2925826852128852,0.13538976002653072,0.16176931964990998,0.34793533164506285,0.13629458290522797,0.08002259763398657,0.26989308301627435
390.625,4133.333,4229.231,4124.615,4119.487,4106.667,0.19557581481563627,0.08216283529554402,0.18409178027541387,0.13508937765710974,0.15207733876305982,0.411803429496173,0.31116014126784264,0.2925826852128852,0.13538976002653072,0.16176931964990998,0.34793533164506285,0.13629458290522797,0.08002259763398657,0.26989308301627435
398.4375,4116.41,4201.026,4113.333,4107.179,4095.385,0.19557581481563627,0.08216283529554402,0.18409178027541387,0.13508937765710974,0.15207733876305982,0.411803429496173,0.31116014126784264,0.2925826852128852,0.13538976002653072,0.16176931964990998,0.34793533164506285,0.13629458290522797,0.08002259763398657,0.26989308301627435
406.25,4119.487,4169.231,4105.128,4108.718,4078.974,0.19557581481563627,0.08216283529554402,0.18409178027541387,0.13508937765710974,0.15207733876305982,0.411803429496173,0.31116014126784264,0.2925826852128852,0.13538976002653072,0.16176931964990998,0.34793533164506285,0.13629458290522797,0.08002259763398657,0.26989308301627435
414.0625,4142.564,4172.821,4120.0,4126.154,4083.077,0.19557581481563627,0.08216283529554402,0.18409178027541387,0.13508937765710974,0.15207733876305982,0.411803429496173,0.31116014126784264,0.2925826852128852,0.13538976002653072,0.16176931964990998,0.34793533164506285,0.13629458290522797,0.08002259763398657,0.26989308301627435
421.875,4153.333,4176.923,4133.846,4109.744,4077.949,0.19557581481563627,0.08216283529554402,0.18409178027541387,0.13508937765710974,0.15207733876305982,0.411803429496173,0.31116014126784264,0.2925826852128852,0.13538976002653072,0.16176931964990998,0.34793533164506285,0.13629458290522797,0.08002259763398657,0.26989308301627435
429.6875,4140.513,4170.769,4133.846,4076.41,4057.436,0.19557581481563627,0.08216283529554402,0.18409178027541387,0.13508937765710974,0.15207733876305982,0.411803429496173,0.31116014126784264,0.2925826852128852,0.13538976002653072,0.16176931964990998,0.34793533164506285,0.13629458290522797,0.08002259763398657,0.26989308301627435
437.5,4127.692,4175.897,4130.256,4073.846,4064.615,0.19557581481563627,0.08216283529554402,0.18409178027541387,0.13508937765710974,0.15207733876305982,0.411803429496173,0.31116014126784264,0.2925826852128852,0.13538976002653072,0.16176931964990998,0.34793533164506285,0.13629458290522797,0.08002259763398657,0.26989308301627435
445.3125,4118.462,4185.128,4124.615,4072.821,4064.103,0.19557581481563627,0.08216283529554402,0.18409178027541387,0.13508937765710974,0.15207733876305982,0.411803429496173,0.31116014126784264,0.2925826852128852,0.13538976002653072,0.16176931964990998,0.34793533164506285,0.13629458290522797,0.08002259763398657,0.26989308301627435
453.125,4107.692,4192.821,4112.821,4055.385,4045.128,0.19557581481563627,0.08216283529554402,0.18409178027541387,0.13508937765710974,0.15207733876305982,0.411803429496173,0.31116014126784264,0.2925826852128852,0.13538976002653072,0.16176931964990998,0.34793533164506285,0.13629458290522797,0.08002259763398657,0.26989308301627435
460.9375,4108.205,4195.385,4090.256,4057.436,4071.795,0.19557581481563627,0.08216283529554402,0.18409178027541387,0.13508937765710974,0.15207733876305982,0.411803429496173,0.31116014126784264,0.2925826852128852,0.13538976002653072,0.16176931964990998,0.34793533164506285,0.13629458290522797,0.08002259763398657,0.26989308301627435
468.75,4118.462,4193.333,4074.359,4082.564,4111.282,0.19557581481563627,0.08216283529554402,0.18409178027541387,0.13508937765710974,0.15207733876305982,0.411803429496173,0.31116014126784264,0.2925826852128852,0.13538976002653072,0.16176931964990998,0.34793533164506285,0.13629458290522797,0.08002259763398657,0.26989308301627435
476.5625,4120.513,4193.333,4081.538,4094.872,4104.615,0.19557581481563627,0.08216283529554402,0.18409178027541387,0.13508937765710974,0.15207733876305982,0.411803429496173,0.31116014126784264,0.2925826852128852,0.13538976002653072,0.16176931964990998,0.34793533164506285,0.13629458290522797,0.08002259763398657,0.26989308301627435
484.375,4131.282,4185.641,4098.974,4099.487,4100.513,0.19557581481563627,0.08216283529554402,0.18409178027541387,0.13508937765710974,0.15207733876305982,0.411803429496173,0.31116014126784264,0.2925826852128852,0.13538976002653072,0.16176931964990998,0.34793533164506285,0.13629458290522797,0.08002259763398657,0.26989308301627435
492.1875,4160.513,4173.846,4114.872,4113.846,4114.359,0.19557581481563627,0.08216283529554402,0.18409178027541387,0.13508937765710974,0.15207733876305982,0.411803429496173,0.31116014126784264,0.2925826852128852,0.13538976002653072,0.16176931964990998,0.34793533164506285,0.13629458290522797,0.08002259763398657,0.26989308301627435
500.0,4162.051,4172.308,4131.282,4115.385,4098.974,0.19557581481563627,0.08216283529554402,0.18409178027541387,0.13508937765710974,0.15207733876305982,0.411803429496173,0.31116014126784264,0.2925826852128852,0.13538976002653072,0.16176931964990998,0.34793533164506285,0.13629458290522797,0.08002259763398657,0.26989308301627435
507.8125,4129.744,4181.026,4144.615,4098.974,4084.103,0.19557581481563627,0.08216283529554402,0.18409178027541387,0.13508937765710974,0.15207733876305982,0.411803429496173,0.31116014126784264,0.2925826852128852,0.13538976002653072,0.16176931964990998,0.34793533164506285,0.13629458290522797,0.08002259763398657,0.26989308301627435
515.625,4111.795,4195.897,4131.795,4087.179,4094.872,0.19557581481563627,0.08216283529554402,0.18409178027541387,0.13508937765710974,0.15207733876305982,0.411803429496173,0.31116014126784264,0.2925826852128852,0.13538976002653072,0.16176931964990998,0.34793533164506285,0.13629458290522797,0.08002259763398657,0.26989308301627435
523.4375,4106.154,4207.692,4099.487,4082.564,4090.769,0.19557581481563627,0.08216283529554402,0.18409178027541387,0.13508937765710974,0.15207733876305982,0.411803429496173,0.31116014126784264,0.2925826852128852,0.13538976002653072,0.16176931964990998,0.34793533164506285,0.13629458290522797,0.08002259763398657,0.26989308301627435
531.25,4102.051,4210.769,4085.641,4085.641,4078.974,0.19557581481563627,0.08216283529554402,0.18409178027541387,0.13508937765710974,0.15207733876305982,0.411803429496173,0.31116014126784264,0.2925826852128852,0.13538976002653072,0.16176931964990998,0.34793533164506285,0.13629458290522797,0.08002259763398657,0.26989308301627435
539.0625,4124.103,4206.667,4100.513,4102.564,4091.795,0.19557581481563627,0.08216283529554402,0.18409178027541387,0.13508937765710974,0.15207733876305982,0.411803429496173,0.31116014126784264,0.2925826852128852,0.13538976002653072,0.16176931964990998,0.34793533164506285,0.13629458290522797,0.08002259763398657,0.26989308301627435
546.875,4158.974,4193.333,4121.026,4124.615,4107.179,0.19557581481563627,0.08216283529554402,0.18409178027541387,0.13508937765710974,0.15207733876305982,0.411803429496173,0.31116014126784264,0.2925826852128852,0.13538976002653072,0.16176931964990998,0.34793533164506285,0.13629458290522797,0.08002259763398657,0.26989308301627435
554.6875,4154.872,4171.282,4133.846,4120.513,4088.718,0.19557581481563627,0.08216283529554402,0.18409178027541387,0.13508937765710974,0.15207733876305982,0.411803429496173,0.31116014126784264,0.2925826852128852,0.13538976002653072,0.16176931964990998,0.34793533164506285,0.13629458290522797,0.08002259763398657,0.26989308301627435
562.5,4130.256,4165.128,4147.692,4093.846,4057.949,0.19557581481563627,0.08216283529554402,0.18409178027541387,0.13508937765710974,0.15207733876305982,0.411803429496173,0.31116014126784264,0.2925826852128852,0.13538976002653072,0.16176931964990998,0.34793533164506285,0.13629458290522797,0.08002259763398657,0.26989308301627435
570.3125,4116.41,4190.256,4156.41,4080.0,4053.846,0.19557581481563627,0.08216283529554402,0.18409178027541387,0.13508937765710974,0.15207733876305982,0.411803429496173,0.31116014126784264,0.2925826852128852,0.13538976002653072,0.16176931964990998,0.34793533164506285,0.13629458290522797,0.08002259763398657,0.26989308301627435
578.125,4113.333,4213.333,4147.179,4092.308,4068.205,0.19557581481563627,0.08216283529554402,0.18409178027541387,0.13508937765710974,0.15207733876305982,0.411803429496173,0.31116014126784264,0.2925826852128852,0.13538976002653072,0.16176931964990998,0.34793533164506285,0.13629458290522797,0.08002259763398657,0.26989308301627435
585.9375,4121.538,4216.923,4125.128,4116.41,4085.641,0.19557581481563627,0.08216283529554402,0.18409178027541387,0.13508937765710974,0.15207733876305982,0.411803429496173,0.31116014126784264,0.2925826852128852,0.13538976002653072,0.16176931964990998,0.34793533164506285,0.13629458290522797,0.08002259763398657,0.26989308301627435
593.75,4136.923,4212.308,4105.128,4129.744,4107.692,0.19557581481563627,0.08216283529554402,0.18409178027541387,0.13508937765710974,0.15207733876305982,0.411803429496173,0.31116014126784264,0.2925826852128852,0.13538976002653072,0.16176931964990998,0.34793533164506285,0.13629458290522797,0.08002259763398657,0.26989308301627435
601.5625,4152.308,4203.077,4105.641,4129.231,4117.436,0.19557581481563627,0.08216283529554402,0.18409178027541387,0.13508937765710974,0.15207733876305982,0.411803429496173,0.31116014126784264,0.2925826852128852,0.13538976002653072,0.16176931964990998,0.34793533164506285,0.13629458290522797,0.08002259763398657,0.26989308301627435
609.375,4169.744,4188.718,4126.667,4126.667,4108.718,0.19557581481563627,0.08216283529554402,0.18409178027541387,0.13508937765710974,0.15207733876305982,0.411803429496173,0.31116014126784264,0.2925826852128852,0.13538976002653072,0.16176931964990998,0.34793533164506285,0.13629458290522797,0.08002259763398657,0.26989308301627435
617.1875,4167.692,4181.538,4146.154,4114.359,4094.872,0.19557581481563627,0.08216283529554402,0.18409178027541387,0.13508937765710974,0.15207733876305982,0.411803429496173,0.31116014126784264,0.2925826852128852,0.13538976002653072,0.16176931964990998,0.34793533164506285,0.13629458290522797,0.08002259763398657,0.26989308301627435
625.0,4135.897,4207.692,4148.205,4088.718,4088.718,0.19557581481563627,0.08216283529554402,0.18409178027541387,0.13508937765710974,0.15207733876305982,0.411803429496173,0.31116014126784264,0.2925826852128852,0.13538976002653072,0.16176931964990998,0.34793533164506285,0.13629458290522797,0.08002259763398657,0.26989308301627435
632.8125,4136.923,4249.231,4143.077,4100.0,4113.846,0.19557581481563627,0.08216283529554402,0.18409178027541387,0.13508937765710974,0.15207733876305982,0.411803429496173,0.31116014126784264,0.2925826852128852,0.13538976002653072,0.16176931964990998,0.34793533164506285,0.13629458290522797,0.08002259763398657,0.26989308301627435
640.625,4169.744,4246.667,4131.795,4148.205,4145.641,0.19557581481563627,0.08216283529554402,0.18409178027541387,0.13508937765710974,0.15207733876305982,0.411803429496173,0.31116014126784264,0.2925826852128852,0.13538976002653072,0.16176931964990998,0.34793533164506285,0.13629458290522797,0.08002259763398657,0.26989308301627435
648.4375,4157.949,4201.538,4116.41,4170.769,4135.385,0.19557581481563627,0.08216283529554402,0.18409178027541387,0.13508937765710974,0.15207733876305982,0.411803429496173,0.31116014126784264,0.2925826852128852,0.13538976002653072,0.16176931964990998,0.34793533164506285,0.13629458290522797,0.08002259763398657,0.26989308301627435
656.25,4121.026,4185.128,4129.231,4167.179,4098.974,0.19557581481563627,0.08216283529554402,0.18409178027541387,0.13508937765710974,0.15207733876305982,0.411803429496173,0.31116014126784264,0.2925826852128852,0.13538976002653072,0.16176931964990998,0.34793533164506285,0.13629458290522797,0.08002259763398657,0.26989308301627435
664.0625,4100.0,4193.846,4149.231,4168.718,4078.462,0.19557581481563627,0.08216283529554402,0.18409178027541387,0.13508937765710974,0.15207733876305982,0.411803429496173,0.31116014126784264,0.2925826852128852,0.13538976002653072,0.16176931964990998,0.34793533164506285,0.13629458290522797,0.08002259763398657,0.26989308301627435
671.875,4068.205,4174.359,4135.385,4165.641,4054.872,0.19557581481563627,0.08216283529554402,0.18409178027541387,0.13508937765710974,0.15207733876305982,0.411803429496173,0.31116014126784264,0.2925826852128852,0.13538976002653072,0.16176931964990998,0.34793533164506285,0.13629458290522797,0.08002259763398657,0.26989308301627435
679.6875,4029.231,4163.59,4109.744,4160.513,4027.179,0.19557581481563627,0.08216283529554402,0.18409178027541387,0.13508937765710974,0.15207733876305982,0.411803429496173,0.31116014126784264,0.2925826852128852,0.13538976002653072,0.16176931964990998,0.34793533164506285,0.13629458290522797,0.08002259763398657,0.26989308301627435
687.5,4014.359,4190.256,4099.487,4161.026,4025.128,0.19557581481563627,0.08216283529554402,0.18409178027541387,0.13508937765710974,0.15207733876305982,0.411803429496173,0.31116014126784264,0.2925826852128852,0.13538976002653072,0.16176931964990998,0.34793533164506285,0.13629458290522797,0.08002259763398657,0.26989308301627435
695.3125,4015.897,4209.744,4092.308,4162.564,4046.154,0.19557581481563627,0.08216283529554402,0.18409178027541387,0.13508937765710974,0.15207733876305982,0.411803429496173,0.31116014126784264,0.2925826852128852,0.13538976002653072,0.16176931964990998,0.34793533164506285,0.13629458290522797,0.08002259763398657,0.26989308301627435
703.125,4016.41,4209.231,4096.923,4170.256,4061.538,0.19557581481563627,0.08216283529554402,0.18409178027541387,0.13508937765710974,0.15207733876305982,0.411803429496173,0.31116014126784264,0.2925826852128852,0.13538976002653072,0.16176931964990998,0.34793533164506285,0.13629458290522797,0.08002259763398657,0.26989308301627435
710.9375,4009.231,4214.872,4112.308,4169.744,4049.744,0.19557581481563627,0.08216283529554402,0.18409178027541387,0.13508937765710974,0.15207733876305982,0.411803429496173,0.31116014126784264,0.2925826852128852,0.13538976002653072,0.16176931964990998,0.34793533164506285,0.13629458290522797,0.08002259763398657,0.26989308301627435
718.75,4005.128,4218.462,4109.231,4150.769,4031.282,0.19557581481563627,0.08216283529554402,0.18409178027541387,0.13508937765710974,0.15207733876305982,0.411803429496173,0.31116014126784264,0.2925826852128852,0.13538976002653072,0.16176931964990998,0.34793533164506285,0.13629458290522797,0.08002259763398657,0.26989308301627435
726.5625,4009.744,4211.795,4104.615,4135.897,4024.615,0.19557581481563627,0.08216283529554402,0.18409178027541387,0.13508937765710974,0.15207733876305982,0.411803429496173,0.31116014126784264,0.2925826852128852,0.13538976002653072,0.16176931964990998,0.34793533164506285,0.13629458290522797,0.08002259763398657,0.26989308301627435
734.375,4005.641,4210.256,4119.487,4128.205,4015.897,0.19557581481563627,0.08216283529554402,0.18409178027541387,0.13508937765710974,0.15207733876305982,0.411803429496173,0.31116014126784264,0.2925826852128852,0.13538976002653072,0.16176931964990998,0.34793533164506285,0.13629458290522797,0.08002259763398657,0.26989308301627435
742.1875,4003.077,4211.795,4143.077,4127.692,4010.256,0.19557581481563627,0.08216283529554402,0.18409178027541387,0.13508937765710974,0.15207733876305982,0.411803429496173,0.31116014126784264,0.2925826852128852,0.13538976002653072,0.16176931964990998,0.34793533164506285,0.13629458290522797,0.08002259763398657,0.26989308301627435
750.0,4013.333,4198.462,4158.974,4136.41,4011.795,0.19557581481563627,0.08216283529554402,0.18409178027541387,0.13508937765710974,0.15207733876305982,0.411803429496173,0.31116014126784264,0.2925826852128852,0.13538976002653072,0.16176931964990998,0.34793533164506285,0.13629458290522797,0.08002259763398657,0.26989308301627435
757.8125,4009.744,4171.282,4153.333,4130.256,4001.026,0.19557581481563627,0.08216283529554402,0.18409178027541387,0.13508937765710974,0.15207733876305982,0.411803429496173,0.31116014126784264,0.2925826852128852,0.13538976002653072,0.16176931964990998,0.34793533164506285,0.13629458290522797,0.08002259763398657,0.26989308301627435
765.625,4000.513,4154.872,4134.359,4120.0,3987.692,0.19557581481563627,0.08216283529554402,0.18409178027541387,0.13508937765710974,0.15207733876305982,0.411803429496173,0.31116014126784264,0.2925826852128852,0.13538976002653072,0.16176931964990998,0.34793533164506285,0.13629458290522797,0.08002259763398657,0.26989308301627435
773.4375,4011.282,4163.077,4111.795,4136.41,4007.692,0.19557581481563627,0.08216283529554402,0.18409178027541387,0.13508937765710974,0.15207733876305982,0.411803429496173,0.31116014126784264,0.2925826852128852,0.13538976002653072,0.16176931964990998,0.34793533164506285,0.13629458290522797,0.08002259763398657,0.26989308301627435
781.25,4028.205,4187.692,4094.359,4151.282,4040.0,0.19557581481563627,0.08216283529554402,0.18409178027541387,0.13508937765710974,0.15207733876305982,0.411803429496173,0.31116014126784264,0.2925826852128852,0.13538976002653072,0.16176931964990998,0.34793533164506285,0.13629458290522797,0.08002259763398657,0.26989308301627435
789.0625,4032.308,4218.462,4088.205,4152.821,4051.282,0.19557581481563627,0.08216283529554402,0.18409178027541387,0.13508937765710974,0.15207733876305982,0.411803429496173,0.31116014126784264,0.2925826852128852,0.13538976002653072,0.16176931964990998,0.34793533164506285,0.13629458290522797,0.08002259763398657,0.26989308301627435
796.875,4028.205,4241.026,4092.308,4164.615,4053.333,0.19557581481563627,0.08216283529554402,0.18409178027541387,0.13508937765710974,0.15207733876305982,0.411803429496173,0.31116014126784264,0.2925826852128852,0.13538976002653072,0.16176931964990998,0.34793533164506285,0.13629458290522797,0.08002259763398657,0.26989308301627435
804.6875,4017.436,4233.333,4096.923,4160.513,4048.718,0.19557581481563627,0.08216283529554402,0.18409178027541387,0.13508937765710974,0.15207733876305982,0.411803429496173,0.31116014126784264,0.2925826852128852,0.13538976002653072,0.16176931964990998,0.34793533164506285,0.13629458290522797,0.08002259763398657,0.26989308301627435
812.5,4005.641,4209.744,4105.128,4130.769,4034.872,0.19557581481563627,0.08216283529554402,0.18409178027541387,0.13508937765710974,0.15207733876305982,0.411803429496173,0.31116014126784264,0.2925826852128852,0.13538976002653072,0.16176931964990998,0.34793533164506285,0.13629458290522797,0.08002259763398657,0.26989308301627435
820.3125,4005.641,4207.179,4116.41,4117.436,4028.718,0.19557581481563627,0.08216283529554402,0.18409178027541387,0.13508937765710974,0.15207733876305982,0.411803429496173,0.31116014126784264,0.2925826852128852,0.13538976002653072,0.16176931964990998,0.34793533164506285,0.13629458290522797,0.08002259763398657,0.26989308301627435
828.125,4009.231,4197.949,4114.359,4113.333,4016.923,0.19557581481563627,0.08216283529554402,0.18409178027541387,0.13508937765710974,0.15207733876305982,0.411803429496173,0.31116014126784264,0.2925826852128852,0.13538976002653072,0.16176931964990998,0.34793533164506285,0.13629458290522797,0.08002259763398657,0.26989308301627435
835.9375,4009.231,4164.615,4110.256,4103.59,3992.308,0.19557581481563627,0.08216283529554402,0.18409178027541387,0.13508937765710974,0.15207733876305982,0.411803429496173,0.31116014126784264,0.2925826852128852,0.13538976002653072,0.16176931964990998,0.34793533164506285,0.13629458290522797,0.08002259763398657,0.26989308301627435
843.75,4027.179,4160.513,4118.462,4120.0,4007.692,0.19557581481563627,0.08216283529554402,0.18409178027541387,0.13508937765710974,0.15207733876305982,0.411803429496173,0.31116014126784264,0.2925826852128852,0.13538976002653072,0.16176931964990998,0.34793533164506285,0.13629458290522797,0.08002259763398657,0.26989308301627435
851.5625,4059.487,4186.667,4130.256,4158.974,4053.333,0.19557581481563627,0.08216283529554402,0.18409178027541387,0.13508937765710974,0.15207733876305982,0.411803429496173,0.31116014126784264,0.2925826852128852,0.13538976002653072,0.16176931964990998,0.34793533164506285,0.13629458290522797,0.08002259763398657,0.26989308301627435
859.375,4060.513,4197.949,4130.769,4170.256,4057.436,0.19557581481563627,0.08216283529554402,0.18409178027541387,0.13508937765710974,0.15207733876305982,0.411803429496173,0.31116014126784264,0.2925826852128852,0.13538976002653072,0.16176931964990998,0.34793533164506285,0.13629458290522797,0.08002259763398657,0.26989308301627435
867.1875,4042.051,4198.974,4117.436,4151.795,4044.103,0.19557581481563627,0.08216283529554402,0.18409178027541387,0.13508937765710974,0.15207733876305982,0.411803429496173,0.31116014126784264,0.2925826852128852,0.13538976002653072,0.16176931964990998,0.34793533164506285,0.13629458290522797,0.08002259763398657,0.26989308301627435
875.0,4054.359,4206.667,4109.744,4154.359,4065.128,0.19557581481563627,0.08216283529554402,0.18409178027541387,0.13508937765710974,0.15207733876305982,0.411803429496173,0.31116014126784264,0.2925826852128852,0.13538976002653072,0.16176931964990998,0.34793533164506285,0.13629458290522797,0.08002259763398657,0.26989308301627435
882.8125,4065.641,4202.564,4101.538,4172.308,4086.154,0.19557581481563627,0.08216283529554402,0.18409178027541387,0.13508937765710974,0.15207733876305982,0.411803429496173,0.31116014126784264,0.2925826852128852,0.13538976002653072,0.16176931964990998,0.34793533164506285,0.13629458290522797,0.08002259763398657,0.26989308301627435
890.625,4040.513,4201.538,4081.026,4162.564,4085.128,0.19557581481563627,0.08216283529554402,0.18409178027541387,0.13508937765710974,0.15207733876305982,0.411803429496173,0.31116014126784264,0.2925826852128852,0.13538976002653072,0.16176931964990998,0.34793533164506285,0.13629458290522797,0.08002259763398657,0.26989308301627435
898.4375,4019.487,4223.59,4072.821,4144.103,4081.538,0.19557581481563627,0.08216283529554402,0.18409178027541387,0.13508937765710974,0.15207733876305982,0.411803429496173,0.31116014126784264,0.2925826852128852,0.13538976002653072,0.16176931964990998,0.34793533164506285,0.13629458290522797,0.08002259763398657,0.26989308301627435
906.25,4025.641,4231.795,4089.231,4142.051,4076.41,0.19557581481563627,0.08216283529554402,0.18409178027541387,0.13508937765710974,0.15207733876305982,0.411803429496173,0.31116014126784264,0.2925826852128852,0.13538976002653072,0.16176931964990998,0.34793533164506285,0.13629458290522797,0.08002259763398657,0.26989308301627435
914.0625,4034.872,4219.487,4096.923,4136.923,4074.359,0.19557581481563627,0.08216283529554402,0.18409178027541387,0.13508937765710974,0.15207733876305982,0.411803429496173,0.31116014126784264,0.2925826852128852,0.13538976002653072,0.16176931964990998,0.34793533164506285,0.13629458290522797,0.08002259763398657,0.26989308301627435
921.875,4031.795,4218.462,4088.718,4128.718,4068.718,0.19557581481563627,0.08216283529554402,0.18409178027541387,0.13508937765710974,0.15207733876305982,0.411803429496173,0.31116014126784264,0.2925826852128852,0.13538976002653072,0.16176931964990998,0.34793533164506285,0.13629458290522797,0.08002259763398657,0.26989308301627435
929.6875,4030.256,4227.692,4094.872,4130.256,4061.538,0.19557581481563627,0.08216283529554402,0.18409178027541387,0.13508937765710974,0.15207733876305982,0.411803429496173,0.31116014126784264,0.2925826852128852,0.13538976002653072,0.16176931964990998,0.34793533164506285,0.13629458290522797,0.08002259763398657,0.26989308301627435
937.5,4041.538,4225.641,4111.795,4137.436,4074.359,0.19557581481563627,0.08216283529554402,0.18409178027541387,0.13508937765710974,0.15207733876305982,0.411803429496173,0.31116014126784264,0.2925826852128852,0.13538976002653072,0.16176931964990998,0.34793533164506285,0.13629458290522797,0.08002259763398657,0.26989308301627435
945.3125,4050.769,4223.59,4122.564,4145.641,4092.308,0.19557581481563627,0.08216283529554402,0.18409178027541387,0.13508937765710974,0.15207733876305982,0.411803429496173,0.31116014126784264,0.2925826852128852,0.13538976002653072,0.16176931964990998,0.34793533164506285,0.13629458290522797,0.08002259763398657,0.26989308301627435
953.125,4042.051,4231.795,4121.538,4145.641,4086.667,0.19557581481563627,0.08216283529554402,0.18409178027541387,0.13508937765710974,0.15207733876305982,0.411803429496173,0.31116014126784264,0.2925826852128852,0.13538976002653072,0.16176931964990998,0.34793533164506285,0.13629458290522797,0.08002259763398657,0.26989308301627435
960.9375,4032.821,4227.179,4113.333,4132.308,4076.41,0.19557581481563627,0.08216283529554402,0.18409178027541387,0.13508937765710974,0.15207733876305982,0.411803429496173,0.31116014126784264,0.2925826852128852,0.13538976002653072,0.16176931964990998,0.34793533164506285,0.13629458290522797,0.08002259763398657,0.26989308301627435
968.75,4042.564,4214.872,4119.487,4131.795,4081.538,0.19557581481563627,0.08216283529554402,0.18409178027541387,0.13508937765710974,0.15207733876305982,0.411803429496173,0.31116014126784264,0.2925826852128852,0.13538976002653072,0.16176931964990998,0.34793533164506285,0.13629458290522797,0.08002259763398657,0.26989308301627435
976.5625,4051.282,4212.308,4131.795,4137.949,4084.615,0.19557581481563627,0.08216283529554402,0.18409178027541387,0.13508937765710974,0.15207733876305982,0.411803429496173,0.31116014126784264,0.2925826852128852,0.13538976002653072,0.16176931964990998,0.34793533164506285,0.13629458290522797,0.08002259763398657,0.26989308301627435
984.375,4055.385,4211.282,4134.872,4129.744,4078.974,0.19557581481563627,0.08216283529554402,0.18409178027541387,0.13508937765710974,0.15207733876305982,0.411803429496173,0.31116014126784264,0.2925826852128852,0.13538976002653072,0.16176931964990998,0.34793533164506285,0.13629458290522797,0.08002259763398657,0.26989308301627435
992.1875,4072.821,4219.487,4138.974,4136.41,4081.026,0.19557581481563627,0.08216283529554402,0.18409178027541387,0.13508937765710974,0.15207733876305982,0.411803429496173,0.31116014126784264,0.2925826852128852,0.13538976002653072,0.16176931964990998,0.34793533164506285,0.13629458290522797,0.08002259763398657,0.26989308301627435
1000.0,4084.103,4235.385,4144.615,4152.821,4088.205,0.19557581481563627,0.08216283529554402,0.18409178027541387,0.13508937765710974,0.15207733876305982,0.411803429496173,0.31116014126784264,0.2925826852128852,0.13538976002653072,0.16176931964990998,0.34793533164506285,0.13629458290522797,0.08002259763398657,0.26989308301627435
1007.8125,4071.795,4240.513,4140.0,4145.128,4088.718,0.19557581481563627,0.08216283529554402,0.18409178027541387,0.13508937765710974,0.15207733876305982,0.411803429496173,0.31116014126784264,0.2925826852128852,0.13538976002653072,0.16176931964990998,0.34793533164506285,0.13629458290522797,0.08002259763398657,0.26989308301627435
1015.625,4064.103,4225.641,4125.641,4134.359,4090.256,0.19557581481563627,0.08216283529554402,0.18409178027541387,0.13508937765710974,0.15207733876305982,0.411803429496173,0.31116014126784264,0.2925826852128852,0.13538976002653072,0.16176931964990998,0.34793533164506285,0.13629458290522797,0.08002259763398657,0.26989308301627435
1023.4375,4072.308,4212.821,4110.769,4139.487,4094.872,0.19557581481563627,0.08216283529554402,0.18409178027541387,0.13508937765710974,0.15207733876305982,0.411803429496173,0.31116014126784264,0.2925826852128852,0.13538976002653072,0.16176931964990998,0.34793533164506285,0.13629458290522797,0.08002259763398657,0.26989308301627435
1031.25,4078.462,4217.436,4106.667,4140.513,4105.128,0.19557581481563627,0.08216283529554402,0.18409178027541387,0.13508937765710974,0.15207733876305982,0.411803429496173,0.31116014126784264,0.2925826852128852,0.13538976002653072,0.16176931964990998,0.34793533164506285,0.13629458290522797,0.08002259763398657,0.26989308301627435
1039.0625,4084.103,4227.179,4107.692,4142.051,4123.59,0.19557581481563627,0.08216283529554402,0.18409178027541387,0.13508937765710974,0.15207733876305982,0.411803429496173,0.31116014126784264,0.2925826852128852,0.13538976002653072,0.16176931964990998,0.34793533164506285,0.13629458290522797,0.08002259763398657,0.26989308301627435
1046.875,4092.308,4232.821,4096.923,4150.256,4124.103,0.19557581481563627,0.08216283529554402,0.18409178027541387,0.13508937765710974,0.15207733876305982,0.411803429496173,0.31116014126784264,0.2925826852128852,0.13538976002653072,0.16176931964990998,0.34793533164506285,0.13629458290522797,0.08002259763398657,0.26989308301627435
1054.6875,4092.308,4229.231,4085.641,4148.718,4106.154,0.19557581481563627,0.08216283529554402,0.18409178027541387,0.13508937765710974,0.15207733876305982,0.411803429496173,0.31116014126784264,0.2925826852128852,0.13538976002653072,0.16176931964990998,0.34793533164506285,0.13629458290522797,0.08002259763398657,0.26989308301627435
1062.5,4089.744,4220.513,4088.205,4158.974,4114.872,0.19557581481563627,0.08216283529554402,0.18409178027541387,0.13508937765710974,0.15207733876305982,0.411803429496173,0.31116014126784264,0.2925826852128852,0.13538976002653072,0.16176931964990998,0.34793533164506285,0.13629458290522797,0.08002259763398657,0.26989308301627435
1070.3125,4099.487,4215.897,4097.949,4184.615,4133.333,0.19557581481563627,0.08216283529554402,0.18409178027541387,0.13508937765710974,0.15207733876305982,0.411803429496173,0.31116014126784264,0.2925826852128852,0.13538976002653072,0.16176931964990998,0.34793533164506285,0.13629458290522797,0.08002259763398657,0.26989308301627435
1078.125,4112.308,4211.282,4102.051,4180.513,4120.0,0.19557581481563627,0.08216283529554402,0.18409178027541387,0.13508937765710974,0.15207733876305982,0.411803429496173,0.31116014126784264,0.2925826852128852,0.13538976002653072,0.16176931964990998,0.34793533164506285,0.13629458290522797,0.08002259763398657,0.26989308301627435
1085.9375,4115.897,4203.59,4102.564,4164.103,4110.769,0.19557581481563627,0.08216283529554402,0.18409178027541387,0.13508937765710974,0.15207733876305982,0.411803429496173,0.31116014126784264,0.2925826852128852,0.13538976002653072,0.16176931964990998,0.34793533164506285,0.13629458290522797,0.08002259763398657,0.26989308301627435
1093.75,4122.564,4200.513,4113.846,4168.205,4128.718,0.19557581481563627,0.08216283529554402,0.18409178027541387,0.13508937765710974,0.15207733876305982,0.411803429496173,0.31116014126784264,0.2925826852128852,0.13538976002653072,0.16176931964990998,0.34793533164506285,0.13629458290522797,0.08002259763398657,0.26989308301627435
1101.5625,4129.744,4197.436,4133.333,4159.487,4136.41,0.19557581481563627,0.08216283529554402,0.18409178027541387,0.13508937765710974,0.15207733876305982,0.411803429496173,0.31116014126784264,0.2925826852128852,0.13538976002653072,0.16176931964990998,0.34793533164506285,0.13629458290522797,0.08002259763398657,0.26989308301627435
1109.375,4127.179,4186.154,4145.641,4143.59,4130.769,0.19557581481563627,0.08216283529554402,0.18409178027541387,0.13508937765710974,0.15207733876305982,0.411803429496173,0.31116014126784264,0.2925826852128852,0.13538976002653072,0.16176931964990998,0.34793533164506285,0.13629458290522797,0.08002259763398657,0.26989308301627435
1117.1875,4121.026,4201.538,4146.154,4149.231,4143.59,0.19557581481563627,0.08216283529554402,0.18409178027541387,0.13508937765710974,0.15207733876305982,0.411803429496173,0.31116014126784264,0.2925826852128852,0.13538976002653072,0.16176931964990998,0.34793533164506285,0.13629458290522797,0.08002259763398657,0.26989308301627435
1125.0,4103.077,4232.308,4137.436,4148.718,4152.308,0.19557581481563627,0.08216283529554402,0.18409178027541387,0.13508937765710974,0.15207733876305982,0.411803429496173,0.31116014126784264,0.2925826852128852,0.13538976002653072,0.16176931964990998,0.34793533164506285,0.13629458290522797,0.08002259763398657,0.26989308301627435
1132.8125,4077.436,4227.179,4120.513,4138.974,4144.103,0.19557581481563627,0.08216283529554402,0.18409178027541387,0.13508937765710974,0.15207733876305982,0.411803429496173,0.31116014126784264,0.2925826852128852,0.13538976002653072,0.16176931964990998,0.34793533164506285,0.13629458290522797,0.08002259763398657,0.26989308301627435
1140.625,4068.718,4218.974,4099.487,4143.59,4142.564,0.19557581481563627,0.08216283529554402,0.18409178027541387,0.13508937765710974,0.15207733876305982,0.411803429496173,0.31116014126784264,0.2925826852128852,0.13538976002653072,0.16176931964990998,0.34793533164506285,0.13629458290522797,0.08002259763398657,0.26989308301627435
1148.4375,4079.487,4237.949,4083.077,4150.256,4147.179,0.19557581481563627,0.08216283529554402,0.18409178027541387,0.13508937765710974,0.15207733876305982,0.411803429496173,0.31116014126784264,0.2925826852128852,0.13538976002653072,0.16176931964990998,0.34793533164506285,0.13629458290522797,0.08002259763398657,0.26989308301627435
1156.25,4091.282,4237.949,4079.487,4156.41,4144.615,0.19557581481563627,0.08216283529554402,0.18409178027541387,0.13508937765710974,0.15207733876305982,0.411803429496173,0.31116014126784264,0.2925826852128852,0.13538976002653072,0.16176931964990998,0.34793533164506285,0.13629458290522797,0.08002259763398657,0.26989308301627435
1164.0625,4087.692,4218.974,4078.462,4165.641,4139.487,0.19557581481563627,0.08216283529554402,0.18409178027541387,0.13508937765710974,0.15207733876305982,0.411803429496173,0.31116014126784264,0.2925826852128852,0.13538976002653072,0.16176931964990998,0.34793533164506285,0.13629458290522797,0.08002259763398657,0.26989308301627435
1171.875,4081.538,4217.436,4083.59,4164.103,4144.103,0.19557581481563627,0.08216283529554402,0.18409178027541387,0.13508937765710974,0.15207733876305982,0.411803429496173,0.31116014126784264,0.2925826852128852,0.13538976002653072,0.16176931964990998,0.34793533164506285,0.13629458290522797,0.08002259763398657,0.26989308301627435
1179.6875,4101.538,4218.462,4109.231,4170.769,4158.974,0.19557581481563627,0.08216283529554402,0.18409178027541387,0.13508937765710974,0.15207733876305982,0.411803429496173,0.31116014126784264,0.2925826852128852,0.13538976002653072,0.16176931964990998,0.34793533164506285,0.13629458290522797,0.08002259763398657,0.26989308301627435
1187.5,4131.795,4209.231,4133.333,4182.564,4169.231,0.19557581481563627,0.08216283529554402,0.18409178027541387,0.13508937765710974,0.15207733876305982,0.411803429496173,0.31116014126784264,0.2925826852128852,0.13538976002653072,0.16176931964990998,0.34793533164506285,0.13629458290522797,0.08002259763398657,0.26989308301627435
1195.3125,4118.462,4203.59,4127.692,4156.41,4157.436,0.19557581481563627,0.08216283529554402,0.18409178027541387,0.13508937765710974,0.15207733876305982,0.411803429496173,0.31116014126784264,0.2925826852128852,0.13538976002653072,0.16176931964990998,0.34793533164506285,0.13629458290522797,0.08002259763398657,0.26989308301627435
1203.125,4093.846,4206.154,4129.231,4119.487,4140.0,0.19557581481563627,0.08216283529554402,0.18409178027541387,0.13508937765710974,0.15207733876305982,0.411803429496173,0.31116014126784264,0.2925826852128852,0.13538976002653072,0.16176931964990998,0.34793533164506285,0.13629458290522797,0.08002259763398657,0.26989308301627435
1210.9375,4106.154,4212.821,4157.436,4127.179,4156.923,0.19557581481563627,0.08216283529554402,0.18409178027541387,0.13508937765710974,0.15207733876305982,0.411803429496173,0.31116014126784264,0.2925826852128852,0.13538976002653072,0.16176931964990998,0.34793533164506285,0.13629458290522797,0.08002259763398657,0.26989308301627435
1218.75,4113.333,4221.026,4160.0,4148.718,4175.897,0.19557581481563627,0.08216283529554402,0.18409178027541387,0.13508937765710974,0.15207733876305982,0.411803429496173,0.31116014126784264,0.2925826852128852,0.13538976002653072,0.16176931964990998,0.34793533164506285,0.13629458290522797,0.08002259763398657,0.26989308301627435
1226.5625,4094.872,4232.821,4128.205,4141.538,4164.615,0.19557581481563627,0.08216283529554402,0.18409178027541387,0.13508937765710974,0.15207733876305982,0.411803429496173,0.31116014126784264,0.2925826852128852,0.13538976002653072,0.16176931964990998,0.34793533164506285,0.13629458290522797,0.08002259763398657,0.26989308301627435
1234.375,4100.513,4236.41,4110.769,4143.077,4171.282,0.19557581481563627,0.08216283529554402,0.18409178027541387,0.13508937765710974,0.15207733876305982,0.411803429496173,0.31116014126784264,0.2925826852128852,0.13538976002653072,0.16176931964990998,0.34793533164506285,0.13629458290522797,0.08002259763398657,0.26989308301627435
1242.1875,4132.308,4223.59,4105.641,4166.154,4197.436,0.19557581481563627,0.08216283529554402,0.18409178027541387,0.13508937765710974,0.15207733876305982,0.411803429496173,0.31116014126784264,0.2925826852128852,0.13538976002653072,0.16176931964990998,0.34793533164506285,0.13629458290522797,0.08002259763398657,0.26989308301627435
1250.0,4146.154,4204.103,4094.359,4168.718,4191.795,0.19557581481563627,0.08216283529554402,0.18409178027541387,0.13508937765710974,0.15207733876305982,0.411803429496173,0.31116014126784264,0.2925826852128852,0.13538976002653072,0.16176931964990998,0.34793533164506285,0.13629458290522797,0.08002259763398657,0.26989308301627435
1257.8125,4141.026,4189.231,4103.077,4157.436,4167.692,0.19557581481563627,0.08216283529554402,0.18409178027541387,0.13508937765710974,0.15207733876305982,0.411803429496173,0.31116014126784264,0.2925826852128852,0.13538976002653072,0.16176931964990998,0.34793533164506285,0.13629458290522797,0.08002259763398657,0.26989308301627435
1265.625,4138.974,4185.641,4131.795,4151.282,4157.436,0.19557581481563627,0.08216283529554402,0.18409178027541387,0.13508937765710974,0.15207733876305982,0.411803429496173,0.31116014126784264,0.2925826852128852,0.13538976002653072,0.16176931964990998,0.34793533164506285,0.13629458290522797,0.08002259763398657,0.26989308301627435
1273.4375,4131.795,4201.026,4140.513,4137.436,4156.41,0.19557581481563627,0.08216283529554402,0.18409178027541387,0.13508937765710974,0.15207733876305982,0.411803429496173,0.31116014126784264,0.2925826852128852,0.13538976002653072,0.16176931964990998,0.34793533164506285,0.13629458290522797,0.08002259763398657,0.26989308301627435
1281.25,4129.231,4233.333,4135.897,4145.641,4189.231,0.19557581481563627,0.08216283529554402,0.18409178027541387,0.13508937765710974,0.15207733876305982,0.411803429496173,0.31116014126784264,0.2925826852128852,0.13538976002653072,0.16176931964990998,0.34793533164506285,0.13629458290522797,0.08002259763398657,0.26989308301627435
1289.0625,4149.744,4252.821,4134.359,4182.051,4240.513,0.19557581481563627,0.08216283529554402,0.18409178027541387,0.13508937765710974,0.15207733876305982,0.411803429496173,0.31116014126784264,0.2925826852128852,0.13538976002653072,0.16176931964990998,0.34793533164506285,0.13629458290522797,0.08002259763398657,0.26989308301627435
1296.875,4163.59,4229.744,4127.692,4189.231,4230.769,0.19557581481563627,0.08216283529554402,0.18409178027541387,0.13508937765710974,0.15207733876305982,0.411803429496173,0.31116014126784264,0.2925826852128852,0.13538976002653072,0.16176931964990998,0.34793533164506285,0.13629458290522797,0.08002259763398657,0.26989308301627435
1304.6875,4152.308,4185.128,4128.205,4159.487,4174.872,0.19557581481563627,0.08216283529554402,0.18409178027541387,0.13508937765710974,0.15207733876305982,0.411803429496173,0.31116014126784264,0.2925826852128852,0.13538976002653072,0.16176931964990998,0.34793533164506285,0.13629458290522797,0.08002259763398657,0.26989308301627435
1312.5,4137.949,4179.487,4142.564,4137.949,4160.513,0.19557581481563627,0.08216283529554402,0.18409178027541387,0.13508937765710974,0.15207733876305982,0.411803429496173,0.31116014126784264,0.2925826852128852,0.13538976002653072,0.16176931964990998,0.34793533164506285,0.13629458290522797,0.08002259763398657,0.26989308301627435
1320.3125,4122.051,4206.667,4133.333,4128.205,4177.436,0.19557581481563627,0.08216283529554402,0.18409178027541387,0.13508937765710974,0.15207733876305982,0.411803429496173,0.31116014126784264,0.2925826852128852,0.13538976002653072,0.16176931964990998,0.34793533164506285,0.13629458290522797,0.08002259763398657,0.26989308301627435
1328.125,4103.077,4212.308,4097.949,4126.154,4173.846,0.19557581481563627,0.08216283529554402,0.18409178027541387,0.13508937765710974,0.15207733876305982,0.411803429496173,0.31116014126784264,0.2925826852128852,0.13538976002653072,0.16176931964990998,0.34793533164506285,0.13629458290522797,0.08002259763398657,0.26989308301627435
1335.9375,4119.487,4210.256,4088.205,4145.641,4185.641,0.19557581481563627,0.08216283529554402,0.18409178027541387,0.13508937765710974,0.15207733876305982,0.411803429496173,0.31116014126784264,0.2925826852128852,0.13538976002653072,0.16176931964990998,0.34793533164506285,0.13629458290522797,0.08002259763398657,0.26989308301627435
1343.75,4162.564,4212.821,4107.692,4167.179,4220.513,0.19557581481563627,0.08216283529554402,0.18409178027541387,0.13508937765710974,0.15207733876305982,0.411803429496173,0.31116014126784264,0.2925826852128852,0.13538976002653072,0.16176931964990998,0.34793533164506285,0.13629458290522797,0.08002259763398657,0.26989308301627435
1351.5625,4167.692,4192.308,4118.974,4158.974,4205.641,0.19557581481563627,0.08216283529554402,0.18409178027541387,0.13508937765710974,0.15207733876305982,0.411803429496173,0.31116014126784264,0.2925826852128852,0.13538976002653072,0.16176931964990998,0.34793533164506285,0.13629458290522797,0.08002259763398657,0.26989308301627435
1359.375,4140.0,4171.282,4126.667,4129.744,4156.923,0.19557581481563627,0.08216283529554402,0.18409178027541387,0.13508937765710974,0.15207733876305982,0.411803429496173,0.31116014126784264,0.2925826852128852,0.13538976002653072,0.16176931964990998,0.34793533164506285,0.13629458290522797,0.08002259763398657,0.26989308301627435
1367.1875,4127.692,4183.59,4141.026,4118.974,4149.231,0.19557581481563627,0.08216283529554402,0.18409178027541387,0.13508937765710974,0.15207733876305982,0.411803429496173,0.31116014126784264,0.2925826852128852,0.13538976002653072,0.16176931964990998,0.34793533164506285,0.13629458290522797,0.08002259763398657,0.26989308301627435
1375.0,4116.923,4200.0,4127.179,4124.615,4166.154,0.19557581481563627,0.08216283529554402,0.18409178027541387,0.13508937765710974,0.15207733876305982,0.411803429496173,0.31116014126784264,0.2925826852128852,0.13538976002653072,0.16176931964990998,0.34793533164506285,0.13629458290522797,0.08002259763398657,0.26989308301627435
1382.8125,4112.821,4205.641,4091.282,4131.282,4184.103,0.19557581481563627,0.08216283529554402,0.18409178027541387,0.13508937765710974,0.15207733876305982,0.411803429496173,0.31116014126784264,0.2925826852128852,0.13538976002653072,0.16176931964990998,0.34793533164506285,0.13629458290522797,0.08002259763398657,0.26989308301627435
1390.625,4151.282,4213.333,4087.692,4158.974,4213.333,0.19557581481563627,0.08216283529554402,0.18409178027541387,0.13508937765710974,0.15207733876305982,0.411803429496173,0.31116014126784264,0.2925826852128852,0.13538976002653072,0.16176931964990998,0.34793533164506285,0.13629458290522797,0.08002259763398657,0.26989308301627435
1398.4375,4192.308,4196.923,4117.949,4181.538,4216.923,0.19557581481563627,0.08216283529554402,0.18409178027541387,0.13508937765710974,0.15207733876305982,0.411803429496173,0.31116014126784264,0.2925826852128852,0.13538976002653072,0.16176931964990998,0.34793533164506285,0.13629458290522797,0.08002259763398657,0.26989308301627435
1406.25,4184.103,4171.282,4134.872,4155.385,4188.205,0.19557581481563627,0.08216283529554402,0.18409178027541387,0.13508937765710974,0.15207733876305982,0.411803429496173,0.31116014126784264,0.2925826852128852,0.13538976002653072,0.16176931964990998,0.34793533164506285,0.13629458290522797,0.08002259763398657,0.26989308301627435
1414.0625,4162.051,4194.872,4122.564,4132.308,4195.897,0.19557581481563627,0.08216283529554402,0.18409178027541387,0.13508937765710974,0.15207733876305982,0.411803429496173,0.31116014126784264,0.2925826852128852,0.13538976002653072,0.16176931964990998,0.34793533164506285,0.13629458290522797,0.08002259763398657,0.26989308301627435
1421.875,4175.385,4235.385,4102.051,4160.513,4234.872,0.19557581481563627,0.08216283529554402,0.18409178027541387,0.13508937765710974,0.15207733876305982,0.411803429496173,0.31116014126784264,0.2925826852128852,0.13538976002653072,0.16176931964990998,0.34793533164506285,0.13629458290522797,0.08002259763398657,0.26989308301627435
1429.6875,4202.564,4214.872,4103.59,4182.564,4229.744,0.19557581481563627,0.08216283529554402,0.18409178027541387,0.13508937765710974,0.15207733876305982,0.411803429496173,0.31116014126784264,0.2925826852128852,0.13538976002653072,0.16176931964990998,0.34793533164506285,0.13629458290522797,0.08002259763398657,0.26989308301627435
1437.5,4200.0,4182.564,4131.282,4157.949,4203.077,0.19557581481563627,0.08216283529554402,0.18409178027541387,0.13508937765710974,0.15207733876305982,0.411803429496173,0.31116014126784264,0.2925826852128852,0.13538976002653072,0.16176931964990998,0.34793533164506285,0.13629458290522797,0.08002259763398657,0.26989308301627435
1445.3125,4167.179,4202.564,4130.769,4126.667,4207.179,0.19557581481563627,0.08216283529554402,0.18409178027541387,0.13508937765710974,0.15207733876305982,0.411803429496173,0.31116014126784264,0.2925826852128852,0.13538976002653072,0.16176931964990998,0.34793533164506285,0.13629458290522797,0.08002259763398657,0.26989308301627435
1453.125,4147.179,4213.333,4090.256,4120.0,4213.846,0.19557581481563627,0.08216283529554402,0.18409178027541387,0.13508937765710974,0.15207733876305982,0.411803429496173,0.31116014126784264,0.2925826852128852,0.13538976002653072,0.16176931964990998,0.34793533164506285,0.13629458290522797,0.08002259763398657,0.26989308301627435
1460.9375,4163.077,4181.538,4076.41,4131.282,4196.923,0.19557581481563627,0.08216283529554402,0.18409178027541387,0.13508937765710974,0.15207733876305982,0.411803429496173,0.31116014126784264,0.2925826852128852,0.13538976002653072,0.16176931964990998,0.34793533164506285,0.13629458290522797,0.08002259763398657,0.26989308301627435
1468.75,4170.769,4167.692,4097.949,4134.359,4185.641,0.19557581481563627,0.08216283529554402,0.18409178027541387,0.13508937765710974,0.15207733876305982,0.411803429496173,0.31116014126784264,0.2925826852128852,0.13538976002653072,0.16176931964990998,0.34793533164506285,0.13629458290522797,0.08002259763398657,0.26989308301627435
1476.5625,4145.641,4173.846,4109.744,4118.462,4175.897,0.19557581481563627,0.08216283529554402,0.18409178027541387,0.13508937765710974,0.15207733876305982,0.411803429496173,0.31116014126784264,0.2925826852128852,0.13538976002653072,0.16176931964990998,0.34793533164506285,0.13629458290522797,0.08002259763398657,0.26989308301627435
1484.375,4121.538,4168.205,4114.872,4105.641,4156.923,0.19557581481563627,0.08216283529554402,0.18409178027541387,0.13508937765710974,0.15207733876305982,0.411803429496173,0.31116014126784264,0.2925826852128852,0.13538976002653072,0.16176931964990998,0.34793533164506285,0.13629458290522797,0.08002259763398657,0.26989308301627435
1492.1875,4122.051,4176.41,4126.154,4111.282,4158.462,0.19557581481563627,0.08216283529554402,0.18409178027541387,0.13508937765710974,0.15207733876305982,0.411803429496173,0.31116014126784264,0.2925826852128852,0.13538976002653072,0.16176931964990998,0.34793533164506285,0.13629458290522797,0.08002259763398657,0.26989308301627435
1500.0,4124.103,4196.41,4113.846,4126.154,4178.462,0.19557581481563627,0.08216283529554402,0.18409178027541387,0.13508937765710974,0.15207733876305982,0.411803429496173,0.31116014126784264,0.2925826852128852,0.13538976002653072,0.16176931964990998,0.34793533164506285,0.13629458290522797,0.08002259763398657,0.26989308301627435
1507.8125,4118.462,4192.308,4082.564,4134.359,4187.179,0.19557581481563627,0.08216283529554402,0.18409178027541387,0.13508937765710974,0.15207733876305982,0.411803429496173,0.31116014126784264,0.2925826852128852,0.13538976002653072,0.16176931964990998,0.34793533164506285,0.13629458290522797,0.08002259763398657,0.26989308301627435
1515.625,4130.769,4178.974,4077.949,4141.026,4185.128,0.19557581481563627,0.08216283529554402,0.18409178027541387,0.13508937765710974,0.15207733876305982,0.411803429496173,0.31116014126784264,0.2925826852128852,0.13538976002653072,0.16176931964990998,0.34793533164506285,0.13629458290522797,0.08002259763398657,0.26989308301627435
1523.4375,4160.0,4174.872,4095.897,4144.615,4184.103,0.19557581481563627,0.08216283529554402,0.18409178027541387,0.13508937765710974,0.15207733876305982,0.411803429496173,0.31116014126784264,0.2925826852128852,0.13538976002653072,0.16176931964990998,0.34793533164506285,0.13629458290522797,0.08002259763398657,0.26989308301627435
1531.25,4169.231,4160.513,4112.308,4130.769,4175.385,0.19557581481563627,0.08216283529554402,0.18409178027541387,0.13508937765710974,0.15207733876305982,0.411803429496173,0.31116014126784264,0.2925826852128852,0.13538976002653072,0.16176931964990998,0.34793533164506285,0.13629458290522797,0.08002259763398657,0.26989308301627435
1539.0625,4153.846,4155.385,4126.154,4113.846,4160.0,0.19557581481563627,0.08216283529554402,0.18409178027541387,0.13508937765710974,0.15207733876305982,0.411803429496173,0.31116014126784264,0.2925826852128852,0.13538976002653072,0.16176931964990998,0.34793533164506285,0.13629458290522797,0.08002259763398657,0.26989308301627435
1546.875,4135.897,4177.949,4124.615,4104.103,4150.769,0.19557581481563627,0.08216283529554402,0.18409178027541387,0.13508937765710974,0.15207733876305982,0.411803429496173,0.31116014126784264,0.2925826852128852,0.13538976002653072,0.16176931964990998,0.34793533164506285,0.13629458290522797,0.08002259763398657,0.26989308301627435
1554.6875,4130.769,4196.923,4107.692,4107.179,4156.923,0.19557581481563627,0.08216283529554402,0.18409178027541387,0.13508937765710974,0.15207733876305982,0.411803429496173,0.31116014126784264,0.2925826852128852,0.13538976002653072,0.16176931964990998,0.34793533164506285,0.13629458290522797,0.08002259763398657,0.26989308301627435
1562.5,4148.205,4196.41,4102.564,4128.205,4173.846,0.19557581481563627,0.08216283529554402,0.18409178027541387,0.13508937765710974,0.15207733876305982,0.411803429496173,0.31116014126784264,0.2925826852128852,0.13538976002653072,0.16176931964990998,0.34793533164506285,0.13629458290522797,0.08002259763398657,0.26989308301627435
1570.3125,4175.385,4177.949,4116.41,4145.128,4175.385,0.19557581481563627,0.08216283529554402,0.18409178027541387,0.13508937765710974,0.15207733876305982,0.411803429496173,0.31116014126784264,0.2925826852128852,0.13538976002653072,0.16176931964990998,0.34793533164506285,0.13629458290522797,0.08002259763398657,0.26989308301627435
1578.125,4182.051,4159.487,4132.821,4126.667,4153.333,0.19557581481563627,0.08216283529554402,0.18409178027541387,0.13508937765710974,0.15207733876305982,0.411803429496173,0.31116014126784264,0.2925826852128852,0.13538976002653072,0.16176931964990998,0.34793533164506285,0.13629458290522797,0.08002259763398657,0.26989308301627435
1585.9375,4165.641,4171.795,4144.103,4096.41,4141.538,0.19557581481563627,0.08216283529554402,0.18409178027541387,0.13508937765710974,0.15207733876305982,0.411803429496173,0.31116014126784264,0.2925826852128852,0.13538976002653072,0.16176931964990998,0.34793533164506285,0.13629458290522797,0.08002259763398657,0.26989308301627435
1593.75,4153.333,4197.436,4132.308,4102.051,4156.41,0.19557581481563627,0.08216283529554402,0.18409178027541387,0.13508937765710974,0.15207733876305982,0.411803429496173,0.31116014126784264,0.2925826852128852,0.13538976002653072,0.16176931964990998,0.34793533164506285,0.13629458290522797,0.08002259763398657,0.26989308301627435
1601.5625,4156.41,4190.256,4094.872,4126.667,4172.821,0.19557581481563627,0.08216283529554402,0.18409178027541387,0.13508937765710974,0.15207733876305982,0.411803429496173,0.31116014126784264,0.2925826852128852,0.13538976002653072,0.16176931964990998,0.34793533164506285,0.13629458290522797,0.08002259763398657,0.26989308301627435
1609.375,4173.333,4165.641,4086.667,4133.333,4179.487,0.19557581481563627,0.08216283529554402,0.18409178027541387,0.13508937765710974,0.15207733876305982,0.411803429496173,0.31116014126784264,0.2925826852128852,0.13538976002653072,0.16176931964990998,0.34793533164506285,0.13629458290522797,0.08002259763398657,0.26989308301627435
1617.1875,4188.205,4166.154,4124.103,4122.564,4175.385,0.19557581481563627,0.08216283529554402,0.18409178027541387,0.13508937765710974,0.15207733876305982,0.411803429496173,0.31116014126784264,0.2925826852128852,0.13538976002653072,0.16176931964990998,0.34793533164506285,0.13629458290522797,0.08002259763398657,0.26989308301627435
1625.0,4170.769,4177.949,4147.692,4110.256,4162.051,0.19557581481563627,0.08216283529554402,0.18409178027541387,0.13508937765710974,0.15207733876305982,0.411803429496173,0.31116014126784264,0.2925826852128852,0.13538976002653072,0.16176931964990998,0.34793533164506285,0.13629458290522797,0.08002259763398657,0.26989308301627435
1632.8125,4138.462,4178.974,4129.231,4106.667,4157.949,0.19557581481563627,0.08216283529554402,0.18409178027541387,0.13508937765710974,0.15207733876305982,0.411803429496173,0.31116014126784264,0.2925826852128852,0.13538976002653072,0.16176931964990998,0.34793533164506285,0.13629458290522797,0.08002259763398657,0.26989308301627435
1640.625,4136.41,4177.436,4094.359,4111.795,4172.308,0.19557581481563627,0.08216283529554402,0.18409178027541387,0.13508937765710974,0.15207733876305982,0.411803429496173,0.31116014126784264,0.2925826852128852,0.13538976002653072,0.16176931964990998,0.34793533164506285,0.13629458290522797,0.08002259763398657,0.26989308301627435
1648.4375,4162.051,4184.103,4078.462,4122.051,4189.744,0.19557581481563627,0.08216283529554402,0.18409178027541387,0.13508937765710974,0.15207733876305982,0.411803429496173,0.31116014126784264,0.2925826852128852,0.13538976002653072,0.16176931964990998,0.34793533164506285,0.13629458290522797,0.08002259763398657,0.26989308301627435
1656.25,4182.564,4180.0,4089.231,4122.564,4186.667,0.19557581481563627,0.08216283529554402,0.18409178027541387,0.13508937765710974,0.15207733876305982,0.411803429496173,0.31116014126784264,0.2925826852128852,0.13538976002653072,0.16176931964990998,0.34793533164506285,0.13629458290522797,0.08002259763398657,0.26989308301627435
1664.0625,4185.641,4156.923,4115.897,4113.846,4171.795,0.19557581481563627,0.08216283529554402,0.18409178027541387,0.13508937765710974,0.15207733876305982,0.411803429496173,0.31116014126784264,0.2925826852128852,0.13538976002653072,0.16176931964990998,0.34793533164506285,0.13629458290522797,0.08002259763398657,0.26989308301627435
1671.875,4178.974,4150.769,4133.333,4102.051,4160.0,0.19557581481563627,0.08216283529554402,0.18409178027541387,0.13508937765710974,0.15207733876305982,0.411803429496173,0.31116014126784264,0.2925826852128852,0.13538976002653072,0.16176931964990998,0.34793533164506285,0.13629458290522797,0.08002259763398657,0.26989308301627435
1679.6875,4162.564,4168.205,4127.179,4092.308,4161.026,0.19557581481563627,0.08216283529554402,0.18409178027541387,0.13508937765710974,0.15207733876305982,0.411803429496173,0.31116014126784264,0.2925826852128852,0.13538976002653072,0.16176931964990998,0.34793533164506285,0.13629458290522797,0.08002259763398657,0.26989308301627435
1687.5,4144.103,4186.154,4104.615,4092.308,4175.385,0.19557581481563627,0.08216283529554402,0.18409178027541387,0.13508937765710974,0.15207733876305982,0.411803429496173,0.31116014126784264,0.2925826852128852,0.13538976002653072,0.16176931964990998,0.34793533164506285,0.13629458290522797,0.08002259763398657,0.26989308301627435
1695.3125,4153.846,4191.795,4090.769,4100.513,4191.282,0.19557581481563627,0.08216283529554402,0.18409178027541387,0.13508937765710974,0.15207733876305982,0.411803429496173,0.31116014126784264,0.2925826852128852,0.13538976002653072,0.16176931964990998,0.34793533164506285,0.13629458290522797,0.08002259763398657,0.26989308301627435
1703.125,4186.667,4179.487,4109.744,4110.256,4190.256,0.19557581481563627,0.08216283529554402,0.18409178027541387,0.13508937765710974,0.15207733876305982,0.411803429496173,0.31116014126784264,0.2925826852128852,0.13538976002653072,0.16176931964990998,0.34793533164506285,0.13629458290522797,0.08002259763398657,0.26989308301627435
1710.9375,4192.308,4153.846,4130.256,4100.0,4157.949,0.19557581481563627,0.08216283529554402,0.18409178027541387,0.13508937765710974,0.15207733876305982,0.411803429496173,0.31116014126784264,0.2925826852128852,0.13538976002653072,0.16176931964990998,0.34793533164506285,0.13629458290522797,0.08002259763398657,0.26989308301627435
1718.75,4158.974,4138.974,4120.0,4064.615,4118.974,0.19557581481563627,0.08216283529554402,0.18409178027541387,0.13508937765710974,0.15207733876305982,0.411803429496173,0.31116014126784264,0.2925826852128852,0.13538976002653072,0.16176931964990998,0.34793533164506285,0.13629458290522797,0.08002259763398657,0.26989308301627435
1726.5625,4138.462,4157.949,4102.564,4050.769,4120.513,0.19557581481563627,0.08216283529554402,0.18409178027541387,0.13508937765710974,0.15207733876305982,0.411803429496173,0.31116014126784264,0.2925826852128852,0.13538976002653072,0.16176931964990998,0.34793533164506285,0.13629458290522797,0.08002259763398657,0.26989308301627435
1734.375,4150.256,4177.949,4092.308,4073.846,4145.128,0.19557581481563627,0.08216283529554402,0.18409178027541387,0.13508937765710974,0.15207733876305982,0.411803429496173,0.31116014126784264,0.2925826852128852,0.13538976002653072,0.16176931964990998,0.34793533164506285,0.13629458290522797,0.08002259763398657,0.26989308301627435
1742.1875,4164.615,4162.564,4083.077,4088.205,4153.333,0.19557581481563627,0.08216283529554402,0.18409178027541387,0.13508937765710974,0.15207733876305982,0.411803429496173,0.31116014126784264,0.2925826852128852,0.13538976002653072,0.16176931964990998,0.34793533164506285,0.13629458290522797,0.08002259763398657,0.26989308301627435
1750.0,4167.179,4140.513,4084.615,4086.154,4138.974,0.19557581481563627,0.08216283529554402,0.18409178027541387,0.13508937765710974,0.15207733876305982,0.411803429496173,0.31116014126784264,0.2925826852128852,0.13538976002653072,0.16176931964990998,0.34793533164506285,0.13629458290522797,0.08002259763398657,0.26989308301627435
1757.8125,4166.154,4144.615,4110.256,4093.333,4114.359,0.19557581481563627,0.08216283529554402,0.18409178027541387,0.13508937765710974,0.15207733876305982,0.411803429496173,0.31116014126784264,0.2925826852128852,0.13538976002653072,0.16176931964990998,0.34793533164506285,0.13629458290522797,0.08002259763398657,0.26989308301627435
1765.625,4162.051,4144.615,4131.795,4083.077,4097.436,0.19557581481563627,0.08216283529554402,0.18409178027541387,0.13508937765710974,0.15207733876305982,0.411803429496173,0.31116014126784264,0.2925826852128852,0.13538976002653072,0.16176931964990998,0.34793533164506285,0.13629458290522797,0.08002259763398657,0.26989308301627435
1773.4375,4157.436,4138.462,4124.103,4056.923,4105.641,0.19557581481563627,0.08216283529554402,0.18409178027541387,0.13508937765710974,0.15207733876305982,0.411803429496173,0.31116014126784264,0.2925826852128852,0.13538976002653072,0.16176931964990998,0.34793533164506285,0.13629458290522797,0.08002259763398657,0.26989308301627435
1781.25,4156.41,4160.513,4105.128,4067.692,4128.718,0.19557581481563627,0.08216283529554402,0.18409178027541387,0.13508937765710974,0.15207733876305982,0.411803429496173,0.31116014126784264,0.2925826852128852,0.13538976002653072,0.16176931964990998,0.34793533164506285,0.13629458290522797,0.08002259763398657,0.26989308301627435
1789.0625,4160.513,4169.744,4094.872,4097.436,4138.974,0.19557581481563627,0.08216283529554402,0.18409178027541387,0.13508937765710974,0.15207733876305982,0.411803429496173,0.31116014126784264,0.2925826852128852,0.13538976002653072,0.16176931964990998,0.34793533164506285,0.13629458290522797,0.08002259763398657,0.26989308301627435
1796.875,4175.385,4138.462,4103.59,4094.872,4128.205,0.19557581481563627,0.08216283529554402,0.18409178027541387,0.13508937765710974,0.15207733876305982,0.411803429496173,0.31116014126784264,0.2925826852128852,0.13538976002653072,0.16176931964990998,0.34793533164506285,0.13629458290522797,0.08002259763398657,0.26989308301627435
1804.6875,4180.513,4112.821,4121.026,4069.231,4103.077,0.19557581481563627,0.08216283529554402,0.18409178027541387,0.13508937765710974,0.15207733876305982,0.411803429496173,0.31116014126784264,0.2925826852128852,0.13538976002653072,0.16176931964990998,0.34793533164506285,0.13629458290522797,0.08002259763398657,0.26989308301627435
1812.5,4165.128,4126.667,4125.128,4055.385,4087.179,0.19557581481563627,0.08216283529554402,0.18409178027541387,0.13508937765710974,0.15207733876305982,0.411803429496173,0.31116014126784264,0.2925826852128852,0.13538976002653072,0.16176931964990998,0.34793533164506285,0.13629458290522797,0.08002259763398657,0.26989308301627435
1820.3125,4153.846,4157.436,4102.564,4062.564,4094.872,0.19557581481563627,0.08216283529554402,0.18409178027541387,0.13508937765710974,0.15207733876305982,0.411803429496173,0.31116014126784264,0.2925826852128852,0.13538976002653072,0.16176931964990998,0.34793533164506285,0.13629458290522797,0.08002259763398657,0.26989308301627435
1828.125,4156.923,4171.795,4071.282,4084.615,4108.205,0.19557581481563627,0.08216283529554402,0.18409178027541387,0.13508937765710974,0.15207733876305982,0.411803429496173,0.31116014126784264,0.2925826852128852,0.13538976002653072,0.16176931964990998,0.34793533164506285,0.13629458290522797,0.08002259763398657,0.26989308301627435
1835.9375,4169.744,4155.897,4063.59,4106.667,4109.744,0.19557581481563627,0.08216283529554402,0.18409178027541387,0.13508937765710974,0.15207733876305982,0.411803429496173,0.31116014126784264,0.2925826852128852,0.13538976002653072,0.16176931964990998,0.34793533164506285,0.13629458290522797,0.08002259763398657,0.26989308301627435
1843.75,4183.077,4121.026,4084.615,4107.179,4096.923,0.19557581481563627,0.08216283529554402,0.18409178027541387,0.13508937765710974,0.15207733876305982,0.411803429496173,0.31116014126784264,0.2925826852128852,0.13538976002653072,0.16176931964990998,0.34793533164506285,0.13629458290522797,0.08002259763398657,0.26989308301627435
1851.5625,4191.282,4114.872,4114.872,4091.282,4088.718,0.19557581481563627,0.08216283529554402,0.18409178027541387,0.13508937765710974,0.15207733876305982,0.411803429496173,0.31116014126784264,0.2925826852128852,0.13538976002653072,0.16176931964990998,0.34793533164506285,0.13629458290522797,0.08002259763398657,0.26989308301627435
1859.375,4174.872,4146.667,4113.333,4067.692,4093.846,0.19557581481563627,0.08216283529554402,0.18409178027541387,0.13508937765710974,0.15207733876305982,0.411803429496173,0.31116014126784264,0.2925826852128852,0.13538976002653072,0.16176931964990998,0.34793533164506285,0.13629458290522797,0.08002259763398657,0.26989308301627435
1867.1875,4152.308,4172.308,4080.0,4058.462,4100.513,0.19557581481563627,0.08216283529554402,0.18409178027541387,0.13508937765710974,0.15207733876305982,0.411803429496173,0.31116014126784264,0.2925826852128852,0.13538976002653072,0.16176931964990998,0.34793533164506285,0.13629458290522797,0.08002259763398657,0.26989308301627435
1875.0,4184.103,4167.692,4076.923,4076.923,4113.333,0.19557581481563627,0.08216283529554402,0.18409178027541387,0.13508937765710974,0.15207733876305982,0.411803429496173,0.31116014126784264,0.2925826852128852,0.13538976002653072,0.16176931964990998,0.34793533164506285,0.13629458290522797,0.08002259763398657,0.26989308301627435
1882.8125,4238.462,4149.744,4116.41,4073.333,4123.077,0.19557581481563627,0.08216283529554402,0.18409178027541387,0.13508937765710974,0.15207733876305982,0.411803429496173,0.31116014126784264,0.2925826852128852,0.13538976002653072,0.16176931964990998,0.34793533164506285,0.13629458290522797,0.08002259763398657,0.26989308301627435
1890.625,4239.487,4157.949,4122.564,4046.667,4138.462,0.19557581481563627,0.08216283529554402,0.18409178027541387,0.13508937765710974,0.15207733876305982,0.411803429496173,0.31116014126784264,0.2925826852128852,0.13538976002653072,0.16176931964990998,0.34793533164506285,0.13629458290522797,0.08002259763398657,0.26989308301627435
1898.4375,4231.795,4177.949,4089.744,4055.897,4168.718,0.19557581481563627,0.08216283529554402,0.18409178027541387,0.13508937765710974,0.15207733876305982,0.411803429496173,0.31116014126784264,0.2925826852128852,0.13538976002653072,0.16176931964990998,0.34793533164506285,0.13629458290522797,0.08002259763398657,0.26989308301627435
1906.25,4258.462,4159.487,4098.974,4076.923,4168.718,0.19557581481563627,0.08216283529554402,0.18409178027541387,0.13508937765710974,0.15207733876305982,0.411803429496173,0.31116014126784264,0.2925826852128852,0.13538976002653072,0.16176931964990998,0.34793533164506285,0.13629458290522797,0.08002259763398657,0.26989308301627435
1914.0625,4243.077,4131.795,4129.231,4059.487,4135.385,0.19557581481563627,0.08216283529554402,0.18409178027541387,0.13508937765710974,0.15207733876305982,0.411803429496173,0.31116014126784264,0.2925826852128852,0.13538976002653072,0.16176931964990998,0.34793533164506285,0.13629458290522797,0.08002259763398657,0.26989308301627435
1921.875,4200.513,4153.333,4105.128,4052.308,4132.308,0.19557581481563627,0.08216283529554402,0.18409178027541387,0.13508937765710974,0.15207733876305982,0.411803429496173,0.31116014126784264,0.2925826852128852,0.13538976002653072,0.16176931964990998,0.34793533164506285,0.13629458290522797,0.08002259763398657,0.26989308301627435
1929.6875,4215.897,4165.128,4073.333,4079.487,4143.077,0.19557581481563627,0.08216283529554402,0.18409178027541387,0.13508937765710974,0.15207733876305982,0.411803429496173,0.31116014126784264,0.2925826852128852,0.13538976002653072,0.16176931964990998,0.34793533164506285,0.13629458290522797,0.08002259763398657,0.26989308301627435
1937.5,4232.308,4118.974,4090.769,4068.205,4112.308,0.19557581481563627,0.08216283529554402,0.18409178027541387,0.13508937765710974,0.15207733876305982,0.411803429496173,0.31116014126784264,0.2925826852128852,0.13538976002653072,0.16176931964990998,0.34793533164506285,0.13629458290522797,0.08002259763398657,0.26989308301627435
1945.3125,4199.487,4114.872,4104.615,4030.256,4096.41,0.19557581481563627,0.08216283529554402,0.18409178027541387,0.13508937765710974,0.15207733876305982,0.411803429496173,0.31116014126784264,0.2925826852128852,0.13538976002653072,0.16176931964990998,0.34793533164506285,0.13629458290522797,0.08002259763398657,0.26989308301627435
1953.125,4192.821,4160.513,4086.154,4035.897,4135.385,0.19557581481563627,0.08216283529554402,0.18409178027541387,0.13508937765710974,0.15207733876305982,0.411803429496173,0.31116014126784264,0.2925826852128852,0.13538976002653072,0.16176931964990998,0.34793533164506285,0.13629458290522797,0.08002259763398657,0.26989308301627435
1960.9375,4233.846,4147.692,4090.769,4065.128,4143.59,0.19557581481563627,0.08216283529554402,0.18409178027541387,0.13508937765710974,0.15207733876305982,0.411803429496173,0.31116014126784264,0.2925826852128852,0.13538976002653072,0.16176931964990998,0.34793533164506285,0.13629458290522797,0.08002259763398657,0.26989308301627435
1968.75,4248.205,4110.769,4119.487,4057.436,4107.692,0.19557581481563627,0.08216283529554402,0.18409178027541387,0.13508937765710974,0.15207733876305982,0.411803429496173,0.31116014126784264,0.2925826852128852,0.13538976002653072,0.16176931964990998,0.34793533164506285,0.13629458290522797,0.08002259763398657,0.26989308301627435
1976.5625,4227.179,4136.923,4113.333,4050.256,4120.0,0.19557581481563627,0.08216283529554402,0.18409178027541387,0.13508937765710974,0.15207733876305982,0.411803429496173,0.31116014126784264,0.2925826852128852,0.13538976002653072,0.16176931964990998,0.34793533164506285,0.13629458290522797,0.08002259763398657,0.26989308301627435
1984.375,4226.667,4149.744,4083.077,4077.949,4152.821,0.19557581481563627,0.08216283529554402,0.18409178027541387,0.13508937765710974,0.15207733876305982,0.411803429496173,0.31116014126784264,0.2925826852128852,0.13538976002653072,0.16176931964990998,0.34793533164506285,0.13629458290522797,0.08002259763398657,0.26989308301627435
1992.1875,4236.923,4107.692,4088.205,4077.949,4118.974,0.19557581481563627,0.08216283529554402,0.18409178027541387,0.13508937765710974,0.15207733876305982,0.411803429496173,0.31116014126784264,0.2925826852128852,0.13538976002653072,0.16176931964990998,0.34793533164506285,0.13629458290522797,0.08002259763398657,0.26989308301627435
2000.0,4214.872,4106.154,4105.641,4047.692,4078.462,0.19557581481563627,0.08216283529554402,0.18409178027541387,0.13508937765710974,0.15207733876305982,0.411803429496173,0.31116014126784264,0.2925826852128852,0.13538976002653072,0.16176931964990998,0.34793533164506285,0.13629458290522797,0.08002259763398657,0.26989308301627435
2007.8125,4184.103,4135.897,4084.103,4045.128,4097.949,0.19557581481563627,0.08216283529554402,0.18409178027541387,0.13508937765710974,0.15207733876305982,0.411803429496173,0.31116014126784264,0.2925826852128852,0.13538976002653072,0.16176931964990998,0.34793533164506285,0.13629458290522797,0.08002259763398657,0.26989308301627435
2015.625,4202.564,4121.538,4078.974,4066.154,4119.487,0.19557581481563627,0.08216283529554402,0.18409178027541387,0.13508937765710974,0.15207733876305982,0.411803429496173,0.31116014126784264,0.2925826852128852,0.13538976002653072,0.16176931964990998,0.34793533164506285,0.13629458290522797,0.08002259763398657,0.26989308301627435
2023.4375,4232.821,4108.205,4128.205,4065.641,4107.692,0.19557581481563627,0.08216283529554402,0.18409178027541387,0.13508937765710974,0.15207733876305982,0.411803429496173,0.31116014126784264,0.2925826852128852,0.13538976002653072,0.16176931964990998,0.34793533164506285,0.13629458290522797,0.08002259763398657,0.26989308301627435
2031.25,4218.974,4140.0,4145.641,4052.308,4109.744,0.19557581481563627,0.08216283529554402,0.18409178027541387,0.13508937765710974,0.15207733876305982,0.411803429496173,0.31116014126784264,0.2925826852128852,0.13538976002653072,0.16176931964990998,0.34793533164506285,0.13629458290522797,0.08002259763398657,0.26989308301627435
2039.0625,4208.205,4149.744,4104.103,4064.615,4129.744,0.19557581481563627,0.08216283529554402,0.18409178027541387,0.13508937765710974,0.15207733876305982,0.411803429496173,0.31116014126784264,0.2925826852128852,0.13538976002653072,0.16176931964990998,0.34793533164506285,0.13629458290522797,0.08002259763398657,0.26989308301627435
2046.875,4229.231,4121.538,4103.59,4072.821,4118.462,0.19557581481563627,0.08216283529554402,0.18409178027541387,0.13508937765710974,0.15207733876305982,0.411803429496173,0.31116014126784264,0.2925826852128852,0.13538976002653072,0.16176931964990998,0.34793533164506285,0.13629458290522797,0.08002259763398657,0.26989308301627435
2054.6875,4224.615,4127.692,4136.923,4049.231,4097.436,0.19557581481563627,0.08216283529554402,0.18409178027541387,0.13508937765710974,0.15207733876305982,0.411803429496173,0.31116014126784264,0.2925826852128852,0.13538976002653072,0.16176931964990998,0.34793533164506285,0.13629458290522797,0.08002259763398657,0.26989308301627435
2062.5,4213.333,4162.051,4115.897,4052.821,4127.692,0.19557581481563627,0.08216283529554402,0.18409178027541387,0.13508937765710974,0.15207733876305982,0.411803429496173,0.31116014126784264,0.2925826852128852,0.13538976002653072,0.16176931964990998,0.34793533164506285,0.13629458290522797,0.08002259763398657,0.26989308301627435
2070.3125,4246.154,4157.949,4102.051,4092.821,4157.949,0.19557581481563627,0.08216283529554402,0.18409178027541387,0.13508937765710974,0.15207733876305982,0.411803429496173,0.31116014126784264,0.2925826852128852,0.13538976002653072,0.16176931964990998,0.34793533164506285,0.13629458290522797,0.08002259763398657,0.26989308301627435
2078.125,4256.41,4151.282,4135.897,4088.205,4138.974,0.19557581481563627,0.08216283529554402,0.18409178027541387,0.13508937765710974,0.15207733876305982,0.411803429496173,0.31116014126784264,0.2925826852128852,0.13538976002653072,0.16176931964990998,0.34793533164506285,0.13629458290522797,0.08002259763398657,0.26989308301627435
2085.9375,4237.949,4184.103,4140.0,4076.41,4134.872,0.19557581481563627,0.08216283529554402,0.18409178027541387,0.13508937765710974,0.15207733876305982,0.411803429496173,0.31116014126784264,0.2925826852128852,0.13538976002653072,0.16176931964990998,0.34793533164506285,0.13629458290522797,0.08002259763398657,0.26989308301627435
2093.75,4250.769,4180.0,4129.231,4101.538,4141.538,0.19557581481563627,0.08216283529554402,0.18409178027541387,0.13508937765710974,0.15207733876305982,0.411803429496173,0.31116014126784264,0.2925826852128852,0.13538976002653072,0.16176931964990998,0.34793533164506285,0.13629458290522797,0.08002259763398657,0.26989308301627435
2101.5625,4250.769,4147.692,4145.641,4090.769,4116.923,0.19557581481563627,0.08216283529554402,0.18409178027541387,0.13508937765710974,0.15207733876305982,0.411803429496173,0.31116014126784264,0.2925826852128852,0.13538976002653072,0.16176931964990998,0.34793533164506285,0.13629458290522797,0.08002259763398657,0.26989308301627435
2109.375,4226.667,4162.564,4141.538,4071.795,4119.487,0.19557581481563627,0.08216283529554402,0.18409178027541387,0.13508937765710974,0.15207733876305982,0.411803429496173,0.31116014126784264,0.2925826852128852,0.13538976002653072,0.16176931964990998,0.34793533164506285,0.13629458290522797,0.08002259763398657,0.26989308301627435
2117.1875,4237.436,4167.179,4142.051,4088.718,4154.359,0.19557581481563627,0.08216283529554402,0.18409178027541387,0.13508937765710974,0.15207733876305982,0.411803429496173,0.31116014126784264,0.2925826852128852,0.13538976002653072,0.16176931964990998,0.34793533164506285,0.13629458290522797,0.08002259763398657,0.26989308301627435
2125.0,4255.385,4148.205,4178.974,4088.205,4161.026,0.19557581481563627,0.08216283529554402,0.18409178027541387,0.13508937765710974,0.15207733876305982,0.411803429496173,0.31116014126784264,0.2925826852128852,0.13538976002653072,0.16176931964990998,0.34793533164506285,0.13629458290522797,0.08002259763398657,0.26989308301627435
2132.8125,4241.538,4169.744,4174.872,4083.59,4160.513,0.19557581481563627,0.08216283529554402,0.18409178027541387,0.13508937765710974,0.15207733876305982,0.411803429496173,0.31116014126784264,0.2925826852128852,0.13538976002653072,0.16176931964990998,0.34793533164506285,0.13629458290522797,0.08002259763398657,0.26989308301627435
2140.625,4234.359,4170.769,4133.333,4085.128,4152.821,0.19557581481563627,0.08216283529554402,0.18409178027541387,0.13508937765710974,0.15207733876305982,0.411803429496173,0.31116014126784264,0.2925826852128852,0.13538976002653072,0.16176931964990998,0.34793533164506285,0.13629458290522797,0.08002259763398657,0.26989308301627435
2148.4375,4222.051,4116.41,4126.667,4047.179,4104.615,0.19557581481563627,0.08216283529554402,0.18409178027541387,0.13508937765710974,0.15207733876305982,0.411803429496173,0.31116014126784264,0.2925826852128852,0.13538976002653072,0.16176931964990998,0.34793533164506285,0.13629458290522797,0.08002259763398657,0.26989308301627435
2156.25,4187.179,4113.333,4123.59,4013.846,4077.436,0.19557581481563627,0.08216283529554402,0.18409178027541387,0.13508937765710974,0.15207733876305982,0.411803429496173,0.31116014126784264,0.2925826852128852,0.13538976002653072,0.16176931964990998,0.34793533164506285,0.13629458290522797,0.08002259763398657,0.26989308301627435
2164.0625,4176.41,4152.308,4086.154,4033.333,4112.308,0.19557581481563627,0.08216283529554402,0.18409178027541387,0.13508937765710974,0.15207733876305982,0.411803429496173,0.31116014126784264,0.2925826852128852,0.13538976002653072,0.16176931964990998,0.34793533164506285,0.13629458290522797,0.08002259763398657,0.26989308301627435
2171.875,4202.564,4144.615,4069.231,4051.795,4136.923,0.19557581481563627,0.08216283529554402,0.18409178027541387,0.13508937765710974,0.15207733876305982,0.411803429496173,0.31116014126784264,0.2925826852128852,0.13538976002653072,0.16176931964990998,0.34793533164506285,0.13629458290522797,0.08002259763398657,0.26989308301627435
2179.6875,4222.564,4113.333,4103.077,4046.154,4108.718,0.19557581481563627,0.08216283529554402,0.18409178027541387,0.13508937765710974,0.15207733876305982,0.411803429496173,0.31116014126784264,0.2925826852128852,0.13538976002653072,0.16176931964990998,0.34793533164506285,0.13629458290522797,0.08002259763398657,0.26989308301627435
2187.5,4206.154,4123.077,4126.667,4037.436,4086.667,0.19557581481563627,0.08216283529554402,0.18409178027541387,0.13508937765710974,0.15207733876305982,0.411803429496173,0.31116014126784264,0.2925826852128852,0.13538976002653072,0.16176931964990998,0.34793533164506285,0.13629458290522797,0.08002259763398657,0.26989308301627435
2195.3125,4196.41,4158.974,4113.333,4052.821,4118.462,0.19557581481563627,0.08216283529554402,0.18409178027541387,0.13508937765710974,0.15207733876305982,0.411803429496173,0.31116014126784264,0.2925826852128852,0.13538976002653072,0.16176931964990998,0.34793533164506285,0.13629458290522797,0.08002259763398657,0.26989308301627435
2203.125,4234.872,4157.949,4121.538,4090.256,4149.744,0.19557581481563627,0.08216283529554402,0.18409178027541387,0.13508937765710974,0.15207733876305982,0.411803429496173,0.31116014126784264,0.2925826852128852,0.13538976002653072,0.16176931964990998,0.34793533164506285,0.13629458290522797,0.08002259763398657,0.26989308301627435
2210.9375,4251.282,4141.538,4161.026,4093.846,4126.667,0.19557581481563627,0.08216283529554402,0.18409178027541387,0.13508937765710974,0.15207733876305982,0.411803429496173,0.31116014126784264,0.2925826852128852,0.13538976002653072,0.16176931964990998,0.34793533164506285,0.13629458290522797,0.08002259763398657,0.26989308301627435
2218.75,4215.385,4169.744,4162.051,4077.949,4116.41,0.19557581481563627,0.08216283529554402,0.18409178027541387,0.13508937765710974,0.15207733876305982,0.411803429496173,0.31116014126784264,0.2925826852128852,0.13538976002653072,0.16176931964990998,0.34793533164506285,0.13629458290522797,0.08002259763398657,0.26989308301627435
2226.5625,4216.923,4186.154,4138.462,4094.359,4141.538,0.19557581481563627,0.08216283529554402,0.18409178027541387,0.13508937765710974,0.15207733876305982,0.411803429496173,0.31116014126784264,0.2925826852128852,0.13538976002653072,0.16176931964990998,0.34793533164506285,0.13629458290522797,0.08002259763398657,0.26989308301627435
2234.375,4245.641,4146.154,4152.821,4097.949,4127.692,0.19557581481563627,0.08216283529554402,0.18409178027541387,0.13508937765710974,0.15207733876305982,0.411803429496173,0.31116014126784264,0.2925826852128852,0.13538976002653072,0.16176931964990998,0.34793533164506285,0.13629458290522797,0.08002259763398657,0.26989308301627435
2242.1875,4221.026,4141.026,4168.205,4070.256,4105.641,0.19557581481563627,0.08216283529554402,0.18409178027541387,0.13508937765710974,0.15207733876305982,0.411803429496173,0.31116014126784264,0.2925826852128852,0.13538976002653072,0.16176931964990998,0.34793533164506285,0.13629458290522797,0.08002259763398657,0.26989308301627435
2250.0,4204.103,4166.154,4146.154,4080.513,4134.359,0.19557581481563627,0.08216283529554402,0.18409178027541387,0.13508937765710974,0.15207733876305982,0.411803429496173,0.31116014126784264,0.2925826852128852,0.13538976002653072,0.16176931964990998,0.34793533164506285,0.13629458290522797,0.08002259763398657,0.26989308301627435
2257.8125,4240.513,4146.667,4150.256,4106.667,4149.744,0.19557581481563627,0.08216283529554402,0.18409178027541387,0.13508937765710974,0.15207733876305982,0.411803429496173,0.31116014126784264,0.2925826852128852,0.13538976002653072,0.16176931964990998,0.34793533164506285,0.13629458290522797,0.08002259763398657,0.26989308301627435
2265.625,4237.436,4140.513,4175.897,4083.077,4121.538,0.19557581481563627,0.08216283529554402,0.18409178027541387,0.13508937765710974,0.15207733876305982,0.411803429496173,0.31116014126784264,0.2925826852128852,0.13538976002653072,0.16176931964990998,0.34793533164506285,0.13629458290522797,0.08002259763398657,0.26989308301627435
2273.4375,4198.974,4176.923,4151.282,4070.256,4118.462,0.19557581481563627,0.08216283529554402,0.18409178027541387,0.13508937765710974,0.15207733876305982,0.411803429496173,0.31116014126784264,0.2925826852128852,0.13538976002653072,0.16176931964990998,0.34793533164506285,0.13629458290522797,0.08002259763398657,0.26989308301627435
2281.25,4209.744,4168.718,4122.051,4098.462,4131.282,0.19557581481563627,0.08216283529554402,0.18409178027541387,0.13508937765710974,0.15207733876305982,0.411803429496173,0.31116014126784264,0.2925826852128852,0.13538976002653072,0.16176931964990998,0.34793533164506285,0.13629458290522797,0.08002259763398657,0.26989308301627435
2289.0625,4215.897,4122.564,4142.564,4078.974,4096.41,0.19557581481563627,0.08216283529554402,0.18409178027541387,0.13508937765710974,0.15207733876305982,0.411803429496173,0.31116014126784264,0.2925826852128852,0.13538976002653072,0.16176931964990998,0.34793533164506285,0.13629458290522797,0.08002259763398657,0.26989308301627435
2296.875,4175.385,4136.923,4151.795,4030.769,4071.795,0.19557581481563627,0.08216283529554402,0.18409178027541387,0.13508937765710974,0.15207733876305982,0.411803429496173,0.31116014126784264,0.2925826852128852,0.13538976002653072,0.16176931964990998,0.34793533164506285,0.13629458290522797,0.08002259763398657,0.26989308301627435
2304.6875,4189.744,4166.154,4127.179,4050.256,4105.641,0.19557581481563627,0.08216283529554402,0.18409178027541387,0.13508937765710974,0.15207733876305982,0.411803429496173,0.31116014126784264,0.2925826852128852,0.13538976002653072,0.16176931964990998,0.34793533164506285,0.13629458290522797,0.08002259763398657,0.26989308301627435
2312.5,4246.154,4146.667,4138.974,4085.641,4128.718,0.19557581481563627,0.08216283529554402,0.18409178027541387,0.13508937765710974,0.15207733876305982,0.411803429496173,0.31116014126784264,0.2925826852128852,0.13538976002653072,0.16176931964990998,0.34793533164506285,0.13629458290522797,0.08002259763398657,0.26989308301627435
2320.3125,4235.897,4155.897,4168.718,4074.359,4122.051,0.19557581481563627,0.08216283529554402,0.18409178027541387,0.13508937765710974,0.15207733876305982,0.411803429496173,0.31116014126784264,0.2925826852128852,0.13538976002653072,0.16176931964990998,0.34793533164506285,0.13629458290522797,0.08002259763398657,0.26989308301627435
2328.125,4211.282,4192.308,4157.436,4083.59,4136.41,0.19557581481563627,0.08216283529554402,0.18409178027541387,0.13508937765710974,0.15207733876305982,0.411803429496173,0.31116014126784264,0.2925826852128852,0.13538976002653072,0.16176931964990998,0.34793533164506285,0.13629458290522797,0.08002259763398657,0.26989308301627435
2335.9375,4238.974,4174.359,4151.282,4113.333,4150.256,0.19557581481563627,0.08216283529554402,0.18409178027541387,0.13508937765710974,0.15207733876305982,0.411803429496173,0.31116014126784264,0.2925826852128852,0.13538976002653072,0.16176931964990998,0.34793533164506285,0.13629458290522797,0.08002259763398657,0.26989308301627435
2343.75,4250.769,4153.333,4164.103,4105.128,4145.641,0.19557581481563627,0.08216283529554402,0.18409178027541387,0.13508937765710974,0.15207733876305982,0.411803429496173,0.31116014126784264,0.2925826852128852,0.13538976002653072,0.16176931964990998,0.34793533164506285,0.13629458290522797,0.08002259763398657,0.26989308301627435
2351.5625,4241.538,4168.718,4155.897,4099.487,4150.769,0.19557581481563627,0.08216283529554402,0.18409178027541387,0.13508937765710974,0.15207733876305982,0.411803429496173,0.31116014126784264,0.2925826852128852,0.13538976002653072,0.16176931964990998,0.34793533164506285,0.13629458290522797,0.08002259763398657,0.26989308301627435
2359.375,4248.205,4153.846,4155.385,4107.179,4146.154,0.19557581481563627,0.08216283529554402,0.18409178027541387,0.13508937765710974,0.15207733876305982,0.411803429496173,0.31116014126784264,0.2925826852128852,0.13538976002653072,0.16176931964990998,0.34793533164506285,0.13629458290522797,0.08002259763398657,0.26989308301627435
2367.1875,4246.154,4148.718,4180.0,4107.692,4146.154,0.19557581481563627,0.08216283529554402,0.18409178027541387,0.13508937765710974,0.15207733876305982,0.411803429496173,0.31116014126784264,0.2925826852128852,0.13538976002653072,0.16176931964990998,0.34793533164506285,0.13629458290522797,0.08002259763398657,0.26989308301627435
2375.0,4243.59,4177.949,4178.974,4123.077,4158.462,0.19557581481563627,0.08216283529554402,0.18409178027541387,0.13508937765710974,0.15207733876305982,0.411803429496173,0.31116014126784264,0.2925826852128852,0.13538976002653072,0.16176931964990998,0.34793533164506285,0.13629458290522797,0.08002259763398657,0.26989308301627435
2382.8125,4238.974,4170.769,4155.897,4117.949,4128.205,0.19557581481563627,0.08216283529554402,0.18409178027541387,0.13508937765710974,0.15207733876305982,0.411803429496173,0.31116014126784264,0.2925826852128852,0.13538976002653072,0.16176931964990998,0.34793533164506285,0.13629458290522797,0.08002259763398657,0.26989308301627435
2390.625,4215.385,4166.154,4142.564,4087.692,4100.513,0.19557581481563627,0.08216283529554402,0.18409178027541387,0.13508937765710974,0.15207733876305982,0.411803429496173,0.31116014126784264,0.2925826852128852,0.13538976002653072,0.16176931964990998,0.34793533164506285,0.13629458290522797,0.08002259763398657,0.26989308301627435
2398.4375,4226.154,4188.205,4133.333,4098.974,4133.333,0.19557581481563627,0.08216283529554402,0.18409178027541387,0.13508937765710974,0.15207733876305982,0.411803429496173,0.31116014126784264,0.2925826852128852,0.13538976002653072,0.16176931964990998,0.34793533164506285,0.13629458290522797,0.08002259763398657,0.26989308301627435
2406.25,4253.846,4182.564,4144.103,4115.385,4138.974,0.19557581481563627,0.08216283529554402,0.18409178027541387,0.13508937765710974,0.15207733876305982,0.411803429496173,0.31116014126784264,0.2925826852128852,0.13538976002653072,0.16176931964990998,0.34793533164506285,0.13629458290522797,0.08002259763398657,0.26989308301627435
2414.0625,4238.462,4181.538,4150.769,4094.872,4118.462,0.19557581481563627,0.08216283529554402,0.18409178027541387,0.13508937765710974,0.15207733876305982,0.411803429496173,0.31116014126784264,0.2925826852128852,0.13538976002653072,0.16176931964990998,0.34793533164506285,0.13629458290522797,0.08002259763398657,0.26989308301627435
2421.875,4230.256,4193.846,4132.308,4105.128,4147.179,0.19557581481563627,0.08216283529554402,0.18409178027541387,0.13508937765710974,0.15207733876305982,0.411803429496173,0.31116014126784264,0.2925826852128852,0.13538976002653072,0.16176931964990998,0.34793533164506285,0.13629458290522797,0.08002259763398657,0.26989308301627435
2429.6875,4243.59,4164.615,4141.538,4121.538,4152.308,0.19557581481563627,0.08216283529554402,0.18409178027541387,0.13508937765710974,0.15207733876305982,0.411803429496173,0.31116014126784264,0.2925826852128852,0.13538976002653072,0.16176931964990998,0.34793533164506285,0.13629458290522797,0.08002259763398657,0.26989308301627435
2437.5,4221.026,4154.872,4165.128,4086.667,4116.923,0.19557581481563627,0.08216283529554402,0.18409178027541387,0.13508937765710974,0.15207733876305982,0.411803429496173,0.31116014126784264,0.2925826852128852,0.13538976002653072,0.16176931964990998,0.34793533164506285,0.13629458290522797,0.08002259763398657,0.26989308301627435
2445.3125,4210.769,4192.308,4147.179,4086.154,4133.333,0.19557581481563627,0.08216283529554402,0.18409178027541387,0.13508937765710974,0.15207733876305982,0.411803429496173,0.31116014126784264,0.2925826852128852,0.13538976002653072,0.16176931964990998,0.34793533164506285,0.13629458290522797,0.08002259763398657,0.26989308301627435
2453.125,4252.821,4191.282,4146.667,4124.615,4164.615,0.19557581481563627,0.08216283529554402,0.18409178027541387,0.13508937765710974,0.15207733876305982,0.411803429496173,0.31116014126784264,0.2925826852128852,0.13538976002653072,0.16176931964990998,0.34793533164506285,0.13629458290522797,0.08002259763398657,0.26989308301627435
2460.9375,4260.0,4161.538,4183.077,4113.333,4143.077,0.19557581481563627,0.08216283529554402,0.18409178027541387,0.13508937765710974,0.15207733876305982,0.411803429496173,0.31116014126784264,0.2925826852128852,0.13538976002653072,0.16176931964990998,0.34793533164506285,0.13629458290522797,0.08002259763398657,0.26989308301627435
2468.75,4228.205,4167.179,4168.205,4091.795,4135.385,0.19557581481563627,0.08216283529554402,0.18409178027541387,0.13508937765710974,0.15207733876305982,0.411803429496173,0.31116014126784264,0.2925826852128852,0.13538976002653072,0.16176931964990998,0.34793533164506285,0.13629458290522797,0.08002259763398657,0.26989308301627435
2476.5625,4240.513,4169.744,4126.667,4118.462,4154.872,0.19557581481563627,0.08216283529554402,0.18409178027541387,0.13508937765710974,0.15207733876305982,0.411803429496173,0.31116014126784264,0.2925826852128852,0.13538976002653072,0.16176931964990998,0.34793533164506285,0.13629458290522797,0.08002259763398657,0.26989308301627435
2484.375,4257.949,4142.051,4142.564,4126.667,4139.487,0.19557581481563627,0.08216283529554402,0.18409178027541387,0.13508937765710974,0.15207733876305982,0.411803429496173,0.31116014126784264,0.2925826852128852,0.13538976002653072,0.16176931964990998,0.34793533164506285,0.13629458290522797,0.08002259763398657,0.26989308301627435
2492.1875,4230.769,4147.692,4165.641,4094.359,4127.692,0.19557581481563627,0.08216283529554402,0.18409178027541387,0.13508937765710974,0.15207733876305982,0.411803429496173,0.31116014126784264,0.2925826852128852,0.13538976002653072,0.16176931964990998,0.34793533164506285,0.13629458290522797,0.08002259763398657,0.26989308301627435
2500.0,4227.179,4173.333,4142.564,4092.308,4148.205,0.19557581481563627,0.08216283529554402,0.18409178027541387,0.13508937765710974,0.15207733876305982,0.411803429496173,0.31116014126784264,0.2925826852128852,0.13538976002653072,0.16176931964990998,0.34793533164506285,0.13629458290522797,0.08002259763398657,0.26989308301627435
2507.8125,4260.0,4163.59,4137.949,4099.487,4144.615,0.19557581481563627,0.08216283529554402,0.18409178027541387,0.13508937765710974,0.15207733876305982,0.411803429496173,0.31116014126784264,0.2925826852128852,0.13538976002653072,0.16176931964990998,0.34793533164506285,0.13629458290522797,0.08002259763398657,0.26989308301627435
2515.625,4255.897,4166.154,4156.923,4083.59,4123.59,0.19557581481563627,0.08216283529554402,0.18409178027541387,0.13508937765710974,0.15207733876305982,0.411803429496173,0.31116014126784264,0.2925826852128852,0.13538976002653072,0.16176931964990998,0.34793533164506285,0.13629458290522797,0.08002259763398657,0.26989308301627435
2523.4375,4233.846,4187.692,4140.0,4092.821,4131.282,0.19557581481563627,0.08216283529554402,0.18409178027541387,0.13508937765710974,0.15207733876305982,0.411803429496173,0.31116014126784264,0.2925826852128852,0.13538976002653072,0.16176931964990998,0.34793533164506285,0.13629458290522797,0.08002259763398657,0.26989308301627435
2531.25,4238.974,4165.641,4122.564,4109.744,4129.231,0.19557581481563627,0.08216283529554402,0.18409178027541387,0.13508937765710974,0.15207733876305982,0.411803429496173,0.31116014126784264,0.2925826852128852,0.13538976002653072,0.16176931964990998,0.34793533164506285,0.13629458290522797,0.08002259763398657,0.26989308301627435
2539.0625,4226.667,4153.846,4147.179,4086.154,4104.103,0.19557581481563627,0.08216283529554402,0.18409178027541387,0.13508937765710974,0.15207733876305982,0.411803429496173,0.31116014126784264,0.2925826852128852,0.13538976002653072,0.16176931964990998,0.34793533164506285,0.13629458290522797,0.08002259763398657,0.26989308301627435
2546.875,4196.41,4203.59,4157.436,4065.641,4110.769,0.19557581481563627,0.08216283529554402,0.18409178027541387,0.13508937765710974,0.15207733876305982,0.411803429496173,0.31116014126784264,0.2925826852128852,0.13538976002653072,0.16176931964990998,0.34793533164506285,0.13629458290522797,0.08002259763398657,0.26989308301627435
2554.6875,4192.308,4218.462,4134.872,4082.564,4119.487,0.19557581481563627,0.08216283529554402,0.18409178027541387,0.13508937765710974,0.15207733876305982,0.411803429496173,0.31116014126784264,0.2925826852128852,0.13538976002653072,0.16176931964990998,0.34793533164506285,0.13629458290522797,0.08002259763398657,0.26989308301627435
2562.5,4205.641,4166.667,4143.077,4093.333,4092.308,0.19557581481563627,0.08216283529554402,0.18409178027541387,0.13508937765710974,0.15207733876305982,0.411803429496173,0.31116014126784264,0.2925826852128852,0.13538976002653072,0.16176931964990998,0.34793533164506285,0.13629458290522797,0.08002259763398657,0.26989308301627435
2570.3125,4203.077,4144.615,4173.333,4084.615,4073.333,0.19557581481563627,0.08216283529554402,0.18409178027541387,0.13508937765710974,0.15207733876305982,0.411803429496173,0.31116014126784264,0.2925826852128852,0.13538976002653072,0.16176931964990998,0.34793533164506285,0.13629458290522797,0.08002259763398657,0.26989308301627435
2578.125,4192.308,4182.564,4170.256,4094.359,4097.949,0.19557581481563627,0.08216283529554402,0.18409178027541387,0.13508937765710974,0.15207733876305982,0.411803429496173,0.31116014126784264,0.2925826852128852,0.13538976002653072,0.16176931964990998,0.34793533164506285,0.13629458290522797,0.08002259763398657,0.26989308301627435
2585.9375,4189.231,4210.256,4143.59,4122.051,4121.026,0.19557581481563627,0.08216283529554402,0.18409178027541387,0.13508937765710974,0.15207733876305982,0.411803429496173,0.31116014126784264,0.2925826852128852,0.13538976002653072,0.16176931964990998,0.34793533164506285,0.13629458290522797,0.08002259763398657,0.26989308301627435
2593.75,4192.308,4188.718,4137.949,4134.872,4108.205,0.19557581481563627,0.08216283529554402,0.18409178027541387,0.13508937765710974,0.15207733876305982,0.411803429496173,0.31116014126784264,0.2925826852128852,0.13538976002653072,0.16176931964990998,0.34793533164506285,0.13629458290522797,0.08002259763398657,0.26989308301627435
2601.5625,4197.949,4169.744,4167.692,4126.154,4083.59,0.19557581481563627,0.08216283529554402,0.18409178027541387,0.13508937765710974,0.15207733876305982,0.411803429496173,0.31116014126784264,0.2925826852128852,0.13538976002653072,0.16176931964990998,0.34793533164506285,0.13629458290522797,0.08002259763398657,0.26989308301627435
2609.375,4184.615,4176.923,4190.769,4105.128,4060.0,0.19557581481563627,0.08216283529554402,0.18409178027541387,0.13508937765710974,0.15207733876305982,0.411803429496173,0.31116014126784264,0.2925826852128852,0.13538976002653072,0.16176931964990998,0.34793533164506285,0.13629458290522797,0.08002259763398657,0.26989308301627435
2617.1875,4149.231,4180.0,4168.205,4076.923,4040.513,0.19557581481563627,0.08216283529554402,0.18409178027541387,0.13508937765710974,0.15207733876305982,0.411803429496173,0.31116014126784264,0.2925826852128852,0.13538976002653072,0.16176931964990998,0.34793533164506285,0.13629458290522797,0.08002259763398657,0.26989308301627435
2625.0,4141.026,4186.667,4131.282,4082.051,4060.0,0.19557581481563627,0.08216283529554402,0.18409178027541387,0.13508937765710974,0.15207733876305982,0.411803429496173,0.31116014126784264,0.2925826852128852,0.13538976002653072,0.16176931964990998,0.34793533164506285,0.13629458290522797,0.08002259763398657,0.26989308301627435
2632.8125,4184.615,4207.179,4135.897,4127.692,4111.282,0.19557581481563627,0.08216283529554402,0.18409178027541387,0.13508937765710974,0.15207733876305982,0.411803429496173,0.31116014126784264,0.2925826852128852,0.13538976002653072,0.16176931964990998,0.34793533164506285,0.13629458290522797,0.08002259763398657,0.26989308301627435
2640.625,4216.923,4194.359,4173.333,4136.923,4111.282,0.19557581481563627,0.08216283529554402,0.18409178027541387,0.13508937765710974,0.15207733876305982,0.411803429496173,0.31116014126784264,0.2925826852128852,0.13538976002653072,0.16176931964990998,0.34793533164506285,0.13629458290522797,0.08002259763398657,0.26989308301627435
2648.4375,4189.231,4170.256,4192.821,4094.359,4070.256,0.19557581481563627,0.08216283529554402,0.18409178027541387,0.13508937765710974,0.15207733876305982,0.411803429496173,0.31116014126784264,0.2925826852128852,0.13538976002653072,0.16176931964990998,0.34793533164506285,0.13629458290522797,0.08002259763398657,0.26989308301627435
2656.25,4155.897,4197.949,4173.846,4081.026,4067.179,0.19557581481563627,0.08216283529554402,0.18409178027541387,0.13508937765710974,0.15207733876305982,0.411803429496173,0.31116014126784264,0.2925826852128852,0.13538976002653072,0.16176931964990998,0.34793533164506285,0.13629458290522797,0.08002259763398657,0.26989308301627435
2664.0625,4170.769,4223.59,4148.205,4113.333,4089.744,0.19557581481563627,0.08216283529554402,0.18409178027541387,0.13508937765710974,0.15207733876305982,0.411803429496173,0.31116014126784264,0.2925826852128852,0.13538976002653072,0.16176931964990998,0.34793533164506285,0.13629458290522797,0.08002259763398657,0.26989308301627435
2671.875,4208.205,4191.795,4167.692,4120.0,4083.59,0.19557581481563627,0.08216283529554402,0.18409178027541387,0.13508937765710974,0.15207733876305982,0.411803429496173,0.31116014126784264,0.2925826852128852,0.13538976002653072,0.16176931964990998,0.34793533164506285,0.13629458290522797,0.08002259763398657,0.26989308301627435
2679.6875,4207.692,4169.231,4206.154,4093.846,4067.179,0.19557581481563627,0.08216283529554402,0.18409178027541387,0.13508937765710974,0.15207733876305982,0.411803429496173,0.31116014126784264,0.2925826852128852,0.13538976002653072,0.16176931964990998,0.34793533164506285,0.13629458290522797,0.08002259763398657,0.26989308301627435
2687.5,4177.949,4200.0,4193.333,4093.846,4084.615,0.19557581481563627,0.08216283529554402,0.18409178027541387,0.13508937765710974,0.15207733876305982,0.411803429496173,0.31116014126784264,0.2925826852128852,0.13538976002653072,0.16176931964990998,0.34793533164506285,0.13629458290522797,0.08002259763398657,0.26989308301627435
2695.3125,4176.923,4205.128,4149.744,4123.077,4109.231,0.19557581481563627,0.08216283529554402,0.18409178027541387,0.13508937765710974,0.15207733876305982,0.411803429496173,0.31116014126784264,0.2925826852128852,0.13538976002653072,0.16176931964990998,0.34793533164506285,0.13629458290522797,0.08002259763398657,0.26989308301627435
2703.125,4200.513,4152.821,4152.308,4126.154,4094.359,0.19557581481563627,0.08216283529554402,0.18409178027541387,0.13508937765710974,0.15207733876305982,0.411803429496173,0.31116014126784264,0.2925826852128852,0.13538976002653072,0.16176931964990998,0.34793533164506285,0.13629458290522797,0.08002259763398657,0.26989308301627435
2710.9375,4199.487,4142.051,4188.205,4108.205,4066.154,0.19557581481563627,0.08216283529554402,0.18409178027541387,0.13508937765710974,0.15207733876305982,0.411803429496173,0.31116014126784264,0.2925826852128852,0.13538976002653072,0.16176931964990998,0.34793533164506285,0.13629458290522797,0.08002259763398657,0.26989308301627435
2718.75,4178.974,4204.103,4184.615,4123.077,4081.026,0.19557581481563627,0.08216283529554402,0.18409178027541387,0.13508937765710974,0.15207733876305982,0.411803429496173,0.31116014126784264,0.2925826852128852,0.13538976002653072,0.16176931964990998,0.34793533164506285,0.13629458290522797,0.08002259763398657,0.26989308301627435
2726.5625,4189.231,4229.744,4158.974,4153.333,4110.256,0.19557581481563627,0.08216283529554402,0.18409178027541387,0.13508937765710974,0.15207733876305982,0.411803429496173,0.31116014126784264,0.2925826852128852,0.13538976002653072,0.16176931964990998,0.34793533164506285,0.13629458290522797,0.08002259763398657,0.26989308301627435
2734.375,4223.59,4202.051,4172.308,4145.128,4114.872,0.19557581481563627,0.08216283529554402,0.18409178027541387,0.13508937765710974,0.15207733876305982,0.411803429496173,0.31116014126784264,0.2925826852128852,0.13538976002653072,0.16176931964990998,0.34793533164506285,0.13629458290522797,0.08002259763398657,0.26989308301627435
2742.1875,4245.641,4217.436,4186.154,4130.256,4131.795,0.19557581481563627,0.08216283529554402,0.18409178027541387,0.13508937765710974,0.15207733876305982,0.411803429496173,0.31116014126784264,0.2925826852128852,0.13538976002653072,0.16176931964990998,0.34793533164506285,0.13629458290522797,0.08002259763398657,0.26989308301627435
2750.0,4253.333,4238.462,4179.487,4147.692,4148.718,0.19557581481563627,0.08216283529554402,0.18409178027541387,0.13508937765710974,0.15207733876305982,0.411803429496173,0.31116014126784264,0.2925826852128852,0.13538976002653072,0.16176931964990998,0.34793533164506285,0.13629458290522797,0.08002259763398657,0.26989308301627435
2757.8125,4243.077,4224.615,4183.59,4150.256,4135.897,0.19557581481563627,0.08216283529554402,0.18409178027541387,0.13508937765710974,0.15207733876305982,0.411803429496173,0.31116014126784264,0.2925826852128852,0.13538976002653072,0.16176931964990998,0.34793533164506285,0.13629458290522797,0.08002259763398657,0.26989308301627435
2765.625,4236.41,4227.692,4182.564,4128.718,4131.795,0.19557581481563627,0.08216283529554402,0.18409178027541387,0.13508937765710974,0.15207733876305982,0.411803429496173,0.31116014126784264,0.2925826852128852,0.13538976002653072,0.16176931964990998,0.34793533164506285,0.13629458290522797,0.08002259763398657,0.26989308301627435
2773.4375,4252.308,4240.0,4180.0,4132.308,4147.692,0.19557581481563627,0.08216283529554402,0.18409178027541387,0.13508937765710974,0.15207733876305982,0.411803429496173,0.31116014126784264,0.2925826852128852,0.13538976002653072,0.16176931964990998,0.34793533164506285,0.13629458290522797,0.08002259763398657,0.26989308301627435
2781.25,4262.564,4245.128,4194.872,4164.103,4161.538,0.19557581481563627,0.08216283529554402,0.18409178027541387,0.13508937765710974,0.15207733876305982,0.411803429496173,0.31116014126784264,0.2925826852128852,0.13538976002653072,0.16176931964990998,0.34793533164506285,0.13629458290522797,0.08002259763398657,0.26989308301627435
2789.0625,4261.026,4246.667,4203.59,4180.513,4163.077,0.19557581481563627,0.08216283529554402,0.18409178027541387,0.13508937765710974,0.15207733876305982,0.411803429496173,0.31116014126784264,0.2925826852128852,0.13538976002653072,0.16176931964990998,0.34793533164506285,0.13629458290522797,0.08002259763398657,0.26989308301627435
2796.875,4253.846,4233.846,4198.462,4162.051,4150.256,0.19557581481563627,0.08216283529554402,0.18409178027541387,0.13508937765710974,0.15207733876305982,0.411803429496173,0.31116014126784264,0.2925826852128852,0.13538976002653072,0.16176931964990998,0.34793533164506285,0.13629458290522797,0.08002259763398657,0.26989308301627435
2804.6875,4241.538,4221.026,4194.872,4150.769,4139.487,0.19557581481563627,0.08216283529554402,0.18409178027541387,0.13508937765710974,0.15207733876305982,0.411803429496173,0.31116014126784264,0.2925826852128852,0.13538976002653072,0.16176931964990998,0.34793533164506285,0.13629458290522797,0.08002259763398657,0.26989308301627435
2812.5,4250.769,4233.846,4205.128,4172.821,4150.256,0.19557581481563627,0.08216283529554402,0.18409178027541387,0.13508937765710974,0.15207733876305982,0.411803429496173,0.31116014126784264,0.2925826852128852,0.13538976002653072,0.16176931964990998,0.34793533164506285,0.13629458290522797,0.08002259763398657,0.26989308301627435
2820.3125,4270.769,4246.667,4213.846,4180.513,4164.103,0.19557581481563627,0.08216283529554402,0.18409178027541387,0.13508937765710974,0.15207733876305982,0.411803429496173,0.31116014126784264,0.2925826852128852,0.13538976002653072,0.16176931964990998,0.34793533164506285,0.13629458290522797,0.08002259763398657,0.26989308301627435
2828.125,4258.974,4227.179,4190.256,4158.974,4155.897,0.19557581481563627,0.08216283529554402,0.18409178027541387,0.13508937765710974,0.15207733876305982,0.411803429496173,0.31116014126784264,0.2925826852128852,0.13538976002653072,0.16176931964990998,0.34793533164506285,0.13629458290522797,0.08002259763398657,0.26989308301627435
2835.9375,4234.872,4204.615,4165.641,4148.718,4133.846,0.19557581481563627,0.08216283529554402,0.18409178027541387,0.13508937765710974,0.15207733876305982,0.411803429496173,0.31116014126784264,0.2925826852128852,0.13538976002653072,0.16176931964990998,0.34793533164506285,0.13629458290522797,0.08002259763398657,0.26989308301627435
2843.75,4224.615,4219.487,4176.41,4145.641,4127.179,0.19557581481563627,0.08216283529554402,0.18409178027541387,0.13508937765710974,0.15207733876305982,0.411803429496173,0.31116014126784264,0.2925826852128852,0.13538976002653072,0.16176931964990998,0.34793533164506285,0.13629458290522797,0.08002259763398657,0.26989308301627435
2851.5625,4226.667,4243.59,4186.154,4141.538,4143.077,0.19557581481563627,0.08216283529554402,0.18409178027541387,0.13508937765710974,0.15207733876305982,0.411803429496173,0.31116014126784264,0.2925826852128852,0.13538976002653072,0.16176931964990998,0.34793533164506285,0.13629458290522797,0.08002259763398657,0.26989308301627435
2859.375,4234.872,4231.282,4189.231,4139.487,4141.538,0.19557581481563627,0.08216283529554402,0.18409178027541387,0.13508937765710974,0.15207733876305982,0.411803429496173,0.31116014126784264,0.2925826852128852,0.13538976002653072,0.16176931964990998,0.34793533164506285,0.13629458290522797,0.08002259763398657,0.26989308301627435
2867.1875,4232.308,4228.205,4197.949,4131.282,4137.436,0.19557581481563627,0.08216283529554402,0.18409178027541387,0.13508937765710974,0.15207733876305982,0.411803429496173,0.31116014126784264,0.2925826852128852,0.13538976002653072,0.16176931964990998,0.34793533164506285,0.13629458290522797,0.08002259763398657,0.26989308301627435
2875.0,4237.436,4243.077,4193.846,4135.897,4157.949,0.19557581481563627,0.08216283529554402,0.18409178027541387,0.13508937765710974,0.15207733876305982,0.411803429496173,0.31116014126784264,0.2925826852128852,0.13538976002653072,0.16176931964990998,0.34793533164506285,0.13629458290522797,0.08002259763398657,0.26989308301627435
2882.8125,4247.692,4232.821,4185.641,4141.538,4153.846,0.19557581481563627,0.08216283529554402,0.18409178027541387,0.13508937765710974,0.15207733876305982,0.411803429496173,0.31116014126784264,0.2925826852128852,0.13538976002653072,0.16176931964990998,0.34793533164506285,0.13629458290522797,0.08002259763398657,0.26989308301627435
2890.625,4242.564,4227.179,4181.026,4136.923,4139.487,0.19557581481563627,0.08216283529554402,0.18409178027541387,0.13508937765710974,0.15207733876305982,0.411803429496173,0.31116014126784264,0.2925826852128852,0.13538976002653072,0.16176931964990998,0.34793533164506285,0.13629458290522797,0.08002259763398657,0.26989308301627435
2898.4375,4244.615,4234.872,4177.949,4145.641,4147.179,0.19557581481563627,0.08216283529554402,0.18409178027541387,0.13508937765710974,0.15207733876305982,0.411803429496173,0.31116014126784264,0.2925826852128852,0.13538976002653072,0.16176931964990998,0.34793533164506285,0.13629458290522797,0.08002259763398657,0.26989308301627435
2906.25,4252.308,4232.308,4180.513,4151.282,4154.872,0.19557581481563627,0.08216283529554402,0.18409178027541387,0.13508937765710974,0.15207733876305982,0.411803429496173,0.31116014126784264,0.2925826852128852,0.13538976002653072,0.16176931964990998,0.34793533164506285,0.13629458290522797,0.08002259763398657,0.26989308301627435
2914.0625,4247.692,4232.308,4175.897,4148.205,4163.59,0.19557581481563627,0.08216283529554402,0.18409178027541387,0.13508937765710974,0.15207733876305982,0.411803429496173,0.31116014126784264,0.2925826852128852,0.13538976002653072,0.16176931964990998,0.34793533164506285,0.13629458290522797,0.08002259763398657,0.26989308301627435
2921.875,4249.744,4229.744,4179.487,4157.949,4176.923,0.19557581481563627,0.08216283529554402,0.18409178027541387,0.13508937765710974,0.15207733876305982,0.411803429496173,0.31116014126784264,0.2925826852128852,0.13538976002653072,0.16176931964990998,0.34793533164506285,0.13629458290522797,0.08002259763398657,0.26989308301627435
2929.6875,4252.308,4222.564,4189.744,4169.744,4181.538,0.19557581481563627,0.08216283529554402,0.18409178027541387,0.13508937765710974,0.15207733876305982,0.411803429496173,0.31116014126784264,0.2925826852128852,0.13538976002653072,0.16176931964990998,0.34793533164506285,0.13629458290522797,0.08002259763398657,0.26989308301627435
2937.5,4250.769,4220.0,4192.308,4178.974,4188.205,0.19557581481563627,0.08216283529554402,0.18409178027541387,0.13508937765710974,0.15207733876305982,0.411803429496173,0.31116014126784264,0.2925826852128852,0.13538976002653072,0.16176931964990998,0.34793533164506285,0.13629458290522797,0.08002259763398657,0.26989308301627435
2945.3125,4250.769,4220.513,4208.205,4185.128,4200.0,0.19557581481563627,0.08216283529554402,0.18409178027541387,0.13508937765710974,0.15207733876305982,0.411803429496173,0.31116014126784264,0.2925826852128852,0.13538976002653072,0.16176931964990998,0.34793533164506285,0.13629458290522797,0.08002259763398657,0.26989308301627435
2953.125,4242.564,4225.128,4215.385,4186.154,4204.615,0.19557581481563627,0.08216283529554402,0.18409178027541387,0.13508937765710974,0.15207733876305982,0.411803429496173,0.31116014126784264,0.2925826852128852,0.13538976002653072,0.16176931964990998,0.34793533164506285,0.13629458290522797,0.08002259763398657,0.26989308301627435
2960.9375,4236.923,4226.667,4198.462,4184.615,4194.359,0.19557581481563627,0.08216283529554402,0.18409178027541387,0.13508937765710974,0.15207733876305982,0.411803429496173,0.31116014126784264,0.2925826852128852,0.13538976002653072,0.16176931964990998,0.34793533164506285,0.13629458290522797,0.08002259763398657,0.26989308301627435
2968.75,4245.641,4241.538,4195.385,4180.513,4186.667,0.19557581481563627,0.08216283529554402,0.18409178027541387,0.13508937765710974,0.15207733876305982,0.411803429496173,0.31116014126784264,0.2925826852128852,0.13538976002653072,0.16176931964990998,0.34793533164506285,0.13629458290522797,0.08002259763398657,0.26989308301627435
2976.5625,4260.0,4269.231,4197.949,4183.077,4200.513,0.19557581481563627,0.08216283529554402,0.18409178027541387,0.13508937765710974,0.15207733876305982,0.411803429496173,0.31116014126784264,0.2925826852128852,0.13538976002653072,0.16176931964990998,0.34793533164506285,0.13629458290522797,0.08002259763398657,0.26989308301627435
2984.375,4254.359,4253.333,4184.103,4173.333,4191.795,0.19557581481563627,0.08216283529554402,0.18409178027541387,0.13508937765710974,0.15207733876305982,0.411803429496173,0.31116014126784264,0.2925826852128852,0.13538976002653072,0.16176931964990998,0.34793533164506285,0.13629458290522797,0.08002259763398657,0.26989308301627435
2992.1875,4229.231,4231.282,4165.128,4145.128,4164.615,0.19557581481563627,0.08216283529554402,0.18409178027541387,0.13508937765710974,0.15207733876305982,0.411803429496173,0.31116014126784264,0.2925826852128852,0.13538976002653072,0.16176931964990998,0.34793533164506285,0.13629458290522797,0.08002259763398657,0.26989308301627435
