timestamp,AF3,T7,Pz,T8,AF4,AF3_theta,AF3_alpha,AF3_beta,T7_theta,T7_mu,T7_beta,Pz_alpha,Pz_beta,T8_theta,T8_mu,T8_beta,AF4_theta,AF4_alpha,AF4_beta
0.0,4238.462,4206.667,4156.41,4125.128,4212.308,0.23017791173724286,0.02434519241063592,0.013546745913496642,0.23875179041879913,0.09396165057697826,0.2471069830251991,0.09377760031000308,0.33697108729802355,0.123799912962887,0.1748478342349716,0.3419710627244239,0.24468889599006338,0.03285190406988841,0.027779723416066358
7.8125,4231.282,4221.026,4151.795,4121.026,4207.179,0.23017791173724286,0.02434519241063592,0.013546745913496642,0.23875179041879913,0.09396165057697826,0.2471069830251991,0.09377760031000308,0.33697108729802355,0.123799912962887,0.1748478342349716,0.3419710627244239,0.24468889599006338,0.03285190406988841,0.027779723416066358
15.625,4212.308,4221.026,4138.462,4110.256,4194.359,0.23017791173724286,0.02434519241063592,0.013546745913496642,0.23875179041879913,0.09396165057697826,0.2471069830251991,0.09377760031000308,0.33697108729802355,0.123799912962887,0.1748478342349716,0.3419710627244239,0.24468889599006338,0.03285190406988841,0.027779723416066358
23.4375,4207.179,4205.128,4129.744,4115.385,4189.744,0.23017791173724286,0.02434519241063592,0.013546745913496642,0.23875179041879913,0.09396165057697826,0.2471069830251991,0.09377760031000308,0.33697108729802355,0.123799912962887,0.1748478342349716,0.3419710627244239,0.24468889599006338,0.03285190406988841,0.027779723416066358
31.25,4213.846,4207.179,4136.923,4124.615,4197.436,0.23017791173724286,0.02434519241063592,0.013546745913496642,0.23875179041879913,0.09396165057697826,0.2471069830251991,0.09377760031000308,0.33697108729802355,0.123799912962887,0.1748478342349716,0.3419710627244239,0.24468889599006338,0.03285190406988841,0.027779723416066358
39.0625,4222.051,4212.308,4147.179,4125.641,4205.128,0.23017791173724286,0.02434519241063592,0.013546745913496642,0.23875179041879913,0.09396165057697826,0.2471069830251991,0.09377760031000308,0.33697108729802355,0.123799912962887,0.1748478342349716,0.3419710627244239,0.24468889599006338,0.03285190406988841,0.027779723416066358
46.875,4227.179,4212.308,4143.077,4129.744,4210.769,0.23017791173724286,0.02434519241063592,0.013546745913496642,0.23875179041879913,0.09396165057697826,0.2471069830251991,0.09377760031000308,0.33697108729802355,0.123799912962887,0.1748478342349716,0.3419710627244239,0.24468889599006338,0.03285190406988841,0.027779723416066358
54.6875,4228.205,4215.897,4141.538,4133.846,4208.205,0.23017791173724286,0.02434519241063592,0.013546745913496642,0.23875179041879913,0.09396165057697826,0.2471069830251991,0.09377760031000308,0.33697108729802355,0.123799912962887,0.1748478342349716,0.3419710627244239,0.24468889599006338,0.03285190406988841,0.027779723416066358
62.5,4238.974,4216.41,4145.641,4132.821,4204.615,0.23017791173724286,0.02434519241063592,0.013546745913496642,0.23875179041879913,0.09396165057697826,0.2471069830251991,0.09377760031000308,0.33697108729802355,0.123799912962887,0.1748478342349716,0.3419710627244239,0.24468889599006338,0.03285190406988841,0.027779723416066358
70.3125,4243.59,4215.385,4145.641,4130.256,4207.692,0.23017791173724286,0.02434519241063592,0.013546745913496642,0.23875179041879913,0.09396165057697826,0.2471069830251991,0.09377760031000308,0.33697108729802355,0.123799912962887,0.1748478342349716,0.3419710627244239,0.24468889599006338,0.03285190406988841,0.027779723416066358
78.125,4227.179,4213.846,4145.641,4128.718,4201.538,0.23017791173724286,0.02434519241063592,0.013546745913496642,0.23875179041879913,0.09396165057697826,0.2471069830251991,0.09377760031000308,0.33697108729802355,0.123799912962887,0.1748478342349716,0.3419710627244239,0.24468889599006338,0.03285190406988841,0.027779723416066358
85.9375,4218.974,4207.692,4135.385,4125.128,4190.256,0.23017791173724286,0.02434519241063592,0.013546745913496642,0.23875179041879913,0.09396165057697826,0.2471069830251991,0.09377760031000308,0.33697108729802355,0.123799912962887,0.1748478342349716,0.3419710627244239,0.24468889599006338,0.03285190406988841,0.027779723416066358
93.75,4222.051,4204.103,4120.513,4112.821,4181.538,0.23017791173724286,0.02434519241063592,0.013546745913496642,0.23875179041879913,0.09396165057697826,0.2471069830251991,0.09377760031000308,0.33697108729802355,0.123799912962887,0.1748478342349716,0.3419710627244239,0.24468889599006338,0.03285190406988841,0.027779723416066358
101.5625,4227.179,4205.128,4127.692,4106.154,4177.949,0.23017791173724286,0.02434519241063592,0.013546745913496642,0.23875179041879913,0.09396165057697826,0.2471069830251991,0.09377760031000308,0.33697108729802355,0.123799912962887,0.1748478342349716,0.3419710627244239,0.24468889599006338,0.03285190406988841,0.027779723416066358
109.375,4233.333,4209.744,4137.436,4114.359,4196.41,0.23017791173724286,0.02434519241063592,0.013546745913496642,0.23875179041879913,0.09396165057697826,0.2471069830251991,0.09377760031000308,0.33697108729802355,0.123799912962887,0.1748478342349716,0.3419710627244239,0.24468889599006338,0.03285190406988841,0.027779723416066358
117.1875,4226.154,4210.256,4130.769,4114.359,4202.564,0.23017791173724286,0.02434519241063592,0.013546745913496642,0.23875179041879913,0.09396165057697826,0.2471069830251991,0.09377760031000308,0.33697108729802355,0.123799912962887,0.1748478342349716,0.3419710627244239,0.24468889599006338,0.03285190406988841,0.027779723416066358
125.0,4216.41,4195.385,4129.744,4101.538,4173.846,0.23017791173724286,0.02434519241063592,0.013546745913496642,0.23875179041879913,0.09396165057697826,0.2471069830251991,0.09377760031000308,0.33697108729802355,0.123799912962887,0.1748478342349716,0.3419710627244239,0.24468889599006338,0.03285190406988841,0.027779723416066358
132.8125,4219.487,4188.718,4137.949,4104.103,4175.897,0.23017791173724286,0.02434519241063592,0.013546745913496642,0.23875179041879913,0.09396165057697826,0.2471069830251991,0.09377760031000308,0.33697108729802355,0.123799912962887,0.1748478342349716,0.3419710627244239,0.24468889599006338,0.03285190406988841,0.027779723416066358
140.625,4229.231,4200.513,4145.641,4122.051,4213.333,0.23017791173724286,0.02434519241063592,0.013546745913496642,0.23875179041879913,0.09396165057697826,0.2471069830251991,0.09377760031000308,0.33697108729802355,0.123799912962887,0.1748478342349716,0.3419710627244239,0.24468889599006338,0.03285190406988841,0.027779723416066358
148.4375,4236.41,4201.538,4145.128,4131.795,4211.282,0.23017791173724286,0.02434519241063592,0.013546745913496642,0.23875179041879913,0.09396165057697826,0.2471069830251991,0.09377760031000308,0.33697108729802355,0.123799912962887,0.1748478342349716,0.3419710627244239,0.24468889599006338,0.03285190406988841,0.027779723416066358
156.25,4238.462,4199.487,4127.179,4128.205,4187.692,0.23017791173724286,0.02434519241063592,0.013546745913496642,0.23875179041879913,0.09396165057697826,0.2471069830251991,0.09377760031000308,0.33697108729802355,0.123799912962887,0.1748478342349716,0.3419710627244239,0.24468889599006338,0.03285190406988841,0.027779723416066358
164.0625,4235.897,4204.615,4120.0,4116.923,4188.205,0.23017791173724286,0.02434519241063592,0.013546745913496642,0.23875179041879913,0.09396165057697826,0.2471069830251991,0.09377760031000308,0.33697108729802355,0.123799912962887,0.1748478342349716,0.3419710627244239,0.24468889599006338,0.03285190406988841,0.027779723416066358
171.875,4241.026,4209.231,4134.872,4117.436,4198.462,0.23017791173724286,0.02434519241063592,0.013546745913496642,0.23875179041879913,0.09396165057697826,0.2471069830251991,0.09377760031000308,0.33697108729802355,0.123799912962887,0.1748478342349716,0.3419710627244239,0.24468889599006338,0.03285190406988841,0.027779723416066358
179.6875,4248.205,4221.026,4146.667,4135.385,4207.179,0.23017791173724286,0.02434519241063592,0.013546745913496642,0.23875179041879913,0.09396165057697826,0.2471069830251991,0.09377760031000308,0.33697108729802355,0.123799912962887,0.1748478342349716,0.3419710627244239,0.24468889599006338,0.03285190406988841,0.027779723416066358
187.5,4244.615,4227.692,4152.821,4144.103,4207.692,0.23017791173724286,0.02434519241063592,0.013546745913496642,0.23875179041879913,0.09396165057697826,0.2471069830251991,0.09377760031000308,0.33697108729802355,0.123799912962887,0.1748478342349716,0.3419710627244239,0.24468889599006338,0.03285190406988841,0.027779723416066358
195.3125,4238.974,4209.231,4151.282,4134.359,4195.385,0.23017791173724286,0.02434519241063592,0.013546745913496642,0.23875179041879913,0.09396165057697826,0.2471069830251991,0.09377760031000308,0.33697108729802355,0.123799912962887,0.1748478342349716,0.3419710627244239,0.24468889599006338,0.03285190406988841,0.027779723416066358
203.125,4236.41,4201.538,4138.462,4132.308,4194.872,0.23017791173724286,0.02434519241063592,0.013546745913496642,0.23875179041879913,0.09396165057697826,0.2471069830251991,0.09377760031000308,0.33697108729802355,0.123799912962887,0.1748478342349716,0.3419710627244239,0.24468889599006338,0.03285190406988841,0.027779723416066358
210.9375,4238.974,4215.897,4143.59,4136.41,4205.128,0.23017791173724286,0.02434519241063592,0.013546745913496642,0.23875179041879913,0.09396165057697826,0.2471069830251991,0.09377760031000308,0.33697108729802355,0.123799912962887,0.1748478342349716,0.3419710627244239,0.24468889599006338,0.03285190406988841,0.027779723416066358
218.75,4244.103,4214.359,4157.436,4133.333,4198.462,0.23017791173724286,0.02434519241063592,0.013546745913496642,0.23875179041879913,0.09396165057697826,0.2471069830251991,0.09377760031000308,0.33697108729802355,0.123799912962887,0.1748478342349716,0.3419710627244239,0.24468889599006338,0.03285190406988841,0.027779723416066358
226.5625,4236.923,4214.359,4143.59,4132.821,4192.821,0.23017791173724286,0.02434519241063592,0.013546745913496642,0.23875179041879913,0.09396165057697826,0.2471069830251991,0.09377760031000308,0.33697108729802355,0.123799912962887,0.1748478342349716,0.3419710627244239,0.24468889599006338,0.03285190406988841,0.027779723416066358
234.375,4227.179,4223.59,4135.385,4136.41,4197.949,0.23017791173724286,0.02434519241063592,0.013546745913496642,0.23875179041879913,0.09396165057697826,0.2471069830251991,0.09377760031000308,0.33697108729802355,0.123799912962887,0.1748478342349716,0.3419710627244239,0.24468889599006338,0.03285190406988841,0.027779723416066358
242.1875,4225.641,4216.41,4148.718,4129.744,4193.333,0.23017791173724286,0.02434519241063592,0.013546745913496642,0.23875179041879913,0.09396165057697826,0.2471069830251991,0.09377760031000308,0.33697108729802355,0.123799912962887,0.1748478342349716,0.3419710627244239,0.24468889599006338,0.03285190406988841,0.027779723416066358
250.0,4218.462,4208.718,4150.256,4119.487,4188.205,0.23017791173724286,0.02434519241063592,0.013546745913496642,0.23875179041879913,0.09396165057697826,0.2471069830251991,0.09377760031000308,0.33697108729802355,0.123799912962887,0.1748478342349716,0.3419710627244239,0.24468889599006338,0.03285190406988841,0.027779723416066358
257.8125,4212.308,4211.282,4138.462,4120.513,4191.795,0.23017791173724286,0.02434519241063592,0.013546745913496642,0.23875179041879913,0.09396165057697826,0.2471069830251991,0.09377760031000308,0.33697108729802355,0.123799912962887,0.1748478342349716,0.3419710627244239,0.24468889599006338,0.03285190406988841,0.027779723416066358
265.625,4221.538,4208.718,4126.154,4122.051,4193.846,0.23017791173724286,0.02434519241063592,0.013546745913496642,0.23875179041879913,0.09396165057697826,0.2471069830251991,0.09377760031000308,0.33697108729802355,0.123799912962887,0.1748478342349716,0.3419710627244239,0.24468889599006338,0.03285190406988841,0.027779723416066358
273.4375,4224.615,4207.179,4118.974,4112.308,4190.256,0.23017791173724286,0.02434519241063592,0.013546745913496642,0.23875179041879913,0.09396165057697826,0.2471069830251991,0.09377760031000308,0.33697108729802355,0.123799912962887,0.1748478342349716,0.3419710627244239,0.24468889599006338,0.03285190406988841,0.027779723416066358
281.25,4217.436,4205.641,4129.231,4109.231,4185.641,0.23017791173724286,0.02434519241063592,0.013546745913496642,0.23875179041879913,0.09396165057697826,0.2471069830251991,0.09377760031000308,0.33697108729802355,0.123799912962887,0.1748478342349716,0.3419710627244239,0.24468889599006338,0.03285190406988841,0.027779723416066358
289.0625,4226.154,4204.103,4137.436,4123.59,4192.821,0.23017791173724286,0.02434519241063592,0.013546745913496642,0.23875179041879913,0.09396165057697826,0.2471069830251991,0.09377760031000308,0.33697108729802355,0.123799912962887,0.1748478342349716,0.3419710627244239,0.24468889599006338,0.03285190406988841,0.027779723416066358
296.875,4231.795,4205.641,4130.769,4134.872,4198.974,0.23017791173724286,0.02434519241063592,0.013546745913496642,0.23875179041879913,0.09396165057697826,0.2471069830251991,0.09377760031000308,0.33697108729802355,0.123799912962887,0.1748478342349716,0.3419710627244239,0.24468889599006338,0.03285190406988841,0.027779723416066358
304.6875,4217.436,4201.026,4133.846,4132.308,4185.128,0.23017791173724286,0.02434519241063592,0.013546745913496642,0.23875179041879913,0.09396165057697826,0.2471069830251991,0.09377760031000308,0.33697108729802355,0.123799912962887,0.1748478342349716,0.3419710627244239,0.24468889599006338,0.03285190406988841,0.027779723416066358
312.5,4213.846,4199.487,4141.026,4132.821,4186.154,0.23017791173724286,0.02434519241063592,0.013546745913496642,0.23875179041879913,0.09396165057697826,0.2471069830251991,0.09377760031000308,0.33697108729802355,0.123799912962887,0.1748478342349716,0.3419710627244239,0.24468889599006338,0.03285190406988841,0.027779723416066358
320.3125,4222.051,4209.744,4137.436,4128.718,4204.103,0.23017791173724286,0.02434519241063592,0.013546745913496642,0.23875179041879913,0.09396165057697826,0.2471069830251991,0.09377760031000308,0.33697108729802355,0.123799912962887,0.1748478342349716,0.3419710627244239,0.24468889599006338,0.03285190406988841,0.027779723416066358
328.125,4232.821,4212.308,4142.564,4130.256,4202.564,0.23017791173724286,0.02434519241063592,0.013546745913496642,0.23875179041879913,0.09396165057697826,0.2471069830251991,0.09377760031000308,0.33697108729802355,0.123799912962887,0.1748478342349716,0.3419710627244239,0.24468889599006338,0.03285190406988841,0.027779723416066358
335.9375,4235.897,4209.744,4148.718,4142.051,4195.897,0.23017791173724286,0.02434519241063592,0.013546745913496642,0.23875179041879913,0.09396165057697826,0.2471069830251991,0.09377760031000308,0.33697108729802355,0.123799912962887,0.1748478342349716,0.3419710627244239,0.24468889599006338,0.03285190406988841,0.027779723416066358
343.75,4224.615,4216.923,4144.615,4139.487,4195.897,0.23017791173724286,0.02434519241063592,0.013546745913496642,0.23875179041879913,0.09396165057697826,0.2471069830251991,0.09377760031000308,0.33697108729802355,0.123799912962887,0.1748478342349716,0.3419710627244239,0.24468889599006338,0.03285190406988841,0.027779723416066358
351.5625,4230.769,4222.564,4145.128,4137.436,4196.41,0.23017791173724286,0.02434519241063592,0.013546745913496642,0.23875179041879913,0.09396165057697826,0.2471069830251991,0.09377760031000308,0.33697108729802355,0.123799912962887,0.1748478342349716,0.3419710627244239,0.24468889599006338,0.03285190406988841,0.027779723416066358
359.375,4252.821,4219.487,4144.103,4147.179,4204.615,0.23017791173724286,0.02434519241063592,0.013546745913496642,0.23875179041879913,0.09396165057697826,0.2471069830251991,0.09377760031000308,0.33697108729802355,0.123799912962887,0.1748478342349716,0.3419710627244239,0.24468889599006338,0.03285190406988841,0.027779723416066358
367.1875,4253.333,4221.538,4144.615,4147.692,4212.821,0.23017791173724286,0.02434519241063592,0.013546745913496642,0.23875179041879913,0.09396165057697826,0.2471069830251991,0.09377760031000308,0.33697108729802355,0.123799912962887,0.1748478342349716,0.3419710627244239,0.24468889599006338,0.03285190406988841,0.027779723416066358
375.0,4252.308,4225.128,4157.949,4154.359,4216.41,0.23017791173724286,0.02434519241063592,0.013546745913496642,0.23875179041879913,0.09396165057697826,0.2471069830251991,0.09377760031000308,0.33697108729802355,0.123799912962887,0.1748478342349716,0.3419710627244239,0.24468889599006338,0.03285190406988841,0.027779723416066358
382.8125,4264.103,4222.051,4163.077,4166.154,4220.0,0.23017791173724286,0.02434519241063592,0.013546745913496642,0.23875179041879913,0.09396165057697826,0.2471069830251991,0.09377760031000308,0.33697108729802355,0.123799912962887,0.1748478342349716,0.3419710627244239,0.24468889599006338,0.03285190406988841,0.027779723416066358
390.625,4251.795,4215.385,4162.564,4155.897,4209.231,0.23017791173724286,0.02434519241063592,0.013546745913496642,0.23875179041879913,0.09396165057697826,0.2471069830251991,0.09377760031000308,0.33697108729802355,0.123799912962887,0.1748478342349716,0.3419710627244239,0.24468889599006338,0.03285190406988841,0.027779723416066358
398.4375,4236.41,4212.308,4171.795,4152.821,4198.462,0.23017791173724286,0.02434519241063592,0.013546745913496642,0.23875179041879913,0.09396165057697826,0.2471069830251991,0.09377760031000308,0.33697108729802355,0.123799912962887,0.1748478342349716,0.3419710627244239,0.24468889599006338,0.03285190406988841,0.027779723416066358
406.25,4244.615,4221.026,4167.179,4170.256,4210.256,0.23017791173724286,0.02434519241063592,0.013546745913496642,0.23875179041879913,0.09396165057697826,0.2471069830251991,0.09377760031000308,0.33697108729802355,0.123799912962887,0.1748478342349716,0.3419710627244239,0.24468889599006338,0.03285190406988841,0.027779723416066358
414.0625,4236.41,4222.564,4146.667,4156.923,4207.179,0.23017791173724286,0.02434519241063592,0.013546745913496642,0.23875179041879913,0.09396165057697826,0.2471069830251991,0.09377760031000308,0.33697108729802355,0.123799912962887,0.1748478342349716,0.3419710627244239,0.24468889599006338,0.03285190406988841,0.027779723416066358
421.875,4218.462,4205.128,4146.154,4131.282,4184.615,0.23017791173724286,0.02434519241063592,0.013546745913496642,0.23875179041879913,0.09396165057697826,0.2471069830251991,0.09377760031000308,0.33697108729802355,0.123799912962887,0.1748478342349716,0.3419710627244239,0.24468889599006338,0.03285190406988841,0.027779723416066358
429.6875,4220.0,4197.436,4151.282,4132.821,4189.744,0.23017791173724286,0.02434519241063592,0.013546745913496642,0.23875179041879913,0.09396165057697826,0.2471069830251991,0.09377760031000308,0.33697108729802355,0.123799912962887,0.1748478342349716,0.3419710627244239,0.24468889599006338,0.03285190406988841,0.027779723416066358
437.5,4224.103,4211.282,4152.308,4133.333,4204.615,0.23017791173724286,0.02434519241063592,0.013546745913496642,0.23875179041879913,0.09396165057697826,0.2471069830251991,0.09377760031000308,0.33697108729802355,0.123799912962887,0.1748478342349716,0.3419710627244239,0.24468889599006338,0.03285190406988841,0.027779723416066358
445.3125,4224.615,4216.41,4170.769,4133.333,4197.949,0.23017791173724286,0.02434519241063592,0.013546745913496642,0.23875179041879913,0.09396165057697826,0.2471069830251991,0.09377760031000308,0.33697108729802355,0.123799912962887,0.1748478342349716,0.3419710627244239,0.24468889599006338,0.03285190406988841,0.027779723416066358
453.125,4226.667,4209.231,4178.974,4147.179,4195.897,0.23017791173724286,0.02434519241063592,0.013546745913496642,0.23875179041879913,0.09396165057697826,0.2471069830251991,0.09377760031000308,0.33697108729802355,0.123799912962887,0.1748478342349716,0.3419710627244239,0.24468889599006338,0.03285190406988841,0.027779723416066358
460.9375,4223.077,4210.256,4163.077,4150.769,4205.641,0.23017791173724286,0.02434519241063592,0.013546745913496642,0.23875179041879913,0.09396165057697826,0.2471069830251991,0.09377760031000308,0.33697108729802355,0.123799912962887,0.1748478342349716,0.3419710627244239,0.24468889599006338,0.03285190406988841,0.027779723416066358
468.75,4230.256,4206.667,4152.821,4141.026,4201.538,0.23017791173724286,0.02434519241063592,0.013546745913496642,0.23875179041879913,0.09396165057697826,0.2471069830251991,0.09377760031000308,0.33697108729802355,0.123799912962887,0.1748478342349716,0.3419710627244239,0.24468889599006338,0.03285190406988841,0.027779723416066358
476.5625,4241.026,4206.154,4152.308,4137.436,4191.282,0.23017791173724286,0.02434519241063592,0.013546745913496642,0.23875179041879913,0.09396165057697826,0.2471069830251991,0.09377760031000308,0.33697108729802355,0.123799912962887,0.1748478342349716,0.3419710627244239,0.24468889599006338,0.03285190406988841,0.027779723416066358
484.375,4229.231,4217.436,4147.692,4134.359,4184.615,0.23017791173724286,0.02434519241063592,0.013546745913496642,0.23875179041879913,0.09396165057697826,0.2471069830251991,0.09377760031000308,0.33697108729802355,0.123799912962887,0.1748478342349716,0.3419710627244239,0.24468889599006338,0.03285190406988841,0.027779723416066358
492.1875,4220.0,4213.333,4146.667,4129.231,4184.103,0.23017791173724286,0.02434519241063592,0.013546745913496642,0.23875179041879913,0.09396165057697826,0.2471069830251991,0.09377760031000308,0.33697108729802355,0.123799912962887,0.1748478342349716,0.3419710627244239,0.24468889599006338,0.03285190406988841,0.027779723416066358
500.0,4225.128,4209.231,4144.615,4133.333,4187.692,0.23017791173724286,0.02434519241063592,0.013546745913496642,0.23875179041879913,0.09396165057697826,0.2471069830251991,0.09377760031000308,0.33697108729802355,0.123799912962887,0.1748478342349716,0.3419710627244239,0.24468889599006338,0.03285190406988841,0.027779723416066358
507.8125,4223.077,4221.538,4146.667,4130.769,4183.077,0.23017791173724286,0.02434519241063592,0.013546745913496642,0.23875179041879913,0.09396165057697826,0.2471069830251991,0.09377760031000308,0.33697108729802355,0.123799912962887,0.1748478342349716,0.3419710627244239,0.24468889599006338,0.03285190406988841,0.027779723416066358
515.625,4228.718,4218.974,4162.051,4132.821,4185.641,0.23017791173724286,0.02434519241063592,0.013546745913496642,0.23875179041879913,0.09396165057697826,0.2471069830251991,0.09377760031000308,0.33697108729802355,0.123799912962887,0.1748478342349716,0.3419710627244239,0.24468889599006338,0.03285190406988841,0.027779723416066358
523.4375,4236.923,4207.692,4166.667,4152.821,4202.051,0.23017791173724286,0.02434519241063592,0.013546745913496642,0.23875179041879913,0.09396165057697826,0.2471069830251991,0.09377760031000308,0.33697108729802355,0.123799912962887,0.1748478342349716,0.3419710627244239,0.24468889599006338,0.03285190406988841,0.027779723416066358
531.25,4228.205,4210.256,4168.718,4153.333,4200.513,0.23017791173724286,0.02434519241063592,0.013546745913496642,0.23875179041879913,0.09396165057697826,0.2471069830251991,0.09377760031000308,0.33697108729802355,0.123799912962887,0.1748478342349716,0.3419710627244239,0.24468889599006338,0.03285190406988841,0.027779723416066358
539.0625,4229.231,4210.769,4176.41,4135.897,4195.897,0.23017791173724286,0.02434519241063592,0.013546745913496642,0.23875179041879913,0.09396165057697826,0.2471069830251991,0.09377760031000308,0.33697108729802355,0.123799912962887,0.1748478342349716,0.3419710627244239,0.24468889599006338,0.03285190406988841,0.027779723416066358
546.875,4236.923,4206.154,4165.128,4137.949,4211.795,0.23017791173724286,0.02434519241063592,0.013546745913496642,0.23875179041879913,0.09396165057697826,0.2471069830251991,0.09377760031000308,0.33697108729802355,0.123799912962887,0.1748478342349716,0.3419710627244239,0.24468889599006338,0.03285190406988841,0.027779723416066358
554.6875,4230.256,4206.667,4151.795,4148.718,4206.154,0.23017791173724286,0.02434519241063592,0.013546745913496642,0.23875179041879913,0.09396165057697826,0.2471069830251991,0.09377760031000308,0.33697108729802355,0.123799912962887,0.1748478342349716,0.3419710627244239,0.24468889599006338,0.03285190406988841,0.027779723416066358
562.5,4226.154,4205.128,4153.846,4141.026,4180.513,0.23017791173724286,0.02434519241063592,0.013546745913496642,0.23875179041879913,0.09396165057697826,0.2471069830251991,0.09377760031000308,0.33697108729802355,0.123799912962887,0.1748478342349716,0.3419710627244239,0.24468889599006338,0.03285190406988841,0.027779723416066358
570.3125,4224.103,4204.103,4143.077,4132.821,4179.487,0.23017791173724286,0.02434519241063592,0.013546745913496642,0.23875179041879913,0.09396165057697826,0.2471069830251991,0.09377760031000308,0.33697108729802355,0.123799912962887,0.1748478342349716,0.3419710627244239,0.24468889599006338,0.03285190406988841,0.027779723416066358
578.125,4218.974,4208.718,4129.231,4135.897,4183.077,0.23017791173724286,0.02434519241063592,0.013546745913496642,0.23875179041879913,0.09396165057697826,0.2471069830251991,0.09377760031000308,0.33697108729802355,0.123799912962887,0.1748478342349716,0.3419710627244239,0.24468889599006338,0.03285190406988841,0.027779723416066358
585.9375,4225.128,4215.897,4143.077,4143.59,4177.436,0.23017791173724286,0.02434519241063592,0.013546745913496642,0.23875179041879913,0.09396165057697826,0.2471069830251991,0.09377760031000308,0.33697108729802355,0.123799912962887,0.1748478342349716,0.3419710627244239,0.24468889599006338,0.03285190406988841,0.027779723416066358
593.75,4228.718,4224.615,4157.949,4149.231,4180.513,0.23017791173724286,0.02434519241063592,0.013546745913496642,0.23875179041879913,0.09396165057697826,0.2471069830251991,0.09377760031000308,0.33697108729802355,0.123799912962887,0.1748478342349716,0.3419710627244239,0.24468889599006338,0.03285190406988841,0.027779723416066358
601.5625,4222.051,4219.487,4153.333,4140.513,4183.59,0.23017791173724286,0.02434519241063592,0.013546745913496642,0.23875179041879913,0.09396165057697826,0.2471069830251991,0.09377760031000308,0.33697108729802355,0.123799912962887,0.1748478342349716,0.3419710627244239,0.24468889599006338,0.03285190406988841,0.027779723416066358
609.375,4227.692,4206.154,4136.923,4124.615,4182.564,0.23017791173724286,0.02434519241063592,0.013546745913496642,0.23875179041879913,0.09396165057697826,0.2471069830251991,0.09377760031000308,0.33697108729802355,0.123799912962887,0.1748478342349716,0.3419710627244239,0.24468889599006338,0.03285190406988841,0.027779723416066358
617.1875,4230.769,4204.615,4126.667,4116.923,4186.667,0.23017791173724286,0.02434519241063592,0.013546745913496642,0.23875179041879913,0.09396165057697826,0.2471069830251991,0.09377760031000308,0.33697108729802355,0.123799912962887,0.1748478342349716,0.3419710627244239,0.24468889599006338,0.03285190406988841,0.027779723416066358
625.0,4228.205,4205.641,4140.513,4116.923,4191.282,0.23017791173724286,0.02434519241063592,0.013546745913496642,0.23875179041879913,0.09396165057697826,0.2471069830251991,0.09377760031000308,0.33697108729802355,0.123799912962887,0.1748478342349716,0.3419710627244239,0.24468889599006338,0.03285190406988841,0.027779723416066358
632.8125,4242.051,4210.769,4151.282,4128.718,4195.897,0.23017791173724286,0.02434519241063592,0.013546745913496642,0.23875179041879913,0.09396165057697826,0.2471069830251991,0.09377760031000308,0.33697108729802355,0.123799912962887,0.1748478342349716,0.3419710627244239,0.24468889599006338,0.03285190406988841,0.027779723416066358
640.625,4254.872,4225.641,4143.59,4146.667,4202.051,0.23017791173724286,0.02434519241063592,0.013546745913496642,0.23875179041879913,0.09396165057697826,0.2471069830251991,0.09377760031000308,0.33697108729802355,0.123799912962887,0.1748478342349716,0.3419710627244239,0.24468889599006338,0.03285190406988841,0.027779723416066358
648.4375,4247.692,4222.051,4145.641,4147.179,4198.462,0.23017791173724286,0.02434519241063592,0.013546745913496642,0.23875179041879913,0.09396165057697826,0.2471069830251991,0.09377760031000308,0.33697108729802355,0.123799912962887,0.1748478342349716,0.3419710627244239,0.24468889599006338,0.03285190406988841,0.027779723416066358
656.25,4245.128,4200.0,4149.231,4145.641,4189.744,0.23017791173724286,0.02434519241063592,0.013546745913496642,0.23875179041879913,0.09396165057697826,0.2471069830251991,0.09377760031000308,0.33697108729802355,0.123799912962887,0.1748478342349716,0.3419710627244239,0.24468889599006338,0.03285190406988841,0.027779723416066358
664.0625,4251.795,4197.949,4132.308,4157.436,4193.846,0.23017791173724286,0.02434519241063592,0.013546745913496642,0.23875179041879913,0.09396165057697826,0.2471069830251991,0.09377760031000308,0.33697108729802355,0.123799912962887,0.1748478342349716,0.3419710627244239,0.24468889599006338,0.03285190406988841,0.027779723416066358
671.875,4245.128,4207.179,4132.308,4155.385,4198.462,0.23017791173724286,0.02434519241063592,0.013546745913496642,0.23875179041879913,0.09396165057697826,0.2471069830251991,0.09377760031000308,0.33697108729802355,0.123799912962887,0.1748478342349716,0.3419710627244239,0.24468889599006338,0.03285190406988841,0.027779723416066358
679.6875,4235.385,4194.872,4147.692,4141.538,4197.949,0.23017791173724286,0.02434519241063592,0.013546745913496642,0.23875179041879913,0.09396165057697826,0.2471069830251991,0.09377760031000308,0.33697108729802355,0.123799912962887,0.1748478342349716,0.3419710627244239,0.24468889599006338,0.03285190406988841,0.027779723416066358
687.5,4239.487,4190.769,4136.41,4138.974,4205.128,0.23017791173724286,0.02434519241063592,0.013546745913496642,0.23875179041879913,0.09396165057697826,0.2471069830251991,0.09377760031000308,0.33697108729802355,0.123799912962887,0.1748478342349716,0.3419710627244239,0.24468889599006338,0.03285190406988841,0.027779723416066358
695.3125,4239.487,4207.179,4124.103,4130.256,4209.231,0.23017791173724286,0.02434519241063592,0.013546745913496642,0.23875179041879913,0.09396165057697826,0.2471069830251991,0.09377760031000308,0.33697108729802355,0.123799912962887,0.1748478342349716,0.3419710627244239,0.24468889599006338,0.03285190406988841,0.027779723416066358
703.125,4226.667,4202.564,4137.436,4115.897,4197.436,0.23017791173724286,0.02434519241063592,0.013546745913496642,0.23875179041879913,0.09396165057697826,0.2471069830251991,0.09377760031000308,0.33697108729802355,0.123799912962887,0.1748478342349716,0.3419710627244239,0.24468889599006338,0.03285190406988841,0.027779723416066358
710.9375,4217.949,4192.308,4138.462,4114.872,4184.615,0.23017791173724286,0.02434519241063592,0.013546745913496642,0.23875179041879913,0.09396165057697826,0.2471069830251991,0.09377760031000308,0.33697108729802355,0.123799912962887,0.1748478342349716,0.3419710627244239,0.24468889599006338,0.03285190406988841,0.027779723416066358
718.75,4222.564,4201.026,4124.615,4117.949,4181.538,0.23017791173724286,0.02434519241063592,0.013546745913496642,0.23875179041879913,0.09396165057697826,0.2471069830251991,0.09377760031000308,0.33697108729802355,0.123799912962887,0.1748478342349716,0.3419710627244239,0.24468889599006338,0.03285190406988841,0.027779723416066358
726.5625,4235.897,4200.0,4126.667,4123.59,4189.744,0.23017791173724286,0.02434519241063592,0.013546745913496642,0.23875179041879913,0.09396165057697826,0.2471069830251991,0.09377760031000308,0.33697108729802355,0.123799912962887,0.1748478342349716,0.3419710627244239,0.24468889599006338,0.03285190406988841,0.027779723416066358
734.375,4239.487,4192.821,4127.179,4131.795,4196.41,0.23017791173724286,0.02434519241063592,0.013546745913496642,0.23875179041879913,0.09396165057697826,0.2471069830251991,0.09377760031000308,0.33697108729802355,0.123799912962887,0.1748478342349716,0.3419710627244239,0.24468889599006338,0.03285190406988841,0.027779723416066358
742.1875,4226.154,4197.949,4121.026,4127.692,4184.103,0.23017791173724286,0.02434519241063592,0.013546745913496642,0.23875179041879913,0.09396165057697826,0.2471069830251991,0.09377760031000308,0.33697108729802355,0.123799912962887,0.1748478342349716,0.3419710627244239,0.24468889599006338,0.03285190406988841,0.027779723416066358
750.0,4230.769,4197.436,4126.154,4127.692,4178.462,0.23017791173724286,0.02434519241063592,0.013546745913496642,0.23875179041879913,0.09396165057697826,0.2471069830251991,0.09377760031000308,0.33697108729802355,0.123799912962887,0.1748478342349716,0.3419710627244239,0.24468889599006338,0.03285190406988841,0.027779723416066358
757.8125,4243.59,4196.923,4130.769,4137.436,4190.769,0.23017791173724286,0.02434519241063592,0.013546745913496642,0.23875179041879913,0.09396165057697826,0.2471069830251991,0.09377760031000308,0.33697108729802355,0.123799912962887,0.1748478342349716,0.3419710627244239,0.24468889599006338,0.03285190406988841,0.027779723416066358
765.625,4220.513,4200.0,4128.205,4135.385,4185.641,0.23017791173724286,0.02434519241063592,0.013546745913496642,0.23875179041879913,0.09396165057697826,0.2471069830251991,0.09377760031000308,0.33697108729802355,0.123799912962887,0.1748478342349716,0.3419710627244239,0.24468889599006338,0.03285190406988841,0.027779723416066358
773.4375,4212.308,4198.462,4128.718,4136.923,4176.41,0.23017791173724286,0.02434519241063592,0.013546745913496642,0.23875179041879913,0.09396165057697826,0.2471069830251991,0.09377760031000308,0.33697108729802355,0.123799912962887,0.1748478342349716,0.3419710627244239,0.24468889599006338,0.03285190406988841,0.027779723416066358
781.25,4237.436,4203.59,4128.205,4151.795,4194.872,0.23017791173724286,0.02434519241063592,0.013546745913496642,0.23875179041879913,0.09396165057697826,0.2471069830251991,0.09377760031000308,0.33697108729802355,0.123799912962887,0.1748478342349716,0.3419710627244239,0.24468889599006338,0.03285190406988841,0.027779723416066358
789.0625,4237.436,4210.256,4134.359,4152.308,4201.538,0.23017791173724286,0.02434519241063592,0.013546745913496642,0.23875179041879913,0.09396165057697826,0.2471069830251991,0.09377760031000308,0.33697108729802355,0.123799912962887,0.1748478342349716,0.3419710627244239,0.24468889599006338,0.03285190406988841,0.027779723416066358
796.875,4228.205,4204.615,4145.641,4151.282,4190.256,0.23017791173724286,0.02434519241063592,0.013546745913496642,0.23875179041879913,0.09396165057697826,0.2471069830251991,0.09377760031000308,0.33697108729802355,0.123799912962887,0.1748478342349716,0.3419710627244239,0.24468889599006338,0.03285190406988841,0.027779723416066358
804.6875,4238.974,4200.0,4135.385,4155.897,4198.462,0.23017791173724286,0.02434519241063592,0.013546745913496642,0.23875179041879913,0.09396165057697826,0.2471069830251991,0.09377760031000308,0.33697108729802355,0.123799912962887,0.1748478342349716,0.3419710627244239,0.24468889599006338,0.03285190406988841,0.027779723416066358
812.5,4241.538,4204.103,4129.744,4141.026,4201.026,0.23017791173724286,0.02434519241063592,0.013546745913496642,0.23875179041879913,0.09396165057697826,0.2471069830251991,0.09377760031000308,0.33697108729802355,0.123799912962887,0.1748478342349716,0.3419710627244239,0.24468889599006338,0.03285190406988841,0.027779723416066358
820.3125,4237.436,4206.667,4146.667,4127.179,4186.154,0.23017791173724286,0.02434519241063592,0.013546745913496642,0.23875179041879913,0.09396165057697826,0.2471069830251991,0.09377760031000308,0.33697108729802355,0.123799912962887,0.1748478342349716,0.3419710627244239,0.24468889599006338,0.03285190406988841,0.027779723416066358
828.125,4235.385,4212.821,4144.103,4134.359,4186.154,0.23017791173724286,0.02434519241063592,0.013546745913496642,0.23875179041879913,0.09396165057697826,0.2471069830251991,0.09377760031000308,0.33697108729802355,0.123799912962887,0.1748478342349716,0.3419710627244239,0.24468889599006338,0.03285190406988841,0.027779723416066358
835.9375,4222.051,4208.718,4125.128,4130.769,4184.103,0.23017791173724286,0.02434519241063592,0.013546745913496642,0.23875179041879913,0.09396165057697826,0.2471069830251991,0.09377760031000308,0.33697108729802355,0.123799912962887,0.1748478342349716,0.3419710627244239,0.24468889599006338,0.03285190406988841,0.027779723416066358
843.75,4214.872,4193.333,4123.59,4122.564,4171.795,0.23017791173724286,0.02434519241063592,0.013546745913496642,0.23875179041879913,0.09396165057697826,0.2471069830251991,0.09377760031000308,0.33697108729802355,0.123799912962887,0.1748478342349716,0.3419710627244239,0.24468889599006338,0.03285190406988841,0.027779723416066358
851.5625,4218.462,4198.462,4128.718,4138.462,4182.564,0.23017791173724286,0.02434519241063592,0.013546745913496642,0.23875179041879913,0.09396165057697826,0.2471069830251991,0.09377760031000308,0.33697108729802355,0.123799912962887,0.1748478342349716,0.3419710627244239,0.24468889599006338,0.03285190406988841,0.027779723416066358
859.375,4220.513,4206.667,4127.692,4149.744,4195.897,0.23017791173724286,0.02434519241063592,0.013546745913496642,0.23875179041879913,0.09396165057697826,0.2471069830251991,0.09377760031000308,0.33697108729802355,0.123799912962887,0.1748478342349716,0.3419710627244239,0.24468889599006338,0.03285190406988841,0.027779723416066358
867.1875,4234.872,4195.897,4133.846,4147.179,4195.897,0.23017791173724286,0.02434519241063592,0.013546745913496642,0.23875179041879913,0.09396165057697826,0.2471069830251991,0.09377760031000308,0.33697108729802355,0.123799912962887,0.1748478342349716,0.3419710627244239,0.24468889599006338,0.03285190406988841,0.027779723416066358
875.0,4246.154,4195.897,4144.103,4155.897,4206.667,0.23017791173724286,0.02434519241063592,0.013546745913496642,0.23875179041879913,0.09396165057697826,0.2471069830251991,0.09377760031000308,0.33697108729802355,0.123799912962887,0.1748478342349716,0.3419710627244239,0.24468889599006338,0.03285190406988841,0.027779723416066358
882.8125,4232.308,4200.0,4151.795,4161.026,4208.718,0.23017791173724286,0.02434519241063592,0.013546745913496642,0.23875179041879913,0.09396165057697826,0.2471069830251991,0.09377760031000308,0.33697108729802355,0.123799912962887,0.1748478342349716,0.3419710627244239,0.24468889599006338,0.03285190406988841,0.027779723416066358
890.625,4227.692,4185.128,4152.821,4157.436,4201.026,0.23017791173724286,0.02434519241063592,0.013546745913496642,0.23875179041879913,0.09396165057697826,0.2471069830251991,0.09377760031000308,0.33697108729802355,0.123799912962887,0.1748478342349716,0.3419710627244239,0.24468889599006338,0.03285190406988841,0.027779723416066358
898.4375,4237.436,4177.436,4140.0,4155.385,4204.615,0.23017791173724286,0.02434519241063592,0.013546745913496642,0.23875179041879913,0.09396165057697826,0.2471069830251991,0.09377760031000308,0.33697108729802355,0.123799912962887,0.1748478342349716,0.3419710627244239,0.24468889599006338,0.03285190406988841,0.027779723416066358
906.25,4225.128,4181.538,4125.128,4139.487,4192.821,0.23017791173724286,0.02434519241063592,0.013546745913496642,0.23875179041879913,0.09396165057697826,0.2471069830251991,0.09377760031000308,0.33697108729802355,0.123799912962887,0.1748478342349716,0.3419710627244239,0.24468889599006338,0.03285190406988841,0.027779723416066358
914.0625,4209.744,4178.462,4112.821,4121.026,4175.385,0.23017791173724286,0.02434519241063592,0.013546745913496642,0.23875179041879913,0.09396165057697826,0.2471069830251991,0.09377760031000308,0.33697108729802355,0.123799912962887,0.1748478342349716,0.3419710627244239,0.24468889599006338,0.03285190406988841,0.027779723416066358
921.875,4218.974,4183.59,4113.333,4129.744,4189.744,0.23017791173724286,0.02434519241063592,0.013546745913496642,0.23875179041879913,0.09396165057697826,0.2471069830251991,0.09377760031000308,0.33697108729802355,0.123799912962887,0.1748478342349716,0.3419710627244239,0.24468889599006338,0.03285190406988841,0.027779723416066358
929.6875,4228.205,4197.949,4132.821,4143.59,4205.641,0.23017791173724286,0.02434519241063592,0.013546745913496642,0.23875179041879913,0.09396165057697826,0.2471069830251991,0.09377760031000308,0.33697108729802355,0.123799912962887,0.1748478342349716,0.3419710627244239,0.24468889599006338,0.03285190406988841,0.027779723416066358
937.5,4232.821,4201.538,4148.718,4151.795,4207.692,0.23017791173724286,0.02434519241063592,0.013546745913496642,0.23875179041879913,0.09396165057697826,0.2471069830251991,0.09377760031000308,0.33697108729802355,0.123799912962887,0.1748478342349716,0.3419710627244239,0.24468889599006338,0.03285190406988841,0.027779723416066358
945.3125,4241.026,4194.359,4142.051,4161.538,4216.41,0.23017791173724286,0.02434519241063592,0.013546745913496642,0.23875179041879913,0.09396165057697826,0.2471069830251991,0.09377760031000308,0.33697108729802355,0.123799912962887,0.1748478342349716,0.3419710627244239,0.24468889599006338,0.03285190406988841,0.027779723416066358
953.125,4238.974,4185.641,4141.026,4161.026,4218.462,0.23017791173724286,0.02434519241063592,0.013546745913496642,0.23875179041879913,0.09396165057697826,0.2471069830251991,0.09377760031000308,0.33697108729802355,0.123799912962887,0.1748478342349716,0.3419710627244239,0.24468889599006338,0.03285190406988841,0.027779723416066358
960.9375,4240.0,4188.718,4154.872,4168.718,4219.487,0.23017791173724286,0.02434519241063592,0.013546745913496642,0.23875179041879913,0.09396165057697826,0.2471069830251991,0.09377760031000308,0.33697108729802355,0.123799912962887,0.1748478342349716,0.3419710627244239,0.24468889599006338,0.03285190406988841,0.027779723416066358
968.75,4245.641,4198.974,4142.051,4174.359,4231.795,0.23017791173724286,0.02434519241063592,0.013546745913496642,0.23875179041879913,0.09396165057697826,0.2471069830251991,0.09377760031000308,0.33697108729802355,0.123799912962887,0.1748478342349716,0.3419710627244239,0.24468889599006338,0.03285190406988841,0.027779723416066358
976.5625,4233.846,4190.769,4118.462,4143.59,4227.179,0.23017791173724286,0.02434519241063592,0.013546745913496642,0.23875179041879913,0.09396165057697826,0.2471069830251991,0.09377760031000308,0.33697108729802355,0.123799912962887,0.1748478342349716,0.3419710627244239,0.24468889599006338,0.03285190406988841,0.027779723416066358
984.375,4232.308,4184.103,4131.282,4123.077,4217.949,0.23017791173724286,0.02434519241063592,0.013546745913496642,0.23875179041879913,0.09396165057697826,0.2471069830251991,0.09377760031000308,0.33697108729802355,0.123799912962887,0.1748478342349716,0.3419710627244239,0.24468889599006338,0.03285190406988841,0.027779723416066358
992.1875,4241.538,4201.538,4149.744,4143.077,4229.744,0.23017791173724286,0.02434519241063592,0.013546745913496642,0.23875179041879913,0.09396165057697826,0.2471069830251991,0.09377760031000308,0.33697108729802355,0.123799912962887,0.1748478342349716,0.3419710627244239,0.24468889599006338,0.03285190406988841,0.027779723416066358
1000.0,4228.718,4207.692,4143.077,4148.205,4233.846,0.23017791173724286,0.02434519241063592,0.013546745913496642,0.23875179041879913,0.09396165057697826,0.2471069830251991,0.09377760031000308,0.33697108729802355,0.123799912962887,0.1748478342349716,0.3419710627244239,0.24468889599006338,0.03285190406988841,0.027779723416066358
1007.8125,4221.026,4185.128,4141.026,4132.821,4220.0,0.23017791173724286,0.02434519241063592,0.013546745913496642,0.23875179041879913,0.09396165057697826,0.2471069830251991,0.09377760031000308,0.33697108729802355,0.123799912962887,0.1748478342349716,0.3419710627244239,0.24468889599006338,0.03285190406988841,0.027779723416066358
1015.625,4243.59,4177.949,4142.564,4146.667,4230.256,0.23017791173724286,0.02434519241063592,0.013546745913496642,0.23875179041879913,0.09396165057697826,0.2471069830251991,0.09377760031000308,0.33697108729802355,0.123799912962887,0.1748478342349716,0.3419710627244239,0.24468889599006338,0.03285190406988841,0.027779723416066358
1023.4375,4247.692,4193.333,4130.256,4164.103,4253.333,0.23017791173724286,0.02434519241063592,0.013546745913496642,0.23875179041879913,0.09396165057697826,0.2471069830251991,0.09377760031000308,0.33697108729802355,0.123799912962887,0.1748478342349716,0.3419710627244239,0.24468889599006338,0.03285190406988841,0.027779723416066358
1031.25,4227.692,4184.615,4127.179,4152.821,4234.359,0.23017791173724286,0.02434519241063592,0.013546745913496642,0.23875179041879913,0.09396165057697826,0.2471069830251991,0.09377760031000308,0.33697108729802355,0.123799912962887,0.1748478342349716,0.3419710627244239,0.24468889599006338,0.03285190406988841,0.027779723416066358
1039.0625,4220.513,4168.205,4124.103,4138.974,4201.538,0.23017791173724286,0.02434519241063592,0.013546745913496642,0.23875179041879913,0.09396165057697826,0.2471069830251991,0.09377760031000308,0.33697108729802355,0.123799912962887,0.1748478342349716,0.3419710627244239,0.24468889599006338,0.03285190406988841,0.027779723416066358
1046.875,4214.359,4186.667,4106.154,4130.256,4203.59,0.23017791173724286,0.02434519241063592,0.013546745913496642,0.23875179041879913,0.09396165057697826,0.2471069830251991,0.09377760031000308,0.33697108729802355,0.123799912962887,0.1748478342349716,0.3419710627244239,0.24468889599006338,0.03285190406988841,0.027779723416066358
1054.6875,4212.821,4196.41,4111.282,4123.077,4217.436,0.23017791173724286,0.02434519241063592,0.013546745913496642,0.23875179041879913,0.09396165057697826,0.2471069830251991,0.09377760031000308,0.33697108729802355,0.123799912962887,0.1748478342349716,0.3419710627244239,0.24468889599006338,0.03285190406988841,0.027779723416066358
1062.5,4229.744,4175.385,4132.821,4127.179,4221.538,0.23017791173724286,0.02434519241063592,0.013546745913496642,0.23875179041879913,0.09396165057697826,0.2471069830251991,0.09377760031000308,0.33697108729802355,0.123799912962887,0.1748478342349716,0.3419710627244239,0.24468889599006338,0.03285190406988841,0.027779723416066358
1070.3125,4234.872,4174.359,4134.359,4134.359,4232.308,0.23017791173724286,0.02434519241063592,0.013546745913496642,0.23875179041879913,0.09396165057697826,0.2471069830251991,0.09377760031000308,0.33697108729802355,0.123799912962887,0.1748478342349716,0.3419710627244239,0.24468889599006338,0.03285190406988841,0.027779723416066358
1078.125,4230.769,4190.769,4136.41,4136.923,4243.59,0.23017791173724286,0.02434519241063592,0.013546745913496642,0.23875179041879913,0.09396165057697826,0.2471069830251991,0.09377760031000308,0.33697108729802355,0.123799912962887,0.1748478342349716,0.3419710627244239,0.24468889599006338,0.03285190406988841,0.027779723416066358
1085.9375,4239.487,4180.0,4145.641,4143.077,4244.615,0.23017791173724286,0.02434519241063592,0.013546745913496642,0.23875179041879913,0.09396165057697826,0.2471069830251991,0.09377760031000308,0.33697108729802355,0.123799912962887,0.1748478342349716,0.3419710627244239,0.24468889599006338,0.03285190406988841,0.027779723416066358
1093.75,4235.385,4168.718,4134.872,4148.205,4240.513,0.23017791173724286,0.02434519241063592,0.013546745913496642,0.23875179041879913,0.09396165057697826,0.2471069830251991,0.09377760031000308,0.33697108729802355,0.123799912962887,0.1748478342349716,0.3419710627244239,0.24468889599006338,0.03285190406988841,0.027779723416066358
1101.5625,4221.026,4177.949,4126.667,4140.513,4229.744,0.23017791173724286,0.02434519241063592,0.013546745913496642,0.23875179041879913,0.09396165057697826,0.2471069830251991,0.09377760031000308,0.33697108729802355,0.123799912962887,0.1748478342349716,0.3419710627244239,0.24468889599006338,0.03285190406988841,0.027779723416066358
1109.375,4234.872,4174.359,4140.513,4133.846,4222.564,0.23017791173724286,0.02434519241063592,0.013546745913496642,0.23875179041879913,0.09396165057697826,0.2471069830251991,0.09377760031000308,0.33697108729802355,0.123799912962887,0.1748478342349716,0.3419710627244239,0.24468889599006338,0.03285190406988841,0.027779723416066358
1117.1875,4252.821,4170.256,4146.154,4143.077,4237.436,0.23017791173724286,0.02434519241063592,0.013546745913496642,0.23875179041879913,0.09396165057697826,0.2471069830251991,0.09377760031000308,0.33697108729802355,0.123799912962887,0.1748478342349716,0.3419710627244239,0.24468889599006338,0.03285190406988841,0.027779723416066358
1125.0,4247.692,4185.641,4136.923,4146.667,4255.897,0.23017791173724286,0.02434519241063592,0.013546745913496642,0.23875179041879913,0.09396165057697826,0.2471069830251991,0.09377760031000308,0.33697108729802355,0.123799912962887,0.1748478342349716,0.3419710627244239,0.24468889599006338,0.03285190406988841,0.027779723416066358
1132.8125,4234.359,4184.615,4131.795,4136.41,4238.462,0.23017791173724286,0.02434519241063592,0.013546745913496642,0.23875179041879913,0.09396165057697826,0.2471069830251991,0.09377760031000308,0.33697108729802355,0.123799912962887,0.1748478342349716,0.3419710627244239,0.24468889599006338,0.03285190406988841,0.027779723416066358
1140.625,4226.154,4170.256,4130.256,4133.333,4215.385,0.23017791173724286,0.02434519241063592,0.013546745913496642,0.23875179041879913,0.09396165057697826,0.2471069830251991,0.09377760031000308,0.33697108729802355,0.123799912962887,0.1748478342349716,0.3419710627244239,0.24468889599006338,0.03285190406988841,0.027779723416066358
1148.4375,4221.026,4176.923,4131.282,4131.795,4218.974,0.23017791173724286,0.02434519241063592,0.013546745913496642,0.23875179041879913,0.09396165057697826,0.2471069830251991,0.09377760031000308,0.33697108729802355,0.123799912962887,0.1748478342349716,0.3419710627244239,0.24468889599006338,0.03285190406988841,0.027779723416066358
1156.25,4220.0,4177.949,4128.718,4122.051,4220.0,0.23017791173724286,0.02434519241063592,0.013546745913496642,0.23875179041879913,0.09396165057697826,0.2471069830251991,0.09377760031000308,0.33697108729802355,0.123799912962887,0.1748478342349716,0.3419710627244239,0.24468889599006338,0.03285190406988841,0.027779723416066358
1164.0625,4217.949,4165.128,4121.026,4124.615,4209.231,0.23017791173724286,0.02434519241063592,0.013546745913496642,0.23875179041879913,0.09396165057697826,0.2471069830251991,0.09377760031000308,0.33697108729802355,0.123799912962887,0.1748478342349716,0.3419710627244239,0.24468889599006338,0.03285190406988841,0.027779723416066358
1171.875,4212.821,4169.744,4131.795,4133.846,4213.333,0.23017791173724286,0.02434519241063592,0.013546745913496642,0.23875179041879913,0.09396165057697826,0.2471069830251991,0.09377760031000308,0.33697108729802355,0.123799912962887,0.1748478342349716,0.3419710627244239,0.24468889599006338,0.03285190406988841,0.027779723416066358
1179.6875,4213.846,4178.974,4148.718,4133.846,4222.564,0.23017791173724286,0.02434519241063592,0.013546745913496642,0.23875179041879913,0.09396165057697826,0.2471069830251991,0.09377760031000308,0.33697108729802355,0.123799912962887,0.1748478342349716,0.3419710627244239,0.24468889599006338,0.03285190406988841,0.027779723416066358
1187.5,4216.923,4177.949,4134.359,4133.846,4215.897,0.23017791173724286,0.02434519241063592,0.013546745913496642,0.23875179041879913,0.09396165057697826,0.2471069830251991,0.09377760031000308,0.33697108729802355,0.123799912962887,0.1748478342349716,0.3419710627244239,0.24468889599006338,0.03285190406988841,0.027779723416066358
1195.3125,4213.333,4171.795,4116.41,4131.282,4209.744,0.23017791173724286,0.02434519241063592,0.013546745913496642,0.23875179041879913,0.09396165057697826,0.2471069830251991,0.09377760031000308,0.33697108729802355,0.123799912962887,0.1748478342349716,0.3419710627244239,0.24468889599006338,0.03285190406988841,0.027779723416066358
1203.125,4213.846,4161.538,4127.179,4128.718,4212.821,0.23017791173724286,0.02434519241063592,0.013546745913496642,0.23875179041879913,0.09396165057697826,0.2471069830251991,0.09377760031000308,0.33697108729802355,0.123799912962887,0.1748478342349716,0.3419710627244239,0.24468889599006338,0.03285190406988841,0.027779723416066358
1210.9375,4214.872,4165.641,4140.513,4139.487,4215.385,0.23017791173724286,0.02434519241063592,0.013546745913496642,0.23875179041879913,0.09396165057697826,0.2471069830251991,0.09377760031000308,0.33697108729802355,0.123799912962887,0.1748478342349716,0.3419710627244239,0.24468889599006338,0.03285190406988841,0.027779723416066358
1218.75,4210.769,4179.487,4143.077,4146.154,4215.897,0.23017791173724286,0.02434519241063592,0.013546745913496642,0.23875179041879913,0.09396165057697826,0.2471069830251991,0.09377760031000308,0.33697108729802355,0.123799912962887,0.1748478342349716,0.3419710627244239,0.24468889599006338,0.03285190406988841,0.027779723416066358
1226.5625,4215.897,4176.41,4145.128,4145.128,4221.538,0.23017791173724286,0.02434519241063592,0.013546745913496642,0.23875179041879913,0.09396165057697826,0.2471069830251991,0.09377760031000308,0.33697108729802355,0.123799912962887,0.1748478342349716,0.3419710627244239,0.24468889599006338,0.03285190406988841,0.027779723416066358
1234.375,4223.077,4162.051,4146.667,4143.59,4227.179,0.23017791173724286,0.02434519241063592,0.013546745913496642,0.23875179041879913,0.09396165057697826,0.2471069830251991,0.09377760031000308,0.33697108729802355,0.123799912962887,0.1748478342349716,0.3419710627244239,0.24468889599006338,0.03285190406988841,0.027779723416066358
1242.1875,4212.308,4153.333,4136.923,4133.846,4219.487,0.23017791173724286,0.02434519241063592,0.013546745913496642,0.23875179041879913,0.09396165057697826,0.2471069830251991,0.09377760031000308,0.33697108729802355,0.123799912962887,0.1748478342349716,0.3419710627244239,0.24468889599006338,0.03285190406988841,0.027779723416066358
1250.0,4201.026,4152.308,4113.846,4125.641,4210.769,0.23017791173724286,0.02434519241063592,0.013546745913496642,0.23875179041879913,0.09396165057697826,0.2471069830251991,0.09377760031000308,0.33697108729802355,0.123799912962887,0.1748478342349716,0.3419710627244239,0.24468889599006338,0.03285190406988841,0.027779723416066358
1257.8125,4205.641,4152.308,4102.564,4132.308,4210.769,0.23017791173724286,0.02434519241063592,0.013546745913496642,0.23875179041879913,0.09396165057697826,0.2471069830251991,0.09377760031000308,0.33697108729802355,0.123799912962887,0.1748478342349716,0.3419710627244239,0.24468889599006338,0.03285190406988841,0.027779723416066358
1265.625,4210.256,4151.795,4115.385,4140.513,4207.692,0.23017791173724286,0.02434519241063592,0.013546745913496642,0.23875179041879913,0.09396165057697826,0.2471069830251991,0.09377760031000308,0.33697108729802355,0.123799912962887,0.1748478342349716,0.3419710627244239,0.24468889599006338,0.03285190406988841,0.027779723416066358
1273.4375,4205.641,4155.897,4132.308,4132.821,4196.41,0.23017791173724286,0.02434519241063592,0.013546745913496642,0.23875179041879913,0.09396165057697826,0.2471069830251991,0.09377760031000308,0.33697108729802355,0.123799912962887,0.1748478342349716,0.3419710627244239,0.24468889599006338,0.03285190406988841,0.027779723416066358
1281.25,4206.154,4161.026,4136.923,4128.205,4192.308,0.23017791173724286,0.02434519241063592,0.013546745913496642,0.23875179041879913,0.09396165057697826,0.2471069830251991,0.09377760031000308,0.33697108729802355,0.123799912962887,0.1748478342349716,0.3419710627244239,0.24468889599006338,0.03285190406988841,0.027779723416066358
1289.0625,4213.846,4158.974,4129.744,4136.923,4197.436,0.23017791173724286,0.02434519241063592,0.013546745913496642,0.23875179041879913,0.09396165057697826,0.2471069830251991,0.09377760031000308,0.33697108729802355,0.123799912962887,0.1748478342349716,0.3419710627244239,0.24468889599006338,0.03285190406988841,0.027779723416066358
1296.875,4217.949,4153.333,4123.59,4137.436,4203.077,0.23017791173724286,0.02434519241063592,0.013546745913496642,0.23875179041879913,0.09396165057697826,0.2471069830251991,0.09377760031000308,0.33697108729802355,0.123799912962887,0.1748478342349716,0.3419710627244239,0.24468889599006338,0.03285190406988841,0.027779723416066358
1304.6875,4218.462,4152.821,4123.59,4132.308,4211.795,0.23017791173724286,0.02434519241063592,0.013546745913496642,0.23875179041879913,0.09396165057697826,0.2471069830251991,0.09377760031000308,0.33697108729802355,0.123799912962887,0.1748478342349716,0.3419710627244239,0.24468889599006338,0.03285190406988841,0.027779723416066358
1312.5,4218.462,4151.795,4118.974,4131.282,4215.385,0.23017791173724286,0.02434519241063592,0.013546745913496642,0.23875179041879913,0.09396165057697826,0.2471069830251991,0.09377760031000308,0.33697108729802355,0.123799912962887,0.1748478342349716,0.3419710627244239,0.24468889599006338,0.03285190406988841,0.027779723416066358
1320.3125,4207.179,4147.692,4109.744,4133.333,4204.615,0.23017791173724286,0.02434519241063592,0.013546745913496642,0.23875179041879913,0.09396165057697826,0.2471069830251991,0.09377760031000308,0.33697108729802355,0.123799912962887,0.1748478342349716,0.3419710627244239,0.24468889599006338,0.03285190406988841,0.027779723416066358
1328.125,4192.308,4142.564,4108.718,4134.872,4196.41,0.23017791173724286,0.02434519241063592,0.013546745913496642,0.23875179041879913,0.09396165057697826,0.2471069830251991,0.09377760031000308,0.33697108729802355,0.123799912962887,0.1748478342349716,0.3419710627244239,0.24468889599006338,0.03285190406988841,0.027779723416066358
1335.9375,4192.821,4141.026,4112.308,4135.897,4198.974,0.23017791173724286,0.02434519241063592,0.013546745913496642,0.23875179041879913,0.09396165057697826,0.2471069830251991,0.09377760031000308,0.33697108729802355,0.123799912962887,0.1748478342349716,0.3419710627244239,0.24468889599006338,0.03285190406988841,0.027779723416066358
1343.75,4197.949,4137.436,4112.308,4131.282,4195.385,0.23017791173724286,0.02434519241063592,0.013546745913496642,0.23875179041879913,0.09396165057697826,0.2471069830251991,0.09377760031000308,0.33697108729802355,0.123799912962887,0.1748478342349716,0.3419710627244239,0.24468889599006338,0.03285190406988841,0.027779723416066358
1351.5625,4190.769,4133.846,4115.897,4124.103,4185.641,0.23017791173724286,0.02434519241063592,0.013546745913496642,0.23875179041879913,0.09396165057697826,0.2471069830251991,0.09377760031000308,0.33697108729802355,0.123799912962887,0.1748478342349716,0.3419710627244239,0.24468889599006338,0.03285190406988841,0.027779723416066358
1359.375,4189.744,4136.41,4123.077,4126.154,4186.667,0.23017791173724286,0.02434519241063592,0.013546745913496642,0.23875179041879913,0.09396165057697826,0.2471069830251991,0.09377760031000308,0.33697108729802355,0.123799912962887,0.1748478342349716,0.3419710627244239,0.24468889599006338,0.03285190406988841,0.027779723416066358
1367.1875,4213.333,4144.615,4133.846,4140.513,4201.026,0.23017791173724286,0.02434519241063592,0.013546745913496642,0.23875179041879913,0.09396165057697826,0.2471069830251991,0.09377760031000308,0.33697108729802355,0.123799912962887,0.1748478342349716,0.3419710627244239,0.24468889599006338,0.03285190406988841,0.027779723416066358
1375.0,4231.282,4149.744,4148.205,4154.359,4216.41,0.23017791173724286,0.02434519241063592,0.013546745913496642,0.23875179041879913,0.09396165057697826,0.2471069830251991,0.09377760031000308,0.33697108729802355,0.123799912962887,0.1748478342349716,0.3419710627244239,0.24468889599006338,0.03285190406988841,0.027779723416066358
1382.8125,4212.821,4143.077,4145.641,4141.026,4209.744,0.23017791173724286,0.02434519241063592,0.013546745913496642,0.23875179041879913,0.09396165057697826,0.2471069830251991,0.09377760031000308,0.33697108729802355,0.123799912962887,0.1748478342349716,0.3419710627244239,0.24468889599006338,0.03285190406988841,0.027779723416066358
1390.625,4191.795,4132.308,4128.718,4124.615,4188.205,0.23017791173724286,0.02434519241063592,0.013546745913496642,0.23875179041879913,0.09396165057697826,0.2471069830251991,0.09377760031000308,0.33697108729802355,0.123799912962887,0.1748478342349716,0.3419710627244239,0.24468889599006338,0.03285190406988841,0.027779723416066358
1398.4375,4201.538,4136.923,4118.462,4138.462,4187.179,0.23017791173724286,0.02434519241063592,0.013546745913496642,0.23875179041879913,0.09396165057697826,0.2471069830251991,0.09377760031000308,0.33697108729802355,0.123799912962887,0.1748478342349716,0.3419710627244239,0.24468889599006338,0.03285190406988841,0.027779723416066358
1406.25,4217.436,4153.333,4122.051,4155.897,4206.154,0.23017791173724286,0.02434519241063592,0.013546745913496642,0.23875179041879913,0.09396165057697826,0.2471069830251991,0.09377760031000308,0.33697108729802355,0.123799912962887,0.1748478342349716,0.3419710627244239,0.24468889599006338,0.03285190406988841,0.027779723416066358
1414.0625,4216.923,4158.974,4135.385,4151.795,4209.744,0.23017791173724286,0.02434519241063592,0.013546745913496642,0.23875179041879913,0.09396165057697826,0.2471069830251991,0.09377760031000308,0.33697108729802355,0.123799912962887,0.1748478342349716,0.3419710627244239,0.24468889599006338,0.03285190406988841,0.027779723416066358
1421.875,4211.795,4147.692,4147.179,4143.59,4203.59,0.23017791173724286,0.02434519241063592,0.013546745913496642,0.23875179041879913,0.09396165057697826,0.2471069830251991,0.09377760031000308,0.33697108729802355,0.123799912962887,0.1748478342349716,0.3419710627244239,0.24468889599006338,0.03285190406988841,0.027779723416066358
1429.6875,4214.359,4136.41,4148.718,4150.769,4210.256,0.23017791173724286,0.02434519241063592,0.013546745913496642,0.23875179041879913,0.09396165057697826,0.2471069830251991,0.09377760031000308,0.33697108729802355,0.123799912962887,0.1748478342349716,0.3419710627244239,0.24468889599006338,0.03285190406988841,0.027779723416066358
1437.5,4213.333,4137.436,4140.513,4153.333,4209.744,0.23017791173724286,0.02434519241063592,0.013546745913496642,0.23875179041879913,0.09396165057697826,0.2471069830251991,0.09377760031000308,0.33697108729802355,0.123799912962887,0.1748478342349716,0.3419710627244239,0.24468889599006338,0.03285190406988841,0.027779723416066358
1445.3125,4195.385,4133.846,4128.718,4137.436,4187.692,0.23017791173724286,0.02434519241063592,0.013546745913496642,0.23875179041879913,0.09396165057697826,0.2471069830251991,0.09377760031000308,0.33697108729802355,0.123799912962887,0.1748478342349716,0.3419710627244239,0.24468889599006338,0.03285190406988841,0.027779723416066358
1453.125,4176.923,4123.077,4118.974,4121.026,4174.872,0.23017791173724286,0.02434519241063592,0.013546745913496642,0.23875179041879913,0.09396165057697826,0.2471069830251991,0.09377760031000308,0.33697108729802355,0.123799912962887,0.1748478342349716,0.3419710627244239,0.24468889599006338,0.03285190406988841,0.027779723416066358
1460.9375,4188.718,4123.59,4120.513,4127.692,4181.026,0.23017791173724286,0.02434519241063592,0.013546745913496642,0.23875179041879913,0.09396165057697826,0.2471069830251991,0.09377760031000308,0.33697108729802355,0.123799912962887,0.1748478342349716,0.3419710627244239,0.24468889599006338,0.03285190406988841,0.027779723416066358
1468.75,4210.256,4133.846,4125.641,4145.128,4187.179,0.23017791173724286,0.02434519241063592,0.013546745913496642,0.23875179041879913,0.09396165057697826,0.2471069830251991,0.09377760031000308,0.33697108729802355,0.123799912962887,0.1748478342349716,0.3419710627244239,0.24468889599006338,0.03285190406988841,0.027779723416066358
1476.5625,4207.692,4140.0,4130.769,4146.667,4185.128,0.23017791173724286,0.02434519241063592,0.013546745913496642,0.23875179041879913,0.09396165057697826,0.2471069830251991,0.09377760031000308,0.33697108729802355,0.123799912962887,0.1748478342349716,0.3419710627244239,0.24468889599006338,0.03285190406988841,0.027779723416066358
1484.375,4208.718,4138.462,4153.846,4143.077,4184.103,0.23017791173724286,0.02434519241063592,0.013546745913496642,0.23875179041879913,0.09396165057697826,0.2471069830251991,0.09377760031000308,0.33697108729802355,0.123799912962887,0.1748478342349716,0.3419710627244239,0.24468889599006338,0.03285190406988841,0.027779723416066358
1492.1875,4226.667,4138.974,4166.667,4156.41,4193.846,0.23017791173724286,0.02434519241063592,0.013546745913496642,0.23875179041879913,0.09396165057697826,0.2471069830251991,0.09377760031000308,0.33697108729802355,0.123799912962887,0.1748478342349716,0.3419710627244239,0.24468889599006338,0.03285190406988841,0.027779723416066358
1500.0,4224.615,4145.641,4156.41,4164.615,4204.615,0.23017791173724286,0.02434519241063592,0.013546745913496642,0.23875179041879913,0.09396165057697826,0.2471069830251991,0.09377760031000308,0.33697108729802355,0.123799912962887,0.1748478342349716,0.3419710627244239,0.24468889599006338,0.03285190406988841,0.027779723416066358
1507.8125,4221.538,4145.641,4163.077,4155.897,4200.513,0.23017791173724286,0.02434519241063592,0.013546745913496642,0.23875179041879913,0.09396165057697826,0.2471069830251991,0.09377760031000308,0.33697108729802355,0.123799912962887,0.1748478342349716,0.3419710627244239,0.24468889599006338,0.03285190406988841,0.027779723416066358
1515.625,4258.974,4139.487,4176.923,4160.513,4212.821,0.23017791173724286,0.02434519241063592,0.013546745913496642,0.23875179041879913,0.09396165057697826,0.2471069830251991,0.09377760031000308,0.33697108729802355,0.123799912962887,0.1748478342349716,0.3419710627244239,0.24468889599006338,0.03285190406988841,0.027779723416066358
1523.4375,4308.205,4144.615,4163.59,4169.744,4256.41,0.23017791173724286,0.02434519241063592,0.013546745913496642,0.23875179041879913,0.09396165057697826,0.2471069830251991,0.09377760031000308,0.33697108729802355,0.123799912962887,0.1748478342349716,0.3419710627244239,0.24468889599006338,0.03285190406988841,0.027779723416066358
1531.25,4340.0,4150.256,4159.487,4170.256,4296.41,0.23017791173724286,0.02434519241063592,0.013546745913496642,0.23875179041879913,0.09396165057697826,0.2471069830251991,0.09377760031000308,0.33697108729802355,0.123799912962887,0.1748478342349716,0.3419710627244239,0.24468889599006338,0.03285190406988841,0.027779723416066358
1539.0625,4376.923,4151.282,4183.077,4180.0,4323.59,0.23017791173724286,0.02434519241063592,0.013546745913496642,0.23875179041879913,0.09396165057697826,0.2471069830251991,0.09377760031000308,0.33697108729802355,0.123799912962887,0.1748478342349716,0.3419710627244239,0.24468889599006338,0.03285190406988841,0.027779723416066358
1546.875,4439.487,4160.513,4196.41,4185.128,4359.487,0.23017791173724286,0.02434519241063592,0.013546745913496642,0.23875179041879913,0.09396165057697826,0.2471069830251991,0.09377760031000308,0.33697108729802355,0.123799912962887,0.1748478342349716,0.3419710627244239,0.24468889599006338,0.03285190406988841,0.027779723416066358
1554.6875,4516.923,4166.667,4188.205,4175.385,4404.615,0.23017791173724286,0.02434519241063592,0.013546745913496642,0.23875179041879913,0.09396165057697826,0.2471069830251991,0.09377760031000308,0.33697108729802355,0.123799912962887,0.1748478342349716,0.3419710627244239,0.24468889599006338,0.03285190406988841,0.027779723416066358
1562.5,4571.795,4165.641,4189.231,4178.462,4431.795,0.23017791173724286,0.02434519241063592,0.013546745913496642,0.23875179041879913,0.09396165057697826,0.2471069830251991,0.09377760031000308,0.33697108729802355,0.123799912962887,0.1748478342349716,0.3419710627244239,0.24468889599006338,0.03285190406988841,0.027779723416066358
1570.3125,4577.949,4166.667,4194.359,4180.0,4427.692,0.23017791173724286,0.02434519241063592,0.013546745913496642,0.23875179041879913,0.09396165057697826,0.2471069830251991,0.09377760031000308,0.33697108729802355,0.123799912962887,0.1748478342349716,0.3419710627244239,0.24468889599006338,0.03285190406988841,0.027779723416066358
1578.125,4559.487,4165.128,4178.462,4165.128,4418.974,0.23017791173724286,0.02434519241063592,0.013546745913496642,0.23875179041879913,0.09396165057697826,0.2471069830251991,0.09377760031000308,0.33697108729802355,0.123799912962887,0.1748478342349716,0.3419710627244239,0.24468889599006338,0.03285190406988841,0.027779723416066358
1585.9375,4548.718,4162.564,4163.077,4171.282,4432.308,0.23017791173724286,0.02434519241063592,0.013546745913496642,0.23875179041879913,0.09396165057697826,0.2471069830251991,0.09377760031000308,0.33697108729802355,0.123799912962887,0.1748478342349716,0.3419710627244239,0.24468889599006338,0.03285190406988841,0.027779723416066358
1593.75,4544.103,4163.077,4178.974,4197.949,4438.974,0.23017791173724286,0.02434519241063592,0.013546745913496642,0.23875179041879913,0.09396165057697826,0.2471069830251991,0.09377760031000308,0.33697108729802355,0.123799912962887,0.1748478342349716,0.3419710627244239,0.24468889599006338,0.03285190406988841,0.027779723416066358
1601.5625,4509.231,4156.41,4193.333,4200.0,4400.0,0.23017791173724286,0.02434519241063592,0.013546745913496642,0.23875179041879913,0.09396165057697826,0.2471069830251991,0.09377760031000308,0.33697108729802355,0.123799912962887,0.1748478342349716,0.3419710627244239,0.24468889599006338,0.03285190406988841,0.027779723416066358
1609.375,4444.103,4148.718,4185.641,4180.513,4347.692,0.23017791173724286,0.02434519241063592,0.013546745913496642,0.23875179041879913,0.09396165057697826,0.2471069830251991,0.09377760031000308,0.33697108729802355,0.123799912962887,0.1748478342349716,0.3419710627244239,0.24468889599006338,0.03285190406988841,0.027779723416066358
1617.1875,4394.872,4148.718,4184.615,4174.359,4322.564,0.23017791173724286,0.02434519241063592,0.013546745913496642,0.23875179041879913,0.09396165057697826,0.2471069830251991,0.09377760031000308,0.33697108729802355,0.123799912962887,0.1748478342349716,0.3419710627244239,0.24468889599006338,0.03285190406988841,0.027779723416066358
1625.0,4361.026,4140.0,4187.179,4171.282,4300.0,0.23017791173724286,0.02434519241063592,0.013546745913496642,0.23875179041879913,0.09396165057697826,0.2471069830251991,0.09377760031000308,0.33697108729802355,0.123799912962887,0.1748478342349716,0.3419710627244239,0.24468889599006338,0.03285190406988841,0.027779723416066358
1632.8125,4327.692,4121.538,4177.949,4158.974,4268.718,0.23017791173724286,0.02434519241063592,0.013546745913496642,0.23875179041879913,0.09396165057697826,0.2471069830251991,0.09377760031000308,0.33697108729802355,0.123799912962887,0.1748478342349716,0.3419710627244239,0.24468889599006338,0.03285190406988841,0.027779723416066358
1640.625,4308.718,4126.154,4174.359,4165.128,4260.513,0.23017791173724286,0.02434519241063592,0.013546745913496642,0.23875179041879913,0.09396165057697826,0.2471069830251991,0.09377760031000308,0.33697108729802355,0.123799912962887,0.1748478342349716,0.3419710627244239,0.24468889599006338,0.03285190406988841,0.027779723416066358
1648.4375,4291.795,4149.231,4176.41,4181.026,4267.179,0.23017791173724286,0.02434519241063592,0.013546745913496642,0.23875179041879913,0.09396165057697826,0.2471069830251991,0.09377760031000308,0.33697108729802355,0.123799912962887,0.1748478342349716,0.3419710627244239,0.24468889599006338,0.03285190406988841,0.027779723416066358
1656.25,4265.128,4151.282,4175.897,4176.923,4248.205,0.23017791173724286,0.02434519241063592,0.013546745913496642,0.23875179041879913,0.09396165057697826,0.2471069830251991,0.09377760031000308,0.33697108729802355,0.123799912962887,0.1748478342349716,0.3419710627244239,0.24468889599006338,0.03285190406988841,0.027779723416066358
1664.0625,4245.128,4132.821,4172.821,4165.641,4218.462,0.23017791173724286,0.02434519241063592,0.013546745913496642,0.23875179041879913,0.09396165057697826,0.2471069830251991,0.09377760031000308,0.33697108729802355,0.123799912962887,0.1748478342349716,0.3419710627244239,0.24468889599006338,0.03285190406988841,0.027779723416066358
1671.875,4228.205,4128.205,4166.154,4163.077,4208.205,0.23017791173724286,0.02434519241063592,0.013546745913496642,0.23875179041879913,0.09396165057697826,0.2471069830251991,0.09377760031000308,0.33697108729802355,0.123799912962887,0.1748478342349716,0.3419710627244239,0.24468889599006338,0.03285190406988841,0.027779723416066358
1679.6875,4212.821,4135.897,4166.667,4160.513,4202.051,0.23017791173724286,0.02434519241063592,0.013546745913496642,0.23875179041879913,0.09396165057697826,0.2471069830251991,0.09377760031000308,0.33697108729802355,0.123799912962887,0.1748478342349716,0.3419710627244239,0.24468889599006338,0.03285190406988841,0.027779723416066358
1687.5,4214.359,4135.385,4180.0,4165.641,4193.333,0.23017791173724286,0.02434519241063592,0.013546745913496642,0.23875179041879913,0.09396165057697826,0.2471069830251991,0.09377760031000308,0.33697108729802355,0.123799912962887,0.1748478342349716,0.3419710627244239,0.24468889599006338,0.03285190406988841,0.027779723416066358
1695.3125,4210.769,4140.0,4178.462,4165.641,4190.256,0.23017791173724286,0.02434519241063592,0.013546745913496642,0.23875179041879913,0.09396165057697826,0.2471069830251991,0.09377760031000308,0.33697108729802355,0.123799912962887,0.1748478342349716,0.3419710627244239,0.24468889599006338,0.03285190406988841,0.027779723416066358
1703.125,4198.974,4144.615,4167.179,4153.333,4191.282,0.23017791173724286,0.02434519241063592,0.013546745913496642,0.23875179041879913,0.09396165057697826,0.2471069830251991,0.09377760031000308,0.33697108729802355,0.123799912962887,0.1748478342349716,0.3419710627244239,0.24468889599006338,0.03285190406988841,0.027779723416066358
1710.9375,4201.026,4136.41,4164.615,4150.256,4190.769,0.23017791173724286,0.02434519241063592,0.013546745913496642,0.23875179041879913,0.09396165057697826,0.2471069830251991,0.09377760031000308,0.33697108729802355,0.123799912962887,0.1748478342349716,0.3419710627244239,0.24468889599006338,0.03285190406988841,0.027779723416066358
1718.75,4191.795,4132.308,4156.41,4145.641,4181.026,0.23017791173724286,0.02434519241063592,0.013546745913496642,0.23875179041879913,0.09396165057697826,0.2471069830251991,0.09377760031000308,0.33697108729802355,0.123799912962887,0.1748478342349716,0.3419710627244239,0.24468889599006338,0.03285190406988841,0.027779723416066358
1726.5625,4173.846,4136.41,4148.718,4139.487,4172.821,0.23017791173724286,0.02434519241063592,0.013546745913496642,0.23875179041879913,0.09396165057697826,0.2471069830251991,0.09377760031000308,0.33697108729802355,0.123799912962887,0.1748478342349716,0.3419710627244239,0.24468889599006338,0.03285190406988841,0.027779723416066358
1734.375,4181.538,4146.667,4167.179,4151.282,4185.641,0.23017791173724286,0.02434519241063592,0.013546745913496642,0.23875179041879913,0.09396165057697826,0.2471069830251991,0.09377760031000308,0.33697108729802355,0.123799912962887,0.1748478342349716,0.3419710627244239,0.24468889599006338,0.03285190406988841,0.027779723416066358
1742.1875,4194.872,4157.949,4190.256,4175.385,4201.538,0.23017791173724286,0.02434519241063592,0.013546745913496642,0.23875179041879913,0.09396165057697826,0.2471069830251991,0.09377760031000308,0.33697108729802355,0.123799912962887,0.1748478342349716,0.3419710627244239,0.24468889599006338,0.03285190406988841,0.027779723416066358
1750.0,4176.41,4157.436,4185.641,4178.462,4189.744,0.23017791173724286,0.02434519241063592,0.013546745913496642,0.23875179041879913,0.09396165057697826,0.2471069830251991,0.09377760031000308,0.33697108729802355,0.123799912962887,0.1748478342349716,0.3419710627244239,0.24468889599006338,0.03285190406988841,0.027779723416066358
1757.8125,4157.436,4146.154,4178.462,4164.615,4172.821,0.23017791173724286,0.02434519241063592,0.013546745913496642,0.23875179041879913,0.09396165057697826,0.2471069830251991,0.09377760031000308,0.33697108729802355,0.123799912962887,0.1748478342349716,0.3419710627244239,0.24468889599006338,0.03285190406988841,0.027779723416066358
1765.625,4171.795,4146.154,4188.718,4166.667,4180.0,0.23017791173724286,0.02434519241063592,0.013546745913496642,0.23875179041879913,0.09396165057697826,0.2471069830251991,0.09377760031000308,0.33697108729802355,0.123799912962887,0.1748478342349716,0.3419710627244239,0.24468889599006338,0.03285190406988841,0.027779723416066358
1773.4375,4177.949,4155.897,4189.744,4170.256,4181.026,0.23017791173724286,0.02434519241063592,0.013546745913496642,0.23875179041879913,0.09396165057697826,0.2471069830251991,0.09377760031000308,0.33697108729802355,0.123799912962887,0.1748478342349716,0.3419710627244239,0.24468889599006338,0.03285190406988841,0.027779723416066358
1781.25,4165.128,4156.41,4175.897,4163.077,4172.308,0.23017791173724286,0.02434519241063592,0.013546745913496642,0.23875179041879913,0.09396165057697826,0.2471069830251991,0.09377760031000308,0.33697108729802355,0.123799912962887,0.1748478342349716,0.3419710627244239,0.24468889599006338,0.03285190406988841,0.027779723416066358
1789.0625,4158.462,4154.872,4175.385,4160.513,4175.897,0.23017791173724286,0.02434519241063592,0.013546745913496642,0.23875179041879913,0.09396165057697826,0.2471069830251991,0.09377760031000308,0.33697108729802355,0.123799912962887,0.1748478342349716,0.3419710627244239,0.24468889599006338,0.03285190406988841,0.027779723416066358
1796.875,4162.051,4152.821,4188.718,4172.821,4183.077,0.23017791173724286,0.02434519241063592,0.013546745913496642,0.23875179041879913,0.09396165057697826,0.2471069830251991,0.09377760031000308,0.33697108729802355,0.123799912962887,0.1748478342349716,0.3419710627244239,0.24468889599006338,0.03285190406988841,0.027779723416066358
1804.6875,4167.179,4153.846,4188.205,4184.615,4184.103,0.23017791173724286,0.02434519241063592,0.013546745913496642,0.23875179041879913,0.09396165057697826,0.2471069830251991,0.09377760031000308,0.33697108729802355,0.123799912962887,0.1748478342349716,0.3419710627244239,0.24468889599006338,0.03285190406988841,0.027779723416066358
1812.5,4168.718,4157.436,4186.667,4185.128,4183.077,0.23017791173724286,0.02434519241063592,0.013546745913496642,0.23875179041879913,0.09396165057697826,0.2471069830251991,0.09377760031000308,0.33697108729802355,0.123799912962887,0.1748478342349716,0.3419710627244239,0.24468889599006338,0.03285190406988841,0.027779723416066358
1820.3125,4160.0,4154.872,4188.205,4190.256,4181.026,0.23017791173724286,0.02434519241063592,0.013546745913496642,0.23875179041879913,0.09396165057697826,0.2471069830251991,0.09377760031000308,0.33697108729802355,0.123799912962887,0.1748478342349716,0.3419710627244239,0.24468889599006338,0.03285190406988841,0.027779723416066358
1828.125,4148.718,4152.821,4187.692,4192.308,4173.846,0.23017791173724286,0.02434519241063592,0.013546745913496642,0.23875179041879913,0.09396165057697826,0.2471069830251991,0.09377760031000308,0.33697108729802355,0.123799912962887,0.1748478342349716,0.3419710627244239,0.24468889599006338,0.03285190406988841,0.027779723416066358
1835.9375,4147.179,4161.538,4186.154,4188.718,4171.795,0.23017791173724286,0.02434519241063592,0.013546745913496642,0.23875179041879913,0.09396165057697826,0.2471069830251991,0.09377760031000308,0.33697108729802355,0.123799912962887,0.1748478342349716,0.3419710627244239,0.24468889599006338,0.03285190406988841,0.027779723416066358
1843.75,4144.615,4163.59,4175.897,4178.974,4168.718,0.23017791173724286,0.02434519241063592,0.013546745913496642,0.23875179041879913,0.09396165057697826,0.2471069830251991,0.09377760031000308,0.33697108729802355,0.123799912962887,0.1748478342349716,0.3419710627244239,0.24468889599006338,0.03285190406988841,0.027779723416066358
1851.5625,4141.026,4152.308,4170.769,4165.641,4160.513,0.23017791173724286,0.02434519241063592,0.013546745913496642,0.23875179041879913,0.09396165057697826,0.2471069830251991,0.09377760031000308,0.33697108729802355,0.123799912962887,0.1748478342349716,0.3419710627244239,0.24468889599006338,0.03285190406988841,0.027779723416066358
1859.375,4142.051,4152.821,4177.436,4164.103,4158.462,0.23017791173724286,0.02434519241063592,0.013546745913496642,0.23875179041879913,0.09396165057697826,0.2471069830251991,0.09377760031000308,0.33697108729802355,0.123799912962887,0.1748478342349716,0.3419710627244239,0.24468889599006338,0.03285190406988841,0.027779723416066358
1867.1875,4141.538,4164.103,4178.974,4173.333,4152.821,0.23017791173724286,0.02434519241063592,0.013546745913496642,0.23875179041879913,0.09396165057697826,0.2471069830251991,0.09377760031000308,0.33697108729802355,0.123799912962887,0.1748478342349716,0.3419710627244239,0.24468889599006338,0.03285190406988841,0.027779723416066358
1875.0,4142.564,4157.949,4162.051,4177.436,4148.718,0.23017791173724286,0.02434519241063592,0.013546745913496642,0.23875179041879913,0.09396165057697826,0.2471069830251991,0.09377760031000308,0.33697108729802355,0.123799912962887,0.1748478342349716,0.3419710627244239,0.24468889599006338,0.03285190406988841,0.027779723416066358
1882.8125,4143.59,4152.821,4150.256,4169.744,4153.846,0.23017791173724286,0.02434519241063592,0.013546745913496642,0.23875179041879913,0.09396165057697826,0.2471069830251991,0.09377760031000308,0.33697108729802355,0.123799912962887,0.1748478342349716,0.3419710627244239,0.24468889599006338,0.03285190406988841,0.027779723416066358
1890.625,4144.103,4163.077,4156.923,4165.128,4159.487,0.23017791173724286,0.02434519241063592,0.013546745913496642,0.23875179041879913,0.09396165057697826,0.2471069830251991,0.09377760031000308,0.33697108729802355,0.123799912962887,0.1748478342349716,0.3419710627244239,0.24468889599006338,0.03285190406988841,0.027779723416066358
1898.4375,4141.026,4165.128,4156.41,4163.077,4157.949,0.23017791173724286,0.02434519241063592,0.013546745913496642,0.23875179041879913,0.09396165057697826,0.2471069830251991,0.09377760031000308,0.33697108729802355,0.123799912962887,0.1748478342349716,0.3419710627244239,0.24468889599006338,0.03285190406988841,0.027779723416066358
1906.25,4138.974,4154.872,4152.308,4158.974,4156.41,0.23017791173724286,0.02434519241063592,0.013546745913496642,0.23875179041879913,0.09396165057697826,0.2471069830251991,0.09377760031000308,0.33697108729802355,0.123799912962887,0.1748478342349716,0.3419710627244239,0.24468889599006338,0.03285190406988841,0.027779723416066358
1914.0625,4139.487,4156.923,4160.0,4152.308,4161.538,0.23017791173724286,0.02434519241063592,0.013546745913496642,0.23875179041879913,0.09396165057697826,0.2471069830251991,0.09377760031000308,0.33697108729802355,0.123799912962887,0.1748478342349716,0.3419710627244239,0.24468889599006338,0.03285190406988841,0.027779723416066358
1921.875,4135.897,4162.051,4170.256,4147.179,4159.487,0.23017791173724286,0.02434519241063592,0.013546745913496642,0.23875179041879913,0.09396165057697826,0.2471069830251991,0.09377760031000308,0.33697108729802355,0.123799912962887,0.1748478342349716,0.3419710627244239,0.24468889599006338,0.03285190406988841,0.027779723416066358
1929.6875,4130.256,4153.846,4167.179,4160.0,4152.308,0.23017791173724286,0.02434519241063592,0.013546745913496642,0.23875179041879913,0.09396165057697826,0.2471069830251991,0.09377760031000308,0.33697108729802355,0.123799912962887,0.1748478342349716,0.3419710627244239,0.24468889599006338,0.03285190406988841,0.027779723416066358
1937.5,4137.949,4149.231,4170.769,4183.077,4153.846,0.23017791173724286,0.02434519241063592,0.013546745913496642,0.23875179041879913,0.09396165057697826,0.2471069830251991,0.09377760031000308,0.33697108729802355,0.123799912962887,0.1748478342349716,0.3419710627244239,0.24468889599006338,0.03285190406988841,0.027779723416066358
1945.3125,4152.308,4161.026,4176.41,4192.821,4169.231,0.23017791173724286,0.02434519241063592,0.013546745913496642,0.23875179041879913,0.09396165057697826,0.2471069830251991,0.09377760031000308,0.33697108729802355,0.123799912962887,0.1748478342349716,0.3419710627244239,0.24468889599006338,0.03285190406988841,0.027779723416066358
1953.125,4151.795,4172.308,4172.308,4188.205,4168.718,0.23017791173724286,0.02434519241063592,0.013546745913496642,0.23875179041879913,0.09396165057697826,0.2471069830251991,0.09377760031000308,0.33697108729802355,0.123799912962887,0.1748478342349716,0.3419710627244239,0.24468889599006338,0.03285190406988841,0.027779723416066358
1960.9375,4136.41,4179.487,4169.744,4176.923,4148.718,0.23017791173724286,0.02434519241063592,0.013546745913496642,0.23875179041879913,0.09396165057697826,0.2471069830251991,0.09377760031000308,0.33697108729802355,0.123799912962887,0.1748478342349716,0.3419710627244239,0.24468889599006338,0.03285190406988841,0.027779723416066358
1968.75,4131.282,4184.103,4174.872,4164.615,4143.077,0.23017791173724286,0.02434519241063592,0.013546745913496642,0.23875179041879913,0.09396165057697826,0.2471069830251991,0.09377760031000308,0.33697108729802355,0.123799912962887,0.1748478342349716,0.3419710627244239,0.24468889599006338,0.03285190406988841,0.027779723416066358
1976.5625,4138.974,4183.59,4169.231,4162.051,4149.744,0.23017791173724286,0.02434519241063592,0.013546745913496642,0.23875179041879913,0.09396165057697826,0.2471069830251991,0.09377760031000308,0.33697108729802355,0.123799912962887,0.1748478342349716,0.3419710627244239,0.24468889599006338,0.03285190406988841,0.027779723416066358
1984.375,4142.051,4174.359,4153.846,4160.0,4146.154,0.23017791173724286,0.02434519241063592,0.013546745913496642,0.23875179041879913,0.09396165057697826,0.2471069830251991,0.09377760031000308,0.33697108729802355,0.123799912962887,0.1748478342349716,0.3419710627244239,0.24468889599006338,0.03285190406988841,0.027779723416066358
1992.1875,4148.205,4171.282,4148.205,4163.077,4149.231,0.23017791173724286,0.02434519241063592,0.013546745913496642,0.23875179041879913,0.09396165057697826,0.2471069830251991,0.09377760031000308,0.33697108729802355,0.123799912962887,0.1748478342349716,0.3419710627244239,0.24468889599006338,0.03285190406988841,0.027779723416066358
2000.0,4159.487,4177.436,4157.436,4173.333,4158.462,0.23017791173724286,0.02434519241063592,0.013546745913496642,0.23875179041879913,0.09396165057697826,0.2471069830251991,0.09377760031000308,0.33697108729802355,0.123799912962887,0.1748478342349716,0.3419710627244239,0.24468889599006338,0.03285190406988841,0.027779723416066358
2007.8125,4161.538,4184.103,4165.641,4172.308,4158.974,0.23017791173724286,0.02434519241063592,0.013546745913496642,0.23875179041879913,0.09396165057697826,0.2471069830251991,0.09377760031000308,0.33697108729802355,0.123799912962887,0.1748478342349716,0.3419710627244239,0.24468889599006338,0.03285190406988841,0.027779723416066358
2015.625,4156.923,4187.179,4165.128,4173.846,4164.615,0.23017791173724286,0.02434519241063592,0.013546745913496642,0.23875179041879913,0.09396165057697826,0.2471069830251991,0.09377760031000308,0.33697108729802355,0.123799912962887,0.1748478342349716,0.3419710627244239,0.24468889599006338,0.03285190406988841,0.027779723416066358
2023.4375,4153.846,4187.179,4158.974,4188.205,4171.795,0.23017791173724286,0.02434519241063592,0.013546745913496642,0.23875179041879913,0.09396165057697826,0.2471069830251991,0.09377760031000308,0.33697108729802355,0.123799912962887,0.1748478342349716,0.3419710627244239,0.24468889599006338,0.03285190406988841,0.027779723416066358
2031.25,4141.026,4178.974,4154.359,4188.718,4161.026,0.23017791173724286,0.02434519241063592,0.013546745913496642,0.23875179041879913,0.09396165057697826,0.2471069830251991,0.09377760031000308,0.33697108729802355,0.123799912962887,0.1748478342349716,0.3419710627244239,0.24468889599006338,0.03285190406988841,0.027779723416066358
2039.0625,4129.744,4176.923,4158.462,4177.949,4153.846,0.23017791173724286,0.02434519241063592,0.013546745913496642,0.23875179041879913,0.09396165057697826,0.2471069830251991,0.09377760031000308,0.33697108729802355,0.123799912962887,0.1748478342349716,0.3419710627244239,0.24468889599006338,0.03285190406988841,0.027779723416066358
2046.875,4136.41,4188.205,4168.718,4172.821,4155.897,0.23017791173724286,0.02434519241063592,0.013546745913496642,0.23875179041879913,0.09396165057697826,0.2471069830251991,0.09377760031000308,0.33697108729802355,0.123799912962887,0.1748478342349716,0.3419710627244239,0.24468889599006338,0.03285190406988841,0.027779723416066358
2054.6875,4145.128,4196.923,4171.282,4166.154,4154.359,0.23017791173724286,0.02434519241063592,0.013546745913496642,0.23875179041879913,0.09396165057697826,0.2471069830251991,0.09377760031000308,0.33697108729802355,0.123799912962887,0.1748478342349716,0.3419710627244239,0.24468889599006338,0.03285190406988841,0.027779723416066358
2062.5,4140.0,4197.949,4166.154,4160.0,4149.744,0.23017791173724286,0.02434519241063592,0.013546745913496642,0.23875179041879913,0.09396165057697826,0.2471069830251991,0.09377760031000308,0.33697108729802355,0.123799912962887,0.1748478342349716,0.3419710627244239,0.24468889599006338,0.03285190406988841,0.027779723416066358
2070.3125,4133.846,4198.462,4158.974,4162.564,4146.667,0.23017791173724286,0.02434519241063592,0.013546745913496642,0.23875179041879913,0.09396165057697826,0.2471069830251991,0.09377760031000308,0.33697108729802355,0.123799912962887,0.1748478342349716,0.3419710627244239,0.24468889599006338,0.03285190406988841,0.027779723416066358
2078.125,4140.0,4194.872,4157.949,4162.051,4149.231,0.23017791173724286,0.02434519241063592,0.013546745913496642,0.23875179041879913,0.09396165057697826,0.2471069830251991,0.09377760031000308,0.33697108729802355,0.123799912962887,0.1748478342349716,0.3419710627244239,0.24468889599006338,0.03285190406988841,0.027779723416066358
2085.9375,4149.231,4189.744,4163.59,4164.103,4158.974,0.23017791173724286,0.02434519241063592,0.013546745913496642,0.23875179041879913,0.09396165057697826,0.2471069830251991,0.09377760031000308,0.33697108729802355,0.123799912962887,0.1748478342349716,0.3419710627244239,0.24468889599006338,0.03285190406988841,0.027779723416066358
2093.75,4148.205,4184.103,4159.487,4167.692,4163.077,0.23017791173724286,0.02434519241063592,0.013546745913496642,0.23875179041879913,0.09396165057697826,0.2471069830251991,0.09377760031000308,0.33697108729802355,0.123799912962887,0.1748478342349716,0.3419710627244239,0.24468889599006338,0.03285190406988841,0.027779723416066358
2101.5625,4145.641,4178.974,4148.718,4162.051,4156.923,0.23017791173724286,0.02434519241063592,0.013546745913496642,0.23875179041879913,0.09396165057697826,0.2471069830251991,0.09377760031000308,0.33697108729802355,0.123799912962887,0.1748478342349716,0.3419710627244239,0.24468889599006338,0.03285190406988841,0.027779723416066358
2109.375,4147.692,4182.051,4149.231,4158.974,4161.026,0.23017791173724286,0.02434519241063592,0.013546745913496642,0.23875179041879913,0.09396165057697826,0.2471069830251991,0.09377760031000308,0.33697108729802355,0.123799912962887,0.1748478342349716,0.3419710627244239,0.24468889599006338,0.03285190406988841,0.027779723416066358
2117.1875,4148.718,4193.846,4154.872,4159.487,4160.0,0.23017791173724286,0.02434519241063592,0.013546745913496642,0.23875179041879913,0.09396165057697826,0.2471069830251991,0.09377760031000308,0.33697108729802355,0.123799912962887,0.1748478342349716,0.3419710627244239,0.24468889599006338,0.03285190406988841,0.027779723416066358
2125.0,4137.436,4194.359,4150.256,4153.846,4151.795,0.23017791173724286,0.02434519241063592,0.013546745913496642,0.23875179041879913,0.09396165057697826,0.2471069830251991,0.09377760031000308,0.33697108729802355,0.123799912962887,0.1748478342349716,0.3419710627244239,0.24468889599006338,0.03285190406988841,0.027779723416066358
2132.8125,4131.795,4178.974,4137.949,4152.308,4153.846,0.23017791173724286,0.02434519241063592,0.013546745913496642,0.23875179041879913,0.09396165057697826,0.2471069830251991,0.09377760031000308,0.33697108729802355,0.123799912962887,0.1748478342349716,0.3419710627244239,0.24468889599006338,0.03285190406988841,0.027779723416066358
2140.625,4140.513,4174.872,4125.641,4159.487,4158.462,0.23017791173724286,0.02434519241063592,0.013546745913496642,0.23875179041879913,0.09396165057697826,0.2471069830251991,0.09377760031000308,0.33697108729802355,0.123799912962887,0.1748478342349716,0.3419710627244239,0.24468889599006338,0.03285190406988841,0.027779723416066358
2148.4375,4147.692,4187.179,4133.333,4166.154,4163.077,0.23017791173724286,0.02434519241063592,0.013546745913496642,0.23875179041879913,0.09396165057697826,0.2471069830251991,0.09377760031000308,0.33697108729802355,0.123799912962887,0.1748478342349716,0.3419710627244239,0.24468889599006338,0.03285190406988841,0.027779723416066358
2156.25,4149.744,4197.436,4163.077,4175.385,4174.872,0.23017791173724286,0.02434519241063592,0.013546745913496642,0.23875179041879913,0.09396165057697826,0.2471069830251991,0.09377760031000308,0.33697108729802355,0.123799912962887,0.1748478342349716,0.3419710627244239,0.24468889599006338,0.03285190406988841,0.027779723416066358
2164.0625,4148.205,4194.872,4173.846,4174.872,4176.41,0.23017791173724286,0.02434519241063592,0.013546745913496642,0.23875179041879913,0.09396165057697826,0.2471069830251991,0.09377760031000308,0.33697108729802355,0.123799912962887,0.1748478342349716,0.3419710627244239,0.24468889599006338,0.03285190406988841,0.027779723416066358
2171.875,4134.359,4188.718,4151.795,4154.359,4160.0,0.23017791173724286,0.02434519241063592,0.013546745913496642,0.23875179041879913,0.09396165057697826,0.2471069830251991,0.09377760031000308,0.33697108729802355,0.123799912962887,0.1748478342349716,0.3419710627244239,0.24468889599006338,0.03285190406988841,0.027779723416066358
2179.6875,4125.128,4188.718,4141.538,4141.026,4150.256,0.23017791173724286,0.02434519241063592,0.013546745913496642,0.23875179041879913,0.09396165057697826,0.2471069830251991,0.09377760031000308,0.33697108729802355,0.123799912962887,0.1748478342349716,0.3419710627244239,0.24468889599006338,0.03285190406988841,0.027779723416066358
2187.5,4134.359,4194.359,4147.179,4146.154,4148.718,0.23017791173724286,0.02434519241063592,0.013546745913496642,0.23875179041879913,0.09396165057697826,0.2471069830251991,0.09377760031000308,0.33697108729802355,0.123799912962887,0.1748478342349716,0.3419710627244239,0.24468889599006338,0.03285190406988841,0.027779723416066358
2195.3125,4138.974,4196.41,4145.641,4147.692,4147.692,0.23017791173724286,0.02434519241063592,0.013546745913496642,0.23875179041879913,0.09396165057697826,0.2471069830251991,0.09377760031000308,0.33697108729802355,0.123799912962887,0.1748478342349716,0.3419710627244239,0.24468889599006338,0.03285190406988841,0.027779723416066358
2203.125,4137.436,4194.872,4143.59,4143.59,4160.0,0.23017791173724286,0.02434519241063592,0.013546745913496642,0.23875179041879913,0.09396165057697826,0.2471069830251991,0.09377760031000308,0.33697108729802355,0.123799912962887,0.1748478342349716,0.3419710627244239,0.24468889599006338,0.03285190406988841,0.027779723416066358
2210.9375,4155.385,4200.0,4150.256,4149.744,4178.974,0.23017791173724286,0.02434519241063592,0.013546745913496642,0.23875179041879913,0.09396165057697826,0.2471069830251991,0.09377760031000308,0.33697108729802355,0.123799912962887,0.1748478342349716,0.3419710627244239,0.24468889599006338,0.03285190406988841,0.027779723416066358
2218.75,4175.385,4210.769,4157.436,4160.513,4190.256,0.23017791173724286,0.02434519241063592,0.013546745913496642,0.23875179041879913,0.09396165057697826,0.2471069830251991,0.09377760031000308,0.33697108729802355,0.123799912962887,0.1748478342349716,0.3419710627244239,0.24468889599006338,0.03285190406988841,0.027779723416066358
2226.5625,4183.59,4214.872,4164.103,4165.128,4185.641,0.23017791173724286,0.02434519241063592,0.013546745913496642,0.23875179041879913,0.09396165057697826,0.2471069830251991,0.09377760031000308,0.33697108729802355,0.123799912962887,0.1748478342349716,0.3419710627244239,0.24468889599006338,0.03285190406988841,0.027779723416066358
2234.375,4181.026,4210.256,4164.103,4163.077,4183.59,0.23017791173724286,0.02434519241063592,0.013546745913496642,0.23875179041879913,0.09396165057697826,0.2471069830251991,0.09377760031000308,0.33697108729802355,0.123799912962887,0.1748478342349716,0.3419710627244239,0.24468889599006338,0.03285190406988841,0.027779723416066358
2242.1875,4176.41,4200.0,4162.051,4166.154,4192.821,0.23017791173724286,0.02434519241063592,0.013546745913496642,0.23875179041879913,0.09396165057697826,0.2471069830251991,0.09377760031000308,0.33697108729802355,0.123799912962887,0.1748478342349716,0.3419710627244239,0.24468889599006338,0.03285190406988841,0.027779723416066358
2250.0,4182.051,4202.051,4164.103,4180.513,4199.487,0.23017791173724286,0.02434519241063592,0.013546745913496642,0.23875179041879913,0.09396165057697826,0.2471069830251991,0.09377760031000308,0.33697108729802355,0.123799912962887,0.1748478342349716,0.3419710627244239,0.24468889599006338,0.03285190406988841,0.027779723416066358
2257.8125,4182.051,4206.154,4161.026,4176.923,4189.744,0.23017791173724286,0.02434519241063592,0.013546745913496642,0.23875179041879913,0.09396165057697826,0.2471069830251991,0.09377760031000308,0.33697108729802355,0.123799912962887,0.1748478342349716,0.3419710627244239,0.24468889599006338,0.03285190406988841,0.027779723416066358
2265.625,4169.231,4195.897,4150.256,4153.333,4176.41,0.23017791173724286,0.02434519241063592,0.013546745913496642,0.23875179041879913,0.09396165057697826,0.2471069830251991,0.09377760031000308,0.33697108729802355,0.123799912962887,0.1748478342349716,0.3419710627244239,0.24468889599006338,0.03285190406988841,0.027779723416066358
2273.4375,4162.564,4195.385,4153.846,4143.077,4174.359,0.23017791173724286,0.02434519241063592,0.013546745913496642,0.23875179041879913,0.09396165057697826,0.2471069830251991,0.09377760031000308,0.33697108729802355,0.123799912962887,0.1748478342349716,0.3419710627244239,0.24468889599006338,0.03285190406988841,0.027779723416066358
2281.25,4162.564,4212.308,4157.436,4146.154,4175.897,0.23017791173724286,0.02434519241063592,0.013546745913496642,0.23875179041879913,0.09396165057697826,0.2471069830251991,0.09377760031000308,0.33697108729802355,0.123799912962887,0.1748478342349716,0.3419710627244239,0.24468889599006338,0.03285190406988841,0.027779723416066358
2289.0625,4154.359,4217.436,4142.051,4137.949,4173.846,0.23017791173724286,0.02434519241063592,0.013546745913496642,0.23875179041879913,0.09396165057697826,0.2471069830251991,0.09377760031000308,0.33697108729802355,0.123799912962887,0.1748478342349716,0.3419710627244239,0.24468889599006338,0.03285190406988841,0.027779723416066358
2296.875,4154.872,4213.333,4132.821,4131.795,4163.077,0.23017791173724286,0.02434519241063592,0.013546745913496642,0.23875179041879913,0.09396165057697826,0.2471069830251991,0.09377760031000308,0.33697108729802355,0.123799912962887,0.1748478342349716,0.3419710627244239,0.24468889599006338,0.03285190406988841,0.027779723416066358
2304.6875,4168.205,4218.462,4141.538,4144.615,4161.538,0.23017791173724286,0.02434519241063592,0.013546745913496642,0.23875179041879913,0.09396165057697826,0.2471069830251991,0.09377760031000308,0.33697108729802355,0.123799912962887,0.1748478342349716,0.3419710627244239,0.24468889599006338,0.03285190406988841,0.027779723416066358
2312.5,4170.769,4216.923,4146.154,4154.872,4167.179,0.23017791173724286,0.02434519241063592,0.013546745913496642,0.23875179041879913,0.09396165057697826,0.2471069830251991,0.09377760031000308,0.33697108729802355,0.123799912962887,0.1748478342349716,0.3419710627244239,0.24468889599006338,0.03285190406988841,0.027779723416066358
2320.3125,4162.051,4206.154,4136.923,4148.205,4162.564,0.23017791173724286,0.02434519241063592,0.013546745913496642,0.23875179041879913,0.09396165057697826,0.2471069830251991,0.09377760031000308,0.33697108729802355,0.123799912962887,0.1748478342349716,0.3419710627244239,0.24468889599006338,0.03285190406988841,0.027779723416066358
2328.125,4153.846,4201.538,4128.205,4138.462,4162.051,0.23017791173724286,0.02434519241063592,0.013546745913496642,0.23875179041879913,0.09396165057697826,0.2471069830251991,0.09377760031000308,0.33697108729802355,0.123799912962887,0.1748478342349716,0.3419710627244239,0.24468889599006338,0.03285190406988841,0.027779723416066358
2335.9375,4149.231,4198.974,4125.128,4138.974,4169.744,0.23017791173724286,0.02434519241063592,0.013546745913496642,0.23875179041879913,0.09396165057697826,0.2471069830251991,0.09377760031000308,0.33697108729802355,0.123799912962887,0.1748478342349716,0.3419710627244239,0.24468889599006338,0.03285190406988841,0.027779723416066358
2343.75,4146.667,4196.923,4128.205,4145.641,4167.179,0.23017791173724286,0.02434519241063592,0.013546745913496642,0.23875179041879913,0.09396165057697826,0.2471069830251991,0.09377760031000308,0.33697108729802355,0.123799912962887,0.1748478342349716,0.3419710627244239,0.24468889599006338,0.03285190406988841,0.027779723416066358
2351.5625,4152.821,4198.462,4140.0,4154.872,4166.154,0.23017791173724286,0.02434519241063592,0.013546745913496642,0.23875179041879913,0.09396165057697826,0.2471069830251991,0.09377760031000308,0.33697108729802355,0.123799912962887,0.1748478342349716,0.3419710627244239,0.24468889599006338,0.03285190406988841,0.027779723416066358
2359.375,4162.564,4201.538,4150.256,4159.487,4174.872,0.23017791173724286,0.02434519241063592,0.013546745913496642,0.23875179041879913,0.09396165057697826,0.2471069830251991,0.09377760031000308,0.33697108729802355,0.123799912962887,0.1748478342349716,0.3419710627244239,0.24468889599006338,0.03285190406988841,0.027779723416066358
2367.1875,4157.949,4204.103,4152.308,4148.718,4165.641,0.23017791173724286,0.02434519241063592,0.013546745913496642,0.23875179041879913,0.09396165057697826,0.2471069830251991,0.09377760031000308,0.33697108729802355,0.123799912962887,0.1748478342349716,0.3419710627244239,0.24468889599006338,0.03285190406988841,0.027779723416066358
2375.0,4152.821,4208.718,4152.821,4136.923,4150.769,0.23017791173724286,0.02434519241063592,0.013546745913496642,0.23875179041879913,0.09396165057697826,0.2471069830251991,0.09377760031000308,0.33697108729802355,0.123799912962887,0.1748478342349716,0.3419710627244239,0.24468889599006338,0.03285190406988841,0.027779723416066358
2382.8125,4165.641,4216.923,4158.462,4149.744,4162.564,0.23017791173724286,0.02434519241063592,0.013546745913496642,0.23875179041879913,0.09396165057697826,0.2471069830251991,0.09377760031000308,0.33697108729802355,0.123799912962887,0.1748478342349716,0.3419710627244239,0.24468889599006338,0.03285190406988841,0.027779723416066358
2390.625,4175.385,4223.59,4153.846,4165.128,4173.333,0.23017791173724286,0.02434519241063592,0.013546745913496642,0.23875179041879913,0.09396165057697826,0.2471069830251991,0.09377760031000308,0.33697108729802355,0.123799912962887,0.1748478342349716,0.3419710627244239,0.24468889599006338,0.03285190406988841,0.027779723416066358
2398.4375,4168.718,4222.051,4140.0,4152.821,4164.615,0.23017791173724286,0.02434519241063592,0.013546745913496642,0.23875179041879913,0.09396165057697826,0.2471069830251991,0.09377760031000308,0.33697108729802355,0.123799912962887,0.1748478342349716,0.3419710627244239,0.24468889599006338,0.03285190406988841,0.027779723416066358
2406.25,4167.179,4214.359,4136.41,4138.462,4160.513,0.23017791173724286,0.02434519241063592,0.013546745913496642,0.23875179041879913,0.09396165057697826,0.2471069830251991,0.09377760031000308,0.33697108729802355,0.123799912962887,0.1748478342349716,0.3419710627244239,0.24468889599006338,0.03285190406988841,0.027779723416066358
2414.0625,4174.359,4215.897,4146.667,4143.077,4169.231,0.23017791173724286,0.02434519241063592,0.013546745913496642,0.23875179041879913,0.09396165057697826,0.2471069830251991,0.09377760031000308,0.33697108729802355,0.123799912962887,0.1748478342349716,0.3419710627244239,0.24468889599006338,0.03285190406988841,0.027779723416066358
2421.875,4172.821,4219.487,4144.615,4146.154,4170.256,0.23017791173724286,0.02434519241063592,0.013546745913496642,0.23875179041879913,0.09396165057697826,0.2471069830251991,0.09377760031000308,0.33697108729802355,0.123799912962887,0.1748478342349716,0.3419710627244239,0.24468889599006338,0.03285190406988841,0.027779723416066358
2429.6875,4160.513,4215.385,4128.205,4137.436,4164.615,0.23017791173724286,0.02434519241063592,0.013546745913496642,0.23875179041879913,0.09396165057697826,0.2471069830251991,0.09377760031000308,0.33697108729802355,0.123799912962887,0.1748478342349716,0.3419710627244239,0.24468889599006338,0.03285190406988841,0.027779723416066358
2437.5,4163.59,4212.821,4128.718,4138.462,4168.718,0.23017791173724286,0.02434519241063592,0.013546745913496642,0.23875179041879913,0.09396165057697826,0.2471069830251991,0.09377760031000308,0.33697108729802355,0.123799912962887,0.1748478342349716,0.3419710627244239,0.24468889599006338,0.03285190406988841,0.027779723416066358
2445.3125,4177.436,4215.385,4143.077,4154.359,4176.923,0.23017791173724286,0.02434519241063592,0.013546745913496642,0.23875179041879913,0.09396165057697826,0.2471069830251991,0.09377760031000308,0.33697108729802355,0.123799912962887,0.1748478342349716,0.3419710627244239,0.24468889599006338,0.03285190406988841,0.027779723416066358
2453.125,4175.385,4214.359,4154.359,4161.538,4173.333,0.23017791173724286,0.02434519241063592,0.013546745913496642,0.23875179041879913,0.09396165057697826,0.2471069830251991,0.09377760031000308,0.33697108729802355,0.123799912962887,0.1748478342349716,0.3419710627244239,0.24468889599006338,0.03285190406988841,0.027779723416066358
2460.9375,4168.718,4217.436,4161.026,4156.41,4164.615,0.23017791173724286,0.02434519241063592,0.013546745913496642,0.23875179041879913,0.09396165057697826,0.2471069830251991,0.09377760031000308,0.33697108729802355,0.123799912962887,0.1748478342349716,0.3419710627244239,0.24468889599006338,0.03285190406988841,0.027779723416066358
2468.75,4177.949,4238.462,4160.513,4159.487,4168.205,0.23017791173724286,0.02434519241063592,0.013546745913496642,0.23875179041879913,0.09396165057697826,0.2471069830251991,0.09377760031000308,0.33697108729802355,0.123799912962887,0.1748478342349716,0.3419710627244239,0.24468889599006338,0.03285190406988841,0.027779723416066358
2476.5625,4198.974,4249.231,4158.462,4170.769,4178.974,0.23017791173724286,0.02434519241063592,0.013546745913496642,0.23875179041879913,0.09396165057697826,0.2471069830251991,0.09377760031000308,0.33697108729802355,0.123799912962887,0.1748478342349716,0.3419710627244239,0.24468889599006338,0.03285190406988841,0.027779723416066358
2484.375,4227.692,4239.487,4166.154,4173.846,4189.744,0.23017791173724286,0.02434519241063592,0.013546745913496642,0.23875179041879913,0.09396165057697826,0.2471069830251991,0.09377760031000308,0.33697108729802355,0.123799912962887,0.1748478342349716,0.3419710627244239,0.24468889599006338,0.03285190406988841,0.027779723416066358
2492.1875,4280.513,4242.564,4171.795,4180.0,4216.41,0.23017791173724286,0.02434519241063592,0.013546745913496642,0.23875179041879913,0.09396165057697826,0.2471069830251991,0.09377760031000308,0.33697108729802355,0.123799912962887,0.1748478342349716,0.3419710627244239,0.24468889599006338,0.03285190406988841,0.027779723416066358
2500.0,4342.564,4251.795,4159.487,4186.667,4261.538,0.23017791173724286,0.02434519241063592,0.013546745913496642,0.23875179041879913,0.09396165057697826,0.2471069830251991,0.09377760031000308,0.33697108729802355,0.123799912962887,0.1748478342349716,0.3419710627244239,0.24468889599006338,0.03285190406988841,0.027779723416066358
2507.8125,4396.41,4246.154,4147.179,4167.692,4298.462,0.23017791173724286,0.02434519241063592,0.013546745913496642,0.23875179041879913,0.09396165057697826,0.2471069830251991,0.09377760031000308,0.33697108729802355,0.123799912962887,0.1748478342349716,0.3419710627244239,0.24468889599006338,0.03285190406988841,0.027779723416066358
2515.625,4455.897,4244.103,4145.128,4150.256,4326.154,0.23017791173724286,0.02434519241063592,0.013546745913496642,0.23875179041879913,0.09396165057697826,0.2471069830251991,0.09377760031000308,0.33697108729802355,0.123799912962887,0.1748478342349716,0.3419710627244239,0.24468889599006338,0.03285190406988841,0.027779723416066358
2523.4375,4521.026,4251.282,4157.949,4161.026,4365.641,0.23017791173724286,0.02434519241063592,0.013546745913496642,0.23875179041879913,0.09396165057697826,0.2471069830251991,0.09377760031000308,0.33697108729802355,0.123799912962887,0.1748478342349716,0.3419710627244239,0.24468889599006338,0.03285190406988841,0.027779723416066358
2531.25,4551.282,4254.872,4169.744,4170.256,4392.821,0.23017791173724286,0.02434519241063592,0.013546745913496642,0.23875179041879913,0.09396165057697826,0.2471069830251991,0.09377760031000308,0.33697108729802355,0.123799912962887,0.1748478342349716,0.3419710627244239,0.24468889599006338,0.03285190406988841,0.027779723416066358
2539.0625,4549.231,4262.564,4160.513,4169.231,4398.462,0.23017791173724286,0.02434519241063592,0.013546745913496642,0.23875179041879913,0.09396165057697826,0.2471069830251991,0.09377760031000308,0.33697108729802355,0.123799912962887,0.1748478342349716,0.3419710627244239,0.24468889599006338,0.03285190406988841,0.027779723416066358
2546.875,4559.487,4269.231,4152.821,4174.359,4406.154,0.23017791173724286,0.02434519241063592,0.013546745913496642,0.23875179041879913,0.09396165057697826,0.2471069830251991,0.09377760031000308,0.33697108729802355,0.123799912962887,0.1748478342349716,0.3419710627244239,0.24468889599006338,0.03285190406988841,0.027779723416066358
2554.6875,4559.487,4263.077,4164.103,4172.821,4408.718,0.23017791173724286,0.02434519241063592,0.013546745913496642,0.23875179041879913,0.09396165057697826,0.2471069830251991,0.09377760031000308,0.33697108729802355,0.123799912962887,0.1748478342349716,0.3419710627244239,0.24468889599006338,0.03285190406988841,0.027779723416066358
2562.5,4512.308,4257.436,4172.308,4165.641,4379.487,0.23017791173724286,0.02434519241063592,0.013546745913496642,0.23875179041879913,0.09396165057697826,0.2471069830251991,0.09377760031000308,0.33697108729802355,0.123799912962887,0.1748478342349716,0.3419710627244239,0.24468889599006338,0.03285190406988841,0.027779723416066358
2570.3125,4458.974,4261.026,4160.0,4163.59,4339.487,0.23017791173724286,0.02434519241063592,0.013546745913496642,0.23875179041879913,0.09396165057697826,0.2471069830251991,0.09377760031000308,0.33697108729802355,0.123799912962887,0.1748478342349716,0.3419710627244239,0.24468889599006338,0.03285190406988841,0.027779723416066358
2578.125,4431.282,4262.564,4141.538,4161.026,4325.128,0.23017791173724286,0.02434519241063592,0.013546745913496642,0.23875179041879913,0.09396165057697826,0.2471069830251991,0.09377760031000308,0.33697108729802355,0.123799912962887,0.1748478342349716,0.3419710627244239,0.24468889599006338,0.03285190406988841,0.027779723416066358
2585.9375,4397.949,4258.974,4136.41,4164.103,4315.385,0.23017791173724286,0.02434519241063592,0.013546745913496642,0.23875179041879913,0.09396165057697826,0.2471069830251991,0.09377760031000308,0.33697108729802355,0.123799912962887,0.1748478342349716,0.3419710627244239,0.24468889599006338,0.03285190406988841,0.027779723416066358
2593.75,4359.487,4260.0,4149.744,4175.385,4292.308,0.23017791173724286,0.02434519241063592,0.013546745913496642,0.23875179041879913,0.09396165057697826,0.2471069830251991,0.09377760031000308,0.33697108729802355,0.123799912962887,0.1748478342349716,0.3419710627244239,0.24468889599006338,0.03285190406988841,0.027779723416066358
2601.5625,4345.128,4263.077,4166.667,4182.051,4274.872,0.23017791173724286,0.02434519241063592,0.013546745913496642,0.23875179041879913,0.09396165057697826,0.2471069830251991,0.09377760031000308,0.33697108729802355,0.123799912962887,0.1748478342349716,0.3419710627244239,0.24468889599006338,0.03285190406988841,0.027779723416066358
2609.375,4334.359,4254.359,4169.744,4182.051,4265.641,0.23017791173724286,0.02434519241063592,0.013546745913496642,0.23875179041879913,0.09396165057697826,0.2471069830251991,0.09377760031000308,0.33697108729802355,0.123799912962887,0.1748478342349716,0.3419710627244239,0.24468889599006338,0.03285190406988841,0.027779723416066358
2617.1875,4310.256,4237.949,4159.487,4177.949,4248.205,0.23017791173724286,0.02434519241063592,0.013546745913496642,0.23875179041879913,0.09396165057697826,0.2471069830251991,0.09377760031000308,0.33697108729802355,0.123799912962887,0.1748478342349716,0.3419710627244239,0.24468889599006338,0.03285190406988841,0.027779723416066358
2625.0,4292.308,4232.308,4147.179,4170.769,4229.231,0.23017791173724286,0.02434519241063592,0.013546745913496642,0.23875179041879913,0.09396165057697826,0.2471069830251991,0.09377760031000308,0.33697108729802355,0.123799912962887,0.1748478342349716,0.3419710627244239,0.24468889599006338,0.03285190406988841,0.027779723416066358
2632.8125,4277.949,4246.667,4143.59,4169.744,4230.256,0.23017791173724286,0.02434519241063592,0.013546745913496642,0.23875179041879913,0.09396165057697826,0.2471069830251991,0.09377760031000308,0.33697108729802355,0.123799912962887,0.1748478342349716,0.3419710627244239,0.24468889599006338,0.03285190406988841,0.027779723416066358
2640.625,4250.769,4257.949,4145.641,4167.692,4222.051,0.23017791173724286,0.02434519241063592,0.013546745913496642,0.23875179041879913,0.09396165057697826,0.2471069830251991,0.09377760031000308,0.33697108729802355,0.123799912962887,0.1748478342349716,0.3419710627244239,0.24468889599006338,0.03285190406988841,0.027779723416066358
2648.4375,4228.718,4245.128,4132.821,4151.795,4181.538,0.23017791173724286,0.02434519241063592,0.013546745913496642,0.23875179041879913,0.09396165057697826,0.2471069830251991,0.09377760031000308,0.33697108729802355,0.123799912962887,0.1748478342349716,0.3419710627244239,0.24468889599006338,0.03285190406988841,0.027779723416066358
2656.25,4211.282,4230.256,4120.513,4132.821,4141.026,0.23017791173724286,0.02434519241063592,0.013546745913496642,0.23875179041879913,0.09396165057697826,0.2471069830251991,0.09377760031000308,0.33697108729802355,0.123799912962887,0.1748478342349716,0.3419710627244239,0.24468889599006338,0.03285190406988841,0.027779723416066358
2664.0625,4187.179,4231.282,4133.846,4127.179,4132.308,0.23017791173724286,0.02434519241063592,0.013546745913496642,0.23875179041879913,0.09396165057697826,0.2471069830251991,0.09377760031000308,0.33697108729802355,0.123799912962887,0.1748478342349716,0.3419710627244239,0.24468889599006338,0.03285190406988841,0.027779723416066358
2671.875,4185.128,4237.949,4150.769,4141.026,4150.769,0.23017791173724286,0.02434519241063592,0.013546745913496642,0.23875179041879913,0.09396165057697826,0.2471069830251991,0.09377760031000308,0.33697108729802355,0.123799912962887,0.1748478342349716,0.3419710627244239,0.24468889599006338,0.03285190406988841,0.027779723416066358
2679.6875,4208.718,4252.308,4153.846,4163.077,4174.872,0.23017791173724286,0.02434519241063592,0.013546745913496642,0.23875179041879913,0.09396165057697826,0.2471069830251991,0.09377760031000308,0.33697108729802355,0.123799912962887,0.1748478342349716,0.3419710627244239,0.24468889599006338,0.03285190406988841,0.027779723416066358
2687.5,4227.179,4272.308,4166.154,4176.923,4189.744,0.23017791173724286,0.02434519241063592,0.013546745913496642,0.23875179041879913,0.09396165057697826,0.2471069830251991,0.09377760031000308,0.33697108729802355,0.123799912962887,0.1748478342349716,0.3419710627244239,0.24468889599006338,0.03285190406988841,0.027779723416066358
2695.3125,4227.692,4278.462,4173.846,4183.077,4193.333,0.23017791173724286,0.02434519241063592,0.013546745913496642,0.23875179041879913,0.09396165057697826,0.2471069830251991,0.09377760031000308,0.33697108729802355,0.123799912962887,0.1748478342349716,0.3419710627244239,0.24468889599006338,0.03285190406988841,0.027779723416066358
2703.125,4220.513,4278.462,4163.077,4179.487,4192.821,0.23017791173724286,0.02434519241063592,0.013546745913496642,0.23875179041879913,0.09396165057697826,0.2471069830251991,0.09377760031000308,0.33697108729802355,0.123799912962887,0.1748478342349716,0.3419710627244239,0.24468889599006338,0.03285190406988841,0.027779723416066358
2710.9375,4215.385,4276.41,4167.179,4176.923,4185.128,0.23017791173724286,0.02434519241063592,0.013546745913496642,0.23875179041879913,0.09396165057697826,0.2471069830251991,0.09377760031000308,0.33697108729802355,0.123799912962887,0.1748478342349716,0.3419710627244239,0.24468889599006338,0.03285190406988841,0.027779723416066358
2718.75,4206.154,4267.692,4180.0,4185.128,4172.821,0.23017791173724286,0.02434519241063592,0.013546745913496642,0.23875179041879913,0.09396165057697826,0.2471069830251991,0.09377760031000308,0.33697108729802355,0.123799912962887,0.1748478342349716,0.3419710627244239,0.24468889599006338,0.03285190406988841,0.027779723416066358
2726.5625,4183.077,4262.564,4173.846,4185.641,4166.667,0.23017791173724286,0.02434519241063592,0.013546745913496642,0.23875179041879913,0.09396165057697826,0.2471069830251991,0.09377760031000308,0.33697108729802355,0.123799912962887,0.1748478342349716,0.3419710627244239,0.24468889599006338,0.03285190406988841,0.027779723416066358
2734.375,4167.179,4255.897,4162.564,4175.897,4167.179,0.23017791173724286,0.02434519241063592,0.013546745913496642,0.23875179041879913,0.09396165057697826,0.2471069830251991,0.09377760031000308,0.33697108729802355,0.123799912962887,0.1748478342349716,0.3419710627244239,0.24468889599006338,0.03285190406988841,0.027779723416066358
2742.1875,4172.821,4248.205,4152.821,4174.872,4171.795,0.23017791173724286,0.02434519241063592,0.013546745913496642,0.23875179041879913,0.09396165057697826,0.2471069830251991,0.09377760031000308,0.33697108729802355,0.123799912962887,0.1748478342349716,0.3419710627244239,0.24468889599006338,0.03285190406988841,0.027779723416066358
2750.0,4175.897,4252.821,4140.0,4170.769,4167.179,0.23017791173724286,0.02434519241063592,0.013546745913496642,0.23875179041879913,0.09396165057697826,0.2471069830251991,0.09377760031000308,0.33697108729802355,0.123799912962887,0.1748478342349716,0.3419710627244239,0.24468889599006338,0.03285190406988841,0.027779723416066358
2757.8125,4177.949,4262.564,4136.41,4165.128,4162.564,0.23017791173724286,0.02434519241063592,0.013546745913496642,0.23875179041879913,0.09396165057697826,0.2471069830251991,0.09377760031000308,0.33697108729802355,0.123799912962887,0.1748478342349716,0.3419710627244239,0.24468889599006338,0.03285190406988841,0.027779723416066358
2765.625,4191.282,4270.256,4147.179,4175.385,4176.41,0.23017791173724286,0.02434519241063592,0.013546745913496642,0.23875179041879913,0.09396165057697826,0.2471069830251991,0.09377760031000308,0.33697108729802355,0.123799912962887,0.1748478342349716,0.3419710627244239,0.24468889599006338,0.03285190406988841,0.027779723416066358
2773.4375,4197.436,4272.821,4161.538,4184.615,4180.513,0.23017791173724286,0.02434519241063592,0.013546745913496642,0.23875179041879913,0.09396165057697826,0.2471069830251991,0.09377760031000308,0.33697108729802355,0.123799912962887,0.1748478342349716,0.3419710627244239,0.24468889599006338,0.03285190406988841,0.027779723416066358
2781.25,4192.308,4270.769,4165.641,4186.154,4166.154,0.23017791173724286,0.02434519241063592,0.013546745913496642,0.23875179041879913,0.09396165057697826,0.2471069830251991,0.09377760031000308,0.33697108729802355,0.123799912962887,0.1748478342349716,0.3419710627244239,0.24468889599006338,0.03285190406988841,0.027779723416066358
2789.0625,4193.333,4281.026,4162.564,4188.205,4164.615,0.23017791173724286,0.02434519241063592,0.013546745913496642,0.23875179041879913,0.09396165057697826,0.2471069830251991,0.09377760031000308,0.33697108729802355,0.123799912962887,0.1748478342349716,0.3419710627244239,0.24468889599006338,0.03285190406988841,0.027779723416066358
2796.875,4203.077,4296.41,4169.231,4190.256,4176.923,0.23017791173724286,0.02434519241063592,0.013546745913496642,0.23875179041879913,0.09396165057697826,0.2471069830251991,0.09377760031000308,0.33697108729802355,0.123799912962887,0.1748478342349716,0.3419710627244239,0.24468889599006338,0.03285190406988841,0.027779723416066358
2804.6875,4208.205,4293.846,4172.308,4196.41,4181.538,0.23017791173724286,0.02434519241063592,0.013546745913496642,0.23875179041879913,0.09396165057697826,0.2471069830251991,0.09377760031000308,0.33697108729802355,0.123799912962887,0.1748478342349716,0.3419710627244239,0.24468889599006338,0.03285190406988841,0.027779723416066358
2812.5,4200.513,4290.256,4172.821,4200.513,4174.359,0.23017791173724286,0.02434519241063592,0.013546745913496642,0.23875179041879913,0.09396165057697826,0.2471069830251991,0.09377760031000308,0.33697108729802355,0.123799912962887,0.1748478342349716,0.3419710627244239,0.24468889599006338,0.03285190406988841,0.027779723416066358
2820.3125,4187.179,4295.385,4188.718,4193.333,4161.538,0.23017791173724286,0.02434519241063592,0.013546745913496642,0.23875179041879913,0.09396165057697826,0.2471069830251991,0.09377760031000308,0.33697108729802355,0.123799912962887,0.1748478342349716,0.3419710627244239,0.24468889599006338,0.03285190406988841,0.027779723416066358
2828.125,4176.923,4290.769,4191.795,4184.103,4158.974,0.23017791173724286,0.02434519241063592,0.013546745913496642,0.23875179041879913,0.09396165057697826,0.2471069830251991,0.09377760031000308,0.33697108729802355,0.123799912962887,0.1748478342349716,0.3419710627244239,0.24468889599006338,0.03285190406988841,0.027779723416066358
2835.9375,4170.256,4280.513,4183.59,4177.949,4165.128,0.23017791173724286,0.02434519241063592,0.013546745913496642,0.23875179041879913,0.09396165057697826,0.2471069830251991,0.09377760031000308,0.33697108729802355,0.123799912962887,0.1748478342349716,0.3419710627244239,0.24468889599006338,0.03285190406988841,0.027779723416066358
2843.75,4180.0,4285.128,4189.231,4180.0,4170.256,0.23017791173724286,0.02434519241063592,0.013546745913496642,0.23875179041879913,0.09396165057697826,0.2471069830251991,0.09377760031000308,0.33697108729802355,0.123799912962887,0.1748478342349716,0.3419710627244239,0.24468889599006338,0.03285190406988841,0.027779723416066358
2851.5625,4188.718,4300.513,4183.59,4188.205,4179.487,0.23017791173724286,0.02434519241063592,0.013546745913496642,0.23875179041879913,0.09396165057697826,0.2471069830251991,0.09377760031000308,0.33697108729802355,0.123799912962887,0.1748478342349716,0.3419710627244239,0.24468889599006338,0.03285190406988841,0.027779723416066358
2859.375,4182.564,4301.026,4156.41,4182.564,4180.0,0.23017791173724286,0.02434519241063592,0.013546745913496642,0.23875179041879913,0.09396165057697826,0.2471069830251991,0.09377760031000308,0.33697108729802355,0.123799912962887,0.1748478342349716,0.3419710627244239,0.24468889599006338,0.03285190406988841,0.027779723416066358
2867.1875,4183.59,4287.179,4136.923,4173.333,4165.128,0.23017791173724286,0.02434519241063592,0.013546745913496642,0.23875179041879913,0.09396165057697826,0.2471069830251991,0.09377760031000308,0.33697108729802355,0.123799912962887,0.1748478342349716,0.3419710627244239,0.24468889599006338,0.03285190406988841,0.027779723416066358
2875.0,4190.769,4288.205,4129.744,4172.821,4160.513,0.23017791173724286,0.02434519241063592,0.013546745913496642,0.23875179041879913,0.09396165057697826,0.2471069830251991,0.09377760031000308,0.33697108729802355,0.123799912962887,0.1748478342349716,0.3419710627244239,0.24468889599006338,0.03285190406988841,0.027779723416066358
2882.8125,4192.308,4297.949,4130.256,4172.308,4174.872,0.23017791173724286,0.02434519241063592,0.013546745913496642,0.23875179041879913,0.09396165057697826,0.2471069830251991,0.09377760031000308,0.33697108729802355,0.123799912962887,0.1748478342349716,0.3419710627244239,0.24468889599006338,0.03285190406988841,0.027779723416066358
2890.625,4189.744,4292.308,4129.231,4168.718,4180.0,0.23017791173724286,0.02434519241063592,0.013546745913496642,0.23875179041879913,0.09396165057697826,0.2471069830251991,0.09377760031000308,0.33697108729802355,0.123799912962887,0.1748478342349716,0.3419710627244239,0.24468889599006338,0.03285190406988841,0.027779723416066358
2898.4375,4177.949,4278.462,4125.641,4160.0,4165.641,0.23017791173724286,0.02434519241063592,0.013546745913496642,0.23875179041879913,0.09396165057697826,0.2471069830251991,0.09377760031000308,0.33697108729802355,0.123799912962887,0.1748478342349716,0.3419710627244239,0.24468889599006338,0.03285190406988841,0.027779723416066358
2906.25,4168.205,4274.359,4134.872,4152.821,4155.385,0.23017791173724286,0.02434519241063592,0.013546745913496642,0.23875179041879913,0.09396165057697826,0.2471069830251991,0.09377760031000308,0.33697108729802355,0.123799912962887,0.1748478342349716,0.3419710627244239,0.24468889599006338,0.03285190406988841,0.027779723416066358
2914.0625,4176.41,4286.667,4154.359,4156.923,4159.487,0.23017791173724286,0.02434519241063592,0.013546745913496642,0.23875179041879913,0.09396165057697826,0.2471069830251991,0.09377760031000308,0.33697108729802355,0.123799912962887,0.1748478342349716,0.3419710627244239,0.24468889599006338,0.03285190406988841,0.027779723416066358
2921.875,4174.359,4295.385,4163.59,4161.026,4163.59,0.23017791173724286,0.02434519241063592,0.013546745913496642,0.23875179041879913,0.09396165057697826,0.2471069830251991,0.09377760031000308,0.33697108729802355,0.123799912962887,0.1748478342349716,0.3419710627244239,0.24468889599006338,0.03285190406988841,0.027779723416066358
2929.6875,4157.949,4289.231,4163.077,4163.077,4161.538,0.23017791173724286,0.02434519241063592,0.013546745913496642,0.23875179041879913,0.09396165057697826,0.2471069830251991,0.09377760031000308,0.33697108729802355,0.123799912962887,0.1748478342349716,0.3419710627244239,0.24468889599006338,0.03285190406988841,0.027779723416066358
2937.5,4166.667,4288.205,4169.744,4173.333,4161.538,0.23017791173724286,0.02434519241063592,0.013546745913496642,0.23875179041879913,0.09396165057697826,0.2471069830251991,0.09377760031000308,0.33697108729802355,0.123799912962887,0.1748478342349716,0.3419710627244239,0.24468889599006338,0.03285190406988841,0.027779723416066358
2945.3125,4178.974,4293.846,4178.462,4175.897,4162.564,0.23017791173724286,0.02434519241063592,0.013546745913496642,0.23875179041879913,0.09396165057697826,0.2471069830251991,0.09377760031000308,0.33697108729802355,0.123799912962887,0.1748478342349716,0.3419710627244239,0.24468889599006338,0.03285190406988841,0.027779723416066358
2953.125,4169.744,4290.256,4175.385,4166.154,4156.41,0.23017791173724286,0.02434519241063592,0.013546745913496642,0.23875179041879913,0.09396165057697826,0.2471069830251991,0.09377760031000308,0.33697108729802355,0.123799912962887,0.1748478342349716,0.3419710627244239,0.24468889599006338,0.03285190406988841,0.027779723416066358
2960.9375,4165.641,4287.692,4161.538,4163.59,4150.256,0.23017791173724286,0.02434519241063592,0.013546745913496642,0.23875179041879913,0.09396165057697826,0.2471069830251991,0.09377760031000308,0.33697108729802355,0.123799912962887,0.1748478342349716,0.3419710627244239,0.24468889599006338,0.03285190406988841,0.027779723416066358
2968.75,4162.051,4291.795,4146.154,4162.051,4146.667,0.23017791173724286,0.02434519241063592,0.013546745913496642,0.23875179041879913,0.09396165057697826,0.2471069830251991,0.09377760031000308,0.33697108729802355,0.123799912962887,0.1748478342349716,0.3419710627244239,0.24468889599006338,0.03285190406988841,0.027779723416066358
2976.5625,4151.795,4287.692,4136.41,4158.974,4141.026,0.23017791173724286,0.02434519241063592,0.013546745913496642,0.23875179041879913,0.09396165057697826,0.2471069830251991,0.09377760031000308,0.33697108729802355,0.123799912962887,0.1748478342349716,0.3419710627244239,0.24468889599006338,0.03285190406988841,0.027779723416066358
2984.375,4168.718,4290.256,4134.872,4174.359,4149.744,0.23017791173724286,0.02434519241063592,0.013546745913496642,0.23875179041879913,0.09396165057697826,0.2471069830251991,0.09377760031000308,0.33697108729802355,0.123799912962887,0.1748478342349716,0.3419710627244239,0.24468889599006338,0.03285190406988841,0.027779723416066358
2992.1875,4197.436,4303.59,4136.923,4189.231,4172.821,0.23017791173724286,0.02434519241063592,0.013546745913496642,0.23875179041879913,0.09396165057697826,0.2471069830251991,0.09377760031000308,0.33697108729802355,0.123799912962887,0.1748478342349716,0.3419710627244239,0.24468889599006338,0.03285190406988841,0.027779723416066358
