timestamp,AF3,T7,Pz,T8,AF4,AF3_theta,AF3_alpha,AF3_beta,T7_theta,T7_mu,T7_beta,Pz_alpha,Pz_beta,T8_theta,T8_mu,T8_beta,AF4_theta,AF4_alpha,AF4_beta
0.0,3136.923,3126.154,3165.128,3215.897,3187.179,0.18856175511000334,0.14324405233855617,0.15591101668952304,0.18913654515226636,0.14211896868538057,0.1549565851593864,0.14222214139556388,0.15775850123877713,0.18892241288204992,0.1419891503783125,0.15313959776478717,0.1875910260193337,0.14247369412451527,0.15667544815160292
7.8125,1540.0,1575.385,1630.769,1552.821,1574.359,0.18856175511000334,0.14324405233855617,0.15591101668952304,0.18913654515226636,0.14211896868538057,0.1549565851593864,0.14222214139556388,0.15775850123877713,0.18892241288204992,0.1419891503783125,0.15313959776478717,0.1875910260193337,0.14247369412451527,0.15667544815160292
15.625,2487.692,2536.41,2599.487,2401.026,2503.077,0.18856175511000334,0.14324405233855617,0.15591101668952304,0.18913654515226636,0.14211896868538057,0.1549565851593864,0.14222214139556388,0.15775850123877713,0.18892241288204992,0.1419891503783125,0.15313959776478717,0.1875910260193337,0.14247369412451527,0.15667544815160292
23.4375,3550.256,3576.41,3614.872,3494.359,3575.385,0.18856175511000334,0.14324405233855617,0.15591101668952304,0.18913654515226636,0.14211896868538057,0.1549565851593864,0.14222214139556388,0.15775850123877713,0.18892241288204992,0.1419891503783125,0.15313959776478717,0.1875910260193337,0.14247369412451527,0.15667544815160292
31.25,2775.897,2793.846,2809.744,2773.333,2802.051,0.18856175511000334,0.14324405233855617,0.15591101668952304,0.18913654515226636,0.14211896868538057,0.1549565851593864,0.14222214139556388,0.15775850123877713,0.18892241288204992,0.1419891503783125,0.15313959776478717,0.1875910260193337,0.14247369412451527,0.15667544815160292
39.0625,1985.641,2012.308,2034.872,1952.821,1998.974,0.18856175511000334,0.14324405233855617,0.15591101668952304,0.18913654515226636,0.14211896868538057,0.1549565851593864,0.14222214139556388,0.15775850123877713,0.18892241288204992,0.1419891503783125,0.15313959776478717,0.1875910260193337,0.14247369412451527,0.15667544815160292
46.875,2357.436,2381.026,2418.462,2299.487,2377.949,0.18856175511000334,0.14324405233855617,0.15591101668952304,0.18913654515226636,0.14211896868538057,0.1549565851593864,0.14222214139556388,0.15775850123877713,0.18892241288204992,0.1419891503783125,0.15313959776478717,0.1875910260193337,0.14247369412451527,0.15667544815160292
54.6875,2632.821,2648.718,2682.564,2608.205,2664.615,0.18856175511000334,0.14324405233855617,0.15591101668952304,0.18913654515226636,0.14211896868538057,0.1549565851593864,0.14222214139556388,0.15775850123877713,0.18892241288204992,0.1419891503783125,0.15313959776478717,0.1875910260193337,0.14247369412451527,0.15667544815160292
62.5,2231.795,2254.872,2280.513,2212.821,2252.821,0.18856175511000334,0.14324405233855617,0.15591101668952304,0.18913654515226636,0.14211896868538057,0.1549565851593864,0.14222214139556388,0.15775850123877713,0.18892241288204992,0.1419891503783125,0.15313959776478717,0.1875910260193337,0.14247369412451527,0.15667544815160292
70.3125,1970.256,1993.846,2023.077,1940.0,1997.436,0.18856175511000334,0.14324405233855617,0.15591101668952304,0.18913654515226636,0.14211896868538057,0.1549565851593864,0.14222214139556388,0.15775850123877713,0.18892241288204992,0.1419891503783125,0.15313959776478717,0.1875910260193337,0.14247369412451527,0.15667544815160292
78.125,1849.231,1853.846,1897.949,1821.538,1899.487,0.18856175511000334,0.14324405233855617,0.15591101668952304,0.18913654515226636,0.14211896868538057,0.1549565851593864,0.14222214139556388,0.15775850123877713,0.18892241288204992,0.1419891503783125,0.15313959776478717,0.1875910260193337,0.14247369412451527,0.15667544815160292
85.9375,1934.872,1932.308,1991.795,1889.744,1977.949,0.18856175511000334,0.14324405233855617,0.15591101668952304,0.18913654515226636,0.14211896868538057,0.1549565851593864,0.14222214139556388,0.15775850123877713,0.18892241288204992,0.1419891503783125,0.15313959776478717,0.1875910260193337,0.14247369412451527,0.15667544815160292
93.75,2165.641,2176.41,2234.872,2124.103,2201.026,0.18856175511000334,0.14324405233855617,0.15591101668952304,0.18913654515226636,0.14211896868538057,0.1549565851593864,0.14222214139556388,0.15775850123877713,0.18892241288204992,0.1419891503783125,0.15313959776478717,0.1875910260193337,0.14247369412451527,0.15667544815160292
101.5625,2762.564,2784.615,2844.615,2676.923,2772.821,0.18856175511000334,0.14324405233855617,0.15591101668952304,0.18913654515226636,0.14211896868538057,0.1549565851593864,0.14222214139556388,0.15775850123877713,0.18892241288204992,0.1419891503783125,0.15313959776478717,0.1875910260193337,0.14247369412451527,0.15667544815160292
109.375,4601.538,4598.974,4670.256,4428.205,4559.487,0.18856175511000334,0.14324405233855617,0.15591101668952304,0.18913654515226636,0.14211896868538057,0.1549565851593864,0.14222214139556388,0.15775850123877713,0.18892241288204992,0.1419891503783125,0.15313959776478717,0.1875910260193337,0.14247369412451527,0.15667544815160292
117.1875,6023.59,5984.615,6037.436,5900.513,5984.615,0.18856175511000334,0.14324405233855617,0.15591101668952304,0.18913654515226636,0.14211896868538057,0.1549565851593864,0.14222214139556388,0.15775850123877713,0.18892241288204992,0.1419891503783125,0.15313959776478717,0.1875910260193337,0.14247369412451527,0.15667544815160292
125.0,4931.795,4895.385,4922.564,4934.359,4938.974,0.18856175511000334,0.14324405233855617,0.15591101668952304,0.18913654515226636,0.14211896868538057,0.1549565851593864,0.14222214139556388,0.15775850123877713,0.18892241288204992,0.1419891503783125,0.15313959776478717,0.1875910260193337,0.14247369412451527,0.15667544815160292
132.8125,3071.282,3050.256,3093.333,3066.154,3088.205,0.18856175511000334,0.14324405233855617,0.15591101668952304,0.18913654515226636,0.14211896868538057,0.1549565851593864,0.14222214139556388,0.15775850123877713,0.18892241288204992,0.1419891503783125,0.15313959776478717,0.1875910260193337,0.14247369412451527,0.15667544815160292
140.625,2568.205,2546.154,2605.128,2500.0,2580.0,0.18856175511000334,0.14324405233855617,0.15591101668952304,0.18913654515226636,0.14211896868538057,0.1549565851593864,0.14222214139556388,0.15775850123877713,0.18892241288204992,0.1419891503783125,0.15313959776478717,0.1875910260193337,0.14247369412451527,0.15667544815160292
148.4375,2106.667,2101.026,2135.385,2082.564,2145.641,0.18856175511000334,0.14324405233855617,0.15591101668952304,0.18913654515226636,0.14211896868538057,0.1549565851593864,0.14222214139556388,0.15775850123877713,0.18892241288204992,0.1419891503783125,0.15313959776478717,0.1875910260193337,0.14247369412451527,0.15667544815160292
156.25,963.077,986.154,1026.154,944.615,1008.718,0.18856175511000334,0.14324405233855617,0.15591101668952304,0.18913654515226636,0.14211896868538057,0.1549565851593864,0.14222214139556388,0.15775850123877713,0.18892241288204992,0.1419891503783125,0.15313959776478717,0.1875910260193337,0.14247369412451527,0.15667544815160292
164.0625,1667.179,1676.923,1768.718,1522.051,1671.795,0.18856175511000334,0.14324405233855617,0.15591101668952304,0.18913654515226636,0.14211896868538057,0.1549565851593864,0.14222214139556388,0.15775850123877713,0.18892241288204992,0.1419891503783125,0.15313959776478717,0.1875910260193337,0.14247369412451527,0.15667544815160292
171.875,3545.128,3510.256,3594.872,3403.077,3546.154,0.18856175511000334,0.14324405233855617,0.15591101668952304,0.18913654515226636,0.14211896868538057,0.1549565851593864,0.14222214139556388,0.15775850123877713,0.18892241288204992,0.1419891503783125,0.15313959776478717,0.1875910260193337,0.14247369412451527,0.15667544815160292
179.6875,3346.154,3308.205,3353.846,3295.385,3373.846,0.18856175511000334,0.14324405233855617,0.15591101668952304,0.18913654515226636,0.14211896868538057,0.1549565851593864,0.14222214139556388,0.15775850123877713,0.18892241288204992,0.1419891503783125,0.15313959776478717,0.1875910260193337,0.14247369412451527,0.15667544815160292
187.5,3381.026,3365.641,3421.026,3275.897,3382.564,0.18856175511000334,0.14324405233855617,0.15591101668952304,0.18913654515226636,0.14211896868538057,0.1549565851593864,0.14222214139556388,0.15775850123877713,0.18892241288204992,0.1419891503783125,0.15313959776478717,0.1875910260193337,0.14247369412451527,0.15667544815160292
195.3125,4958.974,4935.385,4993.846,4847.692,4933.333,0.18856175511000334,0.14324405233855617,0.15591101668952304,0.18913654515226636,0.14211896868538057,0.1549565851593864,0.14222214139556388,0.15775850123877713,0.18892241288204992,0.1419891503783125,0.15313959776478717,0.1875910260193337,0.14247369412451527,0.15667544815160292
203.125,4630.256,4591.795,4631.282,4632.821,4637.436,0.18856175511000334,0.14324405233855617,0.15591101668952304,0.18913654515226636,0.14211896868538057,0.1549565851593864,0.14222214139556388,0.15775850123877713,0.18892241288204992,0.1419891503783125,0.15313959776478717,0.1875910260193337,0.14247369412451527,0.15667544815160292
210.9375,2471.795,2448.205,2492.308,2501.026,2509.744,0.18856175511000334,0.14324405233855617,0.15591101668952304,0.18913654515226636,0.14211896868538057,0.1549565851593864,0.14222214139556388,0.15775850123877713,0.18892241288204992,0.1419891503783125,0.15313959776478717,0.1875910260193337,0.14247369412451527,0.15667544815160292
218.75,1899.487,1904.615,1973.846,1828.205,1913.846,0.18856175511000334,0.14324405233855617,0.15591101668952304,0.18913654515226636,0.14211896868538057,0.1549565851593864,0.14222214139556388,0.15775850123877713,0.18892241288204992,0.1419891503783125,0.15313959776478717,0.1875910260193337,0.14247369412451527,0.15667544815160292
226.5625,3631.282,3628.205,3715.385,3488.205,3620.513,0.18856175511000334,0.14324405233855617,0.15591101668952304,0.18913654515226636,0.14211896868538057,0.1549565851593864,0.14222214139556388,0.15775850123877713,0.18892241288204992,0.1419891503783125,0.15313959776478717,0.1875910260193337,0.14247369412451527,0.15667544815160292
234.375,5017.436,4964.615,5052.821,4927.692,5022.051,0.18856175511000334,0.14324405233855617,0.15591101668952304,0.18913654515226636,0.14211896868538057,0.1549565851593864,0.14222214139556388,0.15775850123877713,0.18892241288204992,0.1419891503783125,0.15313959776478717,0.1875910260193337,0.14247369412451527,0.15667544815160292
242.1875,4191.795,4112.821,4183.077,4191.282,4214.872,0.18856175511000334,0.14324405233855617,0.15591101668952304,0.18913654515226636,0.14211896868538057,0.1549565851593864,0.14222214139556388,0.15775850123877713,0.18892241288204992,0.1419891503783125,0.15313959776478717,0.1875910260193337,0.14247369412451527,0.15667544815160292
250.0,2461.026,2409.231,2471.795,2435.897,2474.359,0.18856175511000334,0.14324405233855617,0.15591101668952304,0.18913654515226636,0.14211896868538057,0.1549565851593864,0.14222214139556388,0.15775850123877713,0.18892241288204992,0.1419891503783125,0.15313959776478717,0.1875910260193337,0.14247369412451527,0.15667544815160292
257.8125,2407.692,2384.615,2460.0,2294.359,2410.256,0.18856175511000334,0.14324405233855617,0.15591101668952304,0.18913654515226636,0.14211896868538057,0.1549565851593864,0.14222214139556388,0.15775850123877713,0.18892241288204992,0.1419891503783125,0.15313959776478717,0.1875910260193337,0.14247369412451527,0.15667544815160292
265.625,3145.641,3111.795,3180.513,3046.667,3151.795,0.18856175511000334,0.14324405233855617,0.15591101668952304,0.18913654515226636,0.14211896868538057,0.1549565851593864,0.14222214139556388,0.15775850123877713,0.18892241288204992,0.1419891503783125,0.15313959776478717,0.1875910260193337,0.14247369412451527,0.15667544815160292
273.4375,2730.769,2691.282,2757.436,2668.718,2737.436,0.18856175511000334,0.14324405233855617,0.15591101668952304,0.18913654515226636,0.14211896868538057,0.1549565851593864,0.14222214139556388,0.15775850123877713,0.18892241288204992,0.1419891503783125,0.15313959776478717,0.1875910260193337,0.14247369412451527,0.15667544815160292
281.25,2808.205,2783.59,2870.256,2704.103,2805.641,0.18856175511000334,0.14324405233855617,0.15591101668952304,0.18913654515226636,0.14211896868538057,0.1549565851593864,0.14222214139556388,0.15775850123877713,0.18892241288204992,0.1419891503783125,0.15313959776478717,0.1875910260193337,0.14247369412451527,0.15667544815160292
289.0625,4086.154,4046.154,4139.487,3958.462,4080.0,0.18856175511000334,0.14324405233855617,0.15591101668952304,0.18913654515226636,0.14211896868538057,0.1549565851593864,0.14222214139556388,0.15775850123877713,0.18892241288204992,0.1419891503783125,0.15313959776478717,0.1875910260193337,0.14247369412451527,0.15667544815160292
296.875,4710.256,4634.359,4716.923,4622.051,4708.718,0.18856175511000334,0.14324405233855617,0.15591101668952304,0.18913654515226636,0.14211896868538057,0.1549565851593864,0.14222214139556388,0.15775850123877713,0.18892241288204992,0.1419891503783125,0.15313959776478717,0.1875910260193337,0.14247369412451527,0.15667544815160292
304.6875,3716.41,3632.308,3707.179,3709.231,3736.923,0.18856175511000334,0.14324405233855617,0.15591101668952304,0.18913654515226636,0.14211896868538057,0.1549565851593864,0.14222214139556388,0.15775850123877713,0.18892241288204992,0.1419891503783125,0.15313959776478717,0.1875910260193337,0.14247369412451527,0.15667544815160292
312.5,2387.179,2312.308,2405.128,2374.872,2423.077,0.18856175511000334,0.14324405233855617,0.15591101668952304,0.18913654515226636,0.14211896868538057,0.1549565851593864,0.14222214139556388,0.15775850123877713,0.18892241288204992,0.1419891503783125,0.15313959776478717,0.1875910260193337,0.14247369412451527,0.15667544815160292
320.3125,2311.282,2240.0,2358.462,2231.795,2350.769,0.18856175511000334,0.14324405233855617,0.15591101668952304,0.18913654515226636,0.14211896868538057,0.1549565851593864,0.14222214139556388,0.15775850123877713,0.18892241288204992,0.1419891503783125,0.15313959776478717,0.1875910260193337,0.14247369412451527,0.15667544815160292
328.125,2628.205,2568.205,2688.718,2550.256,2667.692,0.18856175511000334,0.14324405233855617,0.15591101668952304,0.18913654515226636,0.14211896868538057,0.1549565851593864,0.14222214139556388,0.15775850123877713,0.18892241288204992,0.1419891503783125,0.15313959776478717,0.1875910260193337,0.14247369412451527,0.15667544815160292
335.9375,2736.41,2686.667,2807.692,2663.077,2760.513,0.18856175511000334,0.14324405233855617,0.15591101668952304,0.18913654515226636,0.14211896868538057,0.1549565851593864,0.14222214139556388,0.15775850123877713,0.18892241288204992,0.1419891503783125,0.15313959776478717,0.1875910260193337,0.14247369412451527,0.15667544815160292
343.75,3204.103,3147.692,3265.128,3102.564,3226.154,0.18856175511000334,0.14324405233855617,0.15591101668952304,0.18913654515226636,0.14211896868538057,0.1549565851593864,0.14222214139556388,0.15775850123877713,0.18892241288204992,0.1419891503783125,0.15313959776478717,0.1875910260193337,0.14247369412451527,0.15667544815160292
351.5625,3050.769,3001.026,3090.769,2974.872,3084.615,0.18856175511000334,0.14324405233855617,0.15591101668952304,0.18913654515226636,0.14211896868538057,0.1549565851593864,0.14222214139556388,0.15775850123877713,0.18892241288204992,0.1419891503783125,0.15313959776478717,0.1875910260193337,0.14247369412451527,0.15667544815160292
359.375,2439.487,2400.0,2492.308,2348.205,2438.974,0.18856175511000334,0.14324405233855617,0.15591101668952304,0.18913654515226636,0.14211896868538057,0.1549565851593864,0.14222214139556388,0.15775850123877713,0.18892241288204992,0.1419891503783125,0.15313959776478717,0.1875910260193337,0.14247369412451527,0.15667544815160292
367.1875,3643.59,3570.256,3705.128,3421.538,3584.103,0.18856175511000334,0.14324405233855617,0.15591101668952304,0.18913654515226636,0.14211896868538057,0.1549565851593864,0.14222214139556388,0.15775850123877713,0.18892241288204992,0.1419891503783125,0.15313959776478717,0.1875910260193337,0.14247369412451527,0.15667544815160292
375.0,6372.821,6272.821,6395.897,6089.231,6302.564,0.18856175511000334,0.14324405233855617,0.15591101668952304,0.18913654515226636,0.14211896868538057,0.1549565851593864,0.14222214139556388,0.15775850123877713,0.18892241288204992,0.1419891503783125,0.15313959776478717,0.1875910260193337,0.14247369412451527,0.15667544815160292
382.8125,7848.205,7764.615,7825.641,7674.359,7805.128,0.18856175511000334,0.14324405233855617,0.15591101668952304,0.18913654515226636,0.14211896868538057,0.1549565851593864,0.14222214139556388,0.15775850123877713,0.18892241288204992,0.1419891503783125,0.15313959776478717,0.1875910260193337,0.14247369412451527,0.15667544815160292
390.625,7787.692,7705.128,7760.513,7700.513,7756.923,0.18856175511000334,0.14324405233855617,0.15591101668952304,0.18913654515226636,0.14211896868538057,0.1549565851593864,0.14222214139556388,0.15775850123877713,0.18892241288204992,0.1419891503783125,0.15313959776478717,0.1875910260193337,0.14247369412451527,0.15667544815160292
398.4375,7695.385,7615.385,7682.051,7614.872,7671.795,0.18856175511000334,0.14324405233855617,0.15591101668952304,0.18913654515226636,0.14211896868538057,0.1549565851593864,0.14222214139556388,0.15775850123877713,0.18892241288204992,0.1419891503783125,0.15313959776478717,0.1875910260193337,0.14247369412451527,0.15667544815160292
406.25,8032.308,8015.385,8036.923,7977.949,8018.974,0.18856175511000334,0.14324405233855617,0.15591101668952304,0.18913654515226636,0.14211896868538057,0.1549565851593864,0.14222214139556388,0.15775850123877713,0.18892241288204992,0.1419891503783125,0.15313959776478717,0.1875910260193337,0.14247369412451527,0.15667544815160292
414.0625,8145.641,8135.385,8116.41,8151.282,8150.256,0.18856175511000334,0.14324405233855617,0.15591101668952304,0.18913654515226636,0.14211896868538057,0.1549565851593864,0.14222214139556388,0.15775850123877713,0.18892241288204992,0.1419891503783125,0.15313959776478717,0.1875910260193337,0.14247369412451527,0.15667544815160292
421.875,6121.026,6022.564,6042.564,6172.821,6150.769,0.18856175511000334,0.14324405233855617,0.15591101668952304,0.18913654515226636,0.14211896868538057,0.1549565851593864,0.14222214139556388,0.15775850123877713,0.18892241288204992,0.1419891503783125,0.15313959776478717,0.1875910260193337,0.14247369412451527,0.15667544815160292
429.6875,3385.641,3265.641,3382.051,3371.282,3410.769,0.18856175511000334,0.14324405233855617,0.15591101668952304,0.18913654515226636,0.14211896868538057,0.1549565851593864,0.14222214139556388,0.15775850123877713,0.18892241288204992,0.1419891503783125,0.15313959776478717,0.1875910260193337,0.14247369412451527,0.15667544815160292
437.5,3460.513,3371.282,3535.385,3347.179,3463.59,0.18856175511000334,0.14324405233855617,0.15591101668952304,0.18913654515226636,0.14211896868538057,0.1549565851593864,0.14222214139556388,0.15775850123877713,0.18892241288204992,0.1419891503783125,0.15313959776478717,0.1875910260193337,0.14247369412451527,0.15667544815160292
445.3125,4016.923,3914.872,4037.949,3959.487,4040.0,0.18856175511000334,0.14324405233855617,0.15591101668952304,0.18913654515226636,0.14211896868538057,0.1549565851593864,0.14222214139556388,0.15775850123877713,0.18892241288204992,0.1419891503783125,0.15313959776478717,0.1875910260193337,0.14247369412451527,0.15667544815160292
453.125,2626.667,2522.051,2644.615,2592.308,2673.333,0.18856175511000334,0.14324405233855617,0.15591101668952304,0.18913654515226636,0.14211896868538057,0.1549565851593864,0.14222214139556388,0.15775850123877713,0.18892241288204992,0.1419891503783125,0.15313959776478717,0.1875910260193337,0.14247369412451527,0.15667544815160292
460.9375,3131.282,3051.795,3232.308,2949.744,3144.103,0.18856175511000334,0.14324405233855617,0.15591101668952304,0.18913654515226636,0.14211896868538057,0.1549565851593864,0.14222214139556388,0.15775850123877713,0.18892241288204992,0.1419891503783125,0.15313959776478717,0.1875910260193337,0.14247369412451527,0.15667544815160292
468.75,6403.59,6344.615,6476.923,6192.821,6380.0,0.18856175511000334,0.14324405233855617,0.15591101668952304,0.18913654515226636,0.14211896868538057,0.1549565851593864,0.14222214139556388,0.15775850123877713,0.18892241288204992,0.1419891503783125,0.15313959776478717,0.1875910260193337,0.14247369412451527,0.15667544815160292
476.5625,8109.231,8084.615,8101.538,8048.718,8097.436,0.18856175511000334,0.14324405233855617,0.15591101668952304,0.18913654515226636,0.14211896868538057,0.1549565851593864,0.14222214139556388,0.15775850123877713,0.18892241288204992,0.1419891503783125,0.15313959776478717,0.1875910260193337,0.14247369412451527,0.15667544815160292
484.375,7769.231,7759.487,7764.103,7763.077,7776.923,0.18856175511000334,0.14324405233855617,0.15591101668952304,0.18913654515226636,0.14211896868538057,0.1549565851593864,0.14222214139556388,0.15775850123877713,0.18892241288204992,0.1419891503783125,0.15313959776478717,0.1875910260193337,0.14247369412451527,0.15667544815160292
492.1875,7728.205,7701.538,7739.487,7688.205,7737.436,0.18856175511000334,0.14324405233855617,0.15591101668952304,0.18913654515226636,0.14211896868538057,0.1549565851593864,0.14222214139556388,0.15775850123877713,0.18892241288204992,0.1419891503783125,0.15313959776478717,0.1875910260193337,0.14247369412451527,0.15667544815160292
500.0,7993.846,7971.282,7984.103,7964.103,7991.795,0.18856175511000334,0.14324405233855617,0.15591101668952304,0.18913654515226636,0.14211896868538057,0.1549565851593864,0.14222214139556388,0.15775850123877713,0.18892241288204992,0.1419891503783125,0.15313959776478717,0.1875910260193337,0.14247369412451527,0.15667544815160292
507.8125,7881.538,7858.974,7859.487,7862.564,7872.308,0.18856175511000334,0.14324405233855617,0.15591101668952304,0.18913654515226636,0.14211896868538057,0.1549565851593864,0.14222214139556388,0.15775850123877713,0.18892241288204992,0.1419891503783125,0.15313959776478717,0.1875910260193337,0.14247369412451527,0.15667544815160292
515.625,7608.718,7563.077,7597.436,7557.436,7598.462,0.18856175511000334,0.14324405233855617,0.15591101668952304,0.18913654515226636,0.14211896868538057,0.1549565851593864,0.14222214139556388,0.15775850123877713,0.18892241288204992,0.1419891503783125,0.15313959776478717,0.1875910260193337,0.14247369412451527,0.15667544815160292
523.4375,7605.128,7571.282,7608.718,7545.641,7601.026,0.18856175511000334,0.14324405233855617,0.15591101668952304,0.18913654515226636,0.14211896868538057,0.1549565851593864,0.14222214139556388,0.15775850123877713,0.18892241288204992,0.1419891503783125,0.15313959776478717,0.1875910260193337,0.14247369412451527,0.15667544815160292
531.25,7735.385,7714.359,7748.205,7696.41,7739.487,0.18856175511000334,0.14324405233855617,0.15591101668952304,0.18913654515226636,0.14211896868538057,0.1549565851593864,0.14222214139556388,0.15775850123877713,0.18892241288204992,0.1419891503783125,0.15313959776478717,0.1875910260193337,0.14247369412451527,0.15667544815160292
539.0625,7789.231,7755.897,7793.846,7757.949,7795.385,0.18856175511000334,0.14324405233855617,0.15591101668952304,0.18913654515226636,0.14211896868538057,0.1549565851593864,0.14222214139556388,0.15775850123877713,0.18892241288204992,0.1419891503783125,0.15313959776478717,0.1875910260193337,0.14247369412451527,0.15667544815160292
546.875,7683.077,7657.436,7674.359,7661.026,7691.795,0.18856175511000334,0.14324405233855617,0.15591101668952304,0.18913654515226636,0.14211896868538057,0.1549565851593864,0.14222214139556388,0.15775850123877713,0.18892241288204992,0.1419891503783125,0.15313959776478717,0.1875910260193337,0.14247369412451527,0.15667544815160292
554.6875,7578.974,7560.0,7578.974,7555.897,7582.564,0.18856175511000334,0.14324405233855617,0.15591101668952304,0.18913654515226636,0.14211896868538057,0.1549565851593864,0.14222214139556388,0.15775850123877713,0.18892241288204992,0.1419891503783125,0.15313959776478717,0.1875910260193337,0.14247369412451527,0.15667544815160292
562.5,7802.051,7777.949,7805.128,7782.051,7796.41,0.18856175511000334,0.14324405233855617,0.15591101668952304,0.18913654515226636,0.14211896868538057,0.1549565851593864,0.14222214139556388,0.15775850123877713,0.18892241288204992,0.1419891503783125,0.15313959776478717,0.1875910260193337,0.14247369412451527,0.15667544815160292
570.3125,7451.282,7416.41,7427.692,7454.359,7466.154,0.18856175511000334,0.14324405233855617,0.15591101668952304,0.18913654515226636,0.14211896868538057,0.1549565851593864,0.14222214139556388,0.15775850123877713,0.18892241288204992,0.1419891503783125,0.15313959776478717,0.1875910260193337,0.14247369412451527,0.15667544815160292
578.125,6353.333,6289.231,6328.205,6294.359,6374.872,0.18856175511000334,0.14324405233855617,0.15591101668952304,0.18913654515226636,0.14211896868538057,0.1549565851593864,0.14222214139556388,0.15775850123877713,0.18892241288204992,0.1419891503783125,0.15313959776478717,0.1875910260193337,0.14247369412451527,0.15667544815160292
585.9375,6363.59,6267.692,6365.641,6187.179,6342.051,0.18856175511000334,0.14324405233855617,0.15591101668952304,0.18913654515226636,0.14211896868538057,0.1549565851593864,0.14222214139556388,0.15775850123877713,0.18892241288204992,0.1419891503783125,0.15313959776478717,0.1875910260193337,0.14247369412451527,0.15667544815160292
593.75,7297.949,7178.462,7286.154,7103.077,7247.179,0.18856175511000334,0.14324405233855617,0.15591101668952304,0.18913654515226636,0.14211896868538057,0.1549565851593864,0.14222214139556388,0.15775850123877713,0.18892241288204992,0.1419891503783125,0.15313959776478717,0.1875910260193337,0.14247369412451527,0.15667544815160292
601.5625,7315.897,7198.974,7277.949,7183.077,7274.872,0.18856175511000334,0.14324405233855617,0.15591101668952304,0.18913654515226636,0.14211896868538057,0.1549565851593864,0.14222214139556388,0.15775850123877713,0.18892241288204992,0.1419891503783125,0.15313959776478717,0.1875910260193337,0.14247369412451527,0.15667544815160292
609.375,7100.0,7035.897,7081.538,7010.256,7069.744,0.18856175511000334,0.14324405233855617,0.15591101668952304,0.18913654515226636,0.14211896868538057,0.1549565851593864,0.14222214139556388,0.15775850123877713,0.18892241288204992,0.1419891503783125,0.15313959776478717,0.1875910260193337,0.14247369412451527,0.15667544815160292
617.1875,7660.513,7637.436,7658.974,7601.538,7641.026,0.18856175511000334,0.14324405233855617,0.15591101668952304,0.18913654515226636,0.14211896868538057,0.1549565851593864,0.14222214139556388,0.15775850123877713,0.18892241288204992,0.1419891503783125,0.15313959776478717,0.1875910260193337,0.14247369412451527,0.15667544815160292
625.0,7945.641,7902.564,7923.077,7883.077,7925.128,0.18856175511000334,0.14324405233855617,0.15591101668952304,0.18913654515226636,0.14211896868538057,0.1549565851593864,0.14222214139556388,0.15775850123877713,0.18892241288204992,0.1419891503783125,0.15313959776478717,0.1875910260193337,0.14247369412451527,0.15667544815160292
632.8125,7924.103,7876.923,7891.795,7823.077,7892.308,0.18856175511000334,0.14324405233855617,0.15591101668952304,0.18913654515226636,0.14211896868538057,0.1549565851593864,0.14222214139556388,0.15775850123877713,0.18892241288204992,0.1419891503783125,0.15313959776478717,0.1875910260193337,0.14247369412451527,0.15667544815160292
640.625,7986.154,7954.872,7958.974,7906.667,7970.769,0.18856175511000334,0.14324405233855617,0.15591101668952304,0.18913654515226636,0.14211896868538057,0.1549565851593864,0.14222214139556388,0.15775850123877713,0.18892241288204992,0.1419891503783125,0.15313959776478717,0.1875910260193337,0.14247369412451527,0.15667544815160292
648.4375,7615.897,7585.128,7594.872,7569.231,7612.308,0.18856175511000334,0.14324405233855617,0.15591101668952304,0.18913654515226636,0.14211896868538057,0.1549565851593864,0.14222214139556388,0.15775850123877713,0.18892241288204992,0.1419891503783125,0.15313959776478717,0.1875910260193337,0.14247369412451527,0.15667544815160292
656.25,7915.897,7863.077,7895.385,7815.385,7883.59,0.18856175511000334,0.14324405233855617,0.15591101668952304,0.18913654515226636,0.14211896868538057,0.1549565851593864,0.14222214139556388,0.15775850123877713,0.18892241288204992,0.1419891503783125,0.15313959776478717,0.1875910260193337,0.14247369412451527,0.15667544815160292
664.0625,7580.513,7468.205,7508.205,7532.821,7560.513,0.18856175511000334,0.14324405233855617,0.15591101668952304,0.18913654515226636,0.14211896868538057,0.1549565851593864,0.14222214139556388,0.15775850123877713,0.18892241288204992,0.1419891503783125,0.15313959776478717,0.1875910260193337,0.14247369412451527,0.15667544815160292
671.875,3892.821,3787.692,3812.821,3969.231,3912.821,0.18856175511000334,0.14324405233855617,0.15591101668952304,0.18913654515226636,0.14211896868538057,0.1549565851593864,0.14222214139556388,0.15775850123877713,0.18892241288204992,0.1419891503783125,0.15313959776478717,0.1875910260193337,0.14247369412451527,0.15667544815160292
679.6875,1209.231,1183.59,1245.128,1188.205,1207.692,0.18856175511000334,0.14324405233855617,0.15591101668952304,0.18913654515226636,0.14211896868538057,0.1549565851593864,0.14222214139556388,0.15775850123877713,0.18892241288204992,0.1419891503783125,0.15313959776478717,0.1875910260193337,0.14247369412451527,0.15667544815160292
687.5,2800.0,2756.923,2887.179,2631.282,2778.462,0.18856175511000334,0.14324405233855617,0.15591101668952304,0.18913654515226636,0.14211896868538057,0.1549565851593864,0.14222214139556388,0.15775850123877713,0.18892241288204992,0.1419891503783125,0.15313959776478717,0.1875910260193337,0.14247369412451527,0.15667544815160292
695.3125,3915.897,3816.41,3949.744,3786.154,3918.462,0.18856175511000334,0.14324405233855617,0.15591101668952304,0.18913654515226636,0.14211896868538057,0.1549565851593864,0.14222214139556388,0.15775850123877713,0.18892241288204992,0.1419891503783125,0.15313959776478717,0.1875910260193337,0.14247369412451527,0.15667544815160292
703.125,3632.308,3555.897,3683.59,3491.795,3623.59,0.18856175511000334,0.14324405233855617,0.15591101668952304,0.18913654515226636,0.14211896868538057,0.1549565851593864,0.14222214139556388,0.15775850123877713,0.18892241288204992,0.1419891503783125,0.15313959776478717,0.1875910260193337,0.14247369412451527,0.15667544815160292
710.9375,5299.487,5231.795,5384.615,5086.154,5263.59,0.18856175511000334,0.14324405233855617,0.15591101668952304,0.18913654515226636,0.14211896868538057,0.1549565851593864,0.14222214139556388,0.15775850123877713,0.18892241288204992,0.1419891503783125,0.15313959776478717,0.1875910260193337,0.14247369412451527,0.15667544815160292
718.75,7024.615,6933.333,7073.333,6864.103,7011.282,0.18856175511000334,0.14324405233855617,0.15591101668952304,0.18913654515226636,0.14211896868538057,0.1549565851593864,0.14222214139556388,0.15775850123877713,0.18892241288204992,0.1419891503783125,0.15313959776478717,0.1875910260193337,0.14247369412451527,0.15667544815160292
726.5625,6706.154,6623.077,6721.026,6610.769,6711.282,0.18856175511000334,0.14324405233855617,0.15591101668952304,0.18913654515226636,0.14211896868538057,0.1549565851593864,0.14222214139556388,0.15775850123877713,0.18892241288204992,0.1419891503783125,0.15313959776478717,0.1875910260193337,0.14247369412451527,0.15667544815160292
734.375,5208.718,5127.179,5206.154,5150.769,5211.795,0.18856175511000334,0.14324405233855617,0.15591101668952304,0.18913654515226636,0.14211896868538057,0.1549565851593864,0.14222214139556388,0.15775850123877713,0.18892241288204992,0.1419891503783125,0.15313959776478717,0.1875910260193337,0.14247369412451527,0.15667544815160292
742.1875,2823.59,2753.846,2855.385,2810.256,2857.436,0.18856175511000334,0.14324405233855617,0.15591101668952304,0.18913654515226636,0.14211896868538057,0.1549565851593864,0.14222214139556388,0.15775850123877713,0.18892241288204992,0.1419891503783125,0.15313959776478717,0.1875910260193337,0.14247369412451527,0.15667544815160292
750.0,1078.462,1058.462,1183.077,1046.154,1128.205,0.18856175511000334,0.14324405233855617,0.15591101668952304,0.18913654515226636,0.14211896868538057,0.1549565851593864,0.14222214139556388,0.15775850123877713,0.18892241288204992,0.1419891503783125,0.15313959776478717,0.1875910260193337,0.14247369412451527,0.15667544815160292
757.8125,901.026,899.487,1002.564,844.615,929.231,0.18856175511000334,0.14324405233855617,0.15591101668952304,0.18913654515226636,0.14211896868538057,0.1549565851593864,0.14222214139556388,0.15775850123877713,0.18892241288204992,0.1419891503783125,0.15313959776478717,0.1875910260193337,0.14247369412451527,0.15667544815160292
765.625,1249.744,1230.256,1342.564,1162.564,1270.769,0.18856175511000334,0.14324405233855617,0.15591101668952304,0.18913654515226636,0.14211896868538057,0.1549565851593864,0.14222214139556388,0.15775850123877713,0.18892241288204992,0.1419891503783125,0.15313959776478717,0.1875910260193337,0.14247369412451527,0.15667544815160292
773.4375,1649.744,1618.462,1761.538,1553.846,1684.103,0.18856175511000334,0.14324405233855617,0.15591101668952304,0.18913654515226636,0.14211896868538057,0.1549565851593864,0.14222214139556388,0.15775850123877713,0.18892241288204992,0.1419891503783125,0.15313959776478717,0.1875910260193337,0.14247369412451527,0.15667544815160292
781.25,1115.385,1096.923,1222.564,1084.103,1149.744,0.18856175511000334,0.14324405233855617,0.15591101668952304,0.18913654515226636,0.14211896868538057,0.1549565851593864,0.14222214139556388,0.15775850123877713,0.18892241288204992,0.1419891503783125,0.15313959776478717,0.1875910260193337,0.14247369412451527,0.15667544815160292
789.0625,1587.692,1589.231,1745.641,1462.051,1568.205,0.18856175511000334,0.14324405233855617,0.15591101668952304,0.18913654515226636,0.14211896868538057,0.1549565851593864,0.14222214139556388,0.15775850123877713,0.18892241288204992,0.1419891503783125,0.15313959776478717,0.1875910260193337,0.14247369412451527,0.15667544815160292
796.875,4970.256,4931.282,5119.487,4751.795,4926.667,0.18856175511000334,0.14324405233855617,0.15591101668952304,0.18913654515226636,0.14211896868538057,0.1549565851593864,0.14222214139556388,0.15775850123877713,0.18892241288204992,0.1419891503783125,0.15313959776478717,0.1875910260193337,0.14247369412451527,0.15667544815160292
804.6875,5773.846,5681.538,5800.0,5721.538,5790.769,0.18856175511000334,0.14324405233855617,0.15591101668952304,0.18913654515226636,0.14211896868538057,0.1549565851593864,0.14222214139556388,0.15775850123877713,0.18892241288204992,0.1419891503783125,0.15313959776478717,0.1875910260193337,0.14247369412451527,0.15667544815160292
812.5,3267.692,3202.564,3292.821,3263.077,3307.179,0.18856175511000334,0.14324405233855617,0.15591101668952304,0.18913654515226636,0.14211896868538057,0.1549565851593864,0.14222214139556388,0.15775850123877713,0.18892241288204992,0.1419891503783125,0.15313959776478717,0.1875910260193337,0.14247369412451527,0.15667544815160292
820.3125,3234.359,3208.205,3345.641,3098.974,3244.103,0.18856175511000334,0.14324405233855617,0.15591101668952304,0.18913654515226636,0.14211896868538057,0.1549565851593864,0.14222214139556388,0.15775850123877713,0.18892241288204992,0.1419891503783125,0.15313959776478717,0.1875910260193337,0.14247369412451527,0.15667544815160292
828.125,4681.538,4632.308,4780.0,4561.026,4693.333,0.18856175511000334,0.14324405233855617,0.15591101668952304,0.18913654515226636,0.14211896868538057,0.1549565851593864,0.14222214139556388,0.15775850123877713,0.18892241288204992,0.1419891503783125,0.15313959776478717,0.1875910260193337,0.14247369412451527,0.15667544815160292
835.9375,3753.333,3678.462,3817.949,3725.641,3785.128,0.18856175511000334,0.14324405233855617,0.15591101668952304,0.18913654515226636,0.14211896868538057,0.1549565851593864,0.14222214139556388,0.15775850123877713,0.18892241288204992,0.1419891503783125,0.15313959776478717,0.1875910260193337,0.14247369412451527,0.15667544815160292
843.75,1971.282,1923.077,2060.0,1935.897,2000.513,0.18856175511000334,0.14324405233855617,0.15591101668952304,0.18913654515226636,0.14211896868538057,0.1549565851593864,0.14222214139556388,0.15775850123877713,0.18892241288204992,0.1419891503783125,0.15313959776478717,0.1875910260193337,0.14247369412451527,0.15667544815160292
851.5625,1504.615,1480.0,1614.872,1431.282,1535.897,0.18856175511000334,0.14324405233855617,0.15591101668952304,0.18913654515226636,0.14211896868538057,0.1549565851593864,0.14222214139556388,0.15775850123877713,0.18892241288204992,0.1419891503783125,0.15313959776478717,0.1875910260193337,0.14247369412451527,0.15667544815160292
859.375,1870.769,1841.026,2001.538,1777.436,1916.41,0.18856175511000334,0.14324405233855617,0.15591101668952304,0.18913654515226636,0.14211896868538057,0.1549565851593864,0.14222214139556388,0.15775850123877713,0.18892241288204992,0.1419891503783125,0.15313959776478717,0.1875910260193337,0.14247369412451527,0.15667544815160292
867.1875,2360.0,2322.051,2490.256,2259.487,2408.718,0.18856175511000334,0.14324405233855617,0.15591101668952304,0.18913654515226636,0.14211896868538057,0.1549565851593864,0.14222214139556388,0.15775850123877713,0.18892241288204992,0.1419891503783125,0.15313959776478717,0.1875910260193337,0.14247369412451527,0.15667544815160292
875.0,3347.692,3308.718,3481.026,3176.923,3364.615,0.18856175511000334,0.14324405233855617,0.15591101668952304,0.18913654515226636,0.14211896868538057,0.1549565851593864,0.14222214139556388,0.15775850123877713,0.18892241288204992,0.1419891503783125,0.15313959776478717,0.1875910260193337,0.14247369412451527,0.15667544815160292
882.8125,6090.256,6028.718,6191.282,5869.231,6082.564,0.18856175511000334,0.14324405233855617,0.15591101668952304,0.18913654515226636,0.14211896868538057,0.1549565851593864,0.14222214139556388,0.15775850123877713,0.18892241288204992,0.1419891503783125,0.15313959776478717,0.1875910260193337,0.14247369412451527,0.15667544815160292
890.625,6749.231,6650.256,6755.385,6716.41,6804.103,0.18856175511000334,0.14324405233855617,0.15591101668952304,0.18913654515226636,0.14211896868538057,0.1549565851593864,0.14222214139556388,0.15775850123877713,0.18892241288204992,0.1419891503783125,0.15313959776478717,0.1875910260193337,0.14247369412451527,0.15667544815160292
898.4375,3928.718,3859.487,3977.436,3964.103,4011.795,0.18856175511000334,0.14324405233855617,0.15591101668952304,0.18913654515226636,0.14211896868538057,0.1549565851593864,0.14222214139556388,0.15775850123877713,0.18892241288204992,0.1419891503783125,0.15313959776478717,0.1875910260193337,0.14247369412451527,0.15667544815160292
906.25,4092.821,4080.513,4209.744,3969.231,4097.436,0.18856175511000334,0.14324405233855617,0.15591101668952304,0.18913654515226636,0.14211896868538057,0.1549565851593864,0.14222214139556388,0.15775850123877713,0.18892241288204992,0.1419891503783125,0.15313959776478717,0.1875910260193337,0.14247369412451527,0.15667544815160292
914.0625,6924.615,6889.744,6974.359,6798.974,6908.718,0.18856175511000334,0.14324405233855617,0.15591101668952304,0.18913654515226636,0.14211896868538057,0.1549565851593864,0.14222214139556388,0.15775850123877713,0.18892241288204992,0.1419891503783125,0.15313959776478717,0.1875910260193337,0.14247369412451527,0.15667544815160292
921.875,7238.462,7163.59,7273.333,7177.436,7268.718,0.18856175511000334,0.14324405233855617,0.15591101668952304,0.18913654515226636,0.14211896868538057,0.1549565851593864,0.14222214139556388,0.15775850123877713,0.18892241288204992,0.1419891503783125,0.15313959776478717,0.1875910260193337,0.14247369412451527,0.15667544815160292
929.6875,6857.949,6808.205,6943.59,6762.051,6888.718,0.18856175511000334,0.14324405233855617,0.15591101668952304,0.18913654515226636,0.14211896868538057,0.1549565851593864,0.14222214139556388,0.15775850123877713,0.18892241288204992,0.1419891503783125,0.15313959776478717,0.1875910260193337,0.14247369412451527,0.15667544815160292
937.5,7481.538,7450.769,7530.256,7418.974,7501.026,0.18856175511000334,0.14324405233855617,0.15591101668952304,0.18913654515226636,0.14211896868538057,0.1549565851593864,0.14222214139556388,0.15775850123877713,0.18892241288204992,0.1419891503783125,0.15313959776478717,0.1875910260193337,0.14247369412451527,0.15667544815160292
945.3125,6928.718,6883.59,6953.333,6904.615,6949.231,0.18856175511000334,0.14324405233855617,0.15591101668952304,0.18913654515226636,0.14211896868538057,0.1549565851593864,0.14222214139556388,0.15775850123877713,0.18892241288204992,0.1419891503783125,0.15313959776478717,0.1875910260193337,0.14247369412451527,0.15667544815160292
953.125,6560.513,6540.513,6622.564,6481.026,6561.538,0.18856175511000334,0.14324405233855617,0.15591101668952304,0.18913654515226636,0.14211896868538057,0.1549565851593864,0.14222214139556388,0.15775850123877713,0.18892241288204992,0.1419891503783125,0.15313959776478717,0.1875910260193337,0.14247369412451527,0.15667544815160292
960.9375,7626.667,7634.359,7649.744,7578.974,7619.487,0.18856175511000334,0.14324405233855617,0.15591101668952304,0.18913654515226636,0.14211896868538057,0.1549565851593864,0.14222214139556388,0.15775850123877713,0.18892241288204992,0.1419891503783125,0.15313959776478717,0.1875910260193337,0.14247369412451527,0.15667544815160292
968.75,7985.128,7983.077,7969.744,7995.385,7988.205,0.18856175511000334,0.14324405233855617,0.15591101668952304,0.18913654515226636,0.14211896868538057,0.1549565851593864,0.14222214139556388,0.15775850123877713,0.18892241288204992,0.1419891503783125,0.15313959776478717,0.1875910260193337,0.14247369412451527,0.15667544815160292
976.5625,7692.308,7687.692,7692.821,7687.692,7692.308,0.18856175511000334,0.14324405233855617,0.15591101668952304,0.18913654515226636,0.14211896868538057,0.1549565851593864,0.14222214139556388,0.15775850123877713,0.18892241288204992,0.1419891503783125,0.15313959776478717,0.1875910260193337,0.14247369412451527,0.15667544815160292
984.375,7767.179,7764.103,7770.256,7750.769,7764.103,0.18856175511000334,0.14324405233855617,0.15591101668952304,0.18913654515226636,0.14211896868538057,0.1549565851593864,0.14222214139556388,0.15775850123877713,0.18892241288204992,0.1419891503783125,0.15313959776478717,0.1875910260193337,0.14247369412451527,0.15667544815160292
992.1875,7887.692,7881.538,7882.564,7885.128,7887.692,0.18856175511000334,0.14324405233855617,0.15591101668952304,0.18913654515226636,0.14211896868538057,0.1549565851593864,0.14222214139556388,0.15775850123877713,0.18892241288204992,0.1419891503783125,0.15313959776478717,0.1875910260193337,0.14247369412451527,0.15667544815160292
1000.0,7814.872,7805.128,7813.846,7797.949,7809.231,0.18856175511000334,0.14324405233855617,0.15591101668952304,0.18913654515226636,0.14211896868538057,0.1549565851593864,0.14222214139556388,0.15775850123877713,0.18892241288204992,0.1419891503783125,0.15313959776478717,0.1875910260193337,0.14247369412451527,0.15667544815160292
1007.8125,7833.846,7816.41,7842.564,7779.487,7823.077,0.18856175511000334,0.14324405233855617,0.15591101668952304,0.18913654515226636,0.14211896868538057,0.1549565851593864,0.14222214139556388,0.15775850123877713,0.18892241288204992,0.1419891503783125,0.15313959776478717,0.1875910260193337,0.14247369412451527,0.15667544815160292
1015.625,8037.436,8014.359,8048.718,7969.231,8031.795,0.18856175511000334,0.14324405233855617,0.15591101668952304,0.18913654515226636,0.14211896868538057,0.1549565851593864,0.14222214139556388,0.15775850123877713,0.18892241288204992,0.1419891503783125,0.15313959776478717,0.1875910260193337,0.14247369412451527,0.15667544815160292
1023.4375,7722.564,7696.923,7724.615,7695.385,7732.308,0.18856175511000334,0.14324405233855617,0.15591101668952304,0.18913654515226636,0.14211896868538057,0.1549565851593864,0.14222214139556388,0.15775850123877713,0.18892241288204992,0.1419891503783125,0.15313959776478717,0.1875910260193337,0.14247369412451527,0.15667544815160292
1031.25,7176.923,7156.41,7201.538,7144.103,7186.667,0.18856175511000334,0.14324405233855617,0.15591101668952304,0.18913654515226636,0.14211896868538057,0.1549565851593864,0.14222214139556388,0.15775850123877713,0.18892241288204992,0.1419891503783125,0.15313959776478717,0.1875910260193337,0.14247369412451527,0.15667544815160292
1039.0625,7038.462,7023.077,7098.462,6981.026,7053.846,0.18856175511000334,0.14324405233855617,0.15591101668952304,0.18913654515226636,0.14211896868538057,0.1549565851593864,0.14222214139556388,0.15775850123877713,0.18892241288204992,0.1419891503783125,0.15313959776478717,0.1875910260193337,0.14247369412451527,0.15667544815160292
1046.875,5344.615,5316.41,5355.385,5382.564,5386.667,0.18856175511000334,0.14324405233855617,0.15591101668952304,0.18913654515226636,0.14211896868538057,0.1549565851593864,0.14222214139556388,0.15775850123877713,0.18892241288204992,0.1419891503783125,0.15313959776478717,0.1875910260193337,0.14247369412451527,0.15667544815160292
1054.6875,1976.923,1951.795,1950.256,2084.615,2032.821,0.18856175511000334,0.14324405233855617,0.15591101668952304,0.18913654515226636,0.14211896868538057,0.1549565851593864,0.14222214139556388,0.15775850123877713,0.18892241288204992,0.1419891503783125,0.15313959776478717,0.1875910260193337,0.14247369412451527,0.15667544815160292
1062.5,703.59,728.718,784.615,695.897,744.103,0.18856175511000334,0.14324405233855617,0.15591101668952304,0.18913654515226636,0.14211896868538057,0.1549565851593864,0.14222214139556388,0.15775850123877713,0.18892241288204992,0.1419891503783125,0.15313959776478717,0.1875910260193337,0.14247369412451527,0.15667544815160292
1070.3125,2003.59,2062.051,2174.872,1918.974,2038.974,0.18856175511000334,0.14324405233855617,0.15591101668952304,0.18913654515226636,0.14211896868538057,0.1549565851593864,0.14222214139556388,0.15775850123877713,0.18892241288204992,0.1419891503783125,0.15313959776478717,0.1875910260193337,0.14247369412451527,0.15667544815160292
1078.125,2888.718,2937.949,3038.974,2824.103,2932.308,0.18856175511000334,0.14324405233855617,0.15591101668952304,0.18913654515226636,0.14211896868538057,0.1549565851593864,0.14222214139556388,0.15775850123877713,0.18892241288204992,0.1419891503783125,0.15313959776478717,0.1875910260193337,0.14247369412451527,0.15667544815160292
1085.9375,3976.41,4007.692,4107.179,3874.359,4015.897,0.18856175511000334,0.14324405233855617,0.15591101668952304,0.18913654515226636,0.14211896868538057,0.1549565851593864,0.14222214139556388,0.15775850123877713,0.18892241288204992,0.1419891503783125,0.15313959776478717,0.1875910260193337,0.14247369412451527,0.15667544815160292
1093.75,5511.795,5516.41,5637.949,5407.179,5552.821,0.18856175511000334,0.14324405233855617,0.15591101668952304,0.18913654515226636,0.14211896868538057,0.1549565851593864,0.14222214139556388,0.15775850123877713,0.18892241288204992,0.1419891503783125,0.15313959776478717,0.1875910260193337,0.14247369412451527,0.15667544815160292
1101.5625,5774.359,5762.051,5887.179,5672.821,5804.615,0.18856175511000334,0.14324405233855617,0.15591101668952304,0.18913654515226636,0.14211896868538057,0.1549565851593864,0.14222214139556388,0.15775850123877713,0.18892241288204992,0.1419891503783125,0.15313959776478717,0.1875910260193337,0.14247369412451527,0.15667544815160292
1109.375,6112.821,6123.077,6211.795,6007.179,6115.897,0.18856175511000334,0.14324405233855617,0.15591101668952304,0.18913654515226636,0.14211896868538057,0.1549565851593864,0.14222214139556388,0.15775850123877713,0.18892241288204992,0.1419891503783125,0.15313959776478717,0.1875910260193337,0.14247369412451527,0.15667544815160292
1117.1875,7427.692,7439.487,7492.308,7344.615,7422.051,0.18856175511000334,0.14324405233855617,0.15591101668952304,0.18913654515226636,0.14211896868538057,0.1549565851593864,0.14222214139556388,0.15775850123877713,0.18892241288204992,0.1419891503783125,0.15313959776478717,0.1875910260193337,0.14247369412451527,0.15667544815160292
1125.0,7933.846,7912.821,7957.949,7871.282,7949.744,0.18856175511000334,0.14324405233855617,0.15591101668952304,0.18913654515226636,0.14211896868538057,0.1549565851593864,0.14222214139556388,0.15775850123877713,0.18892241288204992,0.1419891503783125,0.15313959776478717,0.1875910260193337,0.14247369412451527,0.15667544815160292
1132.8125,7267.692,7248.718,7288.205,7175.385,7279.487,0.18856175511000334,0.14324405233855617,0.15591101668952304,0.18913654515226636,0.14211896868538057,0.1549565851593864,0.14222214139556388,0.15775850123877713,0.18892241288204992,0.1419891503783125,0.15313959776478717,0.1875910260193337,0.14247369412451527,0.15667544815160292
1140.625,7998.462,7999.487,8028.205,7870.769,7972.821,0.18856175511000334,0.14324405233855617,0.15591101668952304,0.18913654515226636,0.14211896868538057,0.1549565851593864,0.14222214139556388,0.15775850123877713,0.18892241288204992,0.1419891503783125,0.15313959776478717,0.1875910260193337,0.14247369412451527,0.15667544815160292
1148.4375,8075.385,8044.615,8060.513,8064.103,8084.615,0.18856175511000334,0.14324405233855617,0.15591101668952304,0.18913654515226636,0.14211896868538057,0.1549565851593864,0.14222214139556388,0.15775850123877713,0.18892241288204992,0.1419891503783125,0.15313959776478717,0.1875910260193337,0.14247369412451527,0.15667544815160292
1156.25,4478.974,4433.846,4443.59,4560.513,4530.769,0.18856175511000334,0.14324405233855617,0.15591101668952304,0.18913654515226636,0.14211896868538057,0.1549565851593864,0.14222214139556388,0.15775850123877713,0.18892241288204992,0.1419891503783125,0.15313959776478717,0.1875910260193337,0.14247369412451527,0.15667544815160292
1164.0625,2475.897,2488.205,2545.128,2404.103,2479.487,0.18856175511000334,0.14324405233855617,0.15591101668952304,0.18913654515226636,0.14211896868538057,0.1549565851593864,0.14222214139556388,0.15775850123877713,0.18892241288204992,0.1419891503783125,0.15313959776478717,0.1875910260193337,0.14247369412451527,0.15667544815160292
1171.875,5311.282,5351.282,5465.641,5099.487,5289.744,0.18856175511000334,0.14324405233855617,0.15591101668952304,0.18913654515226636,0.14211896868538057,0.1549565851593864,0.14222214139556388,0.15775850123877713,0.18892241288204992,0.1419891503783125,0.15313959776478717,0.1875910260193337,0.14247369412451527,0.15667544815160292
1179.6875,6143.077,6135.897,6188.718,6110.256,6186.154,0.18856175511000334,0.14324405233855617,0.15591101668952304,0.18913654515226636,0.14211896868538057,0.1549565851593864,0.14222214139556388,0.15775850123877713,0.18892241288204992,0.1419891503783125,0.15313959776478717,0.1875910260193337,0.14247369412451527,0.15667544815160292
1187.5,2194.359,2167.692,2146.667,2315.897,2257.436,0.18856175511000334,0.14324405233855617,0.15591101668952304,0.18913654515226636,0.14211896868538057,0.1549565851593864,0.14222214139556388,0.15775850123877713,0.18892241288204992,0.1419891503783125,0.15313959776478717,0.1875910260193337,0.14247369412451527,0.15667544815160292
1195.3125,0.0,0.0,0.0,0.0,0.0,0.18856175511000334,0.14324405233855617,0.15591101668952304,0.18913654515226636,0.14211896868538057,0.1549565851593864,0.14222214139556388,0.15775850123877713,0.18892241288204992,0.1419891503783125,0.15313959776478717,0.1875910260193337,0.14247369412451527,0.15667544815160292
1203.125,854.359,876.923,913.333,811.795,846.667,0.18856175511000334,0.14324405233855617,0.15591101668952304,0.18913654515226636,0.14211896868538057,0.1549565851593864,0.14222214139556388,0.15775850123877713,0.18892241288204992,0.1419891503783125,0.15313959776478717,0.1875910260193337,0.14247369412451527,0.15667544815160292
1210.9375,1357.949,1373.846,1403.077,1365.641,1388.205,0.18856175511000334,0.14324405233855617,0.15591101668952304,0.18913654515226636,0.14211896868538057,0.1549565851593864,0.14222214139556388,0.15775850123877713,0.18892241288204992,0.1419891503783125,0.15313959776478717,0.1875910260193337,0.14247369412451527,0.15667544815160292
1218.75,433.333,462.051,512.308,443.59,463.59,0.18856175511000334,0.14324405233855617,0.15591101668952304,0.18913654515226636,0.14211896868538057,0.1549565851593864,0.14222214139556388,0.15775850123877713,0.18892241288204992,0.1419891503783125,0.15313959776478717,0.1875910260193337,0.14247369412451527,0.15667544815160292
1226.5625,1946.667,1998.462,2107.179,1787.179,1918.462,0.18856175511000334,0.14324405233855617,0.15591101668952304,0.18913654515226636,0.14211896868538057,0.1549565851593864,0.14222214139556388,0.15775850123877713,0.18892241288204992,0.1419891503783125,0.15313959776478717,0.1875910260193337,0.14247369412451527,0.15667544815160292
1234.375,6256.923,6289.231,6369.744,6042.051,6229.744,0.18856175511000334,0.14324405233855617,0.15591101668952304,0.18913654515226636,0.14211896868538057,0.1549565851593864,0.14222214139556388,0.15775850123877713,0.18892241288204992,0.1419891503783125,0.15313959776478717,0.1875910260193337,0.14247369412451527,0.15667544815160292
1242.1875,6664.103,6654.359,6639.487,6673.846,6712.821,0.18856175511000334,0.14324405233855617,0.15591101668952304,0.18913654515226636,0.14211896868538057,0.1549565851593864,0.14222214139556388,0.15775850123877713,0.18892241288204992,0.1419891503783125,0.15313959776478717,0.1875910260193337,0.14247369412451527,0.15667544815160292
1250.0,2738.974,2737.949,2710.769,2872.308,2811.282,0.18856175511000334,0.14324405233855617,0.15591101668952304,0.18913654515226636,0.14211896868538057,0.1549565851593864,0.14222214139556388,0.15775850123877713,0.18892241288204992,0.1419891503783125,0.15313959776478717,0.1875910260193337,0.14247369412451527,0.15667544815160292
1257.8125,192.308,213.333,216.923,256.923,223.077,0.18856175511000334,0.14324405233855617,0.15591101668952304,0.18913654515226636,0.14211896868538057,0.1549565851593864,0.14222214139556388,0.15775850123877713,0.18892241288204992,0.1419891503783125,0.15313959776478717,0.1875910260193337,0.14247369412451527,0.15667544815160292
1265.625,561.538,575.385,602.564,496.41,535.385,0.18856175511000334,0.14324405233855617,0.15591101668952304,0.18913654515226636,0.14211896868538057,0.1549565851593864,0.14222214139556388,0.15775850123877713,0.18892241288204992,0.1419891503783125,0.15313959776478717,0.1875910260193337,0.14247369412451527,0.15667544815160292
1273.4375,3287.692,3309.744,3405.641,3096.923,3255.897,0.18856175511000334,0.14324405233855617,0.15591101668952304,0.18913654515226636,0.14211896868538057,0.1549565851593864,0.14222214139556388,0.15775850123877713,0.18892241288204992,0.1419891503783125,0.15313959776478717,0.1875910260193337,0.14247369412451527,0.15667544815160292
1281.25,5529.231,5541.026,5634.359,5439.487,5570.769,0.18856175511000334,0.14324405233855617,0.15591101668952304,0.18913654515226636,0.14211896868538057,0.1549565851593864,0.14222214139556388,0.15775850123877713,0.18892241288204992,0.1419891503783125,0.15313959776478717,0.1875910260193337,0.14247369412451527,0.15667544815160292
1289.0625,3269.744,3243.59,3251.795,3375.897,3342.564,0.18856175511000334,0.14324405233855617,0.15591101668952304,0.18913654515226636,0.14211896868538057,0.1549565851593864,0.14222214139556388,0.15775850123877713,0.18892241288204992,0.1419891503783125,0.15313959776478717,0.1875910260193337,0.14247369412451527,0.15667544815160292
1296.875,715.385,715.385,745.128,729.744,729.744,0.18856175511000334,0.14324405233855617,0.15591101668952304,0.18913654515226636,0.14211896868538057,0.1549565851593864,0.14222214139556388,0.15775850123877713,0.18892241288204992,0.1419891503783125,0.15313959776478717,0.1875910260193337,0.14247369412451527,0.15667544815160292
1304.6875,1700.513,1732.821,1797.436,1622.051,1707.179,0.18856175511000334,0.14324405233855617,0.15591101668952304,0.18913654515226636,0.14211896868538057,0.1549565851593864,0.14222214139556388,0.15775850123877713,0.18892241288204992,0.1419891503783125,0.15313959776478717,0.1875910260193337,0.14247369412451527,0.15667544815160292
1312.5,1729.231,1745.641,1787.179,1747.179,1769.744,0.18856175511000334,0.14324405233855617,0.15591101668952304,0.18913654515226636,0.14211896868538057,0.1549565851593864,0.14222214139556388,0.15775850123877713,0.18892241288204992,0.1419891503783125,0.15313959776478717,0.1875910260193337,0.14247369412451527,0.15667544815160292
1320.3125,1545.128,1567.179,1648.718,1473.846,1538.974,0.18856175511000334,0.14324405233855617,0.15591101668952304,0.18913654515226636,0.14211896868538057,0.1549565851593864,0.14222214139556388,0.15775850123877713,0.18892241288204992,0.1419891503783125,0.15313959776478717,0.1875910260193337,0.14247369412451527,0.15667544815160292
1328.125,5196.41,5205.128,5353.333,4973.333,5144.103,0.18856175511000334,0.14324405233855617,0.15591101668952304,0.18913654515226636,0.14211896868538057,0.1549565851593864,0.14222214139556388,0.15775850123877713,0.18892241288204992,0.1419891503783125,0.15313959776478717,0.1875910260193337,0.14247369412451527,0.15667544815160292
1335.9375,7102.051,7047.179,7121.538,7041.026,7116.41,0.18856175511000334,0.14324405233855617,0.15591101668952304,0.18913654515226636,0.14211896868538057,0.1549565851593864,0.14222214139556388,0.15775850123877713,0.18892241288204992,0.1419891503783125,0.15313959776478717,0.1875910260193337,0.14247369412451527,0.15667544815160292
1343.75,4027.692,3988.205,4005.641,4087.692,4100.513,0.18856175511000334,0.14324405233855617,0.15591101668952304,0.18913654515226636,0.14211896868538057,0.1549565851593864,0.14222214139556388,0.15775850123877713,0.18892241288204992,0.1419891503783125,0.15313959776478717,0.1875910260193337,0.14247369412451527,0.15667544815160292
1351.5625,2928.718,2961.026,3048.205,2814.359,2945.641,0.18856175511000334,0.14324405233855617,0.15591101668952304,0.18913654515226636,0.14211896868538057,0.1549565851593864,0.14222214139556388,0.15775850123877713,0.18892241288204992,0.1419891503783125,0.15313959776478717,0.1875910260193337,0.14247369412451527,0.15667544815160292
1359.375,5896.41,5914.359,6023.59,5688.205,5859.487,0.18856175511000334,0.14324405233855617,0.15591101668952304,0.18913654515226636,0.14211896868538057,0.1549565851593864,0.14222214139556388,0.15775850123877713,0.18892241288204992,0.1419891503783125,0.15313959776478717,0.1875910260193337,0.14247369412451527,0.15667544815160292
1367.1875,7534.359,7507.179,7566.667,7423.59,7523.077,0.18856175511000334,0.14324405233855617,0.15591101668952304,0.18913654515226636,0.14211896868538057,0.1549565851593864,0.14222214139556388,0.15775850123877713,0.18892241288204992,0.1419891503783125,0.15313959776478717,0.1875910260193337,0.14247369412451527,0.15667544815160292
1375.0,6762.564,6734.359,6774.872,6717.949,6786.154,0.18856175511000334,0.14324405233855617,0.15591101668952304,0.18913654515226636,0.14211896868538057,0.1549565851593864,0.14222214139556388,0.15775850123877713,0.18892241288204992,0.1419891503783125,0.15313959776478717,0.1875910260193337,0.14247369412451527,0.15667544815160292
1382.8125,5798.974,5784.615,5823.077,5749.744,5829.231,0.18856175511000334,0.14324405233855617,0.15591101668952304,0.18913654515226636,0.14211896868538057,0.1549565851593864,0.14222214139556388,0.15775850123877713,0.18892241288204992,0.1419891503783125,0.15313959776478717,0.1875910260193337,0.14247369412451527,0.15667544815160292
1390.625,5032.308,5039.487,5081.026,4984.103,5066.667,0.18856175511000334,0.14324405233855617,0.15591101668952304,0.18913654515226636,0.14211896868538057,0.1549565851593864,0.14222214139556388,0.15775850123877713,0.18892241288204992,0.1419891503783125,0.15313959776478717,0.1875910260193337,0.14247369412451527,0.15667544815160292
1398.4375,3866.667,3888.718,3932.821,3853.333,3906.154,0.18856175511000334,0.14324405233855617,0.15591101668952304,0.18913654515226636,0.14211896868538057,0.1549565851593864,0.14222214139556388,0.15775850123877713,0.18892241288204992,0.1419891503783125,0.15313959776478717,0.1875910260193337,0.14247369412451527,0.15667544815160292
1406.25,2255.385,2275.385,2295.385,2306.154,2308.205,0.18856175511000334,0.14324405233855617,0.15591101668952304,0.18913654515226636,0.14211896868538057,0.1549565851593864,0.14222214139556388,0.15775850123877713,0.18892241288204992,0.1419891503783125,0.15313959776478717,0.1875910260193337,0.14247369412451527,0.15667544815160292
1414.0625,793.846,834.872,861.538,852.308,854.359,0.18856175511000334,0.14324405233855617,0.15591101668952304,0.18913654515226636,0.14211896868538057,0.1549565851593864,0.14222214139556388,0.15775850123877713,0.18892241288204992,0.1419891503783125,0.15313959776478717,0.1875910260193337,0.14247369412451527,0.15667544815160292
1421.875,652.821,727.179,803.59,648.205,692.821,0.18856175511000334,0.14324405233855617,0.15591101668952304,0.18913654515226636,0.14211896868538057,0.1549565851593864,0.14222214139556388,0.15775850123877713,0.18892241288204992,0.1419891503783125,0.15313959776478717,0.1875910260193337,0.14247369412451527,0.15667544815160292
1429.6875,1192.308,1258.462,1341.538,1167.179,1221.026,0.18856175511000334,0.14324405233855617,0.15591101668952304,0.18913654515226636,0.14211896868538057,0.1549565851593864,0.14222214139556388,0.15775850123877713,0.18892241288204992,0.1419891503783125,0.15313959776478717,0.1875910260193337,0.14247369412451527,0.15667544815160292
1437.5,1105.128,1143.59,1196.41,1101.538,1144.615,0.18856175511000334,0.14324405233855617,0.15591101668952304,0.18913654515226636,0.14211896868538057,0.1549565851593864,0.14222214139556388,0.15775850123877713,0.18892241288204992,0.1419891503783125,0.15313959776478717,0.1875910260193337,0.14247369412451527,0.15667544815160292
1445.3125,834.872,872.821,924.103,840.0,873.846,0.18856175511000334,0.14324405233855617,0.15591101668952304,0.18913654515226636,0.14211896868538057,0.1549565851593864,0.14222214139556388,0.15775850123877713,0.18892241288204992,0.1419891503783125,0.15313959776478717,0.1875910260193337,0.14247369412451527,0.15667544815160292
1453.125,1134.359,1184.103,1267.179,1101.026,1158.974,0.18856175511000334,0.14324405233855617,0.15591101668952304,0.18913654515226636,0.14211896868538057,0.1549565851593864,0.14222214139556388,0.15775850123877713,0.18892241288204992,0.1419891503783125,0.15313959776478717,0.1875910260193337,0.14247369412451527,0.15667544815160292
1460.9375,2934.359,2980.513,3096.41,2800.0,2941.538,0.18856175511000334,0.14324405233855617,0.15591101668952304,0.18913654515226636,0.14211896868538057,0.1549565851593864,0.14222214139556388,0.15775850123877713,0.18892241288204992,0.1419891503783125,0.15313959776478717,0.1875910260193337,0.14247369412451527,0.15667544815160292
1468.75,5448.718,5475.385,5576.41,5293.846,5446.667,0.18856175511000334,0.14324405233855617,0.15591101668952304,0.18913654515226636,0.14211896868538057,0.1549565851593864,0.14222214139556388,0.15775850123877713,0.18892241288204992,0.1419891503783125,0.15313959776478717,0.1875910260193337,0.14247369412451527,0.15667544815160292
1476.5625,6829.231,6827.179,6900.513,6708.205,6811.795,0.18856175511000334,0.14324405233855617,0.15591101668952304,0.18913654515226636,0.14211896868538057,0.1549565851593864,0.14222214139556388,0.15775850123877713,0.18892241288204992,0.1419891503783125,0.15313959776478717,0.1875910260193337,0.14247369412451527,0.15667544815160292
1484.375,7025.128,7014.872,7068.718,6947.179,7015.897,0.18856175511000334,0.14324405233855617,0.15591101668952304,0.18913654515226636,0.14211896868538057,0.1549565851593864,0.14222214139556388,0.15775850123877713,0.18892241288204992,0.1419891503783125,0.15313959776478717,0.1875910260193337,0.14247369412451527,0.15667544815160292
1492.1875,7231.282,7239.487,7268.718,7170.769,7230.256,0.18856175511000334,0.14324405233855617,0.15591101668952304,0.18913654515226636,0.14211896868538057,0.1549565851593864,0.14222214139556388,0.15775850123877713,0.18892241288204992,0.1419891503783125,0.15313959776478717,0.1875910260193337,0.14247369412451527,0.15667544815160292
1500.0,8292.308,8297.949,8307.179,8231.282,8277.949,0.18856175511000334,0.14324405233855617,0.15591101668952304,0.18913654515226636,0.14211896868538057,0.1549565851593864,0.14222214139556388,0.15775850123877713,0.18892241288204992,0.1419891503783125,0.15313959776478717,0.1875910260193337,0.14247369412451527,0.15667544815160292
1507.8125,7617.436,7592.821,7582.564,7633.333,7637.436,0.18856175511000334,0.14324405233855617,0.15591101668952304,0.18913654515226636,0.14211896868538057,0.1549565851593864,0.14222214139556388,0.15775850123877713,0.18892241288204992,0.1419891503783125,0.15313959776478717,0.1875910260193337,0.14247369412451527,0.15667544815160292
1515.625,4292.308,4287.179,4287.179,4331.795,4360.0,0.18856175511000334,0.14324405233855617,0.15591101668952304,0.18913654515226636,0.14211896868538057,0.1549565851593864,0.14222214139556388,0.15775850123877713,0.18892241288204992,0.1419891503783125,0.15313959776478717,0.1875910260193337,0.14247369412451527,0.15667544815160292
1523.4375,3469.744,3520.513,3576.41,3351.795,3486.154,0.18856175511000334,0.14324405233855617,0.15591101668952304,0.18913654515226636,0.14211896868538057,0.1549565851593864,0.14222214139556388,0.15775850123877713,0.18892241288204992,0.1419891503783125,0.15313959776478717,0.1875910260193337,0.14247369412451527,0.15667544815160292
1531.25,6976.41,7015.385,7083.59,6787.692,6940.513,0.18856175511000334,0.14324405233855617,0.15591101668952304,0.18913654515226636,0.14211896868538057,0.1549565851593864,0.14222214139556388,0.15775850123877713,0.18892241288204992,0.1419891503783125,0.15313959776478717,0.1875910260193337,0.14247369412451527,0.15667544815160292
1539.0625,7892.821,7865.641,7864.615,7887.179,7922.564,0.18856175511000334,0.14324405233855617,0.15591101668952304,0.18913654515226636,0.14211896868538057,0.1549565851593864,0.14222214139556388,0.15775850123877713,0.18892241288204992,0.1419891503783125,0.15313959776478717,0.1875910260193337,0.14247369412451527,0.15667544815160292
1546.875,3704.103,3669.744,3626.667,3821.538,3788.205,0.18856175511000334,0.14324405233855617,0.15591101668952304,0.18913654515226636,0.14211896868538057,0.1549565851593864,0.14222214139556388,0.15775850123877713,0.18892241288204992,0.1419891503783125,0.15313959776478717,0.1875910260193337,0.14247369412451527,0.15667544815160292
1554.6875,656.923,664.103,653.846,698.462,696.923,0.18856175511000334,0.14324405233855617,0.15591101668952304,0.18913654515226636,0.14211896868538057,0.1549565851593864,0.14222214139556388,0.15775850123877713,0.18892241288204992,0.1419891503783125,0.15313959776478717,0.1875910260193337,0.14247369412451527,0.15667544815160292
1562.5,765.128,778.974,790.256,754.872,766.154,0.18856175511000334,0.14324405233855617,0.15591101668952304,0.18913654515226636,0.14211896868538057,0.1549565851593864,0.14222214139556388,0.15775850123877713,0.18892241288204992,0.1419891503783125,0.15313959776478717,0.1875910260193337,0.14247369412451527,0.15667544815160292
1570.3125,931.282,928.205,929.744,928.718,934.872,0.18856175511000334,0.14324405233855617,0.15591101668952304,0.18913654515226636,0.14211896868538057,0.1549565851593864,0.14222214139556388,0.15775850123877713,0.18892241288204992,0.1419891503783125,0.15313959776478717,0.1875910260193337,0.14247369412451527,0.15667544815160292
1578.125,556.41,555.385,550.769,565.641,565.641,0.18856175511000334,0.14324405233855617,0.15591101668952304,0.18913654515226636,0.14211896868538057,0.1549565851593864,0.14222214139556388,0.15775850123877713,0.18892241288204992,0.1419891503783125,0.15313959776478717,0.1875910260193337,0.14247369412451527,0.15667544815160292
1585.9375,583.59,588.718,591.282,578.974,585.641,0.18856175511000334,0.14324405233855617,0.15591101668952304,0.18913654515226636,0.14211896868538057,0.1549565851593864,0.14222214139556388,0.15775850123877713,0.18892241288204992,0.1419891503783125,0.15313959776478717,0.1875910260193337,0.14247369412451527,0.15667544815160292
1593.75,784.103,785.128,786.667,781.538,781.538,0.18856175511000334,0.14324405233855617,0.15591101668952304,0.18913654515226636,0.14211896868538057,0.1549565851593864,0.14222214139556388,0.15775850123877713,0.18892241288204992,0.1419891503783125,0.15313959776478717,0.1875910260193337,0.14247369412451527,0.15667544815160292
1601.5625,790.256,791.282,791.282,791.795,787.692,0.18856175511000334,0.14324405233855617,0.15591101668952304,0.18913654515226636,0.14211896868538057,0.1549565851593864,0.14222214139556388,0.15775850123877713,0.18892241288204992,0.1419891503783125,0.15313959776478717,0.1875910260193337,0.14247369412451527,0.15667544815160292
1609.375,808.718,812.308,811.795,809.231,809.231,0.18856175511000334,0.14324405233855617,0.15591101668952304,0.18913654515226636,0.14211896868538057,0.1549565851593864,0.14222214139556388,0.15775850123877713,0.18892241288204992,0.1419891503783125,0.15313959776478717,0.1875910260193337,0.14247369412451527,0.15667544815160292
1617.1875,795.897,797.436,797.436,797.949,795.897,0.18856175511000334,0.14324405233855617,0.15591101668952304,0.18913654515226636,0.14211896868538057,0.1549565851593864,0.14222214139556388,0.15775850123877713,0.18892241288204992,0.1419891503783125,0.15313959776478717,0.1875910260193337,0.14247369412451527,0.15667544815160292
1625.0,803.077,804.615,805.128,805.641,803.077,0.18856175511000334,0.14324405233855617,0.15591101668952304,0.18913654515226636,0.14211896868538057,0.1549565851593864,0.14222214139556388,0.15775850123877713,0.18892241288204992,0.1419891503783125,0.15313959776478717,0.1875910260193337,0.14247369412451527,0.15667544815160292
1632.8125,801.026,804.103,804.103,802.564,802.051,0.18856175511000334,0.14324405233855617,0.15591101668952304,0.18913654515226636,0.14211896868538057,0.1549565851593864,0.14222214139556388,0.15775850123877713,0.18892241288204992,0.1419891503783125,0.15313959776478717,0.1875910260193337,0.14247369412451527,0.15667544815160292
1640.625,801.026,803.077,803.077,802.051,801.026,0.18856175511000334,0.14324405233855617,0.15591101668952304,0.18913654515226636,0.14211896868538057,0.1549565851593864,0.14222214139556388,0.15775850123877713,0.18892241288204992,0.1419891503783125,0.15313959776478717,0.1875910260193337,0.14247369412451527,0.15667544815160292
1648.4375,801.026,803.59,804.615,802.564,800.0,0.18856175511000334,0.14324405233855617,0.15591101668952304,0.18913654515226636,0.14211896868538057,0.1549565851593864,0.14222214139556388,0.15775850123877713,0.18892241288204992,0.1419891503783125,0.15313959776478717,0.1875910260193337,0.14247369412451527,0.15667544815160292
1656.25,800.0,804.103,804.103,802.051,797.436,0.18856175511000334,0.14324405233855617,0.15591101668952304,0.18913654515226636,0.14211896868538057,0.1549565851593864,0.14222214139556388,0.15775850123877713,0.18892241288204992,0.1419891503783125,0.15313959776478717,0.1875910260193337,0.14247369412451527,0.15667544815160292
1664.0625,801.026,805.128,804.615,802.564,798.974,0.18856175511000334,0.14324405233855617,0.15591101668952304,0.18913654515226636,0.14211896868538057,0.1549565851593864,0.14222214139556388,0.15775850123877713,0.18892241288204992,0.1419891503783125,0.15313959776478717,0.1875910260193337,0.14247369412451527,0.15667544815160292
1671.875,801.026,803.077,803.077,802.564,798.462,0.18856175511000334,0.14324405233855617,0.15591101668952304,0.18913654515226636,0.14211896868538057,0.1549565851593864,0.14222214139556388,0.15775850123877713,0.18892241288204992,0.1419891503783125,0.15313959776478717,0.1875910260193337,0.14247369412451527,0.15667544815160292
1679.6875,802.051,803.59,803.59,803.59,797.949,0.18856175511000334,0.14324405233855617,0.15591101668952304,0.18913654515226636,0.14211896868538057,0.1549565851593864,0.14222214139556388,0.15775850123877713,0.18892241288204992,0.1419891503783125,0.15313959776478717,0.1875910260193337,0.14247369412451527,0.15667544815160292
1687.5,801.538,803.59,803.59,803.59,798.974,0.18856175511000334,0.14324405233855617,0.15591101668952304,0.18913654515226636,0.14211896868538057,0.1549565851593864,0.14222214139556388,0.15775850123877713,0.18892241288204992,0.1419891503783125,0.15313959776478717,0.1875910260193337,0.14247369412451527,0.15667544815160292
1695.3125,801.538,803.59,803.59,803.077,798.462,0.18856175511000334,0.14324405233855617,0.15591101668952304,0.18913654515226636,0.14211896868538057,0.1549565851593864,0.14222214139556388,0.15775850123877713,0.18892241288204992,0.1419891503783125,0.15313959776478717,0.1875910260193337,0.14247369412451527,0.15667544815160292
1703.125,802.051,803.59,803.59,803.59,797.949,0.18856175511000334,0.14324405233855617,0.15591101668952304,0.18913654515226636,0.14211896868538057,0.1549565851593864,0.14222214139556388,0.15775850123877713,0.18892241288204992,0.1419891503783125,0.15313959776478717,0.1875910260193337,0.14247369412451527,0.15667544815160292
1710.9375,801.026,803.077,803.077,803.077,801.538,0.18856175511000334,0.14324405233855617,0.15591101668952304,0.18913654515226636,0.14211896868538057,0.1549565851593864,0.14222214139556388,0.15775850123877713,0.18892241288204992,0.1419891503783125,0.15313959776478717,0.1875910260193337,0.14247369412451527,0.15667544815160292
1718.75,780.513,782.564,782.564,784.103,785.641,0.18856175511000334,0.14324405233855617,0.15591101668952304,0.18913654515226636,0.14211896868538057,0.1549565851593864,0.14222214139556388,0.15775850123877713,0.18892241288204992,0.1419891503783125,0.15313959776478717,0.1875910260193337,0.14247369412451527,0.15667544815160292
1726.5625,743.59,746.154,747.692,744.615,745.641,0.18856175511000334,0.14324405233855617,0.15591101668952304,0.18913654515226636,0.14211896868538057,0.1549565851593864,0.14222214139556388,0.15775850123877713,0.18892241288204992,0.1419891503783125,0.15313959776478717,0.1875910260193337,0.14247369412451527,0.15667544815160292
1734.375,855.385,857.436,857.436,851.282,854.359,0.18856175511000334,0.14324405233855617,0.15591101668952304,0.18913654515226636,0.14211896868538057,0.1549565851593864,0.14222214139556388,0.15775850123877713,0.18892241288204992,0.1419891503783125,0.15313959776478717,0.1875910260193337,0.14247369412451527,0.15667544815160292
1742.1875,823.077,823.59,821.026,833.333,827.179,0.18856175511000334,0.14324405233855617,0.15591101668952304,0.18913654515226636,0.14211896868538057,0.1549565851593864,0.14222214139556388,0.15775850123877713,0.18892241288204992,0.1419891503783125,0.15313959776478717,0.1875910260193337,0.14247369412451527,0.15667544815160292
1750.0,667.179,670.769,674.359,665.641,665.641,0.18856175511000334,0.14324405233855617,0.15591101668952304,0.18913654515226636,0.14211896868538057,0.1549565851593864,0.14222214139556388,0.15775850123877713,0.18892241288204992,0.1419891503783125,0.15313959776478717,0.1875910260193337,0.14247369412451527,0.15667544815160292
1757.8125,1191.282,1193.333,1192.308,1161.538,1185.641,0.18856175511000334,0.14324405233855617,0.15591101668952304,0.18913654515226636,0.14211896868538057,0.1549565851593864,0.14222214139556388,0.15775850123877713,0.18892241288204992,0.1419891503783125,0.15313959776478717,0.1875910260193337,0.14247369412451527,0.15667544815160292
1765.625,1811.795,1803.077,1779.487,1806.154,1825.641,0.18856175511000334,0.14324405233855617,0.15591101668952304,0.18913654515226636,0.14211896868538057,0.1549565851593864,0.14222214139556388,0.15775850123877713,0.18892241288204992,0.1419891503783125,0.15313959776478717,0.1875910260193337,0.14247369412451527,0.15667544815160292
1773.4375,1351.282,1338.974,1311.795,1382.564,1369.744,0.18856175511000334,0.14324405233855617,0.15591101668952304,0.18913654515226636,0.14211896868538057,0.1549565851593864,0.14222214139556388,0.15775850123877713,0.18892241288204992,0.1419891503783125,0.15313959776478717,0.1875910260193337,0.14247369412451527,0.15667544815160292
1781.25,646.154,645.128,640.0,656.923,641.026,0.18856175511000334,0.14324405233855617,0.15591101668952304,0.18913654515226636,0.14211896868538057,0.1549565851593864,0.14222214139556388,0.15775850123877713,0.18892241288204992,0.1419891503783125,0.15313959776478717,0.1875910260193337,0.14247369412451527,0.15667544815160292
1789.0625,807.179,810.256,814.359,785.641,807.179,0.18856175511000334,0.14324405233855617,0.15591101668952304,0.18913654515226636,0.14211896868538057,0.1549565851593864,0.14222214139556388,0.15775850123877713,0.18892241288204992,0.1419891503783125,0.15313959776478717,0.1875910260193337,0.14247369412451527,0.15667544815160292
1796.875,1039.487,1033.333,1031.282,1026.667,1061.538,0.18856175511000334,0.14324405233855617,0.15591101668952304,0.18913654515226636,0.14211896868538057,0.1549565851593864,0.14222214139556388,0.15775850123877713,0.18892241288204992,0.1419891503783125,0.15313959776478717,0.1875910260193337,0.14247369412451527,0.15667544815160292
1804.6875,741.026,736.923,734.872,747.179,748.205,0.18856175511000334,0.14324405233855617,0.15591101668952304,0.18913654515226636,0.14211896868538057,0.1549565851593864,0.14222214139556388,0.15775850123877713,0.18892241288204992,0.1419891503783125,0.15313959776478717,0.1875910260193337,0.14247369412451527,0.15667544815160292
1812.5,699.487,705.641,711.282,700.0,704.615,0.18856175511000334,0.14324405233855617,0.15591101668952304,0.18913654515226636,0.14211896868538057,0.1549565851593864,0.14222214139556388,0.15775850123877713,0.18892241288204992,0.1419891503783125,0.15313959776478717,0.1875910260193337,0.14247369412451527,0.15667544815160292
1820.3125,1082.051,1083.59,1094.872,1081.026,1128.718,0.18856175511000334,0.14324405233855617,0.15591101668952304,0.18913654515226636,0.14211896868538057,0.1549565851593864,0.14222214139556388,0.15775850123877713,0.18892241288204992,0.1419891503783125,0.15313959776478717,0.1875910260193337,0.14247369412451527,0.15667544815160292
1828.125,1096.923,1090.769,1095.385,1111.282,1152.821,0.18856175511000334,0.14324405233855617,0.15591101668952304,0.18913654515226636,0.14211896868538057,0.1549565851593864,0.14222214139556388,0.15775850123877713,0.18892241288204992,0.1419891503783125,0.15313959776478717,0.1875910260193337,0.14247369412451527,0.15667544815160292
1835.9375,1093.333,1084.103,1083.59,1082.564,1118.462,0.18856175511000334,0.14324405233855617,0.15591101668952304,0.18913654515226636,0.14211896868538057,0.1549565851593864,0.14222214139556388,0.15775850123877713,0.18892241288204992,0.1419891503783125,0.15313959776478717,0.1875910260193337,0.14247369412451527,0.15667544815160292
1843.75,1882.564,1845.128,1857.949,1831.282,1911.795,0.18856175511000334,0.14324405233855617,0.15591101668952304,0.18913654515226636,0.14211896868538057,0.1549565851593864,0.14222214139556388,0.15775850123877713,0.18892241288204992,0.1419891503783125,0.15313959776478717,0.1875910260193337,0.14247369412451527,0.15667544815160292
1851.5625,2230.256,2168.205,2183.077,2220.513,2288.718,0.18856175511000334,0.14324405233855617,0.15591101668952304,0.18913654515226636,0.14211896868538057,0.1549565851593864,0.14222214139556388,0.15775850123877713,0.18892241288204992,0.1419891503783125,0.15313959776478717,0.1875910260193337,0.14247369412451527,0.15667544815160292
1859.375,1525.641,1486.154,1485.128,1558.974,1582.051,0.18856175511000334,0.14324405233855617,0.15591101668952304,0.18913654515226636,0.14211896868538057,0.1549565851593864,0.14222214139556388,0.15775850123877713,0.18892241288204992,0.1419891503783125,0.15313959776478717,0.1875910260193337,0.14247369412451527,0.15667544815160292
1867.1875,1328.718,1320.0,1310.256,1333.846,1370.256,0.18856175511000334,0.14324405233855617,0.15591101668952304,0.18913654515226636,0.14211896868538057,0.1549565851593864,0.14222214139556388,0.15775850123877713,0.18892241288204992,0.1419891503783125,0.15313959776478717,0.1875910260193337,0.14247369412451527,0.15667544815160292
1875.0,1769.231,1771.795,1748.205,1769.744,1810.256,0.18856175511000334,0.14324405233855617,0.15591101668952304,0.18913654515226636,0.14211896868538057,0.1549565851593864,0.14222214139556388,0.15775850123877713,0.18892241288204992,0.1419891503783125,0.15313959776478717,0.1875910260193337,0.14247369412451527,0.15667544815160292
1882.8125,1610.256,1617.436,1577.436,1644.615,1652.308,0.18856175511000334,0.14324405233855617,0.15591101668952304,0.18913654515226636,0.14211896868538057,0.1549565851593864,0.14222214139556388,0.15775850123877713,0.18892241288204992,0.1419891503783125,0.15313959776478717,0.1875910260193337,0.14247369412451527,0.15667544815160292
1890.625,1016.923,1018.462,987.692,1042.051,1041.026,0.18856175511000334,0.14324405233855617,0.15591101668952304,0.18913654515226636,0.14211896868538057,0.1549565851593864,0.14222214139556388,0.15775850123877713,0.18892241288204992,0.1419891503783125,0.15313959776478717,0.1875910260193337,0.14247369412451527,0.15667544815160292
1898.4375,717.436,712.308,702.051,705.641,725.641,0.18856175511000334,0.14324405233855617,0.15591101668952304,0.18913654515226636,0.14211896868538057,0.1549565851593864,0.14222214139556388,0.15775850123877713,0.18892241288204992,0.1419891503783125,0.15313959776478717,0.1875910260193337,0.14247369412451527,0.15667544815160292
1906.25,876.41,876.923,880.0,851.282,896.923,0.18856175511000334,0.14324405233855617,0.15591101668952304,0.18913654515226636,0.14211896868538057,0.1549565851593864,0.14222214139556388,0.15775850123877713,0.18892241288204992,0.1419891503783125,0.15313959776478717,0.1875910260193337,0.14247369412451527,0.15667544815160292
1914.0625,1126.154,1124.103,1131.795,1125.128,1162.564,0.18856175511000334,0.14324405233855617,0.15591101668952304,0.18913654515226636,0.14211896868538057,0.1549565851593864,0.14222214139556388,0.15775850123877713,0.18892241288204992,0.1419891503783125,0.15313959776478717,0.1875910260193337,0.14247369412451527,0.15667544815160292
1921.875,892.821,887.692,891.282,906.667,910.769,0.18856175511000334,0.14324405233855617,0.15591101668952304,0.18913654515226636,0.14211896868538057,0.1549565851593864,0.14222214139556388,0.15775850123877713,0.18892241288204992,0.1419891503783125,0.15313959776478717,0.1875910260193337,0.14247369412451527,0.15667544815160292
1929.6875,749.744,755.385,758.462,747.179,734.359,0.18856175511000334,0.14324405233855617,0.15591101668952304,0.18913654515226636,0.14211896868538057,0.1549565851593864,0.14222214139556388,0.15775850123877713,0.18892241288204992,0.1419891503783125,0.15313959776478717,0.1875910260193337,0.14247369412451527,0.15667544815160292
1937.5,1340.0,1339.487,1365.128,1327.179,1348.205,0.18856175511000334,0.14324405233855617,0.15591101668952304,0.18913654515226636,0.14211896868538057,0.1549565851593864,0.14222214139556388,0.15775850123877713,0.18892241288204992,0.1419891503783125,0.15313959776478717,0.1875910260193337,0.14247369412451527,0.15667544815160292
1945.3125,2136.41,2105.641,2145.128,2136.41,2204.103,0.18856175511000334,0.14324405233855617,0.15591101668952304,0.18913654515226636,0.14211896868538057,0.1549565851593864,0.14222214139556388,0.15775850123877713,0.18892241288204992,0.1419891503783125,0.15313959776478717,0.1875910260193337,0.14247369412451527,0.15667544815160292
1953.125,2154.359,2108.205,2128.205,2178.974,2227.692,0.18856175511000334,0.14324405233855617,0.15591101668952304,0.18913654515226636,0.14211896868538057,0.1549565851593864,0.14222214139556388,0.15775850123877713,0.18892241288204992,0.1419891503783125,0.15313959776478717,0.1875910260193337,0.14247369412451527,0.15667544815160292
1960.9375,1353.846,1326.667,1328.205,1390.769,1375.385,0.18856175511000334,0.14324405233855617,0.15591101668952304,0.18913654515226636,0.14211896868538057,0.1549565851593864,0.14222214139556388,0.15775850123877713,0.18892241288204992,0.1419891503783125,0.15313959776478717,0.1875910260193337,0.14247369412451527,0.15667544815160292
1968.75,734.359,732.308,735.897,749.231,725.641,0.18856175511000334,0.14324405233855617,0.15591101668952304,0.18913654515226636,0.14211896868538057,0.1549565851593864,0.14222214139556388,0.15775850123877713,0.18892241288204992,0.1419891503783125,0.15313959776478717,0.1875910260193337,0.14247369412451527,0.15667544815160292
1976.5625,824.103,824.103,820.513,813.333,820.513,0.18856175511000334,0.14324405233855617,0.15591101668952304,0.18913654515226636,0.14211896868538057,0.1549565851593864,0.14222214139556388,0.15775850123877713,0.18892241288204992,0.1419891503783125,0.15313959776478717,0.1875910260193337,0.14247369412451527,0.15667544815160292
1984.375,966.154,961.026,949.744,952.308,972.308,0.18856175511000334,0.14324405233855617,0.15591101668952304,0.18913654515226636,0.14211896868538057,0.1549565851593864,0.14222214139556388,0.15775850123877713,0.18892241288204992,0.1419891503783125,0.15313959776478717,0.1875910260193337,0.14247369412451527,0.15667544815160292
1992.1875,1105.641,1102.564,1103.077,1095.385,1128.205,0.18856175511000334,0.14324405233855617,0.15591101668952304,0.18913654515226636,0.14211896868538057,0.1549565851593864,0.14222214139556388,0.15775850123877713,0.18892241288204992,0.1419891503783125,0.15313959776478717,0.1875910260193337,0.14247369412451527,0.15667544815160292
2000.0,1471.795,1466.667,1471.282,1481.538,1503.59,0.18856175511000334,0.14324405233855617,0.15591101668952304,0.18913654515226636,0.14211896868538057,0.1549565851593864,0.14222214139556388,0.15775850123877713,0.18892241288204992,0.1419891503783125,0.15313959776478717,0.1875910260193337,0.14247369412451527,0.15667544815160292
2007.8125,1369.231,1356.923,1353.333,1412.821,1402.564,0.18856175511000334,0.14324405233855617,0.15591101668952304,0.18913654515226636,0.14211896868538057,0.1549565851593864,0.14222214139556388,0.15775850123877713,0.18892241288204992,0.1419891503783125,0.15313959776478717,0.1875910260193337,0.14247369412451527,0.15667544815160292
2015.625,874.359,863.59,868.205,912.821,911.282,0.18856175511000334,0.14324405233855617,0.15591101668952304,0.18913654515226636,0.14211896868538057,0.1549565851593864,0.14222214139556388,0.15775850123877713,0.18892241288204992,0.1419891503783125,0.15313959776478717,0.1875910260193337,0.14247369412451527,0.15667544815160292
2023.4375,889.744,882.051,904.103,900.513,934.872,0.18856175511000334,0.14324405233855617,0.15591101668952304,0.18913654515226636,0.14211896868538057,0.1549565851593864,0.14222214139556388,0.15775850123877713,0.18892241288204992,0.1419891503783125,0.15313959776478717,0.1875910260193337,0.14247369412451527,0.15667544815160292
2031.25,1272.308,1251.795,1288.718,1274.872,1321.538,0.18856175511000334,0.14324405233855617,0.15591101668952304,0.18913654515226636,0.14211896868538057,0.1549565851593864,0.14222214139556388,0.15775850123877713,0.18892241288204992,0.1419891503783125,0.15313959776478717,0.1875910260193337,0.14247369412451527,0.15667544815160292
2039.0625,1606.154,1561.026,1607.179,1594.359,1648.205,0.18856175511000334,0.14324405233855617,0.15591101668952304,0.18913654515226636,0.14211896868538057,0.1549565851593864,0.14222214139556388,0.15775850123877713,0.18892241288204992,0.1419891503783125,0.15313959776478717,0.1875910260193337,0.14247369412451527,0.15667544815160292
2046.875,2162.051,2100.513,2157.949,2132.821,2200.0,0.18856175511000334,0.14324405233855617,0.15591101668952304,0.18913654515226636,0.14211896868538057,0.1549565851593864,0.14222214139556388,0.15775850123877713,0.18892241288204992,0.1419891503783125,0.15313959776478717,0.1875910260193337,0.14247369412451527,0.15667544815160292
2054.6875,2299.487,2241.538,2287.179,2328.205,2352.821,0.18856175511000334,0.14324405233855617,0.15591101668952304,0.18913654515226636,0.14211896868538057,0.1549565851593864,0.14222214139556388,0.15775850123877713,0.18892241288204992,0.1419891503783125,0.15313959776478717,0.1875910260193337,0.14247369412451527,0.15667544815160292
2062.5,1080.0,1051.795,1081.538,1145.641,1131.795,0.18856175511000334,0.14324405233855617,0.15591101668952304,0.18913654515226636,0.14211896868538057,0.1549565851593864,0.14222214139556388,0.15775850123877713,0.18892241288204992,0.1419891503783125,0.15313959776478717,0.1875910260193337,0.14247369412451527,0.15667544815160292
2070.3125,982.051,980.513,1027.692,956.41,992.308,0.18856175511000334,0.14324405233855617,0.15591101668952304,0.18913654515226636,0.14211896868538057,0.1549565851593864,0.14222214139556388,0.15775850123877713,0.18892241288204992,0.1419891503783125,0.15313959776478717,0.1875910260193337,0.14247369412451527,0.15667544815160292
2078.125,3135.385,3080.513,3152.821,3013.846,3131.282,0.18856175511000334,0.14324405233855617,0.15591101668952304,0.18913654515226636,0.14211896868538057,0.1549565851593864,0.14222214139556388,0.15775850123877713,0.18892241288204992,0.1419891503783125,0.15313959776478717,0.1875910260193337,0.14247369412451527,0.15667544815160292
2085.9375,5543.077,5421.026,5487.692,5400.0,5554.872,0.18856175511000334,0.14324405233855617,0.15591101668952304,0.18913654515226636,0.14211896868538057,0.1549565851593864,0.14222214139556388,0.15775850123877713,0.18892241288204992,0.1419891503783125,0.15313959776478717,0.1875910260193337,0.14247369412451527,0.15667544815160292
2093.75,6439.487,6344.103,6362.051,6382.051,6464.615,0.18856175511000334,0.14324405233855617,0.15591101668952304,0.18913654515226636,0.14211896868538057,0.1549565851593864,0.14222214139556388,0.15775850123877713,0.18892241288204992,0.1419891503783125,0.15313959776478717,0.1875910260193337,0.14247369412451527,0.15667544815160292
2101.5625,5431.282,5372.821,5361.538,5478.974,5472.308,0.18856175511000334,0.14324405233855617,0.15591101668952304,0.18913654515226636,0.14211896868538057,0.1549565851593864,0.14222214139556388,0.15775850123877713,0.18892241288204992,0.1419891503783125,0.15313959776478717,0.1875910260193337,0.14247369412451527,0.15667544815160292
2109.375,3566.154,3473.846,3485.128,3604.103,3622.564,0.18856175511000334,0.14324405233855617,0.15591101668952304,0.18913654515226636,0.14211896868538057,0.1549565851593864,0.14222214139556388,0.15775850123877713,0.18892241288204992,0.1419891503783125,0.15313959776478717,0.1875910260193337,0.14247369412451527,0.15667544815160292
2117.1875,2571.795,2472.308,2503.077,2522.051,2626.667,0.18856175511000334,0.14324405233855617,0.15591101668952304,0.18913654515226636,0.14211896868538057,0.1549565851593864,0.14222214139556388,0.15775850123877713,0.18892241288204992,0.1419891503783125,0.15313959776478717,0.1875910260193337,0.14247369412451527,0.15667544815160292
2125.0,3013.333,2949.231,2967.692,2946.667,3056.41,0.18856175511000334,0.14324405233855617,0.15591101668952304,0.18913654515226636,0.14211896868538057,0.1549565851593864,0.14222214139556388,0.15775850123877713,0.18892241288204992,0.1419891503783125,0.15313959776478717,0.1875910260193337,0.14247369412451527,0.15667544815160292
2132.8125,2884.615,2809.744,2822.564,2870.769,2930.769,0.18856175511000334,0.14324405233855617,0.15591101668952304,0.18913654515226636,0.14211896868538057,0.1549565851593864,0.14222214139556388,0.15775850123877713,0.18892241288204992,0.1419891503783125,0.15313959776478717,0.1875910260193337,0.14247369412451527,0.15667544815160292
2140.625,2135.385,2044.615,2086.667,2082.564,2170.769,0.18856175511000334,0.14324405233855617,0.15591101668952304,0.18913654515226636,0.14211896868538057,0.1549565851593864,0.14222214139556388,0.15775850123877713,0.18892241288204992,0.1419891503783125,0.15313959776478717,0.1875910260193337,0.14247369412451527,0.15667544815160292
2148.4375,3561.026,3514.872,3574.872,3410.769,3541.538,0.18856175511000334,0.14324405233855617,0.15591101668952304,0.18913654515226636,0.14211896868538057,0.1549565851593864,0.14222214139556388,0.15775850123877713,0.18892241288204992,0.1419891503783125,0.15313959776478717,0.1875910260193337,0.14247369412451527,0.15667544815160292
2156.25,6835.897,6845.641,6886.154,6719.487,6791.795,0.18856175511000334,0.14324405233855617,0.15591101668952304,0.18913654515226636,0.14211896868538057,0.1549565851593864,0.14222214139556388,0.15775850123877713,0.18892241288204992,0.1419891503783125,0.15313959776478717,0.1875910260193337,0.14247369412451527,0.15667544815160292
2164.0625,8147.692,8140.513,8145.128,8169.231,8154.872,0.18856175511000334,0.14324405233855617,0.15591101668952304,0.18913654515226636,0.14211896868538057,0.1549565851593864,0.14222214139556388,0.15775850123877713,0.18892241288204992,0.1419891503783125,0.15313959776478717,0.1875910260193337,0.14247369412451527,0.15667544815160292
2171.875,6955.897,6906.667,6907.692,6971.795,6986.154,0.18856175511000334,0.14324405233855617,0.15591101668952304,0.18913654515226636,0.14211896868538057,0.1549565851593864,0.14222214139556388,0.15775850123877713,0.18892241288204992,0.1419891503783125,0.15313959776478717,0.1875910260193337,0.14247369412451527,0.15667544815160292
2179.6875,6976.41,6944.103,6959.487,6906.667,6964.615,0.18856175511000334,0.14324405233855617,0.15591101668952304,0.18913654515226636,0.14211896868538057,0.1549565851593864,0.14222214139556388,0.15775850123877713,0.18892241288204992,0.1419891503783125,0.15313959776478717,0.1875910260193337,0.14247369412451527,0.15667544815160292
2187.5,7904.615,7908.205,7907.692,7875.897,7884.615,0.18856175511000334,0.14324405233855617,0.15591101668952304,0.18913654515226636,0.14211896868538057,0.1549565851593864,0.14222214139556388,0.15775850123877713,0.18892241288204992,0.1419891503783125,0.15313959776478717,0.1875910260193337,0.14247369412451527,0.15667544815160292
2195.3125,8038.462,8047.179,8043.59,8050.769,8040.513,0.18856175511000334,0.14324405233855617,0.15591101668952304,0.18913654515226636,0.14211896868538057,0.1549565851593864,0.14222214139556388,0.15775850123877713,0.18892241288204992,0.1419891503783125,0.15313959776478717,0.1875910260193337,0.14247369412451527,0.15667544815160292
2203.125,7743.077,7734.872,7732.308,7759.487,7753.333,0.18856175511000334,0.14324405233855617,0.15591101668952304,0.18913654515226636,0.14211896868538057,0.1549565851593864,0.14222214139556388,0.15775850123877713,0.18892241288204992,0.1419891503783125,0.15313959776478717,0.1875910260193337,0.14247369412451527,0.15667544815160292
2210.9375,7075.385,7052.308,7037.436,7088.718,7078.974,0.18856175511000334,0.14324405233855617,0.15591101668952304,0.18913654515226636,0.14211896868538057,0.1549565851593864,0.14222214139556388,0.15775850123877713,0.18892241288204992,0.1419891503783125,0.15313959776478717,0.1875910260193337,0.14247369412451527,0.15667544815160292
2218.75,6751.795,6732.308,6724.103,6727.179,6741.026,0.18856175511000334,0.14324405233855617,0.15591101668952304,0.18913654515226636,0.14211896868538057,0.1549565851593864,0.14222214139556388,0.15775850123877713,0.18892241288204992,0.1419891503783125,0.15313959776478717,0.1875910260193337,0.14247369412451527,0.15667544815160292
2226.5625,7402.564,7396.923,7402.564,7354.872,7382.051,0.18856175511000334,0.14324405233855617,0.15591101668952304,0.18913654515226636,0.14211896868538057,0.1549565851593864,0.14222214139556388,0.15775850123877713,0.18892241288204992,0.1419891503783125,0.15313959776478717,0.1875910260193337,0.14247369412451527,0.15667544815160292
2234.375,8098.974,8103.077,8112.308,8086.667,8092.821,0.18856175511000334,0.14324405233855617,0.15591101668952304,0.18913654515226636,0.14211896868538057,0.1549565851593864,0.14222214139556388,0.15775850123877713,0.18892241288204992,0.1419891503783125,0.15313959776478717,0.1875910260193337,0.14247369412451527,0.15667544815160292
2242.1875,8089.744,8091.282,8093.846,8114.359,8102.051,0.18856175511000334,0.14324405233855617,0.15591101668952304,0.18913654515226636,0.14211896868538057,0.1549565851593864,0.14222214139556388,0.15775850123877713,0.18892241288204992,0.1419891503783125,0.15313959776478717,0.1875910260193337,0.14247369412451527,0.15667544815160292
2250.0,7569.231,7546.667,7519.487,7554.359,7563.59,0.18856175511000334,0.14324405233855617,0.15591101668952304,0.18913654515226636,0.14211896868538057,0.1549565851593864,0.14222214139556388,0.15775850123877713,0.18892241288204992,0.1419891503783125,0.15313959776478717,0.1875910260193337,0.14247369412451527,0.15667544815160292
2257.8125,7693.846,7661.538,7635.897,7610.769,7658.462,0.18856175511000334,0.14324405233855617,0.15591101668952304,0.18913654515226636,0.14211896868538057,0.1549565851593864,0.14222214139556388,0.15775850123877713,0.18892241288204992,0.1419891503783125,0.15313959776478717,0.1875910260193337,0.14247369412451527,0.15667544815160292
2265.625,7958.462,7934.872,7915.897,7955.897,7951.282,0.18856175511000334,0.14324405233855617,0.15591101668952304,0.18913654515226636,0.14211896868538057,0.1549565851593864,0.14222214139556388,0.15775850123877713,0.18892241288204992,0.1419891503783125,0.15313959776478717,0.1875910260193337,0.14247369412451527,0.15667544815160292
2273.4375,5627.179,5599.487,5531.282,5769.231,5673.333,0.18856175511000334,0.14324405233855617,0.15591101668952304,0.18913654515226636,0.14211896868538057,0.1549565851593864,0.14222214139556388,0.15775850123877713,0.18892241288204992,0.1419891503783125,0.15313959776478717,0.1875910260193337,0.14247369412451527,0.15667544815160292
2281.25,1786.667,1769.744,1694.872,1897.436,1829.231,0.18856175511000334,0.14324405233855617,0.15591101668952304,0.18913654515226636,0.14211896868538057,0.1549565851593864,0.14222214139556388,0.15775850123877713,0.18892241288204992,0.1419891503783125,0.15313959776478717,0.1875910260193337,0.14247369412451527,0.15667544815160292
2289.0625,330.769,349.744,345.128,335.897,343.077,0.18856175511000334,0.14324405233855617,0.15591101668952304,0.18913654515226636,0.14211896868538057,0.1549565851593864,0.14222214139556388,0.15775850123877713,0.18892241288204992,0.1419891503783125,0.15313959776478717,0.1875910260193337,0.14247369412451527,0.15667544815160292
2296.875,965.128,997.436,1013.846,941.026,968.718,0.18856175511000334,0.14324405233855617,0.15591101668952304,0.18913654515226636,0.14211896868538057,0.1549565851593864,0.14222214139556388,0.15775850123877713,0.18892241288204992,0.1419891503783125,0.15313959776478717,0.1875910260193337,0.14247369412451527,0.15667544815160292
2304.6875,1653.333,1676.41,1677.436,1604.103,1656.41,0.18856175511000334,0.14324405233855617,0.15591101668952304,0.18913654515226636,0.14211896868538057,0.1549565851593864,0.14222214139556388,0.15775850123877713,0.18892241288204992,0.1419891503783125,0.15313959776478717,0.1875910260193337,0.14247369412451527,0.15667544815160292
2312.5,2309.744,2324.103,2333.846,2255.897,2328.718,0.18856175511000334,0.14324405233855617,0.15591101668952304,0.18913654515226636,0.14211896868538057,0.1549565851593864,0.14222214139556388,0.15775850123877713,0.18892241288204992,0.1419891503783125,0.15313959776478717,0.1875910260193337,0.14247369412451527,0.15667544815160292
2320.3125,2650.769,2650.769,2662.051,2591.282,2675.385,0.18856175511000334,0.14324405233855617,0.15591101668952304,0.18913654515226636,0.14211896868538057,0.1549565851593864,0.14222214139556388,0.15775850123877713,0.18892241288204992,0.1419891503783125,0.15313959776478717,0.1875910260193337,0.14247369412451527,0.15667544815160292
2328.125,3872.308,3862.564,3888.718,3723.59,3849.231,0.18856175511000334,0.14324405233855617,0.15591101668952304,0.18913654515226636,0.14211896868538057,0.1549565851593864,0.14222214139556388,0.15775850123877713,0.18892241288204992,0.1419891503783125,0.15313959776478717,0.1875910260193337,0.14247369412451527,0.15667544815160292
2335.9375,6238.462,6214.359,6243.59,6115.897,6199.487,0.18856175511000334,0.14324405233855617,0.15591101668952304,0.18913654515226636,0.14211896868538057,0.1549565851593864,0.14222214139556388,0.15775850123877713,0.18892241288204992,0.1419891503783125,0.15313959776478717,0.1875910260193337,0.14247369412451527,0.15667544815160292
2343.75,6529.231,6495.897,6478.462,6541.538,6537.949,0.18856175511000334,0.14324405233855617,0.15591101668952304,0.18913654515226636,0.14211896868538057,0.1549565851593864,0.14222214139556388,0.15775850123877713,0.18892241288204992,0.1419891503783125,0.15313959776478717,0.1875910260193337,0.14247369412451527,0.15667544815160292
2351.5625,5527.692,5515.897,5485.128,5498.462,5542.564,0.18856175511000334,0.14324405233855617,0.15591101668952304,0.18913654515226636,0.14211896868538057,0.1549565851593864,0.14222214139556388,0.15775850123877713,0.18892241288204992,0.1419891503783125,0.15313959776478717,0.1875910260193337,0.14247369412451527,0.15667544815160292
2359.375,6462.564,6460.513,6457.949,6339.487,6441.538,0.18856175511000334,0.14324405233855617,0.15591101668952304,0.18913654515226636,0.14211896868538057,0.1549565851593864,0.14222214139556388,0.15775850123877713,0.18892241288204992,0.1419891503783125,0.15313959776478717,0.1875910260193337,0.14247369412451527,0.15667544815160292
2367.1875,7732.821,7714.359,7701.538,7668.205,7712.821,0.18856175511000334,0.14324405233855617,0.15591101668952304,0.18913654515226636,0.14211896868538057,0.1549565851593864,0.14222214139556388,0.15775850123877713,0.18892241288204992,0.1419891503783125,0.15313959776478717,0.1875910260193337,0.14247369412451527,0.15667544815160292
2375.0,7375.385,7351.282,7315.385,7354.872,7366.154,0.18856175511000334,0.14324405233855617,0.15591101668952304,0.18913654515226636,0.14211896868538057,0.1549565851593864,0.14222214139556388,0.15775850123877713,0.18892241288204992,0.1419891503783125,0.15313959776478717,0.1875910260193337,0.14247369412451527,0.15667544815160292
2382.8125,7347.179,7343.59,7331.282,7294.872,7328.718,0.18856175511000334,0.14324405233855617,0.15591101668952304,0.18913654515226636,0.14211896868538057,0.1549565851593864,0.14222214139556388,0.15775850123877713,0.18892241288204992,0.1419891503783125,0.15313959776478717,0.1875910260193337,0.14247369412451527,0.15667544815160292
2390.625,7968.205,7973.333,7978.974,7964.103,7966.154,0.18856175511000334,0.14324405233855617,0.15591101668952304,0.18913654515226636,0.14211896868538057,0.1549565851593864,0.14222214139556388,0.15775850123877713,0.18892241288204992,0.1419891503783125,0.15313959776478717,0.1875910260193337,0.14247369412451527,0.15667544815160292
2398.4375,7597.949,7587.179,7562.051,7619.487,7606.667,0.18856175511000334,0.14324405233855617,0.15591101668952304,0.18913654515226636,0.14211896868538057,0.1549565851593864,0.14222214139556388,0.15775850123877713,0.18892241288204992,0.1419891503783125,0.15313959776478717,0.1875910260193337,0.14247369412451527,0.15667544815160292
2406.25,7149.231,7127.692,7078.974,7105.641,7134.872,0.18856175511000334,0.14324405233855617,0.15591101668952304,0.18913654515226636,0.14211896868538057,0.1549565851593864,0.14222214139556388,0.15775850123877713,0.18892241288204992,0.1419891503783125,0.15313959776478717,0.1875910260193337,0.14247369412451527,0.15667544815160292
2414.0625,7585.128,7574.872,7558.462,7533.333,7565.128,0.18856175511000334,0.14324405233855617,0.15591101668952304,0.18913654515226636,0.14211896868538057,0.1549565851593864,0.14222214139556388,0.15775850123877713,0.18892241288204992,0.1419891503783125,0.15313959776478717,0.1875910260193337,0.14247369412451527,0.15667544815160292
2421.875,8010.256,8010.256,8025.128,8017.949,8013.333,0.18856175511000334,0.14324405233855617,0.15591101668952304,0.18913654515226636,0.14211896868538057,0.1549565851593864,0.14222214139556388,0.15775850123877713,0.18892241288204992,0.1419891503783125,0.15313959776478717,0.1875910260193337,0.14247369412451527,0.15667544815160292
2429.6875,7717.949,7716.923,7715.385,7740.0,7725.641,0.18856175511000334,0.14324405233855617,0.15591101668952304,0.18913654515226636,0.14211896868538057,0.1549565851593864,0.14222214139556388,0.15775850123877713,0.18892241288204992,0.1419891503783125,0.15313959776478717,0.1875910260193337,0.14247369412451527,0.15667544815160292
2437.5,7640.0,7643.077,7636.923,7620.0,7632.308,0.18856175511000334,0.14324405233855617,0.15591101668952304,0.18913654515226636,0.14211896868538057,0.1549565851593864,0.14222214139556388,0.15775850123877713,0.18892241288204992,0.1419891503783125,0.15313959776478717,0.1875910260193337,0.14247369412451527,0.15667544815160292
2445.3125,8032.308,8031.282,8043.077,8041.538,8036.41,0.18856175511000334,0.14324405233855617,0.15591101668952304,0.18913654515226636,0.14211896868538057,0.1549565851593864,0.14222214139556388,0.15775850123877713,0.18892241288204992,0.1419891503783125,0.15313959776478717,0.1875910260193337,0.14247369412451527,0.15667544815160292
2453.125,7069.231,7061.538,7018.974,7122.564,7084.615,0.18856175511000334,0.14324405233855617,0.15591101668952304,0.18913654515226636,0.14211896868538057,0.1549565851593864,0.14222214139556388,0.15775850123877713,0.18892241288204992,0.1419891503783125,0.15313959776478717,0.1875910260193337,0.14247369412451527,0.15667544815160292
2460.9375,5447.692,5458.462,5336.41,5403.077,5429.744,0.18856175511000334,0.14324405233855617,0.15591101668952304,0.18913654515226636,0.14211896868538057,0.1549565851593864,0.14222214139556388,0.15775850123877713,0.18892241288204992,0.1419891503783125,0.15313959776478717,0.1875910260193337,0.14247369412451527,0.15667544815160292
2468.75,5935.385,5957.949,5869.231,5787.179,5893.333,0.18856175511000334,0.14324405233855617,0.15591101668952304,0.18913654515226636,0.14211896868538057,0.1549565851593864,0.14222214139556388,0.15775850123877713,0.18892241288204992,0.1419891503783125,0.15313959776478717,0.1875910260193337,0.14247369412451527,0.15667544815160292
2476.5625,7646.154,7645.641,7639.487,7565.641,7629.744,0.18856175511000334,0.14324405233855617,0.15591101668952304,0.18913654515226636,0.14211896868538057,0.1549565851593864,0.14222214139556388,0.15775850123877713,0.18892241288204992,0.1419891503783125,0.15313959776478717,0.1875910260193337,0.14247369412451527,0.15667544815160292
2484.375,7992.308,7976.41,7986.667,7998.974,7996.41,0.18856175511000334,0.14324405233855617,0.15591101668952304,0.18913654515226636,0.14211896868538057,0.1549565851593864,0.14222214139556388,0.15775850123877713,0.18892241288204992,0.1419891503783125,0.15313959776478717,0.1875910260193337,0.14247369412451527,0.15667544815160292
2492.1875,7714.872,7711.282,7711.282,7712.821,7714.359,0.18856175511000334,0.14324405233855617,0.15591101668952304,0.18913654515226636,0.14211896868538057,0.1549565851593864,0.14222214139556388,0.15775850123877713,0.18892241288204992,0.1419891503783125,0.15313959776478717,0.1875910260193337,0.14247369412451527,0.15667544815160292
2500.0,7936.41,7939.487,7935.385,7923.077,7930.256,0.18856175511000334,0.14324405233855617,0.15591101668952304,0.18913654515226636,0.14211896868538057,0.1549565851593864,0.14222214139556388,0.15775850123877713,0.18892241288204992,0.1419891503783125,0.15313959776478717,0.1875910260193337,0.14247369412451527,0.15667544815160292
2507.8125,7861.538,7865.128,7830.769,7863.077,7853.846,0.18856175511000334,0.14324405233855617,0.15591101668952304,0.18913654515226636,0.14211896868538057,0.1549565851593864,0.14222214139556388,0.15775850123877713,0.18892241288204992,0.1419891503783125,0.15313959776478717,0.1875910260193337,0.14247369412451527,0.15667544815160292
2515.625,7397.949,7407.179,7361.026,7383.59,7385.641,0.18856175511000334,0.14324405233855617,0.15591101668952304,0.18913654515226636,0.14211896868538057,0.1549565851593864,0.14222214139556388,0.15775850123877713,0.18892241288204992,0.1419891503783125,0.15313959776478717,0.1875910260193337,0.14247369412451527,0.15667544815160292
2523.4375,7477.949,7486.667,7429.231,7437.436,7465.128,0.18856175511000334,0.14324405233855617,0.15591101668952304,0.18913654515226636,0.14211896868538057,0.1549565851593864,0.14222214139556388,0.15775850123877713,0.18892241288204992,0.1419891503783125,0.15313959776478717,0.1875910260193337,0.14247369412451527,0.15667544815160292
2531.25,6714.359,6710.769,6592.821,6723.59,6718.974,0.18856175511000334,0.14324405233855617,0.15591101668952304,0.18913654515226636,0.14211896868538057,0.1549565851593864,0.14222214139556388,0.15775850123877713,0.18892241288204992,0.1419891503783125,0.15313959776478717,0.1875910260193337,0.14247369412451527,0.15667544815160292
2539.0625,3735.897,3730.769,3602.564,3820.0,3761.026,0.18856175511000334,0.14324405233855617,0.15591101668952304,0.18913654515226636,0.14211896868538057,0.1549565851593864,0.14222214139556388,0.15775850123877713,0.18892241288204992,0.1419891503783125,0.15313959776478717,0.1875910260193337,0.14247369412451527,0.15667544815160292
2546.875,1033.333,1052.821,985.128,1071.795,1064.103,0.18856175511000334,0.14324405233855617,0.15591101668952304,0.18913654515226636,0.14211896868538057,0.1549565851593864,0.14222214139556388,0.15775850123877713,0.18892241288204992,0.1419891503783125,0.15313959776478717,0.1875910260193337,0.14247369412451527,0.15667544815160292
2554.6875,585.641,611.282,582.051,562.564,611.795,0.18856175511000334,0.14324405233855617,0.15591101668952304,0.18913654515226636,0.14211896868538057,0.1549565851593864,0.14222214139556388,0.15775850123877713,0.18892241288204992,0.1419891503783125,0.15313959776478717,0.1875910260193337,0.14247369412451527,0.15667544815160292
2562.5,905.128,920.513,900.513,870.256,915.385,0.18856175511000334,0.14324405233855617,0.15591101668952304,0.18913654515226636,0.14211896868538057,0.1549565851593864,0.14222214139556388,0.15775850123877713,0.18892241288204992,0.1419891503783125,0.15313959776478717,0.1875910260193337,0.14247369412451527,0.15667544815160292
2570.3125,1525.641,1558.462,1540.513,1451.795,1523.59,0.18856175511000334,0.14324405233855617,0.15591101668952304,0.18913654515226636,0.14211896868538057,0.1549565851593864,0.14222214139556388,0.15775850123877713,0.18892241288204992,0.1419891503783125,0.15313959776478717,0.1875910260193337,0.14247369412451527,0.15667544815160292
2578.125,2555.385,2608.718,2564.615,2448.205,2565.641,0.18856175511000334,0.14324405233855617,0.15591101668952304,0.18913654515226636,0.14211896868538057,0.1549565851593864,0.14222214139556388,0.15775850123877713,0.18892241288204992,0.1419891503783125,0.15313959776478717,0.1875910260193337,0.14247369412451527,0.15667544815160292
2585.9375,3304.103,3343.59,3274.872,3210.256,3321.538,0.18856175511000334,0.14324405233855617,0.15591101668952304,0.18913654515226636,0.14211896868538057,0.1549565851593864,0.14222214139556388,0.15775850123877713,0.18892241288204992,0.1419891503783125,0.15313959776478717,0.1875910260193337,0.14247369412451527,0.15667544815160292
2593.75,3470.256,3495.385,3440.513,3430.769,3481.538,0.18856175511000334,0.14324405233855617,0.15591101668952304,0.18913654515226636,0.14211896868538057,0.1549565851593864,0.14222214139556388,0.15775850123877713,0.18892241288204992,0.1419891503783125,0.15313959776478717,0.1875910260193337,0.14247369412451527,0.15667544815160292
2601.5625,2575.897,2597.436,2553.846,2609.231,2601.026,0.18856175511000334,0.14324405233855617,0.15591101668952304,0.18913654515226636,0.14211896868538057,0.1549565851593864,0.14222214139556388,0.15775850123877713,0.18892241288204992,0.1419891503783125,0.15313959776478717,0.1875910260193337,0.14247369412451527,0.15667544815160292
2609.375,1096.41,1096.41,1077.436,1143.59,1116.41,0.18856175511000334,0.14324405233855617,0.15591101668952304,0.18913654515226636,0.14211896868538057,0.1549565851593864,0.14222214139556388,0.15775850123877713,0.18892241288204992,0.1419891503783125,0.15313959776478717,0.1875910260193337,0.14247369412451527,0.15667544815160292
2617.1875,321.026,314.872,311.795,340.513,324.103,0.18856175511000334,0.14324405233855617,0.15591101668952304,0.18913654515226636,0.14211896868538057,0.1549565851593864,0.14222214139556388,0.15775850123877713,0.18892241288204992,0.1419891503783125,0.15313959776478717,0.1875910260193337,0.14247369412451527,0.15667544815160292
2625.0,625.128,652.308,654.359,565.641,614.359,0.18856175511000334,0.14324405233855617,0.15591101668952304,0.18913654515226636,0.14211896868538057,0.1549565851593864,0.14222214139556388,0.15775850123877713,0.18892241288204992,0.1419891503783125,0.15313959776478717,0.1875910260193337,0.14247369412451527,0.15667544815160292
2632.8125,2942.051,2993.333,3014.872,2758.462,2921.026,0.18856175511000334,0.14324405233855617,0.15591101668952304,0.18913654515226636,0.14211896868538057,0.1549565851593864,0.14222214139556388,0.15775850123877713,0.18892241288204992,0.1419891503783125,0.15313959776478717,0.1875910260193337,0.14247369412451527,0.15667544815160292
2640.625,6612.308,6641.538,6670.256,6446.667,6596.41,0.18856175511000334,0.14324405233855617,0.15591101668952304,0.18913654515226636,0.14211896868538057,0.1549565851593864,0.14222214139556388,0.15775850123877713,0.18892241288204992,0.1419891503783125,0.15313959776478717,0.1875910260193337,0.14247369412451527,0.15667544815160292
2648.4375,8293.846,8294.359,8299.487,8289.744,8295.385,0.18856175511000334,0.14324405233855617,0.15591101668952304,0.18913654515226636,0.14211896868538057,0.1549565851593864,0.14222214139556388,0.15775850123877713,0.18892241288204992,0.1419891503783125,0.15313959776478717,0.1875910260193337,0.14247369412451527,0.15667544815160292
2656.25,7838.974,7837.949,7831.795,7861.026,7842.051,0.18856175511000334,0.14324405233855617,0.15591101668952304,0.18913654515226636,0.14211896868538057,0.1549565851593864,0.14222214139556388,0.15775850123877713,0.18892241288204992,0.1419891503783125,0.15313959776478717,0.1875910260193337,0.14247369412451527,0.15667544815160292
2664.0625,7879.487,7880.513,7885.128,7858.974,7877.436,0.18856175511000334,0.14324405233855617,0.15591101668952304,0.18913654515226636,0.14211896868538057,0.1549565851593864,0.14222214139556388,0.15775850123877713,0.18892241288204992,0.1419891503783125,0.15313959776478717,0.1875910260193337,0.14247369412451527,0.15667544815160292
2671.875,8100.513,8097.949,8100.0,8109.744,8103.59,0.18856175511000334,0.14324405233855617,0.15591101668952304,0.18913654515226636,0.14211896868538057,0.1549565851593864,0.14222214139556388,0.15775850123877713,0.18892241288204992,0.1419891503783125,0.15313959776478717,0.1875910260193337,0.14247369412451527,0.15667544815160292
2679.6875,7761.026,7761.026,7750.256,7771.795,7761.026,0.18856175511000334,0.14324405233855617,0.15591101668952304,0.18913654515226636,0.14211896868538057,0.1549565851593864,0.14222214139556388,0.15775850123877713,0.18892241288204992,0.1419891503783125,0.15313959776478717,0.1875910260193337,0.14247369412451527,0.15667544815160292
2687.5,7593.333,7597.949,7580.0,7572.308,7587.692,0.18856175511000334,0.14324405233855617,0.15591101668952304,0.18913654515226636,0.14211896868538057,0.1549565851593864,0.14222214139556388,0.15775850123877713,0.18892241288204992,0.1419891503783125,0.15313959776478717,0.1875910260193337,0.14247369412451527,0.15667544815160292
2695.3125,7710.769,7714.359,7709.744,7695.385,7708.205,0.18856175511000334,0.14324405233855617,0.15591101668952304,0.18913654515226636,0.14211896868538057,0.1549565851593864,0.14222214139556388,0.15775850123877713,0.18892241288204992,0.1419891503783125,0.15313959776478717,0.1875910260193337,0.14247369412451527,0.15667544815160292
2703.125,7811.282,7810.256,7814.359,7814.359,7812.308,0.18856175511000334,0.14324405233855617,0.15591101668952304,0.18913654515226636,0.14211896868538057,0.1549565851593864,0.14222214139556388,0.15775850123877713,0.18892241288204992,0.1419891503783125,0.15313959776478717,0.1875910260193337,0.14247369412451527,0.15667544815160292
2710.9375,7738.974,7741.026,7725.641,7728.718,7734.872,0.18856175511000334,0.14324405233855617,0.15591101668952304,0.18913654515226636,0.14211896868538057,0.1549565851593864,0.14222214139556388,0.15775850123877713,0.18892241288204992,0.1419891503783125,0.15313959776478717,0.1875910260193337,0.14247369412451527,0.15667544815160292
2718.75,7712.308,7718.974,7695.385,7688.718,7701.538,0.18856175511000334,0.14324405233855617,0.15591101668952304,0.18913654515226636,0.14211896868538057,0.1549565851593864,0.14222214139556388,0.15775850123877713,0.18892241288204992,0.1419891503783125,0.15313959776478717,0.1875910260193337,0.14247369412451527,0.15667544815160292
2726.5625,7775.385,7775.897,7772.308,7769.231,7773.333,0.18856175511000334,0.14324405233855617,0.15591101668952304,0.18913654515226636,0.14211896868538057,0.1549565851593864,0.14222214139556388,0.15775850123877713,0.18892241288204992,0.1419891503783125,0.15313959776478717,0.1875910260193337,0.14247369412451527,0.15667544815160292
2734.375,7785.128,7781.538,7787.692,7791.282,7789.231,0.18856175511000334,0.14324405233855617,0.15591101668952304,0.18913654515226636,0.14211896868538057,0.1549565851593864,0.14222214139556388,0.15775850123877713,0.18892241288204992,0.1419891503783125,0.15313959776478717,0.1875910260193337,0.14247369412451527,0.15667544815160292
2742.1875,7766.667,7767.692,7766.154,7766.667,7767.179,0.18856175511000334,0.14324405233855617,0.15591101668952304,0.18913654515226636,0.14211896868538057,0.1549565851593864,0.14222214139556388,0.15775850123877713,0.18892241288204992,0.1419891503783125,0.15313959776478717,0.1875910260193337,0.14247369412451527,0.15667544815160292
2750.0,7808.718,7810.256,7811.795,7804.615,7806.667,0.18856175511000334,0.14324405233855617,0.15591101668952304,0.18913654515226636,0.14211896868538057,0.1549565851593864,0.14222214139556388,0.15775850123877713,0.18892241288204992,0.1419891503783125,0.15313959776478717,0.1875910260193337,0.14247369412451527,0.15667544815160292
2757.8125,7996.923,7992.821,8004.103,7995.897,7996.41,0.18856175511000334,0.14324405233855617,0.15591101668952304,0.18913654515226636,0.14211896868538057,0.1549565851593864,0.14222214139556388,0.15775850123877713,0.18892241288204992,0.1419891503783125,0.15313959776478717,0.1875910260193337,0.14247369412451527,0.15667544815160292
2765.625,8014.359,8013.846,8008.205,8021.538,8017.436,0.18856175511000334,0.14324405233855617,0.15591101668952304,0.18913654515226636,0.14211896868538057,0.1549565851593864,0.14222214139556388,0.15775850123877713,0.18892241288204992,0.1419891503783125,0.15313959776478717,0.1875910260193337,0.14247369412451527,0.15667544815160292
2773.4375,7776.41,7781.026,7770.769,7775.897,7775.897,0.18856175511000334,0.14324405233855617,0.15591101668952304,0.18913654515226636,0.14211896868538057,0.1549565851593864,0.14222214139556388,0.15775850123877713,0.18892241288204992,0.1419891503783125,0.15313959776478717,0.1875910260193337,0.14247369412451527,0.15667544815160292
2781.25,7871.795,7862.051,7881.538,7881.538,7875.897,0.18856175511000334,0.14324405233855617,0.15591101668952304,0.18913654515226636,0.14211896868538057,0.1549565851593864,0.14222214139556388,0.15775850123877713,0.18892241288204992,0.1419891503783125,0.15313959776478717,0.1875910260193337,0.14247369412451527,0.15667544815160292
2789.0625,7310.769,7315.897,7271.282,7351.795,7331.282,0.18856175511000334,0.14324405233855617,0.15591101668952304,0.18913654515226636,0.14211896868538057,0.1549565851593864,0.14222214139556388,0.15775850123877713,0.18892241288204992,0.1419891503783125,0.15313959776478717,0.1875910260193337,0.14247369412451527,0.15667544815160292
2796.875,4579.487,4616.41,4466.154,4652.308,4611.282,0.18856175511000334,0.14324405233855617,0.15591101668952304,0.18913654515226636,0.14211896868538057,0.1549565851593864,0.14222214139556388,0.15775850123877713,0.18892241288204992,0.1419891503783125,0.15313959776478717,0.1875910260193337,0.14247369412451527,0.15667544815160292
2804.6875,965.641,990.256,886.154,1022.051,984.103,0.18856175511000334,0.14324405233855617,0.15591101668952304,0.18913654515226636,0.14211896868538057,0.1549565851593864,0.14222214139556388,0.15775850123877713,0.18892241288204992,0.1419891503783125,0.15313959776478717,0.1875910260193337,0.14247369412451527,0.15667544815160292
2812.5,347.179,374.359,383.59,274.872,327.179,0.18856175511000334,0.14324405233855617,0.15591101668952304,0.18913654515226636,0.14211896868538057,0.1549565851593864,0.14222214139556388,0.15775850123877713,0.18892241288204992,0.1419891503783125,0.15313959776478717,0.1875910260193337,0.14247369412451527,0.15667544815160292
2820.3125,3995.897,4060.513,4090.256,3803.59,3934.872,0.18856175511000334,0.14324405233855617,0.15591101668952304,0.18913654515226636,0.14211896868538057,0.1549565851593864,0.14222214139556388,0.15775850123877713,0.18892241288204992,0.1419891503783125,0.15313959776478717,0.1875910260193337,0.14247369412451527,0.15667544815160292
2828.125,7724.615,7758.974,7737.949,7617.949,7673.846,0.18856175511000334,0.14324405233855617,0.15591101668952304,0.18913654515226636,0.14211896868538057,0.1549565851593864,0.14222214139556388,0.15775850123877713,0.18892241288204992,0.1419891503783125,0.15313959776478717,0.1875910260193337,0.14247369412451527,0.15667544815160292
2835.9375,6857.949,6857.436,6753.333,6910.256,6863.59,0.18856175511000334,0.14324405233855617,0.15591101668952304,0.18913654515226636,0.14211896868538057,0.1549565851593864,0.14222214139556388,0.15775850123877713,0.18892241288204992,0.1419891503783125,0.15313959776478717,0.1875910260193337,0.14247369412451527,0.15667544815160292
2843.75,3058.462,3112.308,2967.692,3111.282,3089.231,0.18856175511000334,0.14324405233855617,0.15591101668952304,0.18913654515226636,0.14211896868538057,0.1549565851593864,0.14222214139556388,0.15775850123877713,0.18892241288204992,0.1419891503783125,0.15313959776478717,0.1875910260193337,0.14247369412451527,0.15667544815160292
2851.5625,1034.872,1108.718,1042.051,1017.436,1047.179,0.18856175511000334,0.14324405233855617,0.15591101668952304,0.18913654515226636,0.14211896868538057,0.1549565851593864,0.14222214139556388,0.15775850123877713,0.18892241288204992,0.1419891503783125,0.15313959776478717,0.1875910260193337,0.14247369412451527,0.15667544815160292
2859.375,969.744,982.051,987.179,962.564,972.308,0.18856175511000334,0.14324405233855617,0.15591101668952304,0.18913654515226636,0.14211896868538057,0.1549565851593864,0.14222214139556388,0.15775850123877713,0.18892241288204992,0.1419891503783125,0.15313959776478717,0.1875910260193337,0.14247369412451527,0.15667544815160292
2867.1875,678.462,654.359,656.41,696.41,682.564,0.18856175511000334,0.14324405233855617,0.15591101668952304,0.18913654515226636,0.14211896868538057,0.1549565851593864,0.14222214139556388,0.15775850123877713,0.18892241288204992,0.1419891503783125,0.15313959776478717,0.1875910260193337,0.14247369412451527,0.15667544815160292
2875.0,360.0,378.462,366.667,363.077,361.026,0.18856175511000334,0.14324405233855617,0.15591101668952304,0.18913654515226636,0.14211896868538057,0.1549565851593864,0.14222214139556388,0.15775850123877713,0.18892241288204992,0.1419891503783125,0.15313959776478717,0.1875910260193337,0.14247369412451527,0.15667544815160292
2882.8125,729.744,813.846,790.256,675.385,732.308,0.18856175511000334,0.14324405233855617,0.15591101668952304,0.18913654515226636,0.14211896868538057,0.1549565851593864,0.14222214139556388,0.15775850123877713,0.18892241288204992,0.1419891503783125,0.15313959776478717,0.1875910260193337,0.14247369412451527,0.15667544815160292
2890.625,1191.795,1254.359,1229.744,1166.667,1206.667,0.18856175511000334,0.14324405233855617,0.15591101668952304,0.18913654515226636,0.14211896868538057,0.1549565851593864,0.14222214139556388,0.15775850123877713,0.18892241288204992,0.1419891503783125,0.15313959776478717,0.1875910260193337,0.14247369412451527,0.15667544815160292
2898.4375,629.231,640.0,627.692,661.026,635.897,0.18856175511000334,0.14324405233855617,0.15591101668952304,0.18913654515226636,0.14211896868538057,0.1549565851593864,0.14222214139556388,0.15775850123877713,0.18892241288204992,0.1419891503783125,0.15313959776478717,0.1875910260193337,0.14247369412451527,0.15667544815160292
2906.25,732.308,784.103,792.308,628.718,715.897,0.18856175511000334,0.14324405233855617,0.15591101668952304,0.18913654515226636,0.14211896868538057,0.1549565851593864,0.14222214139556388,0.15775850123877713,0.18892241288204992,0.1419891503783125,0.15313959776478717,0.1875910260193337,0.14247369412451527,0.15667544815160292
2914.0625,3802.051,3896.923,3924.615,3563.59,3766.154,0.18856175511000334,0.14324405233855617,0.15591101668952304,0.18913654515226636,0.14211896868538057,0.1549565851593864,0.14222214139556388,0.15775850123877713,0.18892241288204992,0.1419891503783125,0.15313959776478717,0.1875910260193337,0.14247369412451527,0.15667544815160292
2921.875,7449.231,7475.897,7484.103,7329.231,7418.974,0.18856175511000334,0.14324405233855617,0.15591101668952304,0.18913654515226636,0.14211896868538057,0.1549565851593864,0.14222214139556388,0.15775850123877713,0.18892241288204992,0.1419891503783125,0.15313959776478717,0.1875910260193337,0.14247369412451527,0.15667544815160292
2929.6875,7033.333,7018.974,6958.462,7082.051,7046.667,0.18856175511000334,0.14324405233855617,0.15591101668952304,0.18913654515226636,0.14211896868538057,0.1549565851593864,0.14222214139556388,0.15775850123877713,0.18892241288204992,0.1419891503783125,0.15313959776478717,0.1875910260193337,0.14247369412451527,0.15667544815160292
2937.5,4125.641,4166.667,4079.487,4100.513,4148.205,0.18856175511000334,0.14324405233855617,0.15591101668952304,0.18913654515226636,0.14211896868538057,0.1549565851593864,0.14222214139556388,0.15775850123877713,0.18892241288204992,0.1419891503783125,0.15313959776478717,0.1875910260193337,0.14247369412451527,0.15667544815160292
2945.3125,4110.769,4181.538,4133.333,3935.897,4073.333,0.18856175511000334,0.14324405233855617,0.15591101668952304,0.18913654515226636,0.14211896868538057,0.1549565851593864,0.14222214139556388,0.15775850123877713,0.18892241288204992,0.1419891503783125,0.15313959776478717,0.1875910260193337,0.14247369412451527,0.15667544815160292
2953.125,6797.949,6830.256,6806.154,6627.692,6726.667,0.18856175511000334,0.14324405233855617,0.15591101668952304,0.18913654515226636,0.14211896868538057,0.1549565851593864,0.14222214139556388,0.15775850123877713,0.18892241288204992,0.1419891503783125,0.15313959776478717,0.1875910260193337,0.14247369412451527,0.15667544815160292
2960.9375,8177.436,8171.282,8149.744,8127.692,8155.897,0.18856175511000334,0.14324405233855617,0.15591101668952304,0.18913654515226636,0.14211896868538057,0.1549565851593864,0.14222214139556388,0.15775850123877713,0.18892241288204992,0.1419891503783125,0.15313959776478717,0.1875910260193337,0.14247369412451527,0.15667544815160292
2968.75,7581.538,7574.872,7556.41,7591.282,7591.282,0.18856175511000334,0.14324405233855617,0.15591101668952304,0.18913654515226636,0.14211896868538057,0.1549565851593864,0.14222214139556388,0.15775850123877713,0.18892241288204992,0.1419891503783125,0.15313959776478717,0.1875910260193337,0.14247369412451527,0.15667544815160292
2976.5625,7583.59,7588.205,7572.821,7536.41,7564.615,0.18856175511000334,0.14324405233855617,0.15591101668952304,0.18913654515226636,0.14211896868538057,0.1549565851593864,0.14222214139556388,0.15775850123877713,0.18892241288204992,0.1419891503783125,0.15313959776478717,0.1875910260193337,0.14247369412451527,0.15667544815160292
2984.375,7942.051,7938.462,7906.667,7909.744,7925.641,0.18856175511000334,0.14324405233855617,0.15591101668952304,0.18913654515226636,0.14211896868538057,0.1549565851593864,0.14222214139556388,0.15775850123877713,0.18892241288204992,0.1419891503783125,0.15313959776478717,0.1875910260193337,0.14247369412451527,0.15667544815160292
2992.1875,6810.769,6798.974,6743.59,6816.41,6821.026,0.18856175511000334,0.14324405233855617,0.15591101668952304,0.18913654515226636,0.14211896868538057,0.1549565851593864,0.14222214139556388,0.15775850123877713,0.18892241288204992,0.1419891503783125,0.15313959776478717,0.1875910260193337,0.14247369412451527,0.15667544815160292
