timestamp,AF3,T7,Pz,T8,AF4,AF3_theta,AF3_alpha,AF3_beta,T7_theta,T7_mu,T7_beta,Pz_alpha,Pz_beta,T8_theta,T8_mu,T8_beta,AF4_theta,AF4_alpha,AF4_beta
0.0,803.077,803.59,803.59,803.59,803.59,0.14420152097703193,0.021994638552230553,0.003931037314790943,0.017888978537071012,0.0037452506152994974,0.002688143159151169,0.003909657520017964,0.00392241056591969,0.0196295426465345,0.003720015545466789,0.005099129467064421,0.09314641025578597,0.013823150719172618,0.0045560322849772525
7.8125,803.59,803.59,803.59,803.59,803.59,0.14420152097703193,0.021994638552230553,0.003931037314790943,0.017888978537071012,0.0037452506152994974,0.002688143159151169,0.003909657520017964,0.00392241056591969,0.0196295426465345,0.003720015545466789,0.005099129467064421,0.09314641025578597,0.013823150719172618,0.0045560322849772525
15.625,804.103,803.59,803.59,803.59,803.59,0.14420152097703193,0.021994638552230553,0.003931037314790943,0.017888978537071012,0.0037452506152994974,0.002688143159151169,0.003909657520017964,0.00392241056591969,0.0196295426465345,0.003720015545466789,0.005099129467064421,0.09314641025578597,0.013823150719172618,0.0045560322849772525
23.4375,802.564,803.59,803.59,803.59,803.59,0.14420152097703193,0.021994638552230553,0.003931037314790943,0.017888978537071012,0.0037452506152994974,0.002688143159151169,0.003909657520017964,0.00392241056591969,0.0196295426465345,0.003720015545466789,0.005099129467064421,0.09314641025578597,0.013823150719172618,0.0045560322849772525
31.25,802.051,803.59,803.59,803.59,803.59,0.14420152097703193,0.021994638552230553,0.003931037314790943,0.017888978537071012,0.0037452506152994974,0.002688143159151169,0.003909657520017964,0.00392241056591969,0.0196295426465345,0.003720015545466789,0.005099129467064421,0.09314641025578597,0.013823150719172618,0.0045560322849772525
39.0625,804.103,803.59,803.59,803.59,803.59,0.14420152097703193,0.021994638552230553,0.003931037314790943,0.017888978537071012,0.0037452506152994974,0.002688143159151169,0.003909657520017964,0.00392241056591969,0.0196295426465345,0.003720015545466789,0.005099129467064421,0.09314641025578597,0.013823150719172618,0.0045560322849772525
46.875,805.128,803.59,803.59,803.59,803.59,0.14420152097703193,0.021994638552230553,0.003931037314790943,0.017888978537071012,0.0037452506152994974,0.002688143159151169,0.003909657520017964,0.00392241056591969,0.0196295426465345,0.003720015545466789,0.005099129467064421,0.09314641025578597,0.013823150719172618,0.0045560322849772525
54.6875,803.077,803.59,803.59,803.59,803.59,0.14420152097703193,0.021994638552230553,0.003931037314790943,0.017888978537071012,0.0037452506152994974,0.002688143159151169,0.003909657520017964,0.00392241056591969,0.0196295426465345,0.003720015545466789,0.005099129467064421,0.09314641025578597,0.013823150719172618,0.0045560322849772525
62.5,802.051,803.59,803.59,803.59,803.59,0.14420152097703193,0.021994638552230553,0.003931037314790943,0.017888978537071012,0.0037452506152994974,0.002688143159151169,0.003909657520017964,0.00392241056591969,0.0196295426465345,0.003720015545466789,0.005099129467064421,0.09314641025578597,0.013823150719172618,0.0045560322849772525
70.3125,803.59,803.59,803.59,803.59,803.59,0.14420152097703193,0.021994638552230553,0.003931037314790943,0.017888978537071012,0.0037452506152994974,0.002688143159151169,0.003909657520017964,0.00392241056591969,0.0196295426465345,0.003720015545466789,0.005099129467064421,0.09314641025578597,0.013823150719172618,0.0045560322849772525
78.125,804.615,803.59,803.59,803.59,803.59,0.14420152097703193,0.021994638552230553,0.003931037314790943,0.017888978537071012,0.0037452506152994974,0.002688143159151169,0.003909657520017964,0.00392241056591969,0.0196295426465345,0.003720015545466789,0.005099129467064421,0.09314641025578597,0.013823150719172618,0.0045560322849772525
85.9375,804.103,803.59,803.59,803.59,803.59,0.14420152097703193,0.021994638552230553,0.003931037314790943,0.017888978537071012,0.0037452506152994974,0.002688143159151169,0.003909657520017964,0.00392241056591969,0.0196295426465345,0.003720015545466789,0.005099129467064421,0.09314641025578597,0.013823150719172618,0.0045560322849772525
93.75,803.077,803.59,803.59,803.59,803.59,0.14420152097703193,0.021994638552230553,0.003931037314790943,0.017888978537071012,0.0037452506152994974,0.002688143159151169,0.003909657520017964,0.00392241056591969,0.0196295426465345,0.003720015545466789,0.005099129467064421,0.09314641025578597,0.013823150719172618,0.0045560322849772525
101.5625,804.103,803.59,803.59,803.59,803.59,0.14420152097703193,0.021994638552230553,0.003931037314790943,0.017888978537071012,0.0037452506152994974,0.002688143159151169,0.003909657520017964,0.00392241056591969,0.0196295426465345,0.003720015545466789,0.005099129467064421,0.09314641025578597,0.013823150719172618,0.0045560322849772525
109.375,803.59,803.59,803.59,803.59,803.59,0.14420152097703193,0.021994638552230553,0.003931037314790943,0.017888978537071012,0.0037452506152994974,0.002688143159151169,0.003909657520017964,0.00392241056591969,0.0196295426465345,0.003720015545466789,0.005099129467064421,0.09314641025578597,0.013823150719172618,0.0045560322849772525
117.1875,802.051,803.59,803.59,803.59,803.59,0.14420152097703193,0.021994638552230553,0.003931037314790943,0.017888978537071012,0.0037452506152994974,0.002688143159151169,0.003909657520017964,0.00392241056591969,0.0196295426465345,0.003720015545466789,0.005099129467064421,0.09314641025578597,0.013823150719172618,0.0045560322849772525
125.0,803.077,803.59,803.59,803.59,803.59,0.14420152097703193,0.021994638552230553,0.003931037314790943,0.017888978537071012,0.0037452506152994974,0.002688143159151169,0.003909657520017964,0.00392241056591969,0.0196295426465345,0.003720015545466789,0.005099129467064421,0.09314641025578597,0.013823150719172618,0.0045560322849772525
132.8125,805.128,803.59,803.59,803.59,803.59,0.14420152097703193,0.021994638552230553,0.003931037314790943,0.017888978537071012,0.0037452506152994974,0.002688143159151169,0.003909657520017964,0.00392241056591969,0.0196295426465345,0.003720015545466789,0.005099129467064421,0.09314641025578597,0.013823150719172618,0.0045560322849772525
140.625,804.103,803.59,803.59,803.59,803.59,0.14420152097703193,0.021994638552230553,0.003931037314790943,0.017888978537071012,0.0037452506152994974,0.002688143159151169,0.003909657520017964,0.00392241056591969,0.0196295426465345,0.003720015545466789,0.005099129467064421,0.09314641025578597,0.013823150719172618,0.0045560322849772525
148.4375,802.051,803.59,803.59,803.59,803.59,0.14420152097703193,0.021994638552230553,0.003931037314790943,0.017888978537071012,0.0037452506152994974,0.002688143159151169,0.003909657520017964,0.00392241056591969,0.0196295426465345,0.003720015545466789,0.005099129467064421,0.09314641025578597,0.013823150719172618,0.0045560322849772525
156.25,802.564,803.59,803.59,803.59,803.59,0.14420152097703193,0.021994638552230553,0.003931037314790943,0.017888978537071012,0.0037452506152994974,0.002688143159151169,0.003909657520017964,0.00392241056591969,0.0196295426465345,0.003720015545466789,0.005099129467064421,0.09314641025578597,0.013823150719172618,0.0045560322849772525
164.0625,804.615,803.59,803.59,803.59,803.59,0.14420152097703193,0.021994638552230553,0.003931037314790943,0.017888978537071012,0.0037452506152994974,0.002688143159151169,0.003909657520017964,0.00392241056591969,0.0196295426465345,0.003720015545466789,0.005099129467064421,0.09314641025578597,0.013823150719172618,0.0045560322849772525
171.875,804.615,803.59,803.59,803.59,803.59,0.14420152097703193,0.021994638552230553,0.003931037314790943,0.017888978537071012,0.0037452506152994974,0.002688143159151169,0.003909657520017964,0.00392241056591969,0.0196295426465345,0.003720015545466789,0.005099129467064421,0.09314641025578597,0.013823150719172618,0.0045560322849772525
179.6875,803.077,803.59,803.59,803.59,803.59,0.14420152097703193,0.021994638552230553,0.003931037314790943,0.017888978537071012,0.0037452506152994974,0.002688143159151169,0.003909657520017964,0.00392241056591969,0.0196295426465345,0.003720015545466789,0.005099129467064421,0.09314641025578597,0.013823150719172618,0.0045560322849772525
187.5,803.59,803.59,803.59,803.59,803.59,0.14420152097703193,0.021994638552230553,0.003931037314790943,0.017888978537071012,0.0037452506152994974,0.002688143159151169,0.003909657520017964,0.00392241056591969,0.0196295426465345,0.003720015545466789,0.005099129467064421,0.09314641025578597,0.013823150719172618,0.0045560322849772525
195.3125,804.103,803.59,803.59,803.59,803.59,0.14420152097703193,0.021994638552230553,0.003931037314790943,0.017888978537071012,0.0037452506152994974,0.002688143159151169,0.003909657520017964,0.00392241056591969,0.0196295426465345,0.003720015545466789,0.005099129467064421,0.09314641025578597,0.013823150719172618,0.0045560322849772525
203.125,802.564,803.59,803.59,803.59,803.59,0.14420152097703193,0.021994638552230553,0.003931037314790943,0.017888978537071012,0.0037452506152994974,0.002688143159151169,0.003909657520017964,0.00392241056591969,0.0196295426465345,0.003720015545466789,0.005099129467064421,0.09314641025578597,0.013823150719172618,0.0045560322849772525
210.9375,802.564,803.59,803.59,803.59,803.59,0.14420152097703193,0.021994638552230553,0.003931037314790943,0.017888978537071012,0.0037452506152994974,0.002688143159151169,0.003909657520017964,0.00392241056591969,0.0196295426465345,0.003720015545466789,0.005099129467064421,0.09314641025578597,0.013823150719172618,0.0045560322849772525
218.75,804.615,803.59,803.59,803.59,803.59,0.14420152097703193,0.021994638552230553,0.003931037314790943,0.017888978537071012,0.0037452506152994974,0.002688143159151169,0.003909657520017964,0.00392241056591969,0.0196295426465345,0.003720015545466789,0.005099129467064421,0.09314641025578597,0.013823150719172618,0.0045560322849772525
226.5625,804.615,803.59,803.59,803.59,803.59,0.14420152097703193,0.021994638552230553,0.003931037314790943,0.017888978537071012,0.0037452506152994974,0.002688143159151169,0.003909657520017964,0.00392241056591969,0.0196295426465345,0.003720015545466789,0.005099129467064421,0.09314641025578597,0.013823150719172618,0.0045560322849772525
234.375,802.564,803.59,803.59,803.59,803.59,0.14420152097703193,0.021994638552230553,0.003931037314790943,0.017888978537071012,0.0037452506152994974,0.002688143159151169,0.003909657520017964,0.00392241056591969,0.0196295426465345,0.003720015545466789,0.005099129467064421,0.09314641025578597,0.013823150719172618,0.0045560322849772525
242.1875,802.051,803.59,803.59,803.59,803.59,0.14420152097703193,0.021994638552230553,0.003931037314790943,0.017888978537071012,0.0037452506152994974,0.002688143159151169,0.003909657520017964,0.00392241056591969,0.0196295426465345,0.003720015545466789,0.005099129467064421,0.09314641025578597,0.013823150719172618,0.0045560322849772525
250.0,804.103,803.59,803.59,803.59,803.59,0.14420152097703193,0.021994638552230553,0.003931037314790943,0.017888978537071012,0.0037452506152994974,0.002688143159151169,0.003909657520017964,0.00392241056591969,0.0196295426465345,0.003720015545466789,0.005099129467064421,0.09314641025578597,0.013823150719172618,0.0045560322849772525
257.8125,804.615,803.59,803.59,803.59,803.59,0.14420152097703193,0.021994638552230553,0.003931037314790943,0.017888978537071012,0.0037452506152994974,0.002688143159151169,0.003909657520017964,0.00392241056591969,0.0196295426465345,0.003720015545466789,0.005099129467064421,0.09314641025578597,0.013823150719172618,0.0045560322849772525
265.625,803.59,803.59,803.59,803.59,803.59,0.14420152097703193,0.021994638552230553,0.003931037314790943,0.017888978537071012,0.0037452506152994974,0.002688143159151169,0.003909657520017964,0.00392241056591969,0.0196295426465345,0.003720015545466789,0.005099129467064421,0.09314641025578597,0.013823150719172618,0.0045560322849772525
273.4375,803.077,803.59,803.59,803.59,803.59,0.14420152097703193,0.021994638552230553,0.003931037314790943,0.017888978537071012,0.0037452506152994974,0.002688143159151169,0.003909657520017964,0.00392241056591969,0.0196295426465345,0.003720015545466789,0.005099129467064421,0.09314641025578597,0.013823150719172618,0.0045560322849772525
281.25,804.103,803.59,803.59,803.59,803.59,0.14420152097703193,0.021994638552230553,0.003931037314790943,0.017888978537071012,0.0037452506152994974,0.002688143159151169,0.003909657520017964,0.00392241056591969,0.0196295426465345,0.003720015545466789,0.005099129467064421,0.09314641025578597,0.013823150719172618,0.0045560322849772525
289.0625,803.077,803.59,803.59,803.59,803.59,0.14420152097703193,0.021994638552230553,0.003931037314790943,0.017888978537071012,0.0037452506152994974,0.002688143159151169,0.003909657520017964,0.00392241056591969,0.0196295426465345,0.003720015545466789,0.005099129467064421,0.09314641025578597,0.013823150719172618,0.0045560322849772525
296.875,802.051,803.59,803.59,803.59,803.59,0.14420152097703193,0.021994638552230553,0.003931037314790943,0.017888978537071012,0.0037452506152994974,0.002688143159151169,0.003909657520017964,0.00392241056591969,0.0196295426465345,0.003720015545466789,0.005099129467064421,0.09314641025578597,0.013823150719172618,0.0045560322849772525
304.6875,803.59,803.59,803.59,803.59,803.59,0.14420152097703193,0.021994638552230553,0.003931037314790943,0.017888978537071012,0.0037452506152994974,0.002688143159151169,0.003909657520017964,0.00392241056591969,0.0196295426465345,0.003720015545466789,0.005099129467064421,0.09314641025578597,0.013823150719172618,0.0045560322849772525
312.5,805.128,803.59,803.59,803.59,803.59,0.14420152097703193,0.021994638552230553,0.003931037314790943,0.017888978537071012,0.0037452506152994974,0.002688143159151169,0.003909657520017964,0.00392241056591969,0.0196295426465345,0.003720015545466789,0.005099129467064421,0.09314641025578597,0.013823150719172618,0.0045560322849772525
320.3125,803.59,803.59,803.59,803.59,803.59,0.14420152097703193,0.021994638552230553,0.003931037314790943,0.017888978537071012,0.0037452506152994974,0.002688143159151169,0.003909657520017964,0.00392241056591969,0.0196295426465345,0.003720015545466789,0.005099129467064421,0.09314641025578597,0.013823150719172618,0.0045560322849772525
328.125,802.051,803.59,803.59,803.59,803.59,0.14420152097703193,0.021994638552230553,0.003931037314790943,0.017888978537071012,0.0037452506152994974,0.002688143159151169,0.003909657520017964,0.00392241056591969,0.0196295426465345,0.003720015545466789,0.005099129467064421,0.09314641025578597,0.013823150719172618,0.0045560322849772525
335.9375,803.077,803.59,803.59,803.59,803.59,0.14420152097703193,0.021994638552230553,0.003931037314790943,0.017888978537071012,0.0037452506152994974,0.002688143159151169,0.003909657520017964,0.00392241056591969,0.0196295426465345,0.003720015545466789,0.005099129467064421,0.09314641025578597,0.013823150719172618,0.0045560322849772525
343.75,804.615,803.59,803.59,803.59,803.59,0.14420152097703193,0.021994638552230553,0.003931037314790943,0.017888978537071012,0.0037452506152994974,0.002688143159151169,0.003909657520017964,0.00392241056591969,0.0196295426465345,0.003720015545466789,0.005099129467064421,0.09314641025578597,0.013823150719172618,0.0045560322849772525
351.5625,804.103,803.59,803.59,803.59,803.59,0.14420152097703193,0.021994638552230553,0.003931037314790943,0.017888978537071012,0.0037452506152994974,0.002688143159151169,0.003909657520017964,0.00392241056591969,0.0196295426465345,0.003720015545466789,0.005099129467064421,0.09314641025578597,0.013823150719172618,0.0045560322849772525
359.375,803.077,803.59,803.59,803.59,803.59,0.14420152097703193,0.021994638552230553,0.003931037314790943,0.017888978537071012,0.0037452506152994974,0.002688143159151169,0.003909657520017964,0.00392241056591969,0.0196295426465345,0.003720015545466789,0.005099129467064421,0.09314641025578597,0.013823150719172618,0.0045560322849772525
367.1875,804.103,803.59,803.59,803.59,803.59,0.14420152097703193,0.021994638552230553,0.003931037314790943,0.017888978537071012,0.0037452506152994974,0.002688143159151169,0.003909657520017964,0.00392241056591969,0.0196295426465345,0.003720015545466789,0.005099129467064421,0.09314641025578597,0.013823150719172618,0.0045560322849772525
375.0,803.59,803.59,803.59,803.59,803.59,0.14420152097703193,0.021994638552230553,0.003931037314790943,0.017888978537071012,0.0037452506152994974,0.002688143159151169,0.003909657520017964,0.00392241056591969,0.0196295426465345,0.003720015545466789,0.005099129467064421,0.09314641025578597,0.013823150719172618,0.0045560322849772525
382.8125,802.051,803.59,803.59,803.59,803.59,0.14420152097703193,0.021994638552230553,0.003931037314790943,0.017888978537071012,0.0037452506152994974,0.002688143159151169,0.003909657520017964,0.00392241056591969,0.0196295426465345,0.003720015545466789,0.005099129467064421,0.09314641025578597,0.013823150719172618,0.0045560322849772525
390.625,803.077,803.59,803.59,803.59,803.59,0.14420152097703193,0.021994638552230553,0.003931037314790943,0.017888978537071012,0.0037452506152994974,0.002688143159151169,0.003909657520017964,0.00392241056591969,0.0196295426465345,0.003720015545466789,0.005099129467064421,0.09314641025578597,0.013823150719172618,0.0045560322849772525
398.4375,804.615,803.59,803.59,803.59,803.59,0.14420152097703193,0.021994638552230553,0.003931037314790943,0.017888978537071012,0.0037452506152994974,0.002688143159151169,0.003909657520017964,0.00392241056591969,0.0196295426465345,0.003720015545466789,0.005099129467064421,0.09314641025578597,0.013823150719172618,0.0045560322849772525
406.25,804.103,803.59,803.59,803.59,803.59,0.14420152097703193,0.021994638552230553,0.003931037314790943,0.017888978537071012,0.0037452506152994974,0.002688143159151169,0.003909657520017964,0.00392241056591969,0.0196295426465345,0.003720015545466789,0.005099129467064421,0.09314641025578597,0.013823150719172618,0.0045560322849772525
414.0625,801.538,803.59,803.59,803.077,803.59,0.14420152097703193,0.021994638552230553,0.003931037314790943,0.017888978537071012,0.0037452506152994974,0.002688143159151169,0.003909657520017964,0.00392241056591969,0.0196295426465345,0.003720015545466789,0.005099129467064421,0.09314641025578597,0.013823150719172618,0.0045560322849772525
421.875,800.513,803.59,803.59,802.051,803.59,0.14420152097703193,0.021994638552230553,0.003931037314790943,0.017888978537071012,0.0037452506152994974,0.002688143159151169,0.003909657520017964,0.00392241056591969,0.0196295426465345,0.003720015545466789,0.005099129467064421,0.09314641025578597,0.013823150719172618,0.0045560322849772525
429.6875,802.051,803.59,803.59,800.513,803.59,0.14420152097703193,0.021994638552230553,0.003931037314790943,0.017888978537071012,0.0037452506152994974,0.002688143159151169,0.003909657520017964,0.00392241056591969,0.0196295426465345,0.003720015545466789,0.005099129467064421,0.09314641025578597,0.013823150719172618,0.0045560322849772525
437.5,801.026,803.59,803.077,802.051,803.59,0.14420152097703193,0.021994638552230553,0.003931037314790943,0.017888978537071012,0.0037452506152994974,0.002688143159151169,0.003909657520017964,0.00392241056591969,0.0196295426465345,0.003720015545466789,0.005099129467064421,0.09314641025578597,0.013823150719172618,0.0045560322849772525
445.3125,796.923,803.59,801.538,797.949,803.59,0.14420152097703193,0.021994638552230553,0.003931037314790943,0.017888978537071012,0.0037452506152994974,0.002688143159151169,0.003909657520017964,0.00392241056591969,0.0196295426465345,0.003720015545466789,0.005099129467064421,0.09314641025578597,0.013823150719172618,0.0045560322849772525
453.125,802.564,803.59,802.051,793.846,803.59,0.14420152097703193,0.021994638552230553,0.003931037314790943,0.017888978537071012,0.0037452506152994974,0.002688143159151169,0.003909657520017964,0.00392241056591969,0.0196295426465345,0.003720015545466789,0.005099129467064421,0.09314641025578597,0.013823150719172618,0.0045560322849772525
460.9375,827.179,803.59,801.538,819.487,802.564,0.14420152097703193,0.021994638552230553,0.003931037314790943,0.017888978537071012,0.0037452506152994974,0.002688143159151169,0.003909657520017964,0.00392241056591969,0.0196295426465345,0.003720015545466789,0.005099129467064421,0.09314641025578597,0.013823150719172618,0.0045560322849772525
468.75,854.872,803.59,794.872,848.205,801.538,0.14420152097703193,0.021994638552230553,0.003931037314790943,0.017888978537071012,0.0037452506152994974,0.002688143159151169,0.003909657520017964,0.00392241056591969,0.0196295426465345,0.003720015545466789,0.005099129467064421,0.09314641025578597,0.013823150719172618,0.0045560322849772525
476.5625,899.487,803.59,805.128,869.231,801.538,0.14420152097703193,0.021994638552230553,0.003931037314790943,0.017888978537071012,0.0037452506152994974,0.002688143159151169,0.003909657520017964,0.00392241056591969,0.0196295426465345,0.003720015545466789,0.005099129467064421,0.09314641025578597,0.013823150719172618,0.0045560322849772525
484.375,962.051,803.59,825.641,921.538,798.462,0.14420152097703193,0.021994638552230553,0.003931037314790943,0.017888978537071012,0.0037452506152994974,0.002688143159151169,0.003909657520017964,0.00392241056591969,0.0196295426465345,0.003720015545466789,0.005099129467064421,0.09314641025578597,0.013823150719172618,0.0045560322849772525
492.1875,1015.897,803.59,838.974,986.154,796.41,0.14420152097703193,0.021994638552230553,0.003931037314790943,0.017888978537071012,0.0037452506152994974,0.002688143159151169,0.003909657520017964,0.00392241056591969,0.0196295426465345,0.003720015545466789,0.005099129467064421,0.09314641025578597,0.013823150719172618,0.0045560322849772525
500.0,1098.974,803.59,871.282,1050.769,811.282,0.14420152097703193,0.021994638552230553,0.003931037314790943,0.017888978537071012,0.0037452506152994974,0.002688143159151169,0.003909657520017964,0.00392241056591969,0.0196295426465345,0.003720015545466789,0.005099129467064421,0.09314641025578597,0.013823150719172618,0.0045560322849772525
507.8125,1205.128,802.051,915.385,1129.744,831.795,0.14420152097703193,0.021994638552230553,0.003931037314790943,0.017888978537071012,0.0037452506152994974,0.002688143159151169,0.003909657520017964,0.00392241056591969,0.0196295426465345,0.003720015545466789,0.005099129467064421,0.09314641025578597,0.013823150719172618,0.0045560322849772525
515.625,1288.718,802.051,968.205,1214.359,863.59,0.14420152097703193,0.021994638552230553,0.003931037314790943,0.017888978537071012,0.0037452506152994974,0.002688143159151169,0.003909657520017964,0.00392241056591969,0.0196295426465345,0.003720015545466789,0.005099129467064421,0.09314641025578597,0.013823150719172618,0.0045560322849772525
523.4375,1371.282,801.026,1044.103,1300.513,917.949,0.14420152097703193,0.021994638552230553,0.003931037314790943,0.017888978537071012,0.0037452506152994974,0.002688143159151169,0.003909657520017964,0.00392241056591969,0.0196295426465345,0.003720015545466789,0.005099129467064421,0.09314641025578597,0.013823150719172618,0.0045560322849772525
531.25,1460.0,796.923,1120.0,1383.59,968.205,0.14420152097703193,0.021994638552230553,0.003931037314790943,0.017888978537071012,0.0037452506152994974,0.002688143159151169,0.003909657520017964,0.00392241056591969,0.0196295426465345,0.003720015545466789,0.005099129467064421,0.09314641025578597,0.013823150719172618,0.0045560322849772525
539.0625,1549.744,804.103,1209.231,1474.872,1041.026,0.14420152097703193,0.021994638552230553,0.003931037314790943,0.017888978537071012,0.0037452506152994974,0.002688143159151169,0.003909657520017964,0.00392241056591969,0.0196295426465345,0.003720015545466789,0.005099129467064421,0.09314641025578597,0.013823150719172618,0.0045560322849772525
546.875,1643.077,815.897,1306.154,1571.795,1138.974,0.14420152097703193,0.021994638552230553,0.003931037314790943,0.017888978537071012,0.0037452506152994974,0.002688143159151169,0.003909657520017964,0.00392241056591969,0.0196295426465345,0.003720015545466789,0.005099129467064421,0.09314641025578597,0.013823150719172618,0.0045560322849772525
554.6875,1725.128,836.41,1387.179,1654.359,1215.897,0.14420152097703193,0.021994638552230553,0.003931037314790943,0.017888978537071012,0.0037452506152994974,0.002688143159151169,0.003909657520017964,0.00392241056591969,0.0196295426465345,0.003720015545466789,0.005099129467064421,0.09314641025578597,0.013823150719172618,0.0045560322849772525
562.5,1799.487,879.487,1466.154,1728.205,1290.769,0.14420152097703193,0.021994638552230553,0.003931037314790943,0.017888978537071012,0.0037452506152994974,0.002688143159151169,0.003909657520017964,0.00392241056591969,0.0196295426465345,0.003720015545466789,0.005099129467064421,0.09314641025578597,0.013823150719172618,0.0045560322849772525
570.3125,1880.513,912.308,1543.077,1799.487,1376.41,0.14420152097703193,0.021994638552230553,0.003931037314790943,0.017888978537071012,0.0037452506152994974,0.002688143159151169,0.003909657520017964,0.00392241056591969,0.0196295426465345,0.003720015545466789,0.005099129467064421,0.09314641025578597,0.013823150719172618,0.0045560322849772525
578.125,1962.051,954.872,1620.513,1876.923,1457.436,0.14420152097703193,0.021994638552230553,0.003931037314790943,0.017888978537071012,0.0037452506152994974,0.002688143159151169,0.003909657520017964,0.00392241056591969,0.0196295426465345,0.003720015545466789,0.005099129467064421,0.09314641025578597,0.013823150719172618,0.0045560322849772525
585.9375,2039.487,1031.282,1709.744,1965.641,1533.333,0.14420152097703193,0.021994638552230553,0.003931037314790943,0.017888978537071012,0.0037452506152994974,0.002688143159151169,0.003909657520017964,0.00392241056591969,0.0196295426465345,0.003720015545466789,0.005099129467064421,0.09314641025578597,0.013823150719172618,0.0045560322849772525
593.75,2126.667,1104.615,1793.333,2047.179,1619.487,0.14420152097703193,0.021994638552230553,0.003931037314790943,0.017888978537071012,0.0037452506152994974,0.002688143159151169,0.003909657520017964,0.00392241056591969,0.0196295426465345,0.003720015545466789,0.005099129467064421,0.09314641025578597,0.013823150719172618,0.0045560322849772525
601.5625,2221.026,1184.103,1866.154,2116.41,1716.41,0.14420152097703193,0.021994638552230553,0.003931037314790943,0.017888978537071012,0.0037452506152994974,0.002688143159151169,0.003909657520017964,0.00392241056591969,0.0196295426465345,0.003720015545466789,0.005099129467064421,0.09314641025578597,0.013823150719172618,0.0045560322849772525
609.375,2294.359,1268.718,1940.513,2191.282,1794.872,0.14420152097703193,0.021994638552230553,0.003931037314790943,0.017888978537071012,0.0037452506152994974,0.002688143159151169,0.003909657520017964,0.00392241056591969,0.0196295426465345,0.003720015545466789,0.005099129467064421,0.09314641025578597,0.013823150719172618,0.0045560322849772525
617.1875,2358.462,1341.026,2017.436,2271.795,1860.513,0.14420152097703193,0.021994638552230553,0.003931037314790943,0.017888978537071012,0.0037452506152994974,0.002688143159151169,0.003909657520017964,0.00392241056591969,0.0196295426465345,0.003720015545466789,0.005099129467064421,0.09314641025578597,0.013823150719172618,0.0045560322849772525
625.0,2435.385,1422.564,2088.718,2344.615,1942.564,0.14420152097703193,0.021994638552230553,0.003931037314790943,0.017888978537071012,0.0037452506152994974,0.002688143159151169,0.003909657520017964,0.00392241056591969,0.0196295426465345,0.003720015545466789,0.005099129467064421,0.09314641025578597,0.013823150719172618,0.0045560322849772525
632.8125,2509.231,1510.769,2158.462,2415.385,2026.154,0.14420152097703193,0.021994638552230553,0.003931037314790943,0.017888978537071012,0.0037452506152994974,0.002688143159151169,0.003909657520017964,0.00392241056591969,0.0196295426465345,0.003720015545466789,0.005099129467064421,0.09314641025578597,0.013823150719172618,0.0045560322849772525
640.625,2569.744,1587.179,2229.744,2491.282,2090.769,0.14420152097703193,0.021994638552230553,0.003931037314790943,0.017888978537071012,0.0037452506152994974,0.002688143159151169,0.003909657520017964,0.00392241056591969,0.0196295426465345,0.003720015545466789,0.005099129467064421,0.09314641025578597,0.013823150719172618,0.0045560322849772525
648.4375,2635.385,1663.59,2302.564,2563.59,2156.41,0.14420152097703193,0.021994638552230553,0.003931037314790943,0.017888978537071012,0.0037452506152994974,0.002688143159151169,0.003909657520017964,0.00392241056591969,0.0196295426465345,0.003720015545466789,0.005099129467064421,0.09314641025578597,0.013823150719172618,0.0045560322849772525
656.25,2712.821,1746.667,2378.974,2626.667,2237.436,0.14420152097703193,0.021994638552230553,0.003931037314790943,0.017888978537071012,0.0037452506152994974,0.002688143159151169,0.003909657520017964,0.00392241056591969,0.0196295426465345,0.003720015545466789,0.005099129467064421,0.09314641025578597,0.013823150719172618,0.0045560322849772525
664.0625,2794.872,1818.462,2449.744,2690.769,2321.026,0.14420152097703193,0.021994638552230553,0.003931037314790943,0.017888978537071012,0.0037452506152994974,0.002688143159151169,0.003909657520017964,0.00392241056591969,0.0196295426465345,0.003720015545466789,0.005099129467064421,0.09314641025578597,0.013823150719172618,0.0045560322849772525
671.875,2871.795,1887.179,2507.692,2764.103,2396.923,0.14420152097703193,0.021994638552230553,0.003931037314790943,0.017888978537071012,0.0037452506152994974,0.002688143159151169,0.003909657520017964,0.00392241056591969,0.0196295426465345,0.003720015545466789,0.005099129467064421,0.09314641025578597,0.013823150719172618,0.0045560322849772525
679.6875,2934.872,1961.026,2568.205,2834.872,2462.051,0.14420152097703193,0.021994638552230553,0.003931037314790943,0.017888978537071012,0.0037452506152994974,0.002688143159151169,0.003909657520017964,0.00392241056591969,0.0196295426465345,0.003720015545466789,0.005099129467064421,0.09314641025578597,0.013823150719172618,0.0045560322849772525
687.5,2987.179,2024.615,2632.308,2891.795,2515.385,0.14420152097703193,0.021994638552230553,0.003931037314790943,0.017888978537071012,0.0037452506152994974,0.002688143159151169,0.003909657520017964,0.00392241056591969,0.0196295426465345,0.003720015545466789,0.005099129467064421,0.09314641025578597,0.013823150719172618,0.0045560322849772525
695.3125,3047.179,2088.718,2694.359,2942.051,2569.231,0.14420152097703193,0.021994638552230553,0.003931037314790943,0.017888978537071012,0.0037452506152994974,0.002688143159151169,0.003909657520017964,0.00392241056591969,0.0196295426465345,0.003720015545466789,0.005099129467064421,0.09314641025578597,0.013823150719172618,0.0045560322849772525
703.125,3120.0,2161.538,2758.974,3001.026,2634.872,0.14420152097703193,0.021994638552230553,0.003931037314790943,0.017888978537071012,0.0037452506152994974,0.002688143159151169,0.003909657520017964,0.00392241056591969,0.0196295426465345,0.003720015545466789,0.005099129467064421,0.09314641025578597,0.013823150719172618,0.0045560322849772525
710.9375,3190.256,2227.179,2829.744,3072.821,2712.308,0.14420152097703193,0.021994638552230553,0.003931037314790943,0.017888978537071012,0.0037452506152994974,0.002688143159151169,0.003909657520017964,0.00392241056591969,0.0196295426465345,0.003720015545466789,0.005099129467064421,0.09314641025578597,0.013823150719172618,0.0045560322849772525
718.75,3257.436,2295.897,2900.0,3145.128,2795.385,0.14420152097703193,0.021994638552230553,0.003931037314790943,0.017888978537071012,0.0037452506152994974,0.002688143159151169,0.003909657520017964,0.00392241056591969,0.0196295426465345,0.003720015545466789,0.005099129467064421,0.09314641025578597,0.013823150719172618,0.0045560322849772525
726.5625,3328.205,2380.0,2961.538,3210.256,2867.692,0.14420152097703193,0.021994638552230553,0.003931037314790943,0.017888978537071012,0.0037452506152994974,0.002688143159151169,0.003909657520017964,0.00392241056591969,0.0196295426465345,0.003720015545466789,0.005099129467064421,0.09314641025578597,0.013823150719172618,0.0045560322849772525
734.375,3386.667,2453.333,3016.41,3268.205,2926.154,0.14420152097703193,0.021994638552230553,0.003931037314790943,0.017888978537071012,0.0037452506152994974,0.002688143159151169,0.003909657520017964,0.00392241056591969,0.0196295426465345,0.003720015545466789,0.005099129467064421,0.09314641025578597,0.013823150719172618,0.0045560322849772525
742.1875,3436.923,2511.282,3072.821,3321.026,2985.128,0.14420152097703193,0.021994638552230553,0.003931037314790943,0.017888978537071012,0.0037452506152994974,0.002688143159151169,0.003909657520017964,0.00392241056591969,0.0196295426465345,0.003720015545466789,0.005099129467064421,0.09314641025578597,0.013823150719172618,0.0045560322849772525
750.0,3495.897,2580.513,3132.308,3377.436,3045.641,0.14420152097703193,0.021994638552230553,0.003931037314790943,0.017888978537071012,0.0037452506152994974,0.002688143159151169,0.003909657520017964,0.00392241056591969,0.0196295426465345,0.003720015545466789,0.005099129467064421,0.09314641025578597,0.013823150719172618,0.0045560322849772525
757.8125,3562.564,2666.667,3201.026,3442.564,3108.718,0.14420152097703193,0.021994638552230553,0.003931037314790943,0.017888978537071012,0.0037452506152994974,0.002688143159151169,0.003909657520017964,0.00392241056591969,0.0196295426465345,0.003720015545466789,0.005099129467064421,0.09314641025578597,0.013823150719172618,0.0045560322849772525
765.625,3635.385,2740.0,3277.436,3506.154,3182.051,0.14420152097703193,0.021994638552230553,0.003931037314790943,0.017888978537071012,0.0037452506152994974,0.002688143159151169,0.003909657520017964,0.00392241056591969,0.0196295426465345,0.003720015545466789,0.005099129467064421,0.09314641025578597,0.013823150719172618,0.0045560322849772525
773.4375,3711.795,2790.769,3346.667,3569.744,3256.923,0.14420152097703193,0.021994638552230553,0.003931037314790943,0.017888978537071012,0.0037452506152994974,0.002688143159151169,0.003909657520017964,0.00392241056591969,0.0196295426465345,0.003720015545466789,0.005099129467064421,0.09314641025578597,0.013823150719172618,0.0045560322849772525
781.25,3769.744,2849.231,3402.564,3637.949,3325.641,0.14420152097703193,0.021994638552230553,0.003931037314790943,0.017888978537071012,0.0037452506152994974,0.002688143159151169,0.003909657520017964,0.00392241056591969,0.0196295426465345,0.003720015545466789,0.005099129467064421,0.09314641025578597,0.013823150719172618,0.0045560322849772525
789.0625,3815.385,2925.641,3458.462,3690.256,3390.256,0.14420152097703193,0.021994638552230553,0.003931037314790943,0.017888978537071012,0.0037452506152994974,0.002688143159151169,0.003909657520017964,0.00392241056591969,0.0196295426465345,0.003720015545466789,0.005099129467064421,0.09314641025578597,0.013823150719172618,0.0045560322849772525
796.875,3880.0,2977.436,3520.0,3736.41,3440.513,0.14420152097703193,0.021994638552230553,0.003931037314790943,0.017888978537071012,0.0037452506152994974,0.002688143159151169,0.003909657520017964,0.00392241056591969,0.0196295426465345,0.003720015545466789,0.005099129467064421,0.09314641025578597,0.013823150719172618,0.0045560322849772525
804.6875,3943.077,3014.872,3562.051,3801.026,3494.872,0.14420152097703193,0.021994638552230553,0.003931037314790943,0.017888978537071012,0.0037452506152994974,0.002688143159151169,0.003909657520017964,0.00392241056591969,0.0196295426465345,0.003720015545466789,0.005099129467064421,0.09314641025578597,0.013823150719172618,0.0045560322849772525
812.5,3979.487,3083.077,3596.923,3853.846,3563.59,0.14420152097703193,0.021994638552230553,0.003931037314790943,0.017888978537071012,0.0037452506152994974,0.002688143159151169,0.003909657520017964,0.00392241056591969,0.0196295426465345,0.003720015545466789,0.005099129467064421,0.09314641025578597,0.013823150719172618,0.0045560322849772525
820.3125,4016.41,3152.308,3660.0,3881.538,3611.282,0.14420152097703193,0.021994638552230553,0.003931037314790943,0.017888978537071012,0.0037452506152994974,0.002688143159151169,0.003909657520017964,0.00392241056591969,0.0196295426465345,0.003720015545466789,0.005099129467064421,0.09314641025578597,0.013823150719172618,0.0045560322849772525
828.125,4075.897,3198.462,3737.949,3924.615,3643.077,0.14420152097703193,0.021994638552230553,0.003931037314790943,0.017888978537071012,0.0037452506152994974,0.002688143159151169,0.003909657520017964,0.00392241056591969,0.0196295426465345,0.003720015545466789,0.005099129467064421,0.09314641025578597,0.013823150719172618,0.0045560322849772525
835.9375,4133.333,3263.077,3792.821,3982.051,3700.513,0.14420152097703193,0.021994638552230553,0.003931037314790943,0.017888978537071012,0.0037452506152994974,0.002688143159151169,0.003909657520017964,0.00392241056591969,0.0196295426465345,0.003720015545466789,0.005099129467064421,0.09314641025578597,0.013823150719172618,0.0045560322849772525
843.75,4183.077,3356.41,3825.641,4045.128,3780.0,0.14420152097703193,0.021994638552230553,0.003931037314790943,0.017888978537071012,0.0037452506152994974,0.002688143159151169,0.003909657520017964,0.00392241056591969,0.0196295426465345,0.003720015545466789,0.005099129467064421,0.09314641025578597,0.013823150719172618,0.0045560322849772525
851.5625,4247.179,3429.744,3873.333,4120.513,3846.667,0.14420152097703193,0.021994638552230553,0.003931037314790943,0.017888978537071012,0.0037452506152994974,0.002688143159151169,0.003909657520017964,0.00392241056591969,0.0196295426465345,0.003720015545466789,0.005099129467064421,0.09314641025578597,0.013823150719172618,0.0045560322849772525
859.375,4317.949,3469.231,3935.385,4183.59,3898.462,0.14420152097703193,0.021994638552230553,0.003931037314790943,0.017888978537071012,0.0037452506152994974,0.002688143159151169,0.003909657520017964,0.00392241056591969,0.0196295426465345,0.003720015545466789,0.005099129467064421,0.09314641025578597,0.013823150719172618,0.0045560322849772525
867.1875,4366.154,3513.333,3987.179,4225.128,3946.667,0.14420152097703193,0.021994638552230553,0.003931037314790943,0.017888978537071012,0.0037452506152994974,0.002688143159151169,0.003909657520017964,0.00392241056591969,0.0196295426465345,0.003720015545466789,0.005099129467064421,0.09314641025578597,0.013823150719172618,0.0045560322849772525
875.0,4395.897,3577.436,4024.615,4269.744,3993.846,0.14420152097703193,0.021994638552230553,0.003931037314790943,0.017888978537071012,0.0037452506152994974,0.002688143159151169,0.003909657520017964,0.00392241056591969,0.0196295426465345,0.003720015545466789,0.005099129467064421,0.09314641025578597,0.013823150719172618,0.0045560322849772525
882.8125,4432.821,3632.308,4066.667,4309.744,4033.846,0.14420152097703193,0.021994638552230553,0.003931037314790943,0.017888978537071012,0.0037452506152994974,0.002688143159151169,0.003909657520017964,0.00392241056591969,0.0196295426465345,0.003720015545466789,0.005099129467064421,0.09314641025578597,0.013823150719172618,0.0045560322849772525
890.625,4487.179,3669.231,4123.077,4345.128,4072.308,0.14420152097703193,0.021994638552230553,0.003931037314790943,0.017888978537071012,0.0037452506152994974,0.002688143159151169,0.003909657520017964,0.00392241056591969,0.0196295426465345,0.003720015545466789,0.005099129467064421,0.09314641025578597,0.013823150719172618,0.0045560322849772525
898.4375,4545.128,3716.41,4178.974,4395.897,4125.641,0.14420152097703193,0.021994638552230553,0.003931037314790943,0.017888978537071012,0.0037452506152994974,0.002688143159151169,0.003909657520017964,0.00392241056591969,0.0196295426465345,0.003720015545466789,0.005099129467064421,0.09314641025578597,0.013823150719172618,0.0045560322849772525
906.25,4589.231,3771.795,4220.0,4440.513,4183.59,0.14420152097703193,0.021994638552230553,0.003931037314790943,0.017888978537071012,0.0037452506152994974,0.002688143159151169,0.003909657520017964,0.00392241056591969,0.0196295426465345,0.003720015545466789,0.005099129467064421,0.09314641025578597,0.013823150719172618,0.0045560322849772525
914.0625,4631.282,3819.487,4253.846,4475.385,4232.821,0.14420152097703193,0.021994638552230553,0.003931037314790943,0.017888978537071012,0.0037452506152994974,0.002688143159151169,0.003909657520017964,0.00392241056591969,0.0196295426465345,0.003720015545466789,0.005099129467064421,0.09314641025578597,0.013823150719172618,0.0045560322849772525
921.875,4683.59,3864.103,4298.462,4522.564,4271.795,0.14420152097703193,0.021994638552230553,0.003931037314790943,0.017888978537071012,0.0037452506152994974,0.002688143159151169,0.003909657520017964,0.00392241056591969,0.0196295426465345,0.003720015545466789,0.005099129467064421,0.09314641025578597,0.013823150719172618,0.0045560322849772525
929.6875,4720.513,3907.692,4342.051,4563.077,4303.077,0.14420152097703193,0.021994638552230553,0.003931037314790943,0.017888978537071012,0.0037452506152994974,0.002688143159151169,0.003909657520017964,0.00392241056591969,0.0196295426465345,0.003720015545466789,0.005099129467064421,0.09314641025578597,0.013823150719172618,0.0045560322849772525
937.5,4746.154,3957.949,4375.897,4594.359,4336.923,0.14420152097703193,0.021994638552230553,0.003931037314790943,0.017888978537071012,0.0037452506152994974,0.002688143159151169,0.003909657520017964,0.00392241056591969,0.0196295426465345,0.003720015545466789,0.005099129467064421,0.09314641025578597,0.013823150719172618,0.0045560322849772525
945.3125,4791.282,4017.949,4416.923,4634.359,4380.513,0.14420152097703193,0.021994638552230553,0.003931037314790943,0.017888978537071012,0.0037452506152994974,0.002688143159151169,0.003909657520017964,0.00392241056591969,0.0196295426465345,0.003720015545466789,0.005099129467064421,0.09314641025578597,0.013823150719172618,0.0045560322849772525
953.125,4839.487,4069.744,4458.974,4674.872,4425.128,0.14420152097703193,0.021994638552230553,0.003931037314790943,0.017888978537071012,0.0037452506152994974,0.002688143159151169,0.003909657520017964,0.00392241056591969,0.0196295426465345,0.003720015545466789,0.005099129467064421,0.09314641025578597,0.013823150719172618,0.0045560322849772525
960.9375,4876.41,4112.308,4499.487,4713.333,4465.641,0.14420152097703193,0.021994638552230553,0.003931037314790943,0.017888978537071012,0.0037452506152994974,0.002688143159151169,0.003909657520017964,0.00392241056591969,0.0196295426465345,0.003720015545466789,0.005099129467064421,0.09314641025578597,0.013823150719172618,0.0045560322849772525
968.75,4922.051,4161.538,4549.744,4761.026,4513.333,0.14420152097703193,0.021994638552230553,0.003931037314790943,0.017888978537071012,0.0037452506152994974,0.002688143159151169,0.003909657520017964,0.00392241056591969,0.0196295426465345,0.003720015545466789,0.005099129467064421,0.09314641025578597,0.013823150719172618,0.0045560322849772525
976.5625,4971.795,4217.436,4604.615,4811.282,4564.103,0.14420152097703193,0.021994638552230553,0.003931037314790943,0.017888978537071012,0.0037452506152994974,0.002688143159151169,0.003909657520017964,0.00392241056591969,0.0196295426465345,0.003720015545466789,0.005099129467064421,0.09314641025578597,0.013823150719172618,0.0045560322849772525
984.375,5008.205,4263.59,4651.282,4852.308,4604.103,0.14420152097703193,0.021994638552230553,0.003931037314790943,0.017888978537071012,0.0037452506152994974,0.002688143159151169,0.003909657520017964,0.00392241056591969,0.0196295426465345,0.003720015545466789,0.005099129467064421,0.09314641025578597,0.013823150719172618,0.0045560322849772525
992.1875,5048.718,4298.462,4692.821,4882.051,4641.538,0.14420152097703193,0.021994638552230553,0.003931037314790943,0.017888978537071012,0.0037452506152994974,0.002688143159151169,0.003909657520017964,0.00392241056591969,0.0196295426465345,0.003720015545466789,0.005099129467064421,0.09314641025578597,0.013823150719172618,0.0045560322849772525
1000.0,5098.974,4340.513,4734.359,4915.385,4689.231,0.14420152097703193,0.021994638552230553,0.003931037314790943,0.017888978537071012,0.0037452506152994974,0.002688143159151169,0.003909657520017964,0.00392241056591969,0.0196295426465345,0.003720015545466789,0.005099129467064421,0.09314641025578597,0.013823150719172618,0.0045560322849772525
1007.8125,5143.077,4390.256,4777.949,4963.077,4735.385,0.14420152097703193,0.021994638552230553,0.003931037314790943,0.017888978537071012,0.0037452506152994974,0.002688143159151169,0.003909657520017964,0.00392241056591969,0.0196295426465345,0.003720015545466789,0.005099129467064421,0.09314641025578597,0.013823150719172618,0.0045560322849772525
1015.625,5178.462,4429.231,4823.077,5004.103,4770.256,0.14420152097703193,0.021994638552230553,0.003931037314790943,0.017888978537071012,0.0037452506152994974,0.002688143159151169,0.003909657520017964,0.00392241056591969,0.0196295426465345,0.003720015545466789,0.005099129467064421,0.09314641025578597,0.013823150719172618,0.0045560322849772525
1023.4375,5210.769,4460.513,4857.436,5033.333,4809.744,0.14420152097703193,0.021994638552230553,0.003931037314790943,0.017888978537071012,0.0037452506152994974,0.002688143159151169,0.003909657520017964,0.00392241056591969,0.0196295426465345,0.003720015545466789,0.005099129467064421,0.09314641025578597,0.013823150719172618,0.0045560322849772525
1031.25,5247.179,4497.436,4882.564,5071.282,4856.41,0.14420152097703193,0.021994638552230553,0.003931037314790943,0.017888978537071012,0.0037452506152994974,0.002688143159151169,0.003909657520017964,0.00392241056591969,0.0196295426465345,0.003720015545466789,0.005099129467064421,0.09314641025578597,0.013823150719172618,0.0045560322849772525
1039.0625,5294.872,4546.154,4920.0,5116.41,4897.949,0.14420152097703193,0.021994638552230553,0.003931037314790943,0.017888978537071012,0.0037452506152994974,0.002688143159151169,0.003909657520017964,0.00392241056591969,0.0196295426465345,0.003720015545466789,0.005099129467064421,0.09314641025578597,0.013823150719172618,0.0045560322849772525
1046.875,5342.051,4600.0,4967.179,5153.333,4933.333,0.14420152097703193,0.021994638552230553,0.003931037314790943,0.017888978537071012,0.0037452506152994974,0.002688143159151169,0.003909657520017964,0.00392241056591969,0.0196295426465345,0.003720015545466789,0.005099129467064421,0.09314641025578597,0.013823150719172618,0.0045560322849772525
1054.6875,5377.949,4646.154,5003.077,5190.256,4969.231,0.14420152097703193,0.021994638552230553,0.003931037314790943,0.017888978537071012,0.0037452506152994974,0.002688143159151169,0.003909657520017964,0.00392241056591969,0.0196295426465345,0.003720015545466789,0.005099129467064421,0.09314641025578597,0.013823150719172618,0.0045560322849772525
1062.5,5415.897,4693.846,5037.436,5233.333,5010.769,0.14420152097703193,0.021994638552230553,0.003931037314790943,0.017888978537071012,0.0037452506152994974,0.002688143159151169,0.003909657520017964,0.00392241056591969,0.0196295426465345,0.003720015545466789,0.005099129467064421,0.09314641025578597,0.013823150719172618,0.0045560322849772525
1070.3125,5457.949,4743.077,5081.026,5263.59,5050.769,0.14420152097703193,0.021994638552230553,0.003931037314790943,0.017888978537071012,0.0037452506152994974,0.002688143159151169,0.003909657520017964,0.00392241056591969,0.0196295426465345,0.003720015545466789,0.005099129467064421,0.09314641025578597,0.013823150719172618,0.0045560322849772525
1078.125,5485.641,4771.795,5108.718,5281.026,5078.974,0.14420152097703193,0.021994638552230553,0.003931037314790943,0.017888978537071012,0.0037452506152994974,0.002688143159151169,0.003909657520017964,0.00392241056591969,0.0196295426465345,0.003720015545466789,0.005099129467064421,0.09314641025578597,0.013823150719172618,0.0045560322849772525
1085.9375,5507.179,4802.051,5129.744,5307.692,5098.974,0.14420152097703193,0.021994638552230553,0.003931037314790943,0.017888978537071012,0.0037452506152994974,0.002688143159151169,0.003909657520017964,0.00392241056591969,0.0196295426465345,0.003720015545466789,0.005099129467064421,0.09314641025578597,0.013823150719172618,0.0045560322849772525
1093.75,5544.615,4854.359,5171.282,5347.692,5133.333,0.14420152097703193,0.021994638552230553,0.003931037314790943,0.017888978537071012,0.0037452506152994974,0.002688143159151169,0.003909657520017964,0.00392241056591969,0.0196295426465345,0.003720015545466789,0.005099129467064421,0.09314641025578597,0.013823150719172618,0.0045560322849772525
1101.5625,5591.795,4892.308,5217.436,5387.692,5181.026,0.14420152097703193,0.021994638552230553,0.003931037314790943,0.017888978537071012,0.0037452506152994974,0.002688143159151169,0.003909657520017964,0.00392241056591969,0.0196295426465345,0.003720015545466789,0.005099129467064421,0.09314641025578597,0.013823150719172618,0.0045560322849772525
1109.375,5627.692,4916.923,5252.821,5422.564,5224.103,0.14420152097703193,0.021994638552230553,0.003931037314790943,0.017888978537071012,0.0037452506152994974,0.002688143159151169,0.003909657520017964,0.00392241056591969,0.0196295426465345,0.003720015545466789,0.005099129467064421,0.09314641025578597,0.013823150719172618,0.0045560322849772525
1117.1875,5653.333,4957.949,5286.667,5453.846,5256.41,0.14420152097703193,0.021994638552230553,0.003931037314790943,0.017888978537071012,0.0037452506152994974,0.002688143159151169,0.003909657520017964,0.00392241056591969,0.0196295426465345,0.003720015545466789,0.005099129467064421,0.09314641025578597,0.013823150719172618,0.0045560322849772525
1125.0,5683.59,4999.487,5318.974,5480.513,5284.103,0.14420152097703193,0.021994638552230553,0.003931037314790943,0.017888978537071012,0.0037452506152994974,0.002688143159151169,0.003909657520017964,0.00392241056591969,0.0196295426465345,0.003720015545466789,0.005099129467064421,0.09314641025578597,0.013823150719172618,0.0045560322849772525
1132.8125,5726.667,5039.487,5353.846,5511.795,5326.154,0.14420152097703193,0.021994638552230553,0.003931037314790943,0.017888978537071012,0.0037452506152994974,0.002688143159151169,0.003909657520017964,0.00392241056591969,0.0196295426465345,0.003720015545466789,0.005099129467064421,0.09314641025578597,0.013823150719172618,0.0045560322849772525
1140.625,5768.205,5085.128,5389.231,5546.154,5371.795,0.14420152097703193,0.021994638552230553,0.003931037314790943,0.017888978537071012,0.0037452506152994974,0.002688143159151169,0.003909657520017964,0.00392241056591969,0.0196295426465345,0.003720015545466789,0.005099129467064421,0.09314641025578597,0.013823150719172618,0.0045560322849772525
1148.4375,5794.872,5119.487,5415.385,5582.564,5400.0,0.14420152097703193,0.021994638552230553,0.003931037314790943,0.017888978537071012,0.0037452506152994974,0.002688143159151169,0.003909657520017964,0.00392241056591969,0.0196295426465345,0.003720015545466789,0.005099129467064421,0.09314641025578597,0.013823150719172618,0.0045560322849772525
1156.25,5817.949,5146.154,5437.436,5612.308,5413.846,0.14420152097703193,0.021994638552230553,0.003931037314790943,0.017888978537071012,0.0037452506152994974,0.002688143159151169,0.003909657520017964,0.00392241056591969,0.0196295426465345,0.003720015545466789,0.005099129467064421,0.09314641025578597,0.013823150719172618,0.0045560322849772525
1164.0625,5852.821,5181.538,5465.641,5631.795,5438.462,0.14420152097703193,0.021994638552230553,0.003931037314790943,0.017888978537071012,0.0037452506152994974,0.002688143159151169,0.003909657520017964,0.00392241056591969,0.0196295426465345,0.003720015545466789,0.005099129467064421,0.09314641025578597,0.013823150719172618,0.0045560322849772525
1171.875,5876.923,5211.795,5490.256,5650.769,5473.846,0.14420152097703193,0.021994638552230553,0.003931037314790943,0.017888978537071012,0.0037452506152994974,0.002688143159151169,0.003909657520017964,0.00392241056591969,0.0196295426465345,0.003720015545466789,0.005099129467064421,0.09314641025578597,0.013823150719172618,0.0045560322849772525
1179.6875,5887.692,5235.385,5510.256,5677.436,5500.0,0.14420152097703193,0.021994638552230553,0.003931037314790943,0.017888978537071012,0.0037452506152994974,0.002688143159151169,0.003909657520017964,0.00392241056591969,0.0196295426465345,0.003720015545466789,0.005099129467064421,0.09314641025578597,0.013823150719172618,0.0045560322849772525
1187.5,5915.897,5271.795,5541.026,5711.282,5526.667,0.14420152097703193,0.021994638552230553,0.003931037314790943,0.017888978537071012,0.0037452506152994974,0.002688143159151169,0.003909657520017964,0.00392241056591969,0.0196295426465345,0.003720015545466789,0.005099129467064421,0.09314641025578597,0.013823150719172618,0.0045560322849772525
1195.3125,5957.949,5314.872,5573.846,5739.487,5566.667,0.14420152097703193,0.021994638552230553,0.003931037314790943,0.017888978537071012,0.0037452506152994974,0.002688143159151169,0.003909657520017964,0.00392241056591969,0.0196295426465345,0.003720015545466789,0.005099129467064421,0.09314641025578597,0.013823150719172618,0.0045560322849772525
1203.125,5988.205,5340.513,5593.846,5756.923,5605.641,0.14420152097703193,0.021994638552230553,0.003931037314790943,0.017888978537071012,0.0037452506152994974,0.002688143159151169,0.003909657520017964,0.00392241056591969,0.0196295426465345,0.003720015545466789,0.005099129467064421,0.09314641025578597,0.013823150719172618,0.0045560322849772525
1210.9375,6013.333,5361.538,5621.538,5784.615,5633.333,0.14420152097703193,0.021994638552230553,0.003931037314790943,0.017888978537071012,0.0037452506152994974,0.002688143159151169,0.003909657520017964,0.00392241056591969,0.0196295426465345,0.003720015545466789,0.005099129467064421,0.09314641025578597,0.013823150719172618,0.0045560322849772525
1218.75,6036.41,5396.41,5666.154,5827.179,5664.615,0.14420152097703193,0.021994638552230553,0.003931037314790943,0.017888978537071012,0.0037452506152994974,0.002688143159151169,0.003909657520017964,0.00392241056591969,0.0196295426465345,0.003720015545466789,0.005099129467064421,0.09314641025578597,0.013823150719172618,0.0045560322849772525
1226.5625,6065.641,5433.846,5702.051,5854.359,5696.41,0.14420152097703193,0.021994638552230553,0.003931037314790943,0.017888978537071012,0.0037452506152994974,0.002688143159151169,0.003909657520017964,0.00392241056591969,0.0196295426465345,0.003720015545466789,0.005099129467064421,0.09314641025578597,0.013823150719172618,0.0045560322849772525
1234.375,6106.667,5459.487,5721.026,5868.718,5721.538,0.14420152097703193,0.021994638552230553,0.003931037314790943,0.017888978537071012,0.0037452506152994974,0.002688143159151169,0.003909657520017964,0.00392241056591969,0.0196295426465345,0.003720015545466789,0.005099129467064421,0.09314641025578597,0.013823150719172618,0.0045560322849772525
1242.1875,6143.077,5482.564,5739.487,5891.282,5755.385,0.14420152097703193,0.021994638552230553,0.003931037314790943,0.017888978537071012,0.0037452506152994974,0.002688143159151169,0.003909657520017964,0.00392241056591969,0.0196295426465345,0.003720015545466789,0.005099129467064421,0.09314641025578597,0.013823150719172618,0.0045560322849772525
1250.0,6165.641,5515.897,5766.667,5919.487,5794.872,0.14420152097703193,0.021994638552230553,0.003931037314790943,0.017888978537071012,0.0037452506152994974,0.002688143159151169,0.003909657520017964,0.00392241056591969,0.0196295426465345,0.003720015545466789,0.005099129467064421,0.09314641025578597,0.013823150719172618,0.0045560322849772525
1257.8125,6186.154,5551.795,5793.846,5943.59,5821.026,0.14420152097703193,0.021994638552230553,0.003931037314790943,0.017888978537071012,0.0037452506152994974,0.002688143159151169,0.003909657520017964,0.00392241056591969,0.0196295426465345,0.003720015545466789,0.005099129467064421,0.09314641025578597,0.013823150719172618,0.0045560322849772525
1265.625,6210.256,5577.436,5810.256,5959.487,5838.462,0.14420152097703193,0.021994638552230553,0.003931037314790943,0.017888978537071012,0.0037452506152994974,0.002688143159151169,0.003909657520017964,0.00392241056591969,0.0196295426465345,0.003720015545466789,0.005099129467064421,0.09314641025578597,0.013823150719172618,0.0045560322849772525
1273.4375,6238.974,5599.487,5826.667,5977.949,5866.667,0.14420152097703193,0.021994638552230553,0.003931037314790943,0.017888978537071012,0.0037452506152994974,0.002688143159151169,0.003909657520017964,0.00392241056591969,0.0196295426465345,0.003720015545466789,0.005099129467064421,0.09314641025578597,0.013823150719172618,0.0045560322849772525
1281.25,6268.718,5632.308,5855.897,6007.179,5899.487,0.14420152097703193,0.021994638552230553,0.003931037314790943,0.017888978537071012,0.0037452506152994974,0.002688143159151169,0.003909657520017964,0.00392241056591969,0.0196295426465345,0.003720015545466789,0.005099129467064421,0.09314641025578597,0.013823150719172618,0.0045560322849772525
1289.0625,6294.359,5667.692,5889.231,6040.0,5921.026,0.14420152097703193,0.021994638552230553,0.003931037314790943,0.017888978537071012,0.0037452506152994974,0.002688143159151169,0.003909657520017964,0.00392241056591969,0.0196295426465345,0.003720015545466789,0.005099129467064421,0.09314641025578597,0.013823150719172618,0.0045560322849772525
1296.875,6315.897,5697.436,5911.795,6059.487,5937.436,0.14420152097703193,0.021994638552230553,0.003931037314790943,0.017888978537071012,0.0037452506152994974,0.002688143159151169,0.003909657520017964,0.00392241056591969,0.0196295426465345,0.003720015545466789,0.005099129467064421,0.09314641025578597,0.013823150719172618,0.0045560322849772525
1304.6875,6328.205,5722.564,5926.667,6071.795,5957.436,0.14420152097703193,0.021994638552230553,0.003931037314790943,0.017888978537071012,0.0037452506152994974,0.002688143159151169,0.003909657520017964,0.00392241056591969,0.0196295426465345,0.003720015545466789,0.005099129467064421,0.09314641025578597,0.013823150719172618,0.0045560322849772525
1312.5,6338.974,5736.923,5944.615,6081.538,5979.487,0.14420152097703193,0.021994638552230553,0.003931037314790943,0.017888978537071012,0.0037452506152994974,0.002688143159151169,0.003909657520017964,0.00392241056591969,0.0196295426465345,0.003720015545466789,0.005099129467064421,0.09314641025578597,0.013823150719172618,0.0045560322849772525
1320.3125,6362.564,5748.718,5965.128,6092.308,5994.872,0.14420152097703193,0.021994638552230553,0.003931037314790943,0.017888978537071012,0.0037452506152994974,0.002688143159151169,0.003909657520017964,0.00392241056591969,0.0196295426465345,0.003720015545466789,0.005099129467064421,0.09314641025578597,0.013823150719172618,0.0045560322849772525
1328.125,6389.744,5772.821,5992.821,6120.0,6015.385,0.14420152097703193,0.021994638552230553,0.003931037314790943,0.017888978537071012,0.0037452506152994974,0.002688143159151169,0.003909657520017964,0.00392241056591969,0.0196295426465345,0.003720015545466789,0.005099129467064421,0.09314641025578597,0.013823150719172618,0.0045560322849772525
1335.9375,6414.359,5809.231,6029.744,6156.41,6051.795,0.14420152097703193,0.021994638552230553,0.003931037314790943,0.017888978537071012,0.0037452506152994974,0.002688143159151169,0.003909657520017964,0.00392241056591969,0.0196295426465345,0.003720015545466789,0.005099129467064421,0.09314641025578597,0.013823150719172618,0.0045560322849772525
1343.75,6441.026,5838.462,6061.538,6182.564,6083.59,0.14420152097703193,0.021994638552230553,0.003931037314790943,0.017888978537071012,0.0037452506152994974,0.002688143159151169,0.003909657520017964,0.00392241056591969,0.0196295426465345,0.003720015545466789,0.005099129467064421,0.09314641025578597,0.013823150719172618,0.0045560322849772525
1351.5625,6463.077,5864.615,6081.026,6198.462,6101.538,0.14420152097703193,0.021994638552230553,0.003931037314790943,0.017888978537071012,0.0037452506152994974,0.002688143159151169,0.003909657520017964,0.00392241056591969,0.0196295426465345,0.003720015545466789,0.005099129467064421,0.09314641025578597,0.013823150719172618,0.0045560322849772525
1359.375,6471.795,5897.949,6096.41,6213.846,6114.359,0.14420152097703193,0.021994638552230553,0.003931037314790943,0.017888978537071012,0.0037452506152994974,0.002688143159151169,0.003909657520017964,0.00392241056591969,0.0196295426465345,0.003720015545466789,0.005099129467064421,0.09314641025578597,0.013823150719172618,0.0045560322849772525
1367.1875,6482.564,5920.0,6111.282,6227.179,6132.821,0.14420152097703193,0.021994638552230553,0.003931037314790943,0.017888978537071012,0.0037452506152994974,0.002688143159151169,0.003909657520017964,0.00392241056591969,0.0196295426465345,0.003720015545466789,0.005099129467064421,0.09314641025578597,0.013823150719172618,0.0045560322849772525
1375.0,6500.513,5932.308,6127.692,6245.641,6148.718,0.14420152097703193,0.021994638552230553,0.003931037314790943,0.017888978537071012,0.0037452506152994974,0.002688143159151169,0.003909657520017964,0.00392241056591969,0.0196295426465345,0.003720015545466789,0.005099129467064421,0.09314641025578597,0.013823150719172618,0.0045560322849772525
1382.8125,6512.308,5948.718,6138.974,6265.128,6153.333,0.14420152097703193,0.021994638552230553,0.003931037314790943,0.017888978537071012,0.0037452506152994974,0.002688143159151169,0.003909657520017964,0.00392241056591969,0.0196295426465345,0.003720015545466789,0.005099129467064421,0.09314641025578597,0.013823150719172618,0.0045560322849772525
1390.625,6522.564,5971.795,6144.103,6271.282,6158.974,0.14420152097703193,0.021994638552230553,0.003931037314790943,0.017888978537071012,0.0037452506152994974,0.002688143159151169,0.003909657520017964,0.00392241056591969,0.0196295426465345,0.003720015545466789,0.005099129467064421,0.09314641025578597,0.013823150719172618,0.0045560322849772525
1398.4375,6544.103,5998.462,6161.026,6288.205,6188.205,0.14420152097703193,0.021994638552230553,0.003931037314790943,0.017888978537071012,0.0037452506152994974,0.002688143159151169,0.003909657520017964,0.00392241056591969,0.0196295426465345,0.003720015545466789,0.005099129467064421,0.09314641025578597,0.013823150719172618,0.0045560322849772525
1406.25,6574.359,6024.615,6190.769,6323.077,6228.718,0.14420152097703193,0.021994638552230553,0.003931037314790943,0.017888978537071012,0.0037452506152994974,0.002688143159151169,0.003909657520017964,0.00392241056591969,0.0196295426465345,0.003720015545466789,0.005099129467064421,0.09314641025578597,0.013823150719172618,0.0045560322849772525
1414.0625,6597.949,6045.641,6212.308,6338.462,6252.308,0.14420152097703193,0.021994638552230553,0.003931037314790943,0.017888978537071012,0.0037452506152994974,0.002688143159151169,0.003909657520017964,0.00392241056591969,0.0196295426465345,0.003720015545466789,0.005099129467064421,0.09314641025578597,0.013823150719172618,0.0045560322849772525
1421.875,6620.0,6072.308,6232.821,6343.077,6274.359,0.14420152097703193,0.021994638552230553,0.003931037314790943,0.017888978537071012,0.0037452506152994974,0.002688143159151169,0.003909657520017964,0.00392241056591969,0.0196295426465345,0.003720015545466789,0.005099129467064421,0.09314641025578597,0.013823150719172618,0.0045560322849772525
1429.6875,6644.103,6103.077,6257.436,6363.077,6302.564,0.14420152097703193,0.021994638552230553,0.003931037314790943,0.017888978537071012,0.0037452506152994974,0.002688143159151169,0.003909657520017964,0.00392241056591969,0.0196295426465345,0.003720015545466789,0.005099129467064421,0.09314641025578597,0.013823150719172618,0.0045560322849772525
1437.5,6660.0,6120.513,6272.308,6382.564,6321.026,0.14420152097703193,0.021994638552230553,0.003931037314790943,0.017888978537071012,0.0037452506152994974,0.002688143159151169,0.003909657520017964,0.00392241056591969,0.0196295426465345,0.003720015545466789,0.005099129467064421,0.09314641025578597,0.013823150719172618,0.0045560322849772525
1445.3125,6669.231,6133.846,6282.051,6391.282,6329.744,0.14420152097703193,0.021994638552230553,0.003931037314790943,0.017888978537071012,0.0037452506152994974,0.002688143159151169,0.003909657520017964,0.00392241056591969,0.0196295426465345,0.003720015545466789,0.005099129467064421,0.09314641025578597,0.013823150719172618,0.0045560322849772525
1453.125,6670.769,6140.513,6285.641,6394.872,6328.718,0.14420152097703193,0.021994638552230553,0.003931037314790943,0.017888978537071012,0.0037452506152994974,0.002688143159151169,0.003909657520017964,0.00392241056591969,0.0196295426465345,0.003720015545466789,0.005099129467064421,0.09314641025578597,0.013823150719172618,0.0045560322849772525
1460.9375,6667.179,6144.615,6283.077,6395.385,6327.179,0.14420152097703193,0.021994638552230553,0.003931037314790943,0.017888978537071012,0.0037452506152994974,0.002688143159151169,0.003909657520017964,0.00392241056591969,0.0196295426465345,0.003720015545466789,0.005099129467064421,0.09314641025578597,0.013823150719172618,0.0045560322849772525
1468.75,6677.949,6163.077,6292.821,6403.59,6343.59,0.14420152097703193,0.021994638552230553,0.003931037314790943,0.017888978537071012,0.0037452506152994974,0.002688143159151169,0.003909657520017964,0.00392241056591969,0.0196295426465345,0.003720015545466789,0.005099129467064421,0.09314641025578597,0.013823150719172618,0.0045560322849772525
1476.5625,6702.051,6178.462,6310.256,6420.0,6364.103,0.14420152097703193,0.021994638552230553,0.003931037314790943,0.017888978537071012,0.0037452506152994974,0.002688143159151169,0.003909657520017964,0.00392241056591969,0.0196295426465345,0.003720015545466789,0.005099129467064421,0.09314641025578597,0.013823150719172618,0.0045560322849772525
1484.375,6721.026,6188.718,6324.615,6438.974,6378.974,0.14420152097703193,0.021994638552230553,0.003931037314790943,0.017888978537071012,0.0037452506152994974,0.002688143159151169,0.003909657520017964,0.00392241056591969,0.0196295426465345,0.003720015545466789,0.005099129467064421,0.09314641025578597,0.013823150719172618,0.0045560322849772525
1492.1875,6736.41,6216.923,6345.641,6465.128,6402.051,0.14420152097703193,0.021994638552230553,0.003931037314790943,0.017888978537071012,0.0037452506152994974,0.002688143159151169,0.003909657520017964,0.00392241056591969,0.0196295426465345,0.003720015545466789,0.005099129467064421,0.09314641025578597,0.013823150719172618,0.0045560322849772525
1500.0,6753.846,6250.256,6371.795,6478.974,6423.59,0.14420152097703193,0.021994638552230553,0.003931037314790943,0.017888978537071012,0.0037452506152994974,0.002688143159151169,0.003909657520017964,0.00392241056591969,0.0196295426465345,0.003720015545466789,0.005099129467064421,0.09314641025578597,0.013823150719172618,0.0045560322849772525
1507.8125,6772.821,6270.769,6395.385,6481.538,6427.692,0.14420152097703193,0.021994638552230553,0.003931037314790943,0.017888978537071012,0.0037452506152994974,0.002688143159151169,0.003909657520017964,0.00392241056591969,0.0196295426465345,0.003720015545466789,0.005099129467064421,0.09314641025578597,0.013823150719172618,0.0045560322849772525
1515.625,6797.436,6287.692,6420.0,6503.077,6444.615,0.14420152097703193,0.021994638552230553,0.003931037314790943,0.017888978537071012,0.0037452506152994974,0.002688143159151169,0.003909657520017964,0.00392241056591969,0.0196295426465345,0.003720015545466789,0.005099129467064421,0.09314641025578597,0.013823150719172618,0.0045560322849772525
1523.4375,6838.462,6296.923,6438.974,6527.179,6488.718,0.14420152097703193,0.021994638552230553,0.003931037314790943,0.017888978537071012,0.0037452506152994974,0.002688143159151169,0.003909657520017964,0.00392241056591969,0.0196295426465345,0.003720015545466789,0.005099129467064421,0.09314641025578597,0.013823150719172618,0.0045560322849772525
1531.25,6898.974,6309.744,6456.41,6532.821,6540.0,0.14420152097703193,0.021994638552230553,0.003931037314790943,0.017888978537071012,0.0037452506152994974,0.002688143159151169,0.003909657520017964,0.00392241056591969,0.0196295426465345,0.003720015545466789,0.005099129467064421,0.09314641025578597,0.013823150719172618,0.0045560322849772525
1539.0625,6958.974,6333.333,6474.872,6548.205,6588.205,0.14420152097703193,0.021994638552230553,0.003931037314790943,0.017888978537071012,0.0037452506152994974,0.002688143159151169,0.003909657520017964,0.00392241056591969,0.0196295426465345,0.003720015545466789,0.005099129467064421,0.09314641025578597,0.013823150719172618,0.0045560322849772525
1546.875,7009.744,6348.205,6481.538,6574.359,6633.846,0.14420152097703193,0.021994638552230553,0.003931037314790943,0.017888978537071012,0.0037452506152994974,0.002688143159151169,0.003909657520017964,0.00392241056591969,0.0196295426465345,0.003720015545466789,0.005099129467064421,0.09314641025578597,0.013823150719172618,0.0045560322849772525
1554.6875,7061.538,6361.026,6485.641,6592.308,6675.897,0.14420152097703193,0.021994638552230553,0.003931037314790943,0.017888978537071012,0.0037452506152994974,0.002688143159151169,0.003909657520017964,0.00392241056591969,0.0196295426465345,0.003720015545466789,0.005099129467064421,0.09314641025578597,0.013823150719172618,0.0045560322849772525
1562.5,7095.385,6378.462,6498.462,6607.692,6705.641,0.14420152097703193,0.021994638552230553,0.003931037314790943,0.017888978537071012,0.0037452506152994974,0.002688143159151169,0.003909657520017964,0.00392241056591969,0.0196295426465345,0.003720015545466789,0.005099129467064421,0.09314641025578597,0.013823150719172618,0.0045560322849772525
1570.3125,7103.077,6390.769,6514.872,6629.744,6727.692,0.14420152097703193,0.021994638552230553,0.003931037314790943,0.017888978537071012,0.0037452506152994974,0.002688143159151169,0.003909657520017964,0.00392241056591969,0.0196295426465345,0.003720015545466789,0.005099129467064421,0.09314641025578597,0.013823150719172618,0.0045560322849772525
1578.125,7111.282,6405.641,6534.359,6648.718,6741.026,0.14420152097703193,0.021994638552230553,0.003931037314790943,0.017888978537071012,0.0037452506152994974,0.002688143159151169,0.003909657520017964,0.00392241056591969,0.0196295426465345,0.003720015545466789,0.005099129467064421,0.09314641025578597,0.013823150719172618,0.0045560322849772525
1585.9375,7107.692,6425.641,6549.744,6653.333,6739.487,0.14420152097703193,0.021994638552230553,0.003931037314790943,0.017888978537071012,0.0037452506152994974,0.002688143159151169,0.003909657520017964,0.00392241056591969,0.0196295426465345,0.003720015545466789,0.005099129467064421,0.09314641025578597,0.013823150719172618,0.0045560322849772525
1593.75,7076.41,6434.872,6556.923,6658.462,6734.872,0.14420152097703193,0.021994638552230553,0.003931037314790943,0.017888978537071012,0.0037452506152994974,0.002688143159151169,0.003909657520017964,0.00392241056591969,0.0196295426465345,0.003720015545466789,0.005099129467064421,0.09314641025578597,0.013823150719172618,0.0045560322849772525
1601.5625,7042.564,6441.538,6561.026,6676.41,6732.821,0.14420152097703193,0.021994638552230553,0.003931037314790943,0.017888978537071012,0.0037452506152994974,0.002688143159151169,0.003909657520017964,0.00392241056591969,0.0196295426465345,0.003720015545466789,0.005099129467064421,0.09314641025578597,0.013823150719172618,0.0045560322849772525
1609.375,7012.308,6459.487,6567.179,6688.205,6722.564,0.14420152097703193,0.021994638552230553,0.003931037314790943,0.017888978537071012,0.0037452506152994974,0.002688143159151169,0.003909657520017964,0.00392241056591969,0.0196295426465345,0.003720015545466789,0.005099129467064421,0.09314641025578597,0.013823150719172618,0.0045560322849772525
1617.1875,6977.949,6476.41,6582.564,6691.795,6702.564,0.14420152097703193,0.021994638552230553,0.003931037314790943,0.017888978537071012,0.0037452506152994974,0.002688143159151169,0.003909657520017964,0.00392241056591969,0.0196295426465345,0.003720015545466789,0.005099129467064421,0.09314641025578597,0.013823150719172618,0.0045560322849772525
1625.0,6951.795,6480.0,6599.487,6693.846,6681.026,0.14420152097703193,0.021994638552230553,0.003931037314790943,0.017888978537071012,0.0037452506152994974,0.002688143159151169,0.003909657520017964,0.00392241056591969,0.0196295426465345,0.003720015545466789,0.005099129467064421,0.09314641025578597,0.013823150719172618,0.0045560322849772525
1632.8125,6933.846,6480.0,6600.513,6690.769,6666.154,0.14420152097703193,0.021994638552230553,0.003931037314790943,0.017888978537071012,0.0037452506152994974,0.002688143159151169,0.003909657520017964,0.00392241056591969,0.0196295426465345,0.003720015545466789,0.005099129467064421,0.09314641025578597,0.013823150719172618,0.0045560322849772525
1640.625,6921.026,6491.282,6598.462,6695.385,6662.564,0.14420152097703193,0.021994638552230553,0.003931037314790943,0.017888978537071012,0.0037452506152994974,0.002688143159151169,0.003909657520017964,0.00392241056591969,0.0196295426465345,0.003720015545466789,0.005099129467064421,0.09314641025578597,0.013823150719172618,0.0045560322849772525
1648.4375,6909.744,6504.103,6605.641,6705.641,6659.487,0.14420152097703193,0.021994638552230553,0.003931037314790943,0.017888978537071012,0.0037452506152994974,0.002688143159151169,0.003909657520017964,0.00392241056591969,0.0196295426465345,0.003720015545466789,0.005099129467064421,0.09314641025578597,0.013823150719172618,0.0045560322849772525
1656.25,6896.41,6506.667,6608.205,6700.513,6645.128,0.14420152097703193,0.021994638552230553,0.003931037314790943,0.017888978537071012,0.0037452506152994974,0.002688143159151169,0.003909657520017964,0.00392241056591969,0.0196295426465345,0.003720015545466789,0.005099129467064421,0.09314641025578597,0.013823150719172618,0.0045560322849772525
1664.0625,6886.667,6509.744,6613.846,6695.385,6635.897,0.14420152097703193,0.021994638552230553,0.003931037314790943,0.017888978537071012,0.0037452506152994974,0.002688143159151169,0.003909657520017964,0.00392241056591969,0.0196295426465345,0.003720015545466789,0.005099129467064421,0.09314641025578597,0.013823150719172618,0.0045560322849772525
1671.875,6881.538,6521.538,6634.359,6702.051,6636.923,0.14420152097703193,0.021994638552230553,0.003931037314790943,0.017888978537071012,0.0037452506152994974,0.002688143159151169,0.003909657520017964,0.00392241056591969,0.0196295426465345,0.003720015545466789,0.005099129467064421,0.09314641025578597,0.013823150719172618,0.0045560322849772525
1679.6875,6880.513,6535.385,6648.205,6707.179,6647.179,0.14420152097703193,0.021994638552230553,0.003931037314790943,0.017888978537071012,0.0037452506152994974,0.002688143159151169,0.003909657520017964,0.00392241056591969,0.0196295426465345,0.003720015545466789,0.005099129467064421,0.09314641025578597,0.013823150719172618,0.0045560322849772525
1687.5,6895.897,6556.923,6654.359,6724.103,6668.205,0.14420152097703193,0.021994638552230553,0.003931037314790943,0.017888978537071012,0.0037452506152994974,0.002688143159151169,0.003909657520017964,0.00392241056591969,0.0196295426465345,0.003720015545466789,0.005099129467064421,0.09314641025578597,0.013823150719172618,0.0045560322849772525
1695.3125,6919.487,6580.513,6668.205,6748.718,6689.231,0.14420152097703193,0.021994638552230553,0.003931037314790943,0.017888978537071012,0.0037452506152994974,0.002688143159151169,0.003909657520017964,0.00392241056591969,0.0196295426465345,0.003720015545466789,0.005099129467064421,0.09314641025578597,0.013823150719172618,0.0045560322849772525
1703.125,6924.615,6587.692,6680.513,6753.333,6696.923,0.14420152097703193,0.021994638552230553,0.003931037314790943,0.017888978537071012,0.0037452506152994974,0.002688143159151169,0.003909657520017964,0.00392241056591969,0.0196295426465345,0.003720015545466789,0.005099129467064421,0.09314641025578597,0.013823150719172618,0.0045560322849772525
1710.9375,6912.308,6590.256,6681.538,6748.205,6688.205,0.14420152097703193,0.021994638552230553,0.003931037314790943,0.017888978537071012,0.0037452506152994974,0.002688143159151169,0.003909657520017964,0.00392241056591969,0.0196295426465345,0.003720015545466789,0.005099129467064421,0.09314641025578597,0.013823150719172618,0.0045560322849772525
1718.75,6906.154,6605.641,6681.538,6755.385,6685.128,0.14420152097703193,0.021994638552230553,0.003931037314790943,0.017888978537071012,0.0037452506152994974,0.002688143159151169,0.003909657520017964,0.00392241056591969,0.0196295426465345,0.003720015545466789,0.005099129467064421,0.09314641025578597,0.013823150719172618,0.0045560322849772525
1726.5625,6912.821,6623.077,6686.667,6767.179,6701.538,0.14420152097703193,0.021994638552230553,0.003931037314790943,0.017888978537071012,0.0037452506152994974,0.002688143159151169,0.003909657520017964,0.00392241056591969,0.0196295426465345,0.003720015545466789,0.005099129467064421,0.09314641025578597,0.013823150719172618,0.0045560322849772525
1734.375,6924.615,6635.385,6692.308,6782.564,6723.59,0.14420152097703193,0.021994638552230553,0.003931037314790943,0.017888978537071012,0.0037452506152994974,0.002688143159151169,0.003909657520017964,0.00392241056591969,0.0196295426465345,0.003720015545466789,0.005099129467064421,0.09314641025578597,0.013823150719172618,0.0045560322849772525
1742.1875,6928.718,6648.205,6695.385,6794.872,6732.821,0.14420152097703193,0.021994638552230553,0.003931037314790943,0.017888978537071012,0.0037452506152994974,0.002688143159151169,0.003909657520017964,0.00392241056591969,0.0196295426465345,0.003720015545466789,0.005099129467064421,0.09314641025578597,0.013823150719172618,0.0045560322849772525
1750.0,6926.154,6655.897,6697.436,6795.897,6734.872,0.14420152097703193,0.021994638552230553,0.003931037314790943,0.017888978537071012,0.0037452506152994974,0.002688143159151169,0.003909657520017964,0.00392241056591969,0.0196295426465345,0.003720015545466789,0.005099129467064421,0.09314641025578597,0.013823150719172618,0.0045560322849772525
1757.8125,6934.872,6656.41,6709.744,6795.385,6745.641,0.14420152097703193,0.021994638552230553,0.003931037314790943,0.017888978537071012,0.0037452506152994974,0.002688143159151169,0.003909657520017964,0.00392241056591969,0.0196295426465345,0.003720015545466789,0.005099129467064421,0.09314641025578597,0.013823150719172618,0.0045560322849772525
1765.625,6948.205,6661.538,6729.231,6802.051,6756.41,0.14420152097703193,0.021994638552230553,0.003931037314790943,0.017888978537071012,0.0037452506152994974,0.002688143159151169,0.003909657520017964,0.00392241056591969,0.0196295426465345,0.003720015545466789,0.005099129467064421,0.09314641025578597,0.013823150719172618,0.0045560322849772525
1773.4375,6949.744,6675.897,6741.538,6809.744,6757.436,0.14420152097703193,0.021994638552230553,0.003931037314790943,0.017888978537071012,0.0037452506152994974,0.002688143159151169,0.003909657520017964,0.00392241056591969,0.0196295426465345,0.003720015545466789,0.005099129467064421,0.09314641025578597,0.013823150719172618,0.0045560322849772525
1781.25,6942.051,6689.231,6748.205,6817.436,6758.462,0.14420152097703193,0.021994638552230553,0.003931037314790943,0.017888978537071012,0.0037452506152994974,0.002688143159151169,0.003909657520017964,0.00392241056591969,0.0196295426465345,0.003720015545466789,0.005099129467064421,0.09314641025578597,0.013823150719172618,0.0045560322849772525
1789.0625,6940.513,6702.051,6752.821,6821.026,6771.282,0.14420152097703193,0.021994638552230553,0.003931037314790943,0.017888978537071012,0.0037452506152994974,0.002688143159151169,0.003909657520017964,0.00392241056591969,0.0196295426465345,0.003720015545466789,0.005099129467064421,0.09314641025578597,0.013823150719172618,0.0045560322849772525
1796.875,6950.256,6717.436,6754.359,6821.538,6783.077,0.14420152097703193,0.021994638552230553,0.003931037314790943,0.017888978537071012,0.0037452506152994974,0.002688143159151169,0.003909657520017964,0.00392241056591969,0.0196295426465345,0.003720015545466789,0.005099129467064421,0.09314641025578597,0.013823150719172618,0.0045560322849772525
1804.6875,6951.282,6731.795,6761.538,6825.641,6781.026,0.14420152097703193,0.021994638552230553,0.003931037314790943,0.017888978537071012,0.0037452506152994974,0.002688143159151169,0.003909657520017964,0.00392241056591969,0.0196295426465345,0.003720015545466789,0.005099129467064421,0.09314641025578597,0.013823150719172618,0.0045560322849772525
1812.5,6942.564,6738.974,6770.256,6829.231,6777.436,0.14420152097703193,0.021994638552230553,0.003931037314790943,0.017888978537071012,0.0037452506152994974,0.002688143159151169,0.003909657520017964,0.00392241056591969,0.0196295426465345,0.003720015545466789,0.005099129467064421,0.09314641025578597,0.013823150719172618,0.0045560322849772525
1820.3125,6938.974,6732.821,6764.103,6828.718,6778.462,0.14420152097703193,0.021994638552230553,0.003931037314790943,0.017888978537071012,0.0037452506152994974,0.002688143159151169,0.003909657520017964,0.00392241056591969,0.0196295426465345,0.003720015545466789,0.005099129467064421,0.09314641025578597,0.013823150719172618,0.0045560322849772525
1828.125,6947.179,6730.256,6756.41,6835.385,6781.026,0.14420152097703193,0.021994638552230553,0.003931037314790943,0.017888978537071012,0.0037452506152994974,0.002688143159151169,0.003909657520017964,0.00392241056591969,0.0196295426465345,0.003720015545466789,0.005099129467064421,0.09314641025578597,0.013823150719172618,0.0045560322849772525
1835.9375,6960.513,6750.256,6769.231,6853.333,6791.795,0.14420152097703193,0.021994638552230553,0.003931037314790943,0.017888978537071012,0.0037452506152994974,0.002688143159151169,0.003909657520017964,0.00392241056591969,0.0196295426465345,0.003720015545466789,0.005099129467064421,0.09314641025578597,0.013823150719172618,0.0045560322849772525
1843.75,6967.692,6776.41,6786.667,6867.179,6805.641,0.14420152097703193,0.021994638552230553,0.003931037314790943,0.017888978537071012,0.0037452506152994974,0.002688143159151169,0.003909657520017964,0.00392241056591969,0.0196295426465345,0.003720015545466789,0.005099129467064421,0.09314641025578597,0.013823150719172618,0.0045560322849772525
1851.5625,6970.769,6781.538,6785.641,6871.282,6802.051,0.14420152097703193,0.021994638552230553,0.003931037314790943,0.017888978537071012,0.0037452506152994974,0.002688143159151169,0.003909657520017964,0.00392241056591969,0.0196295426465345,0.003720015545466789,0.005099129467064421,0.09314641025578597,0.013823150719172618,0.0045560322849772525
1859.375,6977.949,6781.538,6779.487,6879.487,6794.872,0.14420152097703193,0.021994638552230553,0.003931037314790943,0.017888978537071012,0.0037452506152994974,0.002688143159151169,0.003909657520017964,0.00392241056591969,0.0196295426465345,0.003720015545466789,0.005099129467064421,0.09314641025578597,0.013823150719172618,0.0045560322849772525
1867.1875,6990.769,6792.821,6789.744,6887.692,6803.59,0.14420152097703193,0.021994638552230553,0.003931037314790943,0.017888978537071012,0.0037452506152994974,0.002688143159151169,0.003909657520017964,0.00392241056591969,0.0196295426465345,0.003720015545466789,0.005099129467064421,0.09314641025578597,0.013823150719172618,0.0045560322849772525
1875.0,6993.333,6796.923,6800.0,6882.564,6806.667,0.14420152097703193,0.021994638552230553,0.003931037314790943,0.017888978537071012,0.0037452506152994974,0.002688143159151169,0.003909657520017964,0.00392241056591969,0.0196295426465345,0.003720015545466789,0.005099129467064421,0.09314641025578597,0.013823150719172618,0.0045560322849772525
1882.8125,6983.077,6793.846,6798.462,6872.308,6803.59,0.14420152097703193,0.021994638552230553,0.003931037314790943,0.017888978537071012,0.0037452506152994974,0.002688143159151169,0.003909657520017964,0.00392241056591969,0.0196295426465345,0.003720015545466789,0.005099129467064421,0.09314641025578597,0.013823150719172618,0.0045560322849772525
1890.625,6982.051,6801.538,6804.103,6865.128,6812.308,0.14420152097703193,0.021994638552230553,0.003931037314790943,0.017888978537071012,0.0037452506152994974,0.002688143159151169,0.003909657520017964,0.00392241056591969,0.0196295426465345,0.003720015545466789,0.005099129467064421,0.09314641025578597,0.013823150719172618,0.0045560322849772525
1898.4375,6996.923,6816.41,6813.333,6869.744,6823.59,0.14420152097703193,0.021994638552230553,0.003931037314790943,0.017888978537071012,0.0037452506152994974,0.002688143159151169,0.003909657520017964,0.00392241056591969,0.0196295426465345,0.003720015545466789,0.005099129467064421,0.09314641025578597,0.013823150719172618,0.0045560322849772525
1906.25,7012.308,6825.641,6808.718,6886.154,6830.769,0.14420152097703193,0.021994638552230553,0.003931037314790943,0.017888978537071012,0.0037452506152994974,0.002688143159151169,0.003909657520017964,0.00392241056591969,0.0196295426465345,0.003720015545466789,0.005099129467064421,0.09314641025578597,0.013823150719172618,0.0045560322849772525
1914.0625,7020.513,6837.436,6809.231,6893.846,6842.051,0.14420152097703193,0.021994638552230553,0.003931037314790943,0.017888978537071012,0.0037452506152994974,0.002688143159151169,0.003909657520017964,0.00392241056591969,0.0196295426465345,0.003720015545466789,0.005099129467064421,0.09314641025578597,0.013823150719172618,0.0045560322849772525
1921.875,7025.641,6854.872,6824.615,6900.0,6851.282,0.14420152097703193,0.021994638552230553,0.003931037314790943,0.017888978537071012,0.0037452506152994974,0.002688143159151169,0.003909657520017964,0.00392241056591969,0.0196295426465345,0.003720015545466789,0.005099129467064421,0.09314641025578597,0.013823150719172618,0.0045560322849772525
1929.6875,7020.0,6856.41,6824.103,6914.872,6843.59,0.14420152097703193,0.021994638552230553,0.003931037314790943,0.017888978537071012,0.0037452506152994974,0.002688143159151169,0.003909657520017964,0.00392241056591969,0.0196295426465345,0.003720015545466789,0.005099129467064421,0.09314641025578597,0.013823150719172618,0.0045560322849772525
1937.5,7010.769,6849.744,6812.308,6918.462,6834.872,0.14420152097703193,0.021994638552230553,0.003931037314790943,0.017888978537071012,0.0037452506152994974,0.002688143159151169,0.003909657520017964,0.00392241056591969,0.0196295426465345,0.003720015545466789,0.005099129467064421,0.09314641025578597,0.013823150719172618,0.0045560322849772525
1945.3125,7019.487,6855.385,6823.077,6914.359,6840.0,0.14420152097703193,0.021994638552230553,0.003931037314790943,0.017888978537071012,0.0037452506152994974,0.002688143159151169,0.003909657520017964,0.00392241056591969,0.0196295426465345,0.003720015545466789,0.005099129467064421,0.09314641025578597,0.013823150719172618,0.0045560322849772525
1953.125,7033.846,6868.205,6843.077,6916.41,6850.769,0.14420152097703193,0.021994638552230553,0.003931037314790943,0.017888978537071012,0.0037452506152994974,0.002688143159151169,0.003909657520017964,0.00392241056591969,0.0196295426465345,0.003720015545466789,0.005099129467064421,0.09314641025578597,0.013823150719172618,0.0045560322849772525
1960.9375,7037.436,6873.846,6848.718,6920.0,6857.949,0.14420152097703193,0.021994638552230553,0.003931037314790943,0.017888978537071012,0.0037452506152994974,0.002688143159151169,0.003909657520017964,0.00392241056591969,0.0196295426465345,0.003720015545466789,0.005099129467064421,0.09314641025578597,0.013823150719172618,0.0045560322849772525
1968.75,7043.077,6876.923,6848.205,6921.026,6862.051,0.14420152097703193,0.021994638552230553,0.003931037314790943,0.017888978537071012,0.0037452506152994974,0.002688143159151169,0.003909657520017964,0.00392241056591969,0.0196295426465345,0.003720015545466789,0.005099129467064421,0.09314641025578597,0.013823150719172618,0.0045560322849772525
1976.5625,7064.103,6883.077,6845.641,6918.974,6863.59,0.14420152097703193,0.021994638552230553,0.003931037314790943,0.017888978537071012,0.0037452506152994974,0.002688143159151169,0.003909657520017964,0.00392241056591969,0.0196295426465345,0.003720015545466789,0.005099129467064421,0.09314641025578597,0.013823150719172618,0.0045560322849772525
1984.375,7103.59,6890.769,6843.59,6919.487,6871.795,0.14420152097703193,0.021994638552230553,0.003931037314790943,0.017888978537071012,0.0037452506152994974,0.002688143159151169,0.003909657520017964,0.00392241056591969,0.0196295426465345,0.003720015545466789,0.005099129467064421,0.09314641025578597,0.013823150719172618,0.0045560322849772525
1992.1875,7171.795,6903.59,6853.846,6932.821,6917.949,0.14420152097703193,0.021994638552230553,0.003931037314790943,0.017888978537071012,0.0037452506152994974,0.002688143159151169,0.003909657520017964,0.00392241056591969,0.0196295426465345,0.003720015545466789,0.005099129467064421,0.09314641025578597,0.013823150719172618,0.0045560322849772525
2000.0,7256.923,6916.923,6870.256,6946.154,6985.128,0.14420152097703193,0.021994638552230553,0.003931037314790943,0.017888978537071012,0.0037452506152994974,0.002688143159151169,0.003909657520017964,0.00392241056591969,0.0196295426465345,0.003720015545466789,0.005099129467064421,0.09314641025578597,0.013823150719172618,0.0045560322849772525
2007.8125,7332.821,6923.077,6875.897,6944.615,7032.308,0.14420152097703193,0.021994638552230553,0.003931037314790943,0.017888978537071012,0.0037452506152994974,0.002688143159151169,0.003909657520017964,0.00392241056591969,0.0196295426465345,0.003720015545466789,0.005099129467064421,0.09314641025578597,0.013823150719172618,0.0045560322849772525
2015.625,7407.179,6930.256,6881.538,6950.256,7076.923,0.14420152097703193,0.021994638552230553,0.003931037314790943,0.017888978537071012,0.0037452506152994974,0.002688143159151169,0.003909657520017964,0.00392241056591969,0.0196295426465345,0.003720015545466789,0.005099129467064421,0.09314641025578597,0.013823150719172618,0.0045560322849772525
2023.4375,7471.795,6942.051,6886.667,6954.359,7124.103,0.14420152097703193,0.021994638552230553,0.003931037314790943,0.017888978537071012,0.0037452506152994974,0.002688143159151169,0.003909657520017964,0.00392241056591969,0.0196295426465345,0.003720015545466789,0.005099129467064421,0.09314641025578597,0.013823150719172618,0.0045560322849772525
2031.25,7493.846,6947.179,6876.41,6938.462,7133.333,0.14420152097703193,0.021994638552230553,0.003931037314790943,0.017888978537071012,0.0037452506152994974,0.002688143159151169,0.003909657520017964,0.00392241056591969,0.0196295426465345,0.003720015545466789,0.005099129467064421,0.09314641025578597,0.013823150719172618,0.0045560322849772525
2039.0625,7474.359,6949.231,6868.205,6926.667,7116.923,0.14420152097703193,0.021994638552230553,0.003931037314790943,0.017888978537071012,0.0037452506152994974,0.002688143159151169,0.003909657520017964,0.00392241056591969,0.0196295426465345,0.003720015545466789,0.005099129467064421,0.09314641025578597,0.013823150719172618,0.0045560322849772525
2046.875,7436.923,6958.462,6879.487,6930.256,7109.231,0.14420152097703193,0.021994638552230553,0.003931037314790943,0.017888978537071012,0.0037452506152994974,0.002688143159151169,0.003909657520017964,0.00392241056591969,0.0196295426465345,0.003720015545466789,0.005099129467064421,0.09314641025578597,0.013823150719172618,0.0045560322849772525
2054.6875,7383.59,6959.487,6885.128,6930.769,7082.051,0.14420152097703193,0.021994638552230553,0.003931037314790943,0.017888978537071012,0.0037452506152994974,0.002688143159151169,0.003909657520017964,0.00392241056591969,0.0196295426465345,0.003720015545466789,0.005099129467064421,0.09314641025578597,0.013823150719172618,0.0045560322849772525
2062.5,7328.205,6949.744,6869.744,6927.179,7035.385,0.14420152097703193,0.021994638552230553,0.003931037314790943,0.017888978537071012,0.0037452506152994974,0.002688143159151169,0.003909657520017964,0.00392241056591969,0.0196295426465345,0.003720015545466789,0.005099129467064421,0.09314641025578597,0.013823150719172618,0.0045560322849772525
2070.3125,7288.205,6950.769,6863.077,6933.333,7009.744,0.14420152097703193,0.021994638552230553,0.003931037314790943,0.017888978537071012,0.0037452506152994974,0.002688143159151169,0.003909657520017964,0.00392241056591969,0.0196295426465345,0.003720015545466789,0.005099129467064421,0.09314641025578597,0.013823150719172618,0.0045560322849772525
2078.125,7255.897,6961.538,6872.821,6941.538,6995.385,0.14420152097703193,0.021994638552230553,0.003931037314790943,0.017888978537071012,0.0037452506152994974,0.002688143159151169,0.003909657520017964,0.00392241056591969,0.0196295426465345,0.003720015545466789,0.005099129467064421,0.09314641025578597,0.013823150719172618,0.0045560322849772525
2085.9375,7223.077,6964.103,6874.872,6940.513,6971.795,0.14420152097703193,0.021994638552230553,0.003931037314790943,0.017888978537071012,0.0037452506152994974,0.002688143159151169,0.003909657520017964,0.00392241056591969,0.0196295426465345,0.003720015545466789,0.005099129467064421,0.09314641025578597,0.013823150719172618,0.0045560322849772525
2093.75,7191.795,6965.128,6866.667,6936.923,6942.051,0.14420152097703193,0.021994638552230553,0.003931037314790943,0.017888978537071012,0.0037452506152994974,0.002688143159151169,0.003909657520017964,0.00392241056591969,0.0196295426465345,0.003720015545466789,0.005099129467064421,0.09314641025578597,0.013823150719172618,0.0045560322849772525
2101.5625,7169.744,6978.974,6862.564,6932.308,6924.615,0.14420152097703193,0.021994638552230553,0.003931037314790943,0.017888978537071012,0.0037452506152994974,0.002688143159151169,0.003909657520017964,0.00392241056591969,0.0196295426465345,0.003720015545466789,0.005099129467064421,0.09314641025578597,0.013823150719172618,0.0045560322849772525
2109.375,7166.154,6992.821,6869.231,6931.282,6929.744,0.14420152097703193,0.021994638552230553,0.003931037314790943,0.017888978537071012,0.0037452506152994974,0.002688143159151169,0.003909657520017964,0.00392241056591969,0.0196295426465345,0.003720015545466789,0.005099129467064421,0.09314641025578597,0.013823150719172618,0.0045560322849772525
2117.1875,7167.692,6982.564,6874.359,6932.308,6933.333,0.14420152097703193,0.021994638552230553,0.003931037314790943,0.017888978537071012,0.0037452506152994974,0.002688143159151169,0.003909657520017964,0.00392241056591969,0.0196295426465345,0.003720015545466789,0.005099129467064421,0.09314641025578597,0.013823150719172618,0.0045560322849772525
2125.0,7154.359,6965.641,6871.795,6933.333,6920.0,0.14420152097703193,0.021994638552230553,0.003931037314790943,0.017888978537071012,0.0037452506152994974,0.002688143159151169,0.003909657520017964,0.00392241056591969,0.0196295426465345,0.003720015545466789,0.005099129467064421,0.09314641025578597,0.013823150719172618,0.0045560322849772525
2132.8125,7140.0,6973.846,6874.872,6935.897,6913.333,0.14420152097703193,0.021994638552230553,0.003931037314790943,0.017888978537071012,0.0037452506152994974,0.002688143159151169,0.003909657520017964,0.00392241056591969,0.0196295426465345,0.003720015545466789,0.005099129467064421,0.09314641025578597,0.013823150719172618,0.0045560322849772525
2140.625,7141.026,6986.667,6877.436,6937.949,6919.487,0.14420152097703193,0.021994638552230553,0.003931037314790943,0.017888978537071012,0.0037452506152994974,0.002688143159151169,0.003909657520017964,0.00392241056591969,0.0196295426465345,0.003720015545466789,0.005099129467064421,0.09314641025578597,0.013823150719172618,0.0045560322849772525
2148.4375,7143.077,6981.538,6872.821,6930.769,6916.923,0.14420152097703193,0.021994638552230553,0.003931037314790943,0.017888978537071012,0.0037452506152994974,0.002688143159151169,0.003909657520017964,0.00392241056591969,0.0196295426465345,0.003720015545466789,0.005099129467064421,0.09314641025578597,0.013823150719172618,0.0045560322849772525
2156.25,7135.897,6983.077,6874.359,6924.615,6908.205,0.14420152097703193,0.021994638552230553,0.003931037314790943,0.017888978537071012,0.0037452506152994974,0.002688143159151169,0.003909657520017964,0.00392241056591969,0.0196295426465345,0.003720015545466789,0.005099129467064421,0.09314641025578597,0.013823150719172618,0.0045560322849772525
2164.0625,7125.128,6997.436,6886.154,6934.872,6905.128,0.14420152097703193,0.021994638552230553,0.003931037314790943,0.017888978537071012,0.0037452506152994974,0.002688143159151169,0.003909657520017964,0.00392241056591969,0.0196295426465345,0.003720015545466789,0.005099129467064421,0.09314641025578597,0.013823150719172618,0.0045560322849772525
2171.875,7117.949,7007.179,6891.282,6946.154,6901.538,0.14420152097703193,0.021994638552230553,0.003931037314790943,0.017888978537071012,0.0037452506152994974,0.002688143159151169,0.003909657520017964,0.00392241056591969,0.0196295426465345,0.003720015545466789,0.005099129467064421,0.09314641025578597,0.013823150719172618,0.0045560322849772525
2179.6875,7116.41,7008.205,6882.051,6943.59,6896.41,0.14420152097703193,0.021994638552230553,0.003931037314790943,0.017888978537071012,0.0037452506152994974,0.002688143159151169,0.003909657520017964,0.00392241056591969,0.0196295426465345,0.003720015545466789,0.005099129467064421,0.09314641025578597,0.013823150719172618,0.0045560322849772525
2187.5,7119.487,7009.744,6873.333,6940.513,6896.41,0.14420152097703193,0.021994638552230553,0.003931037314790943,0.017888978537071012,0.0037452506152994974,0.002688143159151169,0.003909657520017964,0.00392241056591969,0.0196295426465345,0.003720015545466789,0.005099129467064421,0.09314641025578597,0.013823150719172618,0.0045560322849772525
2195.3125,7122.564,7017.949,6882.051,6948.718,6900.0,0.14420152097703193,0.021994638552230553,0.003931037314790943,0.017888978537071012,0.0037452506152994974,0.002688143159151169,0.003909657520017964,0.00392241056591969,0.0196295426465345,0.003720015545466789,0.005099129467064421,0.09314641025578597,0.013823150719172618,0.0045560322849772525
2203.125,7122.564,7023.59,6892.821,6948.718,6900.0,0.14420152097703193,0.021994638552230553,0.003931037314790943,0.017888978537071012,0.0037452506152994974,0.002688143159151169,0.003909657520017964,0.00392241056591969,0.0196295426465345,0.003720015545466789,0.005099129467064421,0.09314641025578597,0.013823150719172618,0.0045560322849772525
2210.9375,7120.513,7017.436,6881.026,6937.949,6898.974,0.14420152097703193,0.021994638552230553,0.003931037314790943,0.017888978537071012,0.0037452506152994974,0.002688143159151169,0.003909657520017964,0.00392241056591969,0.0196295426465345,0.003720015545466789,0.005099129467064421,0.09314641025578597,0.013823150719172618,0.0045560322849772525
2218.75,7120.0,7014.359,6864.615,6936.923,6902.564,0.14420152097703193,0.021994638552230553,0.003931037314790943,0.017888978537071012,0.0037452506152994974,0.002688143159151169,0.003909657520017964,0.00392241056591969,0.0196295426465345,0.003720015545466789,0.005099129467064421,0.09314641025578597,0.013823150719172618,0.0045560322849772525
2226.5625,7118.462,7022.564,6857.949,6937.436,6898.462,0.14420152097703193,0.021994638552230553,0.003931037314790943,0.017888978537071012,0.0037452506152994974,0.002688143159151169,0.003909657520017964,0.00392241056591969,0.0196295426465345,0.003720015545466789,0.005099129467064421,0.09314641025578597,0.013823150719172618,0.0045560322849772525
2234.375,7107.692,7018.462,6851.795,6930.769,6885.641,0.14420152097703193,0.021994638552230553,0.003931037314790943,0.017888978537071012,0.0037452506152994974,0.002688143159151169,0.003909657520017964,0.00392241056591969,0.0196295426465345,0.003720015545466789,0.005099129467064421,0.09314641025578597,0.013823150719172618,0.0045560322849772525
2242.1875,7099.487,7010.769,6853.333,6930.256,6882.051,0.14420152097703193,0.021994638552230553,0.003931037314790943,0.017888978537071012,0.0037452506152994974,0.002688143159151169,0.003909657520017964,0.00392241056591969,0.0196295426465345,0.003720015545466789,0.005099129467064421,0.09314641025578597,0.013823150719172618,0.0045560322849772525
2250.0,7094.359,7010.769,6855.897,6924.615,6878.462,0.14420152097703193,0.021994638552230553,0.003931037314790943,0.017888978537071012,0.0037452506152994974,0.002688143159151169,0.003909657520017964,0.00392241056591969,0.0196295426465345,0.003720015545466789,0.005099129467064421,0.09314641025578597,0.013823150719172618,0.0045560322849772525
2257.8125,7076.41,7005.641,6846.154,6907.179,6862.051,0.14420152097703193,0.021994638552230553,0.003931037314790943,0.017888978537071012,0.0037452506152994974,0.002688143159151169,0.003909657520017964,0.00392241056591969,0.0196295426465345,0.003720015545466789,0.005099129467064421,0.09314641025578597,0.013823150719172618,0.0045560322849772525
2265.625,7066.154,7003.077,6840.513,6902.051,6855.897,0.14420152097703193,0.021994638552230553,0.003931037314790943,0.017888978537071012,0.0037452506152994974,0.002688143159151169,0.003909657520017964,0.00392241056591969,0.0196295426465345,0.003720015545466789,0.005099129467064421,0.09314641025578597,0.013823150719172618,0.0045560322849772525
2273.4375,7082.564,7014.359,6847.692,6915.897,6874.359,0.14420152097703193,0.021994638552230553,0.003931037314790943,0.017888978537071012,0.0037452506152994974,0.002688143159151169,0.003909657520017964,0.00392241056591969,0.0196295426465345,0.003720015545466789,0.005099129467064421,0.09314641025578597,0.013823150719172618,0.0045560322849772525
2281.25,7092.821,7018.462,6847.692,6920.0,6886.154,0.14420152097703193,0.021994638552230553,0.003931037314790943,0.017888978537071012,0.0037452506152994974,0.002688143159151169,0.003909657520017964,0.00392241056591969,0.0196295426465345,0.003720015545466789,0.005099129467064421,0.09314641025578597,0.013823150719172618,0.0045560322849772525
2289.0625,7085.641,7016.923,6847.179,6918.974,6877.949,0.14420152097703193,0.021994638552230553,0.003931037314790943,0.017888978537071012,0.0037452506152994974,0.002688143159151169,0.003909657520017964,0.00392241056591969,0.0196295426465345,0.003720015545466789,0.005099129467064421,0.09314641025578597,0.013823150719172618,0.0045560322849772525
2296.875,7090.769,7029.231,6861.538,6934.872,6875.385,0.14420152097703193,0.021994638552230553,0.003931037314790943,0.017888978537071012,0.0037452506152994974,0.002688143159151169,0.003909657520017964,0.00392241056591969,0.0196295426465345,0.003720015545466789,0.005099129467064421,0.09314641025578597,0.013823150719172618,0.0045560322849772525
2304.6875,7098.462,7040.0,6869.231,6948.718,6882.564,0.14420152097703193,0.021994638552230553,0.003931037314790943,0.017888978537071012,0.0037452506152994974,0.002688143159151169,0.003909657520017964,0.00392241056591969,0.0196295426465345,0.003720015545466789,0.005099129467064421,0.09314641025578597,0.013823150719172618,0.0045560322849772525
2312.5,7085.641,7033.333,6855.897,6931.282,6879.487,0.14420152097703193,0.021994638552230553,0.003931037314790943,0.017888978537071012,0.0037452506152994974,0.002688143159151169,0.003909657520017964,0.00392241056591969,0.0196295426465345,0.003720015545466789,0.005099129467064421,0.09314641025578597,0.013823150719172618,0.0045560322849772525
2320.3125,7076.41,7027.179,6842.564,6912.821,6870.769,0.14420152097703193,0.021994638552230553,0.003931037314790943,0.017888978537071012,0.0037452506152994974,0.002688143159151169,0.003909657520017964,0.00392241056591969,0.0196295426465345,0.003720015545466789,0.005099129467064421,0.09314641025578597,0.013823150719172618,0.0045560322849772525
2328.125,7084.103,7034.359,6845.128,6923.077,6867.179,0.14420152097703193,0.021994638552230553,0.003931037314790943,0.017888978537071012,0.0037452506152994974,0.002688143159151169,0.003909657520017964,0.00392241056591969,0.0196295426465345,0.003720015545466789,0.005099129467064421,0.09314641025578597,0.013823150719172618,0.0045560322849772525
2335.9375,7086.667,7040.513,6847.179,6928.205,6865.641,0.14420152097703193,0.021994638552230553,0.003931037314790943,0.017888978537071012,0.0037452506152994974,0.002688143159151169,0.003909657520017964,0.00392241056591969,0.0196295426465345,0.003720015545466789,0.005099129467064421,0.09314641025578597,0.013823150719172618,0.0045560322849772525
2343.75,7078.462,7037.436,6843.59,6913.846,6862.564,0.14420152097703193,0.021994638552230553,0.003931037314790943,0.017888978537071012,0.0037452506152994974,0.002688143159151169,0.003909657520017964,0.00392241056591969,0.0196295426465345,0.003720015545466789,0.005099129467064421,0.09314641025578597,0.013823150719172618,0.0045560322849772525
2351.5625,7081.026,7037.949,6846.154,6916.41,6857.949,0.14420152097703193,0.021994638552230553,0.003931037314790943,0.017888978537071012,0.0037452506152994974,0.002688143159151169,0.003909657520017964,0.00392241056591969,0.0196295426465345,0.003720015545466789,0.005099129467064421,0.09314641025578597,0.013823150719172618,0.0045560322849772525
2359.375,7092.821,7044.615,6848.205,6929.744,6862.564,0.14420152097703193,0.021994638552230553,0.003931037314790943,0.017888978537071012,0.0037452506152994974,0.002688143159151169,0.003909657520017964,0.00392241056591969,0.0196295426465345,0.003720015545466789,0.005099129467064421,0.09314641025578597,0.013823150719172618,0.0045560322849772525
2367.1875,7095.897,7045.128,6843.077,6930.256,6875.897,0.14420152097703193,0.021994638552230553,0.003931037314790943,0.017888978537071012,0.0037452506152994974,0.002688143159151169,0.003909657520017964,0.00392241056591969,0.0196295426465345,0.003720015545466789,0.005099129467064421,0.09314641025578597,0.013823150719172618,0.0045560322849772525
2375.0,7123.191,7046.04,6843.476,6927.635,6893.561,0.14420152097703193,0.021994638552230553,0.003931037314790943,0.017888978537071012,0.0037452506152994974,0.002688143159151169,0.003909657520017964,0.00392241056591969,0.0196295426465345,0.003720015545466789,0.005099129467064421,0.09314641025578597,0.013823150719172618,0.0045560322849772525
2382.8125,7150.484,7046.952,6843.875,6925.014,6911.225,0.14420152097703193,0.021994638552230553,0.003931037314790943,0.017888978537071012,0.0037452506152994974,0.002688143159151169,0.003909657520017964,0.00392241056591969,0.0196295426465345,0.003720015545466789,0.005099129467064421,0.09314641025578597,0.013823150719172618,0.0045560322849772525
2390.625,7177.778,7047.863,6844.274,6922.393,6928.889,0.14420152097703193,0.021994638552230553,0.003931037314790943,0.017888978537071012,0.0037452506152994974,0.002688143159151169,0.003909657520017964,0.00392241056591969,0.0196295426465345,0.003720015545466789,0.005099129467064421,0.09314641025578597,0.013823150719172618,0.0045560322849772525
2398.4375,7205.071,7048.775,6844.672,6919.772,6946.553,0.14420152097703193,0.021994638552230553,0.003931037314790943,0.017888978537071012,0.0037452506152994974,0.002688143159151169,0.003909657520017964,0.00392241056591969,0.0196295426465345,0.003720015545466789,0.005099129467064421,0.09314641025578597,0.013823150719172618,0.0045560322849772525
2406.25,7232.365,7049.687,6845.071,6917.151,6964.217,0.14420152097703193,0.021994638552230553,0.003931037314790943,0.017888978537071012,0.0037452506152994974,0.002688143159151169,0.003909657520017964,0.00392241056591969,0.0196295426465345,0.003720015545466789,0.005099129467064421,0.09314641025578597,0.013823150719172618,0.0045560322849772525
2414.0625,7259.658,7050.598,6845.47,6914.53,6981.88,0.14420152097703193,0.021994638552230553,0.003931037314790943,0.017888978537071012,0.0037452506152994974,0.002688143159151169,0.003909657520017964,0.00392241056591969,0.0196295426465345,0.003720015545466789,0.005099129467064421,0.09314641025578597,0.013823150719172618,0.0045560322849772525
2421.875,7286.952,7051.51,6845.869,6911.909,6999.544,0.14420152097703193,0.021994638552230553,0.003931037314790943,0.017888978537071012,0.0037452506152994974,0.002688143159151169,0.003909657520017964,0.00392241056591969,0.0196295426465345,0.003720015545466789,0.005099129467064421,0.09314641025578597,0.013823150719172618,0.0045560322849772525
2429.6875,7314.245,7052.422,6846.268,6909.288,7017.208,0.14420152097703193,0.021994638552230553,0.003931037314790943,0.017888978537071012,0.0037452506152994974,0.002688143159151169,0.003909657520017964,0.00392241056591969,0.0196295426465345,0.003720015545466789,0.005099129467064421,0.09314641025578597,0.013823150719172618,0.0045560322849772525
2437.5,7341.538,7053.333,6846.667,6906.667,7034.872,0.14420152097703193,0.021994638552230553,0.003931037314790943,0.017888978537071012,0.0037452506152994974,0.002688143159151169,0.003909657520017964,0.00392241056591969,0.0196295426465345,0.003720015545466789,0.005099129467064421,0.09314641025578597,0.013823150719172618,0.0045560322849772525
2445.3125,7408.205,7055.385,6842.564,6909.744,7079.487,0.14420152097703193,0.021994638552230553,0.003931037314790943,0.017888978537071012,0.0037452506152994974,0.002688143159151169,0.003909657520017964,0.00392241056591969,0.0196295426465345,0.003720015545466789,0.005099129467064421,0.09314641025578597,0.013823150719172618,0.0045560322849772525
2453.125,7457.436,7056.41,6838.974,6908.205,7117.436,0.14420152097703193,0.021994638552230553,0.003931037314790943,0.017888978537071012,0.0037452506152994974,0.002688143159151169,0.003909657520017964,0.00392241056591969,0.0196295426465345,0.003720015545466789,0.005099129467064421,0.09314641025578597,0.013823150719172618,0.0045560322849772525
2460.9375,7456.923,7055.385,6830.769,6898.974,7124.103,0.14420152097703193,0.021994638552230553,0.003931037314790943,0.017888978537071012,0.0037452506152994974,0.002688143159151169,0.003909657520017964,0.00392241056591969,0.0196295426465345,0.003720015545466789,0.005099129467064421,0.09314641025578597,0.013823150719172618,0.0045560322849772525
2468.75,7426.154,7057.949,6819.487,6881.026,7105.641,0.14420152097703193,0.021994638552230553,0.003931037314790943,0.017888978537071012,0.0037452506152994974,0.002688143159151169,0.003909657520017964,0.00392241056591969,0.0196295426465345,0.003720015545466789,0.005099129467064421,0.09314641025578597,0.013823150719172618,0.0045560322849772525
2476.5625,7398.462,7057.949,6812.821,6866.154,7085.128,0.14420152097703193,0.021994638552230553,0.003931037314790943,0.017888978537071012,0.0037452506152994974,0.002688143159151169,0.003909657520017964,0.00392241056591969,0.0196295426465345,0.003720015545466789,0.005099129467064421,0.09314641025578597,0.013823150719172618,0.0045560322849772525
2484.375,7367.179,7055.385,6815.897,6866.154,7060.513,0.14420152097703193,0.021994638552230553,0.003931037314790943,0.017888978537071012,0.0037452506152994974,0.002688143159151169,0.003909657520017964,0.00392241056591969,0.0196295426465345,0.003720015545466789,0.005099129467064421,0.09314641025578597,0.013823150719172618,0.0045560322849772525
2492.1875,7320.513,7055.385,6821.538,6864.103,7023.077,0.14420152097703193,0.021994638552230553,0.003931037314790943,0.017888978537071012,0.0037452506152994974,0.002688143159151169,0.003909657520017964,0.00392241056591969,0.0196295426465345,0.003720015545466789,0.005099129467064421,0.09314641025578597,0.013823150719172618,0.0045560322849772525
2500.0,7268.718,7054.872,6821.026,6851.795,6980.513,0.14420152097703193,0.021994638552230553,0.003931037314790943,0.017888978537071012,0.0037452506152994974,0.002688143159151169,0.003909657520017964,0.00392241056591969,0.0196295426465345,0.003720015545466789,0.005099129467064421,0.09314641025578597,0.013823150719172618,0.0045560322849772525
2507.8125,7218.974,7045.641,6803.59,6842.564,6936.923,0.14420152097703193,0.021994638552230553,0.003931037314790943,0.017888978537071012,0.0037452506152994974,0.002688143159151169,0.003909657520017964,0.00392241056591969,0.0196295426465345,0.003720015545466789,0.005099129467064421,0.09314641025578597,0.013823150719172618,0.0045560322849772525
2515.625,7175.385,7041.026,6786.154,6843.077,6903.077,0.14420152097703193,0.021994638552230553,0.003931037314790943,0.017888978537071012,0.0037452506152994974,0.002688143159151169,0.003909657520017964,0.00392241056591969,0.0196295426465345,0.003720015545466789,0.005099129467064421,0.09314641025578597,0.013823150719172618,0.0045560322849772525
2523.4375,7148.205,7052.821,6791.282,6847.179,6887.179,0.14420152097703193,0.021994638552230553,0.003931037314790943,0.017888978537071012,0.0037452506152994974,0.002688143159151169,0.003909657520017964,0.00392241056591969,0.0196295426465345,0.003720015545466789,0.005099129467064421,0.09314641025578597,0.013823150719172618,0.0045560322849772525
2531.25,7128.205,7053.846,6792.821,6850.256,6877.436,0.14420152097703193,0.021994638552230553,0.003931037314790943,0.017888978537071012,0.0037452506152994974,0.002688143159151169,0.003909657520017964,0.00392241056591969,0.0196295426465345,0.003720015545466789,0.005099129467064421,0.09314641025578597,0.013823150719172618,0.0045560322849772525
2539.0625,7097.949,7040.0,6771.795,6843.59,6856.41,0.14420152097703193,0.021994638552230553,0.003931037314790943,0.017888978537071012,0.0037452506152994974,0.002688143159151169,0.003909657520017964,0.00392241056591969,0.0196295426465345,0.003720015545466789,0.005099129467064421,0.09314641025578597,0.013823150719172618,0.0045560322849772525
2546.875,7068.205,7037.436,6759.487,6838.462,6833.846,0.14420152097703193,0.021994638552230553,0.003931037314790943,0.017888978537071012,0.0037452506152994974,0.002688143159151169,0.003909657520017964,0.00392241056591969,0.0196295426465345,0.003720015545466789,0.005099129467064421,0.09314641025578597,0.013823150719172618,0.0045560322849772525
2554.6875,7056.923,7038.974,6766.154,6844.615,6823.077,0.14420152097703193,0.021994638552230553,0.003931037314790943,0.017888978537071012,0.0037452506152994974,0.002688143159151169,0.003909657520017964,0.00392241056591969,0.0196295426465345,0.003720015545466789,0.005099129467064421,0.09314641025578597,0.013823150719172618,0.0045560322849772525
2562.5,7048.718,7029.231,6764.615,6840.0,6811.795,0.14420152097703193,0.021994638552230553,0.003931037314790943,0.017888978537071012,0.0037452506152994974,0.002688143159151169,0.003909657520017964,0.00392241056591969,0.0196295426465345,0.003720015545466789,0.005099129467064421,0.09314641025578597,0.013823150719172618,0.0045560322849772525
2570.3125,7038.462,7024.615,6754.872,6827.179,6798.462,0.14420152097703193,0.021994638552230553,0.003931037314790943,0.017888978537071012,0.0037452506152994974,0.002688143159151169,0.003909657520017964,0.00392241056591969,0.0196295426465345,0.003720015545466789,0.005099129467064421,0.09314641025578597,0.013823150719172618,0.0045560322849772525
2578.125,7031.282,7027.179,6752.821,6826.154,6790.256,0.14420152097703193,0.021994638552230553,0.003931037314790943,0.017888978537071012,0.0037452506152994974,0.002688143159151169,0.003909657520017964,0.00392241056591969,0.0196295426465345,0.003720015545466789,0.005099129467064421,0.09314641025578597,0.013823150719172618,0.0045560322849772525
2585.9375,7027.179,7030.769,6763.077,6833.333,6787.692,0.14420152097703193,0.021994638552230553,0.003931037314790943,0.017888978537071012,0.0037452506152994974,0.002688143159151169,0.003909657520017964,0.00392241056591969,0.0196295426465345,0.003720015545466789,0.005099129467064421,0.09314641025578597,0.013823150719172618,0.0045560322849772525
2593.75,7027.692,7036.41,6771.795,6831.282,6786.154,0.14420152097703193,0.021994638552230553,0.003931037314790943,0.017888978537071012,0.0037452506152994974,0.002688143159151169,0.003909657520017964,0.00392241056591969,0.0196295426465345,0.003720015545466789,0.005099129467064421,0.09314641025578597,0.013823150719172618,0.0045560322849772525
2601.5625,7024.615,7029.231,6762.564,6816.41,6778.462,0.14420152097703193,0.021994638552230553,0.003931037314790943,0.017888978537071012,0.0037452506152994974,0.002688143159151169,0.003909657520017964,0.00392241056591969,0.0196295426465345,0.003720015545466789,0.005099129467064421,0.09314641025578597,0.013823150719172618,0.0045560322849772525
2609.375,7002.564,7003.077,6738.462,6794.872,6758.974,0.14420152097703193,0.021994638552230553,0.003931037314790943,0.017888978537071012,0.0037452506152994974,0.002688143159151169,0.003909657520017964,0.00392241056591969,0.0196295426465345,0.003720015545466789,0.005099129467064421,0.09314641025578597,0.013823150719172618,0.0045560322849772525
2617.1875,6973.846,6995.897,6716.41,6781.026,6733.333,0.14420152097703193,0.021994638552230553,0.003931037314790943,0.017888978537071012,0.0037452506152994974,0.002688143159151169,0.003909657520017964,0.00392241056591969,0.0196295426465345,0.003720015545466789,0.005099129467064421,0.09314641025578597,0.013823150719172618,0.0045560322849772525
2625.0,6960.0,7007.692,6711.282,6785.641,6714.872,0.14420152097703193,0.021994638552230553,0.003931037314790943,0.017888978537071012,0.0037452506152994974,0.002688143159151169,0.003909657520017964,0.00392241056591969,0.0196295426465345,0.003720015545466789,0.005099129467064421,0.09314641025578597,0.013823150719172618,0.0045560322849772525
2632.8125,6961.026,7006.154,6716.41,6797.436,6717.436,0.14420152097703193,0.021994638552230553,0.003931037314790943,0.017888978537071012,0.0037452506152994974,0.002688143159151169,0.003909657520017964,0.00392241056591969,0.0196295426465345,0.003720015545466789,0.005099129467064421,0.09314641025578597,0.013823150719172618,0.0045560322849772525
2640.625,6962.051,7000.0,6714.872,6795.385,6729.231,0.14420152097703193,0.021994638552230553,0.003931037314790943,0.017888978537071012,0.0037452506152994974,0.002688143159151169,0.003909657520017964,0.00392241056591969,0.0196295426465345,0.003720015545466789,0.005099129467064421,0.09314641025578597,0.013823150719172618,0.0045560322849772525
2648.4375,6964.103,7007.692,6712.308,6788.718,6735.897,0.14420152097703193,0.021994638552230553,0.003931037314790943,0.017888978537071012,0.0037452506152994974,0.002688143159151169,0.003909657520017964,0.00392241056591969,0.0196295426465345,0.003720015545466789,0.005099129467064421,0.09314641025578597,0.013823150719172618,0.0045560322849772525
2656.25,6968.205,7010.769,6712.308,6797.436,6737.949,0.14420152097703193,0.021994638552230553,0.003931037314790943,0.017888978537071012,0.0037452506152994974,0.002688143159151169,0.003909657520017964,0.00392241056591969,0.0196295426465345,0.003720015545466789,0.005099129467064421,0.09314641025578597,0.013823150719172618,0.0045560322849772525
2664.0625,6970.256,7008.205,6709.744,6805.128,6742.051,0.14420152097703193,0.021994638552230553,0.003931037314790943,0.017888978537071012,0.0037452506152994974,0.002688143159151169,0.003909657520017964,0.00392241056591969,0.0196295426465345,0.003720015545466789,0.005099129467064421,0.09314641025578597,0.013823150719172618,0.0045560322849772525
2671.875,6964.615,7007.692,6700.0,6793.846,6736.41,0.14420152097703193,0.021994638552230553,0.003931037314790943,0.017888978537071012,0.0037452506152994974,0.002688143159151169,0.003909657520017964,0.00392241056591969,0.0196295426465345,0.003720015545466789,0.005099129467064421,0.09314641025578597,0.013823150719172618,0.0045560322849772525
2679.6875,6960.513,7000.0,6686.667,6778.462,6723.077,0.14420152097703193,0.021994638552230553,0.003931037314790943,0.017888978537071012,0.0037452506152994974,0.002688143159151169,0.003909657520017964,0.00392241056591969,0.0196295426465345,0.003720015545466789,0.005099129467064421,0.09314641025578597,0.013823150719172618,0.0045560322849772525
2687.5,6958.462,6994.359,6681.026,6765.128,6723.59,0.14420152097703193,0.021994638552230553,0.003931037314790943,0.017888978537071012,0.0037452506152994974,0.002688143159151169,0.003909657520017964,0.00392241056591969,0.0196295426465345,0.003720015545466789,0.005099129467064421,0.09314641025578597,0.013823150719172618,0.0045560322849772525
2695.3125,6944.615,6994.359,6686.667,6746.667,6720.513,0.14420152097703193,0.021994638552230553,0.003931037314790943,0.017888978537071012,0.0037452506152994974,0.002688143159151169,0.003909657520017964,0.00392241056591969,0.0196295426465345,0.003720015545466789,0.005099129467064421,0.09314641025578597,0.013823150719172618,0.0045560322849772525
2703.125,6926.154,6991.795,6688.718,6731.282,6696.923,0.14420152097703193,0.021994638552230553,0.003931037314790943,0.017888978537071012,0.0037452506152994974,0.002688143159151169,0.003909657520017964,0.00392241056591969,0.0196295426465345,0.003720015545466789,0.005099129467064421,0.09314641025578597,0.013823150719172618,0.0045560322849772525
2710.9375,6913.846,6995.897,6680.0,6726.667,6676.923,0.14420152097703193,0.021994638552230553,0.003931037314790943,0.017888978537071012,0.0037452506152994974,0.002688143159151169,0.003909657520017964,0.00392241056591969,0.0196295426465345,0.003720015545466789,0.005099129467064421,0.09314641025578597,0.013823150719172618,0.0045560322849772525
2718.75,6910.256,6998.974,6678.974,6732.821,6678.462,0.14420152097703193,0.021994638552230553,0.003931037314790943,0.017888978537071012,0.0037452506152994974,0.002688143159151169,0.003909657520017964,0.00392241056591969,0.0196295426465345,0.003720015545466789,0.005099129467064421,0.09314641025578597,0.013823150719172618,0.0045560322849772525
2726.5625,6911.795,6992.308,6684.103,6745.128,6683.59,0.14420152097703193,0.021994638552230553,0.003931037314790943,0.017888978537071012,0.0037452506152994974,0.002688143159151169,0.003909657520017964,0.00392241056591969,0.0196295426465345,0.003720015545466789,0.005099129467064421,0.09314641025578597,0.013823150719172618,0.0045560322849772525
2734.375,6910.256,6989.231,6678.462,6748.718,6681.538,0.14420152097703193,0.021994638552230553,0.003931037314790943,0.017888978537071012,0.0037452506152994974,0.002688143159151169,0.003909657520017964,0.00392241056591969,0.0196295426465345,0.003720015545466789,0.005099129467064421,0.09314641025578597,0.013823150719172618,0.0045560322849772525
2742.1875,6908.718,6988.205,6674.872,6741.538,6685.128,0.14420152097703193,0.021994638552230553,0.003931037314790943,0.017888978537071012,0.0037452506152994974,0.002688143159151169,0.003909657520017964,0.00392241056591969,0.0196295426465345,0.003720015545466789,0.005099129467064421,0.09314641025578597,0.013823150719172618,0.0045560322849772525
2750.0,6908.205,6980.513,6679.487,6725.641,6678.974,0.14420152097703193,0.021994638552230553,0.003931037314790943,0.017888978537071012,0.0037452506152994974,0.002688143159151169,0.003909657520017964,0.00392241056591969,0.0196295426465345,0.003720015545466789,0.005099129467064421,0.09314641025578597,0.013823150719172618,0.0045560322849772525
2757.8125,6901.538,6973.846,6675.385,6708.205,6663.59,0.14420152097703193,0.021994638552230553,0.003931037314790943,0.017888978537071012,0.0037452506152994974,0.002688143159151169,0.003909657520017964,0.00392241056591969,0.0196295426465345,0.003720015545466789,0.005099129467064421,0.09314641025578597,0.013823150719172618,0.0045560322849772525
2765.625,6895.897,6975.385,6665.641,6705.641,6664.103,0.14420152097703193,0.021994638552230553,0.003931037314790943,0.017888978537071012,0.0037452506152994974,0.002688143159151169,0.003909657520017964,0.00392241056591969,0.0196295426465345,0.003720015545466789,0.005099129467064421,0.09314641025578597,0.013823150719172618,0.0045560322849772525
2773.4375,6908.205,6981.026,6669.231,6725.128,6677.949,0.14420152097703193,0.021994638552230553,0.003931037314790943,0.017888978537071012,0.0037452506152994974,0.002688143159151169,0.003909657520017964,0.00392241056591969,0.0196295426465345,0.003720015545466789,0.005099129467064421,0.09314641025578597,0.013823150719172618,0.0045560322849772525
2781.25,6922.564,6978.974,6671.795,6739.487,6685.641,0.14420152097703193,0.021994638552230553,0.003931037314790943,0.017888978537071012,0.0037452506152994974,0.002688143159151169,0.003909657520017964,0.00392241056591969,0.0196295426465345,0.003720015545466789,0.005099129467064421,0.09314641025578597,0.013823150719172618,0.0045560322849772525
2789.0625,6916.41,6965.641,6655.897,6732.308,6685.128,0.14420152097703193,0.021994638552230553,0.003931037314790943,0.017888978537071012,0.0037452506152994974,0.002688143159151169,0.003909657520017964,0.00392241056591969,0.0196295426465345,0.003720015545466789,0.005099129467064421,0.09314641025578597,0.013823150719172618,0.0045560322849772525
2796.875,6902.564,6962.564,6640.513,6723.59,6678.974,0.14420152097703193,0.021994638552230553,0.003931037314790943,0.017888978537071012,0.0037452506152994974,0.002688143159151169,0.003909657520017964,0.00392241056591969,0.0196295426465345,0.003720015545466789,0.005099129467064421,0.09314641025578597,0.013823150719172618,0.0045560322849772525
2804.6875,6890.256,6967.692,6634.872,6719.487,6662.051,0.14420152097703193,0.021994638552230553,0.003931037314790943,0.017888978537071012,0.0037452506152994974,0.002688143159151169,0.003909657520017964,0.00392241056591969,0.0196295426465345,0.003720015545466789,0.005099129467064421,0.09314641025578597,0.013823150719172618,0.0045560322849772525
2812.5,6875.897,6961.026,6625.128,6706.667,6641.026,0.14420152097703193,0.021994638552230553,0.003931037314790943,0.017888978537071012,0.0037452506152994974,0.002688143159151169,0.003909657520017964,0.00392241056591969,0.0196295426465345,0.003720015545466789,0.005099129467064421,0.09314641025578597,0.013823150719172618,0.0045560322849772525
2820.3125,6862.564,6946.667,6611.282,6687.692,6623.59,0.14420152097703193,0.021994638552230553,0.003931037314790943,0.017888978537071012,0.0037452506152994974,0.002688143159151169,0.003909657520017964,0.00392241056591969,0.0196295426465345,0.003720015545466789,0.005099129467064421,0.09314641025578597,0.013823150719172618,0.0045560322849772525
2828.125,6863.59,6945.128,6611.795,6679.487,6622.051,0.14420152097703193,0.021994638552230553,0.003931037314790943,0.017888978537071012,0.0037452506152994974,0.002688143159151169,0.003909657520017964,0.00392241056591969,0.0196295426465345,0.003720015545466789,0.005099129467064421,0.09314641025578597,0.013823150719172618,0.0045560322849772525
2835.9375,6871.795,6949.744,6618.974,6673.846,6628.718,0.14420152097703193,0.021994638552230553,0.003931037314790943,0.017888978537071012,0.0037452506152994974,0.002688143159151169,0.003909657520017964,0.00392241056591969,0.0196295426465345,0.003720015545466789,0.005099129467064421,0.09314641025578597,0.013823150719172618,0.0045560322849772525
2843.75,6866.667,6940.513,6611.795,6658.462,6622.564,0.14420152097703193,0.021994638552230553,0.003931037314790943,0.017888978537071012,0.0037452506152994974,0.002688143159151169,0.003909657520017964,0.00392241056591969,0.0196295426465345,0.003720015545466789,0.005099129467064421,0.09314641025578597,0.013823150719172618,0.0045560322849772525
2851.5625,6864.615,6927.692,6601.538,6649.744,6618.974,0.14420152097703193,0.021994638552230553,0.003931037314790943,0.017888978537071012,0.0037452506152994974,0.002688143159151169,0.003909657520017964,0.00392241056591969,0.0196295426465345,0.003720015545466789,0.005099129467064421,0.09314641025578597,0.013823150719172618,0.0045560322849772525
2859.375,6877.436,6926.154,6595.897,6656.923,6628.205,0.14420152097703193,0.021994638552230553,0.003931037314790943,0.017888978537071012,0.0037452506152994974,0.002688143159151169,0.003909657520017964,0.00392241056591969,0.0196295426465345,0.003720015545466789,0.005099129467064421,0.09314641025578597,0.013823150719172618,0.0045560322849772525
2867.1875,6885.128,6929.744,6585.128,6666.154,6632.308,0.14420152097703193,0.021994638552230553,0.003931037314790943,0.017888978537071012,0.0037452506152994974,0.002688143159151169,0.003909657520017964,0.00392241056591969,0.0196295426465345,0.003720015545466789,0.005099129467064421,0.09314641025578597,0.013823150719172618,0.0045560322849772525
2875.0,6887.692,6927.692,6572.308,6671.282,6629.744,0.14420152097703193,0.021994638552230553,0.003931037314790943,0.017888978537071012,0.0037452506152994974,0.002688143159151169,0.003909657520017964,0.00392241056591969,0.0196295426465345,0.003720015545466789,0.005099129467064421,0.09314641025578597,0.013823150719172618,0.0045560322849772525
2882.8125,6908.205,6922.051,6566.154,6666.154,6637.949,0.14420152097703193,0.021994638552230553,0.003931037314790943,0.017888978537071012,0.0037452506152994974,0.002688143159151169,0.003909657520017964,0.00392241056591969,0.0196295426465345,0.003720015545466789,0.005099129467064421,0.09314641025578597,0.013823150719172618,0.0045560322849772525
2890.625,6942.564,6914.359,6565.641,6649.744,6655.385,0.14420152097703193,0.021994638552230553,0.003931037314790943,0.017888978537071012,0.0037452506152994974,0.002688143159151169,0.003909657520017964,0.00392241056591969,0.0196295426465345,0.003720015545466789,0.005099129467064421,0.09314641025578597,0.013823150719172618,0.0045560322849772525
2898.4375,6980.0,6915.385,6563.077,6634.872,6678.974,0.14420152097703193,0.021994638552230553,0.003931037314790943,0.017888978537071012,0.0037452506152994974,0.002688143159151169,0.003909657520017964,0.00392241056591969,0.0196295426465345,0.003720015545466789,0.005099129467064421,0.09314641025578597,0.013823150719172618,0.0045560322849772525
2906.25,7027.692,6925.128,6557.949,6628.205,6712.308,0.14420152097703193,0.021994638552230553,0.003931037314790943,0.017888978537071012,0.0037452506152994974,0.002688143159151169,0.003909657520017964,0.00392241056591969,0.0196295426465345,0.003720015545466789,0.005099129467064421,0.09314641025578597,0.013823150719172618,0.0045560322849772525
2914.0625,7091.795,6926.154,6554.359,6622.564,6755.897,0.14420152097703193,0.021994638552230553,0.003931037314790943,0.017888978537071012,0.0037452506152994974,0.002688143159151169,0.003909657520017964,0.00392241056591969,0.0196295426465345,0.003720015545466789,0.005099129467064421,0.09314641025578597,0.013823150719172618,0.0045560322849772525
2921.875,7154.872,6926.667,6556.923,6614.872,6796.41,0.14420152097703193,0.021994638552230553,0.003931037314790943,0.017888978537071012,0.0037452506152994974,0.002688143159151169,0.003909657520017964,0.00392241056591969,0.0196295426465345,0.003720015545466789,0.005099129467064421,0.09314641025578597,0.013823150719172618,0.0045560322849772525
2929.6875,7185.641,6929.231,6557.949,6609.744,6814.872,0.14420152097703193,0.021994638552230553,0.003931037314790943,0.017888978537071012,0.0037452506152994974,0.002688143159151169,0.003909657520017964,0.00392241056591969,0.0196295426465345,0.003720015545466789,0.005099129467064421,0.09314641025578597,0.013823150719172618,0.0045560322849772525
2937.5,7188.205,6922.051,6553.846,6607.179,6814.359,0.14420152097703193,0.021994638552230553,0.003931037314790943,0.017888978537071012,0.0037452506152994974,0.002688143159151169,0.003909657520017964,0.00392241056591969,0.0196295426465345,0.003720015545466789,0.005099129467064421,0.09314641025578597,0.013823150719172618,0.0045560322849772525
2945.3125,7182.051,6910.256,6554.359,6608.718,6813.333,0.14420152097703193,0.021994638552230553,0.003931037314790943,0.017888978537071012,0.0037452506152994974,0.002688143159151169,0.003909657520017964,0.00392241056591969,0.0196295426465345,0.003720015545466789,0.005099129467064421,0.09314641025578597,0.013823150719172618,0.0045560322849772525
2953.125,7147.179,6909.231,6550.256,6611.282,6798.974,0.14420152097703193,0.021994638552230553,0.003931037314790943,0.017888978537071012,0.0037452506152994974,0.002688143159151169,0.003909657520017964,0.00392241056591969,0.0196295426465345,0.003720015545466789,0.005099129467064421,0.09314641025578597,0.013823150719172618,0.0045560322849772525
2960.9375,7080.0,6909.744,6531.795,6603.077,6760.513,0.14420152097703193,0.021994638552230553,0.003931037314790943,0.017888978537071012,0.0037452506152994974,0.002688143159151169,0.003909657520017964,0.00392241056591969,0.0196295426465345,0.003720015545466789,0.005099129467064421,0.09314641025578597,0.013823150719172618,0.0045560322849772525
2968.75,7018.462,6899.487,6512.821,6577.949,6714.872,0.14420152097703193,0.021994638552230553,0.003931037314790943,0.017888978537071012,0.0037452506152994974,0.002688143159151169,0.003909657520017964,0.00392241056591969,0.0196295426465345,0.003720015545466789,0.005099129467064421,0.09314641025578597,0.013823150719172618,0.0045560322849772525
2976.5625,6973.846,6888.205,6506.667,6554.872,6679.487,0.14420152097703193,0.021994638552230553,0.003931037314790943,0.017888978537071012,0.0037452506152994974,0.002688143159151169,0.003909657520017964,0.00392241056591969,0.0196295426465345,0.003720015545466789,0.005099129467064421,0.09314641025578597,0.013823150719172618,0.0045560322849772525
2984.375,6930.256,6880.513,6499.487,6555.897,6649.231,0.14420152097703193,0.021994638552230553,0.003931037314790943,0.017888978537071012,0.0037452506152994974,0.002688143159151169,0.003909657520017964,0.00392241056591969,0.0196295426465345,0.003720015545466789,0.005099129467064421,0.09314641025578597,0.013823150719172618,0.0045560322849772525
2992.1875,6901.538,6876.923,6496.41,6568.718,6621.026,0.14420152097703193,0.021994638552230553,0.003931037314790943,0.017888978537071012,0.0037452506152994974,0.002688143159151169,0.003909657520017964,0.00392241056591969,0.0196295426465345,0.003720015545466789,0.005099129467064421,0.09314641025578597,0.013823150719172618,0.0045560322849772525
