timestamp,AF3,T7,Pz,T8,AF4,AF3_theta,AF3_alpha,AF3_beta,T7_theta,T7_mu,T7_beta,Pz_alpha,Pz_beta,T8_theta,T8_mu,T8_beta,AF4_theta,AF4_alpha,AF4_beta
0.0,4248.433,4280.969,4121.88,4153.504,4204.9,0.1204214785959798,0.029736521022304622,0.03781688548905591,0.0834494529233136,0.08077033681836562,0.18364666220011422,0.07599093288987628,0.15821031517981565,0.04762537803914335,0.06756366716226646,0.1817203135570236,0.1083188618378224,0.041661063887433375,0.06412825108346318
7.8125,4249.06,4280.684,4122.051,4151.282,4206.325,0.1204214785959798,0.029736521022304622,0.03781688548905591,0.0834494529233136,0.08077033681836562,0.18364666220011422,0.07599093288987628,0.15821031517981565,0.04762537803914335,0.06756366716226646,0.1817203135570236,0.1083188618378224,0.041661063887433375,0.06412825108346318
15.625,4249.687,4280.399,4122.222,4149.06,4207.749,0.1204214785959798,0.029736521022304622,0.03781688548905591,0.0834494529233136,0.08077033681836562,0.18364666220011422,0.07599093288987628,0.15821031517981565,0.04762537803914335,0.06756366716226646,0.1817203135570236,0.1083188618378224,0.041661063887433375,0.06412825108346318
23.4375,4250.313,4280.114,4122.393,4146.838,4209.174,0.1204214785959798,0.029736521022304622,0.03781688548905591,0.0834494529233136,0.08077033681836562,0.18364666220011422,0.07599093288987628,0.15821031517981565,0.04762537803914335,0.06756366716226646,0.1817203135570236,0.1083188618378224,0.041661063887433375,0.06412825108346318
31.25,4250.94,4279.829,4122.564,4144.615,4210.598,0.1204214785959798,0.029736521022304622,0.03781688548905591,0.0834494529233136,0.08077033681836562,0.18364666220011422,0.07599093288987628,0.15821031517981565,0.04762537803914335,0.06756366716226646,0.1817203135570236,0.1083188618378224,0.041661063887433375,0.06412825108346318
39.0625,4251.567,4279.544,4122.735,4142.393,4212.023,0.1204214785959798,0.029736521022304622,0.03781688548905591,0.0834494529233136,0.08077033681836562,0.18364666220011422,0.07599093288987628,0.15821031517981565,0.04762537803914335,0.06756366716226646,0.1817203135570236,0.1083188618378224,0.041661063887433375,0.06412825108346318
46.875,4252.194,4279.259,4122.906,4140.171,4213.447,0.1204214785959798,0.029736521022304622,0.03781688548905591,0.0834494529233136,0.08077033681836562,0.18364666220011422,0.07599093288987628,0.15821031517981565,0.04762537803914335,0.06756366716226646,0.1817203135570236,0.1083188618378224,0.041661063887433375,0.06412825108346318
54.6875,4252.821,4278.974,4123.077,4137.949,4214.872,0.1204214785959798,0.029736521022304622,0.03781688548905591,0.0834494529233136,0.08077033681836562,0.18364666220011422,0.07599093288987628,0.15821031517981565,0.04762537803914335,0.06756366716226646,0.1817203135570236,0.1083188618378224,0.041661063887433375,0.06412825108346318
62.5,4270.769,4286.154,4151.282,4151.795,4216.923,0.1204214785959798,0.029736521022304622,0.03781688548905591,0.0834494529233136,0.08077033681836562,0.18364666220011422,0.07599093288987628,0.15821031517981565,0.04762537803914335,0.06756366716226646,0.1817203135570236,0.1083188618378224,0.041661063887433375,0.06412825108346318
70.3125,4286.667,4290.256,4159.487,4168.205,4226.667,0.1204214785959798,0.029736521022304622,0.03781688548905591,0.0834494529233136,0.08077033681836562,0.18364666220011422,0.07599093288987628,0.15821031517981565,0.04762537803914335,0.06756366716226646,0.1817203135570236,0.1083188618378224,0.041661063887433375,0.06412825108346318
78.125,4272.308,4282.051,4135.897,4162.564,4222.564,0.1204214785959798,0.029736521022304622,0.03781688548905591,0.0834494529233136,0.08077033681836562,0.18364666220011422,0.07599093288987628,0.15821031517981565,0.04762537803914335,0.06756366716226646,0.1817203135570236,0.1083188618378224,0.041661063887433375,0.06412825108346318
85.9375,4274.359,4291.282,4131.795,4160.513,4229.744,0.1204214785959798,0.029736521022304622,0.03781688548905591,0.0834494529233136,0.08077033681836562,0.18364666220011422,0.07599093288987628,0.15821031517981565,0.04762537803914335,0.06756366716226646,0.1817203135570236,0.1083188618378224,0.041661063887433375,0.06412825108346318
93.75,4320.0,4341.538,4169.231,4192.821,4271.795,0.1204214785959798,0.029736521022304622,0.03781688548905591,0.0834494529233136,0.08077033681836562,0.18364666220011422,0.07599093288987628,0.15821031517981565,0.04762537803914335,0.06756366716226646,0.1817203135570236,0.1083188618378224,0.041661063887433375,0.06412825108346318
101.5625,4350.256,4373.846,4198.974,4225.641,4300.513,0.1204214785959798,0.029736521022304622,0.03781688548905591,0.0834494529233136,0.08077033681836562,0.18364666220011422,0.07599093288987628,0.15821031517981565,0.04762537803914335,0.06756366716226646,0.1817203135570236,0.1083188618378224,0.041661063887433375,0.06412825108346318
109.375,4316.923,4333.333,4173.846,4192.821,4261.026,0.1204214785959798,0.029736521022304622,0.03781688548905591,0.0834494529233136,0.08077033681836562,0.18364666220011422,0.07599093288987628,0.15821031517981565,0.04762537803914335,0.06756366716226646,0.1817203135570236,0.1083188618378224,0.041661063887433375,0.06412825108346318
117.1875,4258.974,4271.795,4126.667,4116.923,4187.179,0.1204214785959798,0.029736521022304622,0.03781688548905591,0.0834494529233136,0.08077033681836562,0.18364666220011422,0.07599093288987628,0.15821031517981565,0.04762537803914335,0.06756366716226646,0.1817203135570236,0.1083188618378224,0.041661063887433375,0.06412825108346318
125.0,4265.641,4277.436,4136.41,4115.385,4188.205,0.1204214785959798,0.029736521022304622,0.03781688548905591,0.0834494529233136,0.08077033681836562,0.18364666220011422,0.07599093288987628,0.15821031517981565,0.04762537803914335,0.06756366716226646,0.1817203135570236,0.1083188618378224,0.041661063887433375,0.06412825108346318
132.8125,4265.299,4277.208,4132.934,4116.296,4188.376,0.1204214785959798,0.029736521022304622,0.03781688548905591,0.0834494529233136,0.08077033681836562,0.18364666220011422,0.07599093288987628,0.15821031517981565,0.04762537803914335,0.06756366716226646,0.1817203135570236,0.1083188618378224,0.041661063887433375,0.06412825108346318
140.625,4264.957,4276.98,4129.459,4117.208,4188.547,0.1204214785959798,0.029736521022304622,0.03781688548905591,0.0834494529233136,0.08077033681836562,0.18364666220011422,0.07599093288987628,0.15821031517981565,0.04762537803914335,0.06756366716226646,0.1817203135570236,0.1083188618378224,0.041661063887433375,0.06412825108346318
148.4375,4264.615,4276.752,4125.983,4118.12,4188.718,0.1204214785959798,0.029736521022304622,0.03781688548905591,0.0834494529233136,0.08077033681836562,0.18364666220011422,0.07599093288987628,0.15821031517981565,0.04762537803914335,0.06756366716226646,0.1817203135570236,0.1083188618378224,0.041661063887433375,0.06412825108346318
156.25,4264.274,4276.524,4122.507,4119.031,4188.889,0.1204214785959798,0.029736521022304622,0.03781688548905591,0.0834494529233136,0.08077033681836562,0.18364666220011422,0.07599093288987628,0.15821031517981565,0.04762537803914335,0.06756366716226646,0.1817203135570236,0.1083188618378224,0.041661063887433375,0.06412825108346318
164.0625,4263.932,4276.296,4119.031,4119.943,4189.06,0.1204214785959798,0.029736521022304622,0.03781688548905591,0.0834494529233136,0.08077033681836562,0.18364666220011422,0.07599093288987628,0.15821031517981565,0.04762537803914335,0.06756366716226646,0.1817203135570236,0.1083188618378224,0.041661063887433375,0.06412825108346318
171.875,4263.59,4276.068,4115.556,4120.855,4189.231,0.1204214785959798,0.029736521022304622,0.03781688548905591,0.0834494529233136,0.08077033681836562,0.18364666220011422,0.07599093288987628,0.15821031517981565,0.04762537803914335,0.06756366716226646,0.1817203135570236,0.1083188618378224,0.041661063887433375,0.06412825108346318
179.6875,4263.248,4275.84,4112.08,4121.766,4189.402,0.1204214785959798,0.029736521022304622,0.03781688548905591,0.0834494529233136,0.08077033681836562,0.18364666220011422,0.07599093288987628,0.15821031517981565,0.04762537803914335,0.06756366716226646,0.1817203135570236,0.1083188618378224,0.041661063887433375,0.06412825108346318
187.5,4262.906,4275.613,4108.604,4122.678,4189.573,0.1204214785959798,0.029736521022304622,0.03781688548905591,0.0834494529233136,0.08077033681836562,0.18364666220011422,0.07599093288987628,0.15821031517981565,0.04762537803914335,0.06756366716226646,0.1817203135570236,0.1083188618378224,0.041661063887433375,0.06412825108346318
195.3125,4262.564,4275.385,4105.128,4123.59,4189.744,0.1204214785959798,0.029736521022304622,0.03781688548905591,0.0834494529233136,0.08077033681836562,0.18364666220011422,0.07599093288987628,0.15821031517981565,0.04762537803914335,0.06756366716226646,0.1817203135570236,0.1083188618378224,0.041661063887433375,0.06412825108346318
203.125,4236.923,4253.846,4085.128,4093.846,4174.359,0.1204214785959798,0.029736521022304622,0.03781688548905591,0.0834494529233136,0.08077033681836562,0.18364666220011422,0.07599093288987628,0.15821031517981565,0.04762537803914335,0.06756366716226646,0.1817203135570236,0.1083188618378224,0.041661063887433375,0.06412825108346318
210.9375,4212.821,4220.0,4074.359,4073.846,4153.333,0.1204214785959798,0.029736521022304622,0.03781688548905591,0.0834494529233136,0.08077033681836562,0.18364666220011422,0.07599093288987628,0.15821031517981565,0.04762537803914335,0.06756366716226646,0.1817203135570236,0.1083188618378224,0.041661063887433375,0.06412825108346318
218.75,4198.462,4206.667,4055.385,4069.744,4132.308,0.1204214785959798,0.029736521022304622,0.03781688548905591,0.0834494529233136,0.08077033681836562,0.18364666220011422,0.07599093288987628,0.15821031517981565,0.04762537803914335,0.06756366716226646,0.1817203135570236,0.1083188618378224,0.041661063887433375,0.06412825108346318
226.5625,4213.846,4227.692,4066.667,4093.846,4152.308,0.1204214785959798,0.029736521022304622,0.03781688548905591,0.0834494529233136,0.08077033681836562,0.18364666220011422,0.07599093288987628,0.15821031517981565,0.04762537803914335,0.06756366716226646,0.1817203135570236,0.1083188618378224,0.041661063887433375,0.06412825108346318
234.375,4249.231,4255.897,4111.282,4130.256,4200.513,0.1204214785959798,0.029736521022304622,0.03781688548905591,0.0834494529233136,0.08077033681836562,0.18364666220011422,0.07599093288987628,0.15821031517981565,0.04762537803914335,0.06756366716226646,0.1817203135570236,0.1083188618378224,0.041661063887433375,0.06412825108346318
242.1875,4302.051,4289.231,4162.051,4172.308,4246.667,0.1204214785959798,0.029736521022304622,0.03781688548905591,0.0834494529233136,0.08077033681836562,0.18364666220011422,0.07599093288987628,0.15821031517981565,0.04762537803914335,0.06756366716226646,0.1817203135570236,0.1083188618378224,0.041661063887433375,0.06412825108346318
250.0,4295.897,4282.051,4148.205,4163.59,4228.718,0.1204214785959798,0.029736521022304622,0.03781688548905591,0.0834494529233136,0.08077033681836562,0.18364666220011422,0.07599093288987628,0.15821031517981565,0.04762537803914335,0.06756366716226646,0.1817203135570236,0.1083188618378224,0.041661063887433375,0.06412825108346318
257.8125,4210.769,4227.692,4074.872,4087.692,4153.333,0.1204214785959798,0.029736521022304622,0.03781688548905591,0.0834494529233136,0.08077033681836562,0.18364666220011422,0.07599093288987628,0.15821031517981565,0.04762537803914335,0.06756366716226646,0.1817203135570236,0.1083188618378224,0.041661063887433375,0.06412825108346318
265.625,4210.826,4228.604,4078.348,4089.117,4154.872,0.1204214785959798,0.029736521022304622,0.03781688548905591,0.0834494529233136,0.08077033681836562,0.18364666220011422,0.07599093288987628,0.15821031517981565,0.04762537803914335,0.06756366716226646,0.1817203135570236,0.1083188618378224,0.041661063887433375,0.06412825108346318
273.4375,4210.883,4229.516,4081.823,4090.541,4156.41,0.1204214785959798,0.029736521022304622,0.03781688548905591,0.0834494529233136,0.08077033681836562,0.18364666220011422,0.07599093288987628,0.15821031517981565,0.04762537803914335,0.06756366716226646,0.1817203135570236,0.1083188618378224,0.041661063887433375,0.06412825108346318
281.25,4210.94,4230.427,4085.299,4091.966,4157.949,0.1204214785959798,0.029736521022304622,0.03781688548905591,0.0834494529233136,0.08077033681836562,0.18364666220011422,0.07599093288987628,0.15821031517981565,0.04762537803914335,0.06756366716226646,0.1817203135570236,0.1083188618378224,0.041661063887433375,0.06412825108346318
289.0625,4210.997,4231.339,4088.775,4093.39,4159.487,0.1204214785959798,0.029736521022304622,0.03781688548905591,0.0834494529233136,0.08077033681836562,0.18364666220011422,0.07599093288987628,0.15821031517981565,0.04762537803914335,0.06756366716226646,0.1817203135570236,0.1083188618378224,0.041661063887433375,0.06412825108346318
296.875,4211.054,4232.251,4092.251,4094.815,4161.026,0.1204214785959798,0.029736521022304622,0.03781688548905591,0.0834494529233136,0.08077033681836562,0.18364666220011422,0.07599093288987628,0.15821031517981565,0.04762537803914335,0.06756366716226646,0.1817203135570236,0.1083188618378224,0.041661063887433375,0.06412825108346318
304.6875,4211.111,4233.162,4095.726,4096.239,4162.564,0.1204214785959798,0.029736521022304622,0.03781688548905591,0.0834494529233136,0.08077033681836562,0.18364666220011422,0.07599093288987628,0.15821031517981565,0.04762537803914335,0.06756366716226646,0.1817203135570236,0.1083188618378224,0.041661063887433375,0.06412825108346318
312.5,4211.168,4234.074,4099.202,4097.664,4164.103,0.1204214785959798,0.029736521022304622,0.03781688548905591,0.0834494529233136,0.08077033681836562,0.18364666220011422,0.07599093288987628,0.15821031517981565,0.04762537803914335,0.06756366716226646,0.1817203135570236,0.1083188618378224,0.041661063887433375,0.06412825108346318
320.3125,4211.225,4234.986,4102.678,4099.088,4165.641,0.1204214785959798,0.029736521022304622,0.03781688548905591,0.0834494529233136,0.08077033681836562,0.18364666220011422,0.07599093288987628,0.15821031517981565,0.04762537803914335,0.06756366716226646,0.1817203135570236,0.1083188618378224,0.041661063887433375,0.06412825108346318
328.125,4211.282,4235.897,4106.154,4100.513,4167.179,0.1204214785959798,0.029736521022304622,0.03781688548905591,0.0834494529233136,0.08077033681836562,0.18364666220011422,0.07599093288987628,0.15821031517981565,0.04762537803914335,0.06756366716226646,0.1817203135570236,0.1083188618378224,0.041661063887433375,0.06412825108346318
335.9375,4204.103,4206.154,4086.667,4071.282,4137.949,0.1204214785959798,0.029736521022304622,0.03781688548905591,0.0834494529233136,0.08077033681836562,0.18364666220011422,0.07599093288987628,0.15821031517981565,0.04762537803914335,0.06756366716226646,0.1817203135570236,0.1083188618378224,0.041661063887433375,0.06412825108346318
343.75,4213.333,4205.641,4072.308,4067.692,4146.154,0.1204214785959798,0.029736521022304622,0.03781688548905591,0.0834494529233136,0.08077033681836562,0.18364666220011422,0.07599093288987628,0.15821031517981565,0.04762537803914335,0.06756366716226646,0.1817203135570236,0.1083188618378224,0.041661063887433375,0.06412825108346318
351.5625,4213.846,4234.359,4078.974,4067.692,4165.128,0.1204214785959798,0.029736521022304622,0.03781688548905591,0.0834494529233136,0.08077033681836562,0.18364666220011422,0.07599093288987628,0.15821031517981565,0.04762537803914335,0.06756366716226646,0.1817203135570236,0.1083188618378224,0.041661063887433375,0.06412825108346318
359.375,4202.564,4209.744,4070.769,4063.59,4154.872,0.1204214785959798,0.029736521022304622,0.03781688548905591,0.0834494529233136,0.08077033681836562,0.18364666220011422,0.07599093288987628,0.15821031517981565,0.04762537803914335,0.06756366716226646,0.1817203135570236,0.1083188618378224,0.041661063887433375,0.06412825108346318
367.1875,4195.897,4180.513,4058.462,4069.744,4142.564,0.1204214785959798,0.029736521022304622,0.03781688548905591,0.0834494529233136,0.08077033681836562,0.18364666220011422,0.07599093288987628,0.15821031517981565,0.04762537803914335,0.06756366716226646,0.1817203135570236,0.1083188618378224,0.041661063887433375,0.06412825108346318
375.0,4200.0,4200.0,4070.769,4074.872,4144.615,0.1204214785959798,0.029736521022304622,0.03781688548905591,0.0834494529233136,0.08077033681836562,0.18364666220011422,0.07599093288987628,0.15821031517981565,0.04762537803914335,0.06756366716226646,0.1817203135570236,0.1083188618378224,0.041661063887433375,0.06412825108346318
382.8125,4190.769,4198.974,4067.692,4069.744,4138.974,0.1204214785959798,0.029736521022304622,0.03781688548905591,0.0834494529233136,0.08077033681836562,0.18364666220011422,0.07599093288987628,0.15821031517981565,0.04762537803914335,0.06756366716226646,0.1817203135570236,0.1083188618378224,0.041661063887433375,0.06412825108346318
390.625,4180.513,4174.872,4051.282,4071.282,4137.436,0.1204214785959798,0.029736521022304622,0.03781688548905591,0.0834494529233136,0.08077033681836562,0.18364666220011422,0.07599093288987628,0.15821031517981565,0.04762537803914335,0.06756366716226646,0.1817203135570236,0.1083188618378224,0.041661063887433375,0.06412825108346318
398.4375,4180.0,4169.744,4047.179,4071.282,4145.641,0.1204214785959798,0.029736521022304622,0.03781688548905591,0.0834494529233136,0.08077033681836562,0.18364666220011422,0.07599093288987628,0.15821031517981565,0.04762537803914335,0.06756366716226646,0.1817203135570236,0.1083188618378224,0.041661063887433375,0.06412825108346318
406.25,4174.359,4169.231,4045.641,4058.974,4138.462,0.1204214785959798,0.029736521022304622,0.03781688548905591,0.0834494529233136,0.08077033681836562,0.18364666220011422,0.07599093288987628,0.15821031517981565,0.04762537803914335,0.06756366716226646,0.1817203135570236,0.1083188618378224,0.041661063887433375,0.06412825108346318
414.0625,4173.846,4168.718,4048.205,4060.513,4134.872,0.1204214785959798,0.029736521022304622,0.03781688548905591,0.0834494529233136,0.08077033681836562,0.18364666220011422,0.07599093288987628,0.15821031517981565,0.04762537803914335,0.06756366716226646,0.1817203135570236,0.1083188618378224,0.041661063887433375,0.06412825108346318
421.875,4184.615,4185.128,4058.974,4070.256,4150.256,0.1204214785959798,0.029736521022304622,0.03781688548905591,0.0834494529233136,0.08077033681836562,0.18364666220011422,0.07599093288987628,0.15821031517981565,0.04762537803914335,0.06756366716226646,0.1817203135570236,0.1083188618378224,0.041661063887433375,0.06412825108346318
429.6875,4183.59,4192.821,4049.744,4067.692,4154.872,0.1204214785959798,0.029736521022304622,0.03781688548905591,0.0834494529233136,0.08077033681836562,0.18364666220011422,0.07599093288987628,0.15821031517981565,0.04762537803914335,0.06756366716226646,0.1817203135570236,0.1083188618378224,0.041661063887433375,0.06412825108346318
437.5,4167.179,4180.513,4030.256,4053.846,4142.564,0.1204214785959798,0.029736521022304622,0.03781688548905591,0.0834494529233136,0.08077033681836562,0.18364666220011422,0.07599093288987628,0.15821031517981565,0.04762537803914335,0.06756366716226646,0.1817203135570236,0.1083188618378224,0.041661063887433375,0.06412825108346318
445.3125,4166.154,4173.333,4033.846,4041.538,4134.359,0.1204214785959798,0.029736521022304622,0.03781688548905591,0.0834494529233136,0.08077033681836562,0.18364666220011422,0.07599093288987628,0.15821031517981565,0.04762537803914335,0.06756366716226646,0.1817203135570236,0.1083188618378224,0.041661063887433375,0.06412825108346318
453.125,4174.872,4173.333,4041.026,4034.359,4134.359,0.1204214785959798,0.029736521022304622,0.03781688548905591,0.0834494529233136,0.08077033681836562,0.18364666220011422,0.07599093288987628,0.15821031517981565,0.04762537803914335,0.06756366716226646,0.1817203135570236,0.1083188618378224,0.041661063887433375,0.06412825108346318
460.9375,4166.667,4164.103,4029.744,4024.103,4122.564,0.1204214785959798,0.029736521022304622,0.03781688548905591,0.0834494529233136,0.08077033681836562,0.18364666220011422,0.07599093288987628,0.15821031517981565,0.04762537803914335,0.06756366716226646,0.1817203135570236,0.1083188618378224,0.041661063887433375,0.06412825108346318
468.75,4151.282,4157.949,4015.897,4016.923,4109.744,0.1204214785959798,0.029736521022304622,0.03781688548905591,0.0834494529233136,0.08077033681836562,0.18364666220011422,0.07599093288987628,0.15821031517981565,0.04762537803914335,0.06756366716226646,0.1817203135570236,0.1083188618378224,0.041661063887433375,0.06412825108346318
476.5625,4151.795,4170.769,4023.077,4028.718,4114.872,0.1204214785959798,0.029736521022304622,0.03781688548905591,0.0834494529233136,0.08077033681836562,0.18364666220011422,0.07599093288987628,0.15821031517981565,0.04762537803914335,0.06756366716226646,0.1817203135570236,0.1083188618378224,0.041661063887433375,0.06412825108346318
484.375,4165.641,4175.897,4036.923,4048.718,4129.231,0.1204214785959798,0.029736521022304622,0.03781688548905591,0.0834494529233136,0.08077033681836562,0.18364666220011422,0.07599093288987628,0.15821031517981565,0.04762537803914335,0.06756366716226646,0.1817203135570236,0.1083188618378224,0.041661063887433375,0.06412825108346318
492.1875,4169.231,4164.103,4040.513,4050.256,4135.385,0.1204214785959798,0.029736521022304622,0.03781688548905591,0.0834494529233136,0.08077033681836562,0.18364666220011422,0.07599093288987628,0.15821031517981565,0.04762537803914335,0.06756366716226646,0.1817203135570236,0.1083188618378224,0.041661063887433375,0.06412825108346318
500.0,4173.333,4164.615,4052.821,4050.256,4137.436,0.1204214785959798,0.029736521022304622,0.03781688548905591,0.0834494529233136,0.08077033681836562,0.18364666220011422,0.07599093288987628,0.15821031517981565,0.04762537803914335,0.06756366716226646,0.1817203135570236,0.1083188618378224,0.041661063887433375,0.06412825108346318
507.8125,4184.103,4181.538,4068.205,4063.077,4144.615,0.1204214785959798,0.029736521022304622,0.03781688548905591,0.0834494529233136,0.08077033681836562,0.18364666220011422,0.07599093288987628,0.15821031517981565,0.04762537803914335,0.06756366716226646,0.1817203135570236,0.1083188618378224,0.041661063887433375,0.06412825108346318
515.625,4171.282,4174.359,4053.333,4055.897,4132.308,0.1204214785959798,0.029736521022304622,0.03781688548905591,0.0834494529233136,0.08077033681836562,0.18364666220011422,0.07599093288987628,0.15821031517981565,0.04762537803914335,0.06756366716226646,0.1817203135570236,0.1083188618378224,0.041661063887433375,0.06412825108346318
523.4375,4156.923,4159.487,4036.41,4043.077,4128.718,0.1204214785959798,0.029736521022304622,0.03781688548905591,0.0834494529233136,0.08077033681836562,0.18364666220011422,0.07599093288987628,0.15821031517981565,0.04762537803914335,0.06756366716226646,0.1817203135570236,0.1083188618378224,0.041661063887433375,0.06412825108346318
531.25,4168.718,4169.744,4045.128,4054.359,4150.256,0.1204214785959798,0.029736521022304622,0.03781688548905591,0.0834494529233136,0.08077033681836562,0.18364666220011422,0.07599093288987628,0.15821031517981565,0.04762537803914335,0.06756366716226646,0.1817203135570236,0.1083188618378224,0.041661063887433375,0.06412825108346318
539.0625,4156.923,4148.205,4025.641,4033.846,4134.872,0.1204214785959798,0.029736521022304622,0.03781688548905591,0.0834494529233136,0.08077033681836562,0.18364666220011422,0.07599093288987628,0.15821031517981565,0.04762537803914335,0.06756366716226646,0.1817203135570236,0.1083188618378224,0.041661063887433375,0.06412825108346318
546.875,4151.795,4130.256,4020.0,4013.333,4120.513,0.1204214785959798,0.029736521022304622,0.03781688548905591,0.0834494529233136,0.08077033681836562,0.18364666220011422,0.07599093288987628,0.15821031517981565,0.04762537803914335,0.06756366716226646,0.1817203135570236,0.1083188618378224,0.041661063887433375,0.06412825108346318
554.6875,4166.154,4153.333,4050.769,4030.769,4134.872,0.1204214785959798,0.029736521022304622,0.03781688548905591,0.0834494529233136,0.08077033681836562,0.18364666220011422,0.07599093288987628,0.15821031517981565,0.04762537803914335,0.06756366716226646,0.1817203135570236,0.1083188618378224,0.041661063887433375,0.06412825108346318
562.5,4115.385,4125.641,4005.641,3996.41,4095.897,0.1204214785959798,0.029736521022304622,0.03781688548905591,0.0834494529233136,0.08077033681836562,0.18364666220011422,0.07599093288987628,0.15821031517981565,0.04762537803914335,0.06756366716226646,0.1817203135570236,0.1083188618378224,0.041661063887433375,0.06412825108346318
570.3125,4084.103,4096.923,3961.538,3968.205,4068.205,0.1204214785959798,0.029736521022304622,0.03781688548905591,0.0834494529233136,0.08077033681836562,0.18364666220011422,0.07599093288987628,0.15821031517981565,0.04762537803914335,0.06756366716226646,0.1817203135570236,0.1083188618378224,0.041661063887433375,0.06412825108346318
578.125,4163.59,4163.077,4038.974,4045.641,4139.487,0.1204214785959798,0.029736521022304622,0.03781688548905591,0.0834494529233136,0.08077033681836562,0.18364666220011422,0.07599093288987628,0.15821031517981565,0.04762537803914335,0.06756366716226646,0.1817203135570236,0.1083188618378224,0.041661063887433375,0.06412825108346318
585.9375,4195.897,4192.821,4078.462,4077.949,4166.667,0.1204214785959798,0.029736521022304622,0.03781688548905591,0.0834494529233136,0.08077033681836562,0.18364666220011422,0.07599093288987628,0.15821031517981565,0.04762537803914335,0.06756366716226646,0.1817203135570236,0.1083188618378224,0.041661063887433375,0.06412825108346318
593.75,4120.513,4112.308,3996.923,4000.513,4087.692,0.1204214785959798,0.029736521022304622,0.03781688548905591,0.0834494529233136,0.08077033681836562,0.18364666220011422,0.07599093288987628,0.15821031517981565,0.04762537803914335,0.06756366716226646,0.1817203135570236,0.1083188618378224,0.041661063887433375,0.06412825108346318
601.5625,4094.872,4076.41,3971.282,3972.308,4056.41,0.1204214785959798,0.029736521022304622,0.03781688548905591,0.0834494529233136,0.08077033681836562,0.18364666220011422,0.07599093288987628,0.15821031517981565,0.04762537803914335,0.06756366716226646,0.1817203135570236,0.1083188618378224,0.041661063887433375,0.06412825108346318
609.375,4128.718,4112.821,4017.436,4009.744,4088.718,0.1204214785959798,0.029736521022304622,0.03781688548905591,0.0834494529233136,0.08077033681836562,0.18364666220011422,0.07599093288987628,0.15821031517981565,0.04762537803914335,0.06756366716226646,0.1817203135570236,0.1083188618378224,0.041661063887433375,0.06412825108346318
617.1875,4141.481,4120.855,4025.413,4016.182,4100.684,0.1204214785959798,0.029736521022304622,0.03781688548905591,0.0834494529233136,0.08077033681836562,0.18364666220011422,0.07599093288987628,0.15821031517981565,0.04762537803914335,0.06756366716226646,0.1817203135570236,0.1083188618378224,0.041661063887433375,0.06412825108346318
625.0,4154.245,4128.889,4033.39,4022.621,4112.65,0.1204214785959798,0.029736521022304622,0.03781688548905591,0.0834494529233136,0.08077033681836562,0.18364666220011422,0.07599093288987628,0.15821031517981565,0.04762537803914335,0.06756366716226646,0.1817203135570236,0.1083188618378224,0.041661063887433375,0.06412825108346318
632.8125,4167.009,4136.923,4041.368,4029.06,4124.615,0.1204214785959798,0.029736521022304622,0.03781688548905591,0.0834494529233136,0.08077033681836562,0.18364666220011422,0.07599093288987628,0.15821031517981565,0.04762537803914335,0.06756366716226646,0.1817203135570236,0.1083188618378224,0.041661063887433375,0.06412825108346318
640.625,4179.772,4144.957,4049.345,4035.499,4136.581,0.1204214785959798,0.029736521022304622,0.03781688548905591,0.0834494529233136,0.08077033681836562,0.18364666220011422,0.07599093288987628,0.15821031517981565,0.04762537803914335,0.06756366716226646,0.1817203135570236,0.1083188618378224,0.041661063887433375,0.06412825108346318
648.4375,4192.536,4152.991,4057.322,4041.937,4148.547,0.1204214785959798,0.029736521022304622,0.03781688548905591,0.0834494529233136,0.08077033681836562,0.18364666220011422,0.07599093288987628,0.15821031517981565,0.04762537803914335,0.06756366716226646,0.1817203135570236,0.1083188618378224,0.041661063887433375,0.06412825108346318
656.25,4205.299,4161.026,4065.299,4048.376,4160.513,0.1204214785959798,0.029736521022304622,0.03781688548905591,0.0834494529233136,0.08077033681836562,0.18364666220011422,0.07599093288987628,0.15821031517981565,0.04762537803914335,0.06756366716226646,0.1817203135570236,0.1083188618378224,0.041661063887433375,0.06412825108346318
664.0625,4218.063,4169.06,4073.276,4054.815,4172.479,0.1204214785959798,0.029736521022304622,0.03781688548905591,0.0834494529233136,0.08077033681836562,0.18364666220011422,0.07599093288987628,0.15821031517981565,0.04762537803914335,0.06756366716226646,0.1817203135570236,0.1083188618378224,0.041661063887433375,0.06412825108346318
671.875,4230.826,4177.094,4081.254,4061.254,4184.444,0.1204214785959798,0.029736521022304622,0.03781688548905591,0.0834494529233136,0.08077033681836562,0.18364666220011422,0.07599093288987628,0.15821031517981565,0.04762537803914335,0.06756366716226646,0.1817203135570236,0.1083188618378224,0.041661063887433375,0.06412825108346318
679.6875,4243.59,4185.128,4089.231,4067.692,4196.41,0.1204214785959798,0.029736521022304622,0.03781688548905591,0.0834494529233136,0.08077033681836562,0.18364666220011422,0.07599093288987628,0.15821031517981565,0.04762537803914335,0.06756366716226646,0.1817203135570236,0.1083188618378224,0.041661063887433375,0.06412825108346318
687.5,4209.744,4144.615,4044.103,4030.769,4157.436,0.1204214785959798,0.029736521022304622,0.03781688548905591,0.0834494529233136,0.08077033681836562,0.18364666220011422,0.07599093288987628,0.15821031517981565,0.04762537803914335,0.06756366716226646,0.1817203135570236,0.1083188618378224,0.041661063887433375,0.06412825108346318
695.3125,4180.513,4116.923,4006.154,4010.256,4134.872,0.1204214785959798,0.029736521022304622,0.03781688548905591,0.0834494529233136,0.08077033681836562,0.18364666220011422,0.07599093288987628,0.15821031517981565,0.04762537803914335,0.06756366716226646,0.1817203135570236,0.1083188618378224,0.041661063887433375,0.06412825108346318
703.125,4192.308,4130.256,4018.462,4018.974,4148.718,0.1204214785959798,0.029736521022304622,0.03781688548905591,0.0834494529233136,0.08077033681836562,0.18364666220011422,0.07599093288987628,0.15821031517981565,0.04762537803914335,0.06756366716226646,0.1817203135570236,0.1083188618378224,0.041661063887433375,0.06412825108346318
710.9375,4190.997,4129.972,4018.974,4019.715,4150.142,0.1204214785959798,0.029736521022304622,0.03781688548905591,0.0834494529233136,0.08077033681836562,0.18364666220011422,0.07599093288987628,0.15821031517981565,0.04762537803914335,0.06756366716226646,0.1817203135570236,0.1083188618378224,0.041661063887433375,0.06412825108346318
718.75,4189.687,4129.687,4019.487,4020.456,4151.567,0.1204214785959798,0.029736521022304622,0.03781688548905591,0.0834494529233136,0.08077033681836562,0.18364666220011422,0.07599093288987628,0.15821031517981565,0.04762537803914335,0.06756366716226646,0.1817203135570236,0.1083188618378224,0.041661063887433375,0.06412825108346318
726.5625,4188.376,4129.402,4020.0,4021.197,4152.991,0.1204214785959798,0.029736521022304622,0.03781688548905591,0.0834494529233136,0.08077033681836562,0.18364666220011422,0.07599093288987628,0.15821031517981565,0.04762537803914335,0.06756366716226646,0.1817203135570236,0.1083188618378224,0.041661063887433375,0.06412825108346318
734.375,4187.066,4129.117,4020.513,4021.937,4154.416,0.1204214785959798,0.029736521022304622,0.03781688548905591,0.0834494529233136,0.08077033681836562,0.18364666220011422,0.07599093288987628,0.15821031517981565,0.04762537803914335,0.06756366716226646,0.1817203135570236,0.1083188618378224,0.041661063887433375,0.06412825108346318
742.1875,4185.755,4128.832,4021.026,4022.678,4155.84,0.1204214785959798,0.029736521022304622,0.03781688548905591,0.0834494529233136,0.08077033681836562,0.18364666220011422,0.07599093288987628,0.15821031517981565,0.04762537803914335,0.06756366716226646,0.1817203135570236,0.1083188618378224,0.041661063887433375,0.06412825108346318
750.0,4184.444,4128.547,4021.538,4023.419,4157.265,0.1204214785959798,0.029736521022304622,0.03781688548905591,0.0834494529233136,0.08077033681836562,0.18364666220011422,0.07599093288987628,0.15821031517981565,0.04762537803914335,0.06756366716226646,0.1817203135570236,0.1083188618378224,0.041661063887433375,0.06412825108346318
757.8125,4183.134,4128.262,4022.051,4024.16,4158.689,0.1204214785959798,0.029736521022304622,0.03781688548905591,0.0834494529233136,0.08077033681836562,0.18364666220011422,0.07599093288987628,0.15821031517981565,0.04762537803914335,0.06756366716226646,0.1817203135570236,0.1083188618378224,0.041661063887433375,0.06412825108346318
765.625,4181.823,4127.977,4022.564,4024.9,4160.114,0.1204214785959798,0.029736521022304622,0.03781688548905591,0.0834494529233136,0.08077033681836562,0.18364666220011422,0.07599093288987628,0.15821031517981565,0.04762537803914335,0.06756366716226646,0.1817203135570236,0.1083188618378224,0.041661063887433375,0.06412825108346318
773.4375,4180.513,4127.692,4023.077,4025.641,4161.538,0.1204214785959798,0.029736521022304622,0.03781688548905591,0.0834494529233136,0.08077033681836562,0.18364666220011422,0.07599093288987628,0.15821031517981565,0.04762537803914335,0.06756366716226646,0.1817203135570236,0.1083188618378224,0.041661063887433375,0.06412825108346318
781.25,4172.821,4119.487,4019.487,4017.436,4145.641,0.1204214785959798,0.029736521022304622,0.03781688548905591,0.0834494529233136,0.08077033681836562,0.18364666220011422,0.07599093288987628,0.15821031517981565,0.04762537803914335,0.06756366716226646,0.1817203135570236,0.1083188618378224,0.041661063887433375,0.06412825108346318
789.0625,4171.453,4118.974,4020.627,4016.809,4144.672,0.1204214785959798,0.029736521022304622,0.03781688548905591,0.0834494529233136,0.08077033681836562,0.18364666220011422,0.07599093288987628,0.15821031517981565,0.04762537803914335,0.06756366716226646,0.1817203135570236,0.1083188618378224,0.041661063887433375,0.06412825108346318
796.875,4170.085,4118.462,4021.766,4016.182,4143.704,0.1204214785959798,0.029736521022304622,0.03781688548905591,0.0834494529233136,0.08077033681836562,0.18364666220011422,0.07599093288987628,0.15821031517981565,0.04762537803914335,0.06756366716226646,0.1817203135570236,0.1083188618378224,0.041661063887433375,0.06412825108346318
804.6875,4168.718,4117.949,4022.906,4015.556,4142.735,0.1204214785959798,0.029736521022304622,0.03781688548905591,0.0834494529233136,0.08077033681836562,0.18364666220011422,0.07599093288987628,0.15821031517981565,0.04762537803914335,0.06756366716226646,0.1817203135570236,0.1083188618378224,0.041661063887433375,0.06412825108346318
812.5,4167.35,4117.436,4024.046,4014.929,4141.766,0.1204214785959798,0.029736521022304622,0.03781688548905591,0.0834494529233136,0.08077033681836562,0.18364666220011422,0.07599093288987628,0.15821031517981565,0.04762537803914335,0.06756366716226646,0.1817203135570236,0.1083188618378224,0.041661063887433375,0.06412825108346318
820.3125,4165.983,4116.923,4025.185,4014.302,4140.798,0.1204214785959798,0.029736521022304622,0.03781688548905591,0.0834494529233136,0.08077033681836562,0.18364666220011422,0.07599093288987628,0.15821031517981565,0.04762537803914335,0.06756366716226646,0.1817203135570236,0.1083188618378224,0.041661063887433375,0.06412825108346318
828.125,4164.615,4116.41,4026.325,4013.675,4139.829,0.1204214785959798,0.029736521022304622,0.03781688548905591,0.0834494529233136,0.08077033681836562,0.18364666220011422,0.07599093288987628,0.15821031517981565,0.04762537803914335,0.06756366716226646,0.1817203135570236,0.1083188618378224,0.041661063887433375,0.06412825108346318
835.9375,4163.248,4115.897,4027.464,4013.048,4138.86,0.1204214785959798,0.029736521022304622,0.03781688548905591,0.0834494529233136,0.08077033681836562,0.18364666220011422,0.07599093288987628,0.15821031517981565,0.04762537803914335,0.06756366716226646,0.1817203135570236,0.1083188618378224,0.041661063887433375,0.06412825108346318
843.75,4161.88,4115.385,4028.604,4012.422,4137.892,0.1204214785959798,0.029736521022304622,0.03781688548905591,0.0834494529233136,0.08077033681836562,0.18364666220011422,0.07599093288987628,0.15821031517981565,0.04762537803914335,0.06756366716226646,0.1817203135570236,0.1083188618378224,0.041661063887433375,0.06412825108346318
851.5625,4160.513,4114.872,4029.744,4011.795,4136.923,0.1204214785959798,0.029736521022304622,0.03781688548905591,0.0834494529233136,0.08077033681836562,0.18364666220011422,0.07599093288987628,0.15821031517981565,0.04762537803914335,0.06756366716226646,0.1817203135570236,0.1083188618378224,0.041661063887433375,0.06412825108346318
859.375,4152.308,4105.128,4016.923,3997.949,4134.359,0.1204214785959798,0.029736521022304622,0.03781688548905591,0.0834494529233136,0.08077033681836562,0.18364666220011422,0.07599093288987628,0.15821031517981565,0.04762537803914335,0.06756366716226646,0.1817203135570236,0.1083188618378224,0.041661063887433375,0.06412825108346318
867.1875,4163.761,4105.185,4019.202,3997.721,4142.279,0.1204214785959798,0.029736521022304622,0.03781688548905591,0.0834494529233136,0.08077033681836562,0.18364666220011422,0.07599093288987628,0.15821031517981565,0.04762537803914335,0.06756366716226646,0.1817203135570236,0.1083188618378224,0.041661063887433375,0.06412825108346318
875.0,4175.214,4105.242,4021.481,3997.493,4150.199,0.1204214785959798,0.029736521022304622,0.03781688548905591,0.0834494529233136,0.08077033681836562,0.18364666220011422,0.07599093288987628,0.15821031517981565,0.04762537803914335,0.06756366716226646,0.1817203135570236,0.1083188618378224,0.041661063887433375,0.06412825108346318
882.8125,4186.667,4105.299,4023.761,3997.265,4158.12,0.1204214785959798,0.029736521022304622,0.03781688548905591,0.0834494529233136,0.08077033681836562,0.18364666220011422,0.07599093288987628,0.15821031517981565,0.04762537803914335,0.06756366716226646,0.1817203135570236,0.1083188618378224,0.041661063887433375,0.06412825108346318
890.625,4198.12,4105.356,4026.04,3997.037,4166.04,0.1204214785959798,0.029736521022304622,0.03781688548905591,0.0834494529233136,0.08077033681836562,0.18364666220011422,0.07599093288987628,0.15821031517981565,0.04762537803914335,0.06756366716226646,0.1817203135570236,0.1083188618378224,0.041661063887433375,0.06412825108346318
898.4375,4209.573,4105.413,4028.319,3996.809,4173.96,0.1204214785959798,0.029736521022304622,0.03781688548905591,0.0834494529233136,0.08077033681836562,0.18364666220011422,0.07599093288987628,0.15821031517981565,0.04762537803914335,0.06756366716226646,0.1817203135570236,0.1083188618378224,0.041661063887433375,0.06412825108346318
906.25,4221.026,4105.47,4030.598,3996.581,4181.88,0.1204214785959798,0.029736521022304622,0.03781688548905591,0.0834494529233136,0.08077033681836562,0.18364666220011422,0.07599093288987628,0.15821031517981565,0.04762537803914335,0.06756366716226646,0.1817203135570236,0.1083188618378224,0.041661063887433375,0.06412825108346318
914.0625,4232.479,4105.527,4032.877,3996.353,4189.801,0.1204214785959798,0.029736521022304622,0.03781688548905591,0.0834494529233136,0.08077033681836562,0.18364666220011422,0.07599093288987628,0.15821031517981565,0.04762537803914335,0.06756366716226646,0.1817203135570236,0.1083188618378224,0.041661063887433375,0.06412825108346318
921.875,4243.932,4105.584,4035.157,3996.125,4197.721,0.1204214785959798,0.029736521022304622,0.03781688548905591,0.0834494529233136,0.08077033681836562,0.18364666220011422,0.07599093288987628,0.15821031517981565,0.04762537803914335,0.06756366716226646,0.1817203135570236,0.1083188618378224,0.041661063887433375,0.06412825108346318
929.6875,4255.385,4105.641,4037.436,3995.897,4205.641,0.1204214785959798,0.029736521022304622,0.03781688548905591,0.0834494529233136,0.08077033681836562,0.18364666220011422,0.07599093288987628,0.15821031517981565,0.04762537803914335,0.06756366716226646,0.1817203135570236,0.1083188618378224,0.041661063887433375,0.06412825108346318
937.5,4262.564,4117.949,4035.897,4000.513,4226.154,0.1204214785959798,0.029736521022304622,0.03781688548905591,0.0834494529233136,0.08077033681836562,0.18364666220011422,0.07599093288987628,0.15821031517981565,0.04762537803914335,0.06756366716226646,0.1817203135570236,0.1083188618378224,0.041661063887433375,0.06412825108346318
945.3125,4262.051,4123.59,4028.718,3998.974,4223.077,0.1204214785959798,0.029736521022304622,0.03781688548905591,0.0834494529233136,0.08077033681836562,0.18364666220011422,0.07599093288987628,0.15821031517981565,0.04762537803914335,0.06756366716226646,0.1817203135570236,0.1083188618378224,0.041661063887433375,0.06412825108346318
953.125,4272.308,4111.795,4041.538,4000.0,4207.179,0.1204214785959798,0.029736521022304622,0.03781688548905591,0.0834494529233136,0.08077033681836562,0.18364666220011422,0.07599093288987628,0.15821031517981565,0.04762537803914335,0.06756366716226646,0.1817203135570236,0.1083188618378224,0.041661063887433375,0.06412825108346318
960.9375,4297.436,4114.872,4049.231,4010.769,4222.051,0.1204214785959798,0.029736521022304622,0.03781688548905591,0.0834494529233136,0.08077033681836562,0.18364666220011422,0.07599093288987628,0.15821031517981565,0.04762537803914335,0.06756366716226646,0.1817203135570236,0.1083188618378224,0.041661063887433375,0.06412825108346318
968.75,4307.179,4136.41,4042.051,4018.974,4246.154,0.1204214785959798,0.029736521022304622,0.03781688548905591,0.0834494529233136,0.08077033681836562,0.18364666220011422,0.07599093288987628,0.15821031517981565,0.04762537803914335,0.06756366716226646,0.1817203135570236,0.1083188618378224,0.041661063887433375,0.06412825108346318
976.5625,4298.974,4132.308,4044.103,4011.795,4244.615,0.1204214785959798,0.029736521022304622,0.03781688548905591,0.0834494529233136,0.08077033681836562,0.18364666220011422,0.07599093288987628,0.15821031517981565,0.04762537803914335,0.06756366716226646,0.1817203135570236,0.1083188618378224,0.041661063887433375,0.06412825108346318
984.375,4288.718,4104.103,4046.154,4000.0,4229.231,0.1204214785959798,0.029736521022304622,0.03781688548905591,0.0834494529233136,0.08077033681836562,0.18364666220011422,0.07599093288987628,0.15821031517981565,0.04762537803914335,0.06756366716226646,0.1817203135570236,0.1083188618378224,0.041661063887433375,0.06412825108346318
992.1875,4273.846,4095.385,4043.077,4004.103,4230.769,0.1204214785959798,0.029736521022304622,0.03781688548905591,0.0834494529233136,0.08077033681836562,0.18364666220011422,0.07599093288987628,0.15821031517981565,0.04762537803914335,0.06756366716226646,0.1817203135570236,0.1083188618378224,0.041661063887433375,0.06412825108346318
1000.0,4252.821,4095.84,4043.704,4007.179,4218.063,0.1204214785959798,0.029736521022304622,0.03781688548905591,0.0834494529233136,0.08077033681836562,0.18364666220011422,0.07599093288987628,0.15821031517981565,0.04762537803914335,0.06756366716226646,0.1817203135570236,0.1083188618378224,0.041661063887433375,0.06412825108346318
1007.8125,4231.795,4096.296,4044.33,4010.256,4205.356,0.1204214785959798,0.029736521022304622,0.03781688548905591,0.0834494529233136,0.08077033681836562,0.18364666220011422,0.07599093288987628,0.15821031517981565,0.04762537803914335,0.06756366716226646,0.1817203135570236,0.1083188618378224,0.041661063887433375,0.06412825108346318
1015.625,4210.769,4096.752,4044.957,4013.333,4192.65,0.1204214785959798,0.029736521022304622,0.03781688548905591,0.0834494529233136,0.08077033681836562,0.18364666220011422,0.07599093288987628,0.15821031517981565,0.04762537803914335,0.06756366716226646,0.1817203135570236,0.1083188618378224,0.041661063887433375,0.06412825108346318
1023.4375,4189.744,4097.208,4045.584,4016.41,4179.943,0.1204214785959798,0.029736521022304622,0.03781688548905591,0.0834494529233136,0.08077033681836562,0.18364666220011422,0.07599093288987628,0.15821031517981565,0.04762537803914335,0.06756366716226646,0.1817203135570236,0.1083188618378224,0.041661063887433375,0.06412825108346318
1031.25,4168.718,4097.664,4046.211,4019.487,4167.236,0.1204214785959798,0.029736521022304622,0.03781688548905591,0.0834494529233136,0.08077033681836562,0.18364666220011422,0.07599093288987628,0.15821031517981565,0.04762537803914335,0.06756366716226646,0.1817203135570236,0.1083188618378224,0.041661063887433375,0.06412825108346318
1039.0625,4147.692,4098.12,4046.838,4022.564,4154.53,0.1204214785959798,0.029736521022304622,0.03781688548905591,0.0834494529233136,0.08077033681836562,0.18364666220011422,0.07599093288987628,0.15821031517981565,0.04762537803914335,0.06756366716226646,0.1817203135570236,0.1083188618378224,0.041661063887433375,0.06412825108346318
1046.875,4126.667,4098.575,4047.464,4025.641,4141.823,0.1204214785959798,0.029736521022304622,0.03781688548905591,0.0834494529233136,0.08077033681836562,0.18364666220011422,0.07599093288987628,0.15821031517981565,0.04762537803914335,0.06756366716226646,0.1817203135570236,0.1083188618378224,0.041661063887433375,0.06412825108346318
1054.6875,4105.641,4099.031,4048.091,4028.718,4129.117,0.1204214785959798,0.029736521022304622,0.03781688548905591,0.0834494529233136,0.08077033681836562,0.18364666220011422,0.07599093288987628,0.15821031517981565,0.04762537803914335,0.06756366716226646,0.1817203135570236,0.1083188618378224,0.041661063887433375,0.06412825108346318
1062.5,4084.615,4099.487,4048.718,4031.795,4116.41,0.1204214785959798,0.029736521022304622,0.03781688548905591,0.0834494529233136,0.08077033681836562,0.18364666220011422,0.07599093288987628,0.15821031517981565,0.04762537803914335,0.06756366716226646,0.1817203135570236,0.1083188618378224,0.041661063887433375,0.06412825108346318
1070.3125,4048.205,4092.308,4047.179,4014.872,4077.436,0.1204214785959798,0.029736521022304622,0.03781688548905591,0.0834494529233136,0.08077033681836562,0.18364666220011422,0.07599093288987628,0.15821031517981565,0.04762537803914335,0.06756366716226646,0.1817203135570236,0.1083188618378224,0.041661063887433375,0.06412825108346318
1078.125,4029.744,4090.769,4027.692,3998.974,4066.667,0.1204214785959798,0.029736521022304622,0.03781688548905591,0.0834494529233136,0.08077033681836562,0.18364666220011422,0.07599093288987628,0.15821031517981565,0.04762537803914335,0.06756366716226646,0.1817203135570236,0.1083188618378224,0.041661063887433375,0.06412825108346318
1085.9375,4054.359,4068.205,4030.769,4011.282,4076.923,0.1204214785959798,0.029736521022304622,0.03781688548905591,0.0834494529233136,0.08077033681836562,0.18364666220011422,0.07599093288987628,0.15821031517981565,0.04762537803914335,0.06756366716226646,0.1817203135570236,0.1083188618378224,0.041661063887433375,0.06412825108346318
1093.75,4043.59,4061.026,4060.513,4004.103,4055.897,0.1204214785959798,0.029736521022304622,0.03781688548905591,0.0834494529233136,0.08077033681836562,0.18364666220011422,0.07599093288987628,0.15821031517981565,0.04762537803914335,0.06756366716226646,0.1817203135570236,0.1083188618378224,0.041661063887433375,0.06412825108346318
1101.5625,4012.821,4100.0,4051.795,3987.179,4049.231,0.1204214785959798,0.029736521022304622,0.03781688548905591,0.0834494529233136,0.08077033681836562,0.18364666220011422,0.07599093288987628,0.15821031517981565,0.04762537803914335,0.06756366716226646,0.1817203135570236,0.1083188618378224,0.041661063887433375,0.06412825108346318
1109.375,4054.872,4126.154,4060.513,4016.41,4085.128,0.1204214785959798,0.029736521022304622,0.03781688548905591,0.0834494529233136,0.08077033681836562,0.18364666220011422,0.07599093288987628,0.15821031517981565,0.04762537803914335,0.06756366716226646,0.1817203135570236,0.1083188618378224,0.041661063887433375,0.06412825108346318
1117.1875,4107.692,4149.231,4120.513,4056.923,4126.154,0.1204214785959798,0.029736521022304622,0.03781688548905591,0.0834494529233136,0.08077033681836562,0.18364666220011422,0.07599093288987628,0.15821031517981565,0.04762537803914335,0.06756366716226646,0.1817203135570236,0.1083188618378224,0.041661063887433375,0.06412825108346318
1125.0,4092.308,4155.385,4113.846,4048.718,4131.795,0.1204214785959798,0.029736521022304622,0.03781688548905591,0.0834494529233136,0.08077033681836562,0.18364666220011422,0.07599093288987628,0.15821031517981565,0.04762537803914335,0.06756366716226646,0.1817203135570236,0.1083188618378224,0.041661063887433375,0.06412825108346318
1132.8125,4065.641,4101.026,4070.256,4007.179,4091.282,0.1204214785959798,0.029736521022304622,0.03781688548905591,0.0834494529233136,0.08077033681836562,0.18364666220011422,0.07599093288987628,0.15821031517981565,0.04762537803914335,0.06756366716226646,0.1817203135570236,0.1083188618378224,0.041661063887433375,0.06412825108346318
1140.625,4048.718,4057.949,4057.949,3976.41,4060.0,0.1204214785959798,0.029736521022304622,0.03781688548905591,0.0834494529233136,0.08077033681836562,0.18364666220011422,0.07599093288987628,0.15821031517981565,0.04762537803914335,0.06756366716226646,0.1817203135570236,0.1083188618378224,0.041661063887433375,0.06412825108346318
1148.4375,4045.128,4073.333,4048.718,3991.795,4081.538,0.1204214785959798,0.029736521022304622,0.03781688548905591,0.0834494529233136,0.08077033681836562,0.18364666220011422,0.07599093288987628,0.15821031517981565,0.04762537803914335,0.06756366716226646,0.1817203135570236,0.1083188618378224,0.041661063887433375,0.06412825108346318
1156.25,4097.949,4120.513,4081.538,4060.513,4136.923,0.1204214785959798,0.029736521022304622,0.03781688548905591,0.0834494529233136,0.08077033681836562,0.18364666220011422,0.07599093288987628,0.15821031517981565,0.04762537803914335,0.06756366716226646,0.1817203135570236,0.1083188618378224,0.041661063887433375,0.06412825108346318
1164.0625,4150.256,4151.795,4133.333,4115.385,4166.667,0.1204214785959798,0.029736521022304622,0.03781688548905591,0.0834494529233136,0.08077033681836562,0.18364666220011422,0.07599093288987628,0.15821031517981565,0.04762537803914335,0.06756366716226646,0.1817203135570236,0.1083188618378224,0.041661063887433375,0.06412825108346318
1171.875,4107.692,4118.974,4110.256,4080.513,4126.667,0.1204214785959798,0.029736521022304622,0.03781688548905591,0.0834494529233136,0.08077033681836562,0.18364666220011422,0.07599093288987628,0.15821031517981565,0.04762537803914335,0.06756366716226646,0.1817203135570236,0.1083188618378224,0.041661063887433375,0.06412825108346318
1179.6875,4033.846,4080.0,4053.846,4012.308,4067.179,0.1204214785959798,0.029736521022304622,0.03781688548905591,0.0834494529233136,0.08077033681836562,0.18364666220011422,0.07599093288987628,0.15821031517981565,0.04762537803914335,0.06756366716226646,0.1817203135570236,0.1083188618378224,0.041661063887433375,0.06412825108346318
1187.5,4038.974,4096.923,4050.256,4018.974,4074.872,0.1204214785959798,0.029736521022304622,0.03781688548905591,0.0834494529233136,0.08077033681836562,0.18364666220011422,0.07599093288987628,0.15821031517981565,0.04762537803914335,0.06756366716226646,0.1817203135570236,0.1083188618378224,0.041661063887433375,0.06412825108346318
1195.3125,4058.974,4086.154,4070.256,4042.051,4086.154,0.1204214785959798,0.029736521022304622,0.03781688548905591,0.0834494529233136,0.08077033681836562,0.18364666220011422,0.07599093288987628,0.15821031517981565,0.04762537803914335,0.06756366716226646,0.1817203135570236,0.1083188618378224,0.041661063887433375,0.06412825108346318
1203.125,4027.179,4060.0,4072.821,4011.795,4063.59,0.1204214785959798,0.029736521022304622,0.03781688548905591,0.0834494529233136,0.08077033681836562,0.18364666220011422,0.07599093288987628,0.15821031517981565,0.04762537803914335,0.06756366716226646,0.1817203135570236,0.1083188618378224,0.041661063887433375,0.06412825108346318
1210.9375,4023.077,4084.103,4059.487,4010.256,4079.487,0.1204214785959798,0.029736521022304622,0.03781688548905591,0.0834494529233136,0.08077033681836562,0.18364666220011422,0.07599093288987628,0.15821031517981565,0.04762537803914335,0.06756366716226646,0.1817203135570236,0.1083188618378224,0.041661063887433375,0.06412825108346318
1218.75,4049.744,4081.538,4051.795,4025.641,4090.769,0.1204214785959798,0.029736521022304622,0.03781688548905591,0.0834494529233136,0.08077033681836562,0.18364666220011422,0.07599093288987628,0.15821031517981565,0.04762537803914335,0.06756366716226646,0.1817203135570236,0.1083188618378224,0.041661063887433375,0.06412825108346318
1226.5625,4040.513,4067.692,4060.513,4000.0,4073.333,0.1204214785959798,0.029736521022304622,0.03781688548905591,0.0834494529233136,0.08077033681836562,0.18364666220011422,0.07599093288987628,0.15821031517981565,0.04762537803914335,0.06756366716226646,0.1817203135570236,0.1083188618378224,0.041661063887433375,0.06412825108346318
1234.375,4037.436,4082.564,4058.462,3997.436,4087.179,0.1204214785959798,0.029736521022304622,0.03781688548905591,0.0834494529233136,0.08077033681836562,0.18364666220011422,0.07599093288987628,0.15821031517981565,0.04762537803914335,0.06756366716226646,0.1817203135570236,0.1083188618378224,0.041661063887433375,0.06412825108346318
1242.1875,4073.846,4079.487,4064.103,4021.538,4109.744,0.1204214785959798,0.029736521022304622,0.03781688548905591,0.0834494529233136,0.08077033681836562,0.18364666220011422,0.07599093288987628,0.15821031517981565,0.04762537803914335,0.06756366716226646,0.1817203135570236,0.1083188618378224,0.041661063887433375,0.06412825108346318
1250.0,4076.923,4081.026,4071.282,4016.41,4108.205,0.1204214785959798,0.029736521022304622,0.03781688548905591,0.0834494529233136,0.08077033681836562,0.18364666220011422,0.07599093288987628,0.15821031517981565,0.04762537803914335,0.06756366716226646,0.1817203135570236,0.1083188618378224,0.041661063887433375,0.06412825108346318
1257.8125,4047.692,4091.795,4061.026,4015.897,4092.308,0.1204214785959798,0.029736521022304622,0.03781688548905591,0.0834494529233136,0.08077033681836562,0.18364666220011422,0.07599093288987628,0.15821031517981565,0.04762537803914335,0.06756366716226646,0.1817203135570236,0.1083188618378224,0.041661063887433375,0.06412825108346318
1265.625,4051.795,4081.026,4069.231,4018.974,4072.308,0.1204214785959798,0.029736521022304622,0.03781688548905591,0.0834494529233136,0.08077033681836562,0.18364666220011422,0.07599093288987628,0.15821031517981565,0.04762537803914335,0.06756366716226646,0.1817203135570236,0.1083188618378224,0.041661063887433375,0.06412825108346318
1273.4375,4068.718,4073.333,4065.128,3997.949,4081.026,0.1204214785959798,0.029736521022304622,0.03781688548905591,0.0834494529233136,0.08077033681836562,0.18364666220011422,0.07599093288987628,0.15821031517981565,0.04762537803914335,0.06756366716226646,0.1817203135570236,0.1083188618378224,0.041661063887433375,0.06412825108346318
1281.25,4073.846,4076.923,4042.564,3993.846,4106.154,0.1204214785959798,0.029736521022304622,0.03781688548905591,0.0834494529233136,0.08077033681836562,0.18364666220011422,0.07599093288987628,0.15821031517981565,0.04762537803914335,0.06756366716226646,0.1817203135570236,0.1083188618378224,0.041661063887433375,0.06412825108346318
1289.0625,4074.872,4084.103,4061.026,4008.205,4107.692,0.1204214785959798,0.029736521022304622,0.03781688548905591,0.0834494529233136,0.08077033681836562,0.18364666220011422,0.07599093288987628,0.15821031517981565,0.04762537803914335,0.06756366716226646,0.1817203135570236,0.1083188618378224,0.041661063887433375,0.06412825108346318
1296.875,4078.974,4095.897,4076.41,4013.333,4106.154,0.1204214785959798,0.029736521022304622,0.03781688548905591,0.0834494529233136,0.08077033681836562,0.18364666220011422,0.07599093288987628,0.15821031517981565,0.04762537803914335,0.06756366716226646,0.1817203135570236,0.1083188618378224,0.041661063887433375,0.06412825108346318
1304.6875,4077.949,4081.026,4063.077,4011.795,4097.436,0.1204214785959798,0.029736521022304622,0.03781688548905591,0.0834494529233136,0.08077033681836562,0.18364666220011422,0.07599093288987628,0.15821031517981565,0.04762537803914335,0.06756366716226646,0.1817203135570236,0.1083188618378224,0.041661063887433375,0.06412825108346318
1312.5,4048.718,4063.077,4065.641,3996.923,4072.821,0.1204214785959798,0.029736521022304622,0.03781688548905591,0.0834494529233136,0.08077033681836562,0.18364666220011422,0.07599093288987628,0.15821031517981565,0.04762537803914335,0.06756366716226646,0.1817203135570236,0.1083188618378224,0.041661063887433375,0.06412825108346318
1320.3125,4030.256,4076.41,4061.026,3991.795,4078.462,0.1204214785959798,0.029736521022304622,0.03781688548905591,0.0834494529233136,0.08077033681836562,0.18364666220011422,0.07599093288987628,0.15821031517981565,0.04762537803914335,0.06756366716226646,0.1817203135570236,0.1083188618378224,0.041661063887433375,0.06412825108346318
1328.125,4048.718,4072.821,4051.795,4006.667,4085.641,0.1204214785959798,0.029736521022304622,0.03781688548905591,0.0834494529233136,0.08077033681836562,0.18364666220011422,0.07599093288987628,0.15821031517981565,0.04762537803914335,0.06756366716226646,0.1817203135570236,0.1083188618378224,0.041661063887433375,0.06412825108346318
1335.9375,4043.59,4065.128,4065.641,3996.923,4063.077,0.1204214785959798,0.029736521022304622,0.03781688548905591,0.0834494529233136,0.08077033681836562,0.18364666220011422,0.07599093288987628,0.15821031517981565,0.04762537803914335,0.06756366716226646,0.1817203135570236,0.1083188618378224,0.041661063887433375,0.06412825108346318
1343.75,4025.641,4073.333,4042.564,3973.846,4058.974,0.1204214785959798,0.029736521022304622,0.03781688548905591,0.0834494529233136,0.08077033681836562,0.18364666220011422,0.07599093288987628,0.15821031517981565,0.04762537803914335,0.06756366716226646,0.1817203135570236,0.1083188618378224,0.041661063887433375,0.06412825108346318
1351.5625,4033.276,4074.929,4044.217,3980.114,4062.621,0.1204214785959798,0.029736521022304622,0.03781688548905591,0.0834494529233136,0.08077033681836562,0.18364666220011422,0.07599093288987628,0.15821031517981565,0.04762537803914335,0.06756366716226646,0.1817203135570236,0.1083188618378224,0.041661063887433375,0.06412825108346318
1359.375,4040.912,4076.524,4045.869,3986.382,4066.268,0.1204214785959798,0.029736521022304622,0.03781688548905591,0.0834494529233136,0.08077033681836562,0.18364666220011422,0.07599093288987628,0.15821031517981565,0.04762537803914335,0.06756366716226646,0.1817203135570236,0.1083188618378224,0.041661063887433375,0.06412825108346318
1367.1875,4048.547,4078.12,4047.521,3992.65,4069.915,0.1204214785959798,0.029736521022304622,0.03781688548905591,0.0834494529233136,0.08077033681836562,0.18364666220011422,0.07599093288987628,0.15821031517981565,0.04762537803914335,0.06756366716226646,0.1817203135570236,0.1083188618378224,0.041661063887433375,0.06412825108346318
1375.0,4056.182,4079.715,4049.174,3998.917,4073.561,0.1204214785959798,0.029736521022304622,0.03781688548905591,0.0834494529233136,0.08077033681836562,0.18364666220011422,0.07599093288987628,0.15821031517981565,0.04762537803914335,0.06756366716226646,0.1817203135570236,0.1083188618378224,0.041661063887433375,0.06412825108346318
1382.8125,4063.818,4081.311,4050.826,4005.185,4077.208,0.1204214785959798,0.029736521022304622,0.03781688548905591,0.0834494529233136,0.08077033681836562,0.18364666220011422,0.07599093288987628,0.15821031517981565,0.04762537803914335,0.06756366716226646,0.1817203135570236,0.1083188618378224,0.041661063887433375,0.06412825108346318
1390.625,4071.453,4082.906,4052.479,4011.453,4080.855,0.1204214785959798,0.029736521022304622,0.03781688548905591,0.0834494529233136,0.08077033681836562,0.18364666220011422,0.07599093288987628,0.15821031517981565,0.04762537803914335,0.06756366716226646,0.1817203135570236,0.1083188618378224,0.041661063887433375,0.06412825108346318
1398.4375,4079.088,4084.501,4054.131,4017.721,4084.501,0.1204214785959798,0.029736521022304622,0.03781688548905591,0.0834494529233136,0.08077033681836562,0.18364666220011422,0.07599093288987628,0.15821031517981565,0.04762537803914335,0.06756366716226646,0.1817203135570236,0.1083188618378224,0.041661063887433375,0.06412825108346318
1406.25,4086.724,4086.097,4055.783,4023.989,4088.148,0.1204214785959798,0.029736521022304622,0.03781688548905591,0.0834494529233136,0.08077033681836562,0.18364666220011422,0.07599093288987628,0.15821031517981565,0.04762537803914335,0.06756366716226646,0.1817203135570236,0.1083188618378224,0.041661063887433375,0.06412825108346318
1414.0625,4094.359,4087.692,4057.436,4030.256,4091.795,0.1204214785959798,0.029736521022304622,0.03781688548905591,0.0834494529233136,0.08077033681836562,0.18364666220011422,0.07599093288987628,0.15821031517981565,0.04762537803914335,0.06756366716226646,0.1817203135570236,0.1083188618378224,0.041661063887433375,0.06412825108346318
1421.875,4107.179,4087.179,4061.026,4038.974,4095.385,0.1204214785959798,0.029736521022304622,0.03781688548905591,0.0834494529233136,0.08077033681836562,0.18364666220011422,0.07599093288987628,0.15821031517981565,0.04762537803914335,0.06756366716226646,0.1817203135570236,0.1083188618378224,0.041661063887433375,0.06412825108346318
1429.6875,4115.385,4080.0,4068.205,4037.949,4095.897,0.1204214785959798,0.029736521022304622,0.03781688548905591,0.0834494529233136,0.08077033681836562,0.18364666220011422,0.07599093288987628,0.15821031517981565,0.04762537803914335,0.06756366716226646,0.1817203135570236,0.1083188618378224,0.041661063887433375,0.06412825108346318
1437.5,4097.949,4078.974,4051.282,4028.205,4093.333,0.1204214785959798,0.029736521022304622,0.03781688548905591,0.0834494529233136,0.08077033681836562,0.18364666220011422,0.07599093288987628,0.15821031517981565,0.04762537803914335,0.06756366716226646,0.1817203135570236,0.1083188618378224,0.041661063887433375,0.06412825108346318
1445.3125,4084.615,4067.692,4026.154,4019.487,4078.462,0.1204214785959798,0.029736521022304622,0.03781688548905591,0.0834494529233136,0.08077033681836562,0.18364666220011422,0.07599093288987628,0.15821031517981565,0.04762537803914335,0.06756366716226646,0.1817203135570236,0.1083188618378224,0.041661063887433375,0.06412825108346318
1453.125,4089.744,4053.846,4021.026,4011.282,4065.641,0.1204214785959798,0.029736521022304622,0.03781688548905591,0.0834494529233136,0.08077033681836562,0.18364666220011422,0.07599093288987628,0.15821031517981565,0.04762537803914335,0.06756366716226646,0.1817203135570236,0.1083188618378224,0.041661063887433375,0.06412825108346318
1460.9375,4083.077,4055.385,4017.949,4011.795,4065.641,0.1204214785959798,0.029736521022304622,0.03781688548905591,0.0834494529233136,0.08077033681836562,0.18364666220011422,0.07599093288987628,0.15821031517981565,0.04762537803914335,0.06756366716226646,0.1817203135570236,0.1083188618378224,0.041661063887433375,0.06412825108346318
1468.75,4067.692,4057.949,4011.795,4018.462,4062.564,0.1204214785959798,0.029736521022304622,0.03781688548905591,0.0834494529233136,0.08077033681836562,0.18364666220011422,0.07599093288987628,0.15821031517981565,0.04762537803914335,0.06756366716226646,0.1817203135570236,0.1083188618378224,0.041661063887433375,0.06412825108346318
1476.5625,4101.538,4051.795,4028.205,4025.128,4076.41,0.1204214785959798,0.029736521022304622,0.03781688548905591,0.0834494529233136,0.08077033681836562,0.18364666220011422,0.07599093288987628,0.15821031517981565,0.04762537803914335,0.06756366716226646,0.1817203135570236,0.1083188618378224,0.041661063887433375,0.06412825108346318
1484.375,4173.846,4063.59,4058.974,4029.744,4129.231,0.1204214785959798,0.029736521022304622,0.03781688548905591,0.0834494529233136,0.08077033681836562,0.18364666220011422,0.07599093288987628,0.15821031517981565,0.04762537803914335,0.06756366716226646,0.1817203135570236,0.1083188618378224,0.041661063887433375,0.06412825108346318
1492.1875,4227.692,4086.154,4060.513,4033.846,4187.692,0.1204214785959798,0.029736521022304622,0.03781688548905591,0.0834494529233136,0.08077033681836562,0.18364666220011422,0.07599093288987628,0.15821031517981565,0.04762537803914335,0.06756366716226646,0.1817203135570236,0.1083188618378224,0.041661063887433375,0.06412825108346318
1500.0,4275.385,4081.538,4057.436,4027.179,4214.359,0.1204214785959798,0.029736521022304622,0.03781688548905591,0.0834494529233136,0.08077033681836562,0.18364666220011422,0.07599093288987628,0.15821031517981565,0.04762537803914335,0.06756366716226646,0.1817203135570236,0.1083188618378224,0.041661063887433375,0.06412825108346318
1507.8125,4341.026,4085.641,4076.41,4020.513,4240.0,0.1204214785959798,0.029736521022304622,0.03781688548905591,0.0834494529233136,0.08077033681836562,0.18364666220011422,0.07599093288987628,0.15821031517981565,0.04762537803914335,0.06756366716226646,0.1817203135570236,0.1083188618378224,0.041661063887433375,0.06412825108346318
1515.625,4400.513,4105.128,4090.769,4032.821,4275.897,0.1204214785959798,0.029736521022304622,0.03781688548905591,0.0834494529233136,0.08077033681836562,0.18364666220011422,0.07599093288987628,0.15821031517981565,0.04762537803914335,0.06756366716226646,0.1817203135570236,0.1083188618378224,0.041661063887433375,0.06412825108346318
1523.4375,4430.769,4105.128,4094.872,4037.436,4293.333,0.1204214785959798,0.029736521022304622,0.03781688548905591,0.0834494529233136,0.08077033681836562,0.18364666220011422,0.07599093288987628,0.15821031517981565,0.04762537803914335,0.06756366716226646,0.1817203135570236,0.1083188618378224,0.041661063887433375,0.06412825108346318
1531.25,4440.513,4101.538,4092.821,4024.103,4300.0,0.1204214785959798,0.029736521022304622,0.03781688548905591,0.0834494529233136,0.08077033681836562,0.18364666220011422,0.07599093288987628,0.15821031517981565,0.04762537803914335,0.06756366716226646,0.1817203135570236,0.1083188618378224,0.041661063887433375,0.06412825108346318
1539.0625,4437.949,4108.718,4086.667,4012.821,4303.077,0.1204214785959798,0.029736521022304622,0.03781688548905591,0.0834494529233136,0.08077033681836562,0.18364666220011422,0.07599093288987628,0.15821031517981565,0.04762537803914335,0.06756366716226646,0.1817203135570236,0.1083188618378224,0.041661063887433375,0.06412825108346318
1546.875,4423.533,4105.185,4085.584,4013.048,4290.256,0.1204214785959798,0.029736521022304622,0.03781688548905591,0.0834494529233136,0.08077033681836562,0.18364666220011422,0.07599093288987628,0.15821031517981565,0.04762537803914335,0.06756366716226646,0.1817203135570236,0.1083188618378224,0.041661063887433375,0.06412825108346318
1554.6875,4409.117,4101.652,4084.501,4013.276,4277.436,0.1204214785959798,0.029736521022304622,0.03781688548905591,0.0834494529233136,0.08077033681836562,0.18364666220011422,0.07599093288987628,0.15821031517981565,0.04762537803914335,0.06756366716226646,0.1817203135570236,0.1083188618378224,0.041661063887433375,0.06412825108346318
1562.5,4394.701,4098.12,4083.419,4013.504,4264.615,0.1204214785959798,0.029736521022304622,0.03781688548905591,0.0834494529233136,0.08077033681836562,0.18364666220011422,0.07599093288987628,0.15821031517981565,0.04762537803914335,0.06756366716226646,0.1817203135570236,0.1083188618378224,0.041661063887433375,0.06412825108346318
1570.3125,4380.285,4094.587,4082.336,4013.732,4251.795,0.1204214785959798,0.029736521022304622,0.03781688548905591,0.0834494529233136,0.08077033681836562,0.18364666220011422,0.07599093288987628,0.15821031517981565,0.04762537803914335,0.06756366716226646,0.1817203135570236,0.1083188618378224,0.041661063887433375,0.06412825108346318
1578.125,4365.869,4091.054,4081.254,4013.96,4238.974,0.1204214785959798,0.029736521022304622,0.03781688548905591,0.0834494529233136,0.08077033681836562,0.18364666220011422,0.07599093288987628,0.15821031517981565,0.04762537803914335,0.06756366716226646,0.1817203135570236,0.1083188618378224,0.041661063887433375,0.06412825108346318
1585.9375,4351.453,4087.521,4080.171,4014.188,4226.154,0.1204214785959798,0.029736521022304622,0.03781688548905591,0.0834494529233136,0.08077033681836562,0.18364666220011422,0.07599093288987628,0.15821031517981565,0.04762537803914335,0.06756366716226646,0.1817203135570236,0.1083188618378224,0.041661063887433375,0.06412825108346318
1593.75,4337.037,4083.989,4079.088,4014.416,4213.333,0.1204214785959798,0.029736521022304622,0.03781688548905591,0.0834494529233136,0.08077033681836562,0.18364666220011422,0.07599093288987628,0.15821031517981565,0.04762537803914335,0.06756366716226646,0.1817203135570236,0.1083188618378224,0.041661063887433375,0.06412825108346318
1601.5625,4322.621,4080.456,4078.006,4014.644,4200.513,0.1204214785959798,0.029736521022304622,0.03781688548905591,0.0834494529233136,0.08077033681836562,0.18364666220011422,0.07599093288987628,0.15821031517981565,0.04762537803914335,0.06756366716226646,0.1817203135570236,0.1083188618378224,0.041661063887433375,0.06412825108346318
1609.375,4308.205,4076.923,4076.923,4014.872,4187.692,0.1204214785959798,0.029736521022304622,0.03781688548905591,0.0834494529233136,0.08077033681836562,0.18364666220011422,0.07599093288987628,0.15821031517981565,0.04762537803914335,0.06756366716226646,0.1817203135570236,0.1083188618378224,0.041661063887433375,0.06412825108346318
1617.1875,4304.103,4091.795,4075.385,4016.923,4192.821,0.1204214785959798,0.029736521022304622,0.03781688548905591,0.0834494529233136,0.08077033681836562,0.18364666220011422,0.07599093288987628,0.15821031517981565,0.04762537803914335,0.06756366716226646,0.1817203135570236,0.1083188618378224,0.041661063887433375,0.06412825108346318
1625.0,4293.846,4108.205,4082.051,4017.949,4194.872,0.1204214785959798,0.029736521022304622,0.03781688548905591,0.0834494529233136,0.08077033681836562,0.18364666220011422,0.07599093288987628,0.15821031517981565,0.04762537803914335,0.06756366716226646,0.1817203135570236,0.1083188618378224,0.041661063887433375,0.06412825108346318
1632.8125,4287.692,4097.436,4083.59,4017.949,4188.718,0.1204214785959798,0.029736521022304622,0.03781688548905591,0.0834494529233136,0.08077033681836562,0.18364666220011422,0.07599093288987628,0.15821031517981565,0.04762537803914335,0.06756366716226646,0.1817203135570236,0.1083188618378224,0.041661063887433375,0.06412825108346318
1640.625,4278.974,4080.0,4072.821,4024.103,4183.077,0.1204214785959798,0.029736521022304622,0.03781688548905591,0.0834494529233136,0.08077033681836562,0.18364666220011422,0.07599093288987628,0.15821031517981565,0.04762537803914335,0.06756366716226646,0.1817203135570236,0.1083188618378224,0.041661063887433375,0.06412825108346318
1648.4375,4255.897,4080.513,4054.872,4020.0,4180.513,0.1204214785959798,0.029736521022304622,0.03781688548905591,0.0834494529233136,0.08077033681836562,0.18364666220011422,0.07599093288987628,0.15821031517981565,0.04762537803914335,0.06756366716226646,0.1817203135570236,0.1083188618378224,0.041661063887433375,0.06412825108346318
1656.25,4232.308,4077.949,4053.846,4013.333,4171.795,0.1204214785959798,0.029736521022304622,0.03781688548905591,0.0834494529233136,0.08077033681836562,0.18364666220011422,0.07599093288987628,0.15821031517981565,0.04762537803914335,0.06756366716226646,0.1817203135570236,0.1083188618378224,0.041661063887433375,0.06412825108346318
1664.0625,4237.436,4071.282,4067.692,4029.231,4174.872,0.1204214785959798,0.029736521022304622,0.03781688548905591,0.0834494529233136,0.08077033681836562,0.18364666220011422,0.07599093288987628,0.15821031517981565,0.04762537803914335,0.06756366716226646,0.1817203135570236,0.1083188618378224,0.041661063887433375,0.06412825108346318
1671.875,4265.641,4086.154,4073.846,4045.128,4202.564,0.1204214785959798,0.029736521022304622,0.03781688548905591,0.0834494529233136,0.08077033681836562,0.18364666220011422,0.07599093288987628,0.15821031517981565,0.04762537803914335,0.06756366716226646,0.1817203135570236,0.1083188618378224,0.041661063887433375,0.06412825108346318
1679.6875,4267.692,4095.385,4064.615,4023.59,4211.282,0.1204214785959798,0.029736521022304622,0.03781688548905591,0.0834494529233136,0.08077033681836562,0.18364666220011422,0.07599093288987628,0.15821031517981565,0.04762537803914335,0.06756366716226646,0.1817203135570236,0.1083188618378224,0.041661063887433375,0.06412825108346318
1687.5,4286.154,4114.359,4092.308,4028.205,4223.59,0.1204214785959798,0.029736521022304622,0.03781688548905591,0.0834494529233136,0.08077033681836562,0.18364666220011422,0.07599093288987628,0.15821031517981565,0.04762537803914335,0.06756366716226646,0.1817203135570236,0.1083188618378224,0.041661063887433375,0.06412825108346318
1695.3125,4353.846,4170.256,4163.59,4092.821,4276.41,0.1204214785959798,0.029736521022304622,0.03781688548905591,0.0834494529233136,0.08077033681836562,0.18364666220011422,0.07599093288987628,0.15821031517981565,0.04762537803914335,0.06756366716226646,0.1817203135570236,0.1083188618378224,0.041661063887433375,0.06412825108346318
1703.125,4356.41,4173.333,4171.795,4100.513,4275.897,0.1204214785959798,0.029736521022304622,0.03781688548905591,0.0834494529233136,0.08077033681836562,0.18364666220011422,0.07599093288987628,0.15821031517981565,0.04762537803914335,0.06756366716226646,0.1817203135570236,0.1083188618378224,0.041661063887433375,0.06412825108346318
1710.9375,4277.436,4107.179,4101.538,4031.282,4201.026,0.1204214785959798,0.029736521022304622,0.03781688548905591,0.0834494529233136,0.08077033681836562,0.18364666220011422,0.07599093288987628,0.15821031517981565,0.04762537803914335,0.06756366716226646,0.1817203135570236,0.1083188618378224,0.041661063887433375,0.06412825108346318
1718.75,4233.846,4075.897,4062.564,3995.897,4165.641,0.1204214785959798,0.029736521022304622,0.03781688548905591,0.0834494529233136,0.08077033681836562,0.18364666220011422,0.07599093288987628,0.15821031517981565,0.04762537803914335,0.06756366716226646,0.1817203135570236,0.1083188618378224,0.041661063887433375,0.06412825108346318
1726.5625,4246.667,4089.744,4090.769,4010.256,4181.538,0.1204214785959798,0.029736521022304622,0.03781688548905591,0.0834494529233136,0.08077033681836562,0.18364666220011422,0.07599093288987628,0.15821031517981565,0.04762537803914335,0.06756366716226646,0.1817203135570236,0.1083188618378224,0.041661063887433375,0.06412825108346318
1734.375,4262.051,4093.846,4112.821,4027.692,4182.564,0.1204214785959798,0.029736521022304622,0.03781688548905591,0.0834494529233136,0.08077033681836562,0.18364666220011422,0.07599093288987628,0.15821031517981565,0.04762537803914335,0.06756366716226646,0.1817203135570236,0.1083188618378224,0.041661063887433375,0.06412825108346318
1742.1875,4258.974,4097.949,4094.872,4034.359,4175.897,0.1204214785959798,0.029736521022304622,0.03781688548905591,0.0834494529233136,0.08077033681836562,0.18364666220011422,0.07599093288987628,0.15821031517981565,0.04762537803914335,0.06756366716226646,0.1817203135570236,0.1083188618378224,0.041661063887433375,0.06412825108346318
1750.0,4238.462,4102.051,4078.974,4024.103,4172.821,0.1204214785959798,0.029736521022304622,0.03781688548905591,0.0834494529233136,0.08077033681836562,0.18364666220011422,0.07599093288987628,0.15821031517981565,0.04762537803914335,0.06756366716226646,0.1817203135570236,0.1083188618378224,0.041661063887433375,0.06412825108346318
1757.8125,4233.846,4101.538,4095.385,4015.897,4166.154,0.1204214785959798,0.029736521022304622,0.03781688548905591,0.0834494529233136,0.08077033681836562,0.18364666220011422,0.07599093288987628,0.15821031517981565,0.04762537803914335,0.06756366716226646,0.1817203135570236,0.1083188618378224,0.041661063887433375,0.06412825108346318
1765.625,4255.897,4113.333,4116.923,4033.846,4173.846,0.1204214785959798,0.029736521022304622,0.03781688548905591,0.0834494529233136,0.08077033681836562,0.18364666220011422,0.07599093288987628,0.15821031517981565,0.04762537803914335,0.06756366716226646,0.1817203135570236,0.1083188618378224,0.041661063887433375,0.06412825108346318
1773.4375,4245.641,4107.692,4104.615,4036.923,4174.359,0.1204214785959798,0.029736521022304622,0.03781688548905591,0.0834494529233136,0.08077033681836562,0.18364666220011422,0.07599093288987628,0.15821031517981565,0.04762537803914335,0.06756366716226646,0.1817203135570236,0.1083188618378224,0.041661063887433375,0.06412825108346318
1781.25,4237.436,4104.615,4115.385,4030.256,4171.795,0.1204214785959798,0.029736521022304622,0.03781688548905591,0.0834494529233136,0.08077033681836562,0.18364666220011422,0.07599093288987628,0.15821031517981565,0.04762537803914335,0.06756366716226646,0.1817203135570236,0.1083188618378224,0.041661063887433375,0.06412825108346318
1789.0625,4277.436,4137.436,4165.128,4063.077,4193.846,0.1204214785959798,0.029736521022304622,0.03781688548905591,0.0834494529233136,0.08077033681836562,0.18364666220011422,0.07599093288987628,0.15821031517981565,0.04762537803914335,0.06756366716226646,0.1817203135570236,0.1083188618378224,0.041661063887433375,0.06412825108346318
1796.875,4283.077,4143.59,4164.615,4083.59,4203.077,0.1204214785959798,0.029736521022304622,0.03781688548905591,0.0834494529233136,0.08077033681836562,0.18364666220011422,0.07599093288987628,0.15821031517981565,0.04762537803914335,0.06756366716226646,0.1817203135570236,0.1083188618378224,0.041661063887433375,0.06412825108346318
1804.6875,4229.231,4109.744,4123.077,4049.744,4173.333,0.1204214785959798,0.029736521022304622,0.03781688548905591,0.0834494529233136,0.08077033681836562,0.18364666220011422,0.07599093288987628,0.15821031517981565,0.04762537803914335,0.06756366716226646,0.1817203135570236,0.1083188618378224,0.041661063887433375,0.06412825108346318
1812.5,4206.154,4096.923,4120.0,4024.103,4149.231,0.1204214785959798,0.029736521022304622,0.03781688548905591,0.0834494529233136,0.08077033681836562,0.18364666220011422,0.07599093288987628,0.15821031517981565,0.04762537803914335,0.06756366716226646,0.1817203135570236,0.1083188618378224,0.041661063887433375,0.06412825108346318
1820.3125,4238.462,4116.923,4137.949,4048.205,4166.667,0.1204214785959798,0.029736521022304622,0.03781688548905591,0.0834494529233136,0.08077033681836562,0.18364666220011422,0.07599093288987628,0.15821031517981565,0.04762537803914335,0.06756366716226646,0.1817203135570236,0.1083188618378224,0.041661063887433375,0.06412825108346318
1828.125,4247.692,4125.641,4134.872,4063.077,4181.026,0.1204214785959798,0.029736521022304622,0.03781688548905591,0.0834494529233136,0.08077033681836562,0.18364666220011422,0.07599093288987628,0.15821031517981565,0.04762537803914335,0.06756366716226646,0.1817203135570236,0.1083188618378224,0.041661063887433375,0.06412825108346318
1835.9375,4220.0,4110.256,4126.154,4037.436,4153.846,0.1204214785959798,0.029736521022304622,0.03781688548905591,0.0834494529233136,0.08077033681836562,0.18364666220011422,0.07599093288987628,0.15821031517981565,0.04762537803914335,0.06756366716226646,0.1817203135570236,0.1083188618378224,0.041661063887433375,0.06412825108346318
1843.75,4195.385,4084.103,4114.359,4016.41,4115.897,0.1204214785959798,0.029736521022304622,0.03781688548905591,0.0834494529233136,0.08077033681836562,0.18364666220011422,0.07599093288987628,0.15821031517981565,0.04762537803914335,0.06756366716226646,0.1817203135570236,0.1083188618378224,0.041661063887433375,0.06412825108346318
1851.5625,4189.744,4078.974,4104.103,4020.0,4110.256,0.1204214785959798,0.029736521022304622,0.03781688548905591,0.0834494529233136,0.08077033681836562,0.18364666220011422,0.07599093288987628,0.15821031517981565,0.04762537803914335,0.06756366716226646,0.1817203135570236,0.1083188618378224,0.041661063887433375,0.06412825108346318
1859.375,4205.641,4096.923,4116.41,4034.359,4130.769,0.1204214785959798,0.029736521022304622,0.03781688548905591,0.0834494529233136,0.08077033681836562,0.18364666220011422,0.07599093288987628,0.15821031517981565,0.04762537803914335,0.06756366716226646,0.1817203135570236,0.1083188618378224,0.041661063887433375,0.06412825108346318
1867.1875,4212.821,4102.051,4122.051,4035.897,4135.897,0.1204214785959798,0.029736521022304622,0.03781688548905591,0.0834494529233136,0.08077033681836562,0.18364666220011422,0.07599093288987628,0.15821031517981565,0.04762537803914335,0.06756366716226646,0.1817203135570236,0.1083188618378224,0.041661063887433375,0.06412825108346318
1875.0,4201.026,4104.103,4115.385,4033.846,4128.718,0.1204214785959798,0.029736521022304622,0.03781688548905591,0.0834494529233136,0.08077033681836562,0.18364666220011422,0.07599093288987628,0.15821031517981565,0.04762537803914335,0.06756366716226646,0.1817203135570236,0.1083188618378224,0.041661063887433375,0.06412825108346318
1882.8125,4194.872,4109.744,4118.974,4044.615,4127.692,0.1204214785959798,0.029736521022304622,0.03781688548905591,0.0834494529233136,0.08077033681836562,0.18364666220011422,0.07599093288987628,0.15821031517981565,0.04762537803914335,0.06756366716226646,0.1817203135570236,0.1083188618378224,0.041661063887433375,0.06412825108346318
1890.625,4197.949,4114.359,4125.641,4055.385,4132.308,0.1204214785959798,0.029736521022304622,0.03781688548905591,0.0834494529233136,0.08077033681836562,0.18364666220011422,0.07599093288987628,0.15821031517981565,0.04762537803914335,0.06756366716226646,0.1817203135570236,0.1083188618378224,0.041661063887433375,0.06412825108346318
1898.4375,4203.077,4117.436,4134.359,4054.359,4131.795,0.1204214785959798,0.029736521022304622,0.03781688548905591,0.0834494529233136,0.08077033681836562,0.18364666220011422,0.07599093288987628,0.15821031517981565,0.04762537803914335,0.06756366716226646,0.1817203135570236,0.1083188618378224,0.041661063887433375,0.06412825108346318
1906.25,4202.051,4113.333,4134.872,4045.641,4123.077,0.1204214785959798,0.029736521022304622,0.03781688548905591,0.0834494529233136,0.08077033681836562,0.18364666220011422,0.07599093288987628,0.15821031517981565,0.04762537803914335,0.06756366716226646,0.1817203135570236,0.1083188618378224,0.041661063887433375,0.06412825108346318
1914.0625,4188.205,4100.0,4121.026,4035.897,4116.41,0.1204214785959798,0.029736521022304622,0.03781688548905591,0.0834494529233136,0.08077033681836562,0.18364666220011422,0.07599093288987628,0.15821031517981565,0.04762537803914335,0.06756366716226646,0.1817203135570236,0.1083188618378224,0.041661063887433375,0.06412825108346318
1921.875,4169.744,4078.462,4118.462,4028.205,4108.718,0.1204214785959798,0.029736521022304622,0.03781688548905591,0.0834494529233136,0.08077033681836562,0.18364666220011422,0.07599093288987628,0.15821031517981565,0.04762537803914335,0.06756366716226646,0.1817203135570236,0.1083188618378224,0.041661063887433375,0.06412825108346318
1929.6875,4169.744,4074.359,4129.744,4027.692,4103.59,0.1204214785959798,0.029736521022304622,0.03781688548905591,0.0834494529233136,0.08077033681836562,0.18364666220011422,0.07599093288987628,0.15821031517981565,0.04762537803914335,0.06756366716226646,0.1817203135570236,0.1083188618378224,0.041661063887433375,0.06412825108346318
1937.5,4171.282,4096.923,4122.564,4031.282,4100.0,0.1204214785959798,0.029736521022304622,0.03781688548905591,0.0834494529233136,0.08077033681836562,0.18364666220011422,0.07599093288987628,0.15821031517981565,0.04762537803914335,0.06756366716226646,0.1817203135570236,0.1083188618378224,0.041661063887433375,0.06412825108346318
1945.3125,4144.615,4094.359,4089.744,4014.359,4074.872,0.1204214785959798,0.029736521022304622,0.03781688548905591,0.0834494529233136,0.08077033681836562,0.18364666220011422,0.07599093288987628,0.15821031517981565,0.04762537803914335,0.06756366716226646,0.1817203135570236,0.1083188618378224,0.041661063887433375,0.06412825108346318
1953.125,4113.333,4055.385,4050.769,3982.564,4047.692,0.1204214785959798,0.029736521022304622,0.03781688548905591,0.0834494529233136,0.08077033681836562,0.18364666220011422,0.07599093288987628,0.15821031517981565,0.04762537803914335,0.06756366716226646,0.1817203135570236,0.1083188618378224,0.041661063887433375,0.06412825108346318
1960.9375,4116.467,4054.986,4051.909,3982.108,4051.453,0.1204214785959798,0.029736521022304622,0.03781688548905591,0.0834494529233136,0.08077033681836562,0.18364666220011422,0.07599093288987628,0.15821031517981565,0.04762537803914335,0.06756366716226646,0.1817203135570236,0.1083188618378224,0.041661063887433375,0.06412825108346318
1968.75,4119.601,4054.587,4053.048,3981.652,4055.214,0.1204214785959798,0.029736521022304622,0.03781688548905591,0.0834494529233136,0.08077033681836562,0.18364666220011422,0.07599093288987628,0.15821031517981565,0.04762537803914335,0.06756366716226646,0.1817203135570236,0.1083188618378224,0.041661063887433375,0.06412825108346318
1976.5625,4122.735,4054.188,4054.188,3981.197,4058.974,0.1204214785959798,0.029736521022304622,0.03781688548905591,0.0834494529233136,0.08077033681836562,0.18364666220011422,0.07599093288987628,0.15821031517981565,0.04762537803914335,0.06756366716226646,0.1817203135570236,0.1083188618378224,0.041661063887433375,0.06412825108346318
1984.375,4125.869,4053.789,4055.328,3980.741,4062.735,0.1204214785959798,0.029736521022304622,0.03781688548905591,0.0834494529233136,0.08077033681836562,0.18364666220011422,0.07599093288987628,0.15821031517981565,0.04762537803914335,0.06756366716226646,0.1817203135570236,0.1083188618378224,0.041661063887433375,0.06412825108346318
1992.1875,4129.003,4053.39,4056.467,3980.285,4066.496,0.1204214785959798,0.029736521022304622,0.03781688548905591,0.0834494529233136,0.08077033681836562,0.18364666220011422,0.07599093288987628,0.15821031517981565,0.04762537803914335,0.06756366716226646,0.1817203135570236,0.1083188618378224,0.041661063887433375,0.06412825108346318
2000.0,4132.137,4052.991,4057.607,3979.829,4070.256,0.1204214785959798,0.029736521022304622,0.03781688548905591,0.0834494529233136,0.08077033681836562,0.18364666220011422,0.07599093288987628,0.15821031517981565,0.04762537803914335,0.06756366716226646,0.1817203135570236,0.1083188618378224,0.041661063887433375,0.06412825108346318
2007.8125,4135.271,4052.593,4058.746,3979.373,4074.017,0.1204214785959798,0.029736521022304622,0.03781688548905591,0.0834494529233136,0.08077033681836562,0.18364666220011422,0.07599093288987628,0.15821031517981565,0.04762537803914335,0.06756366716226646,0.1817203135570236,0.1083188618378224,0.041661063887433375,0.06412825108346318
2015.625,4138.405,4052.194,4059.886,3978.917,4077.778,0.1204214785959798,0.029736521022304622,0.03781688548905591,0.0834494529233136,0.08077033681836562,0.18364666220011422,0.07599093288987628,0.15821031517981565,0.04762537803914335,0.06756366716226646,0.1817203135570236,0.1083188618378224,0.041661063887433375,0.06412825108346318
2023.4375,4141.538,4051.795,4061.026,3978.462,4081.538,0.1204214785959798,0.029736521022304622,0.03781688548905591,0.0834494529233136,0.08077033681836562,0.18364666220011422,0.07599093288987628,0.15821031517981565,0.04762537803914335,0.06756366716226646,0.1817203135570236,0.1083188618378224,0.041661063887433375,0.06412825108346318
2031.25,4130.256,4039.487,4060.0,3973.333,4071.282,0.1204214785959798,0.029736521022304622,0.03781688548905591,0.0834494529233136,0.08077033681836562,0.18364666220011422,0.07599093288987628,0.15821031517981565,0.04762537803914335,0.06756366716226646,0.1817203135570236,0.1083188618378224,0.041661063887433375,0.06412825108346318
2039.0625,4120.0,4044.103,4055.385,3967.692,4057.436,0.1204214785959798,0.029736521022304622,0.03781688548905591,0.0834494529233136,0.08077033681836562,0.18364666220011422,0.07599093288987628,0.15821031517981565,0.04762537803914335,0.06756366716226646,0.1817203135570236,0.1083188618378224,0.041661063887433375,0.06412825108346318
2046.875,4115.897,4051.795,4046.667,3972.821,4054.359,0.1204214785959798,0.029736521022304622,0.03781688548905591,0.0834494529233136,0.08077033681836562,0.18364666220011422,0.07599093288987628,0.15821031517981565,0.04762537803914335,0.06756366716226646,0.1817203135570236,0.1083188618378224,0.041661063887433375,0.06412825108346318
2054.6875,4101.538,4035.897,4025.641,3958.462,4045.641,0.1204214785959798,0.029736521022304622,0.03781688548905591,0.0834494529233136,0.08077033681836562,0.18364666220011422,0.07599093288987628,0.15821031517981565,0.04762537803914335,0.06756366716226646,0.1817203135570236,0.1083188618378224,0.041661063887433375,0.06412825108346318
2062.5,4096.41,4030.769,4008.718,3948.718,4051.282,0.1204214785959798,0.029736521022304622,0.03781688548905591,0.0834494529233136,0.08077033681836562,0.18364666220011422,0.07599093288987628,0.15821031517981565,0.04762537803914335,0.06756366716226646,0.1817203135570236,0.1083188618378224,0.041661063887433375,0.06412825108346318
2070.3125,4111.795,4054.872,4023.59,3976.41,4077.949,0.1204214785959798,0.029736521022304622,0.03781688548905591,0.0834494529233136,0.08077033681836562,0.18364666220011422,0.07599093288987628,0.15821031517981565,0.04762537803914335,0.06756366716226646,0.1817203135570236,0.1083188618378224,0.041661063887433375,0.06412825108346318
2078.125,4123.077,4067.692,4040.513,4002.051,4094.872,0.1204214785959798,0.029736521022304622,0.03781688548905591,0.0834494529233136,0.08077033681836562,0.18364666220011422,0.07599093288987628,0.15821031517981565,0.04762537803914335,0.06756366716226646,0.1817203135570236,0.1083188618378224,0.041661063887433375,0.06412825108346318
2085.9375,4120.0,4054.872,4042.051,3992.821,4089.231,0.1204214785959798,0.029736521022304622,0.03781688548905591,0.0834494529233136,0.08077033681836562,0.18364666220011422,0.07599093288987628,0.15821031517981565,0.04762537803914335,0.06756366716226646,0.1817203135570236,0.1083188618378224,0.041661063887433375,0.06412825108346318
2093.75,4124.615,4070.256,4051.282,3994.872,4106.667,0.1204214785959798,0.029736521022304622,0.03781688548905591,0.0834494529233136,0.08077033681836562,0.18364666220011422,0.07599093288987628,0.15821031517981565,0.04762537803914335,0.06756366716226646,0.1817203135570236,0.1083188618378224,0.041661063887433375,0.06412825108346318
2101.5625,4122.051,4062.051,4038.974,3994.872,4107.692,0.1204214785959798,0.029736521022304622,0.03781688548905591,0.0834494529233136,0.08077033681836562,0.18364666220011422,0.07599093288987628,0.15821031517981565,0.04762537803914335,0.06756366716226646,0.1817203135570236,0.1083188618378224,0.041661063887433375,0.06412825108346318
2109.375,4062.051,3971.282,3985.128,3923.59,4022.051,0.1204214785959798,0.029736521022304622,0.03781688548905591,0.0834494529233136,0.08077033681836562,0.18364666220011422,0.07599093288987628,0.15821031517981565,0.04762537803914335,0.06756366716226646,0.1817203135570236,0.1083188618378224,0.041661063887433375,0.06412825108346318
2117.1875,3975.897,3909.231,3932.821,3841.026,3942.051,0.1204214785959798,0.029736521022304622,0.03781688548905591,0.0834494529233136,0.08077033681836562,0.18364666220011422,0.07599093288987628,0.15821031517981565,0.04762537803914335,0.06756366716226646,0.1817203135570236,0.1083188618378224,0.041661063887433375,0.06412825108346318
2125.0,3992.821,3967.179,3950.769,3879.487,3995.897,0.1204214785959798,0.029736521022304622,0.03781688548905591,0.0834494529233136,0.08077033681836562,0.18364666220011422,0.07599093288987628,0.15821031517981565,0.04762537803914335,0.06756366716226646,0.1817203135570236,0.1083188618378224,0.041661063887433375,0.06412825108346318
2132.8125,4092.821,4032.821,4027.692,3977.436,4084.615,0.1204214785959798,0.029736521022304622,0.03781688548905591,0.0834494529233136,0.08077033681836562,0.18364666220011422,0.07599093288987628,0.15821031517981565,0.04762537803914335,0.06756366716226646,0.1817203135570236,0.1083188618378224,0.041661063887433375,0.06412825108346318
2140.625,4117.436,4040.513,4057.949,3983.59,4080.0,0.1204214785959798,0.029736521022304622,0.03781688548905591,0.0834494529233136,0.08077033681836562,0.18364666220011422,0.07599093288987628,0.15821031517981565,0.04762537803914335,0.06756366716226646,0.1817203135570236,0.1083188618378224,0.041661063887433375,0.06412825108346318
2148.4375,4089.231,4049.231,4023.077,3953.846,4060.513,0.1204214785959798,0.029736521022304622,0.03781688548905591,0.0834494529233136,0.08077033681836562,0.18364666220011422,0.07599093288987628,0.15821031517981565,0.04762537803914335,0.06756366716226646,0.1817203135570236,0.1083188618378224,0.041661063887433375,0.06412825108346318
2156.25,4100.0,4066.667,4024.103,3970.256,4078.974,0.1204214785959798,0.029736521022304622,0.03781688548905591,0.0834494529233136,0.08077033681836562,0.18364666220011422,0.07599093288987628,0.15821031517981565,0.04762537803914335,0.06756366716226646,0.1817203135570236,0.1083188618378224,0.041661063887433375,0.06412825108346318
2164.0625,4112.308,4077.436,4050.256,3997.949,4096.41,0.1204214785959798,0.029736521022304622,0.03781688548905591,0.0834494529233136,0.08077033681836562,0.18364666220011422,0.07599093288987628,0.15821031517981565,0.04762537803914335,0.06756366716226646,0.1817203135570236,0.1083188618378224,0.041661063887433375,0.06412825108346318
2171.875,4110.256,4076.41,4044.103,4006.154,4096.923,0.1204214785959798,0.029736521022304622,0.03781688548905591,0.0834494529233136,0.08077033681836562,0.18364666220011422,0.07599093288987628,0.15821031517981565,0.04762537803914335,0.06756366716226646,0.1817203135570236,0.1083188618378224,0.041661063887433375,0.06412825108346318
2179.6875,4108.205,4069.231,4031.282,3995.385,4082.051,0.1204214785959798,0.029736521022304622,0.03781688548905591,0.0834494529233136,0.08077033681836562,0.18364666220011422,0.07599093288987628,0.15821031517981565,0.04762537803914335,0.06756366716226646,0.1817203135570236,0.1083188618378224,0.041661063887433375,0.06412825108346318
2187.5,4106.154,4066.667,4037.436,3990.769,4073.846,0.1204214785959798,0.029736521022304622,0.03781688548905591,0.0834494529233136,0.08077033681836562,0.18364666220011422,0.07599093288987628,0.15821031517981565,0.04762537803914335,0.06756366716226646,0.1817203135570236,0.1083188618378224,0.041661063887433375,0.06412825108346318
2195.3125,4112.479,4076.41,4045.242,4001.823,4082.393,0.1204214785959798,0.029736521022304622,0.03781688548905591,0.0834494529233136,0.08077033681836562,0.18364666220011422,0.07599093288987628,0.15821031517981565,0.04762537803914335,0.06756366716226646,0.1817203135570236,0.1083188618378224,0.041661063887433375,0.06412825108346318
2203.125,4118.803,4086.154,4053.048,4012.877,4090.94,0.1204214785959798,0.029736521022304622,0.03781688548905591,0.0834494529233136,0.08077033681836562,0.18364666220011422,0.07599093288987628,0.15821031517981565,0.04762537803914335,0.06756366716226646,0.1817203135570236,0.1083188618378224,0.041661063887433375,0.06412825108346318
2210.9375,4125.128,4095.897,4060.855,4023.932,4099.487,0.1204214785959798,0.029736521022304622,0.03781688548905591,0.0834494529233136,0.08077033681836562,0.18364666220011422,0.07599093288987628,0.15821031517981565,0.04762537803914335,0.06756366716226646,0.1817203135570236,0.1083188618378224,0.041661063887433375,0.06412825108346318
2218.75,4131.453,4105.641,4068.661,4034.986,4108.034,0.1204214785959798,0.029736521022304622,0.03781688548905591,0.0834494529233136,0.08077033681836562,0.18364666220011422,0.07599093288987628,0.15821031517981565,0.04762537803914335,0.06756366716226646,0.1817203135570236,0.1083188618378224,0.041661063887433375,0.06412825108346318
2226.5625,4137.778,4115.385,4076.467,4046.04,4116.581,0.1204214785959798,0.029736521022304622,0.03781688548905591,0.0834494529233136,0.08077033681836562,0.18364666220011422,0.07599093288987628,0.15821031517981565,0.04762537803914335,0.06756366716226646,0.1817203135570236,0.1083188618378224,0.041661063887433375,0.06412825108346318
2234.375,4144.103,4125.128,4084.274,4057.094,4125.128,0.1204214785959798,0.029736521022304622,0.03781688548905591,0.0834494529233136,0.08077033681836562,0.18364666220011422,0.07599093288987628,0.15821031517981565,0.04762537803914335,0.06756366716226646,0.1817203135570236,0.1083188618378224,0.041661063887433375,0.06412825108346318
2242.1875,4150.427,4134.872,4092.08,4068.148,4133.675,0.1204214785959798,0.029736521022304622,0.03781688548905591,0.0834494529233136,0.08077033681836562,0.18364666220011422,0.07599093288987628,0.15821031517981565,0.04762537803914335,0.06756366716226646,0.1817203135570236,0.1083188618378224,0.041661063887433375,0.06412825108346318
2250.0,4156.752,4144.615,4099.886,4079.202,4142.222,0.1204214785959798,0.029736521022304622,0.03781688548905591,0.0834494529233136,0.08077033681836562,0.18364666220011422,0.07599093288987628,0.15821031517981565,0.04762537803914335,0.06756366716226646,0.1817203135570236,0.1083188618378224,0.041661063887433375,0.06412825108346318
2257.8125,4163.077,4154.359,4107.692,4090.256,4150.769,0.1204214785959798,0.029736521022304622,0.03781688548905591,0.0834494529233136,0.08077033681836562,0.18364666220011422,0.07599093288987628,0.15821031517981565,0.04762537803914335,0.06756366716226646,0.1817203135570236,0.1083188618378224,0.041661063887433375,0.06412825108346318
2265.625,4157.949,4151.282,4085.641,4079.487,4139.487,0.1204214785959798,0.029736521022304622,0.03781688548905591,0.0834494529233136,0.08077033681836562,0.18364666220011422,0.07599093288987628,0.15821031517981565,0.04762537803914335,0.06756366716226646,0.1817203135570236,0.1083188618378224,0.041661063887433375,0.06412825108346318
2273.4375,4177.436,4167.692,4109.744,4088.205,4151.282,0.1204214785959798,0.029736521022304622,0.03781688548905591,0.0834494529233136,0.08077033681836562,0.18364666220011422,0.07599093288987628,0.15821031517981565,0.04762537803914335,0.06756366716226646,0.1817203135570236,0.1083188618378224,0.041661063887433375,0.06412825108346318
2281.25,4161.538,4141.026,4101.026,4080.513,4144.103,0.1204214785959798,0.029736521022304622,0.03781688548905591,0.0834494529233136,0.08077033681836562,0.18364666220011422,0.07599093288987628,0.15821031517981565,0.04762537803914335,0.06756366716226646,0.1817203135570236,0.1083188618378224,0.041661063887433375,0.06412825108346318
2289.0625,4182.564,4153.846,4116.41,4101.538,4161.538,0.1204214785959798,0.029736521022304622,0.03781688548905591,0.0834494529233136,0.08077033681836562,0.18364666220011422,0.07599093288987628,0.15821031517981565,0.04762537803914335,0.06756366716226646,0.1817203135570236,0.1083188618378224,0.041661063887433375,0.06412825108346318
2296.875,4191.795,4171.282,4114.359,4111.282,4172.308,0.1204214785959798,0.029736521022304622,0.03781688548905591,0.0834494529233136,0.08077033681836562,0.18364666220011422,0.07599093288987628,0.15821031517981565,0.04762537803914335,0.06756366716226646,0.1817203135570236,0.1083188618378224,0.041661063887433375,0.06412825108346318
2304.6875,4155.385,4136.41,4087.179,4077.949,4144.103,0.1204214785959798,0.029736521022304622,0.03781688548905591,0.0834494529233136,0.08077033681836562,0.18364666220011422,0.07599093288987628,0.15821031517981565,0.04762537803914335,0.06756366716226646,0.1817203135570236,0.1083188618378224,0.041661063887433375,0.06412825108346318
2312.5,4167.179,4141.026,4108.718,4083.077,4154.872,0.1204214785959798,0.029736521022304622,0.03781688548905591,0.0834494529233136,0.08077033681836562,0.18364666220011422,0.07599093288987628,0.15821031517981565,0.04762537803914335,0.06756366716226646,0.1817203135570236,0.1083188618378224,0.041661063887433375,0.06412825108346318
2320.3125,4227.179,4201.538,4148.205,4134.872,4213.333,0.1204214785959798,0.029736521022304622,0.03781688548905591,0.0834494529233136,0.08077033681836562,0.18364666220011422,0.07599093288987628,0.15821031517981565,0.04762537803914335,0.06756366716226646,0.1817203135570236,0.1083188618378224,0.041661063887433375,0.06412825108346318
2328.125,4242.051,4203.59,4135.897,4135.897,4229.231,0.1204214785959798,0.029736521022304622,0.03781688548905591,0.0834494529233136,0.08077033681836562,0.18364666220011422,0.07599093288987628,0.15821031517981565,0.04762537803914335,0.06756366716226646,0.1817203135570236,0.1083188618378224,0.041661063887433375,0.06412825108346318
2335.9375,4258.974,4173.333,4133.333,4108.205,4223.59,0.1204214785959798,0.029736521022304622,0.03781688548905591,0.0834494529233136,0.08077033681836562,0.18364666220011422,0.07599093288987628,0.15821031517981565,0.04762537803914335,0.06756366716226646,0.1817203135570236,0.1083188618378224,0.041661063887433375,0.06412825108346318
2343.75,4384.103,4245.641,4214.359,4181.026,4323.59,0.1204214785959798,0.029736521022304622,0.03781688548905591,0.0834494529233136,0.08077033681836562,0.18364666220011422,0.07599093288987628,0.15821031517981565,0.04762537803914335,0.06756366716226646,0.1817203135570236,0.1083188618378224,0.041661063887433375,0.06412825108346318
2351.5625,4481.538,4301.538,4250.769,4236.923,4411.795,0.1204214785959798,0.029736521022304622,0.03781688548905591,0.0834494529233136,0.08077033681836562,0.18364666220011422,0.07599093288987628,0.15821031517981565,0.04762537803914335,0.06756366716226646,0.1817203135570236,0.1083188618378224,0.041661063887433375,0.06412825108346318
2359.375,4411.795,4192.821,4136.923,4125.641,4321.538,0.1204214785959798,0.029736521022304622,0.03781688548905591,0.0834494529233136,0.08077033681836562,0.18364666220011422,0.07599093288987628,0.15821031517981565,0.04762537803914335,0.06756366716226646,0.1817203135570236,0.1083188618378224,0.041661063887433375,0.06412825108346318
2367.1875,4388.49,4181.766,4124.103,4117.493,4305.869,0.1204214785959798,0.029736521022304622,0.03781688548905591,0.0834494529233136,0.08077033681836562,0.18364666220011422,0.07599093288987628,0.15821031517981565,0.04762537803914335,0.06756366716226646,0.1817203135570236,0.1083188618378224,0.041661063887433375,0.06412825108346318
2375.0,4365.185,4170.712,4111.282,4109.345,4290.199,0.1204214785959798,0.029736521022304622,0.03781688548905591,0.0834494529233136,0.08077033681836562,0.18364666220011422,0.07599093288987628,0.15821031517981565,0.04762537803914335,0.06756366716226646,0.1817203135570236,0.1083188618378224,0.041661063887433375,0.06412825108346318
2382.8125,4341.88,4159.658,4098.462,4101.197,4274.53,0.1204214785959798,0.029736521022304622,0.03781688548905591,0.0834494529233136,0.08077033681836562,0.18364666220011422,0.07599093288987628,0.15821031517981565,0.04762537803914335,0.06756366716226646,0.1817203135570236,0.1083188618378224,0.041661063887433375,0.06412825108346318
2390.625,4318.575,4148.604,4085.641,4093.048,4258.86,0.1204214785959798,0.029736521022304622,0.03781688548905591,0.0834494529233136,0.08077033681836562,0.18364666220011422,0.07599093288987628,0.15821031517981565,0.04762537803914335,0.06756366716226646,0.1817203135570236,0.1083188618378224,0.041661063887433375,0.06412825108346318
2398.4375,4295.271,4137.55,4072.821,4084.9,4243.191,0.1204214785959798,0.029736521022304622,0.03781688548905591,0.0834494529233136,0.08077033681836562,0.18364666220011422,0.07599093288987628,0.15821031517981565,0.04762537803914335,0.06756366716226646,0.1817203135570236,0.1083188618378224,0.041661063887433375,0.06412825108346318
2406.25,4271.966,4126.496,4060.0,4076.752,4227.521,0.1204214785959798,0.029736521022304622,0.03781688548905591,0.0834494529233136,0.08077033681836562,0.18364666220011422,0.07599093288987628,0.15821031517981565,0.04762537803914335,0.06756366716226646,0.1817203135570236,0.1083188618378224,0.041661063887433375,0.06412825108346318
2414.0625,4248.661,4115.442,4047.179,4068.604,4211.852,0.1204214785959798,0.029736521022304622,0.03781688548905591,0.0834494529233136,0.08077033681836562,0.18364666220011422,0.07599093288987628,0.15821031517981565,0.04762537803914335,0.06756366716226646,0.1817203135570236,0.1083188618378224,0.041661063887433375,0.06412825108346318
2421.875,4225.356,4104.387,4034.359,4060.456,4196.182,0.1204214785959798,0.029736521022304622,0.03781688548905591,0.0834494529233136,0.08077033681836562,0.18364666220011422,0.07599093288987628,0.15821031517981565,0.04762537803914335,0.06756366716226646,0.1817203135570236,0.1083188618378224,0.041661063887433375,0.06412825108346318
2429.6875,4202.051,4093.333,4021.538,4052.308,4180.513,0.1204214785959798,0.029736521022304622,0.03781688548905591,0.0834494529233136,0.08077033681836562,0.18364666220011422,0.07599093288987628,0.15821031517981565,0.04762537803914335,0.06756366716226646,0.1817203135570236,0.1083188618378224,0.041661063887433375,0.06412825108346318
2437.5,4162.051,4094.872,4037.436,4065.641,4160.0,0.1204214785959798,0.029736521022304622,0.03781688548905591,0.0834494529233136,0.08077033681836562,0.18364666220011422,0.07599093288987628,0.15821031517981565,0.04762537803914335,0.06756366716226646,0.1817203135570236,0.1083188618378224,0.041661063887433375,0.06412825108346318
2445.3125,4133.846,4114.872,4053.333,4076.923,4141.538,0.1204214785959798,0.029736521022304622,0.03781688548905591,0.0834494529233136,0.08077033681836562,0.18364666220011422,0.07599093288987628,0.15821031517981565,0.04762537803914335,0.06756366716226646,0.1817203135570236,0.1083188618378224,0.041661063887433375,0.06412825108346318
2453.125,4107.179,4118.974,4055.385,4068.718,4108.205,0.1204214785959798,0.029736521022304622,0.03781688548905591,0.0834494529233136,0.08077033681836562,0.18364666220011422,0.07599093288987628,0.15821031517981565,0.04762537803914335,0.06756366716226646,0.1817203135570236,0.1083188618378224,0.041661063887433375,0.06412825108346318
2460.9375,4068.205,4110.256,4056.41,4059.487,4080.513,0.1204214785959798,0.029736521022304622,0.03781688548905591,0.0834494529233136,0.08077033681836562,0.18364666220011422,0.07599093288987628,0.15821031517981565,0.04762537803914335,0.06756366716226646,0.1817203135570236,0.1083188618378224,0.041661063887433375,0.06412825108346318
2468.75,4023.59,4123.077,4030.769,4061.538,4067.692,0.1204214785959798,0.029736521022304622,0.03781688548905591,0.0834494529233136,0.08077033681836562,0.18364666220011422,0.07599093288987628,0.15821031517981565,0.04762537803914335,0.06756366716226646,0.1817203135570236,0.1083188618378224,0.041661063887433375,0.06412825108346318
2476.5625,4015.385,4121.026,4010.769,4070.769,4057.436,0.1204214785959798,0.029736521022304622,0.03781688548905591,0.0834494529233136,0.08077033681836562,0.18364666220011422,0.07599093288987628,0.15821031517981565,0.04762537803914335,0.06756366716226646,0.1817203135570236,0.1083188618378224,0.041661063887433375,0.06412825108346318
2484.375,4017.436,4083.077,4032.308,4058.974,4023.077,0.1204214785959798,0.029736521022304622,0.03781688548905591,0.0834494529233136,0.08077033681836562,0.18364666220011422,0.07599093288987628,0.15821031517981565,0.04762537803914335,0.06756366716226646,0.1817203135570236,0.1083188618378224,0.041661063887433375,0.06412825108346318
2492.1875,3977.949,4090.769,4035.897,4029.744,4002.051,0.1204214785959798,0.029736521022304622,0.03781688548905591,0.0834494529233136,0.08077033681836562,0.18364666220011422,0.07599093288987628,0.15821031517981565,0.04762537803914335,0.06756366716226646,0.1817203135570236,0.1083188618378224,0.041661063887433375,0.06412825108346318
2500.0,3965.128,4155.385,4024.103,4060.513,4044.615,0.1204214785959798,0.029736521022304622,0.03781688548905591,0.0834494529233136,0.08077033681836562,0.18364666220011422,0.07599093288987628,0.15821031517981565,0.04762537803914335,0.06756366716226646,0.1817203135570236,0.1083188618378224,0.041661063887433375,0.06412825108346318
2507.8125,3971.339,4154.359,4029.402,4065.356,4043.704,0.1204214785959798,0.029736521022304622,0.03781688548905591,0.0834494529233136,0.08077033681836562,0.18364666220011422,0.07599093288987628,0.15821031517981565,0.04762537803914335,0.06756366716226646,0.1817203135570236,0.1083188618378224,0.041661063887433375,0.06412825108346318
2515.625,3977.55,4153.333,4034.701,4070.199,4042.792,0.1204214785959798,0.029736521022304622,0.03781688548905591,0.0834494529233136,0.08077033681836562,0.18364666220011422,0.07599093288987628,0.15821031517981565,0.04762537803914335,0.06756366716226646,0.1817203135570236,0.1083188618378224,0.041661063887433375,0.06412825108346318
2523.4375,3983.761,4152.308,4040.0,4075.043,4041.88,0.1204214785959798,0.029736521022304622,0.03781688548905591,0.0834494529233136,0.08077033681836562,0.18364666220011422,0.07599093288987628,0.15821031517981565,0.04762537803914335,0.06756366716226646,0.1817203135570236,0.1083188618378224,0.041661063887433375,0.06412825108346318
2531.25,3989.972,4151.282,4045.299,4079.886,4040.969,0.1204214785959798,0.029736521022304622,0.03781688548905591,0.0834494529233136,0.08077033681836562,0.18364666220011422,0.07599093288987628,0.15821031517981565,0.04762537803914335,0.06756366716226646,0.1817203135570236,0.1083188618378224,0.041661063887433375,0.06412825108346318
2539.0625,3996.182,4150.256,4050.598,4084.729,4040.057,0.1204214785959798,0.029736521022304622,0.03781688548905591,0.0834494529233136,0.08077033681836562,0.18364666220011422,0.07599093288987628,0.15821031517981565,0.04762537803914335,0.06756366716226646,0.1817203135570236,0.1083188618378224,0.041661063887433375,0.06412825108346318
2546.875,4002.393,4149.231,4055.897,4089.573,4039.145,0.1204214785959798,0.029736521022304622,0.03781688548905591,0.0834494529233136,0.08077033681836562,0.18364666220011422,0.07599093288987628,0.15821031517981565,0.04762537803914335,0.06756366716226646,0.1817203135570236,0.1083188618378224,0.041661063887433375,0.06412825108346318
2554.6875,4008.604,4148.205,4061.197,4094.416,4038.234,0.1204214785959798,0.029736521022304622,0.03781688548905591,0.0834494529233136,0.08077033681836562,0.18364666220011422,0.07599093288987628,0.15821031517981565,0.04762537803914335,0.06756366716226646,0.1817203135570236,0.1083188618378224,0.041661063887433375,0.06412825108346318
2562.5,4014.815,4147.179,4066.496,4099.259,4037.322,0.1204214785959798,0.029736521022304622,0.03781688548905591,0.0834494529233136,0.08077033681836562,0.18364666220011422,0.07599093288987628,0.15821031517981565,0.04762537803914335,0.06756366716226646,0.1817203135570236,0.1083188618378224,0.041661063887433375,0.06412825108346318
2570.3125,4021.026,4146.154,4071.795,4104.103,4036.41,0.1204214785959798,0.029736521022304622,0.03781688548905591,0.0834494529233136,0.08077033681836562,0.18364666220011422,0.07599093288987628,0.15821031517981565,0.04762537803914335,0.06756366716226646,0.1817203135570236,0.1083188618378224,0.041661063887433375,0.06412825108346318
2578.125,4011.282,4192.308,4053.846,4114.359,4064.615,0.1204214785959798,0.029736521022304622,0.03781688548905591,0.0834494529233136,0.08077033681836562,0.18364666220011422,0.07599093288987628,0.15821031517981565,0.04762537803914335,0.06756366716226646,0.1817203135570236,0.1083188618378224,0.041661063887433375,0.06412825108346318
2585.9375,4026.667,4178.462,4030.769,4131.282,4063.077,0.1204214785959798,0.029736521022304622,0.03781688548905591,0.0834494529233136,0.08077033681836562,0.18364666220011422,0.07599093288987628,0.15821031517981565,0.04762537803914335,0.06756366716226646,0.1817203135570236,0.1083188618378224,0.041661063887433375,0.06412825108346318
2593.75,4028.718,4149.744,4051.282,4111.795,4032.308,0.1204214785959798,0.029736521022304622,0.03781688548905591,0.0834494529233136,0.08077033681836562,0.18364666220011422,0.07599093288987628,0.15821031517981565,0.04762537803914335,0.06756366716226646,0.1817203135570236,0.1083188618378224,0.041661063887433375,0.06412825108346318
2601.5625,4012.308,4182.051,4056.923,4108.205,4045.641,0.1204214785959798,0.029736521022304622,0.03781688548905591,0.0834494529233136,0.08077033681836562,0.18364666220011422,0.07599093288987628,0.15821031517981565,0.04762537803914335,0.06756366716226646,0.1817203135570236,0.1083188618378224,0.041661063887433375,0.06412825108346318
2609.375,4041.538,4209.744,4063.59,4152.308,4089.744,0.1204214785959798,0.029736521022304622,0.03781688548905591,0.0834494529233136,0.08077033681836562,0.18364666220011422,0.07599093288987628,0.15821031517981565,0.04762537803914335,0.06756366716226646,0.1817203135570236,0.1083188618378224,0.041661063887433375,0.06412825108346318
2617.1875,4031.795,4152.308,4061.026,4123.077,4057.436,0.1204214785959798,0.029736521022304622,0.03781688548905591,0.0834494529233136,0.08077033681836562,0.18364666220011422,0.07599093288987628,0.15821031517981565,0.04762537803914335,0.06756366716226646,0.1817203135570236,0.1083188618378224,0.041661063887433375,0.06412825108346318
2625.0,3955.385,4116.41,4020.0,4053.333,4003.077,0.1204214785959798,0.029736521022304622,0.03781688548905591,0.0834494529233136,0.08077033681836562,0.18364666220011422,0.07599093288987628,0.15821031517981565,0.04762537803914335,0.06756366716226646,0.1817203135570236,0.1083188618378224,0.041661063887433375,0.06412825108346318
2632.8125,3962.564,4152.821,4006.667,4082.051,4029.231,0.1204214785959798,0.029736521022304622,0.03781688548905591,0.0834494529233136,0.08077033681836562,0.18364666220011422,0.07599093288987628,0.15821031517981565,0.04762537803914335,0.06756366716226646,0.1817203135570236,0.1083188618378224,0.041661063887433375,0.06412825108346318
2640.625,4026.154,4147.692,4030.769,4108.718,4062.051,0.1204214785959798,0.029736521022304622,0.03781688548905591,0.0834494529233136,0.08077033681836562,0.18364666220011422,0.07599093288987628,0.15821031517981565,0.04762537803914335,0.06756366716226646,0.1817203135570236,0.1083188618378224,0.041661063887433375,0.06412825108346318
2648.4375,4060.0,4121.538,4047.179,4085.641,4080.0,0.1204214785959798,0.029736521022304622,0.03781688548905591,0.0834494529233136,0.08077033681836562,0.18364666220011422,0.07599093288987628,0.15821031517981565,0.04762537803914335,0.06756366716226646,0.1817203135570236,0.1083188618378224,0.041661063887433375,0.06412825108346318
2656.25,4116.923,4162.051,4064.615,4109.231,4138.974,0.1204214785959798,0.029736521022304622,0.03781688548905591,0.0834494529233136,0.08077033681836562,0.18364666220011422,0.07599093288987628,0.15821031517981565,0.04762537803914335,0.06756366716226646,0.1817203135570236,0.1083188618378224,0.041661063887433375,0.06412825108346318
2664.0625,4158.974,4177.436,4051.282,4119.487,4165.128,0.1204214785959798,0.029736521022304622,0.03781688548905591,0.0834494529233136,0.08077033681836562,0.18364666220011422,0.07599093288987628,0.15821031517981565,0.04762537803914335,0.06756366716226646,0.1817203135570236,0.1083188618378224,0.041661063887433375,0.06412825108346318
2671.875,4135.385,4130.256,4010.256,4066.154,4127.179,0.1204214785959798,0.029736521022304622,0.03781688548905591,0.0834494529233136,0.08077033681836562,0.18364666220011422,0.07599093288987628,0.15821031517981565,0.04762537803914335,0.06756366716226646,0.1817203135570236,0.1083188618378224,0.041661063887433375,0.06412825108346318
2679.6875,4137.436,4138.462,4030.256,4062.564,4124.615,0.1204214785959798,0.029736521022304622,0.03781688548905591,0.0834494529233136,0.08077033681836562,0.18364666220011422,0.07599093288987628,0.15821031517981565,0.04762537803914335,0.06756366716226646,0.1817203135570236,0.1083188618378224,0.041661063887433375,0.06412825108346318
2687.5,4185.128,4197.949,4080.513,4114.872,4166.154,0.1204214785959798,0.029736521022304622,0.03781688548905591,0.0834494529233136,0.08077033681836562,0.18364666220011422,0.07599093288987628,0.15821031517981565,0.04762537803914335,0.06756366716226646,0.1817203135570236,0.1083188618378224,0.041661063887433375,0.06412825108346318
2695.3125,4185.128,4205.641,4064.615,4123.077,4162.564,0.1204214785959798,0.029736521022304622,0.03781688548905591,0.0834494529233136,0.08077033681836562,0.18364666220011422,0.07599093288987628,0.15821031517981565,0.04762537803914335,0.06756366716226646,0.1817203135570236,0.1083188618378224,0.041661063887433375,0.06412825108346318
2703.125,4166.154,4186.154,4046.667,4111.795,4140.513,0.1204214785959798,0.029736521022304622,0.03781688548905591,0.0834494529233136,0.08077033681836562,0.18364666220011422,0.07599093288987628,0.15821031517981565,0.04762537803914335,0.06756366716226646,0.1817203135570236,0.1083188618378224,0.041661063887433375,0.06412825108346318
2710.9375,4184.615,4198.462,4081.026,4128.718,4160.0,0.1204214785959798,0.029736521022304622,0.03781688548905591,0.0834494529233136,0.08077033681836562,0.18364666220011422,0.07599093288987628,0.15821031517981565,0.04762537803914335,0.06756366716226646,0.1817203135570236,0.1083188618378224,0.041661063887433375,0.06412825108346318
2718.75,4190.769,4217.949,4096.41,4135.897,4174.872,0.1204214785959798,0.029736521022304622,0.03781688548905591,0.0834494529233136,0.08077033681836562,0.18364666220011422,0.07599093288987628,0.15821031517981565,0.04762537803914335,0.06756366716226646,0.1817203135570236,0.1083188618378224,0.041661063887433375,0.06412825108346318
2726.5625,4184.103,4212.308,4089.744,4129.744,4160.513,0.1204214785959798,0.029736521022304622,0.03781688548905591,0.0834494529233136,0.08077033681836562,0.18364666220011422,0.07599093288987628,0.15821031517981565,0.04762537803914335,0.06756366716226646,0.1817203135570236,0.1083188618378224,0.041661063887433375,0.06412825108346318
2734.375,4184.615,4201.538,4092.821,4134.359,4153.846,0.1204214785959798,0.029736521022304622,0.03781688548905591,0.0834494529233136,0.08077033681836562,0.18364666220011422,0.07599093288987628,0.15821031517981565,0.04762537803914335,0.06756366716226646,0.1817203135570236,0.1083188618378224,0.041661063887433375,0.06412825108346318
2742.1875,4186.154,4210.769,4100.513,4141.538,4162.051,0.1204214785959798,0.029736521022304622,0.03781688548905591,0.0834494529233136,0.08077033681836562,0.18364666220011422,0.07599093288987628,0.15821031517981565,0.04762537803914335,0.06756366716226646,0.1817203135570236,0.1083188618378224,0.041661063887433375,0.06412825108346318
2750.0,4190.769,4219.487,4106.667,4144.103,4171.282,0.1204214785959798,0.029736521022304622,0.03781688548905591,0.0834494529233136,0.08077033681836562,0.18364666220011422,0.07599093288987628,0.15821031517981565,0.04762537803914335,0.06756366716226646,0.1817203135570236,0.1083188618378224,0.041661063887433375,0.06412825108346318
2757.8125,4188.718,4206.667,4103.59,4153.333,4177.436,0.1204214785959798,0.029736521022304622,0.03781688548905591,0.0834494529233136,0.08077033681836562,0.18364666220011422,0.07599093288987628,0.15821031517981565,0.04762537803914335,0.06756366716226646,0.1817203135570236,0.1083188618378224,0.041661063887433375,0.06412825108346318
2765.625,4175.385,4201.026,4087.179,4148.718,4168.205,0.1204214785959798,0.029736521022304622,0.03781688548905591,0.0834494529233136,0.08077033681836562,0.18364666220011422,0.07599093288987628,0.15821031517981565,0.04762537803914335,0.06756366716226646,0.1817203135570236,0.1083188618378224,0.041661063887433375,0.06412825108346318
2773.4375,4185.128,4209.744,4068.718,4124.615,4158.974,0.1204214785959798,0.029736521022304622,0.03781688548905591,0.0834494529233136,0.08077033681836562,0.18364666220011422,0.07599093288987628,0.15821031517981565,0.04762537803914335,0.06756366716226646,0.1817203135570236,0.1083188618378224,0.041661063887433375,0.06412825108346318
2781.25,4222.564,4210.256,4054.359,4121.026,4178.974,0.1204214785959798,0.029736521022304622,0.03781688548905591,0.0834494529233136,0.08077033681836562,0.18364666220011422,0.07599093288987628,0.15821031517981565,0.04762537803914335,0.06756366716226646,0.1817203135570236,0.1083188618378224,0.041661063887433375,0.06412825108346318
2789.0625,4240.513,4215.897,4040.513,4125.641,4203.077,0.1204214785959798,0.029736521022304622,0.03781688548905591,0.0834494529233136,0.08077033681836562,0.18364666220011422,0.07599093288987628,0.15821031517981565,0.04762537803914335,0.06756366716226646,0.1817203135570236,0.1083188618378224,0.041661063887433375,0.06412825108346318
2796.875,4247.692,4235.385,4044.103,4115.897,4207.179,0.1204214785959798,0.029736521022304622,0.03781688548905591,0.0834494529233136,0.08077033681836562,0.18364666220011422,0.07599093288987628,0.15821031517981565,0.04762537803914335,0.06756366716226646,0.1817203135570236,0.1083188618378224,0.041661063887433375,0.06412825108346318
2804.6875,4275.385,4238.462,4069.744,4119.487,4209.744,0.1204214785959798,0.029736521022304622,0.03781688548905591,0.0834494529233136,0.08077033681836562,0.18364666220011422,0.07599093288987628,0.15821031517981565,0.04762537803914335,0.06756366716226646,0.1817203135570236,0.1083188618378224,0.041661063887433375,0.06412825108346318
2812.5,4289.231,4224.615,4080.513,4134.359,4209.744,0.1204214785959798,0.029736521022304622,0.03781688548905591,0.0834494529233136,0.08077033681836562,0.18364666220011422,0.07599093288987628,0.15821031517981565,0.04762537803914335,0.06756366716226646,0.1817203135570236,0.1083188618378224,0.041661063887433375,0.06412825108346318
2820.3125,4268.718,4220.513,4061.538,4131.282,4207.692,0.1204214785959798,0.029736521022304622,0.03781688548905591,0.0834494529233136,0.08077033681836562,0.18364666220011422,0.07599093288987628,0.15821031517981565,0.04762537803914335,0.06756366716226646,0.1817203135570236,0.1083188618378224,0.041661063887433375,0.06412825108346318
2828.125,4250.256,4232.821,4055.385,4127.179,4214.872,0.1204214785959798,0.029736521022304622,0.03781688548905591,0.0834494529233136,0.08077033681836562,0.18364666220011422,0.07599093288987628,0.15821031517981565,0.04762537803914335,0.06756366716226646,0.1817203135570236,0.1083188618378224,0.041661063887433375,0.06412825108346318
2835.9375,4243.59,4237.436,4078.974,4133.333,4211.282,0.1204214785959798,0.029736521022304622,0.03781688548905591,0.0834494529233136,0.08077033681836562,0.18364666220011422,0.07599093288987628,0.15821031517981565,0.04762537803914335,0.06756366716226646,0.1817203135570236,0.1083188618378224,0.041661063887433375,0.06412825108346318
2843.75,4229.231,4220.0,4079.487,4134.872,4189.231,0.1204214785959798,0.029736521022304622,0.03781688548905591,0.0834494529233136,0.08077033681836562,0.18364666220011422,0.07599093288987628,0.15821031517981565,0.04762537803914335,0.06756366716226646,0.1817203135570236,0.1083188618378224,0.041661063887433375,0.06412825108346318
2851.5625,4207.692,4206.154,4057.436,4126.154,4173.846,0.1204214785959798,0.029736521022304622,0.03781688548905591,0.0834494529233136,0.08077033681836562,0.18364666220011422,0.07599093288987628,0.15821031517981565,0.04762537803914335,0.06756366716226646,0.1817203135570236,0.1083188618378224,0.041661063887433375,0.06412825108346318
2859.375,4201.026,4204.046,4054.872,4123.077,4168.376,0.1204214785959798,0.029736521022304622,0.03781688548905591,0.0834494529233136,0.08077033681836562,0.18364666220011422,0.07599093288987628,0.15821031517981565,0.04762537803914335,0.06756366716226646,0.1817203135570236,0.1083188618378224,0.041661063887433375,0.06412825108346318
2867.1875,4194.359,4201.937,4052.308,4120.0,4162.906,0.1204214785959798,0.029736521022304622,0.03781688548905591,0.0834494529233136,0.08077033681836562,0.18364666220011422,0.07599093288987628,0.15821031517981565,0.04762537803914335,0.06756366716226646,0.1817203135570236,0.1083188618378224,0.041661063887433375,0.06412825108346318
2875.0,4187.692,4199.829,4049.744,4116.923,4157.436,0.1204214785959798,0.029736521022304622,0.03781688548905591,0.0834494529233136,0.08077033681836562,0.18364666220011422,0.07599093288987628,0.15821031517981565,0.04762537803914335,0.06756366716226646,0.1817203135570236,0.1083188618378224,0.041661063887433375,0.06412825108346318
2882.8125,4181.026,4197.721,4047.179,4113.846,4151.966,0.1204214785959798,0.029736521022304622,0.03781688548905591,0.0834494529233136,0.08077033681836562,0.18364666220011422,0.07599093288987628,0.15821031517981565,0.04762537803914335,0.06756366716226646,0.1817203135570236,0.1083188618378224,0.041661063887433375,0.06412825108346318
2890.625,4174.359,4195.613,4044.615,4110.769,4146.496,0.1204214785959798,0.029736521022304622,0.03781688548905591,0.0834494529233136,0.08077033681836562,0.18364666220011422,0.07599093288987628,0.15821031517981565,0.04762537803914335,0.06756366716226646,0.1817203135570236,0.1083188618378224,0.041661063887433375,0.06412825108346318
2898.4375,4167.692,4193.504,4042.051,4107.692,4141.026,0.1204214785959798,0.029736521022304622,0.03781688548905591,0.0834494529233136,0.08077033681836562,0.18364666220011422,0.07599093288987628,0.15821031517981565,0.04762537803914335,0.06756366716226646,0.1817203135570236,0.1083188618378224,0.041661063887433375,0.06412825108346318
2906.25,4161.026,4191.396,4039.487,4104.615,4135.556,0.1204214785959798,0.029736521022304622,0.03781688548905591,0.0834494529233136,0.08077033681836562,0.18364666220011422,0.07599093288987628,0.15821031517981565,0.04762537803914335,0.06756366716226646,0.1817203135570236,0.1083188618378224,0.041661063887433375,0.06412825108346318
2914.0625,4154.359,4189.288,4036.923,4101.538,4130.085,0.1204214785959798,0.029736521022304622,0.03781688548905591,0.0834494529233136,0.08077033681836562,0.18364666220011422,0.07599093288987628,0.15821031517981565,0.04762537803914335,0.06756366716226646,0.1817203135570236,0.1083188618378224,0.041661063887433375,0.06412825108346318
2921.875,4147.692,4187.179,4034.359,4098.462,4124.615,0.1204214785959798,0.029736521022304622,0.03781688548905591,0.0834494529233136,0.08077033681836562,0.18364666220011422,0.07599093288987628,0.15821031517981565,0.04762537803914335,0.06756366716226646,0.1817203135570236,0.1083188618378224,0.041661063887433375,0.06412825108346318
2929.6875,4176.923,4225.128,4064.103,4126.154,4149.744,0.1204214785959798,0.029736521022304622,0.03781688548905591,0.0834494529233136,0.08077033681836562,0.18364666220011422,0.07599093288987628,0.15821031517981565,0.04762537803914335,0.06756366716226646,0.1817203135570236,0.1083188618378224,0.041661063887433375,0.06412825108346318
2937.5,4222.564,4260.513,4095.897,4164.615,4194.872,0.1204214785959798,0.029736521022304622,0.03781688548905591,0.0834494529233136,0.08077033681836562,0.18364666220011422,0.07599093288987628,0.15821031517981565,0.04762537803914335,0.06756366716226646,0.1817203135570236,0.1083188618378224,0.041661063887433375,0.06412825108346318
2945.3125,4180.513,4210.769,4033.333,4123.59,4164.103,0.1204214785959798,0.029736521022304622,0.03781688548905591,0.0834494529233136,0.08077033681836562,0.18364666220011422,0.07599093288987628,0.15821031517981565,0.04762537803914335,0.06756366716226646,0.1817203135570236,0.1083188618378224,0.041661063887433375,0.06412825108346318
2953.125,4115.897,4150.256,3965.128,4053.333,4106.667,0.1204214785959798,0.029736521022304622,0.03781688548905591,0.0834494529233136,0.08077033681836562,0.18364666220011422,0.07599093288987628,0.15821031517981565,0.04762537803914335,0.06756366716226646,0.1817203135570236,0.1083188618378224,0.041661063887433375,0.06412825108346318
2960.9375,4158.462,4187.692,4012.821,4086.667,4143.59,0.1204214785959798,0.029736521022304622,0.03781688548905591,0.0834494529233136,0.08077033681836562,0.18364666220011422,0.07599093288987628,0.15821031517981565,0.04762537803914335,0.06756366716226646,0.1817203135570236,0.1083188618378224,0.041661063887433375,0.06412825108346318
2968.75,4195.897,4220.0,4051.795,4131.795,4183.077,0.1204214785959798,0.029736521022304622,0.03781688548905591,0.0834494529233136,0.08077033681836562,0.18364666220011422,0.07599093288987628,0.15821031517981565,0.04762537803914335,0.06756366716226646,0.1817203135570236,0.1083188618378224,0.041661063887433375,0.06412825108346318
2976.5625,4163.59,4188.718,4024.103,4107.692,4155.897,0.1204214785959798,0.029736521022304622,0.03781688548905591,0.0834494529233136,0.08077033681836562,0.18364666220011422,0.07599093288987628,0.15821031517981565,0.04762537803914335,0.06756366716226646,0.1817203135570236,0.1083188618378224,0.041661063887433375,0.06412825108346318
2984.375,4175.897,4204.615,4051.282,4118.462,4161.538,0.1204214785959798,0.029736521022304622,0.03781688548905591,0.0834494529233136,0.08077033681836562,0.18364666220011422,0.07599093288987628,0.15821031517981565,0.04762537803914335,0.06756366716226646,0.1817203135570236,0.1083188618378224,0.041661063887433375,0.06412825108346318
2992.1875,4213.333,4246.667,4101.538,4161.026,4202.564,0.1204214785959798,0.029736521022304622,0.03781688548905591,0.0834494529233136,0.08077033681836562,0.18364666220011422,0.07599093288987628,0.15821031517981565,0.04762537803914335,0.06756366716226646,0.1817203135570236,0.1083188618378224,0.041661063887433375,0.06412825108346318
