timestamp,AF3,T7,Pz,T8,AF4,AF3_theta,AF3_alpha,AF3_beta,T7_theta,T7_mu,T7_beta,Pz_alpha,Pz_beta,T8_theta,T8_mu,T8_beta,AF4_theta,AF4_alpha,AF4_beta
0.0,4220.513,4260.513,4121.026,4114.872,4193.333,0.14475810312718254,0.05545285098999404,0.061125248464680516,0.1412789212291731,0.05559086085984196,0.062341150843266316,0.05416986281396552,0.061318423241119184,0.14191113787558754,0.0545800970970525,0.06144602732235728,0.14259170681394037,0.054654374544093554,0.060580189765617805
7.8125,4224.103,4261.026,4124.103,4106.154,4198.974,0.14475810312718254,0.05545285098999404,0.061125248464680516,0.1412789212291731,0.05559086085984196,0.062341150843266316,0.05416986281396552,0.061318423241119184,0.14191113787558754,0.0545800970970525,0.06144602732235728,0.14259170681394037,0.054654374544093554,0.060580189765617805
15.625,4230.769,4232.821,4127.179,4112.308,4200.0,0.14475810312718254,0.05545285098999404,0.061125248464680516,0.1412789212291731,0.05559086085984196,0.062341150843266316,0.05416986281396552,0.061318423241119184,0.14191113787558754,0.0545800970970525,0.06144602732235728,0.14259170681394037,0.054654374544093554,0.060580189765617805
23.4375,4235.897,4256.41,4129.231,4130.256,4201.026,0.14475810312718254,0.05545285098999404,0.061125248464680516,0.1412789212291731,0.05559086085984196,0.062341150843266316,0.05416986281396552,0.061318423241119184,0.14191113787558754,0.0545800970970525,0.06144602732235728,0.14259170681394037,0.054654374544093554,0.060580189765617805
31.25,4246.154,4277.436,4137.949,4146.154,4218.974,0.14475810312718254,0.05545285098999404,0.061125248464680516,0.1412789212291731,0.05559086085984196,0.062341150843266316,0.05416986281396552,0.061318423241119184,0.14191113787558754,0.0545800970970525,0.06144602732235728,0.14259170681394037,0.054654374544093554,0.060580189765617805
39.0625,4251.795,4251.282,4145.641,4141.026,4224.615,0.14475810312718254,0.05545285098999404,0.061125248464680516,0.1412789212291731,0.05559086085984196,0.062341150843266316,0.05416986281396552,0.061318423241119184,0.14191113787558754,0.0545800970970525,0.06144602732235728,0.14259170681394037,0.054654374544093554,0.060580189765617805
46.875,4251.282,4253.333,4145.641,4126.154,4218.974,0.14475810312718254,0.05545285098999404,0.061125248464680516,0.1412789212291731,0.05559086085984196,0.062341150843266316,0.05416986281396552,0.061318423241119184,0.14191113787558754,0.0545800970970525,0.06144602732235728,0.14259170681394037,0.054654374544093554,0.060580189765617805
54.6875,4252.821,4272.308,4140.0,4123.59,4214.872,0.14475810312718254,0.05545285098999404,0.061125248464680516,0.1412789212291731,0.05559086085984196,0.062341150843266316,0.05416986281396552,0.061318423241119184,0.14191113787558754,0.0545800970970525,0.06144602732235728,0.14259170681394037,0.054654374544093554,0.060580189765617805
62.5,4257.436,4277.949,4142.051,4132.821,4221.538,0.14475810312718254,0.05545285098999404,0.061125248464680516,0.1412789212291731,0.05559086085984196,0.062341150843266316,0.05416986281396552,0.061318423241119184,0.14191113787558754,0.0545800970970525,0.06144602732235728,0.14259170681394037,0.054654374544093554,0.060580189765617805
70.3125,4254.872,4262.564,4145.641,4139.487,4234.872,0.14475810312718254,0.05545285098999404,0.061125248464680516,0.1412789212291731,0.05559086085984196,0.062341150843266316,0.05416986281396552,0.061318423241119184,0.14191113787558754,0.0545800970970525,0.06144602732235728,0.14259170681394037,0.054654374544093554,0.060580189765617805
78.125,4251.795,4223.59,4142.051,4138.974,4238.974,0.14475810312718254,0.05545285098999404,0.061125248464680516,0.1412789212291731,0.05559086085984196,0.062341150843266316,0.05416986281396552,0.061318423241119184,0.14191113787558754,0.0545800970970525,0.06144602732235728,0.14259170681394037,0.054654374544093554,0.060580189765617805
85.9375,4258.462,4231.282,4135.897,4140.513,4232.308,0.14475810312718254,0.05545285098999404,0.061125248464680516,0.1412789212291731,0.05559086085984196,0.062341150843266316,0.05416986281396552,0.061318423241119184,0.14191113787558754,0.0545800970970525,0.06144602732235728,0.14259170681394037,0.054654374544093554,0.060580189765617805
93.75,4260.0,4283.59,4137.949,4139.487,4227.692,0.14475810312718254,0.05545285098999404,0.061125248464680516,0.1412789212291731,0.05559086085984196,0.062341150843266316,0.05416986281396552,0.061318423241119184,0.14191113787558754,0.0545800970970525,0.06144602732235728,0.14259170681394037,0.054654374544093554,0.060580189765617805
101.5625,4248.205,4289.744,4143.077,4130.769,4218.462,0.14475810312718254,0.05545285098999404,0.061125248464680516,0.1412789212291731,0.05559086085984196,0.062341150843266316,0.05416986281396552,0.061318423241119184,0.14191113787558754,0.0545800970970525,0.06144602732235728,0.14259170681394037,0.054654374544093554,0.060580189765617805
109.375,4242.051,4253.333,4150.256,4128.205,4210.256,0.14475810312718254,0.05545285098999404,0.061125248464680516,0.1412789212291731,0.05559086085984196,0.062341150843266316,0.05416986281396552,0.061318423241119184,0.14191113787558754,0.0545800970970525,0.06144602732235728,0.14259170681394037,0.054654374544093554,0.060580189765617805
117.1875,4253.333,4256.923,4162.564,4140.0,4227.179,0.14475810312718254,0.05545285098999404,0.061125248464680516,0.1412789212291731,0.05559086085984196,0.062341150843266316,0.05416986281396552,0.061318423241119184,0.14191113787558754,0.0545800970970525,0.06144602732235728,0.14259170681394037,0.054654374544093554,0.060580189765617805
125.0,4266.154,4271.282,4160.0,4150.769,4250.256,0.14475810312718254,0.05545285098999404,0.061125248464680516,0.1412789212291731,0.05559086085984196,0.062341150843266316,0.05416986281396552,0.061318423241119184,0.14191113787558754,0.0545800970970525,0.06144602732235728,0.14259170681394037,0.054654374544093554,0.060580189765617805
132.8125,4266.154,4245.641,4142.564,4140.513,4245.641,0.14475810312718254,0.05545285098999404,0.061125248464680516,0.1412789212291731,0.05559086085984196,0.062341150843266316,0.05416986281396552,0.061318423241119184,0.14191113787558754,0.0545800970970525,0.06144602732235728,0.14259170681394037,0.054654374544093554,0.060580189765617805
140.625,4264.103,4243.077,4141.538,4134.359,4232.308,0.14475810312718254,0.05545285098999404,0.061125248464680516,0.1412789212291731,0.05559086085984196,0.062341150843266316,0.05416986281396552,0.061318423241119184,0.14191113787558754,0.0545800970970525,0.06144602732235728,0.14259170681394037,0.054654374544093554,0.060580189765617805
148.4375,4270.769,4272.821,4154.872,4145.641,4241.026,0.14475810312718254,0.05545285098999404,0.061125248464680516,0.1412789212291731,0.05559086085984196,0.062341150843266316,0.05416986281396552,0.061318423241119184,0.14191113787558754,0.0545800970970525,0.06144602732235728,0.14259170681394037,0.054654374544093554,0.060580189765617805
156.25,4277.436,4268.205,4160.513,4148.718,4257.436,0.14475810312718254,0.05545285098999404,0.061125248464680516,0.1412789212291731,0.05559086085984196,0.062341150843266316,0.05416986281396552,0.061318423241119184,0.14191113787558754,0.0545800970970525,0.06144602732235728,0.14259170681394037,0.054654374544093554,0.060580189765617805
164.0625,4266.154,4232.308,4148.718,4134.872,4246.667,0.14475810312718254,0.05545285098999404,0.061125248464680516,0.1412789212291731,0.05559086085984196,0.062341150843266316,0.05416986281396552,0.061318423241119184,0.14191113787558754,0.0545800970970525,0.06144602732235728,0.14259170681394037,0.054654374544093554,0.060580189765617805
171.875,4249.231,4242.051,4133.333,4124.615,4226.154,0.14475810312718254,0.05545285098999404,0.061125248464680516,0.1412789212291731,0.05559086085984196,0.062341150843266316,0.05416986281396552,0.061318423241119184,0.14191113787558754,0.0545800970970525,0.06144602732235728,0.14259170681394037,0.054654374544093554,0.060580189765617805
179.6875,4252.821,4265.641,4133.846,4132.821,4226.154,0.14475810312718254,0.05545285098999404,0.061125248464680516,0.1412789212291731,0.05559086085984196,0.062341150843266316,0.05416986281396552,0.061318423241119184,0.14191113787558754,0.0545800970970525,0.06144602732235728,0.14259170681394037,0.054654374544093554,0.060580189765617805
187.5,4268.205,4243.077,4149.744,4141.026,4234.359,0.14475810312718254,0.05545285098999404,0.061125248464680516,0.1412789212291731,0.05559086085984196,0.062341150843266316,0.05416986281396552,0.061318423241119184,0.14191113787558754,0.0545800970970525,0.06144602732235728,0.14259170681394037,0.054654374544093554,0.060580189765617805
195.3125,4275.897,4247.179,4166.154,4148.718,4235.897,0.14475810312718254,0.05545285098999404,0.061125248464680516,0.1412789212291731,0.05559086085984196,0.062341150843266316,0.05416986281396552,0.061318423241119184,0.14191113787558754,0.0545800970970525,0.06144602732235728,0.14259170681394037,0.054654374544093554,0.060580189765617805
203.125,4274.872,4266.667,4163.077,4150.256,4238.974,0.14475810312718254,0.05545285098999404,0.061125248464680516,0.1412789212291731,0.05559086085984196,0.062341150843266316,0.05416986281396552,0.061318423241119184,0.14191113787558754,0.0545800970970525,0.06144602732235728,0.14259170681394037,0.054654374544093554,0.060580189765617805
210.9375,4267.692,4252.821,4142.564,4130.769,4237.436,0.14475810312718254,0.05545285098999404,0.061125248464680516,0.1412789212291731,0.05559086085984196,0.062341150843266316,0.05416986281396552,0.061318423241119184,0.14191113787558754,0.0545800970970525,0.06144602732235728,0.14259170681394037,0.054654374544093554,0.060580189765617805
218.75,4259.487,4243.077,4130.769,4120.513,4225.128,0.14475810312718254,0.05545285098999404,0.061125248464680516,0.1412789212291731,0.05559086085984196,0.062341150843266316,0.05416986281396552,0.061318423241119184,0.14191113787558754,0.0545800970970525,0.06144602732235728,0.14259170681394037,0.054654374544093554,0.060580189765617805
226.5625,4256.41,4230.769,4130.769,4124.103,4212.821,0.14475810312718254,0.05545285098999404,0.061125248464680516,0.1412789212291731,0.05559086085984196,0.062341150843266316,0.05416986281396552,0.061318423241119184,0.14191113787558754,0.0545800970970525,0.06144602732235728,0.14259170681394037,0.054654374544093554,0.060580189765617805
234.375,4260.0,4225.128,4144.103,4125.641,4214.872,0.14475810312718254,0.05545285098999404,0.061125248464680516,0.1412789212291731,0.05559086085984196,0.062341150843266316,0.05416986281396552,0.061318423241119184,0.14191113787558754,0.0545800970970525,0.06144602732235728,0.14259170681394037,0.054654374544093554,0.060580189765617805
242.1875,4264.103,4268.205,4165.641,4132.308,4222.051,0.14475810312718254,0.05545285098999404,0.061125248464680516,0.1412789212291731,0.05559086085984196,0.062341150843266316,0.05416986281396552,0.061318423241119184,0.14191113787558754,0.0545800970970525,0.06144602732235728,0.14259170681394037,0.054654374544093554,0.060580189765617805
250.0,4260.513,4294.872,4170.256,4145.641,4218.974,0.14475810312718254,0.05545285098999404,0.061125248464680516,0.1412789212291731,0.05559086085984196,0.062341150843266316,0.05416986281396552,0.061318423241119184,0.14191113787558754,0.0545800970970525,0.06144602732235728,0.14259170681394037,0.054654374544093554,0.060580189765617805
257.8125,4258.462,4269.744,4165.641,4152.308,4225.128,0.14475810312718254,0.05545285098999404,0.061125248464680516,0.1412789212291731,0.05559086085984196,0.062341150843266316,0.05416986281396552,0.061318423241119184,0.14191113787558754,0.0545800970970525,0.06144602732235728,0.14259170681394037,0.054654374544093554,0.060580189765617805
265.625,4264.103,4269.744,4165.641,4156.923,4240.513,0.14475810312718254,0.05545285098999404,0.061125248464680516,0.1412789212291731,0.05559086085984196,0.062341150843266316,0.05416986281396552,0.061318423241119184,0.14191113787558754,0.0545800970970525,0.06144602732235728,0.14259170681394037,0.054654374544093554,0.060580189765617805
273.4375,4262.051,4263.59,4157.436,4156.923,4235.385,0.14475810312718254,0.05545285098999404,0.061125248464680516,0.1412789212291731,0.05559086085984196,0.062341150843266316,0.05416986281396552,0.061318423241119184,0.14191113787558754,0.0545800970970525,0.06144602732235728,0.14259170681394037,0.054654374544093554,0.060580189765617805
281.25,4262.051,4247.179,4154.872,4154.872,4224.103,0.14475810312718254,0.05545285098999404,0.061125248464680516,0.1412789212291731,0.05559086085984196,0.062341150843266316,0.05416986281396552,0.061318423241119184,0.14191113787558754,0.0545800970970525,0.06144602732235728,0.14259170681394037,0.054654374544093554,0.060580189765617805
289.0625,4262.564,4261.026,4155.385,4151.795,4219.487,0.14475810312718254,0.05545285098999404,0.061125248464680516,0.1412789212291731,0.05559086085984196,0.062341150843266316,0.05416986281396552,0.061318423241119184,0.14191113787558754,0.0545800970970525,0.06144602732235728,0.14259170681394037,0.054654374544093554,0.060580189765617805
296.875,4245.128,4250.256,4147.179,4141.026,4213.333,0.14475810312718254,0.05545285098999404,0.061125248464680516,0.1412789212291731,0.05559086085984196,0.062341150843266316,0.05416986281396552,0.061318423241119184,0.14191113787558754,0.0545800970970525,0.06144602732235728,0.14259170681394037,0.054654374544093554,0.060580189765617805
304.6875,4228.718,4240.0,4147.179,4142.051,4216.923,0.14475810312718254,0.05545285098999404,0.061125248464680516,0.1412789212291731,0.05559086085984196,0.062341150843266316,0.05416986281396552,0.061318423241119184,0.14191113787558754,0.0545800970970525,0.06144602732235728,0.14259170681394037,0.054654374544093554,0.060580189765617805
312.5,4224.615,4250.769,4149.744,4148.205,4220.0,0.14475810312718254,0.05545285098999404,0.061125248464680516,0.1412789212291731,0.05559086085984196,0.062341150843266316,0.05416986281396552,0.061318423241119184,0.14191113787558754,0.0545800970970525,0.06144602732235728,0.14259170681394037,0.054654374544093554,0.060580189765617805
320.3125,4228.205,4246.667,4144.615,4141.026,4211.795,0.14475810312718254,0.05545285098999404,0.061125248464680516,0.1412789212291731,0.05559086085984196,0.062341150843266316,0.05416986281396552,0.061318423241119184,0.14191113787558754,0.0545800970970525,0.06144602732235728,0.14259170681394037,0.054654374544093554,0.060580189765617805
328.125,4240.513,4258.462,4150.769,4145.641,4219.487,0.14475810312718254,0.05545285098999404,0.061125248464680516,0.1412789212291731,0.05559086085984196,0.062341150843266316,0.05416986281396552,0.061318423241119184,0.14191113787558754,0.0545800970970525,0.06144602732235728,0.14259170681394037,0.054654374544093554,0.060580189765617805
335.9375,4242.051,4271.282,4152.821,4157.949,4228.205,0.14475810312718254,0.05545285098999404,0.061125248464680516,0.1412789212291731,0.05559086085984196,0.062341150843266316,0.05416986281396552,0.061318423241119184,0.14191113787558754,0.0545800970970525,0.06144602732235728,0.14259170681394037,0.054654374544093554,0.060580189765617805
343.75,4230.769,4245.128,4135.385,4149.744,4213.333,0.14475810312718254,0.05545285098999404,0.061125248464680516,0.1412789212291731,0.05559086085984196,0.062341150843266316,0.05416986281396552,0.061318423241119184,0.14191113787558754,0.0545800970970525,0.06144602732235728,0.14259170681394037,0.054654374544093554,0.060580189765617805
351.5625,4232.821,4236.41,4136.923,4140.0,4213.846,0.14475810312718254,0.05545285098999404,0.061125248464680516,0.1412789212291731,0.05559086085984196,0.062341150843266316,0.05416986281396552,0.061318423241119184,0.14191113787558754,0.0545800970970525,0.06144602732235728,0.14259170681394037,0.054654374544093554,0.060580189765617805
359.375,4235.897,4242.564,4148.718,4133.333,4225.641,0.14475810312718254,0.05545285098999404,0.061125248464680516,0.1412789212291731,0.05559086085984196,0.062341150843266316,0.05416986281396552,0.061318423241119184,0.14191113787558754,0.0545800970970525,0.06144602732235728,0.14259170681394037,0.054654374544093554,0.060580189765617805
367.1875,4224.615,4226.154,4133.846,4116.923,4211.795,0.14475810312718254,0.05545285098999404,0.061125248464680516,0.1412789212291731,0.05559086085984196,0.062341150843266316,0.05416986281396552,0.061318423241119184,0.14191113787558754,0.0545800970970525,0.06144602732235728,0.14259170681394037,0.054654374544093554,0.060580189765617805
375.0,4227.179,4249.231,4131.795,4125.641,4210.256,0.14475810312718254,0.05545285098999404,0.061125248464680516,0.1412789212291731,0.05559086085984196,0.062341150843266316,0.05416986281396552,0.061318423241119184,0.14191113787558754,0.0545800970970525,0.06144602732235728,0.14259170681394037,0.054654374544093554,0.060580189765617805
382.8125,4238.462,4281.538,4144.615,4149.231,4226.154,0.14475810312718254,0.05545285098999404,0.061125248464680516,0.1412789212291731,0.05559086085984196,0.062341150843266316,0.05416986281396552,0.061318423241119184,0.14191113787558754,0.0545800970970525,0.06144602732235728,0.14259170681394037,0.054654374544093554,0.060580189765617805
390.625,4240.513,4260.0,4142.051,4148.718,4224.103,0.14475810312718254,0.05545285098999404,0.061125248464680516,0.1412789212291731,0.05559086085984196,0.062341150843266316,0.05416986281396552,0.061318423241119184,0.14191113787558754,0.0545800970970525,0.06144602732235728,0.14259170681394037,0.054654374544093554,0.060580189765617805
398.4375,4248.205,4248.718,4147.692,4149.231,4224.103,0.14475810312718254,0.05545285098999404,0.061125248464680516,0.1412789212291731,0.05559086085984196,0.062341150843266316,0.05416986281396552,0.061318423241119184,0.14191113787558754,0.0545800970970525,0.06144602732235728,0.14259170681394037,0.054654374544093554,0.060580189765617805
406.25,4246.667,4263.59,4155.897,4158.462,4225.128,0.14475810312718254,0.05545285098999404,0.061125248464680516,0.1412789212291731,0.05559086085984196,0.062341150843266316,0.05416986281396552,0.061318423241119184,0.14191113787558754,0.0545800970970525,0.06144602732235728,0.14259170681394037,0.054654374544093554,0.060580189765617805
414.0625,4224.103,4238.462,4142.051,4147.692,4206.667,0.14475810312718254,0.05545285098999404,0.061125248464680516,0.1412789212291731,0.05559086085984196,0.062341150843266316,0.05416986281396552,0.061318423241119184,0.14191113787558754,0.0545800970970525,0.06144602732235728,0.14259170681394037,0.054654374544093554,0.060580189765617805
421.875,4208.205,4208.718,4132.821,4126.154,4192.308,0.14475810312718254,0.05545285098999404,0.061125248464680516,0.1412789212291731,0.05559086085984196,0.062341150843266316,0.05416986281396552,0.061318423241119184,0.14191113787558754,0.0545800970970525,0.06144602732235728,0.14259170681394037,0.054654374544093554,0.060580189765617805
429.6875,4215.385,4231.795,4138.462,4124.103,4204.615,0.14475810312718254,0.05545285098999404,0.061125248464680516,0.1412789212291731,0.05559086085984196,0.062341150843266316,0.05416986281396552,0.061318423241119184,0.14191113787558754,0.0545800970970525,0.06144602732235728,0.14259170681394037,0.054654374544093554,0.060580189765617805
437.5,4229.231,4255.385,4138.974,4132.308,4219.487,0.14475810312718254,0.05545285098999404,0.061125248464680516,0.1412789212291731,0.05559086085984196,0.062341150843266316,0.05416986281396552,0.061318423241119184,0.14191113787558754,0.0545800970970525,0.06144602732235728,0.14259170681394037,0.054654374544093554,0.060580189765617805
445.3125,4227.179,4247.179,4128.205,4132.308,4210.256,0.14475810312718254,0.05545285098999404,0.061125248464680516,0.1412789212291731,0.05559086085984196,0.062341150843266316,0.05416986281396552,0.061318423241119184,0.14191113787558754,0.0545800970970525,0.06144602732235728,0.14259170681394037,0.054654374544093554,0.060580189765617805
453.125,4214.359,4228.718,4121.026,4129.231,4194.359,0.14475810312718254,0.05545285098999404,0.061125248464680516,0.1412789212291731,0.05559086085984196,0.062341150843266316,0.05416986281396552,0.061318423241119184,0.14191113787558754,0.0545800970970525,0.06144602732235728,0.14259170681394037,0.054654374544093554,0.060580189765617805
460.9375,4210.256,4209.744,4128.205,4133.846,4203.077,0.14475810312718254,0.05545285098999404,0.061125248464680516,0.1412789212291731,0.05559086085984196,0.062341150843266316,0.05416986281396552,0.061318423241119184,0.14191113787558754,0.0545800970970525,0.06144602732235728,0.14259170681394037,0.054654374544093554,0.060580189765617805
468.75,4214.872,4229.231,4139.487,4140.513,4220.0,0.14475810312718254,0.05545285098999404,0.061125248464680516,0.1412789212291731,0.05559086085984196,0.062341150843266316,0.05416986281396552,0.061318423241119184,0.14191113787558754,0.0545800970970525,0.06144602732235728,0.14259170681394037,0.054654374544093554,0.060580189765617805
476.5625,4213.846,4267.179,4137.436,4133.333,4208.205,0.14475810312718254,0.05545285098999404,0.061125248464680516,0.1412789212291731,0.05559086085984196,0.062341150843266316,0.05416986281396552,0.061318423241119184,0.14191113787558754,0.0545800970970525,0.06144602732235728,0.14259170681394037,0.054654374544093554,0.060580189765617805
484.375,4209.744,4253.333,4128.718,4122.564,4192.308,0.14475810312718254,0.05545285098999404,0.061125248464680516,0.1412789212291731,0.05559086085984196,0.062341150843266316,0.05416986281396552,0.061318423241119184,0.14191113787558754,0.0545800970970525,0.06144602732235728,0.14259170681394037,0.054654374544093554,0.060580189765617805
492.1875,4218.462,4224.103,4131.282,4122.051,4201.538,0.14475810312718254,0.05545285098999404,0.061125248464680516,0.1412789212291731,0.05559086085984196,0.062341150843266316,0.05416986281396552,0.061318423241119184,0.14191113787558754,0.0545800970970525,0.06144602732235728,0.14259170681394037,0.054654374544093554,0.060580189765617805
500.0,4233.333,4226.667,4144.615,4131.282,4220.0,0.14475810312718254,0.05545285098999404,0.061125248464680516,0.1412789212291731,0.05559086085984196,0.062341150843266316,0.05416986281396552,0.061318423241119184,0.14191113787558754,0.0545800970970525,0.06144602732235728,0.14259170681394037,0.054654374544093554,0.060580189765617805
507.8125,4243.59,4227.692,4152.821,4143.59,4218.974,0.14475810312718254,0.05545285098999404,0.061125248464680516,0.1412789212291731,0.05559086085984196,0.062341150843266316,0.05416986281396552,0.061318423241119184,0.14191113787558754,0.0545800970970525,0.06144602732235728,0.14259170681394037,0.054654374544093554,0.060580189765617805
515.625,4248.205,4230.769,4148.718,4147.179,4209.231,0.14475810312718254,0.05545285098999404,0.061125248464680516,0.1412789212291731,0.05559086085984196,0.062341150843266316,0.05416986281396552,0.061318423241119184,0.14191113787558754,0.0545800970970525,0.06144602732235728,0.14259170681394037,0.054654374544093554,0.060580189765617805
523.4375,4240.513,4247.692,4138.974,4137.949,4210.769,0.14475810312718254,0.05545285098999404,0.061125248464680516,0.1412789212291731,0.05559086085984196,0.062341150843266316,0.05416986281396552,0.061318423241119184,0.14191113787558754,0.0545800970970525,0.06144602732235728,0.14259170681394037,0.054654374544093554,0.060580189765617805
531.25,4223.077,4237.949,4132.821,4126.154,4203.077,0.14475810312718254,0.05545285098999404,0.061125248464680516,0.1412789212291731,0.05559086085984196,0.062341150843266316,0.05416986281396552,0.061318423241119184,0.14191113787558754,0.0545800970970525,0.06144602732235728,0.14259170681394037,0.054654374544093554,0.060580189765617805
539.0625,4223.077,4216.923,4133.333,4128.205,4190.256,0.14475810312718254,0.05545285098999404,0.061125248464680516,0.1412789212291731,0.05559086085984196,0.062341150843266316,0.05416986281396552,0.061318423241119184,0.14191113787558754,0.0545800970970525,0.06144602732235728,0.14259170681394037,0.054654374544093554,0.060580189765617805
546.875,4248.205,4216.923,4138.974,4145.641,4209.744,0.14475810312718254,0.05545285098999404,0.061125248464680516,0.1412789212291731,0.05559086085984196,0.062341150843266316,0.05416986281396552,0.061318423241119184,0.14191113787558754,0.0545800970970525,0.06144602732235728,0.14259170681394037,0.054654374544093554,0.060580189765617805
554.6875,4261.538,4230.769,4140.513,4153.846,4236.923,0.14475810312718254,0.05545285098999404,0.061125248464680516,0.1412789212291731,0.05559086085984196,0.062341150843266316,0.05416986281396552,0.061318423241119184,0.14191113787558754,0.0545800970970525,0.06144602732235728,0.14259170681394037,0.054654374544093554,0.060580189765617805
562.5,4248.718,4245.641,4129.231,4142.564,4229.744,0.14475810312718254,0.05545285098999404,0.061125248464680516,0.1412789212291731,0.05559086085984196,0.062341150843266316,0.05416986281396552,0.061318423241119184,0.14191113787558754,0.0545800970970525,0.06144602732235728,0.14259170681394037,0.054654374544093554,0.060580189765617805
570.3125,4240.513,4242.564,4117.436,4136.41,4212.821,0.14475810312718254,0.05545285098999404,0.061125248464680516,0.1412789212291731,0.05559086085984196,0.062341150843266316,0.05416986281396552,0.061318423241119184,0.14191113787558754,0.0545800970970525,0.06144602732235728,0.14259170681394037,0.054654374544093554,0.060580189765617805
578.125,4238.974,4241.538,4116.41,4141.026,4207.179,0.14475810312718254,0.05545285098999404,0.061125248464680516,0.1412789212291731,0.05559086085984196,0.062341150843266316,0.05416986281396552,0.061318423241119184,0.14191113787558754,0.0545800970970525,0.06144602732235728,0.14259170681394037,0.054654374544093554,0.060580189765617805
585.9375,4224.103,4229.231,4115.897,4139.487,4200.0,0.14475810312718254,0.05545285098999404,0.061125248464680516,0.1412789212291731,0.05559086085984196,0.062341150843266316,0.05416986281396552,0.061318423241119184,0.14191113787558754,0.0545800970970525,0.06144602732235728,0.14259170681394037,0.054654374544093554,0.060580189765617805
593.75,4217.436,4207.692,4117.436,4137.436,4201.538,0.14475810312718254,0.05545285098999404,0.061125248464680516,0.1412789212291731,0.05559086085984196,0.062341150843266316,0.05416986281396552,0.061318423241119184,0.14191113787558754,0.0545800970970525,0.06144602732235728,0.14259170681394037,0.054654374544093554,0.060580189765617805
601.5625,4242.051,4229.744,4127.179,4147.179,4218.974,0.14475810312718254,0.05545285098999404,0.061125248464680516,0.1412789212291731,0.05559086085984196,0.062341150843266316,0.05416986281396552,0.061318423241119184,0.14191113787558754,0.0545800970970525,0.06144602732235728,0.14259170681394037,0.054654374544093554,0.060580189765617805
609.375,4264.615,4253.846,4135.385,4156.41,4225.128,0.14475810312718254,0.05545285098999404,0.061125248464680516,0.1412789212291731,0.05559086085984196,0.062341150843266316,0.05416986281396552,0.061318423241119184,0.14191113787558754,0.0545800970970525,0.06144602732235728,0.14259170681394037,0.054654374544093554,0.060580189765617805
617.1875,4264.103,4233.333,4139.487,4162.564,4226.154,0.14475810312718254,0.05545285098999404,0.061125248464680516,0.1412789212291731,0.05559086085984196,0.062341150843266316,0.05416986281396552,0.061318423241119184,0.14191113787558754,0.0545800970970525,0.06144602732235728,0.14259170681394037,0.054654374544093554,0.060580189765617805
625.0,4260.0,4236.923,4140.0,4173.333,4235.897,0.14475810312718254,0.05545285098999404,0.061125248464680516,0.1412789212291731,0.05559086085984196,0.062341150843266316,0.05416986281396552,0.061318423241119184,0.14191113787558754,0.0545800970970525,0.06144602732235728,0.14259170681394037,0.054654374544093554,0.060580189765617805
632.8125,4259.487,4261.538,4130.769,4171.795,4240.513,0.14475810312718254,0.05545285098999404,0.061125248464680516,0.1412789212291731,0.05559086085984196,0.062341150843266316,0.05416986281396552,0.061318423241119184,0.14191113787558754,0.0545800970970525,0.06144602732235728,0.14259170681394037,0.054654374544093554,0.060580189765617805
640.625,4258.974,4237.949,4118.462,4157.949,4237.949,0.14475810312718254,0.05545285098999404,0.061125248464680516,0.1412789212291731,0.05559086085984196,0.062341150843266316,0.05416986281396552,0.061318423241119184,0.14191113787558754,0.0545800970970525,0.06144602732235728,0.14259170681394037,0.054654374544093554,0.060580189765617805
648.4375,4256.923,4218.974,4114.872,4144.103,4230.769,0.14475810312718254,0.05545285098999404,0.061125248464680516,0.1412789212291731,0.05559086085984196,0.062341150843266316,0.05416986281396552,0.061318423241119184,0.14191113787558754,0.0545800970970525,0.06144602732235728,0.14259170681394037,0.054654374544093554,0.060580189765617805
656.25,4251.795,4244.103,4123.59,4138.974,4215.897,0.14475810312718254,0.05545285098999404,0.061125248464680516,0.1412789212291731,0.05559086085984196,0.062341150843266316,0.05416986281396552,0.061318423241119184,0.14191113787558754,0.0545800970970525,0.06144602732235728,0.14259170681394037,0.054654374544093554,0.060580189765617805
664.0625,4252.308,4240.513,4135.385,4148.718,4204.103,0.14475810312718254,0.05545285098999404,0.061125248464680516,0.1412789212291731,0.05559086085984196,0.062341150843266316,0.05416986281396552,0.061318423241119184,0.14191113787558754,0.0545800970970525,0.06144602732235728,0.14259170681394037,0.054654374544093554,0.060580189765617805
671.875,4263.59,4231.795,4136.923,4156.923,4214.359,0.14475810312718254,0.05545285098999404,0.061125248464680516,0.1412789212291731,0.05559086085984196,0.062341150843266316,0.05416986281396552,0.061318423241119184,0.14191113787558754,0.0545800970970525,0.06144602732235728,0.14259170681394037,0.054654374544093554,0.060580189765617805
679.6875,4269.231,4248.718,4135.385,4150.769,4224.103,0.14475810312718254,0.05545285098999404,0.061125248464680516,0.1412789212291731,0.05559086085984196,0.062341150843266316,0.05416986281396552,0.061318423241119184,0.14191113787558754,0.0545800970970525,0.06144602732235728,0.14259170681394037,0.054654374544093554,0.060580189765617805
687.5,4255.385,4216.41,4126.667,4138.462,4211.282,0.14475810312718254,0.05545285098999404,0.061125248464680516,0.1412789212291731,0.05559086085984196,0.062341150843266316,0.05416986281396552,0.061318423241119184,0.14191113787558754,0.0545800970970525,0.06144602732235728,0.14259170681394037,0.054654374544093554,0.060580189765617805
695.3125,4243.077,4185.128,4116.41,4137.949,4203.59,0.14475810312718254,0.05545285098999404,0.061125248464680516,0.1412789212291731,0.05559086085984196,0.062341150843266316,0.05416986281396552,0.061318423241119184,0.14191113787558754,0.0545800970970525,0.06144602732235728,0.14259170681394037,0.054654374544093554,0.060580189765617805
703.125,4256.923,4241.026,4125.128,4150.769,4214.872,0.14475810312718254,0.05545285098999404,0.061125248464680516,0.1412789212291731,0.05559086085984196,0.062341150843266316,0.05416986281396552,0.061318423241119184,0.14191113787558754,0.0545800970970525,0.06144602732235728,0.14259170681394037,0.054654374544093554,0.060580189765617805
710.9375,4279.487,4285.641,4142.564,4166.154,4225.128,0.14475810312718254,0.05545285098999404,0.061125248464680516,0.1412789212291731,0.05559086085984196,0.062341150843266316,0.05416986281396552,0.061318423241119184,0.14191113787558754,0.0545800970970525,0.06144602732235728,0.14259170681394037,0.054654374544093554,0.060580189765617805
718.75,4275.385,4250.769,4139.487,4163.59,4218.974,0.14475810312718254,0.05545285098999404,0.061125248464680516,0.1412789212291731,0.05559086085984196,0.062341150843266316,0.05416986281396552,0.061318423241119184,0.14191113787558754,0.0545800970970525,0.06144602732235728,0.14259170681394037,0.054654374544093554,0.060580189765617805
726.5625,4253.846,4219.487,4112.821,4136.41,4198.974,0.14475810312718254,0.05545285098999404,0.061125248464680516,0.1412789212291731,0.05559086085984196,0.062341150843266316,0.05416986281396552,0.061318423241119184,0.14191113787558754,0.0545800970970525,0.06144602732235728,0.14259170681394037,0.054654374544093554,0.060580189765617805
734.375,4246.154,4215.897,4098.462,4117.436,4181.538,0.14475810312718254,0.05545285098999404,0.061125248464680516,0.1412789212291731,0.05559086085984196,0.062341150843266316,0.05416986281396552,0.061318423241119184,0.14191113787558754,0.0545800970970525,0.06144602732235728,0.14259170681394037,0.054654374544093554,0.060580189765617805
742.1875,4259.487,4208.205,4113.846,4126.667,4190.256,0.14475810312718254,0.05545285098999404,0.061125248464680516,0.1412789212291731,0.05559086085984196,0.062341150843266316,0.05416986281396552,0.061318423241119184,0.14191113787558754,0.0545800970970525,0.06144602732235728,0.14259170681394037,0.054654374544093554,0.060580189765617805
750.0,4264.615,4225.641,4130.769,4138.462,4203.59,0.14475810312718254,0.05545285098999404,0.061125248464680516,0.1412789212291731,0.05559086085984196,0.062341150843266316,0.05416986281396552,0.061318423241119184,0.14191113787558754,0.0545800970970525,0.06144602732235728,0.14259170681394037,0.054654374544093554,0.060580189765617805
757.8125,4255.897,4253.846,4128.718,4129.744,4191.795,0.14475810312718254,0.05545285098999404,0.061125248464680516,0.1412789212291731,0.05559086085984196,0.062341150843266316,0.05416986281396552,0.061318423241119184,0.14191113787558754,0.0545800970970525,0.06144602732235728,0.14259170681394037,0.054654374544093554,0.060580189765617805
765.625,4262.564,4242.564,4131.282,4127.692,4197.436,0.14475810312718254,0.05545285098999404,0.061125248464680516,0.1412789212291731,0.05559086085984196,0.062341150843266316,0.05416986281396552,0.061318423241119184,0.14191113787558754,0.0545800970970525,0.06144602732235728,0.14259170681394037,0.054654374544093554,0.060580189765617805
773.4375,4275.385,4206.667,4143.077,4139.487,4224.103,0.14475810312718254,0.05545285098999404,0.061125248464680516,0.1412789212291731,0.05559086085984196,0.062341150843266316,0.05416986281396552,0.061318423241119184,0.14191113787558754,0.0545800970970525,0.06144602732235728,0.14259170681394037,0.054654374544093554,0.060580189765617805
781.25,4267.692,4214.359,4139.487,4137.436,4219.487,0.14475810312718254,0.05545285098999404,0.061125248464680516,0.1412789212291731,0.05559086085984196,0.062341150843266316,0.05416986281396552,0.061318423241119184,0.14191113787558754,0.0545800970970525,0.06144602732235728,0.14259170681394037,0.054654374544093554,0.060580189765617805
789.0625,4261.026,4253.846,4133.846,4135.385,4205.641,0.14475810312718254,0.05545285098999404,0.061125248464680516,0.1412789212291731,0.05559086085984196,0.062341150843266316,0.05416986281396552,0.061318423241119184,0.14191113787558754,0.0545800970970525,0.06144602732235728,0.14259170681394037,0.054654374544093554,0.060580189765617805
796.875,4261.538,4259.487,4143.077,4135.897,4205.641,0.14475810312718254,0.05545285098999404,0.061125248464680516,0.1412789212291731,0.05559086085984196,0.062341150843266316,0.05416986281396552,0.061318423241119184,0.14191113787558754,0.0545800970970525,0.06144602732235728,0.14259170681394037,0.054654374544093554,0.060580189765617805
804.6875,4247.179,4234.359,4136.41,4119.487,4185.128,0.14475810312718254,0.05545285098999404,0.061125248464680516,0.1412789212291731,0.05559086085984196,0.062341150843266316,0.05416986281396552,0.061318423241119184,0.14191113787558754,0.0545800970970525,0.06144602732235728,0.14259170681394037,0.054654374544093554,0.060580189765617805
812.5,4244.103,4210.769,4117.436,4109.744,4173.846,0.14475810312718254,0.05545285098999404,0.061125248464680516,0.1412789212291731,0.05559086085984196,0.062341150843266316,0.05416986281396552,0.061318423241119184,0.14191113787558754,0.0545800970970525,0.06144602732235728,0.14259170681394037,0.054654374544093554,0.060580189765617805
820.3125,4265.641,4217.436,4120.0,4132.308,4208.205,0.14475810312718254,0.05545285098999404,0.061125248464680516,0.1412789212291731,0.05559086085984196,0.062341150843266316,0.05416986281396552,0.061318423241119184,0.14191113787558754,0.0545800970970525,0.06144602732235728,0.14259170681394037,0.054654374544093554,0.060580189765617805
828.125,4260.513,4231.282,4124.615,4151.795,4223.59,0.14475810312718254,0.05545285098999404,0.061125248464680516,0.1412789212291731,0.05559086085984196,0.062341150843266316,0.05416986281396552,0.061318423241119184,0.14191113787558754,0.0545800970970525,0.06144602732235728,0.14259170681394037,0.054654374544093554,0.060580189765617805
835.9375,4242.051,4235.897,4123.077,4158.462,4212.308,0.14475810312718254,0.05545285098999404,0.061125248464680516,0.1412789212291731,0.05559086085984196,0.062341150843266316,0.05416986281396552,0.061318423241119184,0.14191113787558754,0.0545800970970525,0.06144602732235728,0.14259170681394037,0.054654374544093554,0.060580189765617805
843.75,4246.667,4235.385,4134.359,4169.744,4223.59,0.14475810312718254,0.05545285098999404,0.061125248464680516,0.1412789212291731,0.05559086085984196,0.062341150843266316,0.05416986281396552,0.061318423241119184,0.14191113787558754,0.0545800970970525,0.06144602732235728,0.14259170681394037,0.054654374544093554,0.060580189765617805
851.5625,4227.692,4215.385,4128.718,4160.513,4206.667,0.14475810312718254,0.05545285098999404,0.061125248464680516,0.1412789212291731,0.05559086085984196,0.062341150843266316,0.05416986281396552,0.061318423241119184,0.14191113787558754,0.0545800970970525,0.06144602732235728,0.14259170681394037,0.054654374544093554,0.060580189765617805
859.375,4184.615,4192.821,4103.077,4133.846,4154.872,0.14475810312718254,0.05545285098999404,0.061125248464680516,0.1412789212291731,0.05559086085984196,0.062341150843266316,0.05416986281396552,0.061318423241119184,0.14191113787558754,0.0545800970970525,0.06144602732235728,0.14259170681394037,0.054654374544093554,0.060580189765617805
867.1875,4187.179,4196.923,4104.615,4130.256,4153.846,0.14475810312718254,0.05545285098999404,0.061125248464680516,0.1412789212291731,0.05559086085984196,0.062341150843266316,0.05416986281396552,0.061318423241119184,0.14191113787558754,0.0545800970970525,0.06144602732235728,0.14259170681394037,0.054654374544093554,0.060580189765617805
875.0,4219.487,4219.487,4129.744,4151.795,4195.897,0.14475810312718254,0.05545285098999404,0.061125248464680516,0.1412789212291731,0.05559086085984196,0.062341150843266316,0.05416986281396552,0.061318423241119184,0.14191113787558754,0.0545800970970525,0.06144602732235728,0.14259170681394037,0.054654374544093554,0.060580189765617805
882.8125,4218.462,4222.051,4133.333,4161.026,4208.718,0.14475810312718254,0.05545285098999404,0.061125248464680516,0.1412789212291731,0.05559086085984196,0.062341150843266316,0.05416986281396552,0.061318423241119184,0.14191113787558754,0.0545800970970525,0.06144602732235728,0.14259170681394037,0.054654374544093554,0.060580189765617805
890.625,4200.513,4208.718,4112.821,4140.513,4192.308,0.14475810312718254,0.05545285098999404,0.061125248464680516,0.1412789212291731,0.05559086085984196,0.062341150843266316,0.05416986281396552,0.061318423241119184,0.14191113787558754,0.0545800970970525,0.06144602732235728,0.14259170681394037,0.054654374544093554,0.060580189765617805
898.4375,4208.205,4208.718,4101.538,4129.231,4193.333,0.14475810312718254,0.05545285098999404,0.061125248464680516,0.1412789212291731,0.05559086085984196,0.062341150843266316,0.05416986281396552,0.061318423241119184,0.14191113787558754,0.0545800970970525,0.06144602732235728,0.14259170681394037,0.054654374544093554,0.060580189765617805
906.25,4223.077,4213.846,4105.128,4143.077,4198.974,0.14475810312718254,0.05545285098999404,0.061125248464680516,0.1412789212291731,0.05559086085984196,0.062341150843266316,0.05416986281396552,0.061318423241119184,0.14191113787558754,0.0545800970970525,0.06144602732235728,0.14259170681394037,0.054654374544093554,0.060580189765617805
914.0625,4226.154,4209.744,4113.846,4156.923,4194.359,0.14475810312718254,0.05545285098999404,0.061125248464680516,0.1412789212291731,0.05559086085984196,0.062341150843266316,0.05416986281396552,0.061318423241119184,0.14191113787558754,0.0545800970970525,0.06144602732235728,0.14259170681394037,0.054654374544093554,0.060580189765617805
921.875,4224.615,4209.744,4117.949,4153.333,4188.718,0.14475810312718254,0.05545285098999404,0.061125248464680516,0.1412789212291731,0.05559086085984196,0.062341150843266316,0.05416986281396552,0.061318423241119184,0.14191113787558754,0.0545800970970525,0.06144602732235728,0.14259170681394037,0.054654374544093554,0.060580189765617805
929.6875,4214.359,4223.077,4113.333,4140.513,4178.974,0.14475810312718254,0.05545285098999404,0.061125248464680516,0.1412789212291731,0.05559086085984196,0.062341150843266316,0.05416986281396552,0.061318423241119184,0.14191113787558754,0.0545800970970525,0.06144602732235728,0.14259170681394037,0.054654374544093554,0.060580189765617805
937.5,4213.846,4215.385,4114.872,4138.974,4180.0,0.14475810312718254,0.05545285098999404,0.061125248464680516,0.1412789212291731,0.05559086085984196,0.062341150843266316,0.05416986281396552,0.061318423241119184,0.14191113787558754,0.0545800970970525,0.06144602732235728,0.14259170681394037,0.054654374544093554,0.060580189765617805
945.3125,4238.974,4197.436,4128.205,4150.769,4198.974,0.14475810312718254,0.05545285098999404,0.061125248464680516,0.1412789212291731,0.05559086085984196,0.062341150843266316,0.05416986281396552,0.061318423241119184,0.14191113787558754,0.0545800970970525,0.06144602732235728,0.14259170681394037,0.054654374544093554,0.060580189765617805
953.125,4265.641,4233.333,4147.179,4168.718,4222.564,0.14475810312718254,0.05545285098999404,0.061125248464680516,0.1412789212291731,0.05559086085984196,0.062341150843266316,0.05416986281396552,0.061318423241119184,0.14191113787558754,0.0545800970970525,0.06144602732235728,0.14259170681394037,0.054654374544093554,0.060580189765617805
960.9375,4263.077,4264.615,4150.256,4164.615,4223.59,0.14475810312718254,0.05545285098999404,0.061125248464680516,0.1412789212291731,0.05559086085984196,0.062341150843266316,0.05416986281396552,0.061318423241119184,0.14191113787558754,0.0545800970970525,0.06144602732235728,0.14259170681394037,0.054654374544093554,0.060580189765617805
968.75,4237.436,4240.513,4131.795,4141.026,4199.487,0.14475810312718254,0.05545285098999404,0.061125248464680516,0.1412789212291731,0.05559086085984196,0.062341150843266316,0.05416986281396552,0.061318423241119184,0.14191113787558754,0.0545800970970525,0.06144602732235728,0.14259170681394037,0.054654374544093554,0.060580189765617805
976.5625,4229.231,4234.872,4125.128,4140.513,4196.41,0.14475810312718254,0.05545285098999404,0.061125248464680516,0.1412789212291731,0.05559086085984196,0.062341150843266316,0.05416986281396552,0.061318423241119184,0.14191113787558754,0.0545800970970525,0.06144602732235728,0.14259170681394037,0.054654374544093554,0.060580189765617805
984.375,4237.949,4236.923,4125.128,4148.718,4203.59,0.14475810312718254,0.05545285098999404,0.061125248464680516,0.1412789212291731,0.05559086085984196,0.062341150843266316,0.05416986281396552,0.061318423241119184,0.14191113787558754,0.0545800970970525,0.06144602732235728,0.14259170681394037,0.054654374544093554,0.060580189765617805
992.1875,4230.769,4207.692,4109.744,4130.256,4185.128,0.14475810312718254,0.05545285098999404,0.061125248464680516,0.1412789212291731,0.05559086085984196,0.062341150843266316,0.05416986281396552,0.061318423241119184,0.14191113787558754,0.0545800970970525,0.06144602732235728,0.14259170681394037,0.054654374544093554,0.060580189765617805
1000.0,4227.179,4212.821,4118.974,4124.615,4182.051,0.14475810312718254,0.05545285098999404,0.061125248464680516,0.1412789212291731,0.05559086085984196,0.062341150843266316,0.05416986281396552,0.061318423241119184,0.14191113787558754,0.0545800970970525,0.06144602732235728,0.14259170681394037,0.054654374544093554,0.060580189765617805
1007.8125,4246.667,4247.692,4154.359,4152.821,4206.667,0.14475810312718254,0.05545285098999404,0.061125248464680516,0.1412789212291731,0.05559086085984196,0.062341150843266316,0.05416986281396552,0.061318423241119184,0.14191113787558754,0.0545800970970525,0.06144602732235728,0.14259170681394037,0.054654374544093554,0.060580189765617805
1015.625,4245.641,4233.333,4158.462,4159.487,4203.59,0.14475810312718254,0.05545285098999404,0.061125248464680516,0.1412789212291731,0.05559086085984196,0.062341150843266316,0.05416986281396552,0.061318423241119184,0.14191113787558754,0.0545800970970525,0.06144602732235728,0.14259170681394037,0.054654374544093554,0.060580189765617805
1023.4375,4216.41,4217.436,4134.872,4140.513,4181.026,0.14475810312718254,0.05545285098999404,0.061125248464680516,0.1412789212291731,0.05559086085984196,0.062341150843266316,0.05416986281396552,0.061318423241119184,0.14191113787558754,0.0545800970970525,0.06144602732235728,0.14259170681394037,0.054654374544093554,0.060580189765617805
1031.25,4206.154,4231.795,4135.385,4146.154,4186.667,0.14475810312718254,0.05545285098999404,0.061125248464680516,0.1412789212291731,0.05559086085984196,0.062341150843266316,0.05416986281396552,0.061318423241119184,0.14191113787558754,0.0545800970970525,0.06144602732235728,0.14259170681394037,0.054654374544093554,0.060580189765617805
1039.0625,4217.436,4214.359,4145.641,4166.667,4199.487,0.14475810312718254,0.05545285098999404,0.061125248464680516,0.1412789212291731,0.05559086085984196,0.062341150843266316,0.05416986281396552,0.061318423241119184,0.14191113787558754,0.0545800970970525,0.06144602732235728,0.14259170681394037,0.054654374544093554,0.060580189765617805
1046.875,4212.821,4208.205,4129.744,4161.026,4190.256,0.14475810312718254,0.05545285098999404,0.061125248464680516,0.1412789212291731,0.05559086085984196,0.062341150843266316,0.05416986281396552,0.061318423241119184,0.14191113787558754,0.0545800970970525,0.06144602732235728,0.14259170681394037,0.054654374544093554,0.060580189765617805
1054.6875,4200.513,4231.282,4118.974,4148.205,4172.308,0.14475810312718254,0.05545285098999404,0.061125248464680516,0.1412789212291731,0.05559086085984196,0.062341150843266316,0.05416986281396552,0.061318423241119184,0.14191113787558754,0.0545800970970525,0.06144602732235728,0.14259170681394037,0.054654374544093554,0.060580189765617805
1062.5,4211.282,4237.949,4142.051,4164.103,4177.949,0.14475810312718254,0.05545285098999404,0.061125248464680516,0.1412789212291731,0.05559086085984196,0.062341150843266316,0.05416986281396552,0.061318423241119184,0.14191113787558754,0.0545800970970525,0.06144602732235728,0.14259170681394037,0.054654374544093554,0.060580189765617805
1070.3125,4230.769,4224.615,4163.59,4188.718,4204.615,0.14475810312718254,0.05545285098999404,0.061125248464680516,0.1412789212291731,0.05559086085984196,0.062341150843266316,0.05416986281396552,0.061318423241119184,0.14191113787558754,0.0545800970970525,0.06144602732235728,0.14259170681394037,0.054654374544093554,0.060580189765617805
1078.125,4231.795,4203.59,4160.0,4190.256,4215.897,0.14475810312718254,0.05545285098999404,0.061125248464680516,0.1412789212291731,0.05559086085984196,0.062341150843266316,0.05416986281396552,0.061318423241119184,0.14191113787558754,0.0545800970970525,0.06144602732235728,0.14259170681394037,0.054654374544093554,0.060580189765617805
1085.9375,4226.667,4212.821,4142.564,4181.538,4213.846,0.14475810312718254,0.05545285098999404,0.061125248464680516,0.1412789212291731,0.05559086085984196,0.062341150843266316,0.05416986281396552,0.061318423241119184,0.14191113787558754,0.0545800970970525,0.06144602732235728,0.14259170681394037,0.054654374544093554,0.060580189765617805
1093.75,4219.487,4236.923,4122.051,4167.179,4206.667,0.14475810312718254,0.05545285098999404,0.061125248464680516,0.1412789212291731,0.05559086085984196,0.062341150843266316,0.05416986281396552,0.061318423241119184,0.14191113787558754,0.0545800970970525,0.06144602732235728,0.14259170681394037,0.054654374544093554,0.060580189765617805
1101.5625,4208.718,4237.436,4115.897,4157.949,4191.795,0.14475810312718254,0.05545285098999404,0.061125248464680516,0.1412789212291731,0.05559086085984196,0.062341150843266316,0.05416986281396552,0.061318423241119184,0.14191113787558754,0.0545800970970525,0.06144602732235728,0.14259170681394037,0.054654374544093554,0.060580189765617805
1109.375,4232.308,4236.41,4144.103,4185.641,4208.205,0.14475810312718254,0.05545285098999404,0.061125248464680516,0.1412789212291731,0.05559086085984196,0.062341150843266316,0.05416986281396552,0.061318423241119184,0.14191113787558754,0.0545800970970525,0.06144602732235728,0.14259170681394037,0.054654374544093554,0.060580189765617805
1117.1875,4260.0,4238.974,4169.231,4207.179,4243.59,0.14475810312718254,0.05545285098999404,0.061125248464680516,0.1412789212291731,0.05559086085984196,0.062341150843266316,0.05416986281396552,0.061318423241119184,0.14191113787558754,0.0545800970970525,0.06144602732235728,0.14259170681394037,0.054654374544093554,0.060580189765617805
1125.0,4241.026,4231.795,4155.897,4186.154,4234.359,0.14475810312718254,0.05545285098999404,0.061125248464680516,0.1412789212291731,0.05559086085984196,0.062341150843266316,0.05416986281396552,0.061318423241119184,0.14191113787558754,0.0545800970970525,0.06144602732235728,0.14259170681394037,0.054654374544093554,0.060580189765617805
1132.8125,4230.256,4237.949,4136.41,4172.308,4207.179,0.14475810312718254,0.05545285098999404,0.061125248464680516,0.1412789212291731,0.05559086085984196,0.062341150843266316,0.05416986281396552,0.061318423241119184,0.14191113787558754,0.0545800970970525,0.06144602732235728,0.14259170681394037,0.054654374544093554,0.060580189765617805
1140.625,4248.718,4254.872,4134.872,4176.923,4210.256,0.14475810312718254,0.05545285098999404,0.061125248464680516,0.1412789212291731,0.05559086085984196,0.062341150843266316,0.05416986281396552,0.061318423241119184,0.14191113787558754,0.0545800970970525,0.06144602732235728,0.14259170681394037,0.054654374544093554,0.060580189765617805
1148.4375,4234.359,4237.436,4125.128,4164.615,4213.846,0.14475810312718254,0.05545285098999404,0.061125248464680516,0.1412789212291731,0.05559086085984196,0.062341150843266316,0.05416986281396552,0.061318423241119184,0.14191113787558754,0.0545800970970525,0.06144602732235728,0.14259170681394037,0.054654374544093554,0.060580189765617805
1156.25,4205.641,4196.41,4109.744,4153.846,4209.231,0.14475810312718254,0.05545285098999404,0.061125248464680516,0.1412789212291731,0.05559086085984196,0.062341150843266316,0.05416986281396552,0.061318423241119184,0.14191113787558754,0.0545800970970525,0.06144602732235728,0.14259170681394037,0.054654374544093554,0.060580189765617805
1164.0625,4216.923,4194.872,4120.513,4165.128,4213.846,0.14475810312718254,0.05545285098999404,0.061125248464680516,0.1412789212291731,0.05559086085984196,0.062341150843266316,0.05416986281396552,0.061318423241119184,0.14191113787558754,0.0545800970970525,0.06144602732235728,0.14259170681394037,0.054654374544093554,0.060580189765617805
1171.875,4228.718,4230.256,4137.436,4167.179,4212.821,0.14475810312718254,0.05545285098999404,0.061125248464680516,0.1412789212291731,0.05559086085984196,0.062341150843266316,0.05416986281396552,0.061318423241119184,0.14191113787558754,0.0545800970970525,0.06144602732235728,0.14259170681394037,0.054654374544093554,0.060580189765617805
1179.6875,4212.821,4238.974,4128.718,4147.692,4201.538,0.14475810312718254,0.05545285098999404,0.061125248464680516,0.1412789212291731,0.05559086085984196,0.062341150843266316,0.05416986281396552,0.061318423241119184,0.14191113787558754,0.0545800970970525,0.06144602732235728,0.14259170681394037,0.054654374544093554,0.060580189765617805
1187.5,4221.026,4221.538,4121.026,4140.513,4213.333,0.14475810312718254,0.05545285098999404,0.061125248464680516,0.1412789212291731,0.05559086085984196,0.062341150843266316,0.05416986281396552,0.061318423241119184,0.14191113787558754,0.0545800970970525,0.06144602732235728,0.14259170681394037,0.054654374544093554,0.060580189765617805
1195.3125,4260.513,4238.974,4130.256,4158.974,4244.103,0.14475810312718254,0.05545285098999404,0.061125248464680516,0.1412789212291731,0.05559086085984196,0.062341150843266316,0.05416986281396552,0.061318423241119184,0.14191113787558754,0.0545800970970525,0.06144602732235728,0.14259170681394037,0.054654374544093554,0.060580189765617805
1203.125,4288.718,4247.179,4123.59,4168.205,4260.0,0.14475810312718254,0.05545285098999404,0.061125248464680516,0.1412789212291731,0.05559086085984196,0.062341150843266316,0.05416986281396552,0.061318423241119184,0.14191113787558754,0.0545800970970525,0.06144602732235728,0.14259170681394037,0.054654374544093554,0.060580189765617805
1210.9375,4311.795,4215.385,4108.718,4165.128,4278.462,0.14475810312718254,0.05545285098999404,0.061125248464680516,0.1412789212291731,0.05559086085984196,0.062341150843266316,0.05416986281396552,0.061318423241119184,0.14191113787558754,0.0545800970970525,0.06144602732235728,0.14259170681394037,0.054654374544093554,0.060580189765617805
1218.75,4344.103,4217.436,4115.385,4173.333,4309.231,0.14475810312718254,0.05545285098999404,0.061125248464680516,0.1412789212291731,0.05559086085984196,0.062341150843266316,0.05416986281396552,0.061318423241119184,0.14191113787558754,0.0545800970970525,0.06144602732235728,0.14259170681394037,0.054654374544093554,0.060580189765617805
1226.5625,4377.436,4236.41,4121.538,4180.0,4331.795,0.14475810312718254,0.05545285098999404,0.061125248464680516,0.1412789212291731,0.05559086085984196,0.062341150843266316,0.05416986281396552,0.061318423241119184,0.14191113787558754,0.0545800970970525,0.06144602732235728,0.14259170681394037,0.054654374544093554,0.060580189765617805
1234.375,4421.026,4240.513,4119.487,4166.154,4349.744,0.14475810312718254,0.05545285098999404,0.061125248464680516,0.1412789212291731,0.05559086085984196,0.062341150843266316,0.05416986281396552,0.061318423241119184,0.14191113787558754,0.0545800970970525,0.06144602732235728,0.14259170681394037,0.054654374544093554,0.060580189765617805
1242.1875,4463.59,4237.436,4116.41,4152.308,4371.282,0.14475810312718254,0.05545285098999404,0.061125248464680516,0.1412789212291731,0.05559086085984196,0.062341150843266316,0.05416986281396552,0.061318423241119184,0.14191113787558754,0.0545800970970525,0.06144602732235728,0.14259170681394037,0.054654374544093554,0.060580189765617805
1250.0,4483.077,4226.667,4105.128,4148.718,4391.795,0.14475810312718254,0.05545285098999404,0.061125248464680516,0.1412789212291731,0.05559086085984196,0.062341150843266316,0.05416986281396552,0.061318423241119184,0.14191113787558754,0.0545800970970525,0.06144602732235728,0.14259170681394037,0.054654374544093554,0.060580189765617805
1257.8125,4515.385,4231.282,4110.256,4153.333,4416.923,0.14475810312718254,0.05545285098999404,0.061125248464680516,0.1412789212291731,0.05559086085984196,0.062341150843266316,0.05416986281396552,0.061318423241119184,0.14191113787558754,0.0545800970970525,0.06144602732235728,0.14259170681394037,0.054654374544093554,0.060580189765617805
1265.625,4583.077,4236.923,4133.333,4171.282,4454.872,0.14475810312718254,0.05545285098999404,0.061125248464680516,0.1412789212291731,0.05559086085984196,0.062341150843266316,0.05416986281396552,0.061318423241119184,0.14191113787558754,0.0545800970970525,0.06144602732235728,0.14259170681394037,0.054654374544093554,0.060580189765617805
1273.4375,4618.462,4231.795,4128.718,4173.333,4468.718,0.14475810312718254,0.05545285098999404,0.061125248464680516,0.1412789212291731,0.05559086085984196,0.062341150843266316,0.05416986281396552,0.061318423241119184,0.14191113787558754,0.0545800970970525,0.06144602732235728,0.14259170681394037,0.054654374544093554,0.060580189765617805
1281.25,4602.051,4228.718,4112.308,4154.872,4450.769,0.14475810312718254,0.05545285098999404,0.061125248464680516,0.1412789212291731,0.05559086085984196,0.062341150843266316,0.05416986281396552,0.061318423241119184,0.14191113787558754,0.0545800970970525,0.06144602732235728,0.14259170681394037,0.054654374544093554,0.060580189765617805
1289.0625,4582.051,4232.821,4122.564,4151.795,4435.385,0.14475810312718254,0.05545285098999404,0.061125248464680516,0.1412789212291731,0.05559086085984196,0.062341150843266316,0.05416986281396552,0.061318423241119184,0.14191113787558754,0.0545800970970525,0.06144602732235728,0.14259170681394037,0.054654374544093554,0.060580189765617805
1296.875,4555.897,4243.077,4128.205,4154.359,4412.821,0.14475810312718254,0.05545285098999404,0.061125248464680516,0.1412789212291731,0.05559086085984196,0.062341150843266316,0.05416986281396552,0.061318423241119184,0.14191113787558754,0.0545800970970525,0.06144602732235728,0.14259170681394037,0.054654374544093554,0.060580189765617805
1304.6875,4502.564,4234.872,4112.308,4139.487,4364.615,0.14475810312718254,0.05545285098999404,0.061125248464680516,0.1412789212291731,0.05559086085984196,0.062341150843266316,0.05416986281396552,0.061318423241119184,0.14191113787558754,0.0545800970970525,0.06144602732235728,0.14259170681394037,0.054654374544093554,0.060580189765617805
1312.5,4457.436,4215.897,4114.872,4134.359,4329.231,0.14475810312718254,0.05545285098999404,0.061125248464680516,0.1412789212291731,0.05559086085984196,0.062341150843266316,0.05416986281396552,0.061318423241119184,0.14191113787558754,0.0545800970970525,0.06144602732235728,0.14259170681394037,0.054654374544093554,0.060580189765617805
1320.3125,4438.462,4228.718,4131.282,4150.256,4316.41,0.14475810312718254,0.05545285098999404,0.061125248464680516,0.1412789212291731,0.05559086085984196,0.062341150843266316,0.05416986281396552,0.061318423241119184,0.14191113787558754,0.0545800970970525,0.06144602732235728,0.14259170681394037,0.054654374544093554,0.060580189765617805
1328.125,4411.795,4248.718,4122.051,4155.897,4290.769,0.14475810312718254,0.05545285098999404,0.061125248464680516,0.1412789212291731,0.05559086085984196,0.062341150843266316,0.05416986281396552,0.061318423241119184,0.14191113787558754,0.0545800970970525,0.06144602732235728,0.14259170681394037,0.054654374544093554,0.060580189765617805
1335.9375,4373.333,4230.256,4106.667,4152.821,4266.154,0.14475810312718254,0.05545285098999404,0.061125248464680516,0.1412789212291731,0.05559086085984196,0.062341150843266316,0.05416986281396552,0.061318423241119184,0.14191113787558754,0.0545800970970525,0.06144602732235728,0.14259170681394037,0.054654374544093554,0.060580189765617805
1343.75,4343.59,4209.744,4104.103,4147.179,4251.282,0.14475810312718254,0.05545285098999404,0.061125248464680516,0.1412789212291731,0.05559086085984196,0.062341150843266316,0.05416986281396552,0.061318423241119184,0.14191113787558754,0.0545800970970525,0.06144602732235728,0.14259170681394037,0.054654374544093554,0.060580189765617805
1351.5625,4323.59,4221.026,4105.641,4135.897,4234.359,0.14475810312718254,0.05545285098999404,0.061125248464680516,0.1412789212291731,0.05559086085984196,0.062341150843266316,0.05416986281396552,0.061318423241119184,0.14191113787558754,0.0545800970970525,0.06144602732235728,0.14259170681394037,0.054654374544093554,0.060580189765617805
1359.375,4306.667,4235.385,4108.718,4140.0,4225.128,0.14475810312718254,0.05545285098999404,0.061125248464680516,0.1412789212291731,0.05559086085984196,0.062341150843266316,0.05416986281396552,0.061318423241119184,0.14191113787558754,0.0545800970970525,0.06144602732235728,0.14259170681394037,0.054654374544093554,0.060580189765617805
1367.1875,4295.897,4240.0,4110.769,4157.949,4214.872,0.14475810312718254,0.05545285098999404,0.061125248464680516,0.1412789212291731,0.05559086085984196,0.062341150843266316,0.05416986281396552,0.061318423241119184,0.14191113787558754,0.0545800970970525,0.06144602732235728,0.14259170681394037,0.054654374544093554,0.060580189765617805
1375.0,4289.231,4223.59,4107.179,4157.436,4204.103,0.14475810312718254,0.05545285098999404,0.061125248464680516,0.1412789212291731,0.05559086085984196,0.062341150843266316,0.05416986281396552,0.061318423241119184,0.14191113787558754,0.0545800970970525,0.06144602732235728,0.14259170681394037,0.054654374544093554,0.060580189765617805
1382.8125,4289.231,4211.795,4108.718,4149.231,4212.821,0.14475810312718254,0.05545285098999404,0.061125248464680516,0.1412789212291731,0.05559086085984196,0.062341150843266316,0.05416986281396552,0.061318423241119184,0.14191113787558754,0.0545800970970525,0.06144602732235728,0.14259170681394037,0.054654374544093554,0.060580189765617805
1390.625,4296.923,4237.949,4122.051,4164.615,4226.154,0.14475810312718254,0.05545285098999404,0.061125248464680516,0.1412789212291731,0.05559086085984196,0.062341150843266316,0.05416986281396552,0.061318423241119184,0.14191113787558754,0.0545800970970525,0.06144602732235728,0.14259170681394037,0.054654374544093554,0.060580189765617805
1398.4375,4293.846,4243.59,4131.795,4182.564,4226.154,0.14475810312718254,0.05545285098999404,0.061125248464680516,0.1412789212291731,0.05559086085984196,0.062341150843266316,0.05416986281396552,0.061318423241119184,0.14191113787558754,0.0545800970970525,0.06144602732235728,0.14259170681394037,0.054654374544093554,0.060580189765617805
1406.25,4281.538,4227.179,4137.436,4181.026,4232.308,0.14475810312718254,0.05545285098999404,0.061125248464680516,0.1412789212291731,0.05559086085984196,0.062341150843266316,0.05416986281396552,0.061318423241119184,0.14191113787558754,0.0545800970970525,0.06144602732235728,0.14259170681394037,0.054654374544093554,0.060580189765617805
1414.0625,4276.41,4233.846,4145.128,4174.872,4227.179,0.14475810312718254,0.05545285098999404,0.061125248464680516,0.1412789212291731,0.05559086085984196,0.062341150843266316,0.05416986281396552,0.061318423241119184,0.14191113787558754,0.0545800970970525,0.06144602732235728,0.14259170681394037,0.054654374544093554,0.060580189765617805
1421.875,4266.667,4245.641,4145.128,4172.308,4208.718,0.14475810312718254,0.05545285098999404,0.061125248464680516,0.1412789212291731,0.05559086085984196,0.062341150843266316,0.05416986281396552,0.061318423241119184,0.14191113787558754,0.0545800970970525,0.06144602732235728,0.14259170681394037,0.054654374544093554,0.060580189765617805
1429.6875,4244.615,4237.949,4132.308,4162.564,4202.564,0.14475810312718254,0.05545285098999404,0.061125248464680516,0.1412789212291731,0.05559086085984196,0.062341150843266316,0.05416986281396552,0.061318423241119184,0.14191113787558754,0.0545800970970525,0.06144602732235728,0.14259170681394037,0.054654374544093554,0.060580189765617805
1437.5,4233.846,4233.333,4117.949,4154.359,4197.949,0.14475810312718254,0.05545285098999404,0.061125248464680516,0.1412789212291731,0.05559086085984196,0.062341150843266316,0.05416986281396552,0.061318423241119184,0.14191113787558754,0.0545800970970525,0.06144602732235728,0.14259170681394037,0.054654374544093554,0.060580189765617805
1445.3125,4232.308,4230.769,4109.231,4162.051,4186.154,0.14475810312718254,0.05545285098999404,0.061125248464680516,0.1412789212291731,0.05559086085984196,0.062341150843266316,0.05416986281396552,0.061318423241119184,0.14191113787558754,0.0545800970970525,0.06144602732235728,0.14259170681394037,0.054654374544093554,0.060580189765617805
1453.125,4223.59,4228.205,4106.667,4171.795,4180.0,0.14475810312718254,0.05545285098999404,0.061125248464680516,0.1412789212291731,0.05559086085984196,0.062341150843266316,0.05416986281396552,0.061318423241119184,0.14191113787558754,0.0545800970970525,0.06144602732235728,0.14259170681394037,0.054654374544093554,0.060580189765617805
1460.9375,4217.949,4233.846,4110.256,4168.205,4182.564,0.14475810312718254,0.05545285098999404,0.061125248464680516,0.1412789212291731,0.05559086085984196,0.062341150843266316,0.05416986281396552,0.061318423241119184,0.14191113787558754,0.0545800970970525,0.06144602732235728,0.14259170681394037,0.054654374544093554,0.060580189765617805
1468.75,4212.308,4227.179,4110.256,4151.795,4179.487,0.14475810312718254,0.05545285098999404,0.061125248464680516,0.1412789212291731,0.05559086085984196,0.062341150843266316,0.05416986281396552,0.061318423241119184,0.14191113787558754,0.0545800970970525,0.06144602732235728,0.14259170681394037,0.054654374544093554,0.060580189765617805
1476.5625,4207.692,4226.667,4115.385,4142.564,4175.385,0.14475810312718254,0.05545285098999404,0.061125248464680516,0.1412789212291731,0.05559086085984196,0.062341150843266316,0.05416986281396552,0.061318423241119184,0.14191113787558754,0.0545800970970525,0.06144602732235728,0.14259170681394037,0.054654374544093554,0.060580189765617805
1484.375,4205.128,4213.846,4122.051,4144.103,4177.436,0.14475810312718254,0.05545285098999404,0.061125248464680516,0.1412789212291731,0.05559086085984196,0.062341150843266316,0.05416986281396552,0.061318423241119184,0.14191113787558754,0.0545800970970525,0.06144602732235728,0.14259170681394037,0.054654374544093554,0.060580189765617805
1492.1875,4201.026,4197.436,4121.026,4150.256,4186.154,0.14475810312718254,0.05545285098999404,0.061125248464680516,0.1412789212291731,0.05559086085984196,0.062341150843266316,0.05416986281396552,0.061318423241119184,0.14191113787558754,0.0545800970970525,0.06144602732235728,0.14259170681394037,0.054654374544093554,0.060580189765617805
1500.0,4208.718,4236.41,4122.564,4163.59,4199.487,0.14475810312718254,0.05545285098999404,0.061125248464680516,0.1412789212291731,0.05559086085984196,0.062341150843266316,0.05416986281396552,0.061318423241119184,0.14191113787558754,0.0545800970970525,0.06144602732235728,0.14259170681394037,0.054654374544093554,0.060580189765617805
1507.8125,4221.538,4283.077,4117.949,4169.744,4202.051,0.14475810312718254,0.05545285098999404,0.061125248464680516,0.1412789212291731,0.05559086085984196,0.062341150843266316,0.05416986281396552,0.061318423241119184,0.14191113787558754,0.0545800970970525,0.06144602732235728,0.14259170681394037,0.054654374544093554,0.060580189765617805
1515.625,4234.359,4266.667,4125.641,4178.974,4220.0,0.14475810312718254,0.05545285098999404,0.061125248464680516,0.1412789212291731,0.05559086085984196,0.062341150843266316,0.05416986281396552,0.061318423241119184,0.14191113787558754,0.0545800970970525,0.06144602732235728,0.14259170681394037,0.054654374544093554,0.060580189765617805
1523.4375,4253.333,4252.308,4155.897,4202.564,4247.179,0.14475810312718254,0.05545285098999404,0.061125248464680516,0.1412789212291731,0.05559086085984196,0.062341150843266316,0.05416986281396552,0.061318423241119184,0.14191113787558754,0.0545800970970525,0.06144602732235728,0.14259170681394037,0.054654374544093554,0.060580189765617805
1531.25,4257.949,4276.923,4177.436,4204.615,4237.436,0.14475810312718254,0.05545285098999404,0.061125248464680516,0.1412789212291731,0.05559086085984196,0.062341150843266316,0.05416986281396552,0.061318423241119184,0.14191113787558754,0.0545800970970525,0.06144602732235728,0.14259170681394037,0.054654374544093554,0.060580189765617805
1539.0625,4244.103,4251.795,4183.077,4186.154,4223.59,0.14475810312718254,0.05545285098999404,0.061125248464680516,0.1412789212291731,0.05559086085984196,0.062341150843266316,0.05416986281396552,0.061318423241119184,0.14191113787558754,0.0545800970970525,0.06144602732235728,0.14259170681394037,0.054654374544093554,0.060580189765617805
1546.875,4244.615,4238.974,4186.667,4187.692,4237.949,0.14475810312718254,0.05545285098999404,0.061125248464680516,0.1412789212291731,0.05559086085984196,0.062341150843266316,0.05416986281396552,0.061318423241119184,0.14191113787558754,0.0545800970970525,0.06144602732235728,0.14259170681394037,0.054654374544093554,0.060580189765617805
1554.6875,4259.487,4295.385,4188.205,4201.538,4243.59,0.14475810312718254,0.05545285098999404,0.061125248464680516,0.1412789212291731,0.05559086085984196,0.062341150843266316,0.05416986281396552,0.061318423241119184,0.14191113787558754,0.0545800970970525,0.06144602732235728,0.14259170681394037,0.054654374544093554,0.060580189765617805
1562.5,4261.538,4299.487,4180.513,4197.949,4232.308,0.14475810312718254,0.05545285098999404,0.061125248464680516,0.1412789212291731,0.05559086085984196,0.062341150843266316,0.05416986281396552,0.061318423241119184,0.14191113787558754,0.0545800970970525,0.06144602732235728,0.14259170681394037,0.054654374544093554,0.060580189765617805
1570.3125,4254.872,4252.821,4166.667,4193.846,4232.821,0.14475810312718254,0.05545285098999404,0.061125248464680516,0.1412789212291731,0.05559086085984196,0.062341150843266316,0.05416986281396552,0.061318423241119184,0.14191113787558754,0.0545800970970525,0.06144602732235728,0.14259170681394037,0.054654374544093554,0.060580189765617805
1578.125,4254.872,4255.897,4154.872,4194.359,4236.41,0.14475810312718254,0.05545285098999404,0.061125248464680516,0.1412789212291731,0.05559086085984196,0.062341150843266316,0.05416986281396552,0.061318423241119184,0.14191113787558754,0.0545800970970525,0.06144602732235728,0.14259170681394037,0.054654374544093554,0.060580189765617805
1585.9375,4260.513,4277.949,4161.538,4196.41,4239.487,0.14475810312718254,0.05545285098999404,0.061125248464680516,0.1412789212291731,0.05559086085984196,0.062341150843266316,0.05416986281396552,0.061318423241119184,0.14191113787558754,0.0545800970970525,0.06144602732235728,0.14259170681394037,0.054654374544093554,0.060580189765617805
1593.75,4248.718,4254.872,4168.718,4189.744,4234.872,0.14475810312718254,0.05545285098999404,0.061125248464680516,0.1412789212291731,0.05559086085984196,0.062341150843266316,0.05416986281396552,0.061318423241119184,0.14191113787558754,0.0545800970970525,0.06144602732235728,0.14259170681394037,0.054654374544093554,0.060580189765617805
1601.5625,4218.462,4243.077,4146.667,4164.103,4205.641,0.14475810312718254,0.05545285098999404,0.061125248464680516,0.1412789212291731,0.05559086085984196,0.062341150843266316,0.05416986281396552,0.061318423241119184,0.14191113787558754,0.0545800970970525,0.06144602732235728,0.14259170681394037,0.054654374544093554,0.060580189765617805
1609.375,4216.923,4265.128,4136.41,4157.949,4200.513,0.14475810312718254,0.05545285098999404,0.061125248464680516,0.1412789212291731,0.05559086085984196,0.062341150843266316,0.05416986281396552,0.061318423241119184,0.14191113787558754,0.0545800970970525,0.06144602732235728,0.14259170681394037,0.054654374544093554,0.060580189765617805
1617.1875,4234.359,4271.282,4156.41,4185.128,4233.846,0.14475810312718254,0.05545285098999404,0.061125248464680516,0.1412789212291731,0.05559086085984196,0.062341150843266316,0.05416986281396552,0.061318423241119184,0.14191113787558754,0.0545800970970525,0.06144602732235728,0.14259170681394037,0.054654374544093554,0.060580189765617805
1625.0,4231.282,4268.205,4161.538,4198.462,4242.564,0.14475810312718254,0.05545285098999404,0.061125248464680516,0.1412789212291731,0.05559086085984196,0.062341150843266316,0.05416986281396552,0.061318423241119184,0.14191113787558754,0.0545800970970525,0.06144602732235728,0.14259170681394037,0.054654374544093554,0.060580189765617805
1632.8125,4226.154,4259.487,4147.179,4188.205,4226.667,0.14475810312718254,0.05545285098999404,0.061125248464680516,0.1412789212291731,0.05559086085984196,0.062341150843266316,0.05416986281396552,0.061318423241119184,0.14191113787558754,0.0545800970970525,0.06144602732235728,0.14259170681394037,0.054654374544093554,0.060580189765617805
1640.625,4231.282,4240.513,4148.205,4187.692,4230.256,0.14475810312718254,0.05545285098999404,0.061125248464680516,0.1412789212291731,0.05559086085984196,0.062341150843266316,0.05416986281396552,0.061318423241119184,0.14191113787558754,0.0545800970970525,0.06144602732235728,0.14259170681394037,0.054654374544093554,0.060580189765617805
1648.4375,4230.256,4234.359,4163.59,4193.333,4233.846,0.14475810312718254,0.05545285098999404,0.061125248464680516,0.1412789212291731,0.05559086085984196,0.062341150843266316,0.05416986281396552,0.061318423241119184,0.14191113787558754,0.0545800970970525,0.06144602732235728,0.14259170681394037,0.054654374544093554,0.060580189765617805
1656.25,4224.615,4250.769,4175.385,4184.615,4229.231,0.14475810312718254,0.05545285098999404,0.061125248464680516,0.1412789212291731,0.05559086085984196,0.062341150843266316,0.05416986281396552,0.061318423241119184,0.14191113787558754,0.0545800970970525,0.06144602732235728,0.14259170681394037,0.054654374544093554,0.060580189765617805
1664.0625,4215.897,4265.641,4169.744,4165.641,4225.128,0.14475810312718254,0.05545285098999404,0.061125248464680516,0.1412789212291731,0.05559086085984196,0.062341150843266316,0.05416986281396552,0.061318423241119184,0.14191113787558754,0.0545800970970525,0.06144602732235728,0.14259170681394037,0.054654374544093554,0.060580189765617805
1671.875,4192.821,4247.179,4148.718,4144.615,4204.103,0.14475810312718254,0.05545285098999404,0.061125248464680516,0.1412789212291731,0.05559086085984196,0.062341150843266316,0.05416986281396552,0.061318423241119184,0.14191113787558754,0.0545800970970525,0.06144602732235728,0.14259170681394037,0.054654374544093554,0.060580189765617805
1679.6875,4177.436,4231.795,4136.923,4134.872,4185.128,0.14475810312718254,0.05545285098999404,0.061125248464680516,0.1412789212291731,0.05559086085984196,0.062341150843266316,0.05416986281396552,0.061318423241119184,0.14191113787558754,0.0545800970970525,0.06144602732235728,0.14259170681394037,0.054654374544093554,0.060580189765617805
1687.5,4174.872,4225.128,4130.256,4134.872,4186.154,0.14475810312718254,0.05545285098999404,0.061125248464680516,0.1412789212291731,0.05559086085984196,0.062341150843266316,0.05416986281396552,0.061318423241119184,0.14191113787558754,0.0545800970970525,0.06144602732235728,0.14259170681394037,0.054654374544093554,0.060580189765617805
1695.3125,4172.308,4215.897,4123.077,4137.436,4187.692,0.14475810312718254,0.05545285098999404,0.061125248464680516,0.1412789212291731,0.05559086085984196,0.062341150843266316,0.05416986281396552,0.061318423241119184,0.14191113787558754,0.0545800970970525,0.06144602732235728,0.14259170681394037,0.054654374544093554,0.060580189765617805
1703.125,4181.026,4233.333,4126.667,4153.333,4196.923,0.14475810312718254,0.05545285098999404,0.061125248464680516,0.1412789212291731,0.05559086085984196,0.062341150843266316,0.05416986281396552,0.061318423241119184,0.14191113787558754,0.0545800970970525,0.06144602732235728,0.14259170681394037,0.054654374544093554,0.060580189765617805
1710.9375,4187.692,4247.692,4130.256,4161.538,4204.615,0.14475810312718254,0.05545285098999404,0.061125248464680516,0.1412789212291731,0.05559086085984196,0.062341150843266316,0.05416986281396552,0.061318423241119184,0.14191113787558754,0.0545800970970525,0.06144602732235728,0.14259170681394037,0.054654374544093554,0.060580189765617805
1718.75,4179.487,4233.333,4128.718,4146.154,4192.821,0.14475810312718254,0.05545285098999404,0.061125248464680516,0.1412789212291731,0.05559086085984196,0.062341150843266316,0.05416986281396552,0.061318423241119184,0.14191113787558754,0.0545800970970525,0.06144602732235728,0.14259170681394037,0.054654374544093554,0.060580189765617805
1726.5625,4172.308,4233.333,4131.795,4135.897,4181.026,0.14475810312718254,0.05545285098999404,0.061125248464680516,0.1412789212291731,0.05559086085984196,0.062341150843266316,0.05416986281396552,0.061318423241119184,0.14191113787558754,0.0545800970970525,0.06144602732235728,0.14259170681394037,0.054654374544093554,0.060580189765617805
1734.375,4164.615,4235.897,4128.718,4132.821,4177.949,0.14475810312718254,0.05545285098999404,0.061125248464680516,0.1412789212291731,0.05559086085984196,0.062341150843266316,0.05416986281396552,0.061318423241119184,0.14191113787558754,0.0545800970970525,0.06144602732235728,0.14259170681394037,0.054654374544093554,0.060580189765617805
1742.1875,4154.872,4197.949,4123.59,4128.718,4176.923,0.14475810312718254,0.05545285098999404,0.061125248464680516,0.1412789212291731,0.05559086085984196,0.062341150843266316,0.05416986281396552,0.061318423241119184,0.14191113787558754,0.0545800970970525,0.06144602732235728,0.14259170681394037,0.054654374544093554,0.060580189765617805
1750.0,4155.385,4194.359,4131.282,4135.385,4179.487,0.14475810312718254,0.05545285098999404,0.061125248464680516,0.1412789212291731,0.05559086085984196,0.062341150843266316,0.05416986281396552,0.061318423241119184,0.14191113787558754,0.0545800970970525,0.06144602732235728,0.14259170681394037,0.054654374544093554,0.060580189765617805
1757.8125,4163.59,4240.513,4134.359,4148.205,4177.949,0.14475810312718254,0.05545285098999404,0.061125248464680516,0.1412789212291731,0.05559086085984196,0.062341150843266316,0.05416986281396552,0.061318423241119184,0.14191113787558754,0.0545800970970525,0.06144602732235728,0.14259170681394037,0.054654374544093554,0.060580189765617805
1765.625,4177.436,4251.795,4133.333,4163.077,4189.744,0.14475810312718254,0.05545285098999404,0.061125248464680516,0.1412789212291731,0.05559086085984196,0.062341150843266316,0.05416986281396552,0.061318423241119184,0.14191113787558754,0.0545800970970525,0.06144602732235728,0.14259170681394037,0.054654374544093554,0.060580189765617805
1773.4375,4193.846,4251.282,4148.718,4184.103,4220.0,0.14475810312718254,0.05545285098999404,0.061125248464680516,0.1412789212291731,0.05559086085984196,0.062341150843266316,0.05416986281396552,0.061318423241119184,0.14191113787558754,0.0545800970970525,0.06144602732235728,0.14259170681394037,0.054654374544093554,0.060580189765617805
1781.25,4191.795,4241.026,4155.385,4185.641,4220.0,0.14475810312718254,0.05545285098999404,0.061125248464680516,0.1412789212291731,0.05559086085984196,0.062341150843266316,0.05416986281396552,0.061318423241119184,0.14191113787558754,0.0545800970970525,0.06144602732235728,0.14259170681394037,0.054654374544093554,0.060580189765617805
1789.0625,4169.231,4203.59,4130.769,4156.41,4186.667,0.14475810312718254,0.05545285098999404,0.061125248464680516,0.1412789212291731,0.05559086085984196,0.062341150843266316,0.05416986281396552,0.061318423241119184,0.14191113787558754,0.0545800970970525,0.06144602732235728,0.14259170681394037,0.054654374544093554,0.060580189765617805
1796.875,4155.385,4208.205,4116.923,4128.205,4174.872,0.14475810312718254,0.05545285098999404,0.061125248464680516,0.1412789212291731,0.05559086085984196,0.062341150843266316,0.05416986281396552,0.061318423241119184,0.14191113787558754,0.0545800970970525,0.06144602732235728,0.14259170681394037,0.054654374544093554,0.060580189765617805
1804.6875,4163.59,4246.154,4131.795,4126.667,4189.231,0.14475810312718254,0.05545285098999404,0.061125248464680516,0.1412789212291731,0.05559086085984196,0.062341150843266316,0.05416986281396552,0.061318423241119184,0.14191113787558754,0.0545800970970525,0.06144602732235728,0.14259170681394037,0.054654374544093554,0.060580189765617805
1812.5,4175.385,4236.923,4140.513,4139.487,4193.333,0.14475810312718254,0.05545285098999404,0.061125248464680516,0.1412789212291731,0.05559086085984196,0.062341150843266316,0.05416986281396552,0.061318423241119184,0.14191113787558754,0.0545800970970525,0.06144602732235728,0.14259170681394037,0.054654374544093554,0.060580189765617805
1820.3125,4171.795,4213.846,4136.41,4160.0,4189.231,0.14475810312718254,0.05545285098999404,0.061125248464680516,0.1412789212291731,0.05559086085984196,0.062341150843266316,0.05416986281396552,0.061318423241119184,0.14191113787558754,0.0545800970970525,0.06144602732235728,0.14259170681394037,0.054654374544093554,0.060580189765617805
1828.125,4164.615,4214.872,4138.462,4178.974,4193.333,0.14475810312718254,0.05545285098999404,0.061125248464680516,0.1412789212291731,0.05559086085984196,0.062341150843266316,0.05416986281396552,0.061318423241119184,0.14191113787558754,0.0545800970970525,0.06144602732235728,0.14259170681394037,0.054654374544093554,0.060580189765617805
1835.9375,4174.359,4213.333,4150.769,4189.231,4202.564,0.14475810312718254,0.05545285098999404,0.061125248464680516,0.1412789212291731,0.05559086085984196,0.062341150843266316,0.05416986281396552,0.061318423241119184,0.14191113787558754,0.0545800970970525,0.06144602732235728,0.14259170681394037,0.054654374544093554,0.060580189765617805
1843.75,4182.564,4233.333,4153.846,4184.615,4206.154,0.14475810312718254,0.05545285098999404,0.061125248464680516,0.1412789212291731,0.05559086085984196,0.062341150843266316,0.05416986281396552,0.061318423241119184,0.14191113787558754,0.0545800970970525,0.06144602732235728,0.14259170681394037,0.054654374544093554,0.060580189765617805
1851.5625,4173.333,4267.179,4145.128,4164.615,4200.513,0.14475810312718254,0.05545285098999404,0.061125248464680516,0.1412789212291731,0.05559086085984196,0.062341150843266316,0.05416986281396552,0.061318423241119184,0.14191113787558754,0.0545800970970525,0.06144602732235728,0.14259170681394037,0.054654374544093554,0.060580189765617805
1859.375,4165.128,4261.026,4143.077,4150.769,4195.385,0.14475810312718254,0.05545285098999404,0.061125248464680516,0.1412789212291731,0.05559086085984196,0.062341150843266316,0.05416986281396552,0.061318423241119184,0.14191113787558754,0.0545800970970525,0.06144602732235728,0.14259170681394037,0.054654374544093554,0.060580189765617805
1867.1875,4172.821,4243.077,4147.179,4151.282,4199.487,0.14475810312718254,0.05545285098999404,0.061125248464680516,0.1412789212291731,0.05559086085984196,0.062341150843266316,0.05416986281396552,0.061318423241119184,0.14191113787558754,0.0545800970970525,0.06144602732235728,0.14259170681394037,0.054654374544093554,0.060580189765617805
1875.0,4196.923,4256.41,4161.538,4158.462,4209.231,0.14475810312718254,0.05545285098999404,0.061125248464680516,0.1412789212291731,0.05559086085984196,0.062341150843266316,0.05416986281396552,0.061318423241119184,0.14191113787558754,0.0545800970970525,0.06144602732235728,0.14259170681394037,0.054654374544093554,0.060580189765617805
1882.8125,4215.385,4252.821,4179.487,4156.41,4218.462,0.14475810312718254,0.05545285098999404,0.061125248464680516,0.1412789212291731,0.05559086085984196,0.062341150843266316,0.05416986281396552,0.061318423241119184,0.14191113787558754,0.0545800970970525,0.06144602732235728,0.14259170681394037,0.054654374544093554,0.060580189765617805
1890.625,4218.974,4225.128,4188.205,4161.026,4232.821,0.14475810312718254,0.05545285098999404,0.061125248464680516,0.1412789212291731,0.05559086085984196,0.062341150843266316,0.05416986281396552,0.061318423241119184,0.14191113787558754,0.0545800970970525,0.06144602732235728,0.14259170681394037,0.054654374544093554,0.060580189765617805
1898.4375,4218.974,4241.026,4191.282,4177.436,4233.333,0.14475810312718254,0.05545285098999404,0.061125248464680516,0.1412789212291731,0.05559086085984196,0.062341150843266316,0.05416986281396552,0.061318423241119184,0.14191113787558754,0.0545800970970525,0.06144602732235728,0.14259170681394037,0.054654374544093554,0.060580189765617805
1906.25,4210.769,4265.641,4184.103,4168.718,4210.256,0.14475810312718254,0.05545285098999404,0.061125248464680516,0.1412789212291731,0.05559086085984196,0.062341150843266316,0.05416986281396552,0.061318423241119184,0.14191113787558754,0.0545800970970525,0.06144602732235728,0.14259170681394037,0.054654374544093554,0.060580189765617805
1914.0625,4208.718,4248.205,4181.538,4160.513,4210.256,0.14475810312718254,0.05545285098999404,0.061125248464680516,0.1412789212291731,0.05559086085984196,0.062341150843266316,0.05416986281396552,0.061318423241119184,0.14191113787558754,0.0545800970970525,0.06144602732235728,0.14259170681394037,0.054654374544093554,0.060580189765617805
1921.875,4220.513,4238.974,4188.205,4178.462,4234.359,0.14475810312718254,0.05545285098999404,0.061125248464680516,0.1412789212291731,0.05559086085984196,0.062341150843266316,0.05416986281396552,0.061318423241119184,0.14191113787558754,0.0545800970970525,0.06144602732235728,0.14259170681394037,0.054654374544093554,0.060580189765617805
1929.6875,4226.667,4241.026,4183.077,4184.103,4236.41,0.14475810312718254,0.05545285098999404,0.061125248464680516,0.1412789212291731,0.05559086085984196,0.062341150843266316,0.05416986281396552,0.061318423241119184,0.14191113787558754,0.0545800970970525,0.06144602732235728,0.14259170681394037,0.054654374544093554,0.060580189765617805
1937.5,4224.103,4231.795,4167.692,4166.667,4222.564,0.14475810312718254,0.05545285098999404,0.061125248464680516,0.1412789212291731,0.05559086085984196,0.062341150843266316,0.05416986281396552,0.061318423241119184,0.14191113787558754,0.0545800970970525,0.06144602732235728,0.14259170681394037,0.054654374544093554,0.060580189765617805
1945.3125,4226.154,4242.564,4158.462,4162.564,4215.897,0.14475810312718254,0.05545285098999404,0.061125248464680516,0.1412789212291731,0.05559086085984196,0.062341150843266316,0.05416986281396552,0.061318423241119184,0.14191113787558754,0.0545800970970525,0.06144602732235728,0.14259170681394037,0.054654374544093554,0.060580189765617805
1953.125,4231.282,4245.641,4157.949,4161.538,4214.872,0.14475810312718254,0.05545285098999404,0.061125248464680516,0.1412789212291731,0.05559086085984196,0.062341150843266316,0.05416986281396552,0.061318423241119184,0.14191113787558754,0.0545800970970525,0.06144602732235728,0.14259170681394037,0.054654374544093554,0.060580189765617805
1960.9375,4233.333,4210.769,4157.949,4149.231,4218.974,0.14475810312718254,0.05545285098999404,0.061125248464680516,0.1412789212291731,0.05559086085984196,0.062341150843266316,0.05416986281396552,0.061318423241119184,0.14191113787558754,0.0545800970970525,0.06144602732235728,0.14259170681394037,0.054654374544093554,0.060580189765617805
1968.75,4230.769,4209.744,4152.821,4150.769,4212.821,0.14475810312718254,0.05545285098999404,0.061125248464680516,0.1412789212291731,0.05559086085984196,0.062341150843266316,0.05416986281396552,0.061318423241119184,0.14191113787558754,0.0545800970970525,0.06144602732235728,0.14259170681394037,0.054654374544093554,0.060580189765617805
1976.5625,4226.667,4246.154,4151.282,4152.821,4196.923,0.14475810312718254,0.05545285098999404,0.061125248464680516,0.1412789212291731,0.05559086085984196,0.062341150843266316,0.05416986281396552,0.061318423241119184,0.14191113787558754,0.0545800970970525,0.06144602732235728,0.14259170681394037,0.054654374544093554,0.060580189765617805
1984.375,4222.564,4241.026,4154.359,4140.0,4195.385,0.14475810312718254,0.05545285098999404,0.061125248464680516,0.1412789212291731,0.05559086085984196,0.062341150843266316,0.05416986281396552,0.061318423241119184,0.14191113787558754,0.0545800970970525,0.06144602732235728,0.14259170681394037,0.054654374544093554,0.060580189765617805
1992.1875,4220.0,4213.846,4152.821,4138.974,4201.538,0.14475810312718254,0.05545285098999404,0.061125248464680516,0.1412789212291731,0.05559086085984196,0.062341150843266316,0.05416986281396552,0.061318423241119184,0.14191113787558754,0.0545800970970525,0.06144602732235728,0.14259170681394037,0.054654374544093554,0.060580189765617805
2000.0,0.0,0.0,0.0,0.0,0.0,0.14475810312718254,0.05545285098999404,0.061125248464680516,0.1412789212291731,0.05559086085984196,0.062341150843266316,0.05416986281396552,0.061318423241119184,0.14191113787558754,0.0545800970970525,0.06144602732235728,0.14259170681394037,0.054654374544093554,0.060580189765617805
2007.8125,0.0,0.0,0.0,0.0,0.0,0.14475810312718254,0.05545285098999404,0.061125248464680516,0.1412789212291731,0.05559086085984196,0.062341150843266316,0.05416986281396552,0.061318423241119184,0.14191113787558754,0.0545800970970525,0.06144602732235728,0.14259170681394037,0.054654374544093554,0.060580189765617805
2015.625,0.0,0.0,0.0,0.0,0.0,0.14475810312718254,0.05545285098999404,0.061125248464680516,0.1412789212291731,0.05559086085984196,0.062341150843266316,0.05416986281396552,0.061318423241119184,0.14191113787558754,0.0545800970970525,0.06144602732235728,0.14259170681394037,0.054654374544093554,0.060580189765617805
2023.4375,0.0,0.0,0.0,0.0,0.0,0.14475810312718254,0.05545285098999404,0.061125248464680516,0.1412789212291731,0.05559086085984196,0.062341150843266316,0.05416986281396552,0.061318423241119184,0.14191113787558754,0.0545800970970525,0.06144602732235728,0.14259170681394037,0.054654374544093554,0.060580189765617805
2031.25,0.0,0.0,0.0,0.0,0.0,0.14475810312718254,0.05545285098999404,0.061125248464680516,0.1412789212291731,0.05559086085984196,0.062341150843266316,0.05416986281396552,0.061318423241119184,0.14191113787558754,0.0545800970970525,0.06144602732235728,0.14259170681394037,0.054654374544093554,0.060580189765617805
2039.0625,0.0,0.0,0.0,0.0,0.0,0.14475810312718254,0.05545285098999404,0.061125248464680516,0.1412789212291731,0.05559086085984196,0.062341150843266316,0.05416986281396552,0.061318423241119184,0.14191113787558754,0.0545800970970525,0.06144602732235728,0.14259170681394037,0.054654374544093554,0.060580189765617805
2046.875,0.0,0.0,0.0,0.0,0.0,0.14475810312718254,0.05545285098999404,0.061125248464680516,0.1412789212291731,0.05559086085984196,0.062341150843266316,0.05416986281396552,0.061318423241119184,0.14191113787558754,0.0545800970970525,0.06144602732235728,0.14259170681394037,0.054654374544093554,0.060580189765617805
2054.6875,0.0,0.0,0.0,0.0,0.0,0.14475810312718254,0.05545285098999404,0.061125248464680516,0.1412789212291731,0.05559086085984196,0.062341150843266316,0.05416986281396552,0.061318423241119184,0.14191113787558754,0.0545800970970525,0.06144602732235728,0.14259170681394037,0.054654374544093554,0.060580189765617805
2062.5,0.0,0.0,0.0,0.0,0.0,0.14475810312718254,0.05545285098999404,0.061125248464680516,0.1412789212291731,0.05559086085984196,0.062341150843266316,0.05416986281396552,0.061318423241119184,0.14191113787558754,0.0545800970970525,0.06144602732235728,0.14259170681394037,0.054654374544093554,0.060580189765617805
2070.3125,0.0,0.0,0.0,0.0,0.0,0.14475810312718254,0.05545285098999404,0.061125248464680516,0.1412789212291731,0.05559086085984196,0.062341150843266316,0.05416986281396552,0.061318423241119184,0.14191113787558754,0.0545800970970525,0.06144602732235728,0.14259170681394037,0.054654374544093554,0.060580189765617805
2078.125,0.0,0.0,0.0,0.0,0.0,0.14475810312718254,0.05545285098999404,0.061125248464680516,0.1412789212291731,0.05559086085984196,0.062341150843266316,0.05416986281396552,0.061318423241119184,0.14191113787558754,0.0545800970970525,0.06144602732235728,0.14259170681394037,0.054654374544093554,0.060580189765617805
2085.9375,0.0,0.0,0.0,0.0,0.0,0.14475810312718254,0.05545285098999404,0.061125248464680516,0.1412789212291731,0.05559086085984196,0.062341150843266316,0.05416986281396552,0.061318423241119184,0.14191113787558754,0.0545800970970525,0.06144602732235728,0.14259170681394037,0.054654374544093554,0.060580189765617805
2093.75,0.0,0.0,0.0,0.0,0.0,0.14475810312718254,0.05545285098999404,0.061125248464680516,0.1412789212291731,0.05559086085984196,0.062341150843266316,0.05416986281396552,0.061318423241119184,0.14191113787558754,0.0545800970970525,0.06144602732235728,0.14259170681394037,0.054654374544093554,0.060580189765617805
2101.5625,0.0,0.0,0.0,0.0,0.0,0.14475810312718254,0.05545285098999404,0.061125248464680516,0.1412789212291731,0.05559086085984196,0.062341150843266316,0.05416986281396552,0.061318423241119184,0.14191113787558754,0.0545800970970525,0.06144602732235728,0.14259170681394037,0.054654374544093554,0.060580189765617805
2109.375,0.0,0.0,0.0,0.0,0.0,0.14475810312718254,0.05545285098999404,0.061125248464680516,0.1412789212291731,0.05559086085984196,0.062341150843266316,0.05416986281396552,0.061318423241119184,0.14191113787558754,0.0545800970970525,0.06144602732235728,0.14259170681394037,0.054654374544093554,0.060580189765617805
2117.1875,0.0,0.0,0.0,0.0,0.0,0.14475810312718254,0.05545285098999404,0.061125248464680516,0.1412789212291731,0.05559086085984196,0.062341150843266316,0.05416986281396552,0.061318423241119184,0.14191113787558754,0.0545800970970525,0.06144602732235728,0.14259170681394037,0.054654374544093554,0.060580189765617805
2125.0,0.0,0.0,0.0,0.0,0.0,0.14475810312718254,0.05545285098999404,0.061125248464680516,0.1412789212291731,0.05559086085984196,0.062341150843266316,0.05416986281396552,0.061318423241119184,0.14191113787558754,0.0545800970970525,0.06144602732235728,0.14259170681394037,0.054654374544093554,0.060580189765617805
2132.8125,0.0,0.0,0.0,0.0,0.0,0.14475810312718254,0.05545285098999404,0.061125248464680516,0.1412789212291731,0.05559086085984196,0.062341150843266316,0.05416986281396552,0.061318423241119184,0.14191113787558754,0.0545800970970525,0.06144602732235728,0.14259170681394037,0.054654374544093554,0.060580189765617805
2140.625,0.0,0.0,0.0,0.0,0.0,0.14475810312718254,0.05545285098999404,0.061125248464680516,0.1412789212291731,0.05559086085984196,0.062341150843266316,0.05416986281396552,0.061318423241119184,0.14191113787558754,0.0545800970970525,0.06144602732235728,0.14259170681394037,0.054654374544093554,0.060580189765617805
2148.4375,0.0,0.0,0.0,0.0,0.0,0.14475810312718254,0.05545285098999404,0.061125248464680516,0.1412789212291731,0.05559086085984196,0.062341150843266316,0.05416986281396552,0.061318423241119184,0.14191113787558754,0.0545800970970525,0.06144602732235728,0.14259170681394037,0.054654374544093554,0.060580189765617805
2156.25,0.0,0.0,0.0,0.0,0.0,0.14475810312718254,0.05545285098999404,0.061125248464680516,0.1412789212291731,0.05559086085984196,0.062341150843266316,0.05416986281396552,0.061318423241119184,0.14191113787558754,0.0545800970970525,0.06144602732235728,0.14259170681394037,0.054654374544093554,0.060580189765617805
2164.0625,0.0,0.0,0.0,0.0,0.0,0.14475810312718254,0.05545285098999404,0.061125248464680516,0.1412789212291731,0.05559086085984196,0.062341150843266316,0.05416986281396552,0.061318423241119184,0.14191113787558754,0.0545800970970525,0.06144602732235728,0.14259170681394037,0.054654374544093554,0.060580189765617805
2171.875,0.0,0.0,0.0,0.0,0.0,0.14475810312718254,0.05545285098999404,0.061125248464680516,0.1412789212291731,0.05559086085984196,0.062341150843266316,0.05416986281396552,0.061318423241119184,0.14191113787558754,0.0545800970970525,0.06144602732235728,0.14259170681394037,0.054654374544093554,0.060580189765617805
2179.6875,0.0,0.0,0.0,0.0,0.0,0.14475810312718254,0.05545285098999404,0.061125248464680516,0.1412789212291731,0.05559086085984196,0.062341150843266316,0.05416986281396552,0.061318423241119184,0.14191113787558754,0.0545800970970525,0.06144602732235728,0.14259170681394037,0.054654374544093554,0.060580189765617805
2187.5,0.0,0.0,0.0,0.0,0.0,0.14475810312718254,0.05545285098999404,0.061125248464680516,0.1412789212291731,0.05559086085984196,0.062341150843266316,0.05416986281396552,0.061318423241119184,0.14191113787558754,0.0545800970970525,0.06144602732235728,0.14259170681394037,0.054654374544093554,0.060580189765617805
2195.3125,0.0,0.0,0.0,0.0,0.0,0.14475810312718254,0.05545285098999404,0.061125248464680516,0.1412789212291731,0.05559086085984196,0.062341150843266316,0.05416986281396552,0.061318423241119184,0.14191113787558754,0.0545800970970525,0.06144602732235728,0.14259170681394037,0.054654374544093554,0.060580189765617805
2203.125,0.0,0.0,0.0,0.0,0.0,0.14475810312718254,0.05545285098999404,0.061125248464680516,0.1412789212291731,0.05559086085984196,0.062341150843266316,0.05416986281396552,0.061318423241119184,0.14191113787558754,0.0545800970970525,0.06144602732235728,0.14259170681394037,0.054654374544093554,0.060580189765617805
2210.9375,0.0,0.0,0.0,0.0,0.0,0.14475810312718254,0.05545285098999404,0.061125248464680516,0.1412789212291731,0.05559086085984196,0.062341150843266316,0.05416986281396552,0.061318423241119184,0.14191113787558754,0.0545800970970525,0.06144602732235728,0.14259170681394037,0.054654374544093554,0.060580189765617805
2218.75,0.0,0.0,0.0,0.0,0.0,0.14475810312718254,0.05545285098999404,0.061125248464680516,0.1412789212291731,0.05559086085984196,0.062341150843266316,0.05416986281396552,0.061318423241119184,0.14191113787558754,0.0545800970970525,0.06144602732235728,0.14259170681394037,0.054654374544093554,0.060580189765617805
2226.5625,0.0,0.0,0.0,0.0,0.0,0.14475810312718254,0.05545285098999404,0.061125248464680516,0.1412789212291731,0.05559086085984196,0.062341150843266316,0.05416986281396552,0.061318423241119184,0.14191113787558754,0.0545800970970525,0.06144602732235728,0.14259170681394037,0.054654374544093554,0.060580189765617805
2234.375,0.0,0.0,0.0,0.0,0.0,0.14475810312718254,0.05545285098999404,0.061125248464680516,0.1412789212291731,0.05559086085984196,0.062341150843266316,0.05416986281396552,0.061318423241119184,0.14191113787558754,0.0545800970970525,0.06144602732235728,0.14259170681394037,0.054654374544093554,0.060580189765617805
2242.1875,0.0,0.0,0.0,0.0,0.0,0.14475810312718254,0.05545285098999404,0.061125248464680516,0.1412789212291731,0.05559086085984196,0.062341150843266316,0.05416986281396552,0.061318423241119184,0.14191113787558754,0.0545800970970525,0.06144602732235728,0.14259170681394037,0.054654374544093554,0.060580189765617805
2250.0,0.0,0.0,0.0,0.0,0.0,0.14475810312718254,0.05545285098999404,0.061125248464680516,0.1412789212291731,0.05559086085984196,0.062341150843266316,0.05416986281396552,0.061318423241119184,0.14191113787558754,0.0545800970970525,0.06144602732235728,0.14259170681394037,0.054654374544093554,0.060580189765617805
2257.8125,0.0,0.0,0.0,0.0,0.0,0.14475810312718254,0.05545285098999404,0.061125248464680516,0.1412789212291731,0.05559086085984196,0.062341150843266316,0.05416986281396552,0.061318423241119184,0.14191113787558754,0.0545800970970525,0.06144602732235728,0.14259170681394037,0.054654374544093554,0.060580189765617805
2265.625,0.0,0.0,0.0,0.0,0.0,0.14475810312718254,0.05545285098999404,0.061125248464680516,0.1412789212291731,0.05559086085984196,0.062341150843266316,0.05416986281396552,0.061318423241119184,0.14191113787558754,0.0545800970970525,0.06144602732235728,0.14259170681394037,0.054654374544093554,0.060580189765617805
2273.4375,0.0,0.0,0.0,0.0,0.0,0.14475810312718254,0.05545285098999404,0.061125248464680516,0.1412789212291731,0.05559086085984196,0.062341150843266316,0.05416986281396552,0.061318423241119184,0.14191113787558754,0.0545800970970525,0.06144602732235728,0.14259170681394037,0.054654374544093554,0.060580189765617805
2281.25,0.0,0.0,0.0,0.0,0.0,0.14475810312718254,0.05545285098999404,0.061125248464680516,0.1412789212291731,0.05559086085984196,0.062341150843266316,0.05416986281396552,0.061318423241119184,0.14191113787558754,0.0545800970970525,0.06144602732235728,0.14259170681394037,0.054654374544093554,0.060580189765617805
2289.0625,0.0,0.0,0.0,0.0,0.0,0.14475810312718254,0.05545285098999404,0.061125248464680516,0.1412789212291731,0.05559086085984196,0.062341150843266316,0.05416986281396552,0.061318423241119184,0.14191113787558754,0.0545800970970525,0.06144602732235728,0.14259170681394037,0.054654374544093554,0.060580189765617805
2296.875,0.0,0.0,0.0,0.0,0.0,0.14475810312718254,0.05545285098999404,0.061125248464680516,0.1412789212291731,0.05559086085984196,0.062341150843266316,0.05416986281396552,0.061318423241119184,0.14191113787558754,0.0545800970970525,0.06144602732235728,0.14259170681394037,0.054654374544093554,0.060580189765617805
2304.6875,0.0,0.0,0.0,0.0,0.0,0.14475810312718254,0.05545285098999404,0.061125248464680516,0.1412789212291731,0.05559086085984196,0.062341150843266316,0.05416986281396552,0.061318423241119184,0.14191113787558754,0.0545800970970525,0.06144602732235728,0.14259170681394037,0.054654374544093554,0.060580189765617805
2312.5,0.0,0.0,0.0,0.0,0.0,0.14475810312718254,0.05545285098999404,0.061125248464680516,0.1412789212291731,0.05559086085984196,0.062341150843266316,0.05416986281396552,0.061318423241119184,0.14191113787558754,0.0545800970970525,0.06144602732235728,0.14259170681394037,0.054654374544093554,0.060580189765617805
2320.3125,0.0,0.0,0.0,0.0,0.0,0.14475810312718254,0.05545285098999404,0.061125248464680516,0.1412789212291731,0.05559086085984196,0.062341150843266316,0.05416986281396552,0.061318423241119184,0.14191113787558754,0.0545800970970525,0.06144602732235728,0.14259170681394037,0.054654374544093554,0.060580189765617805
2328.125,0.0,0.0,0.0,0.0,0.0,0.14475810312718254,0.05545285098999404,0.061125248464680516,0.1412789212291731,0.05559086085984196,0.062341150843266316,0.05416986281396552,0.061318423241119184,0.14191113787558754,0.0545800970970525,0.06144602732235728,0.14259170681394037,0.054654374544093554,0.060580189765617805
2335.9375,0.0,0.0,0.0,0.0,0.0,0.14475810312718254,0.05545285098999404,0.061125248464680516,0.1412789212291731,0.05559086085984196,0.062341150843266316,0.05416986281396552,0.061318423241119184,0.14191113787558754,0.0545800970970525,0.06144602732235728,0.14259170681394037,0.054654374544093554,0.060580189765617805
2343.75,0.0,0.0,0.0,0.0,0.0,0.14475810312718254,0.05545285098999404,0.061125248464680516,0.1412789212291731,0.05559086085984196,0.062341150843266316,0.05416986281396552,0.061318423241119184,0.14191113787558754,0.0545800970970525,0.06144602732235728,0.14259170681394037,0.054654374544093554,0.060580189765617805
2351.5625,0.0,0.0,0.0,0.0,0.0,0.14475810312718254,0.05545285098999404,0.061125248464680516,0.1412789212291731,0.05559086085984196,0.062341150843266316,0.05416986281396552,0.061318423241119184,0.14191113787558754,0.0545800970970525,0.06144602732235728,0.14259170681394037,0.054654374544093554,0.060580189765617805
2359.375,0.0,0.0,0.0,0.0,0.0,0.14475810312718254,0.05545285098999404,0.061125248464680516,0.1412789212291731,0.05559086085984196,0.062341150843266316,0.05416986281396552,0.061318423241119184,0.14191113787558754,0.0545800970970525,0.06144602732235728,0.14259170681394037,0.054654374544093554,0.060580189765617805
2367.1875,0.0,0.0,0.0,0.0,0.0,0.14475810312718254,0.05545285098999404,0.061125248464680516,0.1412789212291731,0.05559086085984196,0.062341150843266316,0.05416986281396552,0.061318423241119184,0.14191113787558754,0.0545800970970525,0.06144602732235728,0.14259170681394037,0.054654374544093554,0.060580189765617805
2375.0,0.0,0.0,0.0,0.0,0.0,0.14475810312718254,0.05545285098999404,0.061125248464680516,0.1412789212291731,0.05559086085984196,0.062341150843266316,0.05416986281396552,0.061318423241119184,0.14191113787558754,0.0545800970970525,0.06144602732235728,0.14259170681394037,0.054654374544093554,0.060580189765617805
2382.8125,0.0,0.0,0.0,0.0,0.0,0.14475810312718254,0.05545285098999404,0.061125248464680516,0.1412789212291731,0.05559086085984196,0.062341150843266316,0.05416986281396552,0.061318423241119184,0.14191113787558754,0.0545800970970525,0.06144602732235728,0.14259170681394037,0.054654374544093554,0.060580189765617805
2390.625,0.0,0.0,0.0,0.0,0.0,0.14475810312718254,0.05545285098999404,0.061125248464680516,0.1412789212291731,0.05559086085984196,0.062341150843266316,0.05416986281396552,0.061318423241119184,0.14191113787558754,0.0545800970970525,0.06144602732235728,0.14259170681394037,0.054654374544093554,0.060580189765617805
2398.4375,0.0,0.0,0.0,0.0,0.0,0.14475810312718254,0.05545285098999404,0.061125248464680516,0.1412789212291731,0.05559086085984196,0.062341150843266316,0.05416986281396552,0.061318423241119184,0.14191113787558754,0.0545800970970525,0.06144602732235728,0.14259170681394037,0.054654374544093554,0.060580189765617805
2406.25,0.0,0.0,0.0,0.0,0.0,0.14475810312718254,0.05545285098999404,0.061125248464680516,0.1412789212291731,0.05559086085984196,0.062341150843266316,0.05416986281396552,0.061318423241119184,0.14191113787558754,0.0545800970970525,0.06144602732235728,0.14259170681394037,0.054654374544093554,0.060580189765617805
2414.0625,0.0,0.0,0.0,0.0,0.0,0.14475810312718254,0.05545285098999404,0.061125248464680516,0.1412789212291731,0.05559086085984196,0.062341150843266316,0.05416986281396552,0.061318423241119184,0.14191113787558754,0.0545800970970525,0.06144602732235728,0.14259170681394037,0.054654374544093554,0.060580189765617805
2421.875,0.0,0.0,0.0,0.0,0.0,0.14475810312718254,0.05545285098999404,0.061125248464680516,0.1412789212291731,0.05559086085984196,0.062341150843266316,0.05416986281396552,0.061318423241119184,0.14191113787558754,0.0545800970970525,0.06144602732235728,0.14259170681394037,0.054654374544093554,0.060580189765617805
2429.6875,0.0,0.0,0.0,0.0,0.0,0.14475810312718254,0.05545285098999404,0.061125248464680516,0.1412789212291731,0.05559086085984196,0.062341150843266316,0.05416986281396552,0.061318423241119184,0.14191113787558754,0.0545800970970525,0.06144602732235728,0.14259170681394037,0.054654374544093554,0.060580189765617805
2437.5,0.0,0.0,0.0,0.0,0.0,0.14475810312718254,0.05545285098999404,0.061125248464680516,0.1412789212291731,0.05559086085984196,0.062341150843266316,0.05416986281396552,0.061318423241119184,0.14191113787558754,0.0545800970970525,0.06144602732235728,0.14259170681394037,0.054654374544093554,0.060580189765617805
2445.3125,0.0,0.0,0.0,0.0,0.0,0.14475810312718254,0.05545285098999404,0.061125248464680516,0.1412789212291731,0.05559086085984196,0.062341150843266316,0.05416986281396552,0.061318423241119184,0.14191113787558754,0.0545800970970525,0.06144602732235728,0.14259170681394037,0.054654374544093554,0.060580189765617805
2453.125,0.0,0.0,0.0,0.0,0.0,0.14475810312718254,0.05545285098999404,0.061125248464680516,0.1412789212291731,0.05559086085984196,0.062341150843266316,0.05416986281396552,0.061318423241119184,0.14191113787558754,0.0545800970970525,0.06144602732235728,0.14259170681394037,0.054654374544093554,0.060580189765617805
2460.9375,0.0,0.0,0.0,0.0,0.0,0.14475810312718254,0.05545285098999404,0.061125248464680516,0.1412789212291731,0.05559086085984196,0.062341150843266316,0.05416986281396552,0.061318423241119184,0.14191113787558754,0.0545800970970525,0.06144602732235728,0.14259170681394037,0.054654374544093554,0.060580189765617805
2468.75,0.0,0.0,0.0,0.0,0.0,0.14475810312718254,0.05545285098999404,0.061125248464680516,0.1412789212291731,0.05559086085984196,0.062341150843266316,0.05416986281396552,0.061318423241119184,0.14191113787558754,0.0545800970970525,0.06144602732235728,0.14259170681394037,0.054654374544093554,0.060580189765617805
2476.5625,0.0,0.0,0.0,0.0,0.0,0.14475810312718254,0.05545285098999404,0.061125248464680516,0.1412789212291731,0.05559086085984196,0.062341150843266316,0.05416986281396552,0.061318423241119184,0.14191113787558754,0.0545800970970525,0.06144602732235728,0.14259170681394037,0.054654374544093554,0.060580189765617805
2484.375,0.0,0.0,0.0,0.0,0.0,0.14475810312718254,0.05545285098999404,0.061125248464680516,0.1412789212291731,0.05559086085984196,0.062341150843266316,0.05416986281396552,0.061318423241119184,0.14191113787558754,0.0545800970970525,0.06144602732235728,0.14259170681394037,0.054654374544093554,0.060580189765617805
2492.1875,0.0,0.0,0.0,0.0,0.0,0.14475810312718254,0.05545285098999404,0.061125248464680516,0.1412789212291731,0.05559086085984196,0.062341150843266316,0.05416986281396552,0.061318423241119184,0.14191113787558754,0.0545800970970525,0.06144602732235728,0.14259170681394037,0.054654374544093554,0.060580189765617805
2500.0,0.0,0.0,0.0,0.0,0.0,0.14475810312718254,0.05545285098999404,0.061125248464680516,0.1412789212291731,0.05559086085984196,0.062341150843266316,0.05416986281396552,0.061318423241119184,0.14191113787558754,0.0545800970970525,0.06144602732235728,0.14259170681394037,0.054654374544093554,0.060580189765617805
2507.8125,0.0,0.0,0.0,0.0,0.0,0.14475810312718254,0.05545285098999404,0.061125248464680516,0.1412789212291731,0.05559086085984196,0.062341150843266316,0.05416986281396552,0.061318423241119184,0.14191113787558754,0.0545800970970525,0.06144602732235728,0.14259170681394037,0.054654374544093554,0.060580189765617805
2515.625,0.0,0.0,0.0,0.0,0.0,0.14475810312718254,0.05545285098999404,0.061125248464680516,0.1412789212291731,0.05559086085984196,0.062341150843266316,0.05416986281396552,0.061318423241119184,0.14191113787558754,0.0545800970970525,0.06144602732235728,0.14259170681394037,0.054654374544093554,0.060580189765617805
2523.4375,0.0,0.0,0.0,0.0,0.0,0.14475810312718254,0.05545285098999404,0.061125248464680516,0.1412789212291731,0.05559086085984196,0.062341150843266316,0.05416986281396552,0.061318423241119184,0.14191113787558754,0.0545800970970525,0.06144602732235728,0.14259170681394037,0.054654374544093554,0.060580189765617805
2531.25,0.0,0.0,0.0,0.0,0.0,0.14475810312718254,0.05545285098999404,0.061125248464680516,0.1412789212291731,0.05559086085984196,0.062341150843266316,0.05416986281396552,0.061318423241119184,0.14191113787558754,0.0545800970970525,0.06144602732235728,0.14259170681394037,0.054654374544093554,0.060580189765617805
2539.0625,0.0,0.0,0.0,0.0,0.0,0.14475810312718254,0.05545285098999404,0.061125248464680516,0.1412789212291731,0.05559086085984196,0.062341150843266316,0.05416986281396552,0.061318423241119184,0.14191113787558754,0.0545800970970525,0.06144602732235728,0.14259170681394037,0.054654374544093554,0.060580189765617805
2546.875,0.0,0.0,0.0,0.0,0.0,0.14475810312718254,0.05545285098999404,0.061125248464680516,0.1412789212291731,0.05559086085984196,0.062341150843266316,0.05416986281396552,0.061318423241119184,0.14191113787558754,0.0545800970970525,0.06144602732235728,0.14259170681394037,0.054654374544093554,0.060580189765617805
2554.6875,0.0,0.0,0.0,0.0,0.0,0.14475810312718254,0.05545285098999404,0.061125248464680516,0.1412789212291731,0.05559086085984196,0.062341150843266316,0.05416986281396552,0.061318423241119184,0.14191113787558754,0.0545800970970525,0.06144602732235728,0.14259170681394037,0.054654374544093554,0.060580189765617805
2562.5,0.0,0.0,0.0,0.0,0.0,0.14475810312718254,0.05545285098999404,0.061125248464680516,0.1412789212291731,0.05559086085984196,0.062341150843266316,0.05416986281396552,0.061318423241119184,0.14191113787558754,0.0545800970970525,0.06144602732235728,0.14259170681394037,0.054654374544093554,0.060580189765617805
2570.3125,0.0,0.0,0.0,0.0,0.0,0.14475810312718254,0.05545285098999404,0.061125248464680516,0.1412789212291731,0.05559086085984196,0.062341150843266316,0.05416986281396552,0.061318423241119184,0.14191113787558754,0.0545800970970525,0.06144602732235728,0.14259170681394037,0.054654374544093554,0.060580189765617805
2578.125,0.0,0.0,0.0,0.0,0.0,0.14475810312718254,0.05545285098999404,0.061125248464680516,0.1412789212291731,0.05559086085984196,0.062341150843266316,0.05416986281396552,0.061318423241119184,0.14191113787558754,0.0545800970970525,0.06144602732235728,0.14259170681394037,0.054654374544093554,0.060580189765617805
2585.9375,0.0,0.0,0.0,0.0,0.0,0.14475810312718254,0.05545285098999404,0.061125248464680516,0.1412789212291731,0.05559086085984196,0.062341150843266316,0.05416986281396552,0.061318423241119184,0.14191113787558754,0.0545800970970525,0.06144602732235728,0.14259170681394037,0.054654374544093554,0.060580189765617805
2593.75,0.0,0.0,0.0,0.0,0.0,0.14475810312718254,0.05545285098999404,0.061125248464680516,0.1412789212291731,0.05559086085984196,0.062341150843266316,0.05416986281396552,0.061318423241119184,0.14191113787558754,0.0545800970970525,0.06144602732235728,0.14259170681394037,0.054654374544093554,0.060580189765617805
2601.5625,0.0,0.0,0.0,0.0,0.0,0.14475810312718254,0.05545285098999404,0.061125248464680516,0.1412789212291731,0.05559086085984196,0.062341150843266316,0.05416986281396552,0.061318423241119184,0.14191113787558754,0.0545800970970525,0.06144602732235728,0.14259170681394037,0.054654374544093554,0.060580189765617805
2609.375,0.0,0.0,0.0,0.0,0.0,0.14475810312718254,0.05545285098999404,0.061125248464680516,0.1412789212291731,0.05559086085984196,0.062341150843266316,0.05416986281396552,0.061318423241119184,0.14191113787558754,0.0545800970970525,0.06144602732235728,0.14259170681394037,0.054654374544093554,0.060580189765617805
2617.1875,0.0,0.0,0.0,0.0,0.0,0.14475810312718254,0.05545285098999404,0.061125248464680516,0.1412789212291731,0.05559086085984196,0.062341150843266316,0.05416986281396552,0.061318423241119184,0.14191113787558754,0.0545800970970525,0.06144602732235728,0.14259170681394037,0.054654374544093554,0.060580189765617805
2625.0,0.0,0.0,0.0,0.0,0.0,0.14475810312718254,0.05545285098999404,0.061125248464680516,0.1412789212291731,0.05559086085984196,0.062341150843266316,0.05416986281396552,0.061318423241119184,0.14191113787558754,0.0545800970970525,0.06144602732235728,0.14259170681394037,0.054654374544093554,0.060580189765617805
2632.8125,0.0,0.0,0.0,0.0,0.0,0.14475810312718254,0.05545285098999404,0.061125248464680516,0.1412789212291731,0.05559086085984196,0.062341150843266316,0.05416986281396552,0.061318423241119184,0.14191113787558754,0.0545800970970525,0.06144602732235728,0.14259170681394037,0.054654374544093554,0.060580189765617805
2640.625,0.0,0.0,0.0,0.0,0.0,0.14475810312718254,0.05545285098999404,0.061125248464680516,0.1412789212291731,0.05559086085984196,0.062341150843266316,0.05416986281396552,0.061318423241119184,0.14191113787558754,0.0545800970970525,0.06144602732235728,0.14259170681394037,0.054654374544093554,0.060580189765617805
2648.4375,0.0,0.0,0.0,0.0,0.0,0.14475810312718254,0.05545285098999404,0.061125248464680516,0.1412789212291731,0.05559086085984196,0.062341150843266316,0.05416986281396552,0.061318423241119184,0.14191113787558754,0.0545800970970525,0.06144602732235728,0.14259170681394037,0.054654374544093554,0.060580189765617805
2656.25,0.0,0.0,0.0,0.0,0.0,0.14475810312718254,0.05545285098999404,0.061125248464680516,0.1412789212291731,0.05559086085984196,0.062341150843266316,0.05416986281396552,0.061318423241119184,0.14191113787558754,0.0545800970970525,0.06144602732235728,0.14259170681394037,0.054654374544093554,0.060580189765617805
2664.0625,0.0,0.0,0.0,0.0,0.0,0.14475810312718254,0.05545285098999404,0.061125248464680516,0.1412789212291731,0.05559086085984196,0.062341150843266316,0.05416986281396552,0.061318423241119184,0.14191113787558754,0.0545800970970525,0.06144602732235728,0.14259170681394037,0.054654374544093554,0.060580189765617805
2671.875,0.0,0.0,0.0,0.0,0.0,0.14475810312718254,0.05545285098999404,0.061125248464680516,0.1412789212291731,0.05559086085984196,0.062341150843266316,0.05416986281396552,0.061318423241119184,0.14191113787558754,0.0545800970970525,0.06144602732235728,0.14259170681394037,0.054654374544093554,0.060580189765617805
2679.6875,0.0,0.0,0.0,0.0,0.0,0.14475810312718254,0.05545285098999404,0.061125248464680516,0.1412789212291731,0.05559086085984196,0.062341150843266316,0.05416986281396552,0.061318423241119184,0.14191113787558754,0.0545800970970525,0.06144602732235728,0.14259170681394037,0.054654374544093554,0.060580189765617805
2687.5,0.0,0.0,0.0,0.0,0.0,0.14475810312718254,0.05545285098999404,0.061125248464680516,0.1412789212291731,0.05559086085984196,0.062341150843266316,0.05416986281396552,0.061318423241119184,0.14191113787558754,0.0545800970970525,0.06144602732235728,0.14259170681394037,0.054654374544093554,0.060580189765617805
2695.3125,0.0,0.0,0.0,0.0,0.0,0.14475810312718254,0.05545285098999404,0.061125248464680516,0.1412789212291731,0.05559086085984196,0.062341150843266316,0.05416986281396552,0.061318423241119184,0.14191113787558754,0.0545800970970525,0.06144602732235728,0.14259170681394037,0.054654374544093554,0.060580189765617805
2703.125,0.0,0.0,0.0,0.0,0.0,0.14475810312718254,0.05545285098999404,0.061125248464680516,0.1412789212291731,0.05559086085984196,0.062341150843266316,0.05416986281396552,0.061318423241119184,0.14191113787558754,0.0545800970970525,0.06144602732235728,0.14259170681394037,0.054654374544093554,0.060580189765617805
2710.9375,0.0,0.0,0.0,0.0,0.0,0.14475810312718254,0.05545285098999404,0.061125248464680516,0.1412789212291731,0.05559086085984196,0.062341150843266316,0.05416986281396552,0.061318423241119184,0.14191113787558754,0.0545800970970525,0.06144602732235728,0.14259170681394037,0.054654374544093554,0.060580189765617805
2718.75,0.0,0.0,0.0,0.0,0.0,0.14475810312718254,0.05545285098999404,0.061125248464680516,0.1412789212291731,0.05559086085984196,0.062341150843266316,0.05416986281396552,0.061318423241119184,0.14191113787558754,0.0545800970970525,0.06144602732235728,0.14259170681394037,0.054654374544093554,0.060580189765617805
2726.5625,0.0,0.0,0.0,0.0,0.0,0.14475810312718254,0.05545285098999404,0.061125248464680516,0.1412789212291731,0.05559086085984196,0.062341150843266316,0.05416986281396552,0.061318423241119184,0.14191113787558754,0.0545800970970525,0.06144602732235728,0.14259170681394037,0.054654374544093554,0.060580189765617805
2734.375,0.0,0.0,0.0,0.0,0.0,0.14475810312718254,0.05545285098999404,0.061125248464680516,0.1412789212291731,0.05559086085984196,0.062341150843266316,0.05416986281396552,0.061318423241119184,0.14191113787558754,0.0545800970970525,0.06144602732235728,0.14259170681394037,0.054654374544093554,0.060580189765617805
2742.1875,0.0,0.0,0.0,0.0,0.0,0.14475810312718254,0.05545285098999404,0.061125248464680516,0.1412789212291731,0.05559086085984196,0.062341150843266316,0.05416986281396552,0.061318423241119184,0.14191113787558754,0.0545800970970525,0.06144602732235728,0.14259170681394037,0.054654374544093554,0.060580189765617805
2750.0,0.0,0.0,0.0,0.0,0.0,0.14475810312718254,0.05545285098999404,0.061125248464680516,0.1412789212291731,0.05559086085984196,0.062341150843266316,0.05416986281396552,0.061318423241119184,0.14191113787558754,0.0545800970970525,0.06144602732235728,0.14259170681394037,0.054654374544093554,0.060580189765617805
2757.8125,0.0,0.0,0.0,0.0,0.0,0.14475810312718254,0.05545285098999404,0.061125248464680516,0.1412789212291731,0.05559086085984196,0.062341150843266316,0.05416986281396552,0.061318423241119184,0.14191113787558754,0.0545800970970525,0.06144602732235728,0.14259170681394037,0.054654374544093554,0.060580189765617805
2765.625,0.0,0.0,0.0,0.0,0.0,0.14475810312718254,0.05545285098999404,0.061125248464680516,0.1412789212291731,0.05559086085984196,0.062341150843266316,0.05416986281396552,0.061318423241119184,0.14191113787558754,0.0545800970970525,0.06144602732235728,0.14259170681394037,0.054654374544093554,0.060580189765617805
2773.4375,0.0,0.0,0.0,0.0,0.0,0.14475810312718254,0.05545285098999404,0.061125248464680516,0.1412789212291731,0.05559086085984196,0.062341150843266316,0.05416986281396552,0.061318423241119184,0.14191113787558754,0.0545800970970525,0.06144602732235728,0.14259170681394037,0.054654374544093554,0.060580189765617805
2781.25,0.0,0.0,0.0,0.0,0.0,0.14475810312718254,0.05545285098999404,0.061125248464680516,0.1412789212291731,0.05559086085984196,0.062341150843266316,0.05416986281396552,0.061318423241119184,0.14191113787558754,0.0545800970970525,0.06144602732235728,0.14259170681394037,0.054654374544093554,0.060580189765617805
2789.0625,0.0,0.0,0.0,0.0,0.0,0.14475810312718254,0.05545285098999404,0.061125248464680516,0.1412789212291731,0.05559086085984196,0.062341150843266316,0.05416986281396552,0.061318423241119184,0.14191113787558754,0.0545800970970525,0.06144602732235728,0.14259170681394037,0.054654374544093554,0.060580189765617805
2796.875,0.0,0.0,0.0,0.0,0.0,0.14475810312718254,0.05545285098999404,0.061125248464680516,0.1412789212291731,0.05559086085984196,0.062341150843266316,0.05416986281396552,0.061318423241119184,0.14191113787558754,0.0545800970970525,0.06144602732235728,0.14259170681394037,0.054654374544093554,0.060580189765617805
2804.6875,0.0,0.0,0.0,0.0,0.0,0.14475810312718254,0.05545285098999404,0.061125248464680516,0.1412789212291731,0.05559086085984196,0.062341150843266316,0.05416986281396552,0.061318423241119184,0.14191113787558754,0.0545800970970525,0.06144602732235728,0.14259170681394037,0.054654374544093554,0.060580189765617805
2812.5,0.0,0.0,0.0,0.0,0.0,0.14475810312718254,0.05545285098999404,0.061125248464680516,0.1412789212291731,0.05559086085984196,0.062341150843266316,0.05416986281396552,0.061318423241119184,0.14191113787558754,0.0545800970970525,0.06144602732235728,0.14259170681394037,0.054654374544093554,0.060580189765617805
2820.3125,0.0,0.0,0.0,0.0,0.0,0.14475810312718254,0.05545285098999404,0.061125248464680516,0.1412789212291731,0.05559086085984196,0.062341150843266316,0.05416986281396552,0.061318423241119184,0.14191113787558754,0.0545800970970525,0.06144602732235728,0.14259170681394037,0.054654374544093554,0.060580189765617805
2828.125,0.0,0.0,0.0,0.0,0.0,0.14475810312718254,0.05545285098999404,0.061125248464680516,0.1412789212291731,0.05559086085984196,0.062341150843266316,0.05416986281396552,0.061318423241119184,0.14191113787558754,0.0545800970970525,0.06144602732235728,0.14259170681394037,0.054654374544093554,0.060580189765617805
2835.9375,0.0,0.0,0.0,0.0,0.0,0.14475810312718254,0.05545285098999404,0.061125248464680516,0.1412789212291731,0.05559086085984196,0.062341150843266316,0.05416986281396552,0.061318423241119184,0.14191113787558754,0.0545800970970525,0.06144602732235728,0.14259170681394037,0.054654374544093554,0.060580189765617805
2843.75,0.0,0.0,0.0,0.0,0.0,0.14475810312718254,0.05545285098999404,0.061125248464680516,0.1412789212291731,0.05559086085984196,0.062341150843266316,0.05416986281396552,0.061318423241119184,0.14191113787558754,0.0545800970970525,0.06144602732235728,0.14259170681394037,0.054654374544093554,0.060580189765617805
2851.5625,0.0,0.0,0.0,0.0,0.0,0.14475810312718254,0.05545285098999404,0.061125248464680516,0.1412789212291731,0.05559086085984196,0.062341150843266316,0.05416986281396552,0.061318423241119184,0.14191113787558754,0.0545800970970525,0.06144602732235728,0.14259170681394037,0.054654374544093554,0.060580189765617805
2859.375,0.0,0.0,0.0,0.0,0.0,0.14475810312718254,0.05545285098999404,0.061125248464680516,0.1412789212291731,0.05559086085984196,0.062341150843266316,0.05416986281396552,0.061318423241119184,0.14191113787558754,0.0545800970970525,0.06144602732235728,0.14259170681394037,0.054654374544093554,0.060580189765617805
2867.1875,0.0,0.0,0.0,0.0,0.0,0.14475810312718254,0.05545285098999404,0.061125248464680516,0.1412789212291731,0.05559086085984196,0.062341150843266316,0.05416986281396552,0.061318423241119184,0.14191113787558754,0.0545800970970525,0.06144602732235728,0.14259170681394037,0.054654374544093554,0.060580189765617805
2875.0,0.0,0.0,0.0,0.0,0.0,0.14475810312718254,0.05545285098999404,0.061125248464680516,0.1412789212291731,0.05559086085984196,0.062341150843266316,0.05416986281396552,0.061318423241119184,0.14191113787558754,0.0545800970970525,0.06144602732235728,0.14259170681394037,0.054654374544093554,0.060580189765617805
2882.8125,0.0,0.0,0.0,0.0,0.0,0.14475810312718254,0.05545285098999404,0.061125248464680516,0.1412789212291731,0.05559086085984196,0.062341150843266316,0.05416986281396552,0.061318423241119184,0.14191113787558754,0.0545800970970525,0.06144602732235728,0.14259170681394037,0.054654374544093554,0.060580189765617805
2890.625,0.0,0.0,0.0,0.0,0.0,0.14475810312718254,0.05545285098999404,0.061125248464680516,0.1412789212291731,0.05559086085984196,0.062341150843266316,0.05416986281396552,0.061318423241119184,0.14191113787558754,0.0545800970970525,0.06144602732235728,0.14259170681394037,0.054654374544093554,0.060580189765617805
2898.4375,0.0,0.0,0.0,0.0,0.0,0.14475810312718254,0.05545285098999404,0.061125248464680516,0.1412789212291731,0.05559086085984196,0.062341150843266316,0.05416986281396552,0.061318423241119184,0.14191113787558754,0.0545800970970525,0.06144602732235728,0.14259170681394037,0.054654374544093554,0.060580189765617805
2906.25,0.0,0.0,0.0,0.0,0.0,0.14475810312718254,0.05545285098999404,0.061125248464680516,0.1412789212291731,0.05559086085984196,0.062341150843266316,0.05416986281396552,0.061318423241119184,0.14191113787558754,0.0545800970970525,0.06144602732235728,0.14259170681394037,0.054654374544093554,0.060580189765617805
2914.0625,0.0,0.0,0.0,0.0,0.0,0.14475810312718254,0.05545285098999404,0.061125248464680516,0.1412789212291731,0.05559086085984196,0.062341150843266316,0.05416986281396552,0.061318423241119184,0.14191113787558754,0.0545800970970525,0.06144602732235728,0.14259170681394037,0.054654374544093554,0.060580189765617805
2921.875,0.0,0.0,0.0,0.0,0.0,0.14475810312718254,0.05545285098999404,0.061125248464680516,0.1412789212291731,0.05559086085984196,0.062341150843266316,0.05416986281396552,0.061318423241119184,0.14191113787558754,0.0545800970970525,0.06144602732235728,0.14259170681394037,0.054654374544093554,0.060580189765617805
2929.6875,0.0,0.0,0.0,0.0,0.0,0.14475810312718254,0.05545285098999404,0.061125248464680516,0.1412789212291731,0.05559086085984196,0.062341150843266316,0.05416986281396552,0.061318423241119184,0.14191113787558754,0.0545800970970525,0.06144602732235728,0.14259170681394037,0.054654374544093554,0.060580189765617805
2937.5,0.0,0.0,0.0,0.0,0.0,0.14475810312718254,0.05545285098999404,0.061125248464680516,0.1412789212291731,0.05559086085984196,0.062341150843266316,0.05416986281396552,0.061318423241119184,0.14191113787558754,0.0545800970970525,0.06144602732235728,0.14259170681394037,0.054654374544093554,0.060580189765617805
2945.3125,0.0,0.0,0.0,0.0,0.0,0.14475810312718254,0.05545285098999404,0.061125248464680516,0.1412789212291731,0.05559086085984196,0.062341150843266316,0.05416986281396552,0.061318423241119184,0.14191113787558754,0.0545800970970525,0.06144602732235728,0.14259170681394037,0.054654374544093554,0.060580189765617805
2953.125,0.0,0.0,0.0,0.0,0.0,0.14475810312718254,0.05545285098999404,0.061125248464680516,0.1412789212291731,0.05559086085984196,0.062341150843266316,0.05416986281396552,0.061318423241119184,0.14191113787558754,0.0545800970970525,0.06144602732235728,0.14259170681394037,0.054654374544093554,0.060580189765617805
2960.9375,0.0,0.0,0.0,0.0,0.0,0.14475810312718254,0.05545285098999404,0.061125248464680516,0.1412789212291731,0.05559086085984196,0.062341150843266316,0.05416986281396552,0.061318423241119184,0.14191113787558754,0.0545800970970525,0.06144602732235728,0.14259170681394037,0.054654374544093554,0.060580189765617805
2968.75,0.0,0.0,0.0,0.0,0.0,0.14475810312718254,0.05545285098999404,0.061125248464680516,0.1412789212291731,0.05559086085984196,0.062341150843266316,0.05416986281396552,0.061318423241119184,0.14191113787558754,0.0545800970970525,0.06144602732235728,0.14259170681394037,0.054654374544093554,0.060580189765617805
2976.5625,0.0,0.0,0.0,0.0,0.0,0.14475810312718254,0.05545285098999404,0.061125248464680516,0.1412789212291731,0.05559086085984196,0.062341150843266316,0.05416986281396552,0.061318423241119184,0.14191113787558754,0.0545800970970525,0.06144602732235728,0.14259170681394037,0.054654374544093554,0.060580189765617805
2984.375,0.0,0.0,0.0,0.0,0.0,0.14475810312718254,0.05545285098999404,0.061125248464680516,0.1412789212291731,0.05559086085984196,0.062341150843266316,0.05416986281396552,0.061318423241119184,0.14191113787558754,0.0545800970970525,0.06144602732235728,0.14259170681394037,0.054654374544093554,0.060580189765617805
2992.1875,0.0,0.0,0.0,0.0,0.0,0.14475810312718254,0.05545285098999404,0.061125248464680516,0.1412789212291731,0.05559086085984196,0.062341150843266316,0.05416986281396552,0.061318423241119184,0.14191113787558754,0.0545800970970525,0.06144602732235728,0.14259170681394037,0.054654374544093554,0.060580189765617805
