timestamp,AF3,T7,Pz,T8,AF4,AF3_theta,AF3_alpha,AF3_beta,T7_theta,T7_mu,T7_beta,Pz_alpha,Pz_beta,T8_theta,T8_mu,T8_beta,AF4_theta,AF4_alpha,AF4_beta
0.0,4277.949,4277.436,4141.538,4160.513,4249.744,0.14100691845410437,0.057722930274191724,0.06265432770948128,0.14084175203972676,0.057913776343825385,0.06172235660464665,0.05786929490734923,0.06229079846620402,0.1398160891931726,0.05763056751851842,0.061837320576231126,0.1399016768798753,0.05741353352488976,0.06264462133931224
7.8125,4283.077,4271.795,4158.462,4176.923,4272.821,0.14100691845410437,0.057722930274191724,0.06265432770948128,0.14084175203972676,0.057913776343825385,0.06172235660464665,0.05786929490734923,0.06229079846620402,0.1398160891931726,0.05763056751851842,0.061837320576231126,0.1399016768798753,0.05741353352488976,0.06264462133931224
15.625,4260.513,4247.179,4145.128,4161.026,4255.385,0.14100691845410437,0.057722930274191724,0.06265432770948128,0.14084175203972676,0.057913776343825385,0.06172235660464665,0.05786929490734923,0.06229079846620402,0.1398160891931726,0.05763056751851842,0.061837320576231126,0.1399016768798753,0.05741353352488976,0.06264462133931224
23.4375,4282.564,4258.974,4164.615,4172.821,4260.0,0.14100691845410437,0.057722930274191724,0.06265432770948128,0.14084175203972676,0.057913776343825385,0.06172235660464665,0.05786929490734923,0.06229079846620402,0.1398160891931726,0.05763056751851842,0.061837320576231126,0.1399016768798753,0.05741353352488976,0.06264462133931224
31.25,4291.282,4273.846,4177.436,4177.436,4268.205,0.14100691845410437,0.057722930274191724,0.06265432770948128,0.14084175203972676,0.057913776343825385,0.06172235660464665,0.05786929490734923,0.06229079846620402,0.1398160891931726,0.05763056751851842,0.061837320576231126,0.1399016768798753,0.05741353352488976,0.06264462133931224
39.0625,4261.026,4279.487,4157.949,4158.462,4251.282,0.14100691845410437,0.057722930274191724,0.06265432770948128,0.14084175203972676,0.057913776343825385,0.06172235660464665,0.05786929490734923,0.06229079846620402,0.1398160891931726,0.05763056751851842,0.061837320576231126,0.1399016768798753,0.05741353352488976,0.06264462133931224
46.875,4262.564,4285.641,4162.051,4160.0,4251.282,0.14100691845410437,0.057722930274191724,0.06265432770948128,0.14084175203972676,0.057913776343825385,0.06172235660464665,0.05786929490734923,0.06229079846620402,0.1398160891931726,0.05763056751851842,0.061837320576231126,0.1399016768798753,0.05741353352488976,0.06264462133931224
54.6875,4279.487,4258.462,4172.821,4165.641,4263.077,0.14100691845410437,0.057722930274191724,0.06265432770948128,0.14084175203972676,0.057913776343825385,0.06172235660464665,0.05786929490734923,0.06229079846620402,0.1398160891931726,0.05763056751851842,0.061837320576231126,0.1399016768798753,0.05741353352488976,0.06264462133931224
62.5,4261.538,4231.795,4154.359,4151.282,4252.308,0.14100691845410437,0.057722930274191724,0.06265432770948128,0.14084175203972676,0.057913776343825385,0.06172235660464665,0.05786929490734923,0.06229079846620402,0.1398160891931726,0.05763056751851842,0.061837320576231126,0.1399016768798753,0.05741353352488976,0.06264462133931224
70.3125,4256.41,4252.821,4150.769,4154.872,4249.231,0.14100691845410437,0.057722930274191724,0.06265432770948128,0.14084175203972676,0.057913776343825385,0.06172235660464665,0.05786929490734923,0.06229079846620402,0.1398160891931726,0.05763056751851842,0.061837320576231126,0.1399016768798753,0.05741353352488976,0.06264462133931224
78.125,4283.59,4287.692,4173.333,4174.359,4275.385,0.14100691845410437,0.057722930274191724,0.06265432770948128,0.14084175203972676,0.057913776343825385,0.06172235660464665,0.05786929490734923,0.06229079846620402,0.1398160891931726,0.05763056751851842,0.061837320576231126,0.1399016768798753,0.05741353352488976,0.06264462133931224
85.9375,4289.231,4298.974,4175.897,4174.872,4287.692,0.14100691845410437,0.057722930274191724,0.06265432770948128,0.14084175203972676,0.057913776343825385,0.06172235660464665,0.05786929490734923,0.06229079846620402,0.1398160891931726,0.05763056751851842,0.061837320576231126,0.1399016768798753,0.05741353352488976,0.06264462133931224
93.75,4275.897,4287.179,4167.179,4171.282,4275.897,0.14100691845410437,0.057722930274191724,0.06265432770948128,0.14084175203972676,0.057913776343825385,0.06172235660464665,0.05786929490734923,0.06229079846620402,0.1398160891931726,0.05763056751851842,0.061837320576231126,0.1399016768798753,0.05741353352488976,0.06264462133931224
101.5625,4269.744,4266.667,4170.256,4175.897,4267.179,0.14100691845410437,0.057722930274191724,0.06265432770948128,0.14084175203972676,0.057913776343825385,0.06172235660464665,0.05786929490734923,0.06229079846620402,0.1398160891931726,0.05763056751851842,0.061837320576231126,0.1399016768798753,0.05741353352488976,0.06264462133931224
109.375,4260.513,4261.026,4165.128,4169.231,4259.487,0.14100691845410437,0.057722930274191724,0.06265432770948128,0.14084175203972676,0.057913776343825385,0.06172235660464665,0.05786929490734923,0.06229079846620402,0.1398160891931726,0.05763056751851842,0.061837320576231126,0.1399016768798753,0.05741353352488976,0.06264462133931224
117.1875,4258.974,4289.744,4155.897,4168.205,4257.949,0.14100691845410437,0.057722930274191724,0.06265432770948128,0.14084175203972676,0.057913776343825385,0.06172235660464665,0.05786929490734923,0.06229079846620402,0.1398160891931726,0.05763056751851842,0.061837320576231126,0.1399016768798753,0.05741353352488976,0.06264462133931224
125.0,4270.256,4305.128,4154.359,4183.077,4270.256,0.14100691845410437,0.057722930274191724,0.06265432770948128,0.14084175203972676,0.057913776343825385,0.06172235660464665,0.05786929490734923,0.06229079846620402,0.1398160891931726,0.05763056751851842,0.061837320576231126,0.1399016768798753,0.05741353352488976,0.06264462133931224
132.8125,4271.282,4277.949,4148.718,4184.103,4278.462,0.14100691845410437,0.057722930274191724,0.06265432770948128,0.14084175203972676,0.057913776343825385,0.06172235660464665,0.05786929490734923,0.06229079846620402,0.1398160891931726,0.05763056751851842,0.061837320576231126,0.1399016768798753,0.05741353352488976,0.06264462133931224
140.625,4267.692,4268.718,4148.205,4178.974,4280.513,0.14100691845410437,0.057722930274191724,0.06265432770948128,0.14084175203972676,0.057913776343825385,0.06172235660464665,0.05786929490734923,0.06229079846620402,0.1398160891931726,0.05763056751851842,0.061837320576231126,0.1399016768798753,0.05741353352488976,0.06264462133931224
148.4375,4280.513,4274.359,4161.026,4185.641,4282.564,0.14100691845410437,0.057722930274191724,0.06265432770948128,0.14084175203972676,0.057913776343825385,0.06172235660464665,0.05786929490734923,0.06229079846620402,0.1398160891931726,0.05763056751851842,0.061837320576231126,0.1399016768798753,0.05741353352488976,0.06264462133931224
156.25,4274.872,4260.513,4164.615,4175.897,4272.308,0.14100691845410437,0.057722930274191724,0.06265432770948128,0.14084175203972676,0.057913776343825385,0.06172235660464665,0.05786929490734923,0.06229079846620402,0.1398160891931726,0.05763056751851842,0.061837320576231126,0.1399016768798753,0.05741353352488976,0.06264462133931224
164.0625,4244.615,4262.564,4162.051,4150.769,4258.974,0.14100691845410437,0.057722930274191724,0.06265432770948128,0.14084175203972676,0.057913776343825385,0.06172235660464665,0.05786929490734923,0.06229079846620402,0.1398160891931726,0.05763056751851842,0.061837320576231126,0.1399016768798753,0.05741353352488976,0.06264462133931224
171.875,4240.513,4298.974,4165.641,4158.974,4259.487,0.14100691845410437,0.057722930274191724,0.06265432770948128,0.14084175203972676,0.057913776343825385,0.06172235660464665,0.05786929490734923,0.06229079846620402,0.1398160891931726,0.05763056751851842,0.061837320576231126,0.1399016768798753,0.05741353352488976,0.06264462133931224
179.6875,4266.154,4298.462,4175.385,4184.103,4268.205,0.14100691845410437,0.057722930274191724,0.06265432770948128,0.14084175203972676,0.057913776343825385,0.06172235660464665,0.05786929490734923,0.06229079846620402,0.1398160891931726,0.05763056751851842,0.061837320576231126,0.1399016768798753,0.05741353352488976,0.06264462133931224
187.5,4281.538,4275.385,4188.718,4188.718,4280.513,0.14100691845410437,0.057722930274191724,0.06265432770948128,0.14084175203972676,0.057913776343825385,0.06172235660464665,0.05786929490734923,0.06229079846620402,0.1398160891931726,0.05763056751851842,0.061837320576231126,0.1399016768798753,0.05741353352488976,0.06264462133931224
195.3125,4275.897,4292.821,4182.564,4183.077,4282.051,0.14100691845410437,0.057722930274191724,0.06265432770948128,0.14084175203972676,0.057913776343825385,0.06172235660464665,0.05786929490734923,0.06229079846620402,0.1398160891931726,0.05763056751851842,0.061837320576231126,0.1399016768798753,0.05741353352488976,0.06264462133931224
203.125,4269.231,4292.821,4162.564,4178.974,4269.744,0.14100691845410437,0.057722930274191724,0.06265432770948128,0.14084175203972676,0.057913776343825385,0.06172235660464665,0.05786929490734923,0.06229079846620402,0.1398160891931726,0.05763056751851842,0.061837320576231126,0.1399016768798753,0.05741353352488976,0.06264462133931224
210.9375,4266.154,4268.718,4158.974,4170.256,4263.077,0.14100691845410437,0.057722930274191724,0.06265432770948128,0.14084175203972676,0.057913776343825385,0.06172235660464665,0.05786929490734923,0.06229079846620402,0.1398160891931726,0.05763056751851842,0.061837320576231126,0.1399016768798753,0.05741353352488976,0.06264462133931224
218.75,4258.462,4275.385,4165.128,4161.538,4257.436,0.14100691845410437,0.057722930274191724,0.06265432770948128,0.14084175203972676,0.057913776343825385,0.06172235660464665,0.05786929490734923,0.06229079846620402,0.1398160891931726,0.05763056751851842,0.061837320576231126,0.1399016768798753,0.05741353352488976,0.06264462133931224
226.5625,4253.846,4280.513,4159.487,4158.462,4247.179,0.14100691845410437,0.057722930274191724,0.06265432770948128,0.14084175203972676,0.057913776343825385,0.06172235660464665,0.05786929490734923,0.06229079846620402,0.1398160891931726,0.05763056751851842,0.061837320576231126,0.1399016768798753,0.05741353352488976,0.06264462133931224
234.375,4240.513,4249.231,4140.0,4143.077,4233.333,0.14100691845410437,0.057722930274191724,0.06265432770948128,0.14084175203972676,0.057913776343825385,0.06172235660464665,0.05786929490734923,0.06229079846620402,0.1398160891931726,0.05763056751851842,0.061837320576231126,0.1399016768798753,0.05741353352488976,0.06264462133931224
242.1875,4225.128,4241.026,4132.821,4129.744,4217.436,0.14100691845410437,0.057722930274191724,0.06265432770948128,0.14084175203972676,0.057913776343825385,0.06172235660464665,0.05786929490734923,0.06229079846620402,0.1398160891931726,0.05763056751851842,0.061837320576231126,0.1399016768798753,0.05741353352488976,0.06264462133931224
250.0,4228.205,4266.154,4143.59,4136.923,4218.462,0.14100691845410437,0.057722930274191724,0.06265432770948128,0.14084175203972676,0.057913776343825385,0.06172235660464665,0.05786929490734923,0.06229079846620402,0.1398160891931726,0.05763056751851842,0.061837320576231126,0.1399016768798753,0.05741353352488976,0.06264462133931224
257.8125,4235.897,4258.462,4143.59,4141.026,4237.436,0.14100691845410437,0.057722930274191724,0.06265432770948128,0.14084175203972676,0.057913776343825385,0.06172235660464665,0.05786929490734923,0.06229079846620402,0.1398160891931726,0.05763056751851842,0.061837320576231126,0.1399016768798753,0.05741353352488976,0.06264462133931224
265.625,4235.385,4242.051,4136.923,4146.154,4252.308,0.14100691845410437,0.057722930274191724,0.06265432770948128,0.14084175203972676,0.057913776343825385,0.06172235660464665,0.05786929490734923,0.06229079846620402,0.1398160891931726,0.05763056751851842,0.061837320576231126,0.1399016768798753,0.05741353352488976,0.06264462133931224
273.4375,4245.641,4254.872,4142.051,4160.0,4259.487,0.14100691845410437,0.057722930274191724,0.06265432770948128,0.14084175203972676,0.057913776343825385,0.06172235660464665,0.05786929490734923,0.06229079846620402,0.1398160891931726,0.05763056751851842,0.061837320576231126,0.1399016768798753,0.05741353352488976,0.06264462133931224
281.25,4258.974,4259.487,4138.462,4160.513,4261.026,0.14100691845410437,0.057722930274191724,0.06265432770948128,0.14084175203972676,0.057913776343825385,0.06172235660464665,0.05786929490734923,0.06229079846620402,0.1398160891931726,0.05763056751851842,0.061837320576231126,0.1399016768798753,0.05741353352488976,0.06264462133931224
289.0625,4242.051,4235.897,4110.256,4134.359,4243.59,0.14100691845410437,0.057722930274191724,0.06265432770948128,0.14084175203972676,0.057913776343825385,0.06172235660464665,0.05786929490734923,0.06229079846620402,0.1398160891931726,0.05763056751851842,0.061837320576231126,0.1399016768798753,0.05741353352488976,0.06264462133931224
296.875,4223.077,4235.897,4105.641,4122.564,4230.769,0.14100691845410437,0.057722930274191724,0.06265432770948128,0.14084175203972676,0.057913776343825385,0.06172235660464665,0.05786929490734923,0.06229079846620402,0.1398160891931726,0.05763056751851842,0.061837320576231126,0.1399016768798753,0.05741353352488976,0.06264462133931224
304.6875,4238.974,4260.513,4133.846,4144.103,4244.103,0.14100691845410437,0.057722930274191724,0.06265432770948128,0.14084175203972676,0.057913776343825385,0.06172235660464665,0.05786929490734923,0.06229079846620402,0.1398160891931726,0.05763056751851842,0.061837320576231126,0.1399016768798753,0.05741353352488976,0.06264462133931224
312.5,4242.564,4251.795,4143.077,4147.179,4247.179,0.14100691845410437,0.057722930274191724,0.06265432770948128,0.14084175203972676,0.057913776343825385,0.06172235660464665,0.05786929490734923,0.06229079846620402,0.1398160891931726,0.05763056751851842,0.061837320576231126,0.1399016768798753,0.05741353352488976,0.06264462133931224
320.3125,4221.538,4233.846,4134.872,4123.59,4228.205,0.14100691845410437,0.057722930274191724,0.06265432770948128,0.14084175203972676,0.057913776343825385,0.06172235660464665,0.05786929490734923,0.06229079846620402,0.1398160891931726,0.05763056751851842,0.061837320576231126,0.1399016768798753,0.05741353352488976,0.06264462133931224
328.125,4223.077,4248.205,4142.051,4121.538,4217.949,0.14100691845410437,0.057722930274191724,0.06265432770948128,0.14084175203972676,0.057913776343825385,0.06172235660464665,0.05786929490734923,0.06229079846620402,0.1398160891931726,0.05763056751851842,0.061837320576231126,0.1399016768798753,0.05741353352488976,0.06264462133931224
335.9375,4223.59,4236.41,4139.487,4125.128,4206.667,0.14100691845410437,0.057722930274191724,0.06265432770948128,0.14084175203972676,0.057913776343825385,0.06172235660464665,0.05786929490734923,0.06229079846620402,0.1398160891931726,0.05763056751851842,0.061837320576231126,0.1399016768798753,0.05741353352488976,0.06264462133931224
343.75,4196.923,4187.692,4118.462,4104.103,4192.308,0.14100691845410437,0.057722930274191724,0.06265432770948128,0.14084175203972676,0.057913776343825385,0.06172235660464665,0.05786929490734923,0.06229079846620402,0.1398160891931726,0.05763056751851842,0.061837320576231126,0.1399016768798753,0.05741353352488976,0.06264462133931224
351.5625,4197.949,4195.385,4119.487,4104.615,4208.718,0.14100691845410437,0.057722930274191724,0.06265432770948128,0.14084175203972676,0.057913776343825385,0.06172235660464665,0.05786929490734923,0.06229079846620402,0.1398160891931726,0.05763056751851842,0.061837320576231126,0.1399016768798753,0.05741353352488976,0.06264462133931224
359.375,4226.667,4252.821,4131.795,4125.128,4231.282,0.14100691845410437,0.057722930274191724,0.06265432770948128,0.14084175203972676,0.057913776343825385,0.06172235660464665,0.05786929490734923,0.06229079846620402,0.1398160891931726,0.05763056751851842,0.061837320576231126,0.1399016768798753,0.05741353352488976,0.06264462133931224
367.1875,4231.795,4270.769,4129.744,4122.051,4231.282,0.14100691845410437,0.057722930274191724,0.06265432770948128,0.14084175203972676,0.057913776343825385,0.06172235660464665,0.05786929490734923,0.06229079846620402,0.1398160891931726,0.05763056751851842,0.061837320576231126,0.1399016768798753,0.05741353352488976,0.06264462133931224
375.0,4230.256,4254.872,4124.103,4121.026,4227.179,0.14100691845410437,0.057722930274191724,0.06265432770948128,0.14084175203972676,0.057913776343825385,0.06172235660464665,0.05786929490734923,0.06229079846620402,0.1398160891931726,0.05763056751851842,0.061837320576231126,0.1399016768798753,0.05741353352488976,0.06264462133931224
382.8125,4240.513,4257.949,4123.077,4134.359,4229.744,0.14100691845410437,0.057722930274191724,0.06265432770948128,0.14084175203972676,0.057913776343825385,0.06172235660464665,0.05786929490734923,0.06229079846620402,0.1398160891931726,0.05763056751851842,0.061837320576231126,0.1399016768798753,0.05741353352488976,0.06264462133931224
390.625,4252.308,4254.359,4122.564,4147.179,4242.051,0.14100691845410437,0.057722930274191724,0.06265432770948128,0.14084175203972676,0.057913776343825385,0.06172235660464665,0.05786929490734923,0.06229079846620402,0.1398160891931726,0.05763056751851842,0.061837320576231126,0.1399016768798753,0.05741353352488976,0.06264462133931224
398.4375,4264.103,4241.538,4124.103,4155.897,4255.385,0.14100691845410437,0.057722930274191724,0.06265432770948128,0.14084175203972676,0.057913776343825385,0.06172235660464665,0.05786929490734923,0.06229079846620402,0.1398160891931726,0.05763056751851842,0.061837320576231126,0.1399016768798753,0.05741353352488976,0.06264462133931224
406.25,4266.667,4265.641,4126.667,4155.385,4253.846,0.14100691845410437,0.057722930274191724,0.06265432770948128,0.14084175203972676,0.057913776343825385,0.06172235660464665,0.05786929490734923,0.06229079846620402,0.1398160891931726,0.05763056751851842,0.061837320576231126,0.1399016768798753,0.05741353352488976,0.06264462133931224
414.0625,4264.615,4276.923,4133.846,4154.872,4255.385,0.14100691845410437,0.057722930274191724,0.06265432770948128,0.14084175203972676,0.057913776343825385,0.06172235660464665,0.05786929490734923,0.06229079846620402,0.1398160891931726,0.05763056751851842,0.061837320576231126,0.1399016768798753,0.05741353352488976,0.06264462133931224
421.875,4269.744,4239.487,4150.256,4166.667,4262.051,0.14100691845410437,0.057722930274191724,0.06265432770948128,0.14084175203972676,0.057913776343825385,0.06172235660464665,0.05786929490734923,0.06229079846620402,0.1398160891931726,0.05763056751851842,0.061837320576231126,0.1399016768798753,0.05741353352488976,0.06264462133931224
429.6875,4263.59,4231.795,4153.846,4162.051,4246.154,0.14100691845410437,0.057722930274191724,0.06265432770948128,0.14084175203972676,0.057913776343825385,0.06172235660464665,0.05786929490734923,0.06229079846620402,0.1398160891931726,0.05763056751851842,0.061837320576231126,0.1399016768798753,0.05741353352488976,0.06264462133931224
437.5,4253.333,4271.282,4152.308,4149.231,4239.487,0.14100691845410437,0.057722930274191724,0.06265432770948128,0.14084175203972676,0.057913776343825385,0.06172235660464665,0.05786929490734923,0.06229079846620402,0.1398160891931726,0.05763056751851842,0.061837320576231126,0.1399016768798753,0.05741353352488976,0.06264462133931224
445.3125,4253.333,4267.179,4161.026,4161.538,4257.436,0.14100691845410437,0.057722930274191724,0.06265432770948128,0.14084175203972676,0.057913776343825385,0.06172235660464665,0.05786929490734923,0.06229079846620402,0.1398160891931726,0.05763056751851842,0.061837320576231126,0.1399016768798753,0.05741353352488976,0.06264462133931224
453.125,4244.103,4229.231,4151.795,4161.026,4240.0,0.14100691845410437,0.057722930274191724,0.06265432770948128,0.14084175203972676,0.057913776343825385,0.06172235660464665,0.05786929490734923,0.06229079846620402,0.1398160891931726,0.05763056751851842,0.061837320576231126,0.1399016768798753,0.05741353352488976,0.06264462133931224
460.9375,4226.154,4232.308,4126.667,4133.333,4204.615,0.14100691845410437,0.057722930274191724,0.06265432770948128,0.14084175203972676,0.057913776343825385,0.06172235660464665,0.05786929490734923,0.06229079846620402,0.1398160891931726,0.05763056751851842,0.061837320576231126,0.1399016768798753,0.05741353352488976,0.06264462133931224
468.75,4225.641,4244.615,4128.718,4132.821,4213.333,0.14100691845410437,0.057722930274191724,0.06265432770948128,0.14084175203972676,0.057913776343825385,0.06172235660464665,0.05786929490734923,0.06229079846620402,0.1398160891931726,0.05763056751851842,0.061837320576231126,0.1399016768798753,0.05741353352488976,0.06264462133931224
476.5625,4234.359,4237.949,4137.436,4149.744,4226.154,0.14100691845410437,0.057722930274191724,0.06265432770948128,0.14084175203972676,0.057913776343825385,0.06172235660464665,0.05786929490734923,0.06229079846620402,0.1398160891931726,0.05763056751851842,0.061837320576231126,0.1399016768798753,0.05741353352488976,0.06264462133931224
484.375,4229.231,4239.487,4116.41,4134.872,4212.821,0.14100691845410437,0.057722930274191724,0.06265432770948128,0.14084175203972676,0.057913776343825385,0.06172235660464665,0.05786929490734923,0.06229079846620402,0.1398160891931726,0.05763056751851842,0.061837320576231126,0.1399016768798753,0.05741353352488976,0.06264462133931224
492.1875,4220.0,4245.128,4097.436,4118.974,4214.359,0.14100691845410437,0.057722930274191724,0.06265432770948128,0.14084175203972676,0.057913776343825385,0.06172235660464665,0.05786929490734923,0.06229079846620402,0.1398160891931726,0.05763056751851842,0.061837320576231126,0.1399016768798753,0.05741353352488976,0.06264462133931224
500.0,4227.179,4240.513,4109.744,4137.436,4227.179,0.14100691845410437,0.057722930274191724,0.06265432770948128,0.14084175203972676,0.057913776343825385,0.06172235660464665,0.05786929490734923,0.06229079846620402,0.1398160891931726,0.05763056751851842,0.061837320576231126,0.1399016768798753,0.05741353352488976,0.06264462133931224
507.8125,4226.667,4227.179,4113.846,4145.128,4218.462,0.14100691845410437,0.057722930274191724,0.06265432770948128,0.14084175203972676,0.057913776343825385,0.06172235660464665,0.05786929490734923,0.06229079846620402,0.1398160891931726,0.05763056751851842,0.061837320576231126,0.1399016768798753,0.05741353352488976,0.06264462133931224
515.625,4214.359,4212.821,4107.692,4131.795,4212.821,0.14100691845410437,0.057722930274191724,0.06265432770948128,0.14084175203972676,0.057913776343825385,0.06172235660464665,0.05786929490734923,0.06229079846620402,0.1398160891931726,0.05763056751851842,0.061837320576231126,0.1399016768798753,0.05741353352488976,0.06264462133931224
523.4375,4226.667,4223.077,4125.641,4137.436,4227.692,0.14100691845410437,0.057722930274191724,0.06265432770948128,0.14084175203972676,0.057913776343825385,0.06172235660464665,0.05786929490734923,0.06229079846620402,0.1398160891931726,0.05763056751851842,0.061837320576231126,0.1399016768798753,0.05741353352488976,0.06264462133931224
531.25,4251.282,4243.59,4142.051,4149.744,4240.0,0.14100691845410437,0.057722930274191724,0.06265432770948128,0.14084175203972676,0.057913776343825385,0.06172235660464665,0.05786929490734923,0.06229079846620402,0.1398160891931726,0.05763056751851842,0.061837320576231126,0.1399016768798753,0.05741353352488976,0.06264462133931224
539.0625,4255.385,4245.128,4142.051,4144.103,4248.718,0.14100691845410437,0.057722930274191724,0.06265432770948128,0.14084175203972676,0.057913776343825385,0.06172235660464665,0.05786929490734923,0.06229079846620402,0.1398160891931726,0.05763056751851842,0.061837320576231126,0.1399016768798753,0.05741353352488976,0.06264462133931224
546.875,4257.436,4249.744,4156.41,4146.667,4261.538,0.14100691845410437,0.057722930274191724,0.06265432770948128,0.14084175203972676,0.057913776343825385,0.06172235660464665,0.05786929490734923,0.06229079846620402,0.1398160891931726,0.05763056751851842,0.061837320576231126,0.1399016768798753,0.05741353352488976,0.06264462133931224
554.6875,4258.974,4247.179,4164.103,4153.846,4254.872,0.14100691845410437,0.057722930274191724,0.06265432770948128,0.14084175203972676,0.057913776343825385,0.06172235660464665,0.05786929490734923,0.06229079846620402,0.1398160891931726,0.05763056751851842,0.061837320576231126,0.1399016768798753,0.05741353352488976,0.06264462133931224
562.5,4250.256,4237.949,4155.897,4152.308,4241.538,0.14100691845410437,0.057722930274191724,0.06265432770948128,0.14084175203972676,0.057913776343825385,0.06172235660464665,0.05786929490734923,0.06229079846620402,0.1398160891931726,0.05763056751851842,0.061837320576231126,0.1399016768798753,0.05741353352488976,0.06264462133931224
570.3125,4245.641,4265.128,4156.923,4156.923,4240.0,0.14100691845410437,0.057722930274191724,0.06265432770948128,0.14084175203972676,0.057913776343825385,0.06172235660464665,0.05786929490734923,0.06229079846620402,0.1398160891931726,0.05763056751851842,0.061837320576231126,0.1399016768798753,0.05741353352488976,0.06264462133931224
578.125,4244.103,4279.487,4154.872,4158.462,4237.949,0.14100691845410437,0.057722930274191724,0.06265432770948128,0.14084175203972676,0.057913776343825385,0.06172235660464665,0.05786929490734923,0.06229079846620402,0.1398160891931726,0.05763056751851842,0.061837320576231126,0.1399016768798753,0.05741353352488976,0.06264462133931224
585.9375,4255.897,4256.41,4154.872,4163.077,4254.872,0.14100691845410437,0.057722930274191724,0.06265432770948128,0.14084175203972676,0.057913776343825385,0.06172235660464665,0.05786929490734923,0.06229079846620402,0.1398160891931726,0.05763056751851842,0.061837320576231126,0.1399016768798753,0.05741353352488976,0.06264462133931224
593.75,4275.385,4266.667,4166.154,4178.974,4276.41,0.14100691845410437,0.057722930274191724,0.06265432770948128,0.14084175203972676,0.057913776343825385,0.06172235660464665,0.05786929490734923,0.06229079846620402,0.1398160891931726,0.05763056751851842,0.061837320576231126,0.1399016768798753,0.05741353352488976,0.06264462133931224
601.5625,4272.821,4301.538,4164.103,4178.974,4264.615,0.14100691845410437,0.057722930274191724,0.06265432770948128,0.14084175203972676,0.057913776343825385,0.06172235660464665,0.05786929490734923,0.06229079846620402,0.1398160891931726,0.05763056751851842,0.061837320576231126,0.1399016768798753,0.05741353352488976,0.06264462133931224
609.375,4270.256,4290.769,4159.487,4165.641,4255.385,0.14100691845410437,0.057722930274191724,0.06265432770948128,0.14084175203972676,0.057913776343825385,0.06172235660464665,0.05786929490734923,0.06229079846620402,0.1398160891931726,0.05763056751851842,0.061837320576231126,0.1399016768798753,0.05741353352488976,0.06264462133931224
617.1875,4284.103,4263.59,4166.667,4170.769,4263.59,0.14100691845410437,0.057722930274191724,0.06265432770948128,0.14084175203972676,0.057913776343825385,0.06172235660464665,0.05786929490734923,0.06229079846620402,0.1398160891931726,0.05763056751851842,0.061837320576231126,0.1399016768798753,0.05741353352488976,0.06264462133931224
625.0,4281.538,4269.744,4162.051,4178.974,4252.308,0.14100691845410437,0.057722930274191724,0.06265432770948128,0.14084175203972676,0.057913776343825385,0.06172235660464665,0.05786929490734923,0.06229079846620402,0.1398160891931726,0.05763056751851842,0.061837320576231126,0.1399016768798753,0.05741353352488976,0.06264462133931224
632.8125,4268.718,4272.821,4155.385,4171.282,4245.641,0.14100691845410437,0.057722930274191724,0.06265432770948128,0.14084175203972676,0.057913776343825385,0.06172235660464665,0.05786929490734923,0.06229079846620402,0.1398160891931726,0.05763056751851842,0.061837320576231126,0.1399016768798753,0.05741353352488976,0.06264462133931224
640.625,4268.718,4255.385,4160.513,4163.59,4261.538,0.14100691845410437,0.057722930274191724,0.06265432770948128,0.14084175203972676,0.057913776343825385,0.06172235660464665,0.05786929490734923,0.06229079846620402,0.1398160891931726,0.05763056751851842,0.061837320576231126,0.1399016768798753,0.05741353352488976,0.06264462133931224
648.4375,4268.718,4253.333,4155.385,4158.462,4254.872,0.14100691845410437,0.057722930274191724,0.06265432770948128,0.14084175203972676,0.057913776343825385,0.06172235660464665,0.05786929490734923,0.06229079846620402,0.1398160891931726,0.05763056751851842,0.061837320576231126,0.1399016768798753,0.05741353352488976,0.06264462133931224
656.25,4266.667,4269.231,4143.077,4156.923,4241.538,0.14100691845410437,0.057722930274191724,0.06265432770948128,0.14084175203972676,0.057913776343825385,0.06172235660464665,0.05786929490734923,0.06229079846620402,0.1398160891931726,0.05763056751851842,0.061837320576231126,0.1399016768798753,0.05741353352488976,0.06264462133931224
664.0625,4255.385,4264.615,4131.795,4145.128,4239.487,0.14100691845410437,0.057722930274191724,0.06265432770948128,0.14084175203972676,0.057913776343825385,0.06172235660464665,0.05786929490734923,0.06229079846620402,0.1398160891931726,0.05763056751851842,0.061837320576231126,0.1399016768798753,0.05741353352488976,0.06264462133931224
671.875,4243.077,4233.333,4129.744,4130.769,4231.795,0.14100691845410437,0.057722930274191724,0.06265432770948128,0.14084175203972676,0.057913776343825385,0.06172235660464665,0.05786929490734923,0.06229079846620402,0.1398160891931726,0.05763056751851842,0.061837320576231126,0.1399016768798753,0.05741353352488976,0.06264462133931224
679.6875,4244.615,4221.538,4144.103,4138.974,4227.179,0.14100691845410437,0.057722930274191724,0.06265432770948128,0.14084175203972676,0.057913776343825385,0.06172235660464665,0.05786929490734923,0.06229079846620402,0.1398160891931726,0.05763056751851842,0.061837320576231126,0.1399016768798753,0.05741353352488976,0.06264462133931224
687.5,4232.821,4235.897,4142.051,4140.513,4214.872,0.14100691845410437,0.057722930274191724,0.06265432770948128,0.14084175203972676,0.057913776343825385,0.06172235660464665,0.05786929490734923,0.06229079846620402,0.1398160891931726,0.05763056751851842,0.061837320576231126,0.1399016768798753,0.05741353352488976,0.06264462133931224
695.3125,4215.385,4241.026,4125.641,4126.154,4198.974,0.14100691845410437,0.057722930274191724,0.06265432770948128,0.14084175203972676,0.057913776343825385,0.06172235660464665,0.05786929490734923,0.06229079846620402,0.1398160891931726,0.05763056751851842,0.061837320576231126,0.1399016768798753,0.05741353352488976,0.06264462133931224
703.125,4218.462,4227.692,4129.744,4127.692,4205.641,0.14100691845410437,0.057722930274191724,0.06265432770948128,0.14084175203972676,0.057913776343825385,0.06172235660464665,0.05786929490734923,0.06229079846620402,0.1398160891931726,0.05763056751851842,0.061837320576231126,0.1399016768798753,0.05741353352488976,0.06264462133931224
710.9375,4230.769,4228.205,4137.436,4138.462,4221.538,0.14100691845410437,0.057722930274191724,0.06265432770948128,0.14084175203972676,0.057913776343825385,0.06172235660464665,0.05786929490734923,0.06229079846620402,0.1398160891931726,0.05763056751851842,0.061837320576231126,0.1399016768798753,0.05741353352488976,0.06264462133931224
718.75,4231.795,4243.077,4129.744,4131.282,4220.513,0.14100691845410437,0.057722930274191724,0.06265432770948128,0.14084175203972676,0.057913776343825385,0.06172235660464665,0.05786929490734923,0.06229079846620402,0.1398160891931726,0.05763056751851842,0.061837320576231126,0.1399016768798753,0.05741353352488976,0.06264462133931224
726.5625,4226.667,4243.59,4125.641,4119.487,4210.769,0.14100691845410437,0.057722930274191724,0.06265432770948128,0.14084175203972676,0.057913776343825385,0.06172235660464665,0.05786929490734923,0.06229079846620402,0.1398160891931726,0.05763056751851842,0.061837320576231126,0.1399016768798753,0.05741353352488976,0.06264462133931224
734.375,4228.718,4247.692,4131.795,4124.103,4211.795,0.14100691845410437,0.057722930274191724,0.06265432770948128,0.14084175203972676,0.057913776343825385,0.06172235660464665,0.05786929490734923,0.06229079846620402,0.1398160891931726,0.05763056751851842,0.061837320576231126,0.1399016768798753,0.05741353352488976,0.06264462133931224
742.1875,4231.795,4264.103,4131.282,4130.769,4210.769,0.14100691845410437,0.057722930274191724,0.06265432770948128,0.14084175203972676,0.057913776343825385,0.06172235660464665,0.05786929490734923,0.06229079846620402,0.1398160891931726,0.05763056751851842,0.061837320576231126,0.1399016768798753,0.05741353352488976,0.06264462133931224
750.0,4221.026,4237.436,4113.333,4127.179,4191.795,0.14100691845410437,0.057722930274191724,0.06265432770948128,0.14084175203972676,0.057913776343825385,0.06172235660464665,0.05786929490734923,0.06229079846620402,0.1398160891931726,0.05763056751851842,0.061837320576231126,0.1399016768798753,0.05741353352488976,0.06264462133931224
757.8125,4209.744,4184.103,4091.795,4119.487,4180.0,0.14100691845410437,0.057722930274191724,0.06265432770948128,0.14084175203972676,0.057913776343825385,0.06172235660464665,0.05786929490734923,0.06229079846620402,0.1398160891931726,0.05763056751851842,0.061837320576231126,0.1399016768798753,0.05741353352488976,0.06264462133931224
765.625,4202.564,4204.103,4086.154,4112.308,4191.282,0.14100691845410437,0.057722930274191724,0.06265432770948128,0.14084175203972676,0.057913776343825385,0.06172235660464665,0.05786929490734923,0.06229079846620402,0.1398160891931726,0.05763056751851842,0.061837320576231126,0.1399016768798753,0.05741353352488976,0.06264462133931224
773.4375,4188.718,4239.487,4089.231,4102.051,4196.41,0.14100691845410437,0.057722930274191724,0.06265432770948128,0.14084175203972676,0.057913776343825385,0.06172235660464665,0.05786929490734923,0.06229079846620402,0.1398160891931726,0.05763056751851842,0.061837320576231126,0.1399016768798753,0.05741353352488976,0.06264462133931224
781.25,4200.0,4207.692,4103.077,4105.641,4201.026,0.14100691845410437,0.057722930274191724,0.06265432770948128,0.14084175203972676,0.057913776343825385,0.06172235660464665,0.05786929490734923,0.06229079846620402,0.1398160891931726,0.05763056751851842,0.061837320576231126,0.1399016768798753,0.05741353352488976,0.06264462133931224
789.0625,4235.385,4210.256,4133.333,4135.897,4228.205,0.14100691845410437,0.057722930274191724,0.06265432770948128,0.14084175203972676,0.057913776343825385,0.06172235660464665,0.05786929490734923,0.06229079846620402,0.1398160891931726,0.05763056751851842,0.061837320576231126,0.1399016768798753,0.05741353352488976,0.06264462133931224
796.875,4232.821,4246.154,4136.41,4147.692,4223.59,0.14100691845410437,0.057722930274191724,0.06265432770948128,0.14084175203972676,0.057913776343825385,0.06172235660464665,0.05786929490734923,0.06229079846620402,0.1398160891931726,0.05763056751851842,0.061837320576231126,0.1399016768798753,0.05741353352488976,0.06264462133931224
804.6875,4210.769,4226.154,4108.718,4130.256,4185.641,0.14100691845410437,0.057722930274191724,0.06265432770948128,0.14084175203972676,0.057913776343825385,0.06172235660464665,0.05786929490734923,0.06229079846620402,0.1398160891931726,0.05763056751851842,0.061837320576231126,0.1399016768798753,0.05741353352488976,0.06264462133931224
812.5,4226.154,4228.718,4107.692,4137.436,4195.897,0.14100691845410437,0.057722930274191724,0.06265432770948128,0.14084175203972676,0.057913776343825385,0.06172235660464665,0.05786929490734923,0.06229079846620402,0.1398160891931726,0.05763056751851842,0.061837320576231126,0.1399016768798753,0.05741353352488976,0.06264462133931224
820.3125,4253.333,4274.872,4134.359,4171.282,4240.513,0.14100691845410437,0.057722930274191724,0.06265432770948128,0.14084175203972676,0.057913776343825385,0.06172235660464665,0.05786929490734923,0.06229079846620402,0.1398160891931726,0.05763056751851842,0.061837320576231126,0.1399016768798753,0.05741353352488976,0.06264462133931224
828.125,4248.205,4262.051,4135.385,4174.872,4241.538,0.14100691845410437,0.057722930274191724,0.06265432770948128,0.14084175203972676,0.057913776343825385,0.06172235660464665,0.05786929490734923,0.06229079846620402,0.1398160891931726,0.05763056751851842,0.061837320576231126,0.1399016768798753,0.05741353352488976,0.06264462133931224
835.9375,4236.41,4227.179,4126.154,4157.949,4226.154,0.14100691845410437,0.057722930274191724,0.06265432770948128,0.14084175203972676,0.057913776343825385,0.06172235660464665,0.05786929490734923,0.06229079846620402,0.1398160891931726,0.05763056751851842,0.061837320576231126,0.1399016768798753,0.05741353352488976,0.06264462133931224
843.75,4251.795,4246.154,4146.154,4169.231,4237.949,0.14100691845410437,0.057722930274191724,0.06265432770948128,0.14084175203972676,0.057913776343825385,0.06172235660464665,0.05786929490734923,0.06229079846620402,0.1398160891931726,0.05763056751851842,0.061837320576231126,0.1399016768798753,0.05741353352488976,0.06264462133931224
851.5625,4260.0,4271.282,4154.872,4181.026,4240.0,0.14100691845410437,0.057722930274191724,0.06265432770948128,0.14084175203972676,0.057913776343825385,0.06172235660464665,0.05786929490734923,0.06229079846620402,0.1398160891931726,0.05763056751851842,0.061837320576231126,0.1399016768798753,0.05741353352488976,0.06264462133931224
859.375,4237.949,4255.385,4130.769,4164.103,4220.513,0.14100691845410437,0.057722930274191724,0.06265432770948128,0.14084175203972676,0.057913776343825385,0.06172235660464665,0.05786929490734923,0.06229079846620402,0.1398160891931726,0.05763056751851842,0.061837320576231126,0.1399016768798753,0.05741353352488976,0.06264462133931224
867.1875,4222.051,4230.769,4112.821,4145.641,4209.231,0.14100691845410437,0.057722930274191724,0.06265432770948128,0.14084175203972676,0.057913776343825385,0.06172235660464665,0.05786929490734923,0.06229079846620402,0.1398160891931726,0.05763056751851842,0.061837320576231126,0.1399016768798753,0.05741353352488976,0.06264462133931224
875.0,4220.0,4218.462,4106.667,4133.333,4198.974,0.14100691845410437,0.057722930274191724,0.06265432770948128,0.14084175203972676,0.057913776343825385,0.06172235660464665,0.05786929490734923,0.06229079846620402,0.1398160891931726,0.05763056751851842,0.061837320576231126,0.1399016768798753,0.05741353352488976,0.06264462133931224
882.8125,4208.718,4210.769,4094.359,4122.051,4189.744,0.14100691845410437,0.057722930274191724,0.06265432770948128,0.14084175203972676,0.057913776343825385,0.06172235660464665,0.05786929490734923,0.06229079846620402,0.1398160891931726,0.05763056751851842,0.061837320576231126,0.1399016768798753,0.05741353352488976,0.06264462133931224
890.625,4206.667,4208.718,4090.256,4126.154,4195.385,0.14100691845410437,0.057722930274191724,0.06265432770948128,0.14084175203972676,0.057913776343825385,0.06172235660464665,0.05786929490734923,0.06229079846620402,0.1398160891931726,0.05763056751851842,0.061837320576231126,0.1399016768798753,0.05741353352488976,0.06264462133931224
898.4375,4223.59,4222.051,4102.051,4139.487,4198.974,0.14100691845410437,0.057722930274191724,0.06265432770948128,0.14084175203972676,0.057913776343825385,0.06172235660464665,0.05786929490734923,0.06229079846620402,0.1398160891931726,0.05763056751851842,0.061837320576231126,0.1399016768798753,0.05741353352488976,0.06264462133931224
906.25,4234.872,4242.051,4118.974,4146.154,4203.59,0.14100691845410437,0.057722930274191724,0.06265432770948128,0.14084175203972676,0.057913776343825385,0.06172235660464665,0.05786929490734923,0.06229079846620402,0.1398160891931726,0.05763056751851842,0.061837320576231126,0.1399016768798753,0.05741353352488976,0.06264462133931224
914.0625,4240.0,4247.692,4137.436,4157.949,4217.949,0.14100691845410437,0.057722930274191724,0.06265432770948128,0.14084175203972676,0.057913776343825385,0.06172235660464665,0.05786929490734923,0.06229079846620402,0.1398160891931726,0.05763056751851842,0.061837320576231126,0.1399016768798753,0.05741353352488976,0.06264462133931224
921.875,4245.128,4235.385,4148.205,4169.231,4223.59,0.14100691845410437,0.057722930274191724,0.06265432770948128,0.14084175203972676,0.057913776343825385,0.06172235660464665,0.05786929490734923,0.06229079846620402,0.1398160891931726,0.05763056751851842,0.061837320576231126,0.1399016768798753,0.05741353352488976,0.06264462133931224
929.6875,4245.128,4229.744,4145.128,4169.231,4222.051,0.14100691845410437,0.057722930274191724,0.06265432770948128,0.14084175203972676,0.057913776343825385,0.06172235660464665,0.05786929490734923,0.06229079846620402,0.1398160891931726,0.05763056751851842,0.061837320576231126,0.1399016768798753,0.05741353352488976,0.06264462133931224
937.5,4242.564,4249.744,4137.436,4165.641,4220.0,0.14100691845410437,0.057722930274191724,0.06265432770948128,0.14084175203972676,0.057913776343825385,0.06172235660464665,0.05786929490734923,0.06229079846620402,0.1398160891931726,0.05763056751851842,0.061837320576231126,0.1399016768798753,0.05741353352488976,0.06264462133931224
945.3125,4253.846,4262.051,4137.949,4173.333,4222.051,0.14100691845410437,0.057722930274191724,0.06265432770948128,0.14084175203972676,0.057913776343825385,0.06172235660464665,0.05786929490734923,0.06229079846620402,0.1398160891931726,0.05763056751851842,0.061837320576231126,0.1399016768798753,0.05741353352488976,0.06264462133931224
953.125,4270.769,4229.744,4141.026,4182.051,4232.308,0.14100691845410437,0.057722930274191724,0.06265432770948128,0.14084175203972676,0.057913776343825385,0.06172235660464665,0.05786929490734923,0.06229079846620402,0.1398160891931726,0.05763056751851842,0.061837320576231126,0.1399016768798753,0.05741353352488976,0.06264462133931224
960.9375,4266.154,4212.308,4141.026,4178.462,4233.333,0.14100691845410437,0.057722930274191724,0.06265432770948128,0.14084175203972676,0.057913776343825385,0.06172235660464665,0.05786929490734923,0.06229079846620402,0.1398160891931726,0.05763056751851842,0.061837320576231126,0.1399016768798753,0.05741353352488976,0.06264462133931224
968.75,4240.0,4230.769,4133.846,4168.205,4206.154,0.14100691845410437,0.057722930274191724,0.06265432770948128,0.14084175203972676,0.057913776343825385,0.06172235660464665,0.05786929490734923,0.06229079846620402,0.1398160891931726,0.05763056751851842,0.061837320576231126,0.1399016768798753,0.05741353352488976,0.06264462133931224
976.5625,4226.667,4231.795,4126.154,4157.949,4184.103,0.14100691845410437,0.057722930274191724,0.06265432770948128,0.14084175203972676,0.057913776343825385,0.06172235660464665,0.05786929490734923,0.06229079846620402,0.1398160891931726,0.05763056751851842,0.061837320576231126,0.1399016768798753,0.05741353352488976,0.06264462133931224
984.375,4246.154,4229.744,4138.462,4156.923,4205.641,0.14100691845410437,0.057722930274191724,0.06265432770948128,0.14084175203972676,0.057913776343825385,0.06172235660464665,0.05786929490734923,0.06229079846620402,0.1398160891931726,0.05763056751851842,0.061837320576231126,0.1399016768798753,0.05741353352488976,0.06264462133931224
992.1875,4271.282,4248.718,4153.333,4165.641,4237.436,0.14100691845410437,0.057722930274191724,0.06265432770948128,0.14084175203972676,0.057913776343825385,0.06172235660464665,0.05786929490734923,0.06229079846620402,0.1398160891931726,0.05763056751851842,0.061837320576231126,0.1399016768798753,0.05741353352488976,0.06264462133931224
1000.0,4280.0,4256.923,4141.026,4170.769,4232.821,0.14100691845410437,0.057722930274191724,0.06265432770948128,0.14084175203972676,0.057913776343825385,0.06172235660464665,0.05786929490734923,0.06229079846620402,0.1398160891931726,0.05763056751851842,0.061837320576231126,0.1399016768798753,0.05741353352488976,0.06264462133931224
1007.8125,4273.333,4244.615,4113.333,4162.564,4213.333,0.14100691845410437,0.057722930274191724,0.06265432770948128,0.14084175203972676,0.057913776343825385,0.06172235660464665,0.05786929490734923,0.06229079846620402,0.1398160891931726,0.05763056751851842,0.061837320576231126,0.1399016768798753,0.05741353352488976,0.06264462133931224
1015.625,4262.564,4233.846,4105.641,4153.333,4214.359,0.14100691845410437,0.057722930274191724,0.06265432770948128,0.14084175203972676,0.057913776343825385,0.06172235660464665,0.05786929490734923,0.06229079846620402,0.1398160891931726,0.05763056751851842,0.061837320576231126,0.1399016768798753,0.05741353352488976,0.06264462133931224
1023.4375,4260.513,4226.154,4130.769,4156.923,4228.718,0.14100691845410437,0.057722930274191724,0.06265432770948128,0.14084175203972676,0.057913776343825385,0.06172235660464665,0.05786929490734923,0.06229079846620402,0.1398160891931726,0.05763056751851842,0.061837320576231126,0.1399016768798753,0.05741353352488976,0.06264462133931224
1031.25,4264.615,4234.872,4154.359,4159.487,4227.179,0.14100691845410437,0.057722930274191724,0.06265432770948128,0.14084175203972676,0.057913776343825385,0.06172235660464665,0.05786929490734923,0.06229079846620402,0.1398160891931726,0.05763056751851842,0.061837320576231126,0.1399016768798753,0.05741353352488976,0.06264462133931224
1039.0625,4256.923,4213.333,4138.974,4145.128,4205.128,0.14100691845410437,0.057722930274191724,0.06265432770948128,0.14084175203972676,0.057913776343825385,0.06172235660464665,0.05786929490734923,0.06229079846620402,0.1398160891931726,0.05763056751851842,0.061837320576231126,0.1399016768798753,0.05741353352488976,0.06264462133931224
1046.875,4246.667,4170.769,4114.359,4135.385,4192.821,0.14100691845410437,0.057722930274191724,0.06265432770948128,0.14084175203972676,0.057913776343825385,0.06172235660464665,0.05786929490734923,0.06229079846620402,0.1398160891931726,0.05763056751851842,0.061837320576231126,0.1399016768798753,0.05741353352488976,0.06264462133931224
1054.6875,4265.128,4217.436,4124.615,4152.821,4208.718,0.14100691845410437,0.057722930274191724,0.06265432770948128,0.14084175203972676,0.057913776343825385,0.06172235660464665,0.05786929490734923,0.06229079846620402,0.1398160891931726,0.05763056751851842,0.061837320576231126,0.1399016768798753,0.05741353352488976,0.06264462133931224
1062.5,4291.282,4275.897,4142.564,4162.564,4233.333,0.14100691845410437,0.057722930274191724,0.06265432770948128,0.14084175203972676,0.057913776343825385,0.06172235660464665,0.05786929490734923,0.06229079846620402,0.1398160891931726,0.05763056751851842,0.061837320576231126,0.1399016768798753,0.05741353352488976,0.06264462133931224
1070.3125,4291.282,4255.897,4141.026,4153.846,4239.487,0.14100691845410437,0.057722930274191724,0.06265432770948128,0.14084175203972676,0.057913776343825385,0.06172235660464665,0.05786929490734923,0.06229079846620402,0.1398160891931726,0.05763056751851842,0.061837320576231126,0.1399016768798753,0.05741353352488976,0.06264462133931224
1078.125,4280.0,4238.974,4135.385,4151.795,4222.564,0.14100691845410437,0.057722930274191724,0.06265432770948128,0.14084175203972676,0.057913776343825385,0.06172235660464665,0.05786929490734923,0.06229079846620402,0.1398160891931726,0.05763056751851842,0.061837320576231126,0.1399016768798753,0.05741353352488976,0.06264462133931224
1085.9375,4269.744,4227.179,4130.769,4146.667,4201.026,0.14100691845410437,0.057722930274191724,0.06265432770948128,0.14084175203972676,0.057913776343825385,0.06172235660464665,0.05786929490734923,0.06229079846620402,0.1398160891931726,0.05763056751851842,0.061837320576231126,0.1399016768798753,0.05741353352488976,0.06264462133931224
1093.75,4266.667,4208.205,4129.231,4143.59,4201.538,0.14100691845410437,0.057722930274191724,0.06265432770948128,0.14084175203972676,0.057913776343825385,0.06172235660464665,0.05786929490734923,0.06229079846620402,0.1398160891931726,0.05763056751851842,0.061837320576231126,0.1399016768798753,0.05741353352488976,0.06264462133931224
1101.5625,4278.974,4247.692,4136.41,4162.564,4218.974,0.14100691845410437,0.057722930274191724,0.06265432770948128,0.14084175203972676,0.057913776343825385,0.06172235660464665,0.05786929490734923,0.06229079846620402,0.1398160891931726,0.05763056751851842,0.061837320576231126,0.1399016768798753,0.05741353352488976,0.06264462133931224
1109.375,4280.0,4270.256,4135.385,4170.256,4218.974,0.14100691845410437,0.057722930274191724,0.06265432770948128,0.14084175203972676,0.057913776343825385,0.06172235660464665,0.05786929490734923,0.06229079846620402,0.1398160891931726,0.05763056751851842,0.061837320576231126,0.1399016768798753,0.05741353352488976,0.06264462133931224
1117.1875,4267.179,4220.513,4132.308,4154.359,4211.282,0.14100691845410437,0.057722930274191724,0.06265432770948128,0.14084175203972676,0.057913776343825385,0.06172235660464665,0.05786929490734923,0.06229079846620402,0.1398160891931726,0.05763056751851842,0.061837320576231126,0.1399016768798753,0.05741353352488976,0.06264462133931224
1125.0,4279.487,4211.795,4144.103,4159.487,4229.231,0.14100691845410437,0.057722930274191724,0.06265432770948128,0.14084175203972676,0.057913776343825385,0.06172235660464665,0.05786929490734923,0.06229079846620402,0.1398160891931726,0.05763056751851842,0.061837320576231126,0.1399016768798753,0.05741353352488976,0.06264462133931224
1132.8125,4296.41,4242.051,4148.718,4175.897,4241.026,0.14100691845410437,0.057722930274191724,0.06265432770948128,0.14084175203972676,0.057913776343825385,0.06172235660464665,0.05786929490734923,0.06229079846620402,0.1398160891931726,0.05763056751851842,0.061837320576231126,0.1399016768798753,0.05741353352488976,0.06264462133931224
1140.625,4283.59,4251.795,4136.923,4165.641,4221.538,0.14100691845410437,0.057722930274191724,0.06265432770948128,0.14084175203972676,0.057913776343825385,0.06172235660464665,0.05786929490734923,0.06229079846620402,0.1398160891931726,0.05763056751851842,0.061837320576231126,0.1399016768798753,0.05741353352488976,0.06264462133931224
1148.4375,4267.692,4253.333,4127.179,4146.667,4208.205,0.14100691845410437,0.057722930274191724,0.06265432770948128,0.14084175203972676,0.057913776343825385,0.06172235660464665,0.05786929490734923,0.06229079846620402,0.1398160891931726,0.05763056751851842,0.061837320576231126,0.1399016768798753,0.05741353352488976,0.06264462133931224
1156.25,4270.256,4245.128,4121.026,4149.744,4217.949,0.14100691845410437,0.057722930274191724,0.06265432770948128,0.14084175203972676,0.057913776343825385,0.06172235660464665,0.05786929490734923,0.06229079846620402,0.1398160891931726,0.05763056751851842,0.061837320576231126,0.1399016768798753,0.05741353352488976,0.06264462133931224
1164.0625,4271.282,4234.872,4117.949,4159.487,4221.026,0.14100691845410437,0.057722930274191724,0.06265432770948128,0.14084175203972676,0.057913776343825385,0.06172235660464665,0.05786929490734923,0.06229079846620402,0.1398160891931726,0.05763056751851842,0.061837320576231126,0.1399016768798753,0.05741353352488976,0.06264462133931224
1171.875,4267.179,4226.667,4124.103,4157.949,4215.897,0.14100691845410437,0.057722930274191724,0.06265432770948128,0.14084175203972676,0.057913776343825385,0.06172235660464665,0.05786929490734923,0.06229079846620402,0.1398160891931726,0.05763056751851842,0.061837320576231126,0.1399016768798753,0.05741353352488976,0.06264462133931224
1179.6875,4267.692,4224.103,4141.026,4166.667,4220.513,0.14100691845410437,0.057722930274191724,0.06265432770948128,0.14084175203972676,0.057913776343825385,0.06172235660464665,0.05786929490734923,0.06229079846620402,0.1398160891931726,0.05763056751851842,0.061837320576231126,0.1399016768798753,0.05741353352488976,0.06264462133931224
1187.5,4262.564,4236.923,4149.231,4169.231,4224.615,0.14100691845410437,0.057722930274191724,0.06265432770948128,0.14084175203972676,0.057913776343825385,0.06172235660464665,0.05786929490734923,0.06229079846620402,0.1398160891931726,0.05763056751851842,0.061837320576231126,0.1399016768798753,0.05741353352488976,0.06264462133931224
1195.3125,4245.128,4229.231,4134.359,4142.051,4209.744,0.14100691845410437,0.057722930274191724,0.06265432770948128,0.14084175203972676,0.057913776343825385,0.06172235660464665,0.05786929490734923,0.06229079846620402,0.1398160891931726,0.05763056751851842,0.061837320576231126,0.1399016768798753,0.05741353352488976,0.06264462133931224
1203.125,4237.949,4215.897,4119.487,4124.615,4185.641,0.14100691845410437,0.057722930274191724,0.06265432770948128,0.14084175203972676,0.057913776343825385,0.06172235660464665,0.05786929490734923,0.06229079846620402,0.1398160891931726,0.05763056751851842,0.061837320576231126,0.1399016768798753,0.05741353352488976,0.06264462133931224
1210.9375,4236.41,4228.205,4115.385,4125.128,4169.744,0.14100691845410437,0.057722930274191724,0.06265432770948128,0.14084175203972676,0.057913776343825385,0.06172235660464665,0.05786929490734923,0.06229079846620402,0.1398160891931726,0.05763056751851842,0.061837320576231126,0.1399016768798753,0.05741353352488976,0.06264462133931224
1218.75,4230.256,4230.256,4115.385,4117.436,4176.41,0.14100691845410437,0.057722930274191724,0.06265432770948128,0.14084175203972676,0.057913776343825385,0.06172235660464665,0.05786929490734923,0.06229079846620402,0.1398160891931726,0.05763056751851842,0.061837320576231126,0.1399016768798753,0.05741353352488976,0.06264462133931224
1226.5625,4248.718,4226.154,4142.051,4142.564,4213.846,0.14100691845410437,0.057722930274191724,0.06265432770948128,0.14084175203972676,0.057913776343825385,0.06172235660464665,0.05786929490734923,0.06229079846620402,0.1398160891931726,0.05763056751851842,0.061837320576231126,0.1399016768798753,0.05741353352488976,0.06264462133931224
1234.375,4269.744,4246.667,4163.59,4182.564,4246.667,0.14100691845410437,0.057722930274191724,0.06265432770948128,0.14084175203972676,0.057913776343825385,0.06172235660464665,0.05786929490734923,0.06229079846620402,0.1398160891931726,0.05763056751851842,0.061837320576231126,0.1399016768798753,0.05741353352488976,0.06264462133931224
1242.1875,4253.333,4246.667,4130.769,4164.615,4228.718,0.14100691845410437,0.057722930274191724,0.06265432770948128,0.14084175203972676,0.057913776343825385,0.06172235660464665,0.05786929490734923,0.06229079846620402,0.1398160891931726,0.05763056751851842,0.061837320576231126,0.1399016768798753,0.05741353352488976,0.06264462133931224
1250.0,4248.718,4213.846,4096.41,4132.821,4204.615,0.14100691845410437,0.057722930274191724,0.06265432770948128,0.14084175203972676,0.057913776343825385,0.06172235660464665,0.05786929490734923,0.06229079846620402,0.1398160891931726,0.05763056751851842,0.061837320576231126,0.1399016768798753,0.05741353352488976,0.06264462133931224
1257.8125,4270.769,4187.692,4101.538,4136.923,4212.821,0.14100691845410437,0.057722930274191724,0.06265432770948128,0.14084175203972676,0.057913776343825385,0.06172235660464665,0.05786929490734923,0.06229079846620402,0.1398160891931726,0.05763056751851842,0.061837320576231126,0.1399016768798753,0.05741353352488976,0.06264462133931224
1265.625,4283.077,4189.744,4108.718,4142.051,4222.051,0.14100691845410437,0.057722930274191724,0.06265432770948128,0.14084175203972676,0.057913776343825385,0.06172235660464665,0.05786929490734923,0.06229079846620402,0.1398160891931726,0.05763056751851842,0.061837320576231126,0.1399016768798753,0.05741353352488976,0.06264462133931224
1273.4375,4308.205,4225.128,4114.359,4145.128,4233.846,0.14100691845410437,0.057722930274191724,0.06265432770948128,0.14084175203972676,0.057913776343825385,0.06172235660464665,0.05786929490734923,0.06229079846620402,0.1398160891931726,0.05763056751851842,0.061837320576231126,0.1399016768798753,0.05741353352488976,0.06264462133931224
1281.25,4345.128,4257.949,4125.128,4153.333,4265.641,0.14100691845410437,0.057722930274191724,0.06265432770948128,0.14084175203972676,0.057913776343825385,0.06172235660464665,0.05786929490734923,0.06229079846620402,0.1398160891931726,0.05763056751851842,0.061837320576231126,0.1399016768798753,0.05741353352488976,0.06264462133931224
1289.0625,4360.0,4245.128,4128.718,4152.308,4294.359,0.14100691845410437,0.057722930274191724,0.06265432770948128,0.14084175203972676,0.057913776343825385,0.06172235660464665,0.05786929490734923,0.06229079846620402,0.1398160891931726,0.05763056751851842,0.061837320576231126,0.1399016768798753,0.05741353352488976,0.06264462133931224
1296.875,4367.179,4212.308,4131.795,4152.821,4304.103,0.14100691845410437,0.057722930274191724,0.06265432770948128,0.14084175203972676,0.057913776343825385,0.06172235660464665,0.05786929490734923,0.06229079846620402,0.1398160891931726,0.05763056751851842,0.061837320576231126,0.1399016768798753,0.05741353352488976,0.06264462133931224
1304.6875,4366.667,4215.897,4133.333,4151.282,4295.897,0.14100691845410437,0.057722930274191724,0.06265432770948128,0.14084175203972676,0.057913776343825385,0.06172235660464665,0.05786929490734923,0.06229079846620402,0.1398160891931726,0.05763056751851842,0.061837320576231126,0.1399016768798753,0.05741353352488976,0.06264462133931224
1312.5,4348.718,4237.436,4124.103,4142.051,4278.462,0.14100691845410437,0.057722930274191724,0.06265432770948128,0.14084175203972676,0.057913776343825385,0.06172235660464665,0.05786929490734923,0.06229079846620402,0.1398160891931726,0.05763056751851842,0.061837320576231126,0.1399016768798753,0.05741353352488976,0.06264462133931224
1320.3125,4325.128,4216.923,4110.256,4134.359,4257.949,0.14100691845410437,0.057722930274191724,0.06265432770948128,0.14084175203972676,0.057913776343825385,0.06172235660464665,0.05786929490734923,0.06229079846620402,0.1398160891931726,0.05763056751851842,0.061837320576231126,0.1399016768798753,0.05741353352488976,0.06264462133931224
1328.125,4299.487,4201.538,4094.359,4117.949,4229.744,0.14100691845410437,0.057722930274191724,0.06265432770948128,0.14084175203972676,0.057913776343825385,0.06172235660464665,0.05786929490734923,0.06229079846620402,0.1398160891931726,0.05763056751851842,0.061837320576231126,0.1399016768798753,0.05741353352488976,0.06264462133931224
1335.9375,4284.103,4224.103,4103.077,4118.462,4217.436,0.14100691845410437,0.057722930274191724,0.06265432770948128,0.14084175203972676,0.057913776343825385,0.06172235660464665,0.05786929490734923,0.06229079846620402,0.1398160891931726,0.05763056751851842,0.061837320576231126,0.1399016768798753,0.05741353352488976,0.06264462133931224
1343.75,4291.795,4220.513,4142.564,4148.718,4231.282,0.14100691845410437,0.057722930274191724,0.06265432770948128,0.14084175203972676,0.057913776343825385,0.06172235660464665,0.05786929490734923,0.06229079846620402,0.1398160891931726,0.05763056751851842,0.061837320576231126,0.1399016768798753,0.05741353352488976,0.06264462133931224
1351.5625,4298.974,4220.0,4163.077,4160.513,4231.282,0.14100691845410437,0.057722930274191724,0.06265432770948128,0.14084175203972676,0.057913776343825385,0.06172235660464665,0.05786929490734923,0.06229079846620402,0.1398160891931726,0.05763056751851842,0.061837320576231126,0.1399016768798753,0.05741353352488976,0.06264462133931224
1359.375,4292.821,4248.718,4158.462,4149.231,4221.538,0.14100691845410437,0.057722930274191724,0.06265432770948128,0.14084175203972676,0.057913776343825385,0.06172235660464665,0.05786929490734923,0.06229079846620402,0.1398160891931726,0.05763056751851842,0.061837320576231126,0.1399016768798753,0.05741353352488976,0.06264462133931224
1367.1875,4287.179,4247.179,4162.564,4153.333,4225.641,0.14100691845410437,0.057722930274191724,0.06265432770948128,0.14084175203972676,0.057913776343825385,0.06172235660464665,0.05786929490734923,0.06229079846620402,0.1398160891931726,0.05763056751851842,0.061837320576231126,0.1399016768798753,0.05741353352488976,0.06264462133931224
1375.0,4273.846,4228.718,4153.846,4151.795,4219.487,0.14100691845410437,0.057722930274191724,0.06265432770948128,0.14084175203972676,0.057913776343825385,0.06172235660464665,0.05786929490734923,0.06229079846620402,0.1398160891931726,0.05763056751851842,0.061837320576231126,0.1399016768798753,0.05741353352488976,0.06264462133931224
1382.8125,4258.462,4207.692,4131.282,4136.923,4204.615,0.14100691845410437,0.057722930274191724,0.06265432770948128,0.14084175203972676,0.057913776343825385,0.06172235660464665,0.05786929490734923,0.06229079846620402,0.1398160891931726,0.05763056751851842,0.061837320576231126,0.1399016768798753,0.05741353352488976,0.06264462133931224
1390.625,4265.641,4202.564,4130.769,4147.179,4214.872,0.14100691845410437,0.057722930274191724,0.06265432770948128,0.14084175203972676,0.057913776343825385,0.06172235660464665,0.05786929490734923,0.06229079846620402,0.1398160891931726,0.05763056751851842,0.061837320576231126,0.1399016768798753,0.05741353352488976,0.06264462133931224
1398.4375,4272.821,4247.692,4141.026,4165.128,4230.769,0.14100691845410437,0.057722930274191724,0.06265432770948128,0.14084175203972676,0.057913776343825385,0.06172235660464665,0.05786929490734923,0.06229079846620402,0.1398160891931726,0.05763056751851842,0.061837320576231126,0.1399016768798753,0.05741353352488976,0.06264462133931224
1406.25,4254.872,4247.692,4140.0,4160.0,4216.923,0.14100691845410437,0.057722930274191724,0.06265432770948128,0.14084175203972676,0.057913776343825385,0.06172235660464665,0.05786929490734923,0.06229079846620402,0.1398160891931726,0.05763056751851842,0.061837320576231126,0.1399016768798753,0.05741353352488976,0.06264462133931224
1414.0625,4237.949,4192.821,4143.59,4156.41,4202.051,0.14100691845410437,0.057722930274191724,0.06265432770948128,0.14084175203972676,0.057913776343825385,0.06172235660464665,0.05786929490734923,0.06229079846620402,0.1398160891931726,0.05763056751851842,0.061837320576231126,0.1399016768798753,0.05741353352488976,0.06264462133931224
1421.875,4240.513,4218.462,4155.897,4161.538,4208.718,0.14100691845410437,0.057722930274191724,0.06265432770948128,0.14084175203972676,0.057913776343825385,0.06172235660464665,0.05786929490734923,0.06229079846620402,0.1398160891931726,0.05763056751851842,0.061837320576231126,0.1399016768798753,0.05741353352488976,0.06264462133931224
1429.6875,4234.359,4252.821,4145.128,4146.667,4209.231,0.14100691845410437,0.057722930274191724,0.06265432770948128,0.14084175203972676,0.057913776343825385,0.06172235660464665,0.05786929490734923,0.06229079846620402,0.1398160891931726,0.05763056751851842,0.061837320576231126,0.1399016768798753,0.05741353352488976,0.06264462133931224
1437.5,4213.846,4206.154,4114.359,4114.359,4187.692,0.14100691845410437,0.057722930274191724,0.06265432770948128,0.14084175203972676,0.057913776343825385,0.06172235660464665,0.05786929490734923,0.06229079846620402,0.1398160891931726,0.05763056751851842,0.061837320576231126,0.1399016768798753,0.05741353352488976,0.06264462133931224
1445.3125,4216.41,4210.769,4114.872,4111.795,4186.154,0.14100691845410437,0.057722930274191724,0.06265432770948128,0.14084175203972676,0.057913776343825385,0.06172235660464665,0.05786929490734923,0.06229079846620402,0.1398160891931726,0.05763056751851842,0.061837320576231126,0.1399016768798753,0.05741353352488976,0.06264462133931224
1453.125,4243.59,4266.667,4144.103,4148.205,4209.231,0.14100691845410437,0.057722930274191724,0.06265432770948128,0.14084175203972676,0.057913776343825385,0.06172235660464665,0.05786929490734923,0.06229079846620402,0.1398160891931726,0.05763056751851842,0.061837320576231126,0.1399016768798753,0.05741353352488976,0.06264462133931224
1460.9375,4254.872,4243.59,4154.359,4175.385,4206.667,0.14100691845410437,0.057722930274191724,0.06265432770948128,0.14084175203972676,0.057913776343825385,0.06172235660464665,0.05786929490734923,0.06229079846620402,0.1398160891931726,0.05763056751851842,0.061837320576231126,0.1399016768798753,0.05741353352488976,0.06264462133931224
1468.75,4253.333,4222.564,4158.974,4183.59,4203.59,0.14100691845410437,0.057722930274191724,0.06265432770948128,0.14084175203972676,0.057913776343825385,0.06172235660464665,0.05786929490734923,0.06229079846620402,0.1398160891931726,0.05763056751851842,0.061837320576231126,0.1399016768798753,0.05741353352488976,0.06264462133931224
1476.5625,4255.897,4261.538,4171.282,4184.103,4220.0,0.14100691845410437,0.057722930274191724,0.06265432770948128,0.14084175203972676,0.057913776343825385,0.06172235660464665,0.05786929490734923,0.06229079846620402,0.1398160891931726,0.05763056751851842,0.061837320576231126,0.1399016768798753,0.05741353352488976,0.06264462133931224
1484.375,4244.103,4258.462,4154.359,4159.487,4210.256,0.14100691845410437,0.057722930274191724,0.06265432770948128,0.14084175203972676,0.057913776343825385,0.06172235660464665,0.05786929490734923,0.06229079846620402,0.1398160891931726,0.05763056751851842,0.061837320576231126,0.1399016768798753,0.05741353352488976,0.06264462133931224
1492.1875,4223.077,4212.308,4125.128,4128.718,4184.615,0.14100691845410437,0.057722930274191724,0.06265432770948128,0.14084175203972676,0.057913776343825385,0.06172235660464665,0.05786929490734923,0.06229079846620402,0.1398160891931726,0.05763056751851842,0.061837320576231126,0.1399016768798753,0.05741353352488976,0.06264462133931224
1500.0,4220.513,4193.846,4134.872,4129.744,4189.744,0.14100691845410437,0.057722930274191724,0.06265432770948128,0.14084175203972676,0.057913776343825385,0.06172235660464665,0.05786929490734923,0.06229079846620402,0.1398160891931726,0.05763056751851842,0.061837320576231126,0.1399016768798753,0.05741353352488976,0.06264462133931224
1507.8125,4227.692,4214.359,4156.923,4145.128,4202.564,0.14100691845410437,0.057722930274191724,0.06265432770948128,0.14084175203972676,0.057913776343825385,0.06172235660464665,0.05786929490734923,0.06229079846620402,0.1398160891931726,0.05763056751851842,0.061837320576231126,0.1399016768798753,0.05741353352488976,0.06264462133931224
1515.625,4215.897,4243.077,4145.128,4138.974,4185.128,0.14100691845410437,0.057722930274191724,0.06265432770948128,0.14084175203972676,0.057913776343825385,0.06172235660464665,0.05786929490734923,0.06229079846620402,0.1398160891931726,0.05763056751851842,0.061837320576231126,0.1399016768798753,0.05741353352488976,0.06264462133931224
1523.4375,4205.641,4251.282,4128.205,4140.0,4177.949,0.14100691845410437,0.057722930274191724,0.06265432770948128,0.14084175203972676,0.057913776343825385,0.06172235660464665,0.05786929490734923,0.06229079846620402,0.1398160891931726,0.05763056751851842,0.061837320576231126,0.1399016768798753,0.05741353352488976,0.06264462133931224
1531.25,4223.077,4248.205,4141.538,4168.718,4206.667,0.14100691845410437,0.057722930274191724,0.06265432770948128,0.14084175203972676,0.057913776343825385,0.06172235660464665,0.05786929490734923,0.06229079846620402,0.1398160891931726,0.05763056751851842,0.061837320576231126,0.1399016768798753,0.05741353352488976,0.06264462133931224
1539.0625,4244.103,4243.59,4162.051,4195.897,4228.205,0.14100691845410437,0.057722930274191724,0.06265432770948128,0.14084175203972676,0.057913776343825385,0.06172235660464665,0.05786929490734923,0.06229079846620402,0.1398160891931726,0.05763056751851842,0.061837320576231126,0.1399016768798753,0.05741353352488976,0.06264462133931224
1546.875,4233.846,4216.41,4155.897,4190.769,4216.923,0.14100691845410437,0.057722930274191724,0.06265432770948128,0.14084175203972676,0.057913776343825385,0.06172235660464665,0.05786929490734923,0.06229079846620402,0.1398160891931726,0.05763056751851842,0.061837320576231126,0.1399016768798753,0.05741353352488976,0.06264462133931224
1554.6875,4216.41,4215.385,4144.103,4169.231,4208.205,0.14100691845410437,0.057722930274191724,0.06265432770948128,0.14084175203972676,0.057913776343825385,0.06172235660464665,0.05786929490734923,0.06229079846620402,0.1398160891931726,0.05763056751851842,0.061837320576231126,0.1399016768798753,0.05741353352488976,0.06264462133931224
1562.5,4223.59,4270.769,4155.385,4166.667,4214.359,0.14100691845410437,0.057722930274191724,0.06265432770948128,0.14084175203972676,0.057913776343825385,0.06172235660464665,0.05786929490734923,0.06229079846620402,0.1398160891931726,0.05763056751851842,0.061837320576231126,0.1399016768798753,0.05741353352488976,0.06264462133931224
1570.3125,4226.154,4254.359,4153.333,4167.179,4202.564,0.14100691845410437,0.057722930274191724,0.06265432770948128,0.14084175203972676,0.057913776343825385,0.06172235660464665,0.05786929490734923,0.06229079846620402,0.1398160891931726,0.05763056751851842,0.061837320576231126,0.1399016768798753,0.05741353352488976,0.06264462133931224
1578.125,4224.615,4202.564,4141.026,4157.949,4202.051,0.14100691845410437,0.057722930274191724,0.06265432770948128,0.14084175203972676,0.057913776343825385,0.06172235660464665,0.05786929490734923,0.06229079846620402,0.1398160891931726,0.05763056751851842,0.061837320576231126,0.1399016768798753,0.05741353352488976,0.06264462133931224
1585.9375,4246.154,4246.154,4153.333,4165.641,4234.359,0.14100691845410437,0.057722930274191724,0.06265432770948128,0.14084175203972676,0.057913776343825385,0.06172235660464665,0.05786929490734923,0.06229079846620402,0.1398160891931726,0.05763056751851842,0.061837320576231126,0.1399016768798753,0.05741353352488976,0.06264462133931224
1593.75,4250.256,4284.103,4156.41,4173.333,4234.359,0.14100691845410437,0.057722930274191724,0.06265432770948128,0.14084175203972676,0.057913776343825385,0.06172235660464665,0.05786929490734923,0.06229079846620402,0.1398160891931726,0.05763056751851842,0.061837320576231126,0.1399016768798753,0.05741353352488976,0.06264462133931224
1601.5625,4231.282,4251.795,4146.154,4163.077,4200.513,0.14100691845410437,0.057722930274191724,0.06265432770948128,0.14084175203972676,0.057913776343825385,0.06172235660464665,0.05786929490734923,0.06229079846620402,0.1398160891931726,0.05763056751851842,0.061837320576231126,0.1399016768798753,0.05741353352488976,0.06264462133931224
1609.375,4238.974,4247.179,4163.077,4166.154,4208.205,0.14100691845410437,0.057722930274191724,0.06265432770948128,0.14084175203972676,0.057913776343825385,0.06172235660464665,0.05786929490734923,0.06229079846620402,0.1398160891931726,0.05763056751851842,0.061837320576231126,0.1399016768798753,0.05741353352488976,0.06264462133931224
1617.1875,4258.462,4256.923,4176.41,4177.949,4239.487,0.14100691845410437,0.057722930274191724,0.06265432770948128,0.14084175203972676,0.057913776343825385,0.06172235660464665,0.05786929490734923,0.06229079846620402,0.1398160891931726,0.05763056751851842,0.061837320576231126,0.1399016768798753,0.05741353352488976,0.06264462133931224
1625.0,4251.282,4223.59,4155.385,4175.385,4226.154,0.14100691845410437,0.057722930274191724,0.06265432770948128,0.14084175203972676,0.057913776343825385,0.06172235660464665,0.05786929490734923,0.06229079846620402,0.1398160891931726,0.05763056751851842,0.061837320576231126,0.1399016768798753,0.05741353352488976,0.06264462133931224
1632.8125,4234.872,4218.974,4131.282,4165.641,4198.974,0.14100691845410437,0.057722930274191724,0.06265432770948128,0.14084175203972676,0.057913776343825385,0.06172235660464665,0.05786929490734923,0.06229079846620402,0.1398160891931726,0.05763056751851842,0.061837320576231126,0.1399016768798753,0.05741353352488976,0.06264462133931224
1640.625,4231.282,4243.59,4124.615,4156.41,4201.026,0.14100691845410437,0.057722930274191724,0.06265432770948128,0.14084175203972676,0.057913776343825385,0.06172235660464665,0.05786929490734923,0.06229079846620402,0.1398160891931726,0.05763056751851842,0.061837320576231126,0.1399016768798753,0.05741353352488976,0.06264462133931224
1648.4375,4228.205,4232.308,4121.026,4146.154,4198.462,0.14100691845410437,0.057722930274191724,0.06265432770948128,0.14084175203972676,0.057913776343825385,0.06172235660464665,0.05786929490734923,0.06229079846620402,0.1398160891931726,0.05763056751851842,0.061837320576231126,0.1399016768798753,0.05741353352488976,0.06264462133931224
1656.25,4219.487,4221.538,4118.974,4140.0,4186.154,0.14100691845410437,0.057722930274191724,0.06265432770948128,0.14084175203972676,0.057913776343825385,0.06172235660464665,0.05786929490734923,0.06229079846620402,0.1398160891931726,0.05763056751851842,0.061837320576231126,0.1399016768798753,0.05741353352488976,0.06264462133931224
1664.0625,4225.128,4247.179,4136.923,4151.795,4203.077,0.14100691845410437,0.057722930274191724,0.06265432770948128,0.14084175203972676,0.057913776343825385,0.06172235660464665,0.05786929490734923,0.06229079846620402,0.1398160891931726,0.05763056751851842,0.061837320576231126,0.1399016768798753,0.05741353352488976,0.06264462133931224
1671.875,4239.487,4269.231,4159.487,4172.308,4231.282,0.14100691845410437,0.057722930274191724,0.06265432770948128,0.14084175203972676,0.057913776343825385,0.06172235660464665,0.05786929490734923,0.06229079846620402,0.1398160891931726,0.05763056751851842,0.061837320576231126,0.1399016768798753,0.05741353352488976,0.06264462133931224
1679.6875,4238.462,4261.538,4160.0,4175.385,4225.128,0.14100691845410437,0.057722930274191724,0.06265432770948128,0.14084175203972676,0.057913776343825385,0.06172235660464665,0.05786929490734923,0.06229079846620402,0.1398160891931726,0.05763056751851842,0.061837320576231126,0.1399016768798753,0.05741353352488976,0.06264462133931224
1687.5,4240.0,4255.897,4159.487,4168.718,4210.769,0.14100691845410437,0.057722930274191724,0.06265432770948128,0.14084175203972676,0.057913776343825385,0.06172235660464665,0.05786929490734923,0.06229079846620402,0.1398160891931726,0.05763056751851842,0.061837320576231126,0.1399016768798753,0.05741353352488976,0.06264462133931224
1695.3125,4252.308,4253.333,4170.256,4176.41,4218.974,0.14100691845410437,0.057722930274191724,0.06265432770948128,0.14084175203972676,0.057913776343825385,0.06172235660464665,0.05786929490734923,0.06229079846620402,0.1398160891931726,0.05763056751851842,0.061837320576231126,0.1399016768798753,0.05741353352488976,0.06264462133931224
1703.125,4242.051,4242.051,4167.692,4173.333,4216.923,0.14100691845410437,0.057722930274191724,0.06265432770948128,0.14084175203972676,0.057913776343825385,0.06172235660464665,0.05786929490734923,0.06229079846620402,0.1398160891931726,0.05763056751851842,0.061837320576231126,0.1399016768798753,0.05741353352488976,0.06264462133931224
1710.9375,4217.949,4229.744,4152.821,4158.462,4198.462,0.14100691845410437,0.057722930274191724,0.06265432770948128,0.14084175203972676,0.057913776343825385,0.06172235660464665,0.05786929490734923,0.06229079846620402,0.1398160891931726,0.05763056751851842,0.061837320576231126,0.1399016768798753,0.05741353352488976,0.06264462133931224
1718.75,4207.692,4224.615,4141.538,4153.333,4188.205,0.14100691845410437,0.057722930274191724,0.06265432770948128,0.14084175203972676,0.057913776343825385,0.06172235660464665,0.05786929490734923,0.06229079846620402,0.1398160891931726,0.05763056751851842,0.061837320576231126,0.1399016768798753,0.05741353352488976,0.06264462133931224
1726.5625,4200.513,4234.872,4131.795,4142.051,4186.154,0.14100691845410437,0.057722930274191724,0.06265432770948128,0.14084175203972676,0.057913776343825385,0.06172235660464665,0.05786929490734923,0.06229079846620402,0.1398160891931726,0.05763056751851842,0.061837320576231126,0.1399016768798753,0.05741353352488976,0.06264462133931224
1734.375,4211.282,4251.795,4141.538,4141.538,4197.949,0.14100691845410437,0.057722930274191724,0.06265432770948128,0.14084175203972676,0.057913776343825385,0.06172235660464665,0.05786929490734923,0.06229079846620402,0.1398160891931726,0.05763056751851842,0.061837320576231126,0.1399016768798753,0.05741353352488976,0.06264462133931224
1742.1875,4238.974,4247.692,4169.744,4165.641,4215.897,0.14100691845410437,0.057722930274191724,0.06265432770948128,0.14084175203972676,0.057913776343825385,0.06172235660464665,0.05786929490734923,0.06229079846620402,0.1398160891931726,0.05763056751851842,0.061837320576231126,0.1399016768798753,0.05741353352488976,0.06264462133931224
1750.0,4227.179,4224.615,4165.641,4166.154,4202.051,0.14100691845410437,0.057722930274191724,0.06265432770948128,0.14084175203972676,0.057913776343825385,0.06172235660464665,0.05786929490734923,0.06229079846620402,0.1398160891931726,0.05763056751851842,0.061837320576231126,0.1399016768798753,0.05741353352488976,0.06264462133931224
1757.8125,4184.103,4222.051,4129.231,4132.308,4164.103,0.14100691845410437,0.057722930274191724,0.06265432770948128,0.14084175203972676,0.057913776343825385,0.06172235660464665,0.05786929490734923,0.06229079846620402,0.1398160891931726,0.05763056751851842,0.061837320576231126,0.1399016768798753,0.05741353352488976,0.06264462133931224
1765.625,4177.436,4228.718,4113.333,4130.256,4164.615,0.14100691845410437,0.057722930274191724,0.06265432770948128,0.14084175203972676,0.057913776343825385,0.06172235660464665,0.05786929490734923,0.06229079846620402,0.1398160891931726,0.05763056751851842,0.061837320576231126,0.1399016768798753,0.05741353352488976,0.06264462133931224
1773.4375,4183.59,4198.462,4108.718,4140.0,4172.308,0.14100691845410437,0.057722930274191724,0.06265432770948128,0.14084175203972676,0.057913776343825385,0.06172235660464665,0.05786929490734923,0.06229079846620402,0.1398160891931726,0.05763056751851842,0.061837320576231126,0.1399016768798753,0.05741353352488976,0.06264462133931224
1781.25,4155.897,4160.513,4085.128,4106.667,4134.872,0.14100691845410437,0.057722930274191724,0.06265432770948128,0.14084175203972676,0.057913776343825385,0.06172235660464665,0.05786929490734923,0.06229079846620402,0.1398160891931726,0.05763056751851842,0.061837320576231126,0.1399016768798753,0.05741353352488976,0.06264462133931224
1789.0625,4145.641,4181.538,4084.103,4092.821,4123.077,0.14100691845410437,0.057722930274191724,0.06265432770948128,0.14084175203972676,0.057913776343825385,0.06172235660464665,0.05786929490734923,0.06229079846620402,0.1398160891931726,0.05763056751851842,0.061837320576231126,0.1399016768798753,0.05741353352488976,0.06264462133931224
1796.875,4185.128,4233.333,4120.513,4140.0,4179.487,0.14100691845410437,0.057722930274191724,0.06265432770948128,0.14084175203972676,0.057913776343825385,0.06172235660464665,0.05786929490734923,0.06229079846620402,0.1398160891931726,0.05763056751851842,0.061837320576231126,0.1399016768798753,0.05741353352488976,0.06264462133931224
1804.6875,4201.538,4247.692,4134.359,4164.615,4210.256,0.14100691845410437,0.057722930274191724,0.06265432770948128,0.14084175203972676,0.057913776343825385,0.06172235660464665,0.05786929490734923,0.06229079846620402,0.1398160891931726,0.05763056751851842,0.061837320576231126,0.1399016768798753,0.05741353352488976,0.06264462133931224
1812.5,4172.821,4217.436,4111.282,4135.897,4177.436,0.14100691845410437,0.057722930274191724,0.06265432770948128,0.14084175203972676,0.057913776343825385,0.06172235660464665,0.05786929490734923,0.06229079846620402,0.1398160891931726,0.05763056751851842,0.061837320576231126,0.1399016768798753,0.05741353352488976,0.06264462133931224
1820.3125,4171.282,4196.923,4111.282,4136.41,4175.385,0.14100691845410437,0.057722930274191724,0.06265432770948128,0.14084175203972676,0.057913776343825385,0.06172235660464665,0.05786929490734923,0.06229079846620402,0.1398160891931726,0.05763056751851842,0.061837320576231126,0.1399016768798753,0.05741353352488976,0.06264462133931224
1828.125,4191.795,4213.333,4124.103,4157.949,4198.974,0.14100691845410437,0.057722930274191724,0.06265432770948128,0.14084175203972676,0.057913776343825385,0.06172235660464665,0.05786929490734923,0.06229079846620402,0.1398160891931726,0.05763056751851842,0.061837320576231126,0.1399016768798753,0.05741353352488976,0.06264462133931224
1835.9375,4180.0,4220.513,4112.821,4145.128,4173.846,0.14100691845410437,0.057722930274191724,0.06265432770948128,0.14084175203972676,0.057913776343825385,0.06172235660464665,0.05786929490734923,0.06229079846620402,0.1398160891931726,0.05763056751851842,0.061837320576231126,0.1399016768798753,0.05741353352488976,0.06264462133931224
1843.75,4181.538,4231.795,4118.462,4147.692,4169.744,0.14100691845410437,0.057722930274191724,0.06265432770948128,0.14084175203972676,0.057913776343825385,0.06172235660464665,0.05786929490734923,0.06229079846620402,0.1398160891931726,0.05763056751851842,0.061837320576231126,0.1399016768798753,0.05741353352488976,0.06264462133931224
1851.5625,4215.897,4260.513,4141.538,4182.051,4223.59,0.14100691845410437,0.057722930274191724,0.06265432770948128,0.14084175203972676,0.057913776343825385,0.06172235660464665,0.05786929490734923,0.06229079846620402,0.1398160891931726,0.05763056751851842,0.061837320576231126,0.1399016768798753,0.05741353352488976,0.06264462133931224
1859.375,4230.769,4242.564,4149.744,4196.923,4246.154,0.14100691845410437,0.057722930274191724,0.06265432770948128,0.14084175203972676,0.057913776343825385,0.06172235660464665,0.05786929490734923,0.06229079846620402,0.1398160891931726,0.05763056751851842,0.061837320576231126,0.1399016768798753,0.05741353352488976,0.06264462133931224
1867.1875,4230.256,4225.128,4157.436,4194.872,4230.769,0.14100691845410437,0.057722930274191724,0.06265432770948128,0.14084175203972676,0.057913776343825385,0.06172235660464665,0.05786929490734923,0.06229079846620402,0.1398160891931726,0.05763056751851842,0.061837320576231126,0.1399016768798753,0.05741353352488976,0.06264462133931224
1875.0,4241.538,4275.385,4163.077,4194.872,4232.308,0.14100691845410437,0.057722930274191724,0.06265432770948128,0.14084175203972676,0.057913776343825385,0.06172235660464665,0.05786929490734923,0.06229079846620402,0.1398160891931726,0.05763056751851842,0.061837320576231126,0.1399016768798753,0.05741353352488976,0.06264462133931224
1882.8125,4237.436,4290.256,4140.0,4178.462,4231.795,0.14100691845410437,0.057722930274191724,0.06265432770948128,0.14084175203972676,0.057913776343825385,0.06172235660464665,0.05786929490734923,0.06229079846620402,0.1398160891931726,0.05763056751851842,0.061837320576231126,0.1399016768798753,0.05741353352488976,0.06264462133931224
1890.625,4221.538,4248.205,4120.0,4166.154,4215.385,0.14100691845410437,0.057722930274191724,0.06265432770948128,0.14084175203972676,0.057913776343825385,0.06172235660464665,0.05786929490734923,0.06229079846620402,0.1398160891931726,0.05763056751851842,0.061837320576231126,0.1399016768798753,0.05741353352488976,0.06264462133931224
1898.4375,4227.179,4239.487,4127.692,4177.436,4217.949,0.14100691845410437,0.057722930274191724,0.06265432770948128,0.14084175203972676,0.057913776343825385,0.06172235660464665,0.05786929490734923,0.06229079846620402,0.1398160891931726,0.05763056751851842,0.061837320576231126,0.1399016768798753,0.05741353352488976,0.06264462133931224
1906.25,4216.41,4212.308,4117.949,4165.128,4210.769,0.14100691845410437,0.057722930274191724,0.06265432770948128,0.14084175203972676,0.057913776343825385,0.06172235660464665,0.05786929490734923,0.06229079846620402,0.1398160891931726,0.05763056751851842,0.061837320576231126,0.1399016768798753,0.05741353352488976,0.06264462133931224
1914.0625,4189.231,4182.564,4097.949,4135.897,4188.205,0.14100691845410437,0.057722930274191724,0.06265432770948128,0.14084175203972676,0.057913776343825385,0.06172235660464665,0.05786929490734923,0.06229079846620402,0.1398160891931726,0.05763056751851842,0.061837320576231126,0.1399016768798753,0.05741353352488976,0.06264462133931224
1921.875,4195.897,4233.846,4113.846,4140.513,4195.385,0.14100691845410437,0.057722930274191724,0.06265432770948128,0.14084175203972676,0.057913776343825385,0.06172235660464665,0.05786929490734923,0.06229079846620402,0.1398160891931726,0.05763056751851842,0.061837320576231126,0.1399016768798753,0.05741353352488976,0.06264462133931224
1929.6875,4213.333,4246.667,4137.949,4159.487,4211.282,0.14100691845410437,0.057722930274191724,0.06265432770948128,0.14084175203972676,0.057913776343825385,0.06172235660464665,0.05786929490734923,0.06229079846620402,0.1398160891931726,0.05763056751851842,0.061837320576231126,0.1399016768798753,0.05741353352488976,0.06264462133931224
1937.5,4209.744,4202.564,4135.897,4160.513,4207.179,0.14100691845410437,0.057722930274191724,0.06265432770948128,0.14084175203972676,0.057913776343825385,0.06172235660464665,0.05786929490734923,0.06229079846620402,0.1398160891931726,0.05763056751851842,0.061837320576231126,0.1399016768798753,0.05741353352488976,0.06264462133931224
1945.3125,4201.538,4224.103,4128.718,4155.385,4193.846,0.14100691845410437,0.057722930274191724,0.06265432770948128,0.14084175203972676,0.057913776343825385,0.06172235660464665,0.05786929490734923,0.06229079846620402,0.1398160891931726,0.05763056751851842,0.061837320576231126,0.1399016768798753,0.05741353352488976,0.06264462133931224
1953.125,4191.282,4258.974,4121.538,4148.205,4179.487,0.14100691845410437,0.057722930274191724,0.06265432770948128,0.14084175203972676,0.057913776343825385,0.06172235660464665,0.05786929490734923,0.06229079846620402,0.1398160891931726,0.05763056751851842,0.061837320576231126,0.1399016768798753,0.05741353352488976,0.06264462133931224
1960.9375,4194.872,4251.795,4124.615,4154.359,4186.667,0.14100691845410437,0.057722930274191724,0.06265432770948128,0.14084175203972676,0.057913776343825385,0.06172235660464665,0.05786929490734923,0.06229079846620402,0.1398160891931726,0.05763056751851842,0.061837320576231126,0.1399016768798753,0.05741353352488976,0.06264462133931224
1968.75,4235.897,4249.744,4156.923,4187.692,4236.41,0.14100691845410437,0.057722930274191724,0.06265432770948128,0.14084175203972676,0.057913776343825385,0.06172235660464665,0.05786929490734923,0.06229079846620402,0.1398160891931726,0.05763056751851842,0.061837320576231126,0.1399016768798753,0.05741353352488976,0.06264462133931224
1976.5625,4261.026,4252.308,4174.872,4204.103,4268.205,0.14100691845410437,0.057722930274191724,0.06265432770948128,0.14084175203972676,0.057913776343825385,0.06172235660464665,0.05786929490734923,0.06229079846620402,0.1398160891931726,0.05763056751851842,0.061837320576231126,0.1399016768798753,0.05741353352488976,0.06264462133931224
1984.375,4232.308,4257.436,4146.667,4171.282,4227.692,0.14100691845410437,0.057722930274191724,0.06265432770948128,0.14084175203972676,0.057913776343825385,0.06172235660464665,0.05786929490734923,0.06229079846620402,0.1398160891931726,0.05763056751851842,0.061837320576231126,0.1399016768798753,0.05741353352488976,0.06264462133931224
1992.1875,4215.897,4263.59,4120.0,4148.718,4195.385,0.14100691845410437,0.057722930274191724,0.06265432770948128,0.14084175203972676,0.057913776343825385,0.06172235660464665,0.05786929490734923,0.06229079846620402,0.1398160891931726,0.05763056751851842,0.061837320576231126,0.1399016768798753,0.05741353352488976,0.06264462133931224
2000.0,0.0,0.0,0.0,0.0,0.0,0.14100691845410437,0.057722930274191724,0.06265432770948128,0.14084175203972676,0.057913776343825385,0.06172235660464665,0.05786929490734923,0.06229079846620402,0.1398160891931726,0.05763056751851842,0.061837320576231126,0.1399016768798753,0.05741353352488976,0.06264462133931224
2007.8125,0.0,0.0,0.0,0.0,0.0,0.14100691845410437,0.057722930274191724,0.06265432770948128,0.14084175203972676,0.057913776343825385,0.06172235660464665,0.05786929490734923,0.06229079846620402,0.1398160891931726,0.05763056751851842,0.061837320576231126,0.1399016768798753,0.05741353352488976,0.06264462133931224
2015.625,0.0,0.0,0.0,0.0,0.0,0.14100691845410437,0.057722930274191724,0.06265432770948128,0.14084175203972676,0.057913776343825385,0.06172235660464665,0.05786929490734923,0.06229079846620402,0.1398160891931726,0.05763056751851842,0.061837320576231126,0.1399016768798753,0.05741353352488976,0.06264462133931224
2023.4375,0.0,0.0,0.0,0.0,0.0,0.14100691845410437,0.057722930274191724,0.06265432770948128,0.14084175203972676,0.057913776343825385,0.06172235660464665,0.05786929490734923,0.06229079846620402,0.1398160891931726,0.05763056751851842,0.061837320576231126,0.1399016768798753,0.05741353352488976,0.06264462133931224
2031.25,0.0,0.0,0.0,0.0,0.0,0.14100691845410437,0.057722930274191724,0.06265432770948128,0.14084175203972676,0.057913776343825385,0.06172235660464665,0.05786929490734923,0.06229079846620402,0.1398160891931726,0.05763056751851842,0.061837320576231126,0.1399016768798753,0.05741353352488976,0.06264462133931224
2039.0625,0.0,0.0,0.0,0.0,0.0,0.14100691845410437,0.057722930274191724,0.06265432770948128,0.14084175203972676,0.057913776343825385,0.06172235660464665,0.05786929490734923,0.06229079846620402,0.1398160891931726,0.05763056751851842,0.061837320576231126,0.1399016768798753,0.05741353352488976,0.06264462133931224
2046.875,0.0,0.0,0.0,0.0,0.0,0.14100691845410437,0.057722930274191724,0.06265432770948128,0.14084175203972676,0.057913776343825385,0.06172235660464665,0.05786929490734923,0.06229079846620402,0.1398160891931726,0.05763056751851842,0.061837320576231126,0.1399016768798753,0.05741353352488976,0.06264462133931224
2054.6875,0.0,0.0,0.0,0.0,0.0,0.14100691845410437,0.057722930274191724,0.06265432770948128,0.14084175203972676,0.057913776343825385,0.06172235660464665,0.05786929490734923,0.06229079846620402,0.1398160891931726,0.05763056751851842,0.061837320576231126,0.1399016768798753,0.05741353352488976,0.06264462133931224
2062.5,0.0,0.0,0.0,0.0,0.0,0.14100691845410437,0.057722930274191724,0.06265432770948128,0.14084175203972676,0.057913776343825385,0.06172235660464665,0.05786929490734923,0.06229079846620402,0.1398160891931726,0.05763056751851842,0.061837320576231126,0.1399016768798753,0.05741353352488976,0.06264462133931224
2070.3125,0.0,0.0,0.0,0.0,0.0,0.14100691845410437,0.057722930274191724,0.06265432770948128,0.14084175203972676,0.057913776343825385,0.06172235660464665,0.05786929490734923,0.06229079846620402,0.1398160891931726,0.05763056751851842,0.061837320576231126,0.1399016768798753,0.05741353352488976,0.06264462133931224
2078.125,0.0,0.0,0.0,0.0,0.0,0.14100691845410437,0.057722930274191724,0.06265432770948128,0.14084175203972676,0.057913776343825385,0.06172235660464665,0.05786929490734923,0.06229079846620402,0.1398160891931726,0.05763056751851842,0.061837320576231126,0.1399016768798753,0.05741353352488976,0.06264462133931224
2085.9375,0.0,0.0,0.0,0.0,0.0,0.14100691845410437,0.057722930274191724,0.06265432770948128,0.14084175203972676,0.057913776343825385,0.06172235660464665,0.05786929490734923,0.06229079846620402,0.1398160891931726,0.05763056751851842,0.061837320576231126,0.1399016768798753,0.05741353352488976,0.06264462133931224
2093.75,0.0,0.0,0.0,0.0,0.0,0.14100691845410437,0.057722930274191724,0.06265432770948128,0.14084175203972676,0.057913776343825385,0.06172235660464665,0.05786929490734923,0.06229079846620402,0.1398160891931726,0.05763056751851842,0.061837320576231126,0.1399016768798753,0.05741353352488976,0.06264462133931224
2101.5625,0.0,0.0,0.0,0.0,0.0,0.14100691845410437,0.057722930274191724,0.06265432770948128,0.14084175203972676,0.057913776343825385,0.06172235660464665,0.05786929490734923,0.06229079846620402,0.1398160891931726,0.05763056751851842,0.061837320576231126,0.1399016768798753,0.05741353352488976,0.06264462133931224
2109.375,0.0,0.0,0.0,0.0,0.0,0.14100691845410437,0.057722930274191724,0.06265432770948128,0.14084175203972676,0.057913776343825385,0.06172235660464665,0.05786929490734923,0.06229079846620402,0.1398160891931726,0.05763056751851842,0.061837320576231126,0.1399016768798753,0.05741353352488976,0.06264462133931224
2117.1875,0.0,0.0,0.0,0.0,0.0,0.14100691845410437,0.057722930274191724,0.06265432770948128,0.14084175203972676,0.057913776343825385,0.06172235660464665,0.05786929490734923,0.06229079846620402,0.1398160891931726,0.05763056751851842,0.061837320576231126,0.1399016768798753,0.05741353352488976,0.06264462133931224
2125.0,0.0,0.0,0.0,0.0,0.0,0.14100691845410437,0.057722930274191724,0.06265432770948128,0.14084175203972676,0.057913776343825385,0.06172235660464665,0.05786929490734923,0.06229079846620402,0.1398160891931726,0.05763056751851842,0.061837320576231126,0.1399016768798753,0.05741353352488976,0.06264462133931224
2132.8125,0.0,0.0,0.0,0.0,0.0,0.14100691845410437,0.057722930274191724,0.06265432770948128,0.14084175203972676,0.057913776343825385,0.06172235660464665,0.05786929490734923,0.06229079846620402,0.1398160891931726,0.05763056751851842,0.061837320576231126,0.1399016768798753,0.05741353352488976,0.06264462133931224
2140.625,0.0,0.0,0.0,0.0,0.0,0.14100691845410437,0.057722930274191724,0.06265432770948128,0.14084175203972676,0.057913776343825385,0.06172235660464665,0.05786929490734923,0.06229079846620402,0.1398160891931726,0.05763056751851842,0.061837320576231126,0.1399016768798753,0.05741353352488976,0.06264462133931224
2148.4375,0.0,0.0,0.0,0.0,0.0,0.14100691845410437,0.057722930274191724,0.06265432770948128,0.14084175203972676,0.057913776343825385,0.06172235660464665,0.05786929490734923,0.06229079846620402,0.1398160891931726,0.05763056751851842,0.061837320576231126,0.1399016768798753,0.05741353352488976,0.06264462133931224
2156.25,0.0,0.0,0.0,0.0,0.0,0.14100691845410437,0.057722930274191724,0.06265432770948128,0.14084175203972676,0.057913776343825385,0.06172235660464665,0.05786929490734923,0.06229079846620402,0.1398160891931726,0.05763056751851842,0.061837320576231126,0.1399016768798753,0.05741353352488976,0.06264462133931224
2164.0625,0.0,0.0,0.0,0.0,0.0,0.14100691845410437,0.057722930274191724,0.06265432770948128,0.14084175203972676,0.057913776343825385,0.06172235660464665,0.05786929490734923,0.06229079846620402,0.1398160891931726,0.05763056751851842,0.061837320576231126,0.1399016768798753,0.05741353352488976,0.06264462133931224
2171.875,0.0,0.0,0.0,0.0,0.0,0.14100691845410437,0.057722930274191724,0.06265432770948128,0.14084175203972676,0.057913776343825385,0.06172235660464665,0.05786929490734923,0.06229079846620402,0.1398160891931726,0.05763056751851842,0.061837320576231126,0.1399016768798753,0.05741353352488976,0.06264462133931224
2179.6875,0.0,0.0,0.0,0.0,0.0,0.14100691845410437,0.057722930274191724,0.06265432770948128,0.14084175203972676,0.057913776343825385,0.06172235660464665,0.05786929490734923,0.06229079846620402,0.1398160891931726,0.05763056751851842,0.061837320576231126,0.1399016768798753,0.05741353352488976,0.06264462133931224
2187.5,0.0,0.0,0.0,0.0,0.0,0.14100691845410437,0.057722930274191724,0.06265432770948128,0.14084175203972676,0.057913776343825385,0.06172235660464665,0.05786929490734923,0.06229079846620402,0.1398160891931726,0.05763056751851842,0.061837320576231126,0.1399016768798753,0.05741353352488976,0.06264462133931224
2195.3125,0.0,0.0,0.0,0.0,0.0,0.14100691845410437,0.057722930274191724,0.06265432770948128,0.14084175203972676,0.057913776343825385,0.06172235660464665,0.05786929490734923,0.06229079846620402,0.1398160891931726,0.05763056751851842,0.061837320576231126,0.1399016768798753,0.05741353352488976,0.06264462133931224
2203.125,0.0,0.0,0.0,0.0,0.0,0.14100691845410437,0.057722930274191724,0.06265432770948128,0.14084175203972676,0.057913776343825385,0.06172235660464665,0.05786929490734923,0.06229079846620402,0.1398160891931726,0.05763056751851842,0.061837320576231126,0.1399016768798753,0.05741353352488976,0.06264462133931224
2210.9375,0.0,0.0,0.0,0.0,0.0,0.14100691845410437,0.057722930274191724,0.06265432770948128,0.14084175203972676,0.057913776343825385,0.06172235660464665,0.05786929490734923,0.06229079846620402,0.1398160891931726,0.05763056751851842,0.061837320576231126,0.1399016768798753,0.05741353352488976,0.06264462133931224
2218.75,0.0,0.0,0.0,0.0,0.0,0.14100691845410437,0.057722930274191724,0.06265432770948128,0.14084175203972676,0.057913776343825385,0.06172235660464665,0.05786929490734923,0.06229079846620402,0.1398160891931726,0.05763056751851842,0.061837320576231126,0.1399016768798753,0.05741353352488976,0.06264462133931224
2226.5625,0.0,0.0,0.0,0.0,0.0,0.14100691845410437,0.057722930274191724,0.06265432770948128,0.14084175203972676,0.057913776343825385,0.06172235660464665,0.05786929490734923,0.06229079846620402,0.1398160891931726,0.05763056751851842,0.061837320576231126,0.1399016768798753,0.05741353352488976,0.06264462133931224
2234.375,0.0,0.0,0.0,0.0,0.0,0.14100691845410437,0.057722930274191724,0.06265432770948128,0.14084175203972676,0.057913776343825385,0.06172235660464665,0.05786929490734923,0.06229079846620402,0.1398160891931726,0.05763056751851842,0.061837320576231126,0.1399016768798753,0.05741353352488976,0.06264462133931224
2242.1875,0.0,0.0,0.0,0.0,0.0,0.14100691845410437,0.057722930274191724,0.06265432770948128,0.14084175203972676,0.057913776343825385,0.06172235660464665,0.05786929490734923,0.06229079846620402,0.1398160891931726,0.05763056751851842,0.061837320576231126,0.1399016768798753,0.05741353352488976,0.06264462133931224
2250.0,0.0,0.0,0.0,0.0,0.0,0.14100691845410437,0.057722930274191724,0.06265432770948128,0.14084175203972676,0.057913776343825385,0.06172235660464665,0.05786929490734923,0.06229079846620402,0.1398160891931726,0.05763056751851842,0.061837320576231126,0.1399016768798753,0.05741353352488976,0.06264462133931224
2257.8125,0.0,0.0,0.0,0.0,0.0,0.14100691845410437,0.057722930274191724,0.06265432770948128,0.14084175203972676,0.057913776343825385,0.06172235660464665,0.05786929490734923,0.06229079846620402,0.1398160891931726,0.05763056751851842,0.061837320576231126,0.1399016768798753,0.05741353352488976,0.06264462133931224
2265.625,0.0,0.0,0.0,0.0,0.0,0.14100691845410437,0.057722930274191724,0.06265432770948128,0.14084175203972676,0.057913776343825385,0.06172235660464665,0.05786929490734923,0.06229079846620402,0.1398160891931726,0.05763056751851842,0.061837320576231126,0.1399016768798753,0.05741353352488976,0.06264462133931224
2273.4375,0.0,0.0,0.0,0.0,0.0,0.14100691845410437,0.057722930274191724,0.06265432770948128,0.14084175203972676,0.057913776343825385,0.06172235660464665,0.05786929490734923,0.06229079846620402,0.1398160891931726,0.05763056751851842,0.061837320576231126,0.1399016768798753,0.05741353352488976,0.06264462133931224
2281.25,0.0,0.0,0.0,0.0,0.0,0.14100691845410437,0.057722930274191724,0.06265432770948128,0.14084175203972676,0.057913776343825385,0.06172235660464665,0.05786929490734923,0.06229079846620402,0.1398160891931726,0.05763056751851842,0.061837320576231126,0.1399016768798753,0.05741353352488976,0.06264462133931224
2289.0625,0.0,0.0,0.0,0.0,0.0,0.14100691845410437,0.057722930274191724,0.06265432770948128,0.14084175203972676,0.057913776343825385,0.06172235660464665,0.05786929490734923,0.06229079846620402,0.1398160891931726,0.05763056751851842,0.061837320576231126,0.1399016768798753,0.05741353352488976,0.06264462133931224
2296.875,0.0,0.0,0.0,0.0,0.0,0.14100691845410437,0.057722930274191724,0.06265432770948128,0.14084175203972676,0.057913776343825385,0.06172235660464665,0.05786929490734923,0.06229079846620402,0.1398160891931726,0.05763056751851842,0.061837320576231126,0.1399016768798753,0.05741353352488976,0.06264462133931224
2304.6875,0.0,0.0,0.0,0.0,0.0,0.14100691845410437,0.057722930274191724,0.06265432770948128,0.14084175203972676,0.057913776343825385,0.06172235660464665,0.05786929490734923,0.06229079846620402,0.1398160891931726,0.05763056751851842,0.061837320576231126,0.1399016768798753,0.05741353352488976,0.06264462133931224
2312.5,0.0,0.0,0.0,0.0,0.0,0.14100691845410437,0.057722930274191724,0.06265432770948128,0.14084175203972676,0.057913776343825385,0.06172235660464665,0.05786929490734923,0.06229079846620402,0.1398160891931726,0.05763056751851842,0.061837320576231126,0.1399016768798753,0.05741353352488976,0.06264462133931224
2320.3125,0.0,0.0,0.0,0.0,0.0,0.14100691845410437,0.057722930274191724,0.06265432770948128,0.14084175203972676,0.057913776343825385,0.06172235660464665,0.05786929490734923,0.06229079846620402,0.1398160891931726,0.05763056751851842,0.061837320576231126,0.1399016768798753,0.05741353352488976,0.06264462133931224
2328.125,0.0,0.0,0.0,0.0,0.0,0.14100691845410437,0.057722930274191724,0.06265432770948128,0.14084175203972676,0.057913776343825385,0.06172235660464665,0.05786929490734923,0.06229079846620402,0.1398160891931726,0.05763056751851842,0.061837320576231126,0.1399016768798753,0.05741353352488976,0.06264462133931224
2335.9375,0.0,0.0,0.0,0.0,0.0,0.14100691845410437,0.057722930274191724,0.06265432770948128,0.14084175203972676,0.057913776343825385,0.06172235660464665,0.05786929490734923,0.06229079846620402,0.1398160891931726,0.05763056751851842,0.061837320576231126,0.1399016768798753,0.05741353352488976,0.06264462133931224
2343.75,0.0,0.0,0.0,0.0,0.0,0.14100691845410437,0.057722930274191724,0.06265432770948128,0.14084175203972676,0.057913776343825385,0.06172235660464665,0.05786929490734923,0.06229079846620402,0.1398160891931726,0.05763056751851842,0.061837320576231126,0.1399016768798753,0.05741353352488976,0.06264462133931224
2351.5625,0.0,0.0,0.0,0.0,0.0,0.14100691845410437,0.057722930274191724,0.06265432770948128,0.14084175203972676,0.057913776343825385,0.06172235660464665,0.05786929490734923,0.06229079846620402,0.1398160891931726,0.05763056751851842,0.061837320576231126,0.1399016768798753,0.05741353352488976,0.06264462133931224
2359.375,0.0,0.0,0.0,0.0,0.0,0.14100691845410437,0.057722930274191724,0.06265432770948128,0.14084175203972676,0.057913776343825385,0.06172235660464665,0.05786929490734923,0.06229079846620402,0.1398160891931726,0.05763056751851842,0.061837320576231126,0.1399016768798753,0.05741353352488976,0.06264462133931224
2367.1875,0.0,0.0,0.0,0.0,0.0,0.14100691845410437,0.057722930274191724,0.06265432770948128,0.14084175203972676,0.057913776343825385,0.06172235660464665,0.05786929490734923,0.06229079846620402,0.1398160891931726,0.05763056751851842,0.061837320576231126,0.1399016768798753,0.05741353352488976,0.06264462133931224
2375.0,0.0,0.0,0.0,0.0,0.0,0.14100691845410437,0.057722930274191724,0.06265432770948128,0.14084175203972676,0.057913776343825385,0.06172235660464665,0.05786929490734923,0.06229079846620402,0.1398160891931726,0.05763056751851842,0.061837320576231126,0.1399016768798753,0.05741353352488976,0.06264462133931224
2382.8125,0.0,0.0,0.0,0.0,0.0,0.14100691845410437,0.057722930274191724,0.06265432770948128,0.14084175203972676,0.057913776343825385,0.06172235660464665,0.05786929490734923,0.06229079846620402,0.1398160891931726,0.05763056751851842,0.061837320576231126,0.1399016768798753,0.05741353352488976,0.06264462133931224
2390.625,0.0,0.0,0.0,0.0,0.0,0.14100691845410437,0.057722930274191724,0.06265432770948128,0.14084175203972676,0.057913776343825385,0.06172235660464665,0.05786929490734923,0.06229079846620402,0.1398160891931726,0.05763056751851842,0.061837320576231126,0.1399016768798753,0.05741353352488976,0.06264462133931224
2398.4375,0.0,0.0,0.0,0.0,0.0,0.14100691845410437,0.057722930274191724,0.06265432770948128,0.14084175203972676,0.057913776343825385,0.06172235660464665,0.05786929490734923,0.06229079846620402,0.1398160891931726,0.05763056751851842,0.061837320576231126,0.1399016768798753,0.05741353352488976,0.06264462133931224
2406.25,0.0,0.0,0.0,0.0,0.0,0.14100691845410437,0.057722930274191724,0.06265432770948128,0.14084175203972676,0.057913776343825385,0.06172235660464665,0.05786929490734923,0.06229079846620402,0.1398160891931726,0.05763056751851842,0.061837320576231126,0.1399016768798753,0.05741353352488976,0.06264462133931224
2414.0625,0.0,0.0,0.0,0.0,0.0,0.14100691845410437,0.057722930274191724,0.06265432770948128,0.14084175203972676,0.057913776343825385,0.06172235660464665,0.05786929490734923,0.06229079846620402,0.1398160891931726,0.05763056751851842,0.061837320576231126,0.1399016768798753,0.05741353352488976,0.06264462133931224
2421.875,0.0,0.0,0.0,0.0,0.0,0.14100691845410437,0.057722930274191724,0.06265432770948128,0.14084175203972676,0.057913776343825385,0.06172235660464665,0.05786929490734923,0.06229079846620402,0.1398160891931726,0.05763056751851842,0.061837320576231126,0.1399016768798753,0.05741353352488976,0.06264462133931224
2429.6875,0.0,0.0,0.0,0.0,0.0,0.14100691845410437,0.057722930274191724,0.06265432770948128,0.14084175203972676,0.057913776343825385,0.06172235660464665,0.05786929490734923,0.06229079846620402,0.1398160891931726,0.05763056751851842,0.061837320576231126,0.1399016768798753,0.05741353352488976,0.06264462133931224
2437.5,0.0,0.0,0.0,0.0,0.0,0.14100691845410437,0.057722930274191724,0.06265432770948128,0.14084175203972676,0.057913776343825385,0.06172235660464665,0.05786929490734923,0.06229079846620402,0.1398160891931726,0.05763056751851842,0.061837320576231126,0.1399016768798753,0.05741353352488976,0.06264462133931224
2445.3125,0.0,0.0,0.0,0.0,0.0,0.14100691845410437,0.057722930274191724,0.06265432770948128,0.14084175203972676,0.057913776343825385,0.06172235660464665,0.05786929490734923,0.06229079846620402,0.1398160891931726,0.05763056751851842,0.061837320576231126,0.1399016768798753,0.05741353352488976,0.06264462133931224
2453.125,0.0,0.0,0.0,0.0,0.0,0.14100691845410437,0.057722930274191724,0.06265432770948128,0.14084175203972676,0.057913776343825385,0.06172235660464665,0.05786929490734923,0.06229079846620402,0.1398160891931726,0.05763056751851842,0.061837320576231126,0.1399016768798753,0.05741353352488976,0.06264462133931224
2460.9375,0.0,0.0,0.0,0.0,0.0,0.14100691845410437,0.057722930274191724,0.06265432770948128,0.14084175203972676,0.057913776343825385,0.06172235660464665,0.05786929490734923,0.06229079846620402,0.1398160891931726,0.05763056751851842,0.061837320576231126,0.1399016768798753,0.05741353352488976,0.06264462133931224
2468.75,0.0,0.0,0.0,0.0,0.0,0.14100691845410437,0.057722930274191724,0.06265432770948128,0.14084175203972676,0.057913776343825385,0.06172235660464665,0.05786929490734923,0.06229079846620402,0.1398160891931726,0.05763056751851842,0.061837320576231126,0.1399016768798753,0.05741353352488976,0.06264462133931224
2476.5625,0.0,0.0,0.0,0.0,0.0,0.14100691845410437,0.057722930274191724,0.06265432770948128,0.14084175203972676,0.057913776343825385,0.06172235660464665,0.05786929490734923,0.06229079846620402,0.1398160891931726,0.05763056751851842,0.061837320576231126,0.1399016768798753,0.05741353352488976,0.06264462133931224
2484.375,0.0,0.0,0.0,0.0,0.0,0.14100691845410437,0.057722930274191724,0.06265432770948128,0.14084175203972676,0.057913776343825385,0.06172235660464665,0.05786929490734923,0.06229079846620402,0.1398160891931726,0.05763056751851842,0.061837320576231126,0.1399016768798753,0.05741353352488976,0.06264462133931224
2492.1875,0.0,0.0,0.0,0.0,0.0,0.14100691845410437,0.057722930274191724,0.06265432770948128,0.14084175203972676,0.057913776343825385,0.06172235660464665,0.05786929490734923,0.06229079846620402,0.1398160891931726,0.05763056751851842,0.061837320576231126,0.1399016768798753,0.05741353352488976,0.06264462133931224
2500.0,0.0,0.0,0.0,0.0,0.0,0.14100691845410437,0.057722930274191724,0.06265432770948128,0.14084175203972676,0.057913776343825385,0.06172235660464665,0.05786929490734923,0.06229079846620402,0.1398160891931726,0.05763056751851842,0.061837320576231126,0.1399016768798753,0.05741353352488976,0.06264462133931224
2507.8125,0.0,0.0,0.0,0.0,0.0,0.14100691845410437,0.057722930274191724,0.06265432770948128,0.14084175203972676,0.057913776343825385,0.06172235660464665,0.05786929490734923,0.06229079846620402,0.1398160891931726,0.05763056751851842,0.061837320576231126,0.1399016768798753,0.05741353352488976,0.06264462133931224
2515.625,0.0,0.0,0.0,0.0,0.0,0.14100691845410437,0.057722930274191724,0.06265432770948128,0.14084175203972676,0.057913776343825385,0.06172235660464665,0.05786929490734923,0.06229079846620402,0.1398160891931726,0.05763056751851842,0.061837320576231126,0.1399016768798753,0.05741353352488976,0.06264462133931224
2523.4375,0.0,0.0,0.0,0.0,0.0,0.14100691845410437,0.057722930274191724,0.06265432770948128,0.14084175203972676,0.057913776343825385,0.06172235660464665,0.05786929490734923,0.06229079846620402,0.1398160891931726,0.05763056751851842,0.061837320576231126,0.1399016768798753,0.05741353352488976,0.06264462133931224
2531.25,0.0,0.0,0.0,0.0,0.0,0.14100691845410437,0.057722930274191724,0.06265432770948128,0.14084175203972676,0.057913776343825385,0.06172235660464665,0.05786929490734923,0.06229079846620402,0.1398160891931726,0.05763056751851842,0.061837320576231126,0.1399016768798753,0.05741353352488976,0.06264462133931224
2539.0625,0.0,0.0,0.0,0.0,0.0,0.14100691845410437,0.057722930274191724,0.06265432770948128,0.14084175203972676,0.057913776343825385,0.06172235660464665,0.05786929490734923,0.06229079846620402,0.1398160891931726,0.05763056751851842,0.061837320576231126,0.1399016768798753,0.05741353352488976,0.06264462133931224
2546.875,0.0,0.0,0.0,0.0,0.0,0.14100691845410437,0.057722930274191724,0.06265432770948128,0.14084175203972676,0.057913776343825385,0.06172235660464665,0.05786929490734923,0.06229079846620402,0.1398160891931726,0.05763056751851842,0.061837320576231126,0.1399016768798753,0.05741353352488976,0.06264462133931224
2554.6875,0.0,0.0,0.0,0.0,0.0,0.14100691845410437,0.057722930274191724,0.06265432770948128,0.14084175203972676,0.057913776343825385,0.06172235660464665,0.05786929490734923,0.06229079846620402,0.1398160891931726,0.05763056751851842,0.061837320576231126,0.1399016768798753,0.05741353352488976,0.06264462133931224
2562.5,0.0,0.0,0.0,0.0,0.0,0.14100691845410437,0.057722930274191724,0.06265432770948128,0.14084175203972676,0.057913776343825385,0.06172235660464665,0.05786929490734923,0.06229079846620402,0.1398160891931726,0.05763056751851842,0.061837320576231126,0.1399016768798753,0.05741353352488976,0.06264462133931224
2570.3125,0.0,0.0,0.0,0.0,0.0,0.14100691845410437,0.057722930274191724,0.06265432770948128,0.14084175203972676,0.057913776343825385,0.06172235660464665,0.05786929490734923,0.06229079846620402,0.1398160891931726,0.05763056751851842,0.061837320576231126,0.1399016768798753,0.05741353352488976,0.06264462133931224
2578.125,0.0,0.0,0.0,0.0,0.0,0.14100691845410437,0.057722930274191724,0.06265432770948128,0.14084175203972676,0.057913776343825385,0.06172235660464665,0.05786929490734923,0.06229079846620402,0.1398160891931726,0.05763056751851842,0.061837320576231126,0.1399016768798753,0.05741353352488976,0.06264462133931224
2585.9375,0.0,0.0,0.0,0.0,0.0,0.14100691845410437,0.057722930274191724,0.06265432770948128,0.14084175203972676,0.057913776343825385,0.06172235660464665,0.05786929490734923,0.06229079846620402,0.1398160891931726,0.05763056751851842,0.061837320576231126,0.1399016768798753,0.05741353352488976,0.06264462133931224
2593.75,0.0,0.0,0.0,0.0,0.0,0.14100691845410437,0.057722930274191724,0.06265432770948128,0.14084175203972676,0.057913776343825385,0.06172235660464665,0.05786929490734923,0.06229079846620402,0.1398160891931726,0.05763056751851842,0.061837320576231126,0.1399016768798753,0.05741353352488976,0.06264462133931224
2601.5625,0.0,0.0,0.0,0.0,0.0,0.14100691845410437,0.057722930274191724,0.06265432770948128,0.14084175203972676,0.057913776343825385,0.06172235660464665,0.05786929490734923,0.06229079846620402,0.1398160891931726,0.05763056751851842,0.061837320576231126,0.1399016768798753,0.05741353352488976,0.06264462133931224
2609.375,0.0,0.0,0.0,0.0,0.0,0.14100691845410437,0.057722930274191724,0.06265432770948128,0.14084175203972676,0.057913776343825385,0.06172235660464665,0.05786929490734923,0.06229079846620402,0.1398160891931726,0.05763056751851842,0.061837320576231126,0.1399016768798753,0.05741353352488976,0.06264462133931224
2617.1875,0.0,0.0,0.0,0.0,0.0,0.14100691845410437,0.057722930274191724,0.06265432770948128,0.14084175203972676,0.057913776343825385,0.06172235660464665,0.05786929490734923,0.06229079846620402,0.1398160891931726,0.05763056751851842,0.061837320576231126,0.1399016768798753,0.05741353352488976,0.06264462133931224
2625.0,0.0,0.0,0.0,0.0,0.0,0.14100691845410437,0.057722930274191724,0.06265432770948128,0.14084175203972676,0.057913776343825385,0.06172235660464665,0.05786929490734923,0.06229079846620402,0.1398160891931726,0.05763056751851842,0.061837320576231126,0.1399016768798753,0.05741353352488976,0.06264462133931224
2632.8125,0.0,0.0,0.0,0.0,0.0,0.14100691845410437,0.057722930274191724,0.06265432770948128,0.14084175203972676,0.057913776343825385,0.06172235660464665,0.05786929490734923,0.06229079846620402,0.1398160891931726,0.05763056751851842,0.061837320576231126,0.1399016768798753,0.05741353352488976,0.06264462133931224
2640.625,0.0,0.0,0.0,0.0,0.0,0.14100691845410437,0.057722930274191724,0.06265432770948128,0.14084175203972676,0.057913776343825385,0.06172235660464665,0.05786929490734923,0.06229079846620402,0.1398160891931726,0.05763056751851842,0.061837320576231126,0.1399016768798753,0.05741353352488976,0.06264462133931224
2648.4375,0.0,0.0,0.0,0.0,0.0,0.14100691845410437,0.057722930274191724,0.06265432770948128,0.14084175203972676,0.057913776343825385,0.06172235660464665,0.05786929490734923,0.06229079846620402,0.1398160891931726,0.05763056751851842,0.061837320576231126,0.1399016768798753,0.05741353352488976,0.06264462133931224
2656.25,0.0,0.0,0.0,0.0,0.0,0.14100691845410437,0.057722930274191724,0.06265432770948128,0.14084175203972676,0.057913776343825385,0.06172235660464665,0.05786929490734923,0.06229079846620402,0.1398160891931726,0.05763056751851842,0.061837320576231126,0.1399016768798753,0.05741353352488976,0.06264462133931224
2664.0625,0.0,0.0,0.0,0.0,0.0,0.14100691845410437,0.057722930274191724,0.06265432770948128,0.14084175203972676,0.057913776343825385,0.06172235660464665,0.05786929490734923,0.06229079846620402,0.1398160891931726,0.05763056751851842,0.061837320576231126,0.1399016768798753,0.05741353352488976,0.06264462133931224
2671.875,0.0,0.0,0.0,0.0,0.0,0.14100691845410437,0.057722930274191724,0.06265432770948128,0.14084175203972676,0.057913776343825385,0.06172235660464665,0.05786929490734923,0.06229079846620402,0.1398160891931726,0.05763056751851842,0.061837320576231126,0.1399016768798753,0.05741353352488976,0.06264462133931224
2679.6875,0.0,0.0,0.0,0.0,0.0,0.14100691845410437,0.057722930274191724,0.06265432770948128,0.14084175203972676,0.057913776343825385,0.06172235660464665,0.05786929490734923,0.06229079846620402,0.1398160891931726,0.05763056751851842,0.061837320576231126,0.1399016768798753,0.05741353352488976,0.06264462133931224
2687.5,0.0,0.0,0.0,0.0,0.0,0.14100691845410437,0.057722930274191724,0.06265432770948128,0.14084175203972676,0.057913776343825385,0.06172235660464665,0.05786929490734923,0.06229079846620402,0.1398160891931726,0.05763056751851842,0.061837320576231126,0.1399016768798753,0.05741353352488976,0.06264462133931224
2695.3125,0.0,0.0,0.0,0.0,0.0,0.14100691845410437,0.057722930274191724,0.06265432770948128,0.14084175203972676,0.057913776343825385,0.06172235660464665,0.05786929490734923,0.06229079846620402,0.1398160891931726,0.05763056751851842,0.061837320576231126,0.1399016768798753,0.05741353352488976,0.06264462133931224
2703.125,0.0,0.0,0.0,0.0,0.0,0.14100691845410437,0.057722930274191724,0.06265432770948128,0.14084175203972676,0.057913776343825385,0.06172235660464665,0.05786929490734923,0.06229079846620402,0.1398160891931726,0.05763056751851842,0.061837320576231126,0.1399016768798753,0.05741353352488976,0.06264462133931224
2710.9375,0.0,0.0,0.0,0.0,0.0,0.14100691845410437,0.057722930274191724,0.06265432770948128,0.14084175203972676,0.057913776343825385,0.06172235660464665,0.05786929490734923,0.06229079846620402,0.1398160891931726,0.05763056751851842,0.061837320576231126,0.1399016768798753,0.05741353352488976,0.06264462133931224
2718.75,0.0,0.0,0.0,0.0,0.0,0.14100691845410437,0.057722930274191724,0.06265432770948128,0.14084175203972676,0.057913776343825385,0.06172235660464665,0.05786929490734923,0.06229079846620402,0.1398160891931726,0.05763056751851842,0.061837320576231126,0.1399016768798753,0.05741353352488976,0.06264462133931224
2726.5625,0.0,0.0,0.0,0.0,0.0,0.14100691845410437,0.057722930274191724,0.06265432770948128,0.14084175203972676,0.057913776343825385,0.06172235660464665,0.05786929490734923,0.06229079846620402,0.1398160891931726,0.05763056751851842,0.061837320576231126,0.1399016768798753,0.05741353352488976,0.06264462133931224
2734.375,0.0,0.0,0.0,0.0,0.0,0.14100691845410437,0.057722930274191724,0.06265432770948128,0.14084175203972676,0.057913776343825385,0.06172235660464665,0.05786929490734923,0.06229079846620402,0.1398160891931726,0.05763056751851842,0.061837320576231126,0.1399016768798753,0.05741353352488976,0.06264462133931224
2742.1875,0.0,0.0,0.0,0.0,0.0,0.14100691845410437,0.057722930274191724,0.06265432770948128,0.14084175203972676,0.057913776343825385,0.06172235660464665,0.05786929490734923,0.06229079846620402,0.1398160891931726,0.05763056751851842,0.061837320576231126,0.1399016768798753,0.05741353352488976,0.06264462133931224
2750.0,0.0,0.0,0.0,0.0,0.0,0.14100691845410437,0.057722930274191724,0.06265432770948128,0.14084175203972676,0.057913776343825385,0.06172235660464665,0.05786929490734923,0.06229079846620402,0.1398160891931726,0.05763056751851842,0.061837320576231126,0.1399016768798753,0.05741353352488976,0.06264462133931224
2757.8125,0.0,0.0,0.0,0.0,0.0,0.14100691845410437,0.057722930274191724,0.06265432770948128,0.14084175203972676,0.057913776343825385,0.06172235660464665,0.05786929490734923,0.06229079846620402,0.1398160891931726,0.05763056751851842,0.061837320576231126,0.1399016768798753,0.05741353352488976,0.06264462133931224
2765.625,0.0,0.0,0.0,0.0,0.0,0.14100691845410437,0.057722930274191724,0.06265432770948128,0.14084175203972676,0.057913776343825385,0.06172235660464665,0.05786929490734923,0.06229079846620402,0.1398160891931726,0.05763056751851842,0.061837320576231126,0.1399016768798753,0.05741353352488976,0.06264462133931224
2773.4375,0.0,0.0,0.0,0.0,0.0,0.14100691845410437,0.057722930274191724,0.06265432770948128,0.14084175203972676,0.057913776343825385,0.06172235660464665,0.05786929490734923,0.06229079846620402,0.1398160891931726,0.05763056751851842,0.061837320576231126,0.1399016768798753,0.05741353352488976,0.06264462133931224
2781.25,0.0,0.0,0.0,0.0,0.0,0.14100691845410437,0.057722930274191724,0.06265432770948128,0.14084175203972676,0.057913776343825385,0.06172235660464665,0.05786929490734923,0.06229079846620402,0.1398160891931726,0.05763056751851842,0.061837320576231126,0.1399016768798753,0.05741353352488976,0.06264462133931224
2789.0625,0.0,0.0,0.0,0.0,0.0,0.14100691845410437,0.057722930274191724,0.06265432770948128,0.14084175203972676,0.057913776343825385,0.06172235660464665,0.05786929490734923,0.06229079846620402,0.1398160891931726,0.05763056751851842,0.061837320576231126,0.1399016768798753,0.05741353352488976,0.06264462133931224
2796.875,0.0,0.0,0.0,0.0,0.0,0.14100691845410437,0.057722930274191724,0.06265432770948128,0.14084175203972676,0.057913776343825385,0.06172235660464665,0.05786929490734923,0.06229079846620402,0.1398160891931726,0.05763056751851842,0.061837320576231126,0.1399016768798753,0.05741353352488976,0.06264462133931224
2804.6875,0.0,0.0,0.0,0.0,0.0,0.14100691845410437,0.057722930274191724,0.06265432770948128,0.14084175203972676,0.057913776343825385,0.06172235660464665,0.05786929490734923,0.06229079846620402,0.1398160891931726,0.05763056751851842,0.061837320576231126,0.1399016768798753,0.05741353352488976,0.06264462133931224
2812.5,0.0,0.0,0.0,0.0,0.0,0.14100691845410437,0.057722930274191724,0.06265432770948128,0.14084175203972676,0.057913776343825385,0.06172235660464665,0.05786929490734923,0.06229079846620402,0.1398160891931726,0.05763056751851842,0.061837320576231126,0.1399016768798753,0.05741353352488976,0.06264462133931224
2820.3125,0.0,0.0,0.0,0.0,0.0,0.14100691845410437,0.057722930274191724,0.06265432770948128,0.14084175203972676,0.057913776343825385,0.06172235660464665,0.05786929490734923,0.06229079846620402,0.1398160891931726,0.05763056751851842,0.061837320576231126,0.1399016768798753,0.05741353352488976,0.06264462133931224
2828.125,0.0,0.0,0.0,0.0,0.0,0.14100691845410437,0.057722930274191724,0.06265432770948128,0.14084175203972676,0.057913776343825385,0.06172235660464665,0.05786929490734923,0.06229079846620402,0.1398160891931726,0.05763056751851842,0.061837320576231126,0.1399016768798753,0.05741353352488976,0.06264462133931224
2835.9375,0.0,0.0,0.0,0.0,0.0,0.14100691845410437,0.057722930274191724,0.06265432770948128,0.14084175203972676,0.057913776343825385,0.06172235660464665,0.05786929490734923,0.06229079846620402,0.1398160891931726,0.05763056751851842,0.061837320576231126,0.1399016768798753,0.05741353352488976,0.06264462133931224
2843.75,0.0,0.0,0.0,0.0,0.0,0.14100691845410437,0.057722930274191724,0.06265432770948128,0.14084175203972676,0.057913776343825385,0.06172235660464665,0.05786929490734923,0.06229079846620402,0.1398160891931726,0.05763056751851842,0.061837320576231126,0.1399016768798753,0.05741353352488976,0.06264462133931224
2851.5625,0.0,0.0,0.0,0.0,0.0,0.14100691845410437,0.057722930274191724,0.06265432770948128,0.14084175203972676,0.057913776343825385,0.06172235660464665,0.05786929490734923,0.06229079846620402,0.1398160891931726,0.05763056751851842,0.061837320576231126,0.1399016768798753,0.05741353352488976,0.06264462133931224
2859.375,0.0,0.0,0.0,0.0,0.0,0.14100691845410437,0.057722930274191724,0.06265432770948128,0.14084175203972676,0.057913776343825385,0.06172235660464665,0.05786929490734923,0.06229079846620402,0.1398160891931726,0.05763056751851842,0.061837320576231126,0.1399016768798753,0.05741353352488976,0.06264462133931224
2867.1875,0.0,0.0,0.0,0.0,0.0,0.14100691845410437,0.057722930274191724,0.06265432770948128,0.14084175203972676,0.057913776343825385,0.06172235660464665,0.05786929490734923,0.06229079846620402,0.1398160891931726,0.05763056751851842,0.061837320576231126,0.1399016768798753,0.05741353352488976,0.06264462133931224
2875.0,0.0,0.0,0.0,0.0,0.0,0.14100691845410437,0.057722930274191724,0.06265432770948128,0.14084175203972676,0.057913776343825385,0.06172235660464665,0.05786929490734923,0.06229079846620402,0.1398160891931726,0.05763056751851842,0.061837320576231126,0.1399016768798753,0.05741353352488976,0.06264462133931224
2882.8125,0.0,0.0,0.0,0.0,0.0,0.14100691845410437,0.057722930274191724,0.06265432770948128,0.14084175203972676,0.057913776343825385,0.06172235660464665,0.05786929490734923,0.06229079846620402,0.1398160891931726,0.05763056751851842,0.061837320576231126,0.1399016768798753,0.05741353352488976,0.06264462133931224
2890.625,0.0,0.0,0.0,0.0,0.0,0.14100691845410437,0.057722930274191724,0.06265432770948128,0.14084175203972676,0.057913776343825385,0.06172235660464665,0.05786929490734923,0.06229079846620402,0.1398160891931726,0.05763056751851842,0.061837320576231126,0.1399016768798753,0.05741353352488976,0.06264462133931224
2898.4375,0.0,0.0,0.0,0.0,0.0,0.14100691845410437,0.057722930274191724,0.06265432770948128,0.14084175203972676,0.057913776343825385,0.06172235660464665,0.05786929490734923,0.06229079846620402,0.1398160891931726,0.05763056751851842,0.061837320576231126,0.1399016768798753,0.05741353352488976,0.06264462133931224
2906.25,0.0,0.0,0.0,0.0,0.0,0.14100691845410437,0.057722930274191724,0.06265432770948128,0.14084175203972676,0.057913776343825385,0.06172235660464665,0.05786929490734923,0.06229079846620402,0.1398160891931726,0.05763056751851842,0.061837320576231126,0.1399016768798753,0.05741353352488976,0.06264462133931224
2914.0625,0.0,0.0,0.0,0.0,0.0,0.14100691845410437,0.057722930274191724,0.06265432770948128,0.14084175203972676,0.057913776343825385,0.06172235660464665,0.05786929490734923,0.06229079846620402,0.1398160891931726,0.05763056751851842,0.061837320576231126,0.1399016768798753,0.05741353352488976,0.06264462133931224
2921.875,0.0,0.0,0.0,0.0,0.0,0.14100691845410437,0.057722930274191724,0.06265432770948128,0.14084175203972676,0.057913776343825385,0.06172235660464665,0.05786929490734923,0.06229079846620402,0.1398160891931726,0.05763056751851842,0.061837320576231126,0.1399016768798753,0.05741353352488976,0.06264462133931224
2929.6875,0.0,0.0,0.0,0.0,0.0,0.14100691845410437,0.057722930274191724,0.06265432770948128,0.14084175203972676,0.057913776343825385,0.06172235660464665,0.05786929490734923,0.06229079846620402,0.1398160891931726,0.05763056751851842,0.061837320576231126,0.1399016768798753,0.05741353352488976,0.06264462133931224
2937.5,0.0,0.0,0.0,0.0,0.0,0.14100691845410437,0.057722930274191724,0.06265432770948128,0.14084175203972676,0.057913776343825385,0.06172235660464665,0.05786929490734923,0.06229079846620402,0.1398160891931726,0.05763056751851842,0.061837320576231126,0.1399016768798753,0.05741353352488976,0.06264462133931224
2945.3125,0.0,0.0,0.0,0.0,0.0,0.14100691845410437,0.057722930274191724,0.06265432770948128,0.14084175203972676,0.057913776343825385,0.06172235660464665,0.05786929490734923,0.06229079846620402,0.1398160891931726,0.05763056751851842,0.061837320576231126,0.1399016768798753,0.05741353352488976,0.06264462133931224
2953.125,0.0,0.0,0.0,0.0,0.0,0.14100691845410437,0.057722930274191724,0.06265432770948128,0.14084175203972676,0.057913776343825385,0.06172235660464665,0.05786929490734923,0.06229079846620402,0.1398160891931726,0.05763056751851842,0.061837320576231126,0.1399016768798753,0.05741353352488976,0.06264462133931224
2960.9375,0.0,0.0,0.0,0.0,0.0,0.14100691845410437,0.057722930274191724,0.06265432770948128,0.14084175203972676,0.057913776343825385,0.06172235660464665,0.05786929490734923,0.06229079846620402,0.1398160891931726,0.05763056751851842,0.061837320576231126,0.1399016768798753,0.05741353352488976,0.06264462133931224
2968.75,0.0,0.0,0.0,0.0,0.0,0.14100691845410437,0.057722930274191724,0.06265432770948128,0.14084175203972676,0.057913776343825385,0.06172235660464665,0.05786929490734923,0.06229079846620402,0.1398160891931726,0.05763056751851842,0.061837320576231126,0.1399016768798753,0.05741353352488976,0.06264462133931224
2976.5625,0.0,0.0,0.0,0.0,0.0,0.14100691845410437,0.057722930274191724,0.06265432770948128,0.14084175203972676,0.057913776343825385,0.06172235660464665,0.05786929490734923,0.06229079846620402,0.1398160891931726,0.05763056751851842,0.061837320576231126,0.1399016768798753,0.05741353352488976,0.06264462133931224
2984.375,0.0,0.0,0.0,0.0,0.0,0.14100691845410437,0.057722930274191724,0.06265432770948128,0.14084175203972676,0.057913776343825385,0.06172235660464665,0.05786929490734923,0.06229079846620402,0.1398160891931726,0.05763056751851842,0.061837320576231126,0.1399016768798753,0.05741353352488976,0.06264462133931224
2992.1875,0.0,0.0,0.0,0.0,0.0,0.14100691845410437,0.057722930274191724,0.06265432770948128,0.14084175203972676,0.057913776343825385,0.06172235660464665,0.05786929490734923,0.06229079846620402,0.1398160891931726,0.05763056751851842,0.061837320576231126,0.1399016768798753,0.05741353352488976,0.06264462133931224
