timestamp,AF3,T7,Pz,T8,AF4,AF3_theta,AF3_alpha,AF3_beta,T7_theta,T7_mu,T7_beta,Pz_alpha,Pz_beta,T8_theta,T8_mu,T8_beta,AF4_theta,AF4_alpha,AF4_beta
0.0,4368.718,4221.026,4158.462,4136.41,4331.282,0.1413678489587636,0.05575552542321312,0.06293016165716665,0.1417902636804712,0.056085285181960105,0.0633647060796768,0.05607282950279849,0.06255557074051749,0.14103381681028387,0.05594460609125727,0.06337118612642789,0.1411441635750925,0.0556799958001421,0.06278861450001372
7.8125,4337.436,4230.769,4161.538,4132.821,4302.564,0.1413678489587636,0.05575552542321312,0.06293016165716665,0.1417902636804712,0.056085285181960105,0.0633647060796768,0.05607282950279849,0.06255557074051749,0.14103381681028387,0.05594460609125727,0.06337118612642789,0.1411441635750925,0.0556799958001421,0.06278861450001372
15.625,4316.41,4248.718,4155.897,4131.282,4277.436,0.1413678489587636,0.05575552542321312,0.06293016165716665,0.1417902636804712,0.056085285181960105,0.0633647060796768,0.05607282950279849,0.06255557074051749,0.14103381681028387,0.05594460609125727,0.06337118612642789,0.1411441635750925,0.0556799958001421,0.06278861450001372
23.4375,4302.564,4234.872,4138.974,4137.949,4267.692,0.1413678489587636,0.05575552542321312,0.06293016165716665,0.1417902636804712,0.056085285181960105,0.0633647060796768,0.05607282950279849,0.06255557074051749,0.14103381681028387,0.05594460609125727,0.06337118612642789,0.1411441635750925,0.0556799958001421,0.06278861450001372
31.25,4288.205,4243.077,4132.821,4132.308,4255.385,0.1413678489587636,0.05575552542321312,0.06293016165716665,0.1417902636804712,0.056085285181960105,0.0633647060796768,0.05607282950279849,0.06255557074051749,0.14103381681028387,0.05594460609125727,0.06337118612642789,0.1411441635750925,0.0556799958001421,0.06278861450001372
39.0625,4285.641,4261.026,4143.077,4123.077,4247.179,0.1413678489587636,0.05575552542321312,0.06293016165716665,0.1417902636804712,0.056085285181960105,0.0633647060796768,0.05607282950279849,0.06255557074051749,0.14103381681028387,0.05594460609125727,0.06337118612642789,0.1411441635750925,0.0556799958001421,0.06278861450001372
46.875,4287.179,4247.692,4149.231,4118.462,4249.744,0.1413678489587636,0.05575552542321312,0.06293016165716665,0.1417902636804712,0.056085285181960105,0.0633647060796768,0.05607282950279849,0.06255557074051749,0.14103381681028387,0.05594460609125727,0.06337118612642789,0.1411441635750925,0.0556799958001421,0.06278861450001372
54.6875,4274.872,4218.974,4141.538,4113.333,4241.026,0.1413678489587636,0.05575552542321312,0.06293016165716665,0.1417902636804712,0.056085285181960105,0.0633647060796768,0.05607282950279849,0.06255557074051749,0.14103381681028387,0.05594460609125727,0.06337118612642789,0.1411441635750925,0.0556799958001421,0.06278861450001372
62.5,4254.359,4192.821,4122.051,4106.154,4216.923,0.1413678489587636,0.05575552542321312,0.06293016165716665,0.1417902636804712,0.056085285181960105,0.0633647060796768,0.05607282950279849,0.06255557074051749,0.14103381681028387,0.05594460609125727,0.06337118612642789,0.1411441635750925,0.0556799958001421,0.06278861450001372
70.3125,4244.615,4195.897,4104.615,4101.538,4207.692,0.1413678489587636,0.05575552542321312,0.06293016165716665,0.1417902636804712,0.056085285181960105,0.0633647060796768,0.05607282950279849,0.06255557074051749,0.14103381681028387,0.05594460609125727,0.06337118612642789,0.1411441635750925,0.0556799958001421,0.06278861450001372
78.125,4246.154,4230.256,4104.615,4102.564,4218.974,0.1413678489587636,0.05575552542321312,0.06293016165716665,0.1417902636804712,0.056085285181960105,0.0633647060796768,0.05607282950279849,0.06255557074051749,0.14103381681028387,0.05594460609125727,0.06337118612642789,0.1411441635750925,0.0556799958001421,0.06278861450001372
85.9375,4240.513,4221.026,4112.821,4102.051,4222.051,0.1413678489587636,0.05575552542321312,0.06293016165716665,0.1417902636804712,0.056085285181960105,0.0633647060796768,0.05607282950279849,0.06255557074051749,0.14103381681028387,0.05594460609125727,0.06337118612642789,0.1411441635750925,0.0556799958001421,0.06278861450001372
93.75,4234.359,4196.41,4119.487,4104.103,4213.846,0.1413678489587636,0.05575552542321312,0.06293016165716665,0.1417902636804712,0.056085285181960105,0.0633647060796768,0.05607282950279849,0.06255557074051749,0.14103381681028387,0.05594460609125727,0.06337118612642789,0.1411441635750925,0.0556799958001421,0.06278861450001372
101.5625,4235.897,4225.641,4126.667,4109.231,4212.308,0.1413678489587636,0.05575552542321312,0.06293016165716665,0.1417902636804712,0.056085285181960105,0.0633647060796768,0.05607282950279849,0.06255557074051749,0.14103381681028387,0.05594460609125727,0.06337118612642789,0.1411441635750925,0.0556799958001421,0.06278861450001372
109.375,4235.897,4257.949,4131.282,4109.744,4217.436,0.1413678489587636,0.05575552542321312,0.06293016165716665,0.1417902636804712,0.056085285181960105,0.0633647060796768,0.05607282950279849,0.06255557074051749,0.14103381681028387,0.05594460609125727,0.06337118612642789,0.1411441635750925,0.0556799958001421,0.06278861450001372
117.1875,4242.564,4248.718,4138.462,4120.0,4221.538,0.1413678489587636,0.05575552542321312,0.06293016165716665,0.1417902636804712,0.056085285181960105,0.0633647060796768,0.05607282950279849,0.06255557074051749,0.14103381681028387,0.05594460609125727,0.06337118612642789,0.1411441635750925,0.0556799958001421,0.06278861450001372
125.0,4240.513,4220.513,4138.974,4128.205,4212.308,0.1413678489587636,0.05575552542321312,0.06293016165716665,0.1417902636804712,0.056085285181960105,0.0633647060796768,0.05607282950279849,0.06255557074051749,0.14103381681028387,0.05594460609125727,0.06337118612642789,0.1411441635750925,0.0556799958001421,0.06278861450001372
132.8125,4223.59,4206.154,4125.128,4114.872,4200.0,0.1413678489587636,0.05575552542321312,0.06293016165716665,0.1417902636804712,0.056085285181960105,0.0633647060796768,0.05607282950279849,0.06255557074051749,0.14103381681028387,0.05594460609125727,0.06337118612642789,0.1411441635750925,0.0556799958001421,0.06278861450001372
140.625,4228.205,4211.282,4124.103,4112.308,4206.154,0.1413678489587636,0.05575552542321312,0.06293016165716665,0.1417902636804712,0.056085285181960105,0.0633647060796768,0.05607282950279849,0.06255557074051749,0.14103381681028387,0.05594460609125727,0.06337118612642789,0.1411441635750925,0.0556799958001421,0.06278861450001372
148.4375,4242.564,4218.462,4129.744,4121.538,4204.103,0.1413678489587636,0.05575552542321312,0.06293016165716665,0.1417902636804712,0.056085285181960105,0.0633647060796768,0.05607282950279849,0.06255557074051749,0.14103381681028387,0.05594460609125727,0.06337118612642789,0.1411441635750925,0.0556799958001421,0.06278861450001372
156.25,4234.872,4230.769,4126.154,4112.308,4179.487,0.1413678489587636,0.05575552542321312,0.06293016165716665,0.1417902636804712,0.056085285181960105,0.0633647060796768,0.05607282950279849,0.06255557074051749,0.14103381681028387,0.05594460609125727,0.06337118612642789,0.1411441635750925,0.0556799958001421,0.06278861450001372
164.0625,4236.41,4242.051,4136.923,4115.897,4191.795,0.1413678489587636,0.05575552542321312,0.06293016165716665,0.1417902636804712,0.056085285181960105,0.0633647060796768,0.05607282950279849,0.06255557074051749,0.14103381681028387,0.05594460609125727,0.06337118612642789,0.1411441635750925,0.0556799958001421,0.06278861450001372
171.875,4242.051,4220.513,4145.128,4130.769,4227.692,0.1413678489587636,0.05575552542321312,0.06293016165716665,0.1417902636804712,0.056085285181960105,0.0633647060796768,0.05607282950279849,0.06255557074051749,0.14103381681028387,0.05594460609125727,0.06337118612642789,0.1411441635750925,0.0556799958001421,0.06278861450001372
179.6875,4231.282,4213.333,4138.974,4126.154,4222.051,0.1413678489587636,0.05575552542321312,0.06293016165716665,0.1417902636804712,0.056085285181960105,0.0633647060796768,0.05607282950279849,0.06255557074051749,0.14103381681028387,0.05594460609125727,0.06337118612642789,0.1411441635750925,0.0556799958001421,0.06278861450001372
187.5,4243.077,4248.718,4150.256,4128.718,4216.923,0.1413678489587636,0.05575552542321312,0.06293016165716665,0.1417902636804712,0.056085285181960105,0.0633647060796768,0.05607282950279849,0.06255557074051749,0.14103381681028387,0.05594460609125727,0.06337118612642789,0.1411441635750925,0.0556799958001421,0.06278861450001372
195.3125,4260.513,4266.667,4160.0,4136.923,4238.974,0.1413678489587636,0.05575552542321312,0.06293016165716665,0.1417902636804712,0.056085285181960105,0.0633647060796768,0.05607282950279849,0.06255557074051749,0.14103381681028387,0.05594460609125727,0.06337118612642789,0.1411441635750925,0.0556799958001421,0.06278861450001372
203.125,4241.538,4256.41,4142.051,4125.128,4231.795,0.1413678489587636,0.05575552542321312,0.06293016165716665,0.1417902636804712,0.056085285181960105,0.0633647060796768,0.05607282950279849,0.06255557074051749,0.14103381681028387,0.05594460609125727,0.06337118612642789,0.1411441635750925,0.0556799958001421,0.06278861450001372
210.9375,4221.026,4219.487,4127.179,4114.359,4196.923,0.1413678489587636,0.05575552542321312,0.06293016165716665,0.1417902636804712,0.056085285181960105,0.0633647060796768,0.05607282950279849,0.06255557074051749,0.14103381681028387,0.05594460609125727,0.06337118612642789,0.1411441635750925,0.0556799958001421,0.06278861450001372
218.75,4230.256,4211.795,4141.538,4123.59,4201.538,0.1413678489587636,0.05575552542321312,0.06293016165716665,0.1417902636804712,0.056085285181960105,0.0633647060796768,0.05607282950279849,0.06255557074051749,0.14103381681028387,0.05594460609125727,0.06337118612642789,0.1411441635750925,0.0556799958001421,0.06278861450001372
226.5625,4248.205,4272.821,4164.103,4139.487,4233.846,0.1413678489587636,0.05575552542321312,0.06293016165716665,0.1417902636804712,0.056085285181960105,0.0633647060796768,0.05607282950279849,0.06255557074051749,0.14103381681028387,0.05594460609125727,0.06337118612642789,0.1411441635750925,0.0556799958001421,0.06278861450001372
234.375,4245.128,4273.333,4160.513,4138.974,4229.231,0.1413678489587636,0.05575552542321312,0.06293016165716665,0.1417902636804712,0.056085285181960105,0.0633647060796768,0.05607282950279849,0.06255557074051749,0.14103381681028387,0.05594460609125727,0.06337118612642789,0.1411441635750925,0.0556799958001421,0.06278861450001372
242.1875,4233.333,4220.0,4141.538,4129.231,4202.564,0.1413678489587636,0.05575552542321312,0.06293016165716665,0.1417902636804712,0.056085285181960105,0.0633647060796768,0.05607282950279849,0.06255557074051749,0.14103381681028387,0.05594460609125727,0.06337118612642789,0.1411441635750925,0.0556799958001421,0.06278861450001372
250.0,4222.051,4225.641,4123.077,4122.051,4193.846,0.1413678489587636,0.05575552542321312,0.06293016165716665,0.1417902636804712,0.056085285181960105,0.0633647060796768,0.05607282950279849,0.06255557074051749,0.14103381681028387,0.05594460609125727,0.06337118612642789,0.1411441635750925,0.0556799958001421,0.06278861450001372
257.8125,4212.308,4227.692,4106.154,4114.359,4192.308,0.1413678489587636,0.05575552542321312,0.06293016165716665,0.1417902636804712,0.056085285181960105,0.0633647060796768,0.05607282950279849,0.06255557074051749,0.14103381681028387,0.05594460609125727,0.06337118612642789,0.1411441635750925,0.0556799958001421,0.06278861450001372
265.625,4212.821,4207.692,4105.641,4107.692,4185.128,0.1413678489587636,0.05575552542321312,0.06293016165716665,0.1417902636804712,0.056085285181960105,0.0633647060796768,0.05607282950279849,0.06255557074051749,0.14103381681028387,0.05594460609125727,0.06337118612642789,0.1411441635750925,0.0556799958001421,0.06278861450001372
273.4375,4215.385,4214.872,4117.949,4102.564,4189.231,0.1413678489587636,0.05575552542321312,0.06293016165716665,0.1417902636804712,0.056085285181960105,0.0633647060796768,0.05607282950279849,0.06255557074051749,0.14103381681028387,0.05594460609125727,0.06337118612642789,0.1411441635750925,0.0556799958001421,0.06278861450001372
281.25,4197.949,4207.692,4116.923,4095.385,4189.744,0.1413678489587636,0.05575552542321312,0.06293016165716665,0.1417902636804712,0.056085285181960105,0.0633647060796768,0.05607282950279849,0.06255557074051749,0.14103381681028387,0.05594460609125727,0.06337118612642789,0.1411441635750925,0.0556799958001421,0.06278861450001372
289.0625,4188.205,4205.128,4115.385,4096.41,4186.154,0.1413678489587636,0.05575552542321312,0.06293016165716665,0.1417902636804712,0.056085285181960105,0.0633647060796768,0.05607282950279849,0.06255557074051749,0.14103381681028387,0.05594460609125727,0.06337118612642789,0.1411441635750925,0.0556799958001421,0.06278861450001372
296.875,4213.846,4224.103,4133.333,4113.846,4202.564,0.1413678489587636,0.05575552542321312,0.06293016165716665,0.1417902636804712,0.056085285181960105,0.0633647060796768,0.05607282950279849,0.06255557074051749,0.14103381681028387,0.05594460609125727,0.06337118612642789,0.1411441635750925,0.0556799958001421,0.06278861450001372
304.6875,4223.077,4223.077,4137.949,4119.487,4209.231,0.1413678489587636,0.05575552542321312,0.06293016165716665,0.1417902636804712,0.056085285181960105,0.0633647060796768,0.05607282950279849,0.06255557074051749,0.14103381681028387,0.05594460609125727,0.06337118612642789,0.1411441635750925,0.0556799958001421,0.06278861450001372
312.5,4209.744,4217.949,4127.179,4116.41,4202.051,0.1413678489587636,0.05575552542321312,0.06293016165716665,0.1417902636804712,0.056085285181960105,0.0633647060796768,0.05607282950279849,0.06255557074051749,0.14103381681028387,0.05594460609125727,0.06337118612642789,0.1411441635750925,0.0556799958001421,0.06278861450001372
320.3125,4214.872,4222.564,4133.846,4125.128,4203.59,0.1413678489587636,0.05575552542321312,0.06293016165716665,0.1417902636804712,0.056085285181960105,0.0633647060796768,0.05607282950279849,0.06255557074051749,0.14103381681028387,0.05594460609125727,0.06337118612642789,0.1411441635750925,0.0556799958001421,0.06278861450001372
328.125,4228.205,4229.231,4140.0,4126.667,4205.128,0.1413678489587636,0.05575552542321312,0.06293016165716665,0.1417902636804712,0.056085285181960105,0.0633647060796768,0.05607282950279849,0.06255557074051749,0.14103381681028387,0.05594460609125727,0.06337118612642789,0.1411441635750925,0.0556799958001421,0.06278861450001372
335.9375,4245.128,4244.103,4140.513,4127.692,4213.333,0.1413678489587636,0.05575552542321312,0.06293016165716665,0.1417902636804712,0.056085285181960105,0.0633647060796768,0.05607282950279849,0.06255557074051749,0.14103381681028387,0.05594460609125727,0.06337118612642789,0.1411441635750925,0.0556799958001421,0.06278861450001372
343.75,4256.923,4240.513,4153.846,4143.077,4235.385,0.1413678489587636,0.05575552542321312,0.06293016165716665,0.1417902636804712,0.056085285181960105,0.0633647060796768,0.05607282950279849,0.06255557074051749,0.14103381681028387,0.05594460609125727,0.06337118612642789,0.1411441635750925,0.0556799958001421,0.06278861450001372
351.5625,4243.59,4235.897,4158.974,4143.077,4236.41,0.1413678489587636,0.05575552542321312,0.06293016165716665,0.1417902636804712,0.056085285181960105,0.0633647060796768,0.05607282950279849,0.06255557074051749,0.14103381681028387,0.05594460609125727,0.06337118612642789,0.1411441635750925,0.0556799958001421,0.06278861450001372
359.375,4233.846,4251.282,4150.769,4128.205,4225.641,0.1413678489587636,0.05575552542321312,0.06293016165716665,0.1417902636804712,0.056085285181960105,0.0633647060796768,0.05607282950279849,0.06255557074051749,0.14103381681028387,0.05594460609125727,0.06337118612642789,0.1411441635750925,0.0556799958001421,0.06278861450001372
367.1875,4261.538,4269.744,4167.692,4147.692,4247.179,0.1413678489587636,0.05575552542321312,0.06293016165716665,0.1417902636804712,0.056085285181960105,0.0633647060796768,0.05607282950279849,0.06255557074051749,0.14103381681028387,0.05594460609125727,0.06337118612642789,0.1411441635750925,0.0556799958001421,0.06278861450001372
375.0,4280.513,4282.051,4192.308,4180.0,4268.205,0.1413678489587636,0.05575552542321312,0.06293016165716665,0.1417902636804712,0.056085285181960105,0.0633647060796768,0.05607282950279849,0.06255557074051749,0.14103381681028387,0.05594460609125727,0.06337118612642789,0.1411441635750925,0.0556799958001421,0.06278861450001372
382.8125,4255.385,4248.205,4180.0,4164.615,4244.615,0.1413678489587636,0.05575552542321312,0.06293016165716665,0.1417902636804712,0.056085285181960105,0.0633647060796768,0.05607282950279849,0.06255557074051749,0.14103381681028387,0.05594460609125727,0.06337118612642789,0.1411441635750925,0.0556799958001421,0.06278861450001372
390.625,4239.487,4218.974,4162.051,4142.051,4223.59,0.1413678489587636,0.05575552542321312,0.06293016165716665,0.1417902636804712,0.056085285181960105,0.0633647060796768,0.05607282950279849,0.06255557074051749,0.14103381681028387,0.05594460609125727,0.06337118612642789,0.1411441635750925,0.0556799958001421,0.06278861450001372
398.4375,4252.308,4275.385,4168.718,4155.897,4230.256,0.1413678489587636,0.05575552542321312,0.06293016165716665,0.1417902636804712,0.056085285181960105,0.0633647060796768,0.05607282950279849,0.06255557074051749,0.14103381681028387,0.05594460609125727,0.06337118612642789,0.1411441635750925,0.0556799958001421,0.06278861450001372
406.25,4250.256,4297.436,4172.308,4159.487,4230.256,0.1413678489587636,0.05575552542321312,0.06293016165716665,0.1417902636804712,0.056085285181960105,0.0633647060796768,0.05607282950279849,0.06255557074051749,0.14103381681028387,0.05594460609125727,0.06337118612642789,0.1411441635750925,0.0556799958001421,0.06278861450001372
414.0625,4231.795,4227.179,4157.949,4132.308,4225.128,0.1413678489587636,0.05575552542321312,0.06293016165716665,0.1417902636804712,0.056085285181960105,0.0633647060796768,0.05607282950279849,0.06255557074051749,0.14103381681028387,0.05594460609125727,0.06337118612642789,0.1411441635750925,0.0556799958001421,0.06278861450001372
421.875,4212.308,4207.692,4139.487,4107.179,4216.923,0.1413678489587636,0.05575552542321312,0.06293016165716665,0.1417902636804712,0.056085285181960105,0.0633647060796768,0.05607282950279849,0.06255557074051749,0.14103381681028387,0.05594460609125727,0.06337118612642789,0.1411441635750925,0.0556799958001421,0.06278861450001372
429.6875,4201.538,4257.436,4142.564,4108.718,4193.846,0.1413678489587636,0.05575552542321312,0.06293016165716665,0.1417902636804712,0.056085285181960105,0.0633647060796768,0.05607282950279849,0.06255557074051749,0.14103381681028387,0.05594460609125727,0.06337118612642789,0.1411441635750925,0.0556799958001421,0.06278861450001372
437.5,4213.333,4266.667,4168.718,4126.667,4200.0,0.1413678489587636,0.05575552542321312,0.06293016165716665,0.1417902636804712,0.056085285181960105,0.0633647060796768,0.05607282950279849,0.06255557074051749,0.14103381681028387,0.05594460609125727,0.06337118612642789,0.1411441635750925,0.0556799958001421,0.06278861450001372
445.3125,4232.308,4248.205,4184.103,4138.462,4240.0,0.1413678489587636,0.05575552542321312,0.06293016165716665,0.1417902636804712,0.056085285181960105,0.0633647060796768,0.05607282950279849,0.06255557074051749,0.14103381681028387,0.05594460609125727,0.06337118612642789,0.1411441635750925,0.0556799958001421,0.06278861450001372
453.125,4219.487,4235.897,4165.641,4131.795,4238.974,0.1413678489587636,0.05575552542321312,0.06293016165716665,0.1417902636804712,0.056085285181960105,0.0633647060796768,0.05607282950279849,0.06255557074051749,0.14103381681028387,0.05594460609125727,0.06337118612642789,0.1411441635750925,0.0556799958001421,0.06278861450001372
460.9375,4213.333,4216.41,4153.846,4135.385,4226.154,0.1413678489587636,0.05575552542321312,0.06293016165716665,0.1417902636804712,0.056085285181960105,0.0633647060796768,0.05607282950279849,0.06255557074051749,0.14103381681028387,0.05594460609125727,0.06337118612642789,0.1411441635750925,0.0556799958001421,0.06278861450001372
468.75,4235.897,4220.513,4165.128,4161.538,4255.897,0.1413678489587636,0.05575552542321312,0.06293016165716665,0.1417902636804712,0.056085285181960105,0.0633647060796768,0.05607282950279849,0.06255557074051749,0.14103381681028387,0.05594460609125727,0.06337118612642789,0.1411441635750925,0.0556799958001421,0.06278861450001372
476.5625,4226.154,4243.59,4158.462,4156.41,4248.718,0.1413678489587636,0.05575552542321312,0.06293016165716665,0.1417902636804712,0.056085285181960105,0.0633647060796768,0.05607282950279849,0.06255557074051749,0.14103381681028387,0.05594460609125727,0.06337118612642789,0.1411441635750925,0.0556799958001421,0.06278861450001372
484.375,4203.077,4251.282,4151.282,4131.282,4210.769,0.1413678489587636,0.05575552542321312,0.06293016165716665,0.1417902636804712,0.056085285181960105,0.0633647060796768,0.05607282950279849,0.06255557074051749,0.14103381681028387,0.05594460609125727,0.06337118612642789,0.1411441635750925,0.0556799958001421,0.06278861450001372
492.1875,4215.385,4238.974,4168.205,4135.385,4221.026,0.1413678489587636,0.05575552542321312,0.06293016165716665,0.1417902636804712,0.056085285181960105,0.0633647060796768,0.05607282950279849,0.06255557074051749,0.14103381681028387,0.05594460609125727,0.06337118612642789,0.1411441635750925,0.0556799958001421,0.06278861450001372
500.0,4222.051,4228.718,4171.795,4137.436,4232.308,0.1413678489587636,0.05575552542321312,0.06293016165716665,0.1417902636804712,0.056085285181960105,0.0633647060796768,0.05607282950279849,0.06255557074051749,0.14103381681028387,0.05594460609125727,0.06337118612642789,0.1411441635750925,0.0556799958001421,0.06278861450001372
507.8125,4210.769,4248.718,4156.41,4123.59,4212.308,0.1413678489587636,0.05575552542321312,0.06293016165716665,0.1417902636804712,0.056085285181960105,0.0633647060796768,0.05607282950279849,0.06255557074051749,0.14103381681028387,0.05594460609125727,0.06337118612642789,0.1411441635750925,0.0556799958001421,0.06278861450001372
515.625,4224.103,4274.359,4155.897,4136.923,4225.641,0.1413678489587636,0.05575552542321312,0.06293016165716665,0.1417902636804712,0.056085285181960105,0.0633647060796768,0.05607282950279849,0.06255557074051749,0.14103381681028387,0.05594460609125727,0.06337118612642789,0.1411441635750925,0.0556799958001421,0.06278861450001372
523.4375,4233.333,4255.897,4155.385,4146.667,4250.769,0.1413678489587636,0.05575552542321312,0.06293016165716665,0.1417902636804712,0.056085285181960105,0.0633647060796768,0.05607282950279849,0.06255557074051749,0.14103381681028387,0.05594460609125727,0.06337118612642789,0.1411441635750925,0.0556799958001421,0.06278861450001372
531.25,4210.256,4208.205,4142.051,4122.564,4232.821,0.1413678489587636,0.05575552542321312,0.06293016165716665,0.1417902636804712,0.056085285181960105,0.0633647060796768,0.05607282950279849,0.06255557074051749,0.14103381681028387,0.05594460609125727,0.06337118612642789,0.1411441635750925,0.0556799958001421,0.06278861450001372
539.0625,4200.513,4201.026,4149.231,4109.744,4209.744,0.1413678489587636,0.05575552542321312,0.06293016165716665,0.1417902636804712,0.056085285181960105,0.0633647060796768,0.05607282950279849,0.06255557074051749,0.14103381681028387,0.05594460609125727,0.06337118612642789,0.1411441635750925,0.0556799958001421,0.06278861450001372
546.875,4200.513,4222.564,4152.308,4109.231,4205.128,0.1413678489587636,0.05575552542321312,0.06293016165716665,0.1417902636804712,0.056085285181960105,0.0633647060796768,0.05607282950279849,0.06255557074051749,0.14103381681028387,0.05594460609125727,0.06337118612642789,0.1411441635750925,0.0556799958001421,0.06278861450001372
554.6875,4183.077,4222.051,4127.692,4100.0,4189.231,0.1413678489587636,0.05575552542321312,0.06293016165716665,0.1417902636804712,0.056085285181960105,0.0633647060796768,0.05607282950279849,0.06255557074051749,0.14103381681028387,0.05594460609125727,0.06337118612642789,0.1411441635750925,0.0556799958001421,0.06278861450001372
562.5,4179.487,4202.564,4113.846,4106.154,4178.974,0.1413678489587636,0.05575552542321312,0.06293016165716665,0.1417902636804712,0.056085285181960105,0.0633647060796768,0.05607282950279849,0.06255557074051749,0.14103381681028387,0.05594460609125727,0.06337118612642789,0.1411441635750925,0.0556799958001421,0.06278861450001372
570.3125,4193.333,4189.744,4117.949,4121.538,4197.436,0.1413678489587636,0.05575552542321312,0.06293016165716665,0.1417902636804712,0.056085285181960105,0.0633647060796768,0.05607282950279849,0.06255557074051749,0.14103381681028387,0.05594460609125727,0.06337118612642789,0.1411441635750925,0.0556799958001421,0.06278861450001372
578.125,4192.308,4201.538,4111.795,4122.564,4210.256,0.1413678489587636,0.05575552542321312,0.06293016165716665,0.1417902636804712,0.056085285181960105,0.0633647060796768,0.05607282950279849,0.06255557074051749,0.14103381681028387,0.05594460609125727,0.06337118612642789,0.1411441635750925,0.0556799958001421,0.06278861450001372
585.9375,4189.231,4222.564,4108.718,4117.949,4198.462,0.1413678489587636,0.05575552542321312,0.06293016165716665,0.1417902636804712,0.056085285181960105,0.0633647060796768,0.05607282950279849,0.06255557074051749,0.14103381681028387,0.05594460609125727,0.06337118612642789,0.1411441635750925,0.0556799958001421,0.06278861450001372
593.75,4199.487,4236.923,4122.564,4111.282,4193.333,0.1413678489587636,0.05575552542321312,0.06293016165716665,0.1417902636804712,0.056085285181960105,0.0633647060796768,0.05607282950279849,0.06255557074051749,0.14103381681028387,0.05594460609125727,0.06337118612642789,0.1411441635750925,0.0556799958001421,0.06278861450001372
601.5625,4208.718,4241.538,4138.974,4117.949,4209.744,0.1413678489587636,0.05575552542321312,0.06293016165716665,0.1417902636804712,0.056085285181960105,0.0633647060796768,0.05607282950279849,0.06255557074051749,0.14103381681028387,0.05594460609125727,0.06337118612642789,0.1411441635750925,0.0556799958001421,0.06278861450001372
609.375,4208.205,4247.692,4146.154,4135.897,4216.41,0.1413678489587636,0.05575552542321312,0.06293016165716665,0.1417902636804712,0.056085285181960105,0.0633647060796768,0.05607282950279849,0.06255557074051749,0.14103381681028387,0.05594460609125727,0.06337118612642789,0.1411441635750925,0.0556799958001421,0.06278861450001372
617.1875,4201.538,4232.821,4145.128,4132.821,4206.667,0.1413678489587636,0.05575552542321312,0.06293016165716665,0.1417902636804712,0.056085285181960105,0.0633647060796768,0.05607282950279849,0.06255557074051749,0.14103381681028387,0.05594460609125727,0.06337118612642789,0.1411441635750925,0.0556799958001421,0.06278861450001372
625.0,4204.103,4208.205,4148.718,4126.667,4208.718,0.1413678489587636,0.05575552542321312,0.06293016165716665,0.1417902636804712,0.056085285181960105,0.0633647060796768,0.05607282950279849,0.06255557074051749,0.14103381681028387,0.05594460609125727,0.06337118612642789,0.1411441635750925,0.0556799958001421,0.06278861450001372
632.8125,4220.0,4220.513,4158.462,4136.923,4219.487,0.1413678489587636,0.05575552542321312,0.06293016165716665,0.1417902636804712,0.056085285181960105,0.0633647060796768,0.05607282950279849,0.06255557074051749,0.14103381681028387,0.05594460609125727,0.06337118612642789,0.1411441635750925,0.0556799958001421,0.06278861450001372
640.625,4223.077,4253.846,4162.564,4143.59,4221.538,0.1413678489587636,0.05575552542321312,0.06293016165716665,0.1417902636804712,0.056085285181960105,0.0633647060796768,0.05607282950279849,0.06255557074051749,0.14103381681028387,0.05594460609125727,0.06337118612642789,0.1411441635750925,0.0556799958001421,0.06278861450001372
648.4375,4208.718,4260.0,4152.308,4135.897,4218.974,0.1413678489587636,0.05575552542321312,0.06293016165716665,0.1417902636804712,0.056085285181960105,0.0633647060796768,0.05607282950279849,0.06255557074051749,0.14103381681028387,0.05594460609125727,0.06337118612642789,0.1411441635750925,0.0556799958001421,0.06278861450001372
656.25,4198.974,4243.59,4132.821,4121.538,4208.718,0.1413678489587636,0.05575552542321312,0.06293016165716665,0.1417902636804712,0.056085285181960105,0.0633647060796768,0.05607282950279849,0.06255557074051749,0.14103381681028387,0.05594460609125727,0.06337118612642789,0.1411441635750925,0.0556799958001421,0.06278861450001372
664.0625,4206.154,4224.615,4134.359,4114.872,4201.538,0.1413678489587636,0.05575552542321312,0.06293016165716665,0.1417902636804712,0.056085285181960105,0.0633647060796768,0.05607282950279849,0.06255557074051749,0.14103381681028387,0.05594460609125727,0.06337118612642789,0.1411441635750925,0.0556799958001421,0.06278861450001372
671.875,4221.026,4221.026,4147.692,4124.615,4208.718,0.1413678489587636,0.05575552542321312,0.06293016165716665,0.1417902636804712,0.056085285181960105,0.0633647060796768,0.05607282950279849,0.06255557074051749,0.14103381681028387,0.05594460609125727,0.06337118612642789,0.1411441635750925,0.0556799958001421,0.06278861450001372
679.6875,4221.026,4233.846,4133.846,4120.0,4201.026,0.1413678489587636,0.05575552542321312,0.06293016165716665,0.1417902636804712,0.056085285181960105,0.0633647060796768,0.05607282950279849,0.06255557074051749,0.14103381681028387,0.05594460609125727,0.06337118612642789,0.1411441635750925,0.0556799958001421,0.06278861450001372
687.5,4211.795,4234.359,4120.0,4100.513,4185.641,0.1413678489587636,0.05575552542321312,0.06293016165716665,0.1417902636804712,0.056085285181960105,0.0633647060796768,0.05607282950279849,0.06255557074051749,0.14103381681028387,0.05594460609125727,0.06337118612642789,0.1411441635750925,0.0556799958001421,0.06278861450001372
695.3125,4210.769,4220.0,4136.41,4101.026,4189.744,0.1413678489587636,0.05575552542321312,0.06293016165716665,0.1417902636804712,0.056085285181960105,0.0633647060796768,0.05607282950279849,0.06255557074051749,0.14103381681028387,0.05594460609125727,0.06337118612642789,0.1411441635750925,0.0556799958001421,0.06278861450001372
703.125,4210.769,4212.308,4144.615,4105.128,4188.718,0.1413678489587636,0.05575552542321312,0.06293016165716665,0.1417902636804712,0.056085285181960105,0.0633647060796768,0.05607282950279849,0.06255557074051749,0.14103381681028387,0.05594460609125727,0.06337118612642789,0.1411441635750925,0.0556799958001421,0.06278861450001372
710.9375,4207.179,4221.026,4132.821,4097.436,4176.41,0.1413678489587636,0.05575552542321312,0.06293016165716665,0.1417902636804712,0.056085285181960105,0.0633647060796768,0.05607282950279849,0.06255557074051749,0.14103381681028387,0.05594460609125727,0.06337118612642789,0.1411441635750925,0.0556799958001421,0.06278861450001372
718.75,4213.846,4217.436,4137.436,4102.051,4182.564,0.1413678489587636,0.05575552542321312,0.06293016165716665,0.1417902636804712,0.056085285181960105,0.0633647060796768,0.05607282950279849,0.06255557074051749,0.14103381681028387,0.05594460609125727,0.06337118612642789,0.1411441635750925,0.0556799958001421,0.06278861450001372
726.5625,4232.821,4200.513,4155.385,4114.872,4201.026,0.1413678489587636,0.05575552542321312,0.06293016165716665,0.1417902636804712,0.056085285181960105,0.0633647060796768,0.05607282950279849,0.06255557074051749,0.14103381681028387,0.05594460609125727,0.06337118612642789,0.1411441635750925,0.0556799958001421,0.06278861450001372
734.375,4246.154,4224.103,4161.538,4115.897,4204.103,0.1413678489587636,0.05575552542321312,0.06293016165716665,0.1417902636804712,0.056085285181960105,0.0633647060796768,0.05607282950279849,0.06255557074051749,0.14103381681028387,0.05594460609125727,0.06337118612642789,0.1411441635750925,0.0556799958001421,0.06278861450001372
742.1875,4240.0,4258.974,4152.821,4107.179,4198.462,0.1413678489587636,0.05575552542321312,0.06293016165716665,0.1417902636804712,0.056085285181960105,0.0633647060796768,0.05607282950279849,0.06255557074051749,0.14103381681028387,0.05594460609125727,0.06337118612642789,0.1411441635750925,0.0556799958001421,0.06278861450001372
750.0,4228.205,4246.154,4139.487,4096.41,4195.897,0.1413678489587636,0.05575552542321312,0.06293016165716665,0.1417902636804712,0.056085285181960105,0.0633647060796768,0.05607282950279849,0.06255557074051749,0.14103381681028387,0.05594460609125727,0.06337118612642789,0.1411441635750925,0.0556799958001421,0.06278861450001372
757.8125,4229.231,4222.051,4134.359,4097.436,4194.872,0.1413678489587636,0.05575552542321312,0.06293016165716665,0.1417902636804712,0.056085285181960105,0.0633647060796768,0.05607282950279849,0.06255557074051749,0.14103381681028387,0.05594460609125727,0.06337118612642789,0.1411441635750925,0.0556799958001421,0.06278861450001372
765.625,4232.308,4231.282,4141.026,4106.667,4189.231,0.1413678489587636,0.05575552542321312,0.06293016165716665,0.1417902636804712,0.056085285181960105,0.0633647060796768,0.05607282950279849,0.06255557074051749,0.14103381681028387,0.05594460609125727,0.06337118612642789,0.1411441635750925,0.0556799958001421,0.06278861450001372
773.4375,4221.538,4240.513,4138.974,4100.513,4185.641,0.1413678489587636,0.05575552542321312,0.06293016165716665,0.1417902636804712,0.056085285181960105,0.0633647060796768,0.05607282950279849,0.06255557074051749,0.14103381681028387,0.05594460609125727,0.06337118612642789,0.1411441635750925,0.0556799958001421,0.06278861450001372
781.25,4220.513,4223.077,4128.718,4092.308,4192.821,0.1413678489587636,0.05575552542321312,0.06293016165716665,0.1417902636804712,0.056085285181960105,0.0633647060796768,0.05607282950279849,0.06255557074051749,0.14103381681028387,0.05594460609125727,0.06337118612642789,0.1411441635750925,0.0556799958001421,0.06278861450001372
789.0625,4229.744,4201.538,4122.051,4093.846,4188.718,0.1413678489587636,0.05575552542321312,0.06293016165716665,0.1417902636804712,0.056085285181960105,0.0633647060796768,0.05607282950279849,0.06255557074051749,0.14103381681028387,0.05594460609125727,0.06337118612642789,0.1411441635750925,0.0556799958001421,0.06278861450001372
796.875,4228.205,4217.436,4125.641,4094.872,4171.795,0.1413678489587636,0.05575552542321312,0.06293016165716665,0.1417902636804712,0.056085285181960105,0.0633647060796768,0.05607282950279849,0.06255557074051749,0.14103381681028387,0.05594460609125727,0.06337118612642789,0.1411441635750925,0.0556799958001421,0.06278861450001372
804.6875,4222.051,4240.0,4132.821,4097.949,4174.872,0.1413678489587636,0.05575552542321312,0.06293016165716665,0.1417902636804712,0.056085285181960105,0.0633647060796768,0.05607282950279849,0.06255557074051749,0.14103381681028387,0.05594460609125727,0.06337118612642789,0.1411441635750925,0.0556799958001421,0.06278861450001372
812.5,4223.59,4218.974,4130.769,4104.103,4193.333,0.1413678489587636,0.05575552542321312,0.06293016165716665,0.1417902636804712,0.056085285181960105,0.0633647060796768,0.05607282950279849,0.06255557074051749,0.14103381681028387,0.05594460609125727,0.06337118612642789,0.1411441635750925,0.0556799958001421,0.06278861450001372
820.3125,4223.59,4206.667,4126.667,4100.513,4195.385,0.1413678489587636,0.05575552542321312,0.06293016165716665,0.1417902636804712,0.056085285181960105,0.0633647060796768,0.05607282950279849,0.06255557074051749,0.14103381681028387,0.05594460609125727,0.06337118612642789,0.1411441635750925,0.0556799958001421,0.06278861450001372
828.125,4224.615,4213.333,4135.897,4102.051,4193.333,0.1413678489587636,0.05575552542321312,0.06293016165716665,0.1417902636804712,0.056085285181960105,0.0633647060796768,0.05607282950279849,0.06255557074051749,0.14103381681028387,0.05594460609125727,0.06337118612642789,0.1411441635750925,0.0556799958001421,0.06278861450001372
835.9375,4244.615,4210.256,4158.462,4122.564,4207.179,0.1413678489587636,0.05575552542321312,0.06293016165716665,0.1417902636804712,0.056085285181960105,0.0633647060796768,0.05607282950279849,0.06255557074051749,0.14103381681028387,0.05594460609125727,0.06337118612642789,0.1411441635750925,0.0556799958001421,0.06278861450001372
843.75,4253.846,4225.641,4166.667,4134.359,4214.359,0.1413678489587636,0.05575552542321312,0.06293016165716665,0.1417902636804712,0.056085285181960105,0.0633647060796768,0.05607282950279849,0.06255557074051749,0.14103381681028387,0.05594460609125727,0.06337118612642789,0.1411441635750925,0.0556799958001421,0.06278861450001372
851.5625,4243.077,4254.872,4156.923,4128.718,4206.154,0.1413678489587636,0.05575552542321312,0.06293016165716665,0.1417902636804712,0.056085285181960105,0.0633647060796768,0.05607282950279849,0.06255557074051749,0.14103381681028387,0.05594460609125727,0.06337118612642789,0.1411441635750925,0.0556799958001421,0.06278861450001372
859.375,4235.897,4238.462,4147.179,4121.026,4193.333,0.1413678489587636,0.05575552542321312,0.06293016165716665,0.1417902636804712,0.056085285181960105,0.0633647060796768,0.05607282950279849,0.06255557074051749,0.14103381681028387,0.05594460609125727,0.06337118612642789,0.1411441635750925,0.0556799958001421,0.06278861450001372
867.1875,4226.154,4205.641,4136.41,4109.744,4189.744,0.1413678489587636,0.05575552542321312,0.06293016165716665,0.1417902636804712,0.056085285181960105,0.0633647060796768,0.05607282950279849,0.06255557074051749,0.14103381681028387,0.05594460609125727,0.06337118612642789,0.1411441635750925,0.0556799958001421,0.06278861450001372
875.0,4224.103,4212.821,4128.718,4102.051,4205.641,0.1413678489587636,0.05575552542321312,0.06293016165716665,0.1417902636804712,0.056085285181960105,0.0633647060796768,0.05607282950279849,0.06255557074051749,0.14103381681028387,0.05594460609125727,0.06337118612642789,0.1411441635750925,0.0556799958001421,0.06278861450001372
882.8125,4236.923,4220.0,4133.846,4114.872,4213.846,0.1413678489587636,0.05575552542321312,0.06293016165716665,0.1417902636804712,0.056085285181960105,0.0633647060796768,0.05607282950279849,0.06255557074051749,0.14103381681028387,0.05594460609125727,0.06337118612642789,0.1411441635750925,0.0556799958001421,0.06278861450001372
890.625,4232.308,4207.179,4131.282,4122.051,4194.872,0.1413678489587636,0.05575552542321312,0.06293016165716665,0.1417902636804712,0.056085285181960105,0.0633647060796768,0.05607282950279849,0.06255557074051749,0.14103381681028387,0.05594460609125727,0.06337118612642789,0.1411441635750925,0.0556799958001421,0.06278861450001372
898.4375,4222.051,4213.333,4119.487,4108.205,4189.744,0.1413678489587636,0.05575552542321312,0.06293016165716665,0.1417902636804712,0.056085285181960105,0.0633647060796768,0.05607282950279849,0.06255557074051749,0.14103381681028387,0.05594460609125727,0.06337118612642789,0.1411441635750925,0.0556799958001421,0.06278861450001372
906.25,4241.538,4240.0,4131.795,4116.923,4217.949,0.1413678489587636,0.05575552542321312,0.06293016165716665,0.1417902636804712,0.056085285181960105,0.0633647060796768,0.05607282950279849,0.06255557074051749,0.14103381681028387,0.05594460609125727,0.06337118612642789,0.1411441635750925,0.0556799958001421,0.06278861450001372
914.0625,4253.333,4245.128,4145.128,4132.308,4226.667,0.1413678489587636,0.05575552542321312,0.06293016165716665,0.1417902636804712,0.056085285181960105,0.0633647060796768,0.05607282950279849,0.06255557074051749,0.14103381681028387,0.05594460609125727,0.06337118612642789,0.1411441635750925,0.0556799958001421,0.06278861450001372
921.875,4237.436,4228.205,4133.846,4118.974,4207.692,0.1413678489587636,0.05575552542321312,0.06293016165716665,0.1417902636804712,0.056085285181960105,0.0633647060796768,0.05607282950279849,0.06255557074051749,0.14103381681028387,0.05594460609125727,0.06337118612642789,0.1411441635750925,0.0556799958001421,0.06278861450001372
929.6875,4230.256,4207.179,4120.0,4108.205,4201.026,0.1413678489587636,0.05575552542321312,0.06293016165716665,0.1417902636804712,0.056085285181960105,0.0633647060796768,0.05607282950279849,0.06255557074051749,0.14103381681028387,0.05594460609125727,0.06337118612642789,0.1411441635750925,0.0556799958001421,0.06278861450001372
937.5,4238.974,4206.667,4122.051,4115.897,4206.667,0.1413678489587636,0.05575552542321312,0.06293016165716665,0.1417902636804712,0.056085285181960105,0.0633647060796768,0.05607282950279849,0.06255557074051749,0.14103381681028387,0.05594460609125727,0.06337118612642789,0.1411441635750925,0.0556799958001421,0.06278861450001372
945.3125,4253.846,4238.974,4133.846,4119.487,4215.897,0.1413678489587636,0.05575552542321312,0.06293016165716665,0.1417902636804712,0.056085285181960105,0.0633647060796768,0.05607282950279849,0.06255557074051749,0.14103381681028387,0.05594460609125727,0.06337118612642789,0.1411441635750925,0.0556799958001421,0.06278861450001372
953.125,4262.564,4254.872,4140.513,4119.487,4230.256,0.1413678489587636,0.05575552542321312,0.06293016165716665,0.1417902636804712,0.056085285181960105,0.0633647060796768,0.05607282950279849,0.06255557074051749,0.14103381681028387,0.05594460609125727,0.06337118612642789,0.1411441635750925,0.0556799958001421,0.06278861450001372
960.9375,4256.41,4241.026,4143.077,4122.051,4223.077,0.1413678489587636,0.05575552542321312,0.06293016165716665,0.1417902636804712,0.056085285181960105,0.0633647060796768,0.05607282950279849,0.06255557074051749,0.14103381681028387,0.05594460609125727,0.06337118612642789,0.1411441635750925,0.0556799958001421,0.06278861450001372
968.75,4246.154,4219.487,4149.231,4117.949,4197.949,0.1413678489587636,0.05575552542321312,0.06293016165716665,0.1417902636804712,0.056085285181960105,0.0633647060796768,0.05607282950279849,0.06255557074051749,0.14103381681028387,0.05594460609125727,0.06337118612642789,0.1411441635750925,0.0556799958001421,0.06278861450001372
976.5625,4245.641,4222.051,4157.436,4118.974,4204.615,0.1413678489587636,0.05575552542321312,0.06293016165716665,0.1417902636804712,0.056085285181960105,0.0633647060796768,0.05607282950279849,0.06255557074051749,0.14103381681028387,0.05594460609125727,0.06337118612642789,0.1411441635750925,0.0556799958001421,0.06278861450001372
984.375,4253.333,4249.231,4160.0,4127.179,4229.744,0.1413678489587636,0.05575552542321312,0.06293016165716665,0.1417902636804712,0.056085285181960105,0.0633647060796768,0.05607282950279849,0.06255557074051749,0.14103381681028387,0.05594460609125727,0.06337118612642789,0.1411441635750925,0.0556799958001421,0.06278861450001372
992.1875,4255.385,4255.897,4153.846,4128.205,4221.538,0.1413678489587636,0.05575552542321312,0.06293016165716665,0.1417902636804712,0.056085285181960105,0.0633647060796768,0.05607282950279849,0.06255557074051749,0.14103381681028387,0.05594460609125727,0.06337118612642789,0.1411441635750925,0.0556799958001421,0.06278861450001372
1000.0,4253.846,4247.179,4152.308,4129.744,4208.718,0.1413678489587636,0.05575552542321312,0.06293016165716665,0.1417902636804712,0.056085285181960105,0.0633647060796768,0.05607282950279849,0.06255557074051749,0.14103381681028387,0.05594460609125727,0.06337118612642789,0.1411441635750925,0.0556799958001421,0.06278861450001372
1007.8125,4260.513,4256.41,4152.308,4132.308,4223.077,0.1413678489587636,0.05575552542321312,0.06293016165716665,0.1417902636804712,0.056085285181960105,0.0633647060796768,0.05607282950279849,0.06255557074051749,0.14103381681028387,0.05594460609125727,0.06337118612642789,0.1411441635750925,0.0556799958001421,0.06278861450001372
1015.625,4255.897,4244.103,4136.41,4122.051,4222.564,0.1413678489587636,0.05575552542321312,0.06293016165716665,0.1417902636804712,0.056085285181960105,0.0633647060796768,0.05607282950279849,0.06255557074051749,0.14103381681028387,0.05594460609125727,0.06337118612642789,0.1411441635750925,0.0556799958001421,0.06278861450001372
1023.4375,4249.231,4218.462,4134.359,4116.923,4211.282,0.1413678489587636,0.05575552542321312,0.06293016165716665,0.1417902636804712,0.056085285181960105,0.0633647060796768,0.05607282950279849,0.06255557074051749,0.14103381681028387,0.05594460609125727,0.06337118612642789,0.1411441635750925,0.0556799958001421,0.06278861450001372
1031.25,4240.0,4214.872,4135.385,4116.923,4200.0,0.1413678489587636,0.05575552542321312,0.06293016165716665,0.1417902636804712,0.056085285181960105,0.0633647060796768,0.05607282950279849,0.06255557074051749,0.14103381681028387,0.05594460609125727,0.06337118612642789,0.1411441635750925,0.0556799958001421,0.06278861450001372
1039.0625,4189.231,4188.718,4087.692,4072.821,4148.205,0.1413678489587636,0.05575552542321312,0.06293016165716665,0.1417902636804712,0.056085285181960105,0.0633647060796768,0.05607282950279849,0.06255557074051749,0.14103381681028387,0.05594460609125727,0.06337118612642789,0.1411441635750925,0.0556799958001421,0.06278861450001372
1046.875,4147.179,4146.667,4048.205,4025.641,4110.769,0.1413678489587636,0.05575552542321312,0.06293016165716665,0.1417902636804712,0.056085285181960105,0.0633647060796768,0.05607282950279849,0.06255557074051749,0.14103381681028387,0.05594460609125727,0.06337118612642789,0.1411441635750925,0.0556799958001421,0.06278861450001372
1054.6875,4143.59,4124.103,4050.769,4022.564,4119.487,0.1413678489587636,0.05575552542321312,0.06293016165716665,0.1417902636804712,0.056085285181960105,0.0633647060796768,0.05607282950279849,0.06255557074051749,0.14103381681028387,0.05594460609125727,0.06337118612642789,0.1411441635750925,0.0556799958001421,0.06278861450001372
1062.5,4107.692,4115.385,4027.179,4003.59,4094.872,0.1413678489587636,0.05575552542321312,0.06293016165716665,0.1417902636804712,0.056085285181960105,0.0633647060796768,0.05607282950279849,0.06255557074051749,0.14103381681028387,0.05594460609125727,0.06337118612642789,0.1411441635750925,0.0556799958001421,0.06278861450001372
1070.3125,4086.154,4136.41,4010.769,3986.667,4075.385,0.1413678489587636,0.05575552542321312,0.06293016165716665,0.1417902636804712,0.056085285181960105,0.0633647060796768,0.05607282950279849,0.06255557074051749,0.14103381681028387,0.05594460609125727,0.06337118612642789,0.1411441635750925,0.0556799958001421,0.06278861450001372
1078.125,4158.974,4184.615,4068.718,4043.59,4128.205,0.1413678489587636,0.05575552542321312,0.06293016165716665,0.1417902636804712,0.056085285181960105,0.0633647060796768,0.05607282950279849,0.06255557074051749,0.14103381681028387,0.05594460609125727,0.06337118612642789,0.1411441635750925,0.0556799958001421,0.06278861450001372
1085.9375,4230.769,4230.256,4129.231,4118.974,4182.051,0.1413678489587636,0.05575552542321312,0.06293016165716665,0.1417902636804712,0.056085285181960105,0.0633647060796768,0.05607282950279849,0.06255557074051749,0.14103381681028387,0.05594460609125727,0.06337118612642789,0.1411441635750925,0.0556799958001421,0.06278861450001372
1093.75,4226.667,4237.949,4134.359,4133.333,4191.795,0.1413678489587636,0.05575552542321312,0.06293016165716665,0.1417902636804712,0.056085285181960105,0.0633647060796768,0.05607282950279849,0.06255557074051749,0.14103381681028387,0.05594460609125727,0.06337118612642789,0.1411441635750925,0.0556799958001421,0.06278861450001372
1101.5625,4203.59,4204.103,4120.513,4110.769,4188.205,0.1413678489587636,0.05575552542321312,0.06293016165716665,0.1417902636804712,0.056085285181960105,0.0633647060796768,0.05607282950279849,0.06255557074051749,0.14103381681028387,0.05594460609125727,0.06337118612642789,0.1411441635750925,0.0556799958001421,0.06278861450001372
1109.375,4196.923,4194.359,4114.872,4095.897,4178.974,0.1413678489587636,0.05575552542321312,0.06293016165716665,0.1417902636804712,0.056085285181960105,0.0633647060796768,0.05607282950279849,0.06255557074051749,0.14103381681028387,0.05594460609125727,0.06337118612642789,0.1411441635750925,0.0556799958001421,0.06278861450001372
1117.1875,4212.821,4232.821,4133.333,4111.795,4193.846,0.1413678489587636,0.05575552542321312,0.06293016165716665,0.1417902636804712,0.056085285181960105,0.0633647060796768,0.05607282950279849,0.06255557074051749,0.14103381681028387,0.05594460609125727,0.06337118612642789,0.1411441635750925,0.0556799958001421,0.06278861450001372
1125.0,4238.974,4250.256,4157.949,4139.487,4223.59,0.1413678489587636,0.05575552542321312,0.06293016165716665,0.1417902636804712,0.056085285181960105,0.0633647060796768,0.05607282950279849,0.06255557074051749,0.14103381681028387,0.05594460609125727,0.06337118612642789,0.1411441635750925,0.0556799958001421,0.06278861450001372
1132.8125,4239.487,4243.59,4154.359,4138.462,4217.436,0.1413678489587636,0.05575552542321312,0.06293016165716665,0.1417902636804712,0.056085285181960105,0.0633647060796768,0.05607282950279849,0.06255557074051749,0.14103381681028387,0.05594460609125727,0.06337118612642789,0.1411441635750925,0.0556799958001421,0.06278861450001372
1140.625,4230.769,4233.846,4144.615,4127.692,4210.769,0.1413678489587636,0.05575552542321312,0.06293016165716665,0.1417902636804712,0.056085285181960105,0.0633647060796768,0.05607282950279849,0.06255557074051749,0.14103381681028387,0.05594460609125727,0.06337118612642789,0.1411441635750925,0.0556799958001421,0.06278861450001372
1148.4375,4224.103,4222.564,4137.949,4121.026,4214.359,0.1413678489587636,0.05575552542321312,0.06293016165716665,0.1417902636804712,0.056085285181960105,0.0633647060796768,0.05607282950279849,0.06255557074051749,0.14103381681028387,0.05594460609125727,0.06337118612642789,0.1411441635750925,0.0556799958001421,0.06278861450001372
1156.25,4213.333,4225.641,4124.615,4111.795,4197.436,0.1413678489587636,0.05575552542321312,0.06293016165716665,0.1417902636804712,0.056085285181960105,0.0633647060796768,0.05607282950279849,0.06255557074051749,0.14103381681028387,0.05594460609125727,0.06337118612642789,0.1411441635750925,0.0556799958001421,0.06278861450001372
1164.0625,4218.462,4260.0,4130.769,4119.487,4194.359,0.1413678489587636,0.05575552542321312,0.06293016165716665,0.1417902636804712,0.056085285181960105,0.0633647060796768,0.05607282950279849,0.06255557074051749,0.14103381681028387,0.05594460609125727,0.06337118612642789,0.1411441635750925,0.0556799958001421,0.06278861450001372
1171.875,4227.692,4252.821,4148.718,4133.846,4210.769,0.1413678489587636,0.05575552542321312,0.06293016165716665,0.1417902636804712,0.056085285181960105,0.0633647060796768,0.05607282950279849,0.06255557074051749,0.14103381681028387,0.05594460609125727,0.06337118612642789,0.1411441635750925,0.0556799958001421,0.06278861450001372
1179.6875,4217.436,4191.795,4144.103,4123.59,4206.667,0.1413678489587636,0.05575552542321312,0.06293016165716665,0.1417902636804712,0.056085285181960105,0.0633647060796768,0.05607282950279849,0.06255557074051749,0.14103381681028387,0.05594460609125727,0.06337118612642789,0.1411441635750925,0.0556799958001421,0.06278861450001372
1187.5,4209.744,4192.308,4132.821,4113.333,4194.872,0.1413678489587636,0.05575552542321312,0.06293016165716665,0.1417902636804712,0.056085285181960105,0.0633647060796768,0.05607282950279849,0.06255557074051749,0.14103381681028387,0.05594460609125727,0.06337118612642789,0.1411441635750925,0.0556799958001421,0.06278861450001372
1195.3125,4222.564,4251.795,4132.308,4128.205,4206.154,0.1413678489587636,0.05575552542321312,0.06293016165716665,0.1417902636804712,0.056085285181960105,0.0633647060796768,0.05607282950279849,0.06255557074051749,0.14103381681028387,0.05594460609125727,0.06337118612642789,0.1411441635750925,0.0556799958001421,0.06278861450001372
1203.125,4230.769,4248.718,4129.744,4132.308,4220.0,0.1413678489587636,0.05575552542321312,0.06293016165716665,0.1417902636804712,0.056085285181960105,0.0633647060796768,0.05607282950279849,0.06255557074051749,0.14103381681028387,0.05594460609125727,0.06337118612642789,0.1411441635750925,0.0556799958001421,0.06278861450001372
1210.9375,4221.026,4196.41,4132.308,4119.487,4211.795,0.1413678489587636,0.05575552542321312,0.06293016165716665,0.1417902636804712,0.056085285181960105,0.0633647060796768,0.05607282950279849,0.06255557074051749,0.14103381681028387,0.05594460609125727,0.06337118612642789,0.1411441635750925,0.0556799958001421,0.06278861450001372
1218.75,4212.308,4215.385,4150.256,4120.513,4197.436,0.1413678489587636,0.05575552542321312,0.06293016165716665,0.1417902636804712,0.056085285181960105,0.0633647060796768,0.05607282950279849,0.06255557074051749,0.14103381681028387,0.05594460609125727,0.06337118612642789,0.1411441635750925,0.0556799958001421,0.06278861450001372
1226.5625,4216.923,4258.974,4163.077,4122.564,4197.949,0.1413678489587636,0.05575552542321312,0.06293016165716665,0.1417902636804712,0.056085285181960105,0.0633647060796768,0.05607282950279849,0.06255557074051749,0.14103381681028387,0.05594460609125727,0.06337118612642789,0.1411441635750925,0.0556799958001421,0.06278861450001372
1234.375,4231.795,4257.949,4166.154,4125.641,4210.256,0.1413678489587636,0.05575552542321312,0.06293016165716665,0.1417902636804712,0.056085285181960105,0.0633647060796768,0.05607282950279849,0.06255557074051749,0.14103381681028387,0.05594460609125727,0.06337118612642789,0.1411441635750925,0.0556799958001421,0.06278861450001372
1242.1875,4243.59,4266.154,4171.282,4145.641,4223.59,0.1413678489587636,0.05575552542321312,0.06293016165716665,0.1417902636804712,0.056085285181960105,0.0633647060796768,0.05607282950279849,0.06255557074051749,0.14103381681028387,0.05594460609125727,0.06337118612642789,0.1411441635750925,0.0556799958001421,0.06278861450001372
1250.0,4245.128,4260.0,4172.821,4156.41,4237.949,0.1413678489587636,0.05575552542321312,0.06293016165716665,0.1417902636804712,0.056085285181960105,0.0633647060796768,0.05607282950279849,0.06255557074051749,0.14103381681028387,0.05594460609125727,0.06337118612642789,0.1411441635750925,0.0556799958001421,0.06278861450001372
1257.8125,4238.974,4224.103,4175.897,4146.667,4240.0,0.1413678489587636,0.05575552542321312,0.06293016165716665,0.1417902636804712,0.056085285181960105,0.0633647060796768,0.05607282950279849,0.06255557074051749,0.14103381681028387,0.05594460609125727,0.06337118612642789,0.1411441635750925,0.0556799958001421,0.06278861450001372
1265.625,4236.41,4238.974,4185.641,4147.692,4227.179,0.1413678489587636,0.05575552542321312,0.06293016165716665,0.1417902636804712,0.056085285181960105,0.0633647060796768,0.05607282950279849,0.06255557074051749,0.14103381681028387,0.05594460609125727,0.06337118612642789,0.1411441635750925,0.0556799958001421,0.06278861450001372
1273.4375,4237.949,4285.641,4189.744,4158.974,4224.615,0.1413678489587636,0.05575552542321312,0.06293016165716665,0.1417902636804712,0.056085285181960105,0.0633647060796768,0.05607282950279849,0.06255557074051749,0.14103381681028387,0.05594460609125727,0.06337118612642789,0.1411441635750925,0.0556799958001421,0.06278861450001372
1281.25,4231.795,4270.769,4181.026,4152.821,4224.615,0.1413678489587636,0.05575552542321312,0.06293016165716665,0.1417902636804712,0.056085285181960105,0.0633647060796768,0.05607282950279849,0.06255557074051749,0.14103381681028387,0.05594460609125727,0.06337118612642789,0.1411441635750925,0.0556799958001421,0.06278861450001372
1289.0625,4226.154,4245.641,4170.256,4146.667,4213.846,0.1413678489587636,0.05575552542321312,0.06293016165716665,0.1417902636804712,0.056085285181960105,0.0633647060796768,0.05607282950279849,0.06255557074051749,0.14103381681028387,0.05594460609125727,0.06337118612642789,0.1411441635750925,0.0556799958001421,0.06278861450001372
1296.875,4229.231,4242.051,4165.128,4151.282,4214.359,0.1413678489587636,0.05575552542321312,0.06293016165716665,0.1417902636804712,0.056085285181960105,0.0633647060796768,0.05607282950279849,0.06255557074051749,0.14103381681028387,0.05594460609125727,0.06337118612642789,0.1411441635750925,0.0556799958001421,0.06278861450001372
1304.6875,4225.128,4242.564,4162.564,4147.692,4218.462,0.1413678489587636,0.05575552542321312,0.06293016165716665,0.1417902636804712,0.056085285181960105,0.0633647060796768,0.05607282950279849,0.06255557074051749,0.14103381681028387,0.05594460609125727,0.06337118612642789,0.1411441635750925,0.0556799958001421,0.06278861450001372
1312.5,4216.923,4256.41,4165.128,4137.436,4209.744,0.1413678489587636,0.05575552542321312,0.06293016165716665,0.1417902636804712,0.056085285181960105,0.0633647060796768,0.05607282950279849,0.06255557074051749,0.14103381681028387,0.05594460609125727,0.06337118612642789,0.1411441635750925,0.0556799958001421,0.06278861450001372
1320.3125,4226.154,4249.231,4173.333,4135.385,4210.769,0.1413678489587636,0.05575552542321312,0.06293016165716665,0.1417902636804712,0.056085285181960105,0.0633647060796768,0.05607282950279849,0.06255557074051749,0.14103381681028387,0.05594460609125727,0.06337118612642789,0.1411441635750925,0.0556799958001421,0.06278861450001372
1328.125,4243.077,4241.538,4182.564,4138.462,4229.744,0.1413678489587636,0.05575552542321312,0.06293016165716665,0.1417902636804712,0.056085285181960105,0.0633647060796768,0.05607282950279849,0.06255557074051749,0.14103381681028387,0.05594460609125727,0.06337118612642789,0.1411441635750925,0.0556799958001421,0.06278861450001372
1335.9375,4247.692,4260.0,4182.051,4144.103,4235.385,0.1413678489587636,0.05575552542321312,0.06293016165716665,0.1417902636804712,0.056085285181960105,0.0633647060796768,0.05607282950279849,0.06255557074051749,0.14103381681028387,0.05594460609125727,0.06337118612642789,0.1411441635750925,0.0556799958001421,0.06278861450001372
1343.75,4239.487,4262.051,4172.821,4147.179,4222.051,0.1413678489587636,0.05575552542321312,0.06293016165716665,0.1417902636804712,0.056085285181960105,0.0633647060796768,0.05607282950279849,0.06255557074051749,0.14103381681028387,0.05594460609125727,0.06337118612642789,0.1411441635750925,0.0556799958001421,0.06278861450001372
1351.5625,4230.769,4255.897,4167.179,4134.359,4216.41,0.1413678489587636,0.05575552542321312,0.06293016165716665,0.1417902636804712,0.056085285181960105,0.0633647060796768,0.05607282950279849,0.06255557074051749,0.14103381681028387,0.05594460609125727,0.06337118612642789,0.1411441635750925,0.0556799958001421,0.06278861450001372
1359.375,4236.41,4276.41,4170.256,4129.231,4224.615,0.1413678489587636,0.05575552542321312,0.06293016165716665,0.1417902636804712,0.056085285181960105,0.0633647060796768,0.05607282950279849,0.06255557074051749,0.14103381681028387,0.05594460609125727,0.06337118612642789,0.1411441635750925,0.0556799958001421,0.06278861450001372
1367.1875,4246.667,4274.359,4171.795,4134.359,4236.41,0.1413678489587636,0.05575552542321312,0.06293016165716665,0.1417902636804712,0.056085285181960105,0.0633647060796768,0.05607282950279849,0.06255557074051749,0.14103381681028387,0.05594460609125727,0.06337118612642789,0.1411441635750925,0.0556799958001421,0.06278861450001372
1375.0,4242.051,4254.359,4159.487,4128.718,4237.436,0.1413678489587636,0.05575552542321312,0.06293016165716665,0.1417902636804712,0.056085285181960105,0.0633647060796768,0.05607282950279849,0.06255557074051749,0.14103381681028387,0.05594460609125727,0.06337118612642789,0.1411441635750925,0.0556799958001421,0.06278861450001372
1382.8125,4234.872,4252.821,4155.385,4133.333,4228.718,0.1413678489587636,0.05575552542321312,0.06293016165716665,0.1417902636804712,0.056085285181960105,0.0633647060796768,0.05607282950279849,0.06255557074051749,0.14103381681028387,0.05594460609125727,0.06337118612642789,0.1411441635750925,0.0556799958001421,0.06278861450001372
1390.625,4235.385,4239.487,4159.487,4152.821,4218.974,0.1413678489587636,0.05575552542321312,0.06293016165716665,0.1417902636804712,0.056085285181960105,0.0633647060796768,0.05607282950279849,0.06255557074051749,0.14103381681028387,0.05594460609125727,0.06337118612642789,0.1411441635750925,0.0556799958001421,0.06278861450001372
1398.4375,4231.282,4235.385,4153.333,4148.205,4209.231,0.1413678489587636,0.05575552542321312,0.06293016165716665,0.1417902636804712,0.056085285181960105,0.0633647060796768,0.05607282950279849,0.06255557074051749,0.14103381681028387,0.05594460609125727,0.06337118612642789,0.1411441635750925,0.0556799958001421,0.06278861450001372
1406.25,4233.846,4257.949,4153.333,4131.282,4208.205,0.1413678489587636,0.05575552542321312,0.06293016165716665,0.1417902636804712,0.056085285181960105,0.0633647060796768,0.05607282950279849,0.06255557074051749,0.14103381681028387,0.05594460609125727,0.06337118612642789,0.1411441635750925,0.0556799958001421,0.06278861450001372
1414.0625,4245.128,4258.974,4165.128,4139.487,4221.538,0.1413678489587636,0.05575552542321312,0.06293016165716665,0.1417902636804712,0.056085285181960105,0.0633647060796768,0.05607282950279849,0.06255557074051749,0.14103381681028387,0.05594460609125727,0.06337118612642789,0.1411441635750925,0.0556799958001421,0.06278861450001372
1421.875,4244.103,4241.026,4167.692,4150.256,4230.769,0.1413678489587636,0.05575552542321312,0.06293016165716665,0.1417902636804712,0.056085285181960105,0.0633647060796768,0.05607282950279849,0.06255557074051749,0.14103381681028387,0.05594460609125727,0.06337118612642789,0.1411441635750925,0.0556799958001421,0.06278861450001372
1429.6875,4231.795,4243.59,4159.487,4137.949,4215.897,0.1413678489587636,0.05575552542321312,0.06293016165716665,0.1417902636804712,0.056085285181960105,0.0633647060796768,0.05607282950279849,0.06255557074051749,0.14103381681028387,0.05594460609125727,0.06337118612642789,0.1411441635750925,0.0556799958001421,0.06278861450001372
1437.5,4225.641,4265.128,4155.897,4125.641,4200.513,0.1413678489587636,0.05575552542321312,0.06293016165716665,0.1417902636804712,0.056085285181960105,0.0633647060796768,0.05607282950279849,0.06255557074051749,0.14103381681028387,0.05594460609125727,0.06337118612642789,0.1411441635750925,0.0556799958001421,0.06278861450001372
1445.3125,4223.59,4262.051,4146.667,4123.59,4205.641,0.1413678489587636,0.05575552542321312,0.06293016165716665,0.1417902636804712,0.056085285181960105,0.0633647060796768,0.05607282950279849,0.06255557074051749,0.14103381681028387,0.05594460609125727,0.06337118612642789,0.1411441635750925,0.0556799958001421,0.06278861450001372
1453.125,4222.051,4249.231,4136.41,4125.128,4209.744,0.1413678489587636,0.05575552542321312,0.06293016165716665,0.1417902636804712,0.056085285181960105,0.0633647060796768,0.05607282950279849,0.06255557074051749,0.14103381681028387,0.05594460609125727,0.06337118612642789,0.1411441635750925,0.0556799958001421,0.06278861450001372
1460.9375,4221.538,4238.974,4143.59,4130.256,4196.41,0.1413678489587636,0.05575552542321312,0.06293016165716665,0.1417902636804712,0.056085285181960105,0.0633647060796768,0.05607282950279849,0.06255557074051749,0.14103381681028387,0.05594460609125727,0.06337118612642789,0.1411441635750925,0.0556799958001421,0.06278861450001372
1468.75,4217.949,4211.795,4155.385,4137.949,4191.795,0.1413678489587636,0.05575552542321312,0.06293016165716665,0.1417902636804712,0.056085285181960105,0.0633647060796768,0.05607282950279849,0.06255557074051749,0.14103381681028387,0.05594460609125727,0.06337118612642789,0.1411441635750925,0.0556799958001421,0.06278861450001372
1476.5625,4223.077,4216.41,4164.615,4138.974,4212.308,0.1413678489587636,0.05575552542321312,0.06293016165716665,0.1417902636804712,0.056085285181960105,0.0633647060796768,0.05607282950279849,0.06255557074051749,0.14103381681028387,0.05594460609125727,0.06337118612642789,0.1411441635750925,0.0556799958001421,0.06278861450001372
1484.375,4245.128,4268.718,4171.795,4146.154,4236.41,0.1413678489587636,0.05575552542321312,0.06293016165716665,0.1417902636804712,0.056085285181960105,0.0633647060796768,0.05607282950279849,0.06255557074051749,0.14103381681028387,0.05594460609125727,0.06337118612642789,0.1411441635750925,0.0556799958001421,0.06278861450001372
1492.1875,4260.513,4274.872,4165.128,4153.846,4239.487,0.1413678489587636,0.05575552542321312,0.06293016165716665,0.1417902636804712,0.056085285181960105,0.0633647060796768,0.05607282950279849,0.06255557074051749,0.14103381681028387,0.05594460609125727,0.06337118612642789,0.1411441635750925,0.0556799958001421,0.06278861450001372
1500.0,4247.692,4232.821,4149.744,4141.026,4222.564,0.1413678489587636,0.05575552542321312,0.06293016165716665,0.1417902636804712,0.056085285181960105,0.0633647060796768,0.05607282950279849,0.06255557074051749,0.14103381681028387,0.05594460609125727,0.06337118612642789,0.1411441635750925,0.0556799958001421,0.06278861450001372
1507.8125,4226.154,4222.564,4147.179,4123.077,4198.462,0.1413678489587636,0.05575552542321312,0.06293016165716665,0.1417902636804712,0.056085285181960105,0.0633647060796768,0.05607282950279849,0.06255557074051749,0.14103381681028387,0.05594460609125727,0.06337118612642789,0.1411441635750925,0.0556799958001421,0.06278861450001372
1515.625,4226.154,4228.718,4155.897,4128.205,4192.821,0.1413678489587636,0.05575552542321312,0.06293016165716665,0.1417902636804712,0.056085285181960105,0.0633647060796768,0.05607282950279849,0.06255557074051749,0.14103381681028387,0.05594460609125727,0.06337118612642789,0.1411441635750925,0.0556799958001421,0.06278861450001372
1523.4375,4232.308,4220.513,4152.821,4132.308,4212.821,0.1413678489587636,0.05575552542321312,0.06293016165716665,0.1417902636804712,0.056085285181960105,0.0633647060796768,0.05607282950279849,0.06255557074051749,0.14103381681028387,0.05594460609125727,0.06337118612642789,0.1411441635750925,0.0556799958001421,0.06278861450001372
1531.25,4219.487,4228.205,4134.872,4111.282,4221.026,0.1413678489587636,0.05575552542321312,0.06293016165716665,0.1417902636804712,0.056085285181960105,0.0633647060796768,0.05607282950279849,0.06255557074051749,0.14103381681028387,0.05594460609125727,0.06337118612642789,0.1411441635750925,0.0556799958001421,0.06278861450001372
1539.0625,4212.821,4243.077,4130.769,4107.692,4210.256,0.1413678489587636,0.05575552542321312,0.06293016165716665,0.1417902636804712,0.056085285181960105,0.0633647060796768,0.05607282950279849,0.06255557074051749,0.14103381681028387,0.05594460609125727,0.06337118612642789,0.1411441635750925,0.0556799958001421,0.06278861450001372
1546.875,4229.231,4235.385,4151.795,4135.385,4212.821,0.1413678489587636,0.05575552542321312,0.06293016165716665,0.1417902636804712,0.056085285181960105,0.0633647060796768,0.05607282950279849,0.06255557074051749,0.14103381681028387,0.05594460609125727,0.06337118612642789,0.1411441635750925,0.0556799958001421,0.06278861450001372
1554.6875,4240.513,4233.846,4167.692,4149.231,4225.641,0.1413678489587636,0.05575552542321312,0.06293016165716665,0.1417902636804712,0.056085285181960105,0.0633647060796768,0.05607282950279849,0.06255557074051749,0.14103381681028387,0.05594460609125727,0.06337118612642789,0.1411441635750925,0.0556799958001421,0.06278861450001372
1562.5,4235.385,4240.0,4161.538,4144.103,4224.615,0.1413678489587636,0.05575552542321312,0.06293016165716665,0.1417902636804712,0.056085285181960105,0.0633647060796768,0.05607282950279849,0.06255557074051749,0.14103381681028387,0.05594460609125727,0.06337118612642789,0.1411441635750925,0.0556799958001421,0.06278861450001372
1570.3125,4230.769,4234.872,4144.103,4143.077,4215.385,0.1413678489587636,0.05575552542321312,0.06293016165716665,0.1417902636804712,0.056085285181960105,0.0633647060796768,0.05607282950279849,0.06255557074051749,0.14103381681028387,0.05594460609125727,0.06337118612642789,0.1411441635750925,0.0556799958001421,0.06278861450001372
1578.125,4232.308,4262.051,4135.385,4142.564,4217.436,0.1413678489587636,0.05575552542321312,0.06293016165716665,0.1417902636804712,0.056085285181960105,0.0633647060796768,0.05607282950279849,0.06255557074051749,0.14103381681028387,0.05594460609125727,0.06337118612642789,0.1411441635750925,0.0556799958001421,0.06278861450001372
1585.9375,4233.333,4276.923,4140.0,4141.026,4221.538,0.1413678489587636,0.05575552542321312,0.06293016165716665,0.1417902636804712,0.056085285181960105,0.0633647060796768,0.05607282950279849,0.06255557074051749,0.14103381681028387,0.05594460609125727,0.06337118612642789,0.1411441635750925,0.0556799958001421,0.06278861450001372
1593.75,4228.718,4220.513,4145.641,4142.564,4209.744,0.1413678489587636,0.05575552542321312,0.06293016165716665,0.1417902636804712,0.056085285181960105,0.0633647060796768,0.05607282950279849,0.06255557074051749,0.14103381681028387,0.05594460609125727,0.06337118612642789,0.1411441635750925,0.0556799958001421,0.06278861450001372
1601.5625,4233.846,4210.769,4155.897,4146.667,4208.205,0.1413678489587636,0.05575552542321312,0.06293016165716665,0.1417902636804712,0.056085285181960105,0.0633647060796768,0.05607282950279849,0.06255557074051749,0.14103381681028387,0.05594460609125727,0.06337118612642789,0.1411441635750925,0.0556799958001421,0.06278861450001372
1609.375,4232.308,4254.359,4151.282,4139.487,4214.359,0.1413678489587636,0.05575552542321312,0.06293016165716665,0.1417902636804712,0.056085285181960105,0.0633647060796768,0.05607282950279849,0.06255557074051749,0.14103381681028387,0.05594460609125727,0.06337118612642789,0.1411441635750925,0.0556799958001421,0.06278861450001372
1617.1875,4177.949,4200.0,4095.897,4085.641,4167.692,0.1413678489587636,0.05575552542321312,0.06293016165716665,0.1417902636804712,0.056085285181960105,0.0633647060796768,0.05607282950279849,0.06255557074051749,0.14103381681028387,0.05594460609125727,0.06337118612642789,0.1411441635750925,0.0556799958001421,0.06278861450001372
1625.0,4128.718,4129.744,4049.231,4037.436,4111.795,0.1413678489587636,0.05575552542321312,0.06293016165716665,0.1417902636804712,0.056085285181960105,0.0633647060796768,0.05607282950279849,0.06255557074051749,0.14103381681028387,0.05594460609125727,0.06337118612642789,0.1411441635750925,0.0556799958001421,0.06278861450001372
1632.8125,4157.949,4168.205,4075.385,4064.615,4136.41,0.1413678489587636,0.05575552542321312,0.06293016165716665,0.1417902636804712,0.056085285181960105,0.0633647060796768,0.05607282950279849,0.06255557074051749,0.14103381681028387,0.05594460609125727,0.06337118612642789,0.1411441635750925,0.0556799958001421,0.06278861450001372
1640.625,4210.769,4231.795,4122.051,4116.41,4198.974,0.1413678489587636,0.05575552542321312,0.06293016165716665,0.1417902636804712,0.056085285181960105,0.0633647060796768,0.05607282950279849,0.06255557074051749,0.14103381681028387,0.05594460609125727,0.06337118612642789,0.1411441635750925,0.0556799958001421,0.06278861450001372
1648.4375,4223.077,4245.641,4133.333,4127.179,4211.795,0.1413678489587636,0.05575552542321312,0.06293016165716665,0.1417902636804712,0.056085285181960105,0.0633647060796768,0.05607282950279849,0.06255557074051749,0.14103381681028387,0.05594460609125727,0.06337118612642789,0.1411441635750925,0.0556799958001421,0.06278861450001372
1656.25,4209.744,4218.462,4122.051,4112.821,4187.179,0.1413678489587636,0.05575552542321312,0.06293016165716665,0.1417902636804712,0.056085285181960105,0.0633647060796768,0.05607282950279849,0.06255557074051749,0.14103381681028387,0.05594460609125727,0.06337118612642789,0.1411441635750925,0.0556799958001421,0.06278861450001372
1664.0625,4192.308,4189.744,4102.564,4097.949,4170.769,0.1413678489587636,0.05575552542321312,0.06293016165716665,0.1417902636804712,0.056085285181960105,0.0633647060796768,0.05607282950279849,0.06255557074051749,0.14103381681028387,0.05594460609125727,0.06337118612642789,0.1411441635750925,0.0556799958001421,0.06278861450001372
1671.875,4186.667,4191.282,4095.385,4089.231,4173.846,0.1413678489587636,0.05575552542321312,0.06293016165716665,0.1417902636804712,0.056085285181960105,0.0633647060796768,0.05607282950279849,0.06255557074051749,0.14103381681028387,0.05594460609125727,0.06337118612642789,0.1411441635750925,0.0556799958001421,0.06278861450001372
1679.6875,4209.744,4202.564,4118.974,4106.667,4193.846,0.1413678489587636,0.05575552542321312,0.06293016165716665,0.1417902636804712,0.056085285181960105,0.0633647060796768,0.05607282950279849,0.06255557074051749,0.14103381681028387,0.05594460609125727,0.06337118612642789,0.1411441635750925,0.0556799958001421,0.06278861450001372
1687.5,4216.41,4207.179,4122.564,4116.41,4201.026,0.1413678489587636,0.05575552542321312,0.06293016165716665,0.1417902636804712,0.056085285181960105,0.0633647060796768,0.05607282950279849,0.06255557074051749,0.14103381681028387,0.05594460609125727,0.06337118612642789,0.1411441635750925,0.0556799958001421,0.06278861450001372
1695.3125,4187.179,4200.0,4094.872,4091.282,4177.949,0.1413678489587636,0.05575552542321312,0.06293016165716665,0.1417902636804712,0.056085285181960105,0.0633647060796768,0.05607282950279849,0.06255557074051749,0.14103381681028387,0.05594460609125727,0.06337118612642789,0.1411441635750925,0.0556799958001421,0.06278861450001372
1703.125,4178.974,4178.462,4098.974,4084.615,4160.513,0.1413678489587636,0.05575552542321312,0.06293016165716665,0.1417902636804712,0.056085285181960105,0.0633647060796768,0.05607282950279849,0.06255557074051749,0.14103381681028387,0.05594460609125727,0.06337118612642789,0.1411441635750925,0.0556799958001421,0.06278861450001372
1710.9375,4175.385,4165.128,4101.538,4083.59,4150.769,0.1413678489587636,0.05575552542321312,0.06293016165716665,0.1417902636804712,0.056085285181960105,0.0633647060796768,0.05607282950279849,0.06255557074051749,0.14103381681028387,0.05594460609125727,0.06337118612642789,0.1411441635750925,0.0556799958001421,0.06278861450001372
1718.75,4141.538,4155.385,4067.179,4052.308,4129.231,0.1413678489587636,0.05575552542321312,0.06293016165716665,0.1417902636804712,0.056085285181960105,0.0633647060796768,0.05607282950279849,0.06255557074051749,0.14103381681028387,0.05594460609125727,0.06337118612642789,0.1411441635750925,0.0556799958001421,0.06278861450001372
1726.5625,4134.359,4148.718,4056.923,4048.205,4130.256,0.1413678489587636,0.05575552542321312,0.06293016165716665,0.1417902636804712,0.056085285181960105,0.0633647060796768,0.05607282950279849,0.06255557074051749,0.14103381681028387,0.05594460609125727,0.06337118612642789,0.1411441635750925,0.0556799958001421,0.06278861450001372
1734.375,4167.692,4171.282,4084.615,4087.692,4166.154,0.1413678489587636,0.05575552542321312,0.06293016165716665,0.1417902636804712,0.056085285181960105,0.0633647060796768,0.05607282950279849,0.06255557074051749,0.14103381681028387,0.05594460609125727,0.06337118612642789,0.1411441635750925,0.0556799958001421,0.06278861450001372
1742.1875,4177.949,4208.205,4093.333,4100.0,4178.462,0.1413678489587636,0.05575552542321312,0.06293016165716665,0.1417902636804712,0.056085285181960105,0.0633647060796768,0.05607282950279849,0.06255557074051749,0.14103381681028387,0.05594460609125727,0.06337118612642789,0.1411441635750925,0.0556799958001421,0.06278861450001372
1750.0,4151.795,4192.308,4069.744,4069.231,4147.692,0.1413678489587636,0.05575552542321312,0.06293016165716665,0.1417902636804712,0.056085285181960105,0.0633647060796768,0.05607282950279849,0.06255557074051749,0.14103381681028387,0.05594460609125727,0.06337118612642789,0.1411441635750925,0.0556799958001421,0.06278861450001372
1757.8125,4130.769,4134.872,4049.231,4042.564,4124.615,0.1413678489587636,0.05575552542321312,0.06293016165716665,0.1417902636804712,0.056085285181960105,0.0633647060796768,0.05607282950279849,0.06255557074051749,0.14103381681028387,0.05594460609125727,0.06337118612642789,0.1411441635750925,0.0556799958001421,0.06278861450001372
1765.625,4134.359,4145.641,4063.077,4044.103,4132.821,0.1413678489587636,0.05575552542321312,0.06293016165716665,0.1417902636804712,0.056085285181960105,0.0633647060796768,0.05607282950279849,0.06255557074051749,0.14103381681028387,0.05594460609125727,0.06337118612642789,0.1411441635750925,0.0556799958001421,0.06278861450001372
1773.4375,4154.359,4205.128,4089.231,4063.59,4147.179,0.1413678489587636,0.05575552542321312,0.06293016165716665,0.1417902636804712,0.056085285181960105,0.0633647060796768,0.05607282950279849,0.06255557074051749,0.14103381681028387,0.05594460609125727,0.06337118612642789,0.1411441635750925,0.0556799958001421,0.06278861450001372
1781.25,4161.538,4198.974,4083.077,4069.744,4149.744,0.1413678489587636,0.05575552542321312,0.06293016165716665,0.1417902636804712,0.056085285181960105,0.0633647060796768,0.05607282950279849,0.06255557074051749,0.14103381681028387,0.05594460609125727,0.06337118612642789,0.1411441635750925,0.0556799958001421,0.06278861450001372
1789.0625,4165.641,4183.59,4078.974,4084.615,4158.974,0.1413678489587636,0.05575552542321312,0.06293016165716665,0.1417902636804712,0.056085285181960105,0.0633647060796768,0.05607282950279849,0.06255557074051749,0.14103381681028387,0.05594460609125727,0.06337118612642789,0.1411441635750925,0.0556799958001421,0.06278861450001372
1796.875,4183.59,4217.436,4096.41,4112.308,4172.821,0.1413678489587636,0.05575552542321312,0.06293016165716665,0.1417902636804712,0.056085285181960105,0.0633647060796768,0.05607282950279849,0.06255557074051749,0.14103381681028387,0.05594460609125727,0.06337118612642789,0.1411441635750925,0.0556799958001421,0.06278861450001372
1804.6875,4180.513,4189.744,4089.744,4099.487,4164.103,0.1413678489587636,0.05575552542321312,0.06293016165716665,0.1417902636804712,0.056085285181960105,0.0633647060796768,0.05607282950279849,0.06255557074051749,0.14103381681028387,0.05594460609125727,0.06337118612642789,0.1411441635750925,0.0556799958001421,0.06278861450001372
1812.5,4181.026,4153.846,4087.692,4088.205,4167.692,0.1413678489587636,0.05575552542321312,0.06293016165716665,0.1417902636804712,0.056085285181960105,0.0633647060796768,0.05607282950279849,0.06255557074051749,0.14103381681028387,0.05594460609125727,0.06337118612642789,0.1411441635750925,0.0556799958001421,0.06278861450001372
1820.3125,4209.744,4209.744,4116.41,4116.41,4193.333,0.1413678489587636,0.05575552542321312,0.06293016165716665,0.1417902636804712,0.056085285181960105,0.0633647060796768,0.05607282950279849,0.06255557074051749,0.14103381681028387,0.05594460609125727,0.06337118612642789,0.1411441635750925,0.0556799958001421,0.06278861450001372
1828.125,4212.308,4226.154,4125.128,4120.513,4198.462,0.1413678489587636,0.05575552542321312,0.06293016165716665,0.1417902636804712,0.056085285181960105,0.0633647060796768,0.05607282950279849,0.06255557074051749,0.14103381681028387,0.05594460609125727,0.06337118612642789,0.1411441635750925,0.0556799958001421,0.06278861450001372
1835.9375,4202.051,4196.923,4119.487,4106.154,4194.872,0.1413678489587636,0.05575552542321312,0.06293016165716665,0.1417902636804712,0.056085285181960105,0.0633647060796768,0.05607282950279849,0.06255557074051749,0.14103381681028387,0.05594460609125727,0.06337118612642789,0.1411441635750925,0.0556799958001421,0.06278861450001372
1843.75,4218.462,4220.0,4122.051,4119.487,4204.615,0.1413678489587636,0.05575552542321312,0.06293016165716665,0.1417902636804712,0.056085285181960105,0.0633647060796768,0.05607282950279849,0.06255557074051749,0.14103381681028387,0.05594460609125727,0.06337118612642789,0.1411441635750925,0.0556799958001421,0.06278861450001372
1851.5625,4225.128,4215.385,4113.846,4128.205,4210.256,0.1413678489587636,0.05575552542321312,0.06293016165716665,0.1417902636804712,0.056085285181960105,0.0633647060796768,0.05607282950279849,0.06255557074051749,0.14103381681028387,0.05594460609125727,0.06337118612642789,0.1411441635750925,0.0556799958001421,0.06278861450001372
1859.375,4211.282,4177.436,4106.154,4116.41,4204.103,0.1413678489587636,0.05575552542321312,0.06293016165716665,0.1417902636804712,0.056085285181960105,0.0633647060796768,0.05607282950279849,0.06255557074051749,0.14103381681028387,0.05594460609125727,0.06337118612642789,0.1411441635750925,0.0556799958001421,0.06278861450001372
1867.1875,4209.231,4194.359,4111.795,4114.359,4192.821,0.1413678489587636,0.05575552542321312,0.06293016165716665,0.1417902636804712,0.056085285181960105,0.0633647060796768,0.05607282950279849,0.06255557074051749,0.14103381681028387,0.05594460609125727,0.06337118612642789,0.1411441635750925,0.0556799958001421,0.06278861450001372
1875.0,4215.897,4228.718,4113.846,4124.615,4191.282,0.1413678489587636,0.05575552542321312,0.06293016165716665,0.1417902636804712,0.056085285181960105,0.0633647060796768,0.05607282950279849,0.06255557074051749,0.14103381681028387,0.05594460609125727,0.06337118612642789,0.1411441635750925,0.0556799958001421,0.06278861450001372
1882.8125,4227.179,4219.487,4118.974,4134.359,4210.769,0.1413678489587636,0.05575552542321312,0.06293016165716665,0.1417902636804712,0.056085285181960105,0.0633647060796768,0.05607282950279849,0.06255557074051749,0.14103381681028387,0.05594460609125727,0.06337118612642789,0.1411441635750925,0.0556799958001421,0.06278861450001372
1890.625,4234.359,4222.051,4121.538,4128.718,4214.872,0.1413678489587636,0.05575552542321312,0.06293016165716665,0.1417902636804712,0.056085285181960105,0.0633647060796768,0.05607282950279849,0.06255557074051749,0.14103381681028387,0.05594460609125727,0.06337118612642789,0.1411441635750925,0.0556799958001421,0.06278861450001372
1898.4375,4223.077,4232.821,4105.128,4111.282,4193.333,0.1413678489587636,0.05575552542321312,0.06293016165716665,0.1417902636804712,0.056085285181960105,0.0633647060796768,0.05607282950279849,0.06255557074051749,0.14103381681028387,0.05594460609125727,0.06337118612642789,0.1411441635750925,0.0556799958001421,0.06278861450001372
1906.25,4217.949,4210.769,4098.462,4113.333,4195.385,0.1413678489587636,0.05575552542321312,0.06293016165716665,0.1417902636804712,0.056085285181960105,0.0633647060796768,0.05607282950279849,0.06255557074051749,0.14103381681028387,0.05594460609125727,0.06337118612642789,0.1411441635750925,0.0556799958001421,0.06278861450001372
1914.0625,4234.872,4212.308,4116.923,4138.974,4220.0,0.1413678489587636,0.05575552542321312,0.06293016165716665,0.1417902636804712,0.056085285181960105,0.0633647060796768,0.05607282950279849,0.06255557074051749,0.14103381681028387,0.05594460609125727,0.06337118612642789,0.1411441635750925,0.0556799958001421,0.06278861450001372
1921.875,4231.282,4225.128,4113.333,4137.436,4204.103,0.1413678489587636,0.05575552542321312,0.06293016165716665,0.1417902636804712,0.056085285181960105,0.0633647060796768,0.05607282950279849,0.06255557074051749,0.14103381681028387,0.05594460609125727,0.06337118612642789,0.1411441635750925,0.0556799958001421,0.06278861450001372
1929.6875,4216.41,4208.718,4088.718,4111.282,4179.487,0.1413678489587636,0.05575552542321312,0.06293016165716665,0.1417902636804712,0.056085285181960105,0.0633647060796768,0.05607282950279849,0.06255557074051749,0.14103381681028387,0.05594460609125727,0.06337118612642789,0.1411441635750925,0.0556799958001421,0.06278861450001372
1937.5,4234.872,4203.077,4102.051,4118.462,4211.795,0.1413678489587636,0.05575552542321312,0.06293016165716665,0.1417902636804712,0.056085285181960105,0.0633647060796768,0.05607282950279849,0.06255557074051749,0.14103381681028387,0.05594460609125727,0.06337118612642789,0.1411441635750925,0.0556799958001421,0.06278861450001372
1945.3125,4252.821,4213.333,4126.154,4141.026,4243.59,0.1413678489587636,0.05575552542321312,0.06293016165716665,0.1417902636804712,0.056085285181960105,0.0633647060796768,0.05607282950279849,0.06255557074051749,0.14103381681028387,0.05594460609125727,0.06337118612642789,0.1411441635750925,0.0556799958001421,0.06278861450001372
1953.125,4233.333,4212.821,4111.282,4132.821,4212.308,0.1413678489587636,0.05575552542321312,0.06293016165716665,0.1417902636804712,0.056085285181960105,0.0633647060796768,0.05607282950279849,0.06255557074051749,0.14103381681028387,0.05594460609125727,0.06337118612642789,0.1411441635750925,0.0556799958001421,0.06278861450001372
1960.9375,4219.487,4209.744,4100.0,4117.436,4184.615,0.1413678489587636,0.05575552542321312,0.06293016165716665,0.1417902636804712,0.056085285181960105,0.0633647060796768,0.05607282950279849,0.06255557074051749,0.14103381681028387,0.05594460609125727,0.06337118612642789,0.1411441635750925,0.0556799958001421,0.06278861450001372
1968.75,4245.128,4232.821,4122.051,4133.846,4212.308,0.1413678489587636,0.05575552542321312,0.06293016165716665,0.1417902636804712,0.056085285181960105,0.0633647060796768,0.05607282950279849,0.06255557074051749,0.14103381681028387,0.05594460609125727,0.06337118612642789,0.1411441635750925,0.0556799958001421,0.06278861450001372
1976.5625,4265.128,4257.436,4132.821,4161.538,4232.821,0.1413678489587636,0.05575552542321312,0.06293016165716665,0.1417902636804712,0.056085285181960105,0.0633647060796768,0.05607282950279849,0.06255557074051749,0.14103381681028387,0.05594460609125727,0.06337118612642789,0.1411441635750925,0.0556799958001421,0.06278861450001372
1984.375,4256.923,4250.769,4121.538,4167.692,4223.59,0.1413678489587636,0.05575552542321312,0.06293016165716665,0.1417902636804712,0.056085285181960105,0.0633647060796768,0.05607282950279849,0.06255557074051749,0.14103381681028387,0.05594460609125727,0.06337118612642789,0.1411441635750925,0.0556799958001421,0.06278861450001372
1992.1875,4262.564,4237.949,4127.179,4165.641,4229.231,0.1413678489587636,0.05575552542321312,0.06293016165716665,0.1417902636804712,0.056085285181960105,0.0633647060796768,0.05607282950279849,0.06255557074051749,0.14103381681028387,0.05594460609125727,0.06337118612642789,0.1411441635750925,0.0556799958001421,0.06278861450001372
2000.0,0.0,0.0,0.0,0.0,0.0,0.1413678489587636,0.05575552542321312,0.06293016165716665,0.1417902636804712,0.056085285181960105,0.0633647060796768,0.05607282950279849,0.06255557074051749,0.14103381681028387,0.05594460609125727,0.06337118612642789,0.1411441635750925,0.0556799958001421,0.06278861450001372
2007.8125,0.0,0.0,0.0,0.0,0.0,0.1413678489587636,0.05575552542321312,0.06293016165716665,0.1417902636804712,0.056085285181960105,0.0633647060796768,0.05607282950279849,0.06255557074051749,0.14103381681028387,0.05594460609125727,0.06337118612642789,0.1411441635750925,0.0556799958001421,0.06278861450001372
2015.625,0.0,0.0,0.0,0.0,0.0,0.1413678489587636,0.05575552542321312,0.06293016165716665,0.1417902636804712,0.056085285181960105,0.0633647060796768,0.05607282950279849,0.06255557074051749,0.14103381681028387,0.05594460609125727,0.06337118612642789,0.1411441635750925,0.0556799958001421,0.06278861450001372
2023.4375,0.0,0.0,0.0,0.0,0.0,0.1413678489587636,0.05575552542321312,0.06293016165716665,0.1417902636804712,0.056085285181960105,0.0633647060796768,0.05607282950279849,0.06255557074051749,0.14103381681028387,0.05594460609125727,0.06337118612642789,0.1411441635750925,0.0556799958001421,0.06278861450001372
2031.25,0.0,0.0,0.0,0.0,0.0,0.1413678489587636,0.05575552542321312,0.06293016165716665,0.1417902636804712,0.056085285181960105,0.0633647060796768,0.05607282950279849,0.06255557074051749,0.14103381681028387,0.05594460609125727,0.06337118612642789,0.1411441635750925,0.0556799958001421,0.06278861450001372
2039.0625,0.0,0.0,0.0,0.0,0.0,0.1413678489587636,0.05575552542321312,0.06293016165716665,0.1417902636804712,0.056085285181960105,0.0633647060796768,0.05607282950279849,0.06255557074051749,0.14103381681028387,0.05594460609125727,0.06337118612642789,0.1411441635750925,0.0556799958001421,0.06278861450001372
2046.875,0.0,0.0,0.0,0.0,0.0,0.1413678489587636,0.05575552542321312,0.06293016165716665,0.1417902636804712,0.056085285181960105,0.0633647060796768,0.05607282950279849,0.06255557074051749,0.14103381681028387,0.05594460609125727,0.06337118612642789,0.1411441635750925,0.0556799958001421,0.06278861450001372
2054.6875,0.0,0.0,0.0,0.0,0.0,0.1413678489587636,0.05575552542321312,0.06293016165716665,0.1417902636804712,0.056085285181960105,0.0633647060796768,0.05607282950279849,0.06255557074051749,0.14103381681028387,0.05594460609125727,0.06337118612642789,0.1411441635750925,0.0556799958001421,0.06278861450001372
2062.5,0.0,0.0,0.0,0.0,0.0,0.1413678489587636,0.05575552542321312,0.06293016165716665,0.1417902636804712,0.056085285181960105,0.0633647060796768,0.05607282950279849,0.06255557074051749,0.14103381681028387,0.05594460609125727,0.06337118612642789,0.1411441635750925,0.0556799958001421,0.06278861450001372
2070.3125,0.0,0.0,0.0,0.0,0.0,0.1413678489587636,0.05575552542321312,0.06293016165716665,0.1417902636804712,0.056085285181960105,0.0633647060796768,0.05607282950279849,0.06255557074051749,0.14103381681028387,0.05594460609125727,0.06337118612642789,0.1411441635750925,0.0556799958001421,0.06278861450001372
2078.125,0.0,0.0,0.0,0.0,0.0,0.1413678489587636,0.05575552542321312,0.06293016165716665,0.1417902636804712,0.056085285181960105,0.0633647060796768,0.05607282950279849,0.06255557074051749,0.14103381681028387,0.05594460609125727,0.06337118612642789,0.1411441635750925,0.0556799958001421,0.06278861450001372
2085.9375,0.0,0.0,0.0,0.0,0.0,0.1413678489587636,0.05575552542321312,0.06293016165716665,0.1417902636804712,0.056085285181960105,0.0633647060796768,0.05607282950279849,0.06255557074051749,0.14103381681028387,0.05594460609125727,0.06337118612642789,0.1411441635750925,0.0556799958001421,0.06278861450001372
2093.75,0.0,0.0,0.0,0.0,0.0,0.1413678489587636,0.05575552542321312,0.06293016165716665,0.1417902636804712,0.056085285181960105,0.0633647060796768,0.05607282950279849,0.06255557074051749,0.14103381681028387,0.05594460609125727,0.06337118612642789,0.1411441635750925,0.0556799958001421,0.06278861450001372
2101.5625,0.0,0.0,0.0,0.0,0.0,0.1413678489587636,0.05575552542321312,0.06293016165716665,0.1417902636804712,0.056085285181960105,0.0633647060796768,0.05607282950279849,0.06255557074051749,0.14103381681028387,0.05594460609125727,0.06337118612642789,0.1411441635750925,0.0556799958001421,0.06278861450001372
2109.375,0.0,0.0,0.0,0.0,0.0,0.1413678489587636,0.05575552542321312,0.06293016165716665,0.1417902636804712,0.056085285181960105,0.0633647060796768,0.05607282950279849,0.06255557074051749,0.14103381681028387,0.05594460609125727,0.06337118612642789,0.1411441635750925,0.0556799958001421,0.06278861450001372
2117.1875,0.0,0.0,0.0,0.0,0.0,0.1413678489587636,0.05575552542321312,0.06293016165716665,0.1417902636804712,0.056085285181960105,0.0633647060796768,0.05607282950279849,0.06255557074051749,0.14103381681028387,0.05594460609125727,0.06337118612642789,0.1411441635750925,0.0556799958001421,0.06278861450001372
2125.0,0.0,0.0,0.0,0.0,0.0,0.1413678489587636,0.05575552542321312,0.06293016165716665,0.1417902636804712,0.056085285181960105,0.0633647060796768,0.05607282950279849,0.06255557074051749,0.14103381681028387,0.05594460609125727,0.06337118612642789,0.1411441635750925,0.0556799958001421,0.06278861450001372
2132.8125,0.0,0.0,0.0,0.0,0.0,0.1413678489587636,0.05575552542321312,0.06293016165716665,0.1417902636804712,0.056085285181960105,0.0633647060796768,0.05607282950279849,0.06255557074051749,0.14103381681028387,0.05594460609125727,0.06337118612642789,0.1411441635750925,0.0556799958001421,0.06278861450001372
2140.625,0.0,0.0,0.0,0.0,0.0,0.1413678489587636,0.05575552542321312,0.06293016165716665,0.1417902636804712,0.056085285181960105,0.0633647060796768,0.05607282950279849,0.06255557074051749,0.14103381681028387,0.05594460609125727,0.06337118612642789,0.1411441635750925,0.0556799958001421,0.06278861450001372
2148.4375,0.0,0.0,0.0,0.0,0.0,0.1413678489587636,0.05575552542321312,0.06293016165716665,0.1417902636804712,0.056085285181960105,0.0633647060796768,0.05607282950279849,0.06255557074051749,0.14103381681028387,0.05594460609125727,0.06337118612642789,0.1411441635750925,0.0556799958001421,0.06278861450001372
2156.25,0.0,0.0,0.0,0.0,0.0,0.1413678489587636,0.05575552542321312,0.06293016165716665,0.1417902636804712,0.056085285181960105,0.0633647060796768,0.05607282950279849,0.06255557074051749,0.14103381681028387,0.05594460609125727,0.06337118612642789,0.1411441635750925,0.0556799958001421,0.06278861450001372
2164.0625,0.0,0.0,0.0,0.0,0.0,0.1413678489587636,0.05575552542321312,0.06293016165716665,0.1417902636804712,0.056085285181960105,0.0633647060796768,0.05607282950279849,0.06255557074051749,0.14103381681028387,0.05594460609125727,0.06337118612642789,0.1411441635750925,0.0556799958001421,0.06278861450001372
2171.875,0.0,0.0,0.0,0.0,0.0,0.1413678489587636,0.05575552542321312,0.06293016165716665,0.1417902636804712,0.056085285181960105,0.0633647060796768,0.05607282950279849,0.06255557074051749,0.14103381681028387,0.05594460609125727,0.06337118612642789,0.1411441635750925,0.0556799958001421,0.06278861450001372
2179.6875,0.0,0.0,0.0,0.0,0.0,0.1413678489587636,0.05575552542321312,0.06293016165716665,0.1417902636804712,0.056085285181960105,0.0633647060796768,0.05607282950279849,0.06255557074051749,0.14103381681028387,0.05594460609125727,0.06337118612642789,0.1411441635750925,0.0556799958001421,0.06278861450001372
2187.5,0.0,0.0,0.0,0.0,0.0,0.1413678489587636,0.05575552542321312,0.06293016165716665,0.1417902636804712,0.056085285181960105,0.0633647060796768,0.05607282950279849,0.06255557074051749,0.14103381681028387,0.05594460609125727,0.06337118612642789,0.1411441635750925,0.0556799958001421,0.06278861450001372
2195.3125,0.0,0.0,0.0,0.0,0.0,0.1413678489587636,0.05575552542321312,0.06293016165716665,0.1417902636804712,0.056085285181960105,0.0633647060796768,0.05607282950279849,0.06255557074051749,0.14103381681028387,0.05594460609125727,0.06337118612642789,0.1411441635750925,0.0556799958001421,0.06278861450001372
2203.125,0.0,0.0,0.0,0.0,0.0,0.1413678489587636,0.05575552542321312,0.06293016165716665,0.1417902636804712,0.056085285181960105,0.0633647060796768,0.05607282950279849,0.06255557074051749,0.14103381681028387,0.05594460609125727,0.06337118612642789,0.1411441635750925,0.0556799958001421,0.06278861450001372
2210.9375,0.0,0.0,0.0,0.0,0.0,0.1413678489587636,0.05575552542321312,0.06293016165716665,0.1417902636804712,0.056085285181960105,0.0633647060796768,0.05607282950279849,0.06255557074051749,0.14103381681028387,0.05594460609125727,0.06337118612642789,0.1411441635750925,0.0556799958001421,0.06278861450001372
2218.75,0.0,0.0,0.0,0.0,0.0,0.1413678489587636,0.05575552542321312,0.06293016165716665,0.1417902636804712,0.056085285181960105,0.0633647060796768,0.05607282950279849,0.06255557074051749,0.14103381681028387,0.05594460609125727,0.06337118612642789,0.1411441635750925,0.0556799958001421,0.06278861450001372
2226.5625,0.0,0.0,0.0,0.0,0.0,0.1413678489587636,0.05575552542321312,0.06293016165716665,0.1417902636804712,0.056085285181960105,0.0633647060796768,0.05607282950279849,0.06255557074051749,0.14103381681028387,0.05594460609125727,0.06337118612642789,0.1411441635750925,0.0556799958001421,0.06278861450001372
2234.375,0.0,0.0,0.0,0.0,0.0,0.1413678489587636,0.05575552542321312,0.06293016165716665,0.1417902636804712,0.056085285181960105,0.0633647060796768,0.05607282950279849,0.06255557074051749,0.14103381681028387,0.05594460609125727,0.06337118612642789,0.1411441635750925,0.0556799958001421,0.06278861450001372
2242.1875,0.0,0.0,0.0,0.0,0.0,0.1413678489587636,0.05575552542321312,0.06293016165716665,0.1417902636804712,0.056085285181960105,0.0633647060796768,0.05607282950279849,0.06255557074051749,0.14103381681028387,0.05594460609125727,0.06337118612642789,0.1411441635750925,0.0556799958001421,0.06278861450001372
2250.0,0.0,0.0,0.0,0.0,0.0,0.1413678489587636,0.05575552542321312,0.06293016165716665,0.1417902636804712,0.056085285181960105,0.0633647060796768,0.05607282950279849,0.06255557074051749,0.14103381681028387,0.05594460609125727,0.06337118612642789,0.1411441635750925,0.0556799958001421,0.06278861450001372
2257.8125,0.0,0.0,0.0,0.0,0.0,0.1413678489587636,0.05575552542321312,0.06293016165716665,0.1417902636804712,0.056085285181960105,0.0633647060796768,0.05607282950279849,0.06255557074051749,0.14103381681028387,0.05594460609125727,0.06337118612642789,0.1411441635750925,0.0556799958001421,0.06278861450001372
2265.625,0.0,0.0,0.0,0.0,0.0,0.1413678489587636,0.05575552542321312,0.06293016165716665,0.1417902636804712,0.056085285181960105,0.0633647060796768,0.05607282950279849,0.06255557074051749,0.14103381681028387,0.05594460609125727,0.06337118612642789,0.1411441635750925,0.0556799958001421,0.06278861450001372
2273.4375,0.0,0.0,0.0,0.0,0.0,0.1413678489587636,0.05575552542321312,0.06293016165716665,0.1417902636804712,0.056085285181960105,0.0633647060796768,0.05607282950279849,0.06255557074051749,0.14103381681028387,0.05594460609125727,0.06337118612642789,0.1411441635750925,0.0556799958001421,0.06278861450001372
2281.25,0.0,0.0,0.0,0.0,0.0,0.1413678489587636,0.05575552542321312,0.06293016165716665,0.1417902636804712,0.056085285181960105,0.0633647060796768,0.05607282950279849,0.06255557074051749,0.14103381681028387,0.05594460609125727,0.06337118612642789,0.1411441635750925,0.0556799958001421,0.06278861450001372
2289.0625,0.0,0.0,0.0,0.0,0.0,0.1413678489587636,0.05575552542321312,0.06293016165716665,0.1417902636804712,0.056085285181960105,0.0633647060796768,0.05607282950279849,0.06255557074051749,0.14103381681028387,0.05594460609125727,0.06337118612642789,0.1411441635750925,0.0556799958001421,0.06278861450001372
2296.875,0.0,0.0,0.0,0.0,0.0,0.1413678489587636,0.05575552542321312,0.06293016165716665,0.1417902636804712,0.056085285181960105,0.0633647060796768,0.05607282950279849,0.06255557074051749,0.14103381681028387,0.05594460609125727,0.06337118612642789,0.1411441635750925,0.0556799958001421,0.06278861450001372
2304.6875,0.0,0.0,0.0,0.0,0.0,0.1413678489587636,0.05575552542321312,0.06293016165716665,0.1417902636804712,0.056085285181960105,0.0633647060796768,0.05607282950279849,0.06255557074051749,0.14103381681028387,0.05594460609125727,0.06337118612642789,0.1411441635750925,0.0556799958001421,0.06278861450001372
2312.5,0.0,0.0,0.0,0.0,0.0,0.1413678489587636,0.05575552542321312,0.06293016165716665,0.1417902636804712,0.056085285181960105,0.0633647060796768,0.05607282950279849,0.06255557074051749,0.14103381681028387,0.05594460609125727,0.06337118612642789,0.1411441635750925,0.0556799958001421,0.06278861450001372
2320.3125,0.0,0.0,0.0,0.0,0.0,0.1413678489587636,0.05575552542321312,0.06293016165716665,0.1417902636804712,0.056085285181960105,0.0633647060796768,0.05607282950279849,0.06255557074051749,0.14103381681028387,0.05594460609125727,0.06337118612642789,0.1411441635750925,0.0556799958001421,0.06278861450001372
2328.125,0.0,0.0,0.0,0.0,0.0,0.1413678489587636,0.05575552542321312,0.06293016165716665,0.1417902636804712,0.056085285181960105,0.0633647060796768,0.05607282950279849,0.06255557074051749,0.14103381681028387,0.05594460609125727,0.06337118612642789,0.1411441635750925,0.0556799958001421,0.06278861450001372
2335.9375,0.0,0.0,0.0,0.0,0.0,0.1413678489587636,0.05575552542321312,0.06293016165716665,0.1417902636804712,0.056085285181960105,0.0633647060796768,0.05607282950279849,0.06255557074051749,0.14103381681028387,0.05594460609125727,0.06337118612642789,0.1411441635750925,0.0556799958001421,0.06278861450001372
2343.75,0.0,0.0,0.0,0.0,0.0,0.1413678489587636,0.05575552542321312,0.06293016165716665,0.1417902636804712,0.056085285181960105,0.0633647060796768,0.05607282950279849,0.06255557074051749,0.14103381681028387,0.05594460609125727,0.06337118612642789,0.1411441635750925,0.0556799958001421,0.06278861450001372
2351.5625,0.0,0.0,0.0,0.0,0.0,0.1413678489587636,0.05575552542321312,0.06293016165716665,0.1417902636804712,0.056085285181960105,0.0633647060796768,0.05607282950279849,0.06255557074051749,0.14103381681028387,0.05594460609125727,0.06337118612642789,0.1411441635750925,0.0556799958001421,0.06278861450001372
2359.375,0.0,0.0,0.0,0.0,0.0,0.1413678489587636,0.05575552542321312,0.06293016165716665,0.1417902636804712,0.056085285181960105,0.0633647060796768,0.05607282950279849,0.06255557074051749,0.14103381681028387,0.05594460609125727,0.06337118612642789,0.1411441635750925,0.0556799958001421,0.06278861450001372
2367.1875,0.0,0.0,0.0,0.0,0.0,0.1413678489587636,0.05575552542321312,0.06293016165716665,0.1417902636804712,0.056085285181960105,0.0633647060796768,0.05607282950279849,0.06255557074051749,0.14103381681028387,0.05594460609125727,0.06337118612642789,0.1411441635750925,0.0556799958001421,0.06278861450001372
2375.0,0.0,0.0,0.0,0.0,0.0,0.1413678489587636,0.05575552542321312,0.06293016165716665,0.1417902636804712,0.056085285181960105,0.0633647060796768,0.05607282950279849,0.06255557074051749,0.14103381681028387,0.05594460609125727,0.06337118612642789,0.1411441635750925,0.0556799958001421,0.06278861450001372
2382.8125,0.0,0.0,0.0,0.0,0.0,0.1413678489587636,0.05575552542321312,0.06293016165716665,0.1417902636804712,0.056085285181960105,0.0633647060796768,0.05607282950279849,0.06255557074051749,0.14103381681028387,0.05594460609125727,0.06337118612642789,0.1411441635750925,0.0556799958001421,0.06278861450001372
2390.625,0.0,0.0,0.0,0.0,0.0,0.1413678489587636,0.05575552542321312,0.06293016165716665,0.1417902636804712,0.056085285181960105,0.0633647060796768,0.05607282950279849,0.06255557074051749,0.14103381681028387,0.05594460609125727,0.06337118612642789,0.1411441635750925,0.0556799958001421,0.06278861450001372
2398.4375,0.0,0.0,0.0,0.0,0.0,0.1413678489587636,0.05575552542321312,0.06293016165716665,0.1417902636804712,0.056085285181960105,0.0633647060796768,0.05607282950279849,0.06255557074051749,0.14103381681028387,0.05594460609125727,0.06337118612642789,0.1411441635750925,0.0556799958001421,0.06278861450001372
2406.25,0.0,0.0,0.0,0.0,0.0,0.1413678489587636,0.05575552542321312,0.06293016165716665,0.1417902636804712,0.056085285181960105,0.0633647060796768,0.05607282950279849,0.06255557074051749,0.14103381681028387,0.05594460609125727,0.06337118612642789,0.1411441635750925,0.0556799958001421,0.06278861450001372
2414.0625,0.0,0.0,0.0,0.0,0.0,0.1413678489587636,0.05575552542321312,0.06293016165716665,0.1417902636804712,0.056085285181960105,0.0633647060796768,0.05607282950279849,0.06255557074051749,0.14103381681028387,0.05594460609125727,0.06337118612642789,0.1411441635750925,0.0556799958001421,0.06278861450001372
2421.875,0.0,0.0,0.0,0.0,0.0,0.1413678489587636,0.05575552542321312,0.06293016165716665,0.1417902636804712,0.056085285181960105,0.0633647060796768,0.05607282950279849,0.06255557074051749,0.14103381681028387,0.05594460609125727,0.06337118612642789,0.1411441635750925,0.0556799958001421,0.06278861450001372
2429.6875,0.0,0.0,0.0,0.0,0.0,0.1413678489587636,0.05575552542321312,0.06293016165716665,0.1417902636804712,0.056085285181960105,0.0633647060796768,0.05607282950279849,0.06255557074051749,0.14103381681028387,0.05594460609125727,0.06337118612642789,0.1411441635750925,0.0556799958001421,0.06278861450001372
2437.5,0.0,0.0,0.0,0.0,0.0,0.1413678489587636,0.05575552542321312,0.06293016165716665,0.1417902636804712,0.056085285181960105,0.0633647060796768,0.05607282950279849,0.06255557074051749,0.14103381681028387,0.05594460609125727,0.06337118612642789,0.1411441635750925,0.0556799958001421,0.06278861450001372
2445.3125,0.0,0.0,0.0,0.0,0.0,0.1413678489587636,0.05575552542321312,0.06293016165716665,0.1417902636804712,0.056085285181960105,0.0633647060796768,0.05607282950279849,0.06255557074051749,0.14103381681028387,0.05594460609125727,0.06337118612642789,0.1411441635750925,0.0556799958001421,0.06278861450001372
2453.125,0.0,0.0,0.0,0.0,0.0,0.1413678489587636,0.05575552542321312,0.06293016165716665,0.1417902636804712,0.056085285181960105,0.0633647060796768,0.05607282950279849,0.06255557074051749,0.14103381681028387,0.05594460609125727,0.06337118612642789,0.1411441635750925,0.0556799958001421,0.06278861450001372
2460.9375,0.0,0.0,0.0,0.0,0.0,0.1413678489587636,0.05575552542321312,0.06293016165716665,0.1417902636804712,0.056085285181960105,0.0633647060796768,0.05607282950279849,0.06255557074051749,0.14103381681028387,0.05594460609125727,0.06337118612642789,0.1411441635750925,0.0556799958001421,0.06278861450001372
2468.75,0.0,0.0,0.0,0.0,0.0,0.1413678489587636,0.05575552542321312,0.06293016165716665,0.1417902636804712,0.056085285181960105,0.0633647060796768,0.05607282950279849,0.06255557074051749,0.14103381681028387,0.05594460609125727,0.06337118612642789,0.1411441635750925,0.0556799958001421,0.06278861450001372
2476.5625,0.0,0.0,0.0,0.0,0.0,0.1413678489587636,0.05575552542321312,0.06293016165716665,0.1417902636804712,0.056085285181960105,0.0633647060796768,0.05607282950279849,0.06255557074051749,0.14103381681028387,0.05594460609125727,0.06337118612642789,0.1411441635750925,0.0556799958001421,0.06278861450001372
2484.375,0.0,0.0,0.0,0.0,0.0,0.1413678489587636,0.05575552542321312,0.06293016165716665,0.1417902636804712,0.056085285181960105,0.0633647060796768,0.05607282950279849,0.06255557074051749,0.14103381681028387,0.05594460609125727,0.06337118612642789,0.1411441635750925,0.0556799958001421,0.06278861450001372
2492.1875,0.0,0.0,0.0,0.0,0.0,0.1413678489587636,0.05575552542321312,0.06293016165716665,0.1417902636804712,0.056085285181960105,0.0633647060796768,0.05607282950279849,0.06255557074051749,0.14103381681028387,0.05594460609125727,0.06337118612642789,0.1411441635750925,0.0556799958001421,0.06278861450001372
2500.0,0.0,0.0,0.0,0.0,0.0,0.1413678489587636,0.05575552542321312,0.06293016165716665,0.1417902636804712,0.056085285181960105,0.0633647060796768,0.05607282950279849,0.06255557074051749,0.14103381681028387,0.05594460609125727,0.06337118612642789,0.1411441635750925,0.0556799958001421,0.06278861450001372
2507.8125,0.0,0.0,0.0,0.0,0.0,0.1413678489587636,0.05575552542321312,0.06293016165716665,0.1417902636804712,0.056085285181960105,0.0633647060796768,0.05607282950279849,0.06255557074051749,0.14103381681028387,0.05594460609125727,0.06337118612642789,0.1411441635750925,0.0556799958001421,0.06278861450001372
2515.625,0.0,0.0,0.0,0.0,0.0,0.1413678489587636,0.05575552542321312,0.06293016165716665,0.1417902636804712,0.056085285181960105,0.0633647060796768,0.05607282950279849,0.06255557074051749,0.14103381681028387,0.05594460609125727,0.06337118612642789,0.1411441635750925,0.0556799958001421,0.06278861450001372
2523.4375,0.0,0.0,0.0,0.0,0.0,0.1413678489587636,0.05575552542321312,0.06293016165716665,0.1417902636804712,0.056085285181960105,0.0633647060796768,0.05607282950279849,0.06255557074051749,0.14103381681028387,0.05594460609125727,0.06337118612642789,0.1411441635750925,0.0556799958001421,0.06278861450001372
2531.25,0.0,0.0,0.0,0.0,0.0,0.1413678489587636,0.05575552542321312,0.06293016165716665,0.1417902636804712,0.056085285181960105,0.0633647060796768,0.05607282950279849,0.06255557074051749,0.14103381681028387,0.05594460609125727,0.06337118612642789,0.1411441635750925,0.0556799958001421,0.06278861450001372
2539.0625,0.0,0.0,0.0,0.0,0.0,0.1413678489587636,0.05575552542321312,0.06293016165716665,0.1417902636804712,0.056085285181960105,0.0633647060796768,0.05607282950279849,0.06255557074051749,0.14103381681028387,0.05594460609125727,0.06337118612642789,0.1411441635750925,0.0556799958001421,0.06278861450001372
2546.875,0.0,0.0,0.0,0.0,0.0,0.1413678489587636,0.05575552542321312,0.06293016165716665,0.1417902636804712,0.056085285181960105,0.0633647060796768,0.05607282950279849,0.06255557074051749,0.14103381681028387,0.05594460609125727,0.06337118612642789,0.1411441635750925,0.0556799958001421,0.06278861450001372
2554.6875,0.0,0.0,0.0,0.0,0.0,0.1413678489587636,0.05575552542321312,0.06293016165716665,0.1417902636804712,0.056085285181960105,0.0633647060796768,0.05607282950279849,0.06255557074051749,0.14103381681028387,0.05594460609125727,0.06337118612642789,0.1411441635750925,0.0556799958001421,0.06278861450001372
2562.5,0.0,0.0,0.0,0.0,0.0,0.1413678489587636,0.05575552542321312,0.06293016165716665,0.1417902636804712,0.056085285181960105,0.0633647060796768,0.05607282950279849,0.06255557074051749,0.14103381681028387,0.05594460609125727,0.06337118612642789,0.1411441635750925,0.0556799958001421,0.06278861450001372
2570.3125,0.0,0.0,0.0,0.0,0.0,0.1413678489587636,0.05575552542321312,0.06293016165716665,0.1417902636804712,0.056085285181960105,0.0633647060796768,0.05607282950279849,0.06255557074051749,0.14103381681028387,0.05594460609125727,0.06337118612642789,0.1411441635750925,0.0556799958001421,0.06278861450001372
2578.125,0.0,0.0,0.0,0.0,0.0,0.1413678489587636,0.05575552542321312,0.06293016165716665,0.1417902636804712,0.056085285181960105,0.0633647060796768,0.05607282950279849,0.06255557074051749,0.14103381681028387,0.05594460609125727,0.06337118612642789,0.1411441635750925,0.0556799958001421,0.06278861450001372
2585.9375,0.0,0.0,0.0,0.0,0.0,0.1413678489587636,0.05575552542321312,0.06293016165716665,0.1417902636804712,0.056085285181960105,0.0633647060796768,0.05607282950279849,0.06255557074051749,0.14103381681028387,0.05594460609125727,0.06337118612642789,0.1411441635750925,0.0556799958001421,0.06278861450001372
2593.75,0.0,0.0,0.0,0.0,0.0,0.1413678489587636,0.05575552542321312,0.06293016165716665,0.1417902636804712,0.056085285181960105,0.0633647060796768,0.05607282950279849,0.06255557074051749,0.14103381681028387,0.05594460609125727,0.06337118612642789,0.1411441635750925,0.0556799958001421,0.06278861450001372
2601.5625,0.0,0.0,0.0,0.0,0.0,0.1413678489587636,0.05575552542321312,0.06293016165716665,0.1417902636804712,0.056085285181960105,0.0633647060796768,0.05607282950279849,0.06255557074051749,0.14103381681028387,0.05594460609125727,0.06337118612642789,0.1411441635750925,0.0556799958001421,0.06278861450001372
2609.375,0.0,0.0,0.0,0.0,0.0,0.1413678489587636,0.05575552542321312,0.06293016165716665,0.1417902636804712,0.056085285181960105,0.0633647060796768,0.05607282950279849,0.06255557074051749,0.14103381681028387,0.05594460609125727,0.06337118612642789,0.1411441635750925,0.0556799958001421,0.06278861450001372
2617.1875,0.0,0.0,0.0,0.0,0.0,0.1413678489587636,0.05575552542321312,0.06293016165716665,0.1417902636804712,0.056085285181960105,0.0633647060796768,0.05607282950279849,0.06255557074051749,0.14103381681028387,0.05594460609125727,0.06337118612642789,0.1411441635750925,0.0556799958001421,0.06278861450001372
2625.0,0.0,0.0,0.0,0.0,0.0,0.1413678489587636,0.05575552542321312,0.06293016165716665,0.1417902636804712,0.056085285181960105,0.0633647060796768,0.05607282950279849,0.06255557074051749,0.14103381681028387,0.05594460609125727,0.06337118612642789,0.1411441635750925,0.0556799958001421,0.06278861450001372
2632.8125,0.0,0.0,0.0,0.0,0.0,0.1413678489587636,0.05575552542321312,0.06293016165716665,0.1417902636804712,0.056085285181960105,0.0633647060796768,0.05607282950279849,0.06255557074051749,0.14103381681028387,0.05594460609125727,0.06337118612642789,0.1411441635750925,0.0556799958001421,0.06278861450001372
2640.625,0.0,0.0,0.0,0.0,0.0,0.1413678489587636,0.05575552542321312,0.06293016165716665,0.1417902636804712,0.056085285181960105,0.0633647060796768,0.05607282950279849,0.06255557074051749,0.14103381681028387,0.05594460609125727,0.06337118612642789,0.1411441635750925,0.0556799958001421,0.06278861450001372
2648.4375,0.0,0.0,0.0,0.0,0.0,0.1413678489587636,0.05575552542321312,0.06293016165716665,0.1417902636804712,0.056085285181960105,0.0633647060796768,0.05607282950279849,0.06255557074051749,0.14103381681028387,0.05594460609125727,0.06337118612642789,0.1411441635750925,0.0556799958001421,0.06278861450001372
2656.25,0.0,0.0,0.0,0.0,0.0,0.1413678489587636,0.05575552542321312,0.06293016165716665,0.1417902636804712,0.056085285181960105,0.0633647060796768,0.05607282950279849,0.06255557074051749,0.14103381681028387,0.05594460609125727,0.06337118612642789,0.1411441635750925,0.0556799958001421,0.06278861450001372
2664.0625,0.0,0.0,0.0,0.0,0.0,0.1413678489587636,0.05575552542321312,0.06293016165716665,0.1417902636804712,0.056085285181960105,0.0633647060796768,0.05607282950279849,0.06255557074051749,0.14103381681028387,0.05594460609125727,0.06337118612642789,0.1411441635750925,0.0556799958001421,0.06278861450001372
2671.875,0.0,0.0,0.0,0.0,0.0,0.1413678489587636,0.05575552542321312,0.06293016165716665,0.1417902636804712,0.056085285181960105,0.0633647060796768,0.05607282950279849,0.06255557074051749,0.14103381681028387,0.05594460609125727,0.06337118612642789,0.1411441635750925,0.0556799958001421,0.06278861450001372
2679.6875,0.0,0.0,0.0,0.0,0.0,0.1413678489587636,0.05575552542321312,0.06293016165716665,0.1417902636804712,0.056085285181960105,0.0633647060796768,0.05607282950279849,0.06255557074051749,0.14103381681028387,0.05594460609125727,0.06337118612642789,0.1411441635750925,0.0556799958001421,0.06278861450001372
2687.5,0.0,0.0,0.0,0.0,0.0,0.1413678489587636,0.05575552542321312,0.06293016165716665,0.1417902636804712,0.056085285181960105,0.0633647060796768,0.05607282950279849,0.06255557074051749,0.14103381681028387,0.05594460609125727,0.06337118612642789,0.1411441635750925,0.0556799958001421,0.06278861450001372
2695.3125,0.0,0.0,0.0,0.0,0.0,0.1413678489587636,0.05575552542321312,0.06293016165716665,0.1417902636804712,0.056085285181960105,0.0633647060796768,0.05607282950279849,0.06255557074051749,0.14103381681028387,0.05594460609125727,0.06337118612642789,0.1411441635750925,0.0556799958001421,0.06278861450001372
2703.125,0.0,0.0,0.0,0.0,0.0,0.1413678489587636,0.05575552542321312,0.06293016165716665,0.1417902636804712,0.056085285181960105,0.0633647060796768,0.05607282950279849,0.06255557074051749,0.14103381681028387,0.05594460609125727,0.06337118612642789,0.1411441635750925,0.0556799958001421,0.06278861450001372
2710.9375,0.0,0.0,0.0,0.0,0.0,0.1413678489587636,0.05575552542321312,0.06293016165716665,0.1417902636804712,0.056085285181960105,0.0633647060796768,0.05607282950279849,0.06255557074051749,0.14103381681028387,0.05594460609125727,0.06337118612642789,0.1411441635750925,0.0556799958001421,0.06278861450001372
2718.75,0.0,0.0,0.0,0.0,0.0,0.1413678489587636,0.05575552542321312,0.06293016165716665,0.1417902636804712,0.056085285181960105,0.0633647060796768,0.05607282950279849,0.06255557074051749,0.14103381681028387,0.05594460609125727,0.06337118612642789,0.1411441635750925,0.0556799958001421,0.06278861450001372
2726.5625,0.0,0.0,0.0,0.0,0.0,0.1413678489587636,0.05575552542321312,0.06293016165716665,0.1417902636804712,0.056085285181960105,0.0633647060796768,0.05607282950279849,0.06255557074051749,0.14103381681028387,0.05594460609125727,0.06337118612642789,0.1411441635750925,0.0556799958001421,0.06278861450001372
2734.375,0.0,0.0,0.0,0.0,0.0,0.1413678489587636,0.05575552542321312,0.06293016165716665,0.1417902636804712,0.056085285181960105,0.0633647060796768,0.05607282950279849,0.06255557074051749,0.14103381681028387,0.05594460609125727,0.06337118612642789,0.1411441635750925,0.0556799958001421,0.06278861450001372
2742.1875,0.0,0.0,0.0,0.0,0.0,0.1413678489587636,0.05575552542321312,0.06293016165716665,0.1417902636804712,0.056085285181960105,0.0633647060796768,0.05607282950279849,0.06255557074051749,0.14103381681028387,0.05594460609125727,0.06337118612642789,0.1411441635750925,0.0556799958001421,0.06278861450001372
2750.0,0.0,0.0,0.0,0.0,0.0,0.1413678489587636,0.05575552542321312,0.06293016165716665,0.1417902636804712,0.056085285181960105,0.0633647060796768,0.05607282950279849,0.06255557074051749,0.14103381681028387,0.05594460609125727,0.06337118612642789,0.1411441635750925,0.0556799958001421,0.06278861450001372
2757.8125,0.0,0.0,0.0,0.0,0.0,0.1413678489587636,0.05575552542321312,0.06293016165716665,0.1417902636804712,0.056085285181960105,0.0633647060796768,0.05607282950279849,0.06255557074051749,0.14103381681028387,0.05594460609125727,0.06337118612642789,0.1411441635750925,0.0556799958001421,0.06278861450001372
2765.625,0.0,0.0,0.0,0.0,0.0,0.1413678489587636,0.05575552542321312,0.06293016165716665,0.1417902636804712,0.056085285181960105,0.0633647060796768,0.05607282950279849,0.06255557074051749,0.14103381681028387,0.05594460609125727,0.06337118612642789,0.1411441635750925,0.0556799958001421,0.06278861450001372
2773.4375,0.0,0.0,0.0,0.0,0.0,0.1413678489587636,0.05575552542321312,0.06293016165716665,0.1417902636804712,0.056085285181960105,0.0633647060796768,0.05607282950279849,0.06255557074051749,0.14103381681028387,0.05594460609125727,0.06337118612642789,0.1411441635750925,0.0556799958001421,0.06278861450001372
2781.25,0.0,0.0,0.0,0.0,0.0,0.1413678489587636,0.05575552542321312,0.06293016165716665,0.1417902636804712,0.056085285181960105,0.0633647060796768,0.05607282950279849,0.06255557074051749,0.14103381681028387,0.05594460609125727,0.06337118612642789,0.1411441635750925,0.0556799958001421,0.06278861450001372
2789.0625,0.0,0.0,0.0,0.0,0.0,0.1413678489587636,0.05575552542321312,0.06293016165716665,0.1417902636804712,0.056085285181960105,0.0633647060796768,0.05607282950279849,0.06255557074051749,0.14103381681028387,0.05594460609125727,0.06337118612642789,0.1411441635750925,0.0556799958001421,0.06278861450001372
2796.875,0.0,0.0,0.0,0.0,0.0,0.1413678489587636,0.05575552542321312,0.06293016165716665,0.1417902636804712,0.056085285181960105,0.0633647060796768,0.05607282950279849,0.06255557074051749,0.14103381681028387,0.05594460609125727,0.06337118612642789,0.1411441635750925,0.0556799958001421,0.06278861450001372
2804.6875,0.0,0.0,0.0,0.0,0.0,0.1413678489587636,0.05575552542321312,0.06293016165716665,0.1417902636804712,0.056085285181960105,0.0633647060796768,0.05607282950279849,0.06255557074051749,0.14103381681028387,0.05594460609125727,0.06337118612642789,0.1411441635750925,0.0556799958001421,0.06278861450001372
2812.5,0.0,0.0,0.0,0.0,0.0,0.1413678489587636,0.05575552542321312,0.06293016165716665,0.1417902636804712,0.056085285181960105,0.0633647060796768,0.05607282950279849,0.06255557074051749,0.14103381681028387,0.05594460609125727,0.06337118612642789,0.1411441635750925,0.0556799958001421,0.06278861450001372
2820.3125,0.0,0.0,0.0,0.0,0.0,0.1413678489587636,0.05575552542321312,0.06293016165716665,0.1417902636804712,0.056085285181960105,0.0633647060796768,0.05607282950279849,0.06255557074051749,0.14103381681028387,0.05594460609125727,0.06337118612642789,0.1411441635750925,0.0556799958001421,0.06278861450001372
2828.125,0.0,0.0,0.0,0.0,0.0,0.1413678489587636,0.05575552542321312,0.06293016165716665,0.1417902636804712,0.056085285181960105,0.0633647060796768,0.05607282950279849,0.06255557074051749,0.14103381681028387,0.05594460609125727,0.06337118612642789,0.1411441635750925,0.0556799958001421,0.06278861450001372
2835.9375,0.0,0.0,0.0,0.0,0.0,0.1413678489587636,0.05575552542321312,0.06293016165716665,0.1417902636804712,0.056085285181960105,0.0633647060796768,0.05607282950279849,0.06255557074051749,0.14103381681028387,0.05594460609125727,0.06337118612642789,0.1411441635750925,0.0556799958001421,0.06278861450001372
2843.75,0.0,0.0,0.0,0.0,0.0,0.1413678489587636,0.05575552542321312,0.06293016165716665,0.1417902636804712,0.056085285181960105,0.0633647060796768,0.05607282950279849,0.06255557074051749,0.14103381681028387,0.05594460609125727,0.06337118612642789,0.1411441635750925,0.0556799958001421,0.06278861450001372
2851.5625,0.0,0.0,0.0,0.0,0.0,0.1413678489587636,0.05575552542321312,0.06293016165716665,0.1417902636804712,0.056085285181960105,0.0633647060796768,0.05607282950279849,0.06255557074051749,0.14103381681028387,0.05594460609125727,0.06337118612642789,0.1411441635750925,0.0556799958001421,0.06278861450001372
2859.375,0.0,0.0,0.0,0.0,0.0,0.1413678489587636,0.05575552542321312,0.06293016165716665,0.1417902636804712,0.056085285181960105,0.0633647060796768,0.05607282950279849,0.06255557074051749,0.14103381681028387,0.05594460609125727,0.06337118612642789,0.1411441635750925,0.0556799958001421,0.06278861450001372
2867.1875,0.0,0.0,0.0,0.0,0.0,0.1413678489587636,0.05575552542321312,0.06293016165716665,0.1417902636804712,0.056085285181960105,0.0633647060796768,0.05607282950279849,0.06255557074051749,0.14103381681028387,0.05594460609125727,0.06337118612642789,0.1411441635750925,0.0556799958001421,0.06278861450001372
2875.0,0.0,0.0,0.0,0.0,0.0,0.1413678489587636,0.05575552542321312,0.06293016165716665,0.1417902636804712,0.056085285181960105,0.0633647060796768,0.05607282950279849,0.06255557074051749,0.14103381681028387,0.05594460609125727,0.06337118612642789,0.1411441635750925,0.0556799958001421,0.06278861450001372
2882.8125,0.0,0.0,0.0,0.0,0.0,0.1413678489587636,0.05575552542321312,0.06293016165716665,0.1417902636804712,0.056085285181960105,0.0633647060796768,0.05607282950279849,0.06255557074051749,0.14103381681028387,0.05594460609125727,0.06337118612642789,0.1411441635750925,0.0556799958001421,0.06278861450001372
2890.625,0.0,0.0,0.0,0.0,0.0,0.1413678489587636,0.05575552542321312,0.06293016165716665,0.1417902636804712,0.056085285181960105,0.0633647060796768,0.05607282950279849,0.06255557074051749,0.14103381681028387,0.05594460609125727,0.06337118612642789,0.1411441635750925,0.0556799958001421,0.06278861450001372
2898.4375,0.0,0.0,0.0,0.0,0.0,0.1413678489587636,0.05575552542321312,0.06293016165716665,0.1417902636804712,0.056085285181960105,0.0633647060796768,0.05607282950279849,0.06255557074051749,0.14103381681028387,0.05594460609125727,0.06337118612642789,0.1411441635750925,0.0556799958001421,0.06278861450001372
2906.25,0.0,0.0,0.0,0.0,0.0,0.1413678489587636,0.05575552542321312,0.06293016165716665,0.1417902636804712,0.056085285181960105,0.0633647060796768,0.05607282950279849,0.06255557074051749,0.14103381681028387,0.05594460609125727,0.06337118612642789,0.1411441635750925,0.0556799958001421,0.06278861450001372
2914.0625,0.0,0.0,0.0,0.0,0.0,0.1413678489587636,0.05575552542321312,0.06293016165716665,0.1417902636804712,0.056085285181960105,0.0633647060796768,0.05607282950279849,0.06255557074051749,0.14103381681028387,0.05594460609125727,0.06337118612642789,0.1411441635750925,0.0556799958001421,0.06278861450001372
2921.875,0.0,0.0,0.0,0.0,0.0,0.1413678489587636,0.05575552542321312,0.06293016165716665,0.1417902636804712,0.056085285181960105,0.0633647060796768,0.05607282950279849,0.06255557074051749,0.14103381681028387,0.05594460609125727,0.06337118612642789,0.1411441635750925,0.0556799958001421,0.06278861450001372
2929.6875,0.0,0.0,0.0,0.0,0.0,0.1413678489587636,0.05575552542321312,0.06293016165716665,0.1417902636804712,0.056085285181960105,0.0633647060796768,0.05607282950279849,0.06255557074051749,0.14103381681028387,0.05594460609125727,0.06337118612642789,0.1411441635750925,0.0556799958001421,0.06278861450001372
2937.5,0.0,0.0,0.0,0.0,0.0,0.1413678489587636,0.05575552542321312,0.06293016165716665,0.1417902636804712,0.056085285181960105,0.0633647060796768,0.05607282950279849,0.06255557074051749,0.14103381681028387,0.05594460609125727,0.06337118612642789,0.1411441635750925,0.0556799958001421,0.06278861450001372
2945.3125,0.0,0.0,0.0,0.0,0.0,0.1413678489587636,0.05575552542321312,0.06293016165716665,0.1417902636804712,0.056085285181960105,0.0633647060796768,0.05607282950279849,0.06255557074051749,0.14103381681028387,0.05594460609125727,0.06337118612642789,0.1411441635750925,0.0556799958001421,0.06278861450001372
2953.125,0.0,0.0,0.0,0.0,0.0,0.1413678489587636,0.05575552542321312,0.06293016165716665,0.1417902636804712,0.056085285181960105,0.0633647060796768,0.05607282950279849,0.06255557074051749,0.14103381681028387,0.05594460609125727,0.06337118612642789,0.1411441635750925,0.0556799958001421,0.06278861450001372
2960.9375,0.0,0.0,0.0,0.0,0.0,0.1413678489587636,0.05575552542321312,0.06293016165716665,0.1417902636804712,0.056085285181960105,0.0633647060796768,0.05607282950279849,0.06255557074051749,0.14103381681028387,0.05594460609125727,0.06337118612642789,0.1411441635750925,0.0556799958001421,0.06278861450001372
2968.75,0.0,0.0,0.0,0.0,0.0,0.1413678489587636,0.05575552542321312,0.06293016165716665,0.1417902636804712,0.056085285181960105,0.0633647060796768,0.05607282950279849,0.06255557074051749,0.14103381681028387,0.05594460609125727,0.06337118612642789,0.1411441635750925,0.0556799958001421,0.06278861450001372
2976.5625,0.0,0.0,0.0,0.0,0.0,0.1413678489587636,0.05575552542321312,0.06293016165716665,0.1417902636804712,0.056085285181960105,0.0633647060796768,0.05607282950279849,0.06255557074051749,0.14103381681028387,0.05594460609125727,0.06337118612642789,0.1411441635750925,0.0556799958001421,0.06278861450001372
2984.375,0.0,0.0,0.0,0.0,0.0,0.1413678489587636,0.05575552542321312,0.06293016165716665,0.1417902636804712,0.056085285181960105,0.0633647060796768,0.05607282950279849,0.06255557074051749,0.14103381681028387,0.05594460609125727,0.06337118612642789,0.1411441635750925,0.0556799958001421,0.06278861450001372
2992.1875,0.0,0.0,0.0,0.0,0.0,0.1413678489587636,0.05575552542321312,0.06293016165716665,0.1417902636804712,0.056085285181960105,0.0633647060796768,0.05607282950279849,0.06255557074051749,0.14103381681028387,0.05594460609125727,0.06337118612642789,0.1411441635750925,0.0556799958001421,0.06278861450001372
